simulation_id,fuel,historical_log_return_sigma,noise_sigma,mean_loss,mean_abs_action,std_action,max_abs_action,large_adjustment_count_abs_ge_500,no_adjustment_count,direction_reversal_count,price_below_inventory_cost_count,mean_expectation_loss,mean_security_loss,mean_carry_abs
1,gasoline,0.06578724916238216,0.006578724916238216,0.05626072479067373,119.2223259943569,205.51667048721052,1307.1531810242868,5,87,28,39,0.1599342826944012,0.02262766665112586,131.14631288410936
2,gasoline,0.06578724916238216,0.006578724916238216,0.053477018166849834,114.06737930270832,197.58981885283725,1301.908078403856,4,86,27,41,0.13875850434354153,0.023252475936995202,134.7522152330462
3,gasoline,0.06578724916238216,0.006578724916238216,0.052372084448772956,115.99936100123924,201.85170135769138,1358.9506927087139,5,90,28,37,0.142490317991049,0.021403341134431205,130.12680700798722
4,gasoline,0.06578724916238216,0.006578724916238216,0.05386764854331758,113.21146772056225,196.56501036051955,1297.6956090375293,5,81,28,42,0.13519702770549957,0.02453215866078593,136.2905755952665
5,gasoline,0.06578724916238216,0.006578724916238216,0.058023103830915926,118.03118962731477,205.77748412297734,1328.4555640940773,7,86,29,44,0.1628256360149333,0.024528556880219266,133.54958036927923
6,gasoline,0.06578724916238216,0.006578724916238216,0.057249108460907985,117.92473795455018,205.69536474191366,1331.7995250484398,5,89,30,41,0.16486821485645678,0.02407027744704373,130.62943746213432
7,gasoline,0.06578724916238216,0.006578724916238216,0.05492662163123492,112.14645315643764,198.03906890063516,1329.9729883108669,5,87,28,43,0.13756250722652574,0.025949327830739742,135.11723370765552
8,gasoline,0.06578724916238216,0.006578724916238216,0.05172528307738526,114.19057222769466,197.43603243024222,1299.191153587817,4,87,27,40,0.13149127575316152,0.024083887145254616,130.50111891941103
9,gasoline,0.06578724916238216,0.006578724916238216,0.05703342706182401,119.77404998807924,209.18817788311,1334.781040542995,6,87,28,37,0.1702111781532511,0.021505869256951308,129.0766245513394
10,gasoline,0.06578724916238216,0.006578724916238216,0.05466450209843456,113.63412883096771,201.22229493647663,1364.0151945797847,4,89,27,41,0.14093018712216407,0.0250394795627953,133.37344008084062
11,gasoline,0.06578724916238216,0.006578724916238216,0.051664578867956806,114.67168538311127,199.3874399101927,1331.8896834065572,4,87,29,41,0.13410060236561888,0.023827451337023797,130.1144747537106
12,gasoline,0.06578724916238216,0.006578724916238216,0.05650172461303774,114.42669847983527,200.74485594542705,1293.355221963539,4,90,27,43,0.15012839782193269,0.02778254185751864,131.1733270217449
13,gasoline,0.06578724916238216,0.006578724916238216,0.05607633157825486,116.05786334176236,201.01411334016043,1276.6255062560135,4,90,27,41,0.1496444828392128,0.025995561943203807,132.228607983588
14,gasoline,0.06578724916238216,0.006578724916238216,0.0546083671744988,114.64838755281431,201.0766627051647,1289.8115093814115,5,86,32,42,0.14847770718543415,0.023628512955727533,130.83836947947802
15,gasoline,0.06578724916238216,0.006578724916238216,0.05452137128278322,116.0284720951965,203.26189610822783,1342.2208008036487,5,88,25,42,0.14886076014024271,0.02473021786020224,129.8343902093944
16,gasoline,0.06578724916238216,0.006578724916238216,0.05376733024167802,114.77905992621828,200.08204042915432,1368.9326774269816,4,87,30,40,0.14454615705065232,0.023819179294481897,131.55702295447225
17,gasoline,0.06578724916238216,0.006578724916238216,0.05612075619126872,117.835592681678,205.94454112421988,1311.3010869637183,7,89,29,40,0.16059532556229905,0.022767489376166843,130.36682716723405
18,gasoline,0.06578724916238216,0.006578724916238216,0.05408886138057647,116.86802221950879,205.45234166296328,1335.8083431025848,7,87,27,41,0.15160343193671072,0.021498255808571266,130.27189848126812
19,gasoline,0.06578724916238216,0.006578724916238216,0.054263936818282364,117.08527193917693,201.25207798138453,1305.1858932880298,4,88,28,41,0.1502099699396512,0.02323631612731086,131.01348833653847
20,gasoline,0.06578724916238216,0.006578724916238216,0.055332406260970225,118.84575567053933,206.13914618986595,1346.8486171140512,5,88,30,42,0.15091556368250822,0.02494229268384034,131.6126814382687
21,gasoline,0.06578724916238216,0.006578724916238216,0.059306204711856235,118.73432836977166,208.87187143033273,1355.0564580540831,7,90,30,42,0.16944361582699394,0.025790381660892325,131.9681282453075
22,gasoline,0.06578724916238216,0.006578724916238216,0.054495586285986546,116.12055231268201,203.67169368717097,1279.677325378154,7,85,27,40,0.14776620804357,0.023128202359383416,132.61619610861584
23,gasoline,0.06578724916238216,0.006578724916238216,0.054032552488692126,114.36531858011723,201.06407712817284,1354.358034926186,4,93,26,41,0.14463978214145956,0.022914710216741997,133.88245987046372
24,gasoline,0.06578724916238216,0.006578724916238216,0.05404270242372085,113.18971647256947,200.33204817197125,1327.2870765078906,6,88,28,42,0.1412199045675149,0.022789333798317005,136.3077252428745
25,gasoline,0.06578724916238216,0.006578724916238216,0.05392623848776404,113.98796297428737,200.9061187206788,1355.0707232826448,5,86,30,42,0.14278732167109554,0.02377786365938169,132.16349758339345
26,gasoline,0.06578724916238216,0.006578724916238216,0.053488157530470516,116.52148595924312,201.46376648961527,1378.4047444414878,5,89,27,38,0.14827995676492609,0.02133926213051179,131.19974513198423
27,gasoline,0.06578724916238216,0.006578724916238216,0.058010071319108125,118.41216012830814,205.69208700538084,1342.5333752186311,5,89,27,41,0.16144026557576807,0.02550907317810669,131.0979921517271
28,gasoline,0.06578724916238216,0.006578724916238216,0.05565076165411489,113.60342854565603,203.5119625638659,1311.628661860457,6,92,26,41,0.1588892807599061,0.02164540917435428,132.1135326987088
29,gasoline,0.06578724916238216,0.006578724916238216,0.055580952112687446,113.24333786295496,200.36277567611273,1320.5917501854024,5,92,25,41,0.14763002224873034,0.025584690794425935,132.249909784093
30,gasoline,0.06578724916238216,0.006578724916238216,0.05425409752937575,115.79984063552158,203.71879253356698,1334.5221910522514,5,96,27,39,0.15243361969250985,0.022865560515651664,128.85199597641068
31,gasoline,0.06578724916238216,0.006578724916238216,0.05356022292943898,113.09758890513072,201.78260352361022,1388.7968932294796,6,90,30,40,0.14187180293357593,0.024290933022752467,129.99719133155327
32,gasoline,0.06578724916238216,0.006578724916238216,0.05683294088056367,120.24765605195299,207.15020018675787,1300.2982205766095,6,87,28,41,0.16233214915205946,0.023623047515344102,130.75240262136037
33,gasoline,0.06578724916238216,0.006578724916238216,0.05260077984912294,111.80112848360918,199.84091658242974,1341.1317692198002,5,92,25,39,0.13750933429058315,0.022645903989018574,134.84237811021225
34,gasoline,0.06578724916238216,0.006578724916238216,0.05469707338987834,115.33307497420195,206.53295761387213,1385.800231467656,5,92,27,39,0.15762545705580386,0.02163224761742718,128.8736669624798
35,gasoline,0.06578724916238216,0.006578724916238216,0.0538849637830022,116.2320249119876,204.18694814017337,1348.5690217798742,5,93,29,39,0.14783932849067632,0.022362271492088047,131.47506811591202
36,gasoline,0.06578724916238216,0.006578724916238216,0.050947064468188204,112.84368768681634,197.89413172559392,1296.5857814314766,6,86,27,40,0.1246101005683677,0.023963387898984032,132.6714082227427
37,gasoline,0.06578724916238216,0.006578724916238216,0.05237681593419553,115.20845491860545,199.1477751300338,1306.2240209904362,4,88,31,40,0.13381070387035313,0.024144268992311743,132.0361564658823
38,gasoline,0.06578724916238216,0.006578724916238216,0.05070440714730275,113.43366502484179,199.76506787340728,1297.692140023218,6,88,29,38,0.1334101693076585,0.021478221596174376,131.29591350577067
39,gasoline,0.06578724916238216,0.006578724916238216,0.05321694922686429,114.04296688619674,197.56091761370993,1289.520003633581,5,88,29,42,0.13988166014511536,0.02406713740537622,131.51578955459226
40,gasoline,0.06578724916238216,0.006578724916238216,0.05568178552315283,113.37748904838111,199.6189096867411,1294.9003712091717,4,91,28,40,0.15071543679812355,0.023811163246523305,134.40121134267469
41,gasoline,0.06578724916238216,0.006578724916238216,0.05449603573213638,114.1930589875851,201.5310673089946,1362.0533209779805,4,90,27,41,0.1478240043603296,0.023595321898936938,130.76635794986313
42,gasoline,0.06578724916238216,0.006578724916238216,0.05518700794486896,117.19105696623105,202.86089069355063,1304.766142966012,6,87,29,39,0.15413092794757494,0.023359027959118716,130.2111981220576
43,gasoline,0.06578724916238216,0.006578724916238216,0.055514960888826785,118.36742771605826,204.59182224994822,1306.9563913594884,6,85,30,42,0.1541219296415006,0.022302005373708158,132.6653951283947
44,gasoline,0.06578724916238216,0.006578724916238216,0.05597914415287276,116.50496382419098,203.37752899100528,1368.7633154889859,6,87,28,39,0.15547185239546546,0.021775977506888235,134.93632971005783
45,gasoline,0.06578724916238216,0.006578724916238216,0.05421637815477433,116.38202428088044,200.36308201308464,1311.851879673687,4,85,28,38,0.1470617242892815,0.021641331945277443,130.39021602514728
46,gasoline,0.06578724916238216,0.006578724916238216,0.05349714006844037,114.14450763982695,199.30485403311638,1282.4094235886523,4,89,29,43,0.13520747521584048,0.02587202194161298,133.4424778837197
47,gasoline,0.06578724916238216,0.006578724916238216,0.05339986531917203,113.91147926338923,200.6154753188689,1305.2718883516495,4,86,28,39,0.14337744711001385,0.023319948991923897,130.82140602407512
48,gasoline,0.06578724916238216,0.006578724916238216,0.0533368655926597,117.97750968618311,203.01319639509754,1329.9827156834235,6,84,30,38,0.14692302010457747,0.02145564153410958,131.37454375850797
49,gasoline,0.06578724916238216,0.006578724916238216,0.05782959929166378,117.98375807608332,207.6707765962946,1312.6981162147113,5,92,31,42,0.16880289458462602,0.02370012061703016,130.5582882944993
50,gasoline,0.06578724916238216,0.006578724916238216,0.052578644713778135,109.94612077698883,197.9400069101159,1280.481635517616,4,94,29,42,0.13524940989129855,0.023893563079461853,132.40325058742295
51,gasoline,0.06578724916238216,0.006578724916238216,0.05537080204751609,121.0589315908584,206.11988629233133,1290.99775886599,4,91,32,39,0.1557007541058411,0.024689259624589618,129.12592907130073
52,gasoline,0.06578724916238216,0.006578724916238216,0.05278915410880323,111.76455799894983,199.10053676483952,1349.8760304489508,4,89,27,42,0.1401053815846359,0.022608575646869605,132.62319847919326
53,gasoline,0.06578724916238216,0.006578724916238216,0.05658183405159887,116.45827114616826,203.4091921654445,1370.2431000218228,5,88,30,40,0.1586442834839677,0.022355638916040775,135.18452176756387
54,gasoline,0.06578724916238216,0.006578724916238216,0.05917565008858498,116.69004904998488,204.5081777817434,1309.838524745299,6,90,28,41,0.17098739674424387,0.025305405637692343,129.59014827885835
55,gasoline,0.06578724916238216,0.006578724916238216,0.0568107281279617,114.9407860643613,204.88401766624227,1320.9916956550755,5,92,26,40,0.1654427354855059,0.022641639292563305,130.42047392894642
56,gasoline,0.06578724916238216,0.006578724916238216,0.0541529823290077,116.01288747193986,202.46821915118682,1319.5083331156234,4,89,29,38,0.15005086288766606,0.020761940834224,133.33156519124427
57,gasoline,0.06578724916238216,0.006578724916238216,0.05374190670742282,115.8173448601828,201.16242912167027,1332.5733055513515,5,89,25,40,0.1401446344891584,0.023093871613291614,134.97255447086198
58,gasoline,0.06578724916238216,0.006578724916238216,0.05573800050620962,112.87423414129269,201.27393193506865,1301.2094842802694,7,87,26,40,0.15442519640558658,0.02311508180950298,133.0742419735391
59,gasoline,0.06578724916238216,0.006578724916238216,0.05107329691894493,114.8039639091288,199.32261722721773,1316.3893820118612,5,87,28,40,0.13159954866541912,0.020706225005861903,135.28800673579374
60,gasoline,0.06578724916238216,0.006578724916238216,0.05478142779053743,114.34452383805642,200.32835163869618,1297.710182084535,5,88,24,40,0.14822011557255496,0.023113101494078404,135.01194539517593
61,gasoline,0.06578724916238216,0.006578724916238216,0.05872739817861484,114.09040130143936,205.33314968119672,1308.3130856994244,7,92,27,41,0.16679395366588884,0.024486293781638527,132.13314967659684
62,gasoline,0.06578724916238216,0.006578724916238216,0.05415292089534468,114.7537280330624,200.5013020924234,1295.3839271714774,6,91,27,39,0.14779993535906377,0.02309223921862616,130.3326966236181
63,gasoline,0.06578724916238216,0.006578724916238216,0.05355529751924428,115.33969993903727,200.17866600320437,1293.8810598978607,5,84,30,40,0.14387413924337364,0.022081067284816746,132.56788467825953
64,gasoline,0.06578724916238216,0.006578724916238216,0.05655360446972238,114.6650000936236,201.24933373659115,1269.8230925055855,5,90,25,41,0.15494483109717694,0.022684985744100116,136.36712342841645
65,gasoline,0.06578724916238216,0.006578724916238216,0.05176095251829451,114.55859398696899,198.429247536033,1349.913606978792,5,87,28,40,0.1407398825064673,0.021309218322119416,128.30631576217937
66,gasoline,0.06578724916238216,0.006578724916238216,0.053855405624114575,116.67293370935323,201.6502023206472,1283.826441055949,5,89,27,40,0.15085896844555047,0.022851537850990856,128.91359264106922
67,gasoline,0.06578724916238216,0.006578724916238216,0.05297146145118429,117.23141220448134,201.2377419508509,1299.718667738064,5,82,28,41,0.14368964497738312,0.020856067410540993,134.24223888656982
68,gasoline,0.06578724916238216,0.006578724916238216,0.054961512406057116,115.27843367226004,201.47785916022903,1352.7920110137572,5,86,27,40,0.14760453841056165,0.0231539740386468,136.0619520790075
69,gasoline,0.06578724916238216,0.006578724916238216,0.05298861407852655,113.91361428231987,197.50167813408507,1344.5948208223413,4,82,30,41,0.1343478276087838,0.023602977525362123,134.87764087489722
70,gasoline,0.06578724916238216,0.006578724916238216,0.05592176221074986,115.39660009997787,206.14682359790942,1375.5492781480123,5,91,27,41,0.1569868047474294,0.024363430412885315,128.06026536247649
71,gasoline,0.06578724916238216,0.006578724916238216,0.05178241396811061,116.97998355681221,202.85927031776103,1288.9755070411625,6,90,27,38,0.1452252037059272,0.018384037174556007,131.64114969900925
72,gasoline,0.06578724916238216,0.006578724916238216,0.054277858947764226,118.68957264112541,204.66283643915108,1346.2200475256977,5,88,27,42,0.14996250106453876,0.02336455490683433,128.81341818126714
73,gasoline,0.06578724916238216,0.006578724916238216,0.05652280245982876,120.18015473439962,206.5145553991666,1274.2937691927636,6,87,30,40,0.16499223297282253,0.022337140684777,128.135898384253
74,gasoline,0.06578724916238216,0.006578724916238216,0.05527948887674974,118.25597250746554,204.43044630214843,1342.3313785562063,6,87,30,38,0.16157994233444056,0.0213498852729027,129.08875553647903
75,gasoline,0.06578724916238216,0.006578724916238216,0.055229176334268056,113.5921315858073,200.74740171091037,1303.2319591893352,6,87,24,42,0.15304597666148836,0.022152614292576995,132.93041639355198
76,gasoline,0.06578724916238216,0.006578724916238216,0.05496083373510935,115.77085551868794,201.17914760806715,1310.2820112977543,6,86,30,41,0.14740184243424329,0.02356129981132675,134.1105760004445
77,gasoline,0.06578724916238216,0.006578724916238216,0.05492790891798288,116.48345089789979,202.7297958373017,1331.2133005671867,4,89,27,43,0.1475295795629528,0.0242663329512094,133.77481184601564
78,gasoline,0.06578724916238216,0.006578724916238216,0.057358188579988256,118.49447498576696,205.79489642606174,1305.4402778504177,5,89,29,41,0.16373179181764277,0.025268213141157368,130.15031690477298
79,gasoline,0.06578724916238216,0.006578724916238216,0.05378309120097574,116.157494024345,202.25354530112187,1381.2587899951284,4,83,28,40,0.1466477007821836,0.02204974072138104,132.35821213213742
80,gasoline,0.06578724916238216,0.006578724916238216,0.06034699230304458,116.6742491338299,205.8001285512945,1305.6640709586916,4,92,27,42,0.1657142396645823,0.025386841207740627,138.47244073771935
81,gasoline,0.06578724916238216,0.006578724916238216,0.05297759705212849,113.44081229516325,198.5935967403617,1298.904389174836,6,84,28,39,0.14084188449553633,0.021586746783244938,132.87012662441856
82,gasoline,0.06578724916238216,0.006578724916238216,0.051756520467278924,112.61216674035929,198.17719437299016,1312.047150502915,5,92,29,40,0.12787209884729162,0.025845978650093623,129.58920936535418
83,gasoline,0.06578724916238216,0.006578724916238216,0.053084642283989424,113.83400850117297,197.49179210457336,1287.9156481586983,4,87,29,41,0.1327375032762591,0.02358418839364215,136.78094685702038
84,gasoline,0.06578724916238216,0.006578724916238216,0.053627813009540046,114.7332827194593,200.91136402963596,1317.076965217535,6,88,28,39,0.13958512449133065,0.02263343971662283,134.18838493166905
85,gasoline,0.06578724916238216,0.006578724916238216,0.05769847990806368,119.158534945869,208.20411966412468,1307.3799322036461,6,89,29,40,0.16884667097839676,0.0228191955636353,131.50525022629532
86,gasoline,0.06578724916238216,0.006578724916238216,0.05067030524317929,114.92037263698494,200.0282094533901,1344.8590659158062,5,87,27,38,0.13159257110133932,0.020765868903225473,133.56359655170397
87,gasoline,0.06578724916238216,0.006578724916238216,0.056459395978982155,115.61647180547335,204.37861168370694,1292.159817046615,6,91,28,41,0.16214727681011756,0.022518670820417013,131.07316362704478
88,gasoline,0.06578724916238216,0.006578724916238216,0.05454042578107195,116.7542137741017,202.10231326799916,1273.7599143402786,5,88,30,40,0.15239738224208008,0.02331220648716885,127.43962275239602
89,gasoline,0.06578724916238216,0.006578724916238216,0.0519410062027708,113.20243253141697,198.6233887383174,1301.6244226148142,5,90,30,39,0.14143621558884584,0.021196156510517893,130.83974957234568
90,gasoline,0.06578724916238216,0.006578724916238216,0.056517763969071044,119.84205866481378,208.18493909034106,1348.7073410387866,6,88,29,41,0.16630542493481326,0.022843408327823972,127.25005397962963
91,gasoline,0.06578724916238216,0.006578724916238216,0.05337339417977667,111.68446071793886,196.88068865876195,1303.9701076764052,5,87,29,44,0.13205117729817362,0.025828705667955837,134.12450241158058
92,gasoline,0.06578724916238216,0.006578724916238216,0.05701141128923604,118.35699317711351,207.6110435339837,1339.035762067671,6,90,30,41,0.16533543721022118,0.02344061174753032,128.42818232031988
93,gasoline,0.06578724916238216,0.006578724916238216,0.05509145818406964,117.95618872931288,205.34947343875834,1298.0289531341227,5,94,27,41,0.15945710718380718,0.021555029093964735,130.11815315210248
94,gasoline,0.06578724916238216,0.006578724916238216,0.05208441672898521,115.410104984283,198.93275159144164,1347.982398959593,5,78,25,39,0.13239891668715123,0.02248738717970454,134.49628111582274
95,gasoline,0.06578724916238216,0.006578724916238216,0.05178341406633752,112.69021956870267,198.5001005935758,1288.9810657508547,4,92,28,39,0.1359363860201089,0.023081932284511827,129.57768042064743
96,gasoline,0.06578724916238216,0.006578724916238216,0.05219434183844319,112.96055945759386,201.23355052048598,1318.3355295411525,5,89,25,41,0.14063423631538283,0.023073743006279165,129.06116544344516
97,gasoline,0.06578724916238216,0.006578724916238216,0.05212601154037585,110.75384887494361,197.67375780400425,1256.7249391346493,4,93,27,37,0.1374374477773498,0.022836847482212888,131.0148541139912
98,gasoline,0.06578724916238216,0.006578724916238216,0.05680619967144853,119.53142362950278,206.85457755859662,1338.225087889467,4,89,27,40,0.16144439704859675,0.024456660404207495,130.16296641874436
99,gasoline,0.06578724916238216,0.006578724916238216,0.057339612812264365,115.6614681285804,203.66946295832247,1365.683259125427,5,90,27,43,0.1571103489233649,0.024779064612422356,134.19023247299907
100,gasoline,0.06578724916238216,0.006578724916238216,0.050479212956794015,114.17175544887996,199.05359599456773,1305.8124928076463,5,88,25,40,0.1271638431686036,0.023800288813478048,129.53286960074186
101,gasoline,0.06578724916238216,0.006578724916238216,0.05662249158545159,117.51286792021011,205.52326894479097,1360.632480267394,4,88,29,42,0.15813845458266113,0.023901048847849587,133.48362291734023
102,gasoline,0.06578724916238216,0.006578724916238216,0.058903258788689315,118.18049219707547,207.68011773762873,1330.6369495249278,5,88,29,42,0.17209060514675564,0.02432683254964368,131.79345802822746
103,gasoline,0.06578724916238216,0.006578724916238216,0.052931376925729794,113.83239966618709,198.43042126278428,1352.7446790473227,4,87,28,42,0.1402677715921846,0.023524785276439374,132.30211688353668
104,gasoline,0.06578724916238216,0.006578724916238216,0.05760823344449255,116.3720167114336,204.89669061205967,1263.8085374281898,6,92,25,40,0.16366859643831538,0.0238964880047505,133.29128585661198
105,gasoline,0.06578724916238216,0.006578724916238216,0.05426078618425243,113.90825708018325,199.85933543606507,1290.7830235609867,5,85,29,41,0.13712945200805346,0.02514369863451432,136.42575586696847
106,gasoline,0.06578724916238216,0.006578724916238216,0.05649007553332896,114.42947618982168,202.01195111972498,1318.6942285875352,6,90,28,43,0.1518047744485417,0.025391603674870426,131.91083554359116
107,gasoline,0.06578724916238216,0.006578724916238216,0.05567531948422145,115.92860785202043,201.89782811908046,1350.2059794719617,5,88,26,42,0.14730294832616964,0.024300163310613333,134.80843071444897
108,gasoline,0.06578724916238216,0.006578724916238216,0.05689352406077568,117.70167438075066,204.22774602209142,1320.7798782231955,5,86,28,43,0.15280094829348753,0.024960312666392374,133.31857852198635
109,gasoline,0.06578724916238216,0.006578724916238216,0.05397262110170971,117.90173954758073,204.62458920946256,1252.4029786607316,6,87,31,42,0.15080927054921012,0.02396070582698702,125.97429571741759
110,gasoline,0.06578724916238216,0.006578724916238216,0.054292236198953514,118.10902893470092,202.50010725715535,1322.7715458502921,4,86,32,39,0.1542801635459904,0.02179382634003062,130.0203317249946
111,gasoline,0.06578724916238216,0.006578724916238216,0.05316412733609094,114.26684673110401,200.18405613257173,1353.190198945106,4,88,29,41,0.13815004417265528,0.024346613146374863,131.69481339415495
112,gasoline,0.06578724916238216,0.006578724916238216,0.05473840802656061,113.70656514284642,200.84354901896356,1287.1625983422562,6,90,25,42,0.14659883727060438,0.023510198915044304,131.53216903103515
113,gasoline,0.06578724916238216,0.006578724916238216,0.05343799575874256,112.50994998464837,197.73118286740953,1353.7366120536465,5,88,28,44,0.13752392807067412,0.026104429164383113,131.79129673179833
114,gasoline,0.06578724916238216,0.006578724916238216,0.05373030470986036,114.00994901045539,200.57143979512117,1285.5278136838308,6,91,29,42,0.1405109265143106,0.023702424267220717,132.59552413596816
115,gasoline,0.06578724916238216,0.006578724916238216,0.05698380946726852,120.44193553066725,206.92629682188252,1381.3704736247942,5,87,30,38,0.16724295558042307,0.02140337604741311,130.43888911186997
116,gasoline,0.06578724916238216,0.006578724916238216,0.055447114370955244,119.69625159210463,205.1532416305331,1287.0894746487288,5,83,29,43,0.1493005968113895,0.02528331338275974,130.47705446202337
117,gasoline,0.06578724916238216,0.006578724916238216,0.051758692315315574,113.20854959125037,198.31272130557687,1319.6734520585053,4,91,26,40,0.13174323311045186,0.0233425836296116,133.18671720185012
118,gasoline,0.06578724916238216,0.006578724916238216,0.057467238311314596,114.40162648215872,206.00210890063798,1346.3799011811611,5,95,26,41,0.16338985758873656,0.024475961206370044,128.66653092033968
119,gasoline,0.06578724916238216,0.006578724916238216,0.053244324731305304,112.75614714707619,198.82111699203736,1317.7974639170245,6,89,25,40,0.13089633485401056,0.02526010702947956,134.86895692405517
120,gasoline,0.06578724916238216,0.006578724916238216,0.052389719329474664,113.67460601841684,198.7160552915382,1317.0090495849372,6,85,28,41,0.13810554442768747,0.022890687702083773,129.62351254570393
121,gasoline,0.06578724916238216,0.006578724916238216,0.055419557058892434,113.91050040800376,201.43430996525825,1325.2106637721245,4,90,28,40,0.14812047329897166,0.025731155710421384,132.74411634322544
122,gasoline,0.06578724916238216,0.006578724916238216,0.05660910168972357,118.16459489398531,205.8289608154849,1327.5572352153215,6,87,28,42,0.15915189567749283,0.024780852925070054,131.21306408105363
123,gasoline,0.06578724916238216,0.006578724916238216,0.05870401837335264,118.18926467785215,206.87591310822756,1384.532380421877,5,92,25,42,0.17118069951756912,0.027015789911434336,127.23266653563641
124,gasoline,0.06578724916238216,0.006578724916238216,0.05147031623362162,115.85331869775696,199.216680682218,1298.347726967698,4,88,30,40,0.13599410098043765,0.02226006532458429,130.37378861723195
125,gasoline,0.06578724916238216,0.006578724916238216,0.05329927217236012,112.96946001006037,198.83919593221583,1326.9209563598474,5,85,26,42,0.14130252309833707,0.02323985237455398,131.256142461313
126,gasoline,0.06578724916238216,0.006578724916238216,0.05681898388487865,115.94609011837669,204.12643885503854,1323.1883424894363,6,91,28,40,0.1593240164492027,0.02470255431364074,131.4166795886352
127,gasoline,0.06578724916238216,0.006578724916238216,0.05497031876642253,114.2305665531477,201.1407378497282,1308.142848579741,5,87,28,42,0.14898168677997548,0.024681212594488425,131.85636136767417
128,gasoline,0.06578724916238216,0.006578724916238216,0.05576064347863228,113.65604899601247,203.84312816491322,1299.0493592548037,8,90,25,42,0.15125361492251968,0.024767509991076082,131.9619127940671
129,gasoline,0.06578724916238216,0.006578724916238216,0.05692488256828041,117.11251924286658,202.11860117463786,1290.6167343789702,6,84,30,43,0.15403063251976268,0.02497404190608635,134.60763079834152
130,gasoline,0.06578724916238216,0.006578724916238216,0.05155227211236075,114.77337540467802,200.6458454024357,1322.5274152613767,5,88,27,40,0.1398371613772759,0.020785836502926848,130.1670634140058
131,gasoline,0.06578724916238216,0.006578724916238216,0.055394548034101154,118.82165919946476,203.84743709823442,1304.6328427355875,5,84,30,40,0.15362469924707006,0.024850249308726268,129.7223797289891
132,gasoline,0.06578724916238216,0.006578724916238216,0.05562175293110586,120.70266649056038,204.95581418185063,1331.1458748141042,6,83,30,39,0.15886480389748106,0.0220705204674824,130.59613123645474
133,gasoline,0.06578724916238216,0.006578724916238216,0.053567196962409254,113.55557776761376,200.72933822062132,1290.91272666742,7,89,27,43,0.1405288009388901,0.02334709956908644,133.57062879386885
134,gasoline,0.06578724916238216,0.006578724916238216,0.055628073400891244,117.63383999052374,206.58258560795343,1304.3609496766394,5,93,25,40,0.16051151957016047,0.02459776242869869,126.16640216486074
135,gasoline,0.06578724916238216,0.006578724916238216,0.055871956956056755,110.85491121839827,201.1289209610099,1350.5948796981702,5,92,26,43,0.14652697417017368,0.026134313775391417,133.12974290364664
136,gasoline,0.06578724916238216,0.006578724916238216,0.05391981137236545,115.10859936017269,202.72095083808813,1322.9733547703377,5,92,28,39,0.14570307821091627,0.023270057904665985,131.7211976108014
137,gasoline,0.06578724916238216,0.006578724916238216,0.054075595835281515,116.90026640651777,203.24506817466076,1286.123140818106,7,89,29,41,0.15185045068975667,0.02340614700926456,126.88404940562259
138,gasoline,0.06578724916238216,0.006578724916238216,0.05639916016708558,116.95471439573949,204.21132590675379,1348.3105748023672,5,88,28,41,0.1607713800196061,0.024101346220650716,129.40720213252658
139,gasoline,0.06578724916238216,0.006578724916238216,0.052818110305853344,116.24371944687806,201.81476813590984,1372.9579509658597,5,85,29,40,0.14120500150493434,0.023205323178292672,131.36570890586614
140,gasoline,0.06578724916238216,0.006578724916238216,0.05250230294587169,113.37594605645172,199.8408182890648,1356.0105105479372,5,89,27,39,0.14226273488762975,0.022691255226943846,129.29437985135158
141,gasoline,0.06578724916238216,0.006578724916238216,0.05575262836242386,116.5820550577689,202.71062635867975,1300.5994662756937,5,90,30,43,0.1530738288160137,0.025545236148638777,130.17875103893041
142,gasoline,0.06578724916238216,0.006578724916238216,0.055532992733485394,116.15096871132592,205.2125301217943,1363.8203101924798,7,86,28,43,0.1534064526734963,0.0235202363283179,131.08822833456279
143,gasoline,0.06578724916238216,0.006578724916238216,0.05675827202515382,114.40640602886593,203.77631908841983,1296.2387679103808,6,92,27,42,0.16040839034614213,0.02381531886002435,130.7832869128146
144,gasoline,0.06578724916238216,0.006578724916238216,0.05104077648710535,114.89316910297254,199.61821878395418,1321.7330945138765,4,89,28,40,0.13738086011047806,0.02199667415152586,129.21561300325695
145,gasoline,0.06578724916238216,0.006578724916238216,0.05572911324770095,112.96957157055346,202.2200867043356,1366.423244907702,6,93,27,43,0.14562091043178937,0.026371207885924664,131.95200790914706
146,gasoline,0.06578724916238216,0.006578724916238216,0.05517543772739939,114.23508008609069,199.3829204806108,1309.152236230631,5,85,27,43,0.1432652363413799,0.024302947185222433,136.82365484675677
147,gasoline,0.06578724916238216,0.006578724916238216,0.05216376260946978,115.00188062835961,200.38811457836178,1279.0850575154193,4,89,29,42,0.14052468021278997,0.02305493421158838,128.94861548276668
148,gasoline,0.06578724916238216,0.006578724916238216,0.05428431100797416,118.23031677619733,205.49787759139065,1328.4243699066228,4,89,29,42,0.1517196908092605,0.022502303740180415,129.089078446975
149,gasoline,0.06578724916238216,0.006578724916238216,0.05321299437666036,113.94973602551043,197.71728963604343,1363.6180344587506,4,86,26,43,0.1369954066869076,0.02430690829080928,134.01275527751721
150,gasoline,0.06578724916238216,0.006578724916238216,0.05326094808158611,111.73048143088421,197.56571717622376,1358.73118086245,4,88,27,41,0.1349944368300639,0.023350418774051813,135.06918169955975
151,gasoline,0.06578724916238216,0.006578724916238216,0.05688891767066643,115.76840658944734,204.707105212181,1319.7339511635505,5,92,26,42,0.15468829808342321,0.024677757718032104,134.6158609481514
152,gasoline,0.06578724916238216,0.006578724916238216,0.05048063810961986,112.84530918040517,195.74365959824684,1308.3788759916551,4,86,29,40,0.12979699735686315,0.021635007061015718,132.2031425832025
153,gasoline,0.06578724916238216,0.006578724916238216,0.05130640656145588,113.41259459474992,198.82524772994668,1369.329066381508,4,87,28,40,0.1353182054768904,0.023680721207078176,126.90728878114525
154,gasoline,0.06578724916238216,0.006578724916238216,0.053759025264122184,114.80047011100437,203.0479441279579,1324.3903722914158,6,93,30,39,0.14998248141336185,0.022626381260512862,127.84553490927068
155,gasoline,0.06578724916238216,0.006578724916238216,0.05091463409787092,115.63325405629774,199.21640239041218,1232.9711864627639,4,89,25,39,0.13166513482118308,0.021836563420866022,132.4375643512416
156,gasoline,0.06578724916238216,0.006578724916238216,0.05730174009277306,119.42301998709176,209.44802252479985,1354.6750552298215,6,88,30,38,0.17069575869702547,0.022470313134629983,128.76323500832797
157,gasoline,0.06578724916238216,0.006578724916238216,0.05475375390324721,115.65842844527249,204.32489129212638,1328.9401077329026,7,93,25,40,0.15148214732127216,0.02372223466907159,129.3732725013708
158,gasoline,0.06578724916238216,0.006578724916238216,0.05543546315474561,119.2022044514228,207.9591103961144,1291.1193294495733,5,90,29,41,0.16061065953841877,0.023879418190137062,126.19391903358006
159,gasoline,0.06578724916238216,0.006578724916238216,0.05461589586844855,112.23387775890069,197.85856786350513,1289.0493381575538,5,91,28,41,0.14445991815053957,0.024834388200718958,133.0837110533856
160,gasoline,0.06578724916238216,0.006578724916238216,0.055293146406610115,116.36631950926429,201.87964982361194,1279.592564933371,4,91,28,41,0.15007553379919988,0.024922619323882532,131.9864256003401
161,gasoline,0.06578724916238216,0.006578724916238216,0.05636577209228346,120.41858119315938,204.96698819413683,1275.5434666869091,5,86,31,41,0.1573009296161438,0.02485237286447295,130.86010711969152
162,gasoline,0.06578724916238216,0.006578724916238216,0.05778944184215435,116.24354345530017,205.02759272420437,1298.6237576181718,6,91,30,41,0.16185165432722076,0.0253488817871143,132.43780240859934
163,gasoline,0.06578724916238216,0.006578724916238216,0.05428800495487701,113.58096339832359,199.33976328573044,1327.4048465688431,4,89,28,42,0.1465332066287915,0.023547066440943,131.93243962744583
164,gasoline,0.06578724916238216,0.006578724916238216,0.05282719499727693,115.35710083160414,199.20390619288546,1332.0105631508197,5,87,28,41,0.13747499721209133,0.024051968443985015,131.70353496026323
165,gasoline,0.06578724916238216,0.006578724916238216,0.05393147797802185,112.33203965172906,198.83004590995677,1324.2230634351959,5,86,30,43,0.13710407984005618,0.02520173534577933,133.6463558082627
166,gasoline,0.06578724916238216,0.006578724916238216,0.054214772564382036,114.05847137528443,201.84856471357273,1378.6398745158588,4,91,25,42,0.15029232463254005,0.022788633049124627,131.13286795422258
167,gasoline,0.06578724916238216,0.006578724916238216,0.05458701080612807,115.7826943318528,203.47164336882875,1309.1020927956897,4,93,25,40,0.15366399334002082,0.023678107984891943,128.90180374287993
168,gasoline,0.06578724916238216,0.006578724916238216,0.057417540412730866,114.44853085387177,205.6642299720795,1262.924300250771,6,94,24,43,0.16498494449541246,0.022930785497376708,131.94952533294307
169,gasoline,0.06578724916238216,0.006578724916238216,0.05577014403897765,115.55476488022745,204.06896104680726,1309.6858924531916,7,90,27,43,0.15431041415933341,0.024771042644447388,129.75108985839003
170,gasoline,0.06578724916238216,0.006578724916238216,0.055154518325548525,117.1004564698095,202.23528083552813,1362.3580827605135,4,84,30,41,0.14484034295994921,0.024982282012679668,131.7729044358189
171,gasoline,0.06578724916238216,0.006578724916238216,0.05697878520171009,118.16403273832579,205.1715469177127,1325.0344086984564,5,89,26,41,0.1570022245403534,0.025428299895635633,131.3313856408334
172,gasoline,0.06578724916238216,0.006578724916238216,0.055338902508714975,117.25994888936344,205.00384540564602,1329.3523130285257,5,85,27,40,0.1554667349370693,0.022986169278242482,130.81707122559476
173,gasoline,0.06578724916238216,0.006578724916238216,0.05711073000413135,116.62687942935143,204.38744403995682,1343.091355876905,5,85,29,42,0.15616611079992462,0.024767976011905876,133.90726652213945
174,gasoline,0.06578724916238216,0.006578724916238216,0.055769507687619874,118.07207356186264,207.47822326089135,1333.8124067801696,5,91,29,39,0.16480318302657157,0.02251596622355919,127.57702504761883
175,gasoline,0.06578724916238216,0.006578724916238216,0.05335407245851496,114.33924756004211,201.36416555199628,1319.2641536295725,5,92,26,42,0.1417170616557899,0.023166094713095765,133.18723738177414
176,gasoline,0.06578724916238216,0.006578724916238216,0.059465009281683245,122.33284295219958,209.89014116782127,1241.5351218976052,6,89,28,41,0.17785439889550092,0.023921966795637566,129.840670416629
177,gasoline,0.06578724916238216,0.006578724916238216,0.054778901490723564,116.25384112121881,202.3347608238233,1309.696617386233,5,85,28,41,0.15224514631944658,0.024105401523315653,130.1133495763832
178,gasoline,0.06578724916238216,0.006578724916238216,0.0542178177904451,112.39065240747172,197.9768807606311,1315.137881628341,4,89,26,43,0.13943577625399825,0.024508910498149433,136.29197212202632
179,gasoline,0.06578724916238216,0.006578724916238216,0.05573798037364528,116.29454289932548,204.36794387942214,1348.844609703832,7,89,28,40,0.15172521595838148,0.0250255084839931,132.92467767806806
180,gasoline,0.06578724916238216,0.006578724916238216,0.05242121399347037,114.12589945476911,199.04252264728802,1295.4875221618408,5,87,28,40,0.1369634435370816,0.022956051469416452,132.55774798157222
181,gasoline,0.06578724916238216,0.006578724916238216,0.054953454697486866,115.4288867155607,202.30741650578986,1342.997541689952,5,82,32,41,0.1471375343550959,0.02437993200999526,131.8833794571027
182,gasoline,0.06578724916238216,0.006578724916238216,0.05247827242363743,115.33214753346051,199.89217634847898,1320.9295610749282,4,84,28,42,0.13380476426813956,0.023030912698725783,132.98576847946748
183,gasoline,0.06578724916238216,0.006578724916238216,0.058309609806665955,117.99680437075574,205.76750796370052,1337.8521071378827,7,90,28,41,0.16580207938450894,0.024671824948169333,132.44745897592193
184,gasoline,0.06578724916238216,0.006578724916238216,0.055467618316601096,114.01074062556887,200.01594819511217,1325.3531625517248,6,88,30,43,0.14534007218074216,0.026297123659526137,133.02378832107834
185,gasoline,0.06578724916238216,0.006578724916238216,0.057061298982075265,119.11329190078388,205.8939525668543,1350.490471870582,4,85,29,42,0.15969620191239736,0.023537434008015824,135.2373383784134
186,gasoline,0.06578724916238216,0.006578724916238216,0.05227772413944162,116.6648138999777,202.02142262971876,1324.0944084631399,5,88,28,39,0.14415197771140142,0.020288707979670875,131.02405767528973
187,gasoline,0.06578724916238216,0.006578724916238216,0.05796352036760382,120.12282261139518,209.26229586735977,1314.6722657836685,7,89,29,42,0.1703638507313776,0.024279086892218586,128.12360339028433
188,gasoline,0.06578724916238216,0.006578724916238216,0.05311376424851177,114.09214542431656,198.89326620058677,1289.6993940983393,4,87,27,41,0.14271164964268995,0.022525154809118035,132.3346542606522
189,gasoline,0.06578724916238216,0.006578724916238216,0.051959468820686416,112.5460881382399,196.82372040359465,1261.9617751634908,6,86,26,38,0.1303571374232102,0.02108501266505791,137.05367438725014
190,gasoline,0.06578724916238216,0.006578724916238216,0.053326657468126655,115.45501467428116,201.98324918265564,1333.2185535643534,5,88,26,44,0.1418697698867558,0.02479491829252421,128.6684321800807
191,gasoline,0.06578724916238216,0.006578724916238216,0.055836947919133274,115.04231606945068,202.81709066628326,1301.007842448796,5,87,29,43,0.14901403258271106,0.02614939279158796,131.4752445400223
192,gasoline,0.06578724916238216,0.006578724916238216,0.05422111167069057,117.85244906872398,202.5340732369806,1293.8769249199515,6,83,30,41,0.14944543991097986,0.02289753217194899,129.31922066834505
193,gasoline,0.06578724916238216,0.006578724916238216,0.05279377317334385,114.61068484055716,200.03631823310087,1318.3421175957665,4,83,32,40,0.14373592341283237,0.02143041527282663,132.59064738519922
194,gasoline,0.06578724916238216,0.006578724916238216,0.051372159164759415,111.65873106701943,197.78847806706113,1329.1561681056824,5,93,27,40,0.13541288392894557,0.023090725609079547,128.5580614163448
195,gasoline,0.06578724916238216,0.006578724916238216,0.05577336550207173,116.26467312884634,201.88483215903833,1287.2857803187694,6,84,30,40,0.15205413897070144,0.024535024595572854,130.94032591240938
196,gasoline,0.06578724916238216,0.006578724916238216,0.056285888588834675,117.74563277552221,205.60412728049792,1282.0853596287388,5,89,28,40,0.15876552817407677,0.023908937929974207,130.37494342819716
197,gasoline,0.06578724916238216,0.006578724916238216,0.05635746392299243,117.69451568126505,206.05467057883513,1339.9769705551746,5,89,27,40,0.15834878059398563,0.02397315553983745,130.34668909565613
198,gasoline,0.06578724916238216,0.006578724916238216,0.05603908178643092,116.13160037743906,203.899858799935,1345.5242942977752,5,85,29,40,0.16128383957297587,0.021548427782176152,131.47447916712883
199,gasoline,0.06578724916238216,0.006578724916238216,0.054293921543322236,114.18533605272093,202.3254906125811,1322.011795683925,6,88,27,39,0.1572872829033468,0.02070084390161457,129.20156480760252
200,gasoline,0.06578724916238216,0.006578724916238216,0.05396995243414949,115.83017908431516,200.89178469169786,1341.7821128033002,4,88,30,43,0.14803500966382427,0.022886772872836324,132.07129465018116
201,gasoline,0.06578724916238216,0.006578724916238216,0.05147096085571946,113.41076724440325,196.913263795732,1273.4689349788218,5,83,27,39,0.1328799704131839,0.022637235776645517,132.50108888933246
202,gasoline,0.06578724916238216,0.006578724916238216,0.052818149848615444,113.10762898061581,201.21130613359253,1371.588935394429,4,91,25,42,0.13842708054633215,0.023913234488377476,132.6713110760799
203,gasoline,0.06578724916238216,0.006578724916238216,0.052759184232357155,114.44580303576677,199.91611812330217,1322.8364078005372,5,85,29,40,0.13647224236149363,0.023671368481855845,131.76739657464066
204,gasoline,0.06578724916238216,0.006578724916238216,0.05416571065418562,114.18768396320371,199.85235114180233,1287.020186271649,5,87,28,41,0.14882328575839462,0.021673368594005676,134.37905343106334
205,gasoline,0.06578724916238216,0.006578724916238216,0.05316937044574814,114.56540903589678,200.7657326568881,1307.9418791334783,4,90,30,40,0.14530010746015704,0.021642435655838472,131.03404327468775
206,gasoline,0.06578724916238216,0.006578724916238216,0.052795008568694166,116.57699489231786,204.31621326095433,1347.6965058370247,5,87,24,40,0.14467461988258054,0.02185217867716327,130.9051082387864
207,gasoline,0.06578724916238216,0.006578724916238216,0.05212295402670108,115.38087637189393,198.68105688920028,1315.3950106677814,6,85,32,42,0.1358911048635824,0.021735018863882988,134.38439529510114
208,gasoline,0.06578724916238216,0.006578724916238216,0.05581702459104393,118.69845297815858,204.37762619740548,1342.0632397789564,5,86,32,42,0.15425225228728948,0.024216579461538133,131.5356371456193
209,gasoline,0.06578724916238216,0.006578724916238216,0.056662237875231905,115.68190340030392,205.09107350728047,1318.989861084118,5,92,27,40,0.167541567985111,0.022055578140428772,130.2665545346704
210,gasoline,0.06578724916238216,0.006578724916238216,0.055392268570476626,116.85566567721287,201.7472647990414,1309.4247254460445,4,86,30,40,0.14986488639115436,0.024882307296595817,131.81972752641758
211,gasoline,0.06578724916238216,0.006578724916238216,0.05532547703219321,113.71651699312766,202.7279488389931,1327.4151704462072,6,90,27,41,0.15192103701756518,0.023756302017404467,132.72528549926142
212,gasoline,0.06578724916238216,0.006578724916238216,0.05262358376381071,114.29325412371696,201.18239848636216,1302.8432712118065,4,89,29,41,0.1403627953774163,0.022923105422562963,130.89285610034992
213,gasoline,0.06578724916238216,0.006578724916238216,0.05214330018379923,114.08153998616301,199.4198052903624,1323.770109220916,5,86,26,41,0.137808220222459,0.02369470681843365,128.85613808466402
214,gasoline,0.06578724916238216,0.006578724916238216,0.057327145298260156,116.81287181249623,204.76998990170074,1354.3594197222958,5,89,28,41,0.15888052825741833,0.024462222372970386,133.24095559245637
215,gasoline,0.06578724916238216,0.006578724916238216,0.052233433209523776,112.92698325043457,199.05219406119926,1357.5952843862342,4,88,27,42,0.13716077593284307,0.023722165650071778,130.7883013003497
216,gasoline,0.06578724916238216,0.006578724916238216,0.05749644086959069,117.94074466360009,205.0216449720086,1362.0852734111068,4,89,30,40,0.16598515443412712,0.02294837319479014,132.66456713596082
217,gasoline,0.06578724916238216,0.006578724916238216,0.05390442120262647,114.26725470582407,199.50969081822507,1313.9901325172987,3,87,23,41,0.14448941183609623,0.021678313512864894,133.73419504504167
218,gasoline,0.06578724916238216,0.006578724916238216,0.04915447876528043,111.49384028758963,196.57423181426418,1327.392299841658,5,90,27,40,0.1194336664721289,0.02401397562654168,130.37814935444834
219,gasoline,0.06578724916238216,0.006578724916238216,0.05431556573044184,114.81002755700054,201.45017312661514,1269.4894252981408,6,87,28,41,0.14954079663267156,0.022455034344549932,131.07090519745046
220,gasoline,0.06578724916238216,0.006578724916238216,0.05191635436597208,114.50426318718961,201.42403445983692,1265.6251147984758,5,90,25,40,0.1418485854937301,0.022630487622124374,127.71914253474199
221,gasoline,0.06578724916238216,0.006578724916238216,0.05283735220945574,113.14961899737752,198.4310761550071,1260.6002247250856,4,90,28,41,0.14250226960191062,0.021770156818087784,132.9720355650419
222,gasoline,0.06578724916238216,0.006578724916238216,0.05313340094357079,115.88249371297923,201.58942206010144,1321.5238338962909,5,89,28,40,0.14308619772442355,0.023850920655465898,129.4669870920661
223,gasoline,0.06578724916238216,0.006578724916238216,0.05228269089923396,119.55135703669708,205.0164161698391,1348.3646894940755,6,86,30,39,0.14624766466620887,0.021355030412989487,126.94225841087908
224,gasoline,0.06578724916238216,0.006578724916238216,0.05484651700301044,118.83985581393678,205.34826291664984,1325.2787963980975,5,85,32,41,0.154500407144083,0.023863512443409295,128.13133684599393
225,gasoline,0.06578724916238216,0.006578724916238216,0.053488279838123896,115.09230115912574,200.05334920906355,1285.2185868951774,5,90,25,42,0.1414435092145251,0.022765843598807553,133.88636772604931
226,gasoline,0.06578724916238216,0.006578724916238216,0.05427796881604229,112.98255529034073,200.91649319375148,1334.6675540443066,6,92,27,43,0.14459933717263407,0.024957881766782437,131.2159357792452
227,gasoline,0.06578724916238216,0.006578724916238216,0.05333913797490155,113.38673523134007,201.48050454236167,1339.6068677889214,5,90,30,41,0.13966831293626836,0.022936123905036368,133.43154042003277
228,gasoline,0.06578724916238216,0.006578724916238216,0.056586083591691205,117.12059991364417,207.18786337537648,1350.3445602399015,5,92,29,42,0.16075681209629292,0.022805578248285652,132.03025215461616
229,gasoline,0.06578724916238216,0.006578724916238216,0.05161942032540759,112.22131962038559,197.3800184342028,1273.7089854729604,4,92,25,41,0.13251315452276655,0.023025211699592863,131.77819482840547
230,gasoline,0.06578724916238216,0.006578724916238216,0.05302325711531736,116.37452706821004,202.36500608575025,1298.9568265078287,3,92,25,39,0.1457409309838973,0.021555878192738787,132.56676525889904
231,gasoline,0.06578724916238216,0.006578724916238216,0.055231404736155926,117.17846103334668,203.49316669140396,1328.4544729335482,5,86,29,40,0.1489623301905688,0.024893494543122587,131.95153854690795
232,gasoline,0.06578724916238216,0.006578724916238216,0.05620274435521299,114.76000820747271,200.4817501194424,1261.9008591049542,5,89,27,44,0.14571515145237982,0.02766837110785051,133.88738606076
233,gasoline,0.06578724916238216,0.006578724916238216,0.05702706592443208,115.84711984941572,203.63305728871563,1283.9824659354872,6,89,30,43,0.15424306162398474,0.0261083175425307,131.71689974009587
234,gasoline,0.06578724916238216,0.006578724916238216,0.053951920444832976,113.46236833284341,197.9430174674182,1317.4028627618275,4,89,29,42,0.13419382611338754,0.026626966680877925,133.73228214155608
235,gasoline,0.06578724916238216,0.006578724916238216,0.05766011263267993,116.97706711138783,204.83964428583334,1283.6932634207265,6,87,32,41,0.16056899625577906,0.024179113726281617,134.77559213798287
236,gasoline,0.06578724916238216,0.006578724916238216,0.05469681097308314,116.6942633939938,204.79856169471705,1298.4028264412045,5,91,27,41,0.15400250312488103,0.022182926340563305,130.96754181944928
237,gasoline,0.06578724916238216,0.006578724916238216,0.05337469278629205,114.53054614808124,199.39916917402883,1330.659208381939,4,86,26,40,0.13997074175721602,0.02397353328928664,133.45206112116665
238,gasoline,0.06578724916238216,0.006578724916238216,0.057960864689252344,115.50724455195628,205.8604082280149,1272.3065060401711,7,91,28,40,0.17031768821499932,0.022089584666617056,133.0302520839898
239,gasoline,0.06578724916238216,0.006578724916238216,0.0538449897503938,116.5242267888748,202.92385720474107,1297.1432626581977,4,88,25,38,0.1505232796221948,0.021091538997822214,131.0924443230638
240,gasoline,0.06578724916238216,0.006578724916238216,0.05651166885872073,115.86737394517773,204.84500660686018,1350.4987919948512,5,92,25,42,0.1559369752290945,0.025380307913625288,130.98671209958357
241,gasoline,0.06578724916238216,0.006578724916238216,0.05313582548245852,116.86577132147369,204.4022189367836,1281.7375161743144,5,90,27,39,0.1512609293253766,0.02218204401177556,126.87864361234034
242,gasoline,0.06578724916238216,0.006578724916238216,0.056023996292256,113.28854948504605,201.57423354516283,1351.9810608054281,6,93,23,42,0.15304820391617896,0.02534778548892898,131.6349883760574
243,gasoline,0.06578724916238216,0.006578724916238216,0.053903512839676974,114.37678519602531,201.92177001876553,1336.8890438341225,6,88,28,42,0.1429018152076164,0.023573106093893178,131.8760235350326
244,gasoline,0.06578724916238216,0.006578724916238216,0.058161104493966095,116.28540175576842,205.21901857556665,1362.6221237499115,7,86,30,42,0.16498296040905858,0.024614687604271487,133.48157553426321
245,gasoline,0.06578724916238216,0.006578724916238216,0.052690981212395294,112.23471195687326,198.20780290394455,1288.6137246793892,5,89,28,42,0.13855182081039408,0.0234896993270557,130.89671093358217
246,gasoline,0.06578724916238216,0.006578724916238216,0.05406235140869398,113.69233124812762,200.15474579074797,1300.442828941665,5,87,28,41,0.14130108744687234,0.02566909908156638,130.1224397962586
247,gasoline,0.06578724916238216,0.006578724916238216,0.055316799536202874,118.87179896516885,204.9889357720429,1317.1668014054517,5,85,29,41,0.15494011856417994,0.023762246135667492,130.82992320078867
248,gasoline,0.06578724916238216,0.006578724916238216,0.05647320063545113,111.21480402822948,200.20279621135475,1333.351950022462,4,99,23,44,0.15291338438989052,0.025462346398855633,133.52437054613011
249,gasoline,0.06578724916238216,0.006578724916238216,0.05005073712232447,115.1138291266044,197.7986641687649,1272.944232970514,5,83,27,41,0.12368179313931207,0.02320555486922439,131.8192221660089
250,gasoline,0.06578724916238216,0.006578724916238216,0.05368310955936055,114.87698908612909,202.92713070136026,1305.9727721015377,5,88,29,41,0.1473145251417612,0.021952543530198064,132.31073906832782
251,gasoline,0.06578724916238216,0.006578724916238216,0.053505102419373854,117.08206558457843,201.38323107687643,1336.8043116299675,4,88,29,42,0.1384379907577541,0.025068201753197846,130.06657596282523
252,gasoline,0.06578724916238216,0.006578724916238216,0.0522373160290252,115.82804250062095,201.66499931774584,1340.67357200908,4,87,30,42,0.14277124250703557,0.02203891511762478,129.4913564893387
253,gasoline,0.06578724916238216,0.006578724916238216,0.05229466448575131,115.03726275374083,198.8259970370078,1313.5708724147494,5,80,29,43,0.12980618635931462,0.02608497911235392,129.7088745885953
254,gasoline,0.06578724916238216,0.006578724916238216,0.052657183549588746,115.03369961442385,198.8570999624194,1275.1007512004098,5,86,28,42,0.13847604723790852,0.02292934716805951,132.9722468725148
255,gasoline,0.06578724916238216,0.006578724916238216,0.052258599628476086,115.1739123417757,200.56392755216825,1339.5299308727886,4,85,30,42,0.13557460838136753,0.024035237393802387,128.72200617274814
256,gasoline,0.06578724916238216,0.006578724916238216,0.053315814843720825,118.59056240482045,205.18303384435143,1335.37464789416,5,90,31,41,0.1443837343327668,0.023198014636352578,130.99376068951494
257,gasoline,0.06578724916238216,0.006578724916238216,0.05470953965716469,117.28891133636822,202.07046329401498,1302.9245506683465,4,83,29,43,0.14328980373432074,0.02619189529740487,131.1372542605326
258,gasoline,0.06578724916238216,0.006578724916238216,0.05374735291778905,115.53379222135274,201.14126276444782,1266.4313335590305,7,90,30,40,0.1491720641245285,0.022692076188628018,127.9711487493798
259,gasoline,0.06578724916238216,0.006578724916238216,0.056788611629126434,114.94599231638573,204.25433437593693,1319.1703104003323,5,93,24,40,0.16213980087067045,0.023271624276380118,131.18844540642323
260,gasoline,0.06578724916238216,0.006578724916238216,0.053146690393161444,117.16479508408682,202.34113365286294,1361.3083209863332,5,82,30,42,0.1398510158050132,0.024810946107854077,128.78045706243094
261,gasoline,0.06578724916238216,0.006578724916238216,0.053102048744380924,115.49930964002317,200.6694392797781,1296.2972355181926,4,87,30,40,0.14439747177768106,0.021221235885413154,132.82642159738396
262,gasoline,0.06578724916238216,0.006578724916238216,0.055992367942061784,116.83832327378951,205.19753397418785,1323.6689003364393,6,87,28,41,0.1570806588843347,0.023664788836144736,130.22287079253988
263,gasoline,0.06578724916238216,0.006578724916238216,0.05313106169680493,118.5706754736371,201.63192896342383,1298.9535038046913,6,84,32,39,0.14175821509502526,0.022563011700306203,132.30545781145113
264,gasoline,0.06578724916238216,0.006578724916238216,0.05674574930332514,117.31748419365354,204.4760975370438,1374.1347375992398,4,85,27,42,0.14814719175378002,0.02537559591032914,136.52061099407518
265,gasoline,0.06578724916238216,0.006578724916238216,0.05481812192452996,115.04721211726995,200.9766156564931,1332.9416950637433,5,86,32,43,0.14067041534080107,0.0226552091292629,138.1238956290799
266,gasoline,0.06578724916238216,0.006578724916238216,0.05580366083422817,117.44832444854937,205.33937413298963,1336.268824281497,8,88,29,43,0.15676274674452992,0.025066264065306525,127.69572121872811
267,gasoline,0.06578724916238216,0.006578724916238216,0.05480838647363868,117.34186202836186,204.42690490340632,1358.8369261678629,6,86,29,40,0.14985780231172988,0.02253135625441892,132.50111592957222
268,gasoline,0.06578724916238216,0.006578724916238216,0.05361387166397838,115.96108382282611,200.40482451032213,1282.672182856382,5,86,28,41,0.14120805666265343,0.02337929877421832,132.00086134515547
269,gasoline,0.06578724916238216,0.006578724916238216,0.052963334870846486,114.63815264659861,199.82180727890403,1304.7217100589994,5,88,28,41,0.14324283347418387,0.023378474098632505,129.56707060750713
270,gasoline,0.06578724916238216,0.006578724916238216,0.05658405719464607,114.5830490601268,203.9642232039297,1339.5105791627125,6,91,28,41,0.16088676323505904,0.024401345078566585,129.9093531079226
271,gasoline,0.06578724916238216,0.006578724916238216,0.05462560378266506,116.39053435519904,203.3697282067815,1251.0933188167605,5,90,27,41,0.15411735543244412,0.022671485356808452,129.92010203247528
272,gasoline,0.06578724916238216,0.006578724916238216,0.056339825915278655,116.49890157202492,205.0982095906184,1349.3810885199941,7,88,28,44,0.15676624409446813,0.024790354514194615,131.42746529915507
273,gasoline,0.06578724916238216,0.006578724916238216,0.05574982978943569,114.1794899725476,200.91980776341555,1294.008123122983,5,89,28,41,0.15054252728457995,0.02439789549469793,133.95879681787747
274,gasoline,0.06578724916238216,0.006578724916238216,0.05771205551945629,114.66409612330419,201.96962291896497,1351.7446511856197,4,89,27,43,0.15019861586207012,0.029502922211410713,131.45377201406117
275,gasoline,0.06578724916238216,0.006578724916238216,0.05336410853655937,113.88691448387824,200.90189982142851,1337.3647543040572,5,90,27,41,0.14066551398788257,0.02388665966384246,132.37560428222415
276,gasoline,0.06578724916238216,0.006578724916238216,0.05322077267582065,114.43854070365909,201.4550217988394,1294.5919241053923,6,87,27,41,0.1429318465210499,0.023562625056937216,128.66874178302274
277,gasoline,0.06578724916238216,0.006578724916238216,0.0534301318930144,117.26205051280438,202.4639606794318,1343.8985538242432,6,85,28,39,0.14707232431438808,0.0218735198796096,129.86390249693994
278,gasoline,0.06578724916238216,0.006578724916238216,0.05798519236604502,117.98413481345253,207.01256503689433,1349.9573690853,5,91,27,43,0.16081594271774213,0.025672253661198165,132.6535856234683
279,gasoline,0.06578724916238216,0.006578724916238216,0.05534551398599552,115.08747884009559,202.5692656253457,1311.541034898014,6,86,28,42,0.14928439950080147,0.023837757615863587,131.72362917885832
280,gasoline,0.06578724916238216,0.006578724916238216,0.054565629288905404,120.39564112724645,206.77748815840934,1315.8295273879694,6,84,28,41,0.15110866548834292,0.023040357904071298,129.84848876156786
281,gasoline,0.06578724916238216,0.006578724916238216,0.053392570304697996,110.27171698177324,196.25775712023182,1315.413621321884,7,87,28,44,0.13136541034859925,0.025296012431836545,134.31302038398138
282,gasoline,0.06578724916238216,0.006578724916238216,0.05520861807702641,114.39868246638792,203.65075000093086,1387.1988762417022,4,92,27,43,0.1474736795486142,0.025222070758121752,132.35172414431838
283,gasoline,0.06578724916238216,0.006578724916238216,0.055044816548628014,114.76232540413771,200.43849918661448,1330.718925573502,8,85,28,43,0.14267199444620857,0.024422357736626942,133.62559214971623
284,gasoline,0.06578724916238216,0.006578724916238216,0.05510029454611616,114.42504272140344,199.9308128846709,1326.4133122123965,4,87,27,42,0.14667410558695765,0.024497670999194313,133.5631057497557
285,gasoline,0.06578724916238216,0.006578724916238216,0.05446090917233721,117.03319763167252,203.15296965907197,1295.8707396361908,5,88,29,41,0.1484013938954736,0.02290123988630114,130.87523490561927
286,gasoline,0.06578724916238216,0.006578724916238216,0.05342716540154343,115.51054380165623,200.6367206499861,1280.4982290087514,4,88,30,42,0.14211092580040202,0.023627574592695738,131.3638707629123
287,gasoline,0.06578724916238216,0.006578724916238216,0.05649753883536957,114.68677465684749,205.1520888745222,1339.4392149135026,6,91,27,40,0.15832990261249422,0.024031848924181594,132.35251388060217
288,gasoline,0.06578724916238216,0.006578724916238216,0.05314923508096729,111.1393681511737,197.27433843161762,1273.0943190371568,4,89,29,41,0.13782542479596147,0.02307895612232447,134.44661715677128
289,gasoline,0.06578724916238216,0.006578724916238216,0.0524737752084871,111.43423201886992,198.0128741945868,1347.28147529223,5,92,26,41,0.1376964055385569,0.024201471234199533,131.34988768476535
290,gasoline,0.06578724916238216,0.006578724916238216,0.051882905201720904,113.03298493252508,199.0617505520378,1298.3526823838797,6,87,28,40,0.13390517106244182,0.022141552094318066,134.05515566231188
291,gasoline,0.06578724916238216,0.006578724916238216,0.05414847469390756,112.37575851021901,198.48219445888074,1296.247237853039,5,90,27,43,0.14342024124435682,0.024662337930422034,132.04826909085
292,gasoline,0.06578724916238216,0.006578724916238216,0.057474419521257085,117.74316695039967,205.58393041494753,1384.168325680239,4,86,28,42,0.16177502547378494,0.023390496534060685,134.45690685131783
293,gasoline,0.06578724916238216,0.006578724916238216,0.05629316577447645,115.51530870358921,205.09896978092513,1321.2350909091747,6,92,28,39,0.16098177811219355,0.021573286536917403,133.58891994677313
294,gasoline,0.06578724916238216,0.006578724916238216,0.05610578499298757,116.11753091613048,204.67358555389828,1306.2714307759597,6,87,28,41,0.16112107383640417,0.024422080089819737,127.86392946859308
295,gasoline,0.06578724916238216,0.006578724916238216,0.057647644954354677,120.2228761237135,207.8554882996285,1336.5804235693047,6,88,30,39,0.172970615215352,0.02178174395825554,130.4426893947804
296,gasoline,0.06578724916238216,0.006578724916238216,0.055742910971349584,117.80812185394765,204.68973757347143,1332.1180947811713,5,87,27,39,0.15801813620163593,0.02277895514122157,131.37019332406257
297,gasoline,0.06578724916238216,0.006578724916238216,0.05464378032095137,116.93285123709315,200.25487932549095,1347.2841439886054,5,80,27,42,0.14400109780846201,0.025721865711435338,131.7218463484184
298,gasoline,0.06578724916238216,0.006578724916238216,0.05605689863080869,120.13972754751205,206.72023545089334,1298.2275077109944,6,83,27,42,0.1533117351942323,0.023154666950772,133.3165065973726
299,gasoline,0.06578724916238216,0.006578724916238216,0.05650697214332048,116.5516421339315,205.29801638197515,1292.3740989017347,6,90,27,42,0.15885532033808863,0.02308747707387355,131.93818802550032
300,gasoline,0.06578724916238216,0.006578724916238216,0.054164954598221106,116.23981214951871,200.81968873412248,1323.171622356203,5,83,30,42,0.14247733846102212,0.02442341767555191,132.4358813211201
301,gasoline,0.06578724916238216,0.006578724916238216,0.05325095364388515,112.56226017118874,200.48757118202312,1317.9581026396713,7,89,29,41,0.13911785079616482,0.023297785178870996,132.34609185639516
302,gasoline,0.06578724916238216,0.006578724916238216,0.05375625510912402,114.36365061046861,198.29045677701055,1307.2086849471077,4,86,27,45,0.13643040327754474,0.025562093204567767,132.67193537197343
303,gasoline,0.06578724916238216,0.006578724916238216,0.05439852182351096,117.57321007663144,204.4477712332441,1281.4267371608657,6,85,29,42,0.14811162724050897,0.022210551516316082,132.50356915838847
304,gasoline,0.06578724916238216,0.006578724916238216,0.05258481567859499,114.56012895388118,197.99237952512362,1319.6307574844714,4,88,27,41,0.13123054202907414,0.02508021687557544,131.37106952932402
305,gasoline,0.06578724916238216,0.006578724916238216,0.05260314615778246,113.33792679685443,198.56841012012157,1281.027460330792,5,89,28,43,0.13966667060759627,0.023454574022123777,130.99368271342462
306,gasoline,0.06578724916238216,0.006578724916238216,0.05437115343867937,112.61590796545646,200.27615460551638,1334.2219841694637,4,95,25,41,0.14299432001111595,0.02435261548734952,132.64065132504064
307,gasoline,0.06578724916238216,0.006578724916238216,0.05399458260628811,111.84875947137851,197.91649783772047,1317.3785242436493,5,91,28,40,0.14110595979862825,0.02279828622441439,135.13618693216537
308,gasoline,0.06578724916238216,0.006578724916238216,0.05790355543862993,114.13423908656452,204.06254046271712,1318.5181599121297,5,92,28,41,0.16242340496936436,0.025618060772788828,130.6401325217218
309,gasoline,0.06578724916238216,0.006578724916238216,0.05188423506567864,113.1505615387818,198.8455871452276,1346.1692460463205,4,93,27,41,0.13456001881142607,0.023215780572287455,131.60563853684562
310,gasoline,0.06578724916238216,0.006578724916238216,0.049590244201345356,114.64449644901264,197.89831191049038,1326.788121990135,5,87,29,40,0.12775169470203912,0.021754489832783153,128.2598942559685
311,gasoline,0.06578724916238216,0.006578724916238216,0.05401898661879815,114.77419739616732,201.3143330290443,1289.1404095187577,5,90,27,41,0.14243030466671602,0.024917581623129622,132.1255497087919
312,gasoline,0.06578724916238216,0.006578724916238216,0.05644874078469076,117.52304211446364,204.56749038254532,1359.006557877797,6,86,30,40,0.15932270673609078,0.022887743732747014,132.07385384996888
313,gasoline,0.06578724916238216,0.006578724916238216,0.051955474595214504,112.9808427733316,198.04309259656037,1314.150356033323,5,85,27,43,0.12981124747891115,0.023552933596399414,132.34338705618666
314,gasoline,0.06578724916238216,0.006578724916238216,0.05663261864192989,114.59629819230238,202.09032981490427,1306.2401279721812,5,90,27,41,0.15905211993895144,0.023895741388786557,131.38534080489546
315,gasoline,0.06578724916238216,0.006578724916238216,0.051589901221272445,113.65908795153555,197.7078938480573,1296.7223180898784,4,85,30,42,0.13406958526413615,0.022788616362715855,130.94103240799174
316,gasoline,0.06578724916238216,0.006578724916238216,0.05421533720737645,113.65878592518897,200.15056967534832,1347.132739118218,5,89,25,42,0.13795216230534005,0.023354673270322063,136.96565276659803
317,gasoline,0.06578724916238216,0.006578724916238216,0.050619137466319214,113.47441950925374,197.47404491703614,1332.4116769051516,5,86,28,41,0.1294898612482654,0.02209478989788708,131.4927061587518
318,gasoline,0.06578724916238216,0.006578724916238216,0.05208596750228283,110.18535560812086,195.20803503478822,1261.6326598654982,4,90,25,40,0.13367655244812862,0.02259559969469999,134.4642577308105
319,gasoline,0.06578724916238216,0.006578724916238216,0.05409724244050216,113.23868903616383,200.49382959418867,1288.8982158421209,6,90,27,41,0.14123229442666513,0.025230159497658687,131.6178651032035
320,gasoline,0.06578724916238216,0.006578724916238216,0.05558827740453867,119.84481718466137,204.14828184439992,1311.708053066315,6,86,32,42,0.15057292558602797,0.026285834183129263,128.32772477649604
321,gasoline,0.06578724916238216,0.006578724916238216,0.05304951206490826,113.90153894119052,199.6430720004003,1303.3452499769708,5,90,25,41,0.14278862136193404,0.022696372622329784,132.24637759123
322,gasoline,0.06578724916238216,0.006578724916238216,0.05379077215578868,114.71506232307951,200.28746717874245,1291.2341911098335,4,88,29,43,0.14169464252952044,0.024095650225993505,132.5315473242855
323,gasoline,0.06578724916238216,0.006578724916238216,0.056552920070353924,117.31895872379602,205.81967608132135,1340.2827362002415,5,89,28,40,0.1644387738106343,0.023071992264203346,128.89629239100384
324,gasoline,0.06578724916238216,0.006578724916238216,0.05243928020294368,109.20616419776215,195.16373625693637,1308.631584600811,4,93,27,41,0.1303823843208322,0.0243722093824059,133.4957096247181
325,gasoline,0.06578724916238216,0.006578724916238216,0.052545228552814634,118.10088108529548,205.82207272739078,1341.5457368865377,7,88,28,39,0.15219039929986206,0.01896609122468784,129.92454922393546
326,gasoline,0.06578724916238216,0.006578724916238216,0.05649917974519872,116.82981757409839,204.23341165998102,1319.7498305257486,7,84,30,39,0.1603695711061136,0.022000989126763678,135.044553202143
327,gasoline,0.06578724916238216,0.006578724916238216,0.052134978861703145,114.53379094039778,200.21091239189266,1294.3190857238267,4,87,30,43,0.13533555958890442,0.023342613744540396,132.07589614071844
328,gasoline,0.06578724916238216,0.006578724916238216,0.05662075060322623,115.03701989701389,203.60083674932133,1328.1089676377796,5,87,28,41,0.15785644809119145,0.025111103165091714,130.54109373009237
329,gasoline,0.06578724916238216,0.006578724916238216,0.057165857216446625,119.45275908975464,205.33492729265436,1343.4163373745769,3,84,30,39,0.16273986044492303,0.023102639477337376,132.8278766245434
330,gasoline,0.06578724916238216,0.006578724916238216,0.054671728371616546,116.21340697803123,203.82184135068172,1337.5378765272121,6,88,28,42,0.15576667175984701,0.02298268884087655,127.53093945819113
331,gasoline,0.06578724916238216,0.006578724916238216,0.056176715655918,117.3039135425011,206.48440130498713,1365.0235881754004,6,88,31,42,0.15634309867039842,0.024763717153618595,129.42242850781483
332,gasoline,0.06578724916238216,0.006578724916238216,0.051493833541705225,110.33616648881112,197.14282778124738,1323.1867549085298,5,91,26,41,0.13174114863912081,0.02300251338277465,132.1630322349118
333,gasoline,0.06578724916238216,0.006578724916238216,0.05248304482466512,113.66387113991395,199.3062309368467,1311.147130322639,7,86,26,41,0.13268317573345126,0.02341891380098041,132.60720983347446
334,gasoline,0.06578724916238216,0.006578724916238216,0.053669213758913516,116.49932301965131,203.43723531801078,1319.3521495251591,6,89,27,42,0.14554665201436529,0.024211592324853717,128.40756524395306
335,gasoline,0.06578724916238216,0.006578724916238216,0.05569725284126124,114.342456509691,202.60719723916182,1333.7380174160776,5,92,30,44,0.14996912956127073,0.02737742350742268,129.8347834680855
336,gasoline,0.06578724916238216,0.006578724916238216,0.05611786174047204,114.0394205339317,203.12345627538852,1375.0978341458874,6,89,25,41,0.1527062535549895,0.023676718875265054,135.07782619840742
337,gasoline,0.06578724916238216,0.006578724916238216,0.05145273710573488,111.3698049069366,196.34477652179527,1331.4522662687332,5,85,27,41,0.1257552319559825,0.022776236094496367,135.92097087699682
338,gasoline,0.06578724916238216,0.006578724916238216,0.05631579977958738,119.31854670374965,204.66345541294953,1323.6969107895047,4,86,28,39,0.15926461413203305,0.022251326237717625,133.10074603467282
339,gasoline,0.06578724916238216,0.006578724916238216,0.05418220021568065,115.55915425875361,200.58810231376316,1340.0006090483218,5,83,28,40,0.1518177742661995,0.021435092002918106,130.49122492808522
340,gasoline,0.06578724916238216,0.006578724916238216,0.05806052382839166,113.62916196671813,202.79488973764623,1326.8524495235115,6,91,31,44,0.15168321753094172,0.027534761055941756,137.32786853523993
341,gasoline,0.06578724916238216,0.006578724916238216,0.05179043017477403,113.3013085821921,196.83534629228566,1300.386332559864,5,86,30,37,0.13806780375025351,0.021734273815796845,130.76199763539827
342,gasoline,0.06578724916238216,0.006578724916238216,0.053901481858569855,114.29976073812902,200.47651037928375,1338.331055036565,4,87,26,40,0.14620650080407596,0.022454469438440806,132.7410621216722
343,gasoline,0.06578724916238216,0.006578724916238216,0.05678953933699124,117.0029939803583,203.58886176574575,1276.1598585958773,5,90,26,40,0.15860129132524203,0.02344492094199198,133.17556415148675
344,gasoline,0.06578724916238216,0.006578724916238216,0.05366382880187477,116.3516281447931,202.55879875857084,1275.5133033296709,5,88,29,39,0.1423741230454271,0.02425168159794921,132.09825215104797
345,gasoline,0.06578724916238216,0.006578724916238216,0.05445625773920941,115.50706291579345,201.62948181147726,1355.4188228115374,6,85,28,43,0.14225993736944237,0.025250311428299903,131.41416485678124
346,gasoline,0.06578724916238216,0.006578724916238216,0.055413337001921255,117.35358223962808,203.30560293510692,1316.5925234778774,6,84,30,42,0.14793551352008355,0.024225838580693868,132.4766716806954
347,gasoline,0.06578724916238216,0.006578724916238216,0.053035194702607924,115.18516478347476,199.61099721335972,1248.2315724582502,5,89,28,43,0.137368556014221,0.024162629746049026,131.793964747502
348,gasoline,0.06578724916238216,0.006578724916238216,0.05354780739775549,118.9976475489586,201.87108669434102,1266.7704141818426,6,84,30,41,0.14347472874622813,0.02224525367547801,134.1315552374571
349,gasoline,0.06578724916238216,0.006578724916238216,0.051503631850638734,114.79476973595995,198.96282338189133,1347.5598249287611,6,83,29,39,0.13198141583770337,0.02196823596079868,132.32002645715195
350,gasoline,0.06578724916238216,0.006578724916238216,0.05688927844765148,119.08534068138643,206.17662417840114,1349.9120709808335,5,87,29,42,0.15979257169915273,0.02463647516792635,132.66234216617224
351,gasoline,0.06578724916238216,0.006578724916238216,0.05433585362837625,113.94215445219423,201.84790140865852,1355.7388942245639,4,91,28,42,0.15051243505079806,0.023402407503640293,130.88294236598983
352,gasoline,0.06578724916238216,0.006578724916238216,0.053912415263149965,118.80186453287914,202.92978786386453,1325.449538155677,4,84,32,39,0.15123278899399853,0.0213881041098255,133.43220275136287
353,gasoline,0.06578724916238216,0.006578724916238216,0.05698739786136445,117.17403389379875,203.53936884094497,1302.8721190679805,4,90,30,41,0.1616235655103624,0.024655153739398205,131.2162936958202
354,gasoline,0.06578724916238216,0.006578724916238216,0.05712503259645855,120.60107122216876,206.90179000181473,1305.6895351499647,5,84,30,41,0.16030808052100617,0.023835764513175057,133.16055379023635
355,gasoline,0.06578724916238216,0.006578724916238216,0.05616738904941969,118.51853504206707,205.20234057263602,1334.3046572840317,6,86,32,41,0.15767970195002698,0.025212001951535702,128.69099070123923
356,gasoline,0.06578724916238216,0.006578724916238216,0.05462709008740672,112.66048192432977,198.95730956412302,1296.7721368741427,5,88,28,42,0.14672117189312073,0.023490053572161173,133.05094987539474
357,gasoline,0.06578724916238216,0.006578724916238216,0.053863797094610345,116.33268650053353,202.54883322941396,1350.6755846271276,5,87,29,41,0.14557596753326646,0.024727659171425255,130.36168300261792
358,gasoline,0.06578724916238216,0.006578724916238216,0.056043177612922886,115.72496796473777,203.05547416342876,1306.4990029955457,6,86,32,42,0.1555695593025739,0.026961695067737653,127.70976098518196
359,gasoline,0.06578724916238216,0.006578724916238216,0.05476988953214756,117.71013536229064,203.96338780958186,1316.4767359173552,5,89,27,39,0.1514472147072656,0.022742097854397847,131.5789867600897
360,gasoline,0.06578724916238216,0.006578724916238216,0.05657906482063426,118.58021635079422,206.05027098114294,1322.7888352522828,5,88,27,42,0.16466556848148087,0.023951501828178717,129.3944895942647
361,gasoline,0.06578724916238216,0.006578724916238216,0.05584345301413138,117.54967846016889,204.02210646119573,1343.5380988176203,5,86,29,41,0.14963027193558873,0.02174161083914578,136.9167513364365
362,gasoline,0.06578724916238216,0.006578724916238216,0.0554056863425451,117.05355793239109,204.15602491446296,1274.4967262830073,4,92,28,42,0.15724735445692803,0.023441572798833663,130.16213727375845
363,gasoline,0.06578724916238216,0.006578724916238216,0.05086013370795248,115.47058372708825,201.16703453993102,1280.3725849755979,6,90,28,38,0.14106329546054025,0.019137443354369215,128.57151248319985
364,gasoline,0.06578724916238216,0.006578724916238216,0.05499962431641923,117.0084462445823,202.47807507135707,1300.987225570867,4,90,31,43,0.15114410753493548,0.02374789264622848,131.1343128132238
365,gasoline,0.06578724916238216,0.006578724916238216,0.05705121224184698,118.60828739826916,205.99185307638191,1359.6022205262452,4,87,31,41,0.16587302680827493,0.02373620859403801,130.65626395107864
366,gasoline,0.06578724916238216,0.006578724916238216,0.05642683854495076,120.60522864382219,207.09975311843925,1316.886007587309,5,86,29,41,0.15992717798715472,0.024662361073154494,128.8156186525642
367,gasoline,0.06578724916238216,0.006578724916238216,0.058527504694371985,118.05964305069567,205.5475420598557,1312.2612969384372,6,91,26,44,0.16946505956220292,0.024847941936293357,131.17653675358008
368,gasoline,0.06578724916238216,0.006578724916238216,0.056393807201604015,115.32012613291732,203.60998359021266,1299.7629373422008,5,91,27,41,0.15430406619407433,0.02373200174045076,134.83274800215307
369,gasoline,0.06578724916238216,0.006578724916238216,0.0531210293691022,112.46176905952163,199.19011263164424,1257.9544442274669,4,91,27,42,0.13699363819183413,0.023790021017658747,133.55380105087212
370,gasoline,0.06578724916238216,0.006578724916238216,0.05780147155167734,117.01948182749004,206.00409002602782,1281.7279304411081,7,90,28,40,0.16854556309553864,0.02185741216499868,132.44253352765142
371,gasoline,0.06578724916238216,0.006578724916238216,0.054905087448100784,117.19532477532499,203.8812010014301,1348.7120666419391,5,85,28,42,0.1538073053952,0.022892296457045793,131.01632620546718
372,gasoline,0.06578724916238216,0.006578724916238216,0.054134879829516695,112.11576912325214,199.2800311630428,1359.851411724766,3,90,26,42,0.13960767369207547,0.025060947853127433,132.56051544715766
373,gasoline,0.06578724916238216,0.006578724916238216,0.056770501292977046,115.52826738955545,203.32173864667547,1347.2464118057746,6,87,30,40,0.1618633614696869,0.023834560835893956,130.4346068654595
374,gasoline,0.06578724916238216,0.006578724916238216,0.05095006358554692,113.78443160851256,200.90058055630232,1291.7557651640657,5,87,27,39,0.1345653075249955,0.020819326313233556,131.81056524333928
375,gasoline,0.06578724916238216,0.006578724916238216,0.05712494171953326,118.1963740112447,206.12643653401074,1337.6017345717894,6,87,26,42,0.157862933262143,0.026684587318360552,127.96055668016714
376,gasoline,0.06578724916238216,0.006578724916238216,0.053498752617170464,114.45233407224491,201.56987760258278,1381.7773770468489,4,85,27,42,0.13488484459359118,0.025411296242348155,132.8953875614202
377,gasoline,0.06578724916238216,0.006578724916238216,0.0554325053859243,116.71725533913097,203.52938907493598,1294.398965981534,4,91,26,41,0.15635529210764676,0.024231249240419795,128.98773106525513
378,gasoline,0.06578724916238216,0.006578724916238216,0.05202191299276114,112.3228534989384,197.79410965951791,1323.8869296982018,4,86,27,43,0.13055117890848897,0.023841526736274897,132.54002556901725
379,gasoline,0.06578724916238216,0.006578724916238216,0.05425540201485829,115.30450403983417,201.8353531100194,1315.9283314776667,5,87,27,41,0.14181543120799303,0.02375698770822389,133.66819761043237
380,gasoline,0.06578724916238216,0.006578724916238216,0.05563702797973822,115.66981432870435,201.90033680976566,1298.4918287009768,6,89,26,43,0.14639489093390387,0.02540609299235359,133.64149207516786
381,gasoline,0.06578724916238216,0.006578724916238216,0.05690058918452553,116.00721879888702,205.91931834391153,1343.4919103650104,6,94,25,41,0.16149704163538978,0.022966884304711437,132.31383960640528
382,gasoline,0.06578724916238216,0.006578724916238216,0.051394809864976854,115.34760964267797,201.5770201812783,1344.4906802954115,5,86,29,40,0.13824404927937745,0.022798056829994397,126.03763516865274
383,gasoline,0.06578724916238216,0.006578724916238216,0.053818218767734675,112.18613611431486,198.84538344062105,1293.498455604652,6,95,26,42,0.1452193903873906,0.02310753836047527,132.73298714829457
384,gasoline,0.06578724916238216,0.006578724916238216,0.05680529885786795,116.15090495844326,205.81321240928168,1327.5635548754428,5,91,27,42,0.15828485503534043,0.024903047756147757,131.51637480753269
385,gasoline,0.06578724916238216,0.006578724916238216,0.05476509789676335,115.83259539573235,203.61079822278558,1364.7486631940062,4,89,31,42,0.14961242952446857,0.024609580873247792,129.9251719811465
386,gasoline,0.06578724916238216,0.006578724916238216,0.054890694339754555,116.2507534944987,200.91911877658254,1318.2639998169384,5,85,26,42,0.14269124091165702,0.02576304255908999,131.49306472849443
387,gasoline,0.06578724916238216,0.006578724916238216,0.05617325127612791,117.93583031301895,202.6408746449821,1326.3598852007933,6,81,30,41,0.15678167546219102,0.025087231731549114,130.5460512992419
388,gasoline,0.06578724916238216,0.006578724916238216,0.05344470617717732,114.52426372672281,200.40458475500932,1316.2674559453758,4,88,27,42,0.14028008965092606,0.02543680109842652,128.26284206099584
389,gasoline,0.06578724916238216,0.006578724916238216,0.05640161517397493,115.58133854866311,202.758672438271,1300.9461050107438,6,91,29,40,0.15507991285883357,0.023436534513893253,133.9575679229487
390,gasoline,0.06578724916238216,0.006578724916238216,0.05683523097430184,114.05897501971933,201.35639375157876,1299.0104067269494,4,91,29,42,0.15277284997104235,0.02592196519804048,132.3368837077986
391,gasoline,0.06578724916238216,0.006578724916238216,0.05000913732361447,113.54735643037962,197.7103244564825,1322.757632656587,5,86,27,40,0.1289164073540335,0.02108527014717337,131.13349492050008
392,gasoline,0.06578724916238216,0.006578724916238216,0.05705375437052474,121.0432347348967,208.04936122286426,1305.6140079838813,5,89,32,40,0.16793307125368134,0.022856544818806904,129.26993658895088
393,gasoline,0.06578724916238216,0.006578724916238216,0.05721304422780879,112.56305008900074,199.6215533152213,1268.7562155883081,4,91,28,42,0.15935330244517598,0.024173068336441145,132.93091949428464
394,gasoline,0.06578724916238216,0.006578724916238216,0.05609937976586992,115.6901291453704,205.75070148587017,1336.6018536798886,6,92,30,40,0.15936521227028205,0.02343646582269265,129.38511477624417
395,gasoline,0.06578724916238216,0.006578724916238216,0.0578287055244078,120.05943115692956,208.65610578894206,1322.7087669992934,7,91,30,40,0.17137620973507642,0.024613029266920508,125.9862513071065
396,gasoline,0.06578724916238216,0.006578724916238216,0.053057684036351783,113.40637815149461,197.94447252513493,1297.28087200878,4,89,28,42,0.13416996778726686,0.02520169753811464,132.97430689472802
397,gasoline,0.06578724916238216,0.006578724916238216,0.05558079431893539,113.5266928760135,201.1439150066853,1350.2480248377292,4,91,27,41,0.15185793340955844,0.02339596970304151,132.99782196130428
398,gasoline,0.06578724916238216,0.006578724916238216,0.05674165441487283,115.3400150072074,202.5401410261074,1214.3326711096252,5,89,27,44,0.14628924114881842,0.02789398468519087,134.4039320791094
399,gasoline,0.06578724916238216,0.006578724916238216,0.05394072052709102,115.93836009973523,203.37153211773733,1333.2509377803212,6,89,27,41,0.1523405755053201,0.02126637548918071,128.29125145568523
400,gasoline,0.06578724916238216,0.006578724916238216,0.05745056769065768,117.49198412880331,206.9231875290709,1387.4937343806203,8,83,30,40,0.16411187831108162,0.023637656699468344,130.39980877380876
401,gasoline,0.06578724916238216,0.006578724916238216,0.05740883824071783,117.63885577049285,205.30595209205154,1340.3116737302014,5,91,31,40,0.16002617913977965,0.024903953036295823,133.02202968565547
402,gasoline,0.06578724916238216,0.006578724916238216,0.05335720435721259,116.71305075124988,201.1074967866347,1319.3342017372913,5,85,28,42,0.14661349681678926,0.02320470533703132,128.7091360818111
403,gasoline,0.06578724916238216,0.006578724916238216,0.058187046844461764,117.10845648195567,204.95081579324582,1336.7210281946263,7,87,30,40,0.1632880515338081,0.025027964878432694,132.2578509356521
404,gasoline,0.06578724916238216,0.006578724916238216,0.05269105117695494,113.37525182670078,198.55270301787925,1347.4800052323683,4,90,25,41,0.13081208205691883,0.02483248236842728,134.22837626822331
405,gasoline,0.06578724916238216,0.006578724916238216,0.05711560295785869,114.43645437743886,202.97922296476358,1363.9322400579651,5,89,31,40,0.1579011587088879,0.025287618463591212,132.3162607333926
406,gasoline,0.06578724916238216,0.006578724916238216,0.05516022252516171,116.93064149590154,201.70714454029593,1279.3734596349154,4,86,30,40,0.15302056493856486,0.023996346950337758,130.3066976655403
407,gasoline,0.06578724916238216,0.006578724916238216,0.054914047502807095,116.97602790765676,203.68483773919456,1326.8600339070376,5,88,28,40,0.1551095711854988,0.021929402874398325,132.13016243644054
408,gasoline,0.06578724916238216,0.006578724916238216,0.05288438521795149,113.75008730163349,199.61909842059663,1314.627572024526,4,88,27,41,0.144482372873426,0.021047325477038283,134.19114412431364
409,gasoline,0.06578724916238216,0.006578724916238216,0.05295516564679659,116.05460545346254,204.02563884789396,1368.6858434541205,5,88,28,40,0.14423075618727918,0.02180056176789196,130.64803291979058
410,gasoline,0.06578724916238216,0.006578724916238216,0.05476608656675916,115.76648908027073,200.5566379411039,1310.8081379822395,5,85,30,40,0.14811249008797264,0.022634483711878185,132.6002130620913
411,gasoline,0.06578724916238216,0.006578724916238216,0.05645736928825087,116.20505002133909,204.69130138133323,1383.9435060581147,6,89,30,41,0.15830880778914297,0.024213664544358787,131.71219095278698
412,gasoline,0.06578724916238216,0.006578724916238216,0.053208256001398405,116.79386295614522,204.96971325348596,1345.1700152692783,5,91,25,41,0.15284538466294675,0.020683111302933925,127.3287850216801
413,gasoline,0.06578724916238216,0.006578724916238216,0.05293284943820971,115.47565725682442,200.39035367117157,1284.605027110057,5,87,27,40,0.1365585350452184,0.023136848332578796,133.3291849745232
414,gasoline,0.06578724916238216,0.006578724916238216,0.0537419145156063,113.42894937750197,201.37900060538493,1361.8143911049451,6,90,27,41,0.144082494567268,0.023657666446473227,131.0808074336758
415,gasoline,0.06578724916238216,0.006578724916238216,0.05465438377700682,114.7535953292279,202.58826965280917,1309.824040800132,6,88,28,42,0.14515482131029786,0.0243915815044818,130.49493462090442
416,gasoline,0.06578724916238216,0.006578724916238216,0.05391798955757734,116.36588049526831,202.2001955403982,1336.5660122019244,5,88,28,41,0.150031466106668,0.022059586069007285,131.38101850151045
417,gasoline,0.06578724916238216,0.006578724916238216,0.05339550600003297,115.55279690112367,203.60042031363693,1313.0263350748276,5,88,27,41,0.14580833322496856,0.023739072954244454,128.98964497606002
418,gasoline,0.06578724916238216,0.006578724916238216,0.054147727744243576,117.23137520279914,203.6887804003835,1311.019880723954,5,88,30,41,0.14696778954557346,0.024173849925467453,129.5089526325169
419,gasoline,0.06578724916238216,0.006578724916238216,0.05491293425137889,119.51665134774724,205.9827512935041,1278.243007131717,5,89,28,42,0.1529412086219527,0.024605844644292444,128.22219857543195
420,gasoline,0.06578724916238216,0.006578724916238216,0.05582928297400626,117.53091004020804,206.21036980347202,1282.8230244577878,6,90,30,39,0.16030441672909515,0.0228459192962017,130.72732711957488
421,gasoline,0.06578724916238216,0.006578724916238216,0.05297843944148541,114.9076668028732,199.63259618120836,1333.1425006417576,5,85,29,42,0.13495853243629133,0.024095583489375322,133.64438675656768
422,gasoline,0.06578724916238216,0.006578724916238216,0.05611073954016879,112.14287907869058,200.03629712420548,1265.0464799236136,6,90,28,43,0.14710579698430717,0.025521110614442934,135.2262272011777
423,gasoline,0.06578724916238216,0.006578724916238216,0.053699817953765425,114.66945596095324,201.22160200970106,1328.22006280424,5,90,29,42,0.1461809317487685,0.023177111060987857,130.6398879056238
424,gasoline,0.06578724916238216,0.006578724916238216,0.057113207846240306,118.42247416086813,204.61044538198476,1321.2189939535997,6,88,30,42,0.15807132981226205,0.024875845529112876,131.53852303900706
425,gasoline,0.06578724916238216,0.006578724916238216,0.054321378391911306,116.3223059799373,205.42543610502142,1380.236196044837,3,93,29,40,0.15570047764204753,0.022286316744141187,129.02408013923014
426,gasoline,0.06578724916238216,0.006578724916238216,0.05248061698722438,114.66143776705192,200.321622234055,1308.8066755062296,4,84,30,40,0.14239200937453383,0.020973549828215764,131.64310011010159
427,gasoline,0.06578724916238216,0.006578724916238216,0.053822005583769046,113.60517201676704,199.33501615912385,1303.1405905706279,4,88,28,42,0.13923493079552965,0.02417614613108272,134.9594541499951
428,gasoline,0.06578724916238216,0.006578724916238216,0.053009141730580814,115.20662632961053,199.85171493619097,1318.7699009183416,4,89,30,41,0.13593362018013766,0.023942660023442225,133.61452201430086
429,gasoline,0.06578724916238216,0.006578724916238216,0.05325857805572509,118.21270882663015,202.09288151220395,1334.9609117033453,4,86,28,40,0.13862890604027958,0.023293262178267094,130.96142730013133
430,gasoline,0.06578724916238216,0.006578724916238216,0.05239631988775593,111.20581085769248,196.53101153164042,1299.0346677045131,5,91,25,40,0.13660316002175804,0.022304092681618756,133.696465419706
431,gasoline,0.06578724916238216,0.006578724916238216,0.05350930142890229,116.26164141455276,199.7675794798802,1304.3243649700792,5,89,27,41,0.14149789847019306,0.023638131047519568,132.5054186835962
432,gasoline,0.06578724916238216,0.006578724916238216,0.0545145069937169,116.31702758539711,201.79359717745507,1331.1228806194133,4,91,28,41,0.1484873416246691,0.023867418418177726,130.9886793395293
433,gasoline,0.06578724916238216,0.006578724916238216,0.057260458149565,117.06836351765857,205.85428662261597,1317.9946015377723,6,91,27,42,0.15637853617112976,0.02553178873220353,132.3392276118448
434,gasoline,0.06578724916238216,0.006578724916238216,0.05640691283506809,118.40207778476473,207.19289861740086,1311.559865003896,5,92,28,40,0.16455269337063685,0.024090529770810575,126.42292034468777
435,gasoline,0.06578724916238216,0.006578724916238216,0.05393439806582014,116.10073999941531,201.00185874624927,1361.3935033816433,6,84,28,43,0.13863301070846276,0.025103537269998998,133.91618420356536
436,gasoline,0.06578724916238216,0.006578724916238216,0.053042506478461655,116.28321717308641,201.81822791394097,1344.9137475616012,5,86,27,40,0.14215536851175664,0.02219015658183027,130.98396034777375
437,gasoline,0.06578724916238216,0.006578724916238216,0.05612739020997266,116.44290185932604,202.87617758062555,1289.2939336405232,5,89,25,41,0.15431937943458365,0.023415938491984242,133.8565360851921
438,gasoline,0.06578724916238216,0.006578724916238216,0.05305101728020455,114.5902925213938,201.4325368792295,1333.3826463518574,5,90,27,40,0.1458196320792582,0.022967166591316385,129.18144579807213
439,gasoline,0.06578724916238216,0.006578724916238216,0.0533131798218174,116.91111337860981,201.79892343554394,1293.261779680894,5,86,30,41,0.14215819709457872,0.023306020949162808,131.45633318859203
440,gasoline,0.06578724916238216,0.006578724916238216,0.05521507087890112,113.74852102595112,199.77319544164715,1275.075949733742,6,86,29,42,0.14680086417654314,0.02383521749243048,134.73203371359912
441,gasoline,0.06578724916238216,0.006578724916238216,0.053404524401555804,115.23823002442037,202.1198038865037,1344.0585013853126,4,87,28,40,0.1470284122962188,0.02195596543746617,131.07418756681608
442,gasoline,0.06578724916238216,0.006578724916238216,0.05255038303815755,113.28638859629936,198.83936289564969,1313.8020057940812,5,89,27,39,0.13582298568509313,0.023990007782871813,131.58280663799493
443,gasoline,0.06578724916238216,0.006578724916238216,0.0564492816165665,117.42447092702663,205.61619830532828,1337.5033282672484,5,84,31,41,0.1595349200838881,0.022050875288786215,133.33358049129322
444,gasoline,0.06578724916238216,0.006578724916238216,0.05686226331645316,116.11445725276398,203.4886291997639,1306.325837871561,5,86,28,43,0.157845167897065,0.02635665870853722,130.00938201992827
445,gasoline,0.06578724916238216,0.006578724916238216,0.0569247720140811,120.02629148229336,207.51778197453035,1327.9073913261564,5,90,30,42,0.16223902706337864,0.025399616449069108,128.76209656666805
446,gasoline,0.06578724916238216,0.006578724916238216,0.0543451555677684,114.54894152917763,202.9061442295974,1266.6064582471213,5,90,30,40,0.150494247879415,0.024146598551896794,128.6694607071979
447,gasoline,0.06578724916238216,0.006578724916238216,0.05700504943382411,118.35674145725153,205.50659362215592,1344.556856341149,5,87,28,41,0.16267729403041095,0.024078376809895774,128.58640525323594
448,gasoline,0.06578724916238216,0.006578724916238216,0.05236907319418597,113.48244807559368,198.57035230686873,1283.7533672675952,5,89,28,40,0.13759408920237245,0.02210851986482062,133.1320499661548
449,gasoline,0.06578724916238216,0.006578724916238216,0.05325945509708989,118.80188475683616,203.2213745144763,1326.4314680658078,5,87,28,40,0.14437804305242785,0.02436968994671015,126.9704837238743
450,gasoline,0.06578724916238216,0.006578724916238216,0.05591974701972427,118.29122621661227,202.95562253833327,1293.756591427685,5,85,31,41,0.15399654402620674,0.024605886619368907,130.841900860601
451,gasoline,0.06578724916238216,0.006578724916238216,0.05667422548072109,121.47591490813635,207.97946517852168,1304.3981131255293,5,85,32,41,0.16577719844113695,0.02242120276685999,130.99320561034156
452,gasoline,0.06578724916238216,0.006578724916238216,0.05298983182002265,112.87833690646136,197.72277149740572,1302.1902389174238,5,85,31,39,0.13759910488633106,0.022599336509297335,135.12522559463184
453,gasoline,0.06578724916238216,0.006578724916238216,0.05299823214189117,116.42467386673441,203.24028381852526,1348.234878259559,5,89,30,39,0.14845241390642105,0.02074525821213261,130.5235122140831
454,gasoline,0.06578724916238216,0.006578724916238216,0.053585658967015816,113.1317953741618,197.80205321666702,1322.6612714586586,4,83,28,41,0.13537391611018282,0.024459121895093874,131.89759947349154
455,gasoline,0.06578724916238216,0.006578724916238216,0.05838297492283668,118.5193613253757,204.8539329629793,1347.9831401437177,5,83,28,42,0.1676773006050261,0.026461196208165186,127.59408301164851
456,gasoline,0.06578724916238216,0.006578724916238216,0.054404335112501326,114.22774511837402,200.33272096738472,1310.7960689381803,4,87,32,41,0.14439222534840404,0.023361170904848814,133.745768921618
457,gasoline,0.06578724916238216,0.006578724916238216,0.055464275420272234,114.53918078201525,202.15747047031155,1330.5858174901612,5,89,28,40,0.16120547485483772,0.022321933388539553,129.1994540716578
458,gasoline,0.06578724916238216,0.006578724916238216,0.05423456294146257,114.53650926535569,200.86019538374768,1370.218644878708,4,93,27,41,0.14492956178818925,0.022874480507866855,134.4254536205255
459,gasoline,0.06578724916238216,0.006578724916238216,0.05289099982311336,116.1531458070514,199.04174985591123,1289.014090787844,4,86,30,38,0.14108214228933277,0.022598213504259387,132.89606815811618
460,gasoline,0.06578724916238216,0.006578724916238216,0.0526339977602605,111.08246298161994,196.00671346313663,1297.4117196436591,5,89,29,43,0.1340257549695041,0.024123600033010374,132.75784234006522
461,gasoline,0.06578724916238216,0.006578724916238216,0.054838345582501564,115.03126686956381,201.83654864703487,1318.4313776730282,5,88,28,43,0.14294770394873196,0.026577754810710376,130.56917854836738
462,gasoline,0.06578724916238216,0.006578724916238216,0.054202653168215494,113.69386946585895,200.36184569543823,1332.6580152081635,4,90,27,42,0.14273070584382253,0.024011511000920926,132.45913562946618
463,gasoline,0.06578724916238216,0.006578724916238216,0.05606960618492161,117.60303422010884,206.4755129501181,1316.5135095953124,6,85,31,43,0.15452933784625406,0.02626937406447296,127.43655489312434
464,gasoline,0.06578724916238216,0.006578724916238216,0.0537444311498756,116.37959513888185,202.22008857801643,1266.8781750469745,6,86,30,41,0.1445625498709437,0.024529380154278854,129.88703650043442
465,gasoline,0.06578724916238216,0.006578724916238216,0.05589190866263584,118.24707028230603,205.51619885878304,1342.5872203928782,4,90,27,42,0.15151639033817366,0.024945420462200316,131.90792114175815
466,gasoline,0.06578724916238216,0.006578724916238216,0.05546465655896924,114.03807450213284,201.58944677348282,1382.1164210903155,5,87,27,42,0.14642073428760485,0.023945012982351487,136.41412070296815
467,gasoline,0.06578724916238216,0.006578724916238216,0.05604925658491353,115.94844537673424,204.73036698231624,1387.4624173506218,7,86,29,40,0.1555879836720803,0.02190745649465667,133.9413741763276
468,gasoline,0.06578724916238216,0.006578724916238216,0.058514436458088855,120.89082684455643,209.0939416838735,1304.9037656741427,5,86,32,41,0.17905457391040622,0.021542292992542525,128.6342423860536
469,gasoline,0.06578724916238216,0.006578724916238216,0.05208693527456781,112.194131960917,197.1697058490897,1318.4554474531078,5,88,25,40,0.1308769758567628,0.022945951737654045,136.5216593660916
470,gasoline,0.06578724916238216,0.006578724916238216,0.05890401503931243,118.82016912850584,206.14045402357686,1284.774821888656,5,90,27,41,0.16542471330820693,0.026547839123962448,130.83956946748822
471,gasoline,0.06578724916238216,0.006578724916238216,0.05690800331561992,114.06037411077665,202.33971826469127,1290.8770156383853,6,88,28,41,0.15261652926647476,0.02473288267560217,133.42313604876028
472,gasoline,0.06578724916238216,0.006578724916238216,0.054228887210711216,113.60257880759785,198.78396771072386,1307.5565601582252,5,90,29,41,0.14602218269878,0.022828183397016772,133.8313167891242
473,gasoline,0.06578724916238216,0.006578724916238216,0.05169310931951035,113.31834328591856,196.6272490875886,1320.7040729322134,5,85,27,38,0.12997507210067424,0.023283327769874417,134.22816590915514
474,gasoline,0.06578724916238216,0.006578724916238216,0.06044331772381856,120.51280767845293,210.93330928952827,1342.4508182162895,7,83,29,41,0.1821741167386162,0.024651161367102235,129.56907392124603
475,gasoline,0.06578724916238216,0.006578724916238216,0.05129840195620408,113.70521383456644,198.455881084643,1295.628983595922,5,87,29,41,0.13128731409738403,0.023922019039037175,130.23959824425535
476,gasoline,0.06578724916238216,0.006578724916238216,0.05152186395637612,112.66208970000494,197.69820241649612,1366.528395019024,5,86,29,41,0.13620496617215885,0.021754335755390083,131.71446033466367
477,gasoline,0.06578724916238216,0.006578724916238216,0.052308732877095344,112.9440282576843,197.9225659702375,1351.1625213634397,4,88,30,41,0.13749316666780945,0.023168642254913937,131.0842933021009
478,gasoline,0.06578724916238216,0.006578724916238216,0.05255774169599636,114.27051857654489,199.9749521493918,1321.8980457571936,5,88,27,40,0.13916344895484456,0.02077744496154713,133.56757713012226
479,gasoline,0.06578724916238216,0.006578724916238216,0.053507419550188784,117.73119034465277,201.52298256643923,1302.8638713533915,4,89,30,40,0.1465519498220975,0.022188129244234925,130.86533915395958
480,gasoline,0.06578724916238216,0.006578724916238216,0.05454998655930002,113.24631297380722,200.90801918806983,1329.5505431795445,7,89,30,43,0.14054310367337147,0.02472438951672302,132.67905463307048
481,gasoline,0.06578724916238216,0.006578724916238216,0.05363499660672319,115.59173258333249,200.19481291128952,1313.3165697025925,4,87,32,41,0.14337979579342444,0.022893250540085334,132.87596272260498
482,gasoline,0.06578724916238216,0.006578724916238216,0.054928657993737036,112.36438922906353,198.05780525393246,1313.7897979291165,4,86,28,44,0.14141884174765984,0.024899090512257402,135.63800706334948
483,gasoline,0.06578724916238216,0.006578724916238216,0.05638800479877514,113.736012913658,201.61389679406494,1274.7769526841794,6,94,27,41,0.15425510729917405,0.024443558218735218,132.37032186095564
484,gasoline,0.06578724916238216,0.006578724916238216,0.05590567647894584,114.8842252435711,202.38923611624526,1315.3315028126394,5,90,27,42,0.15056361618776973,0.024837433539702147,132.0359673048251
485,gasoline,0.06578724916238216,0.006578724916238216,0.05446440854493412,116.66435923661889,201.11965427719048,1285.970332694632,5,85,29,42,0.1430108243448717,0.02338718211522669,133.6349860874217
486,gasoline,0.06578724916238216,0.006578724916238216,0.05561548317140336,117.68079840765124,206.42583481318874,1349.7642772247564,5,92,30,38,0.16060172253839755,0.02244383551195897,130.5873389868584
487,gasoline,0.06578724916238216,0.006578724916238216,0.05299675839409133,115.39417719739157,201.1893114850887,1312.3817254606636,5,87,27,41,0.1410967611120569,0.022793210075993286,132.7415697428404
488,gasoline,0.06578724916238216,0.006578724916238216,0.0561055997072505,116.35334521848115,205.32220188720174,1353.231442820641,5,89,28,40,0.15512034047729495,0.02420918245736998,133.04813807825994
489,gasoline,0.06578724916238216,0.006578724916238216,0.05339636188439343,113.75160371042095,199.10735399885095,1306.226175746707,4,89,29,41,0.1469034002981772,0.023372960564384572,127.61624323891125
490,gasoline,0.06578724916238216,0.006578724916238216,0.056714977135978756,118.75467109336704,206.33168833136506,1341.022734600358,7,83,28,42,0.15834060195530283,0.023907961753592735,132.57763826085002
491,gasoline,0.06578724916238216,0.006578724916238216,0.05608530217776511,118.51726880920219,205.14812027315745,1340.9554111799498,5,87,30,41,0.15855939337935868,0.023961141466108726,130.31623495458186
492,gasoline,0.06578724916238216,0.006578724916238216,0.052998065243600186,116.92058242673055,203.01137467142232,1308.3335024951737,5,87,30,39,0.14336890211976466,0.02265927925489645,130.17458432608936
493,gasoline,0.06578724916238216,0.006578724916238216,0.05285061352202838,117.71985341187059,201.9349673253829,1289.0005426919365,5,87,32,40,0.1459165074762921,0.020755746507820406,132.4273543135554
494,gasoline,0.06578724916238216,0.006578724916238216,0.05567938599908456,117.69445813002012,203.64850533933424,1308.0690877640927,5,88,30,42,0.1520353128912494,0.02519941167858554,130.3360875768206
495,gasoline,0.06578724916238216,0.006578724916238216,0.05429833996914704,115.59209803264254,199.25936583211592,1307.0856126199083,4,86,28,42,0.14546546615201073,0.02410302801448297,130.65462747272227
496,gasoline,0.06578724916238216,0.006578724916238216,0.055913771729269916,118.85423750011073,207.11665126506583,1351.9915204231552,6,87,30,41,0.15761692600639637,0.023819585511905664,130.84312192126384
497,gasoline,0.06578724916238216,0.006578724916238216,0.057415358731453384,114.19956010358742,205.0846452476766,1314.987902771902,5,97,28,42,0.15731710012037511,0.024668318526396015,133.78285510804864
498,gasoline,0.06578724916238216,0.006578724916238216,0.051775660019427745,113.21939731964386,199.01726099702176,1304.0527578257859,6,88,30,40,0.13945942022266242,0.021303591724904054,131.1347256827127
499,gasoline,0.06578724916238216,0.006578724916238216,0.05228494977682348,114.20438471920203,197.74409113842412,1309.8583645862973,4,84,26,41,0.13867658638525435,0.022224919475723925,132.37594179744553
500,gasoline,0.06578724916238216,0.006578724916238216,0.057390190532402074,116.50316411087687,206.10744911479827,1348.1123783132866,6,91,28,40,0.16451479590426474,0.023530368129838067,129.10345031343724
1,diesel,0.06578724916238216,0.006578724916238216,0.05346531018742121,105.46872622037739,189.38182492030197,1298.5452106622283,4,91,27,43,0.13089268665737822,0.028605481665096178,128.90306266401984
2,diesel,0.06578724916238216,0.006578724916238216,0.052422483648715226,106.31284068926742,192.70561079305733,1279.483023804059,5,98,25,44,0.1314330492604893,0.026509370511109825,129.29441690552983
3,diesel,0.06578724916238216,0.006578724916238216,0.0527047712945813,107.99938456246444,193.92216160765113,1225.9151255634183,6,93,26,41,0.13829451529375142,0.024189302562098156,133.50667613274945
4,diesel,0.06578724916238216,0.006578724916238216,0.05170453720745328,108.84695163204346,193.32511771540874,1248.0054839560676,6,92,26,43,0.13277622085341367,0.024892734444857973,129.70089525241366
5,diesel,0.06578724916238216,0.006578724916238216,0.055443690704252556,109.55773382512554,193.6440919145056,1234.1804969517382,5,95,26,43,0.1474446072821956,0.027772627369324093,129.33539249046018
6,diesel,0.06578724916238216,0.006578724916238216,0.05052997055635143,107.72088496672066,190.04825828879316,1269.3643038083947,4,87,28,43,0.12344508037266683,0.025160355720812082,129.85627805477458
7,diesel,0.06578724916238216,0.006578724916238216,0.053932879253527764,104.96412594431403,190.36238715107953,1298.0082543593276,4,93,27,43,0.13538072621829741,0.025647874016316196,135.55476804873
8,diesel,0.06578724916238216,0.006578724916238216,0.05349985435111798,109.20283103822865,193.74687274306513,1268.8554259365676,5,90,25,44,0.13683974750378028,0.02705730790119615,128.79973618393103
9,diesel,0.06578724916238216,0.006578724916238216,0.050359662086493326,110.89671393906518,191.65652623965613,1270.9711123098664,4,86,28,44,0.12526317823590005,0.02561822569834433,127.47609422919955
10,diesel,0.06578724916238216,0.006578724916238216,0.05167580236240514,108.31986920296866,191.7330463312405,1295.5877089327937,5,85,28,43,0.1319176080388138,0.02589415447211656,127.55225804534653
11,diesel,0.06578724916238216,0.006578724916238216,0.054439191293642164,109.83175375258809,194.85832033763285,1288.9386449432313,6,89,28,43,0.14410594999628798,0.026417157928569933,130.38279178611506
12,diesel,0.06578724916238216,0.006578724916238216,0.05226385079871178,108.46370514279873,191.21436997211538,1270.4125111968983,5,91,27,43,0.12763331889702248,0.026818675780636677,129.90879969183635
13,diesel,0.06578724916238216,0.006578724916238216,0.054165992072407645,108.44145887556272,190.9411146096661,1276.8323989432827,5,87,32,43,0.13273627625004122,0.029478835679772834,130.63416900975093
14,diesel,0.06578724916238216,0.006578724916238216,0.05008813126918765,109.13043686504244,193.2550495802009,1297.3506246026611,5,90,27,42,0.12406350364391917,0.025591833424115328,126.79642078894717
15,diesel,0.06578724916238216,0.006578724916238216,0.05414577484299647,107.95681361933475,193.3362225951806,1296.6673206885796,4,90,26,44,0.14146069309117065,0.028380275624403924,127.23058510747913
16,diesel,0.06578724916238216,0.006578724916238216,0.052754500597462506,110.20254421712536,191.60802737859112,1247.2932056797813,5,84,30,42,0.13058307318428122,0.026147709658432987,132.66675874597644
17,diesel,0.06578724916238216,0.006578724916238216,0.053704611561271154,108.67789036424438,193.22112251984242,1281.1365468228446,5,91,27,43,0.13375863550131656,0.028308213482305774,131.00591690926476
18,diesel,0.06578724916238216,0.006578724916238216,0.05300211737923885,108.94077814859105,192.75820194584293,1274.6020138560425,4,88,28,43,0.13374497973999971,0.027550581389572004,129.20605362557862
19,diesel,0.06578724916238216,0.006578724916238216,0.052928759192685304,108.07345213121316,193.01626911069476,1237.316384215786,6,92,29,43,0.13020093370906652,0.027872694360435667,131.29533282677764
20,diesel,0.06578724916238216,0.006578724916238216,0.05182567573521626,108.4790711326335,191.0228974748634,1289.8286018122653,4,89,28,43,0.125612398607953,0.028325532194133106,128.09397145676314
21,diesel,0.06578724916238216,0.006578724916238216,0.053516328712328226,111.08899103940809,195.16369602860263,1270.6087320761744,4,92,26,44,0.13752717662778483,0.02758781538369634,129.96079549732798
22,diesel,0.06578724916238216,0.006578724916238216,0.05216793994460099,108.62773982880135,190.54373094821844,1234.0657083344436,4,90,30,43,0.13084065174865991,0.027031128704559676,129.43933604158417
23,diesel,0.06578724916238216,0.006578724916238216,0.05256449827260573,103.94440200949913,187.88469704448733,1300.196265216916,4,91,27,43,0.11974645394863234,0.029718430957177883,134.42869697790135
24,diesel,0.06578724916238216,0.006578724916238216,0.05464926572322747,110.00813664275343,192.26489066857542,1265.1747230700794,3,87,28,44,0.13657986112316325,0.03068834519267353,128.30098963230253
25,diesel,0.06578724916238216,0.006578724916238216,0.05103174117318496,109.62842594832684,191.59350784397682,1270.7118279841777,4,86,28,42,0.12725815977034205,0.026481662501506884,127.8251936846521
26,diesel,0.06578724916238216,0.006578724916238216,0.050831679943546086,109.41099684938418,192.46878219711817,1287.2093514189055,4,90,28,42,0.1312649865229562,0.022343855875060284,130.74846060576428
27,diesel,0.06578724916238216,0.006578724916238216,0.0543175966703054,110.26250117144606,194.61726537240492,1227.0254941824505,5,88,25,44,0.13515814967425185,0.029944392057945364,129.2379322713256
28,diesel,0.06578724916238216,0.006578724916238216,0.05279902607251569,105.18914573236292,188.19944636996013,1229.2036454343588,5,93,28,44,0.1308550416698628,0.027206235337599693,132.99427441547675
29,diesel,0.06578724916238216,0.006578724916238216,0.05417080573190725,114.30827964176194,195.84891325188178,1253.3798557959958,6,86,28,43,0.14117383568034608,0.028272758632114918,127.75727422953207
30,diesel,0.06578724916238216,0.006578724916238216,0.0505481627172239,108.25954117856138,189.8792700683529,1282.786753064555,3,89,27,41,0.1277241756329685,0.023775288909040702,128.8026431039954
31,diesel,0.06578724916238216,0.006578724916238216,0.05174391676112359,108.5446660070223,190.00096808011963,1283.5212975198103,5,89,26,41,0.13097244753607312,0.025111095497862997,129.81950106432515
32,diesel,0.06578724916238216,0.006578724916238216,0.050346436898441184,107.46805845925184,189.2029077385741,1252.769621513752,5,88,27,44,0.11731293801105411,0.02642728563399574,132.09076257571394
33,diesel,0.06578724916238216,0.006578724916238216,0.05237589556596722,107.19030678743704,191.11156691391764,1237.3711410111607,4,87,28,44,0.13071246095035646,0.02754144606160011,128.25009050466832
34,diesel,0.06578724916238216,0.006578724916238216,0.050322482030219884,108.57181408938251,190.57564998226857,1268.7761575097657,4,91,28,41,0.12849162455673166,0.02502383885856089,127.52922528820433
35,diesel,0.06578724916238216,0.006578724916238216,0.05317740822442563,108.35712455903342,193.86368087278393,1306.810112734759,4,90,27,44,0.13141660489030926,0.02851063728349431,129.70441139397965
36,diesel,0.06578724916238216,0.006578724916238216,0.05321865426335021,108.45425868889971,192.54355070793144,1279.6273137118706,6,92,26,42,0.13672544585259389,0.02651164739407492,129.31040685139268
37,diesel,0.06578724916238216,0.006578724916238216,0.05144871543047369,110.50394363903126,191.64511770874145,1235.9965366897745,5,86,27,44,0.12463943272777453,0.02892919109394064,127.86212413407864
38,diesel,0.06578724916238216,0.006578724916238216,0.051469024406213926,111.09075366882135,192.61776188263715,1261.1864766913852,5,87,28,44,0.12742271829328222,0.025852542808954534,128.93127161645248
39,diesel,0.06578724916238216,0.006578724916238216,0.05253173098359113,109.26716105390952,191.1925705833909,1240.0645986541967,5,90,28,41,0.13037693141416376,0.027180388950692132,130.221010243927
40,diesel,0.06578724916238216,0.006578724916238216,0.05426813066494189,110.62714867965217,192.17809678972887,1250.4509859709292,4,83,28,44,0.13337167083322238,0.029537448045523846,129.76260809356427
41,diesel,0.06578724916238216,0.006578724916238216,0.054891448357916824,106.81013147071747,190.84659026987873,1299.2604676252936,4,89,27,44,0.13338480022945806,0.02846758197852633,134.779431983103
42,diesel,0.06578724916238216,0.006578724916238216,0.05314033331468619,109.31963096168636,192.40465792141865,1214.5414937706837,5,89,29,43,0.1307589432154915,0.027903276824870406,131.07428033949907
43,diesel,0.06578724916238216,0.006578724916238216,0.050790235151942566,105.37378003622824,188.4730799447052,1308.151704196369,6,89,25,43,0.11902174933368162,0.026723492987478056,132.2948791577277
44,diesel,0.06578724916238216,0.006578724916238216,0.0511994326619257,108.33454857811175,191.8309343949857,1272.6323165726221,5,91,25,42,0.12443763736181115,0.026697169276397557,128.6112584261704
45,diesel,0.06578724916238216,0.006578724916238216,0.050857721570818394,108.0156286655104,189.86354761689128,1270.141222818549,5,85,25,42,0.12022831825410873,0.025738279683789996,133.95036774601544
46,diesel,0.06578724916238216,0.006578724916238216,0.051611387915699226,108.28504173434521,192.61310904248145,1246.6034643867954,5,93,25,42,0.12312170546563873,0.028001426762842625,129.92634846691016
47,diesel,0.06578724916238216,0.006578724916238216,0.05105248908105569,108.85872746211189,193.6091700186816,1267.8537050461446,5,92,28,42,0.1327208108442624,0.024674023193898595,125.9145819000532
48,diesel,0.06578724916238216,0.006578724916238216,0.05335550538327562,109.2380329104,192.37857246020204,1237.3994767053402,4,91,28,43,0.13779017169779864,0.02700386976651969,127.21198076588607
49,diesel,0.06578724916238216,0.006578724916238216,0.05486830039344577,110.08986963277674,195.03906789797458,1310.9999896638665,5,89,28,42,0.14443912063102035,0.027256793203600135,129.11012301979383
50,diesel,0.06578724916238216,0.006578724916238216,0.055059767084640436,108.70670755660802,195.44890577715606,1219.1441659974473,6,92,25,44,0.14450643980331826,0.028124728522445422,129.18180073579234
51,diesel,0.06578724916238216,0.006578724916238216,0.05165697209820874,106.3809970143653,186.5847643286219,1206.4377768087277,5,89,25,45,0.1193653594366393,0.028133873916403457,131.63811649668395
52,diesel,0.06578724916238216,0.006578724916238216,0.05383563268850182,109.73487613308394,192.8049662918428,1286.6624546282833,6,89,28,43,0.13353101354474614,0.028063770897932078,130.88216552658784
53,diesel,0.06578724916238216,0.006578724916238216,0.053120572056585054,107.60643161135722,191.00836054380312,1257.4594985205272,5,85,28,43,0.13258638901664493,0.027382712039895504,131.18068198991705
54,diesel,0.06578724916238216,0.006578724916238216,0.05177335535790856,108.95700811577568,193.889171090465,1277.4071777521174,5,91,27,42,0.1343180842343703,0.025663005844079042,127.37458355629828
55,diesel,0.06578724916238216,0.006578724916238216,0.05368127410674356,107.77398150167892,190.47708765505593,1253.0859165151069,4,88,27,44,0.132610223456736,0.027127642682044355,133.13789437758973
56,diesel,0.06578724916238216,0.006578724916238216,0.051175962045876065,109.09473197686538,190.10370866722423,1245.4649687610954,4,86,27,44,0.12497234959713154,0.026894385946536356,129.6878298054137
57,diesel,0.06578724916238216,0.006578724916238216,0.05460728154697308,106.50212663867752,191.43669009586543,1305.5464866059378,3,94,26,43,0.13029206434918714,0.031030905413330298,132.5133716274563
58,diesel,0.06578724916238216,0.006578724916238216,0.0548069001823736,112.19424714030845,194.06496657537255,1253.2718402495223,4,82,34,44,0.144845514098047,0.025933875657715898,131.59250768559392
59,diesel,0.06578724916238216,0.006578724916238216,0.050563361153009814,108.81338118213725,191.87256441195066,1257.155796343006,4,88,27,41,0.1243932880894731,0.026480406389643277,126.95374503628176
60,diesel,0.06578724916238216,0.006578724916238216,0.05147664658501214,109.04189105868365,189.60200971684583,1249.0259860505103,6,87,28,43,0.1216218582135684,0.02776547553148394,131.11359239189136
61,diesel,0.06578724916238216,0.006578724916238216,0.0512798550334591,107.61410335438568,188.06094048975135,1245.1896430238553,4,83,25,43,0.12561307584086875,0.02515593530647831,133.0099756960591
62,diesel,0.06578724916238216,0.006578724916238216,0.05406556338200259,111.93809122715415,195.4028898032296,1236.875372851375,5,90,31,41,0.14863916660969967,0.02543883382875142,125.47353075592991
63,diesel,0.06578724916238216,0.006578724916238216,0.051163087610156935,109.77161780745715,192.92745689884728,1292.9051956767598,3,94,28,41,0.1335275988962954,0.02424459558780757,128.3116287489625
64,diesel,0.06578724916238216,0.006578724916238216,0.05297702240997979,110.2052018873271,194.9933704218283,1285.5610398200681,6,88,28,43,0.13455108998685192,0.026861779702367184,129.64810778713766
65,diesel,0.06578724916238216,0.006578724916238216,0.051584289230794056,108.41682605272268,190.47066149159392,1226.412649486368,5,90,27,44,0.12283895819000364,0.029014311486569758,127.70847172698168
66,diesel,0.06578724916238216,0.006578724916238216,0.05449634962691258,107.94133919892394,193.46145345274493,1243.4095516433504,5,92,25,44,0.1413676049473041,0.02721382894410337,130.81744935344202
67,diesel,0.06578724916238216,0.006578724916238216,0.05065676550384447,106.56182899788729,189.45902619496124,1269.1134863532254,5,87,26,45,0.12116117242031348,0.026504785565076645,130.33158505574187
68,diesel,0.06578724916238216,0.006578724916238216,0.05014800691778405,106.59729623890547,187.53397237417752,1295.3198357775861,4,86,28,41,0.11928095478737155,0.02488210289660136,131.8381050665895
69,diesel,0.06578724916238216,0.006578724916238216,0.05436531560153965,107.26109679284652,193.9922068078619,1299.3844280708734,5,94,26,44,0.13761079980444207,0.02976869306304706,129.47432517544007
70,diesel,0.06578724916238216,0.006578724916238216,0.050435991159219394,109.54919221228002,190.75389069411082,1247.1732142325716,4,88,27,41,0.12078760970884952,0.025797574058568286,130.5308577513803
71,diesel,0.06578724916238216,0.006578724916238216,0.0501493339629182,107.67206988750895,189.4379635807222,1276.5671475992563,5,91,29,42,0.12126006593555598,0.02687315430447491,126.74272900200008
72,diesel,0.06578724916238216,0.006578724916238216,0.05067889898489902,105.60470645482417,187.86157420218197,1234.5689042857086,5,91,27,42,0.12580247071097295,0.024880084763197665,131.35353593738364
73,diesel,0.06578724916238216,0.006578724916238216,0.05252284018484492,108.72000464239791,192.32654090682576,1240.7597262294564,4,94,29,44,0.13444327633136438,0.02732802883726997,126.2113517721628
74,diesel,0.06578724916238216,0.006578724916238216,0.05002487376162288,106.37666184551628,190.16998385024095,1271.4062041184357,5,89,23,42,0.11754497071558251,0.024603533691427874,133.2789022873373
75,diesel,0.06578724916238216,0.006578724916238216,0.056983167088209344,109.37839665518324,197.42248366308655,1340.2211959523006,5,95,26,44,0.15638655664697396,0.027458157336608544,128.81550442509334
76,diesel,0.06578724916238216,0.006578724916238216,0.050661280535588805,105.60756471811983,190.0072106674675,1251.7831950165264,4,96,27,41,0.1206221890264675,0.02637362006155909,130.72914203205085
77,diesel,0.06578724916238216,0.006578724916238216,0.05045852514381437,107.47739918176877,191.60237244589217,1259.3162983039028,5,93,25,41,0.1253563527711169,0.024588278705056046,128.16889506106406
78,diesel,0.06578724916238216,0.006578724916238216,0.0542758333979772,105.35864656700669,190.06118595399602,1279.6390376205823,5,91,26,44,0.12955787407721325,0.029872452117296566,132.49678096713114
79,diesel,0.06578724916238216,0.006578724916238216,0.055392346395586614,107.92768008212005,194.98320138547064,1305.96654617848,6,93,27,43,0.14353143300592072,0.029359853119488646,128.5023997469803
80,diesel,0.06578724916238216,0.006578724916238216,0.050863153255398,107.97346578716953,191.475597191536,1312.072859885895,5,89,28,43,0.12690733260965095,0.02719402756548817,124.81048394104269
81,diesel,0.06578724916238216,0.006578724916238216,0.053972212463394065,110.35879839080792,194.3924295827141,1248.41244308017,5,88,27,43,0.1399600681614643,0.025069430775149334,131.57573494290207
82,diesel,0.06578724916238216,0.006578724916238216,0.0487571752219242,104.3646091335595,183.66399105019397,1243.887746646937,4,87,27,42,0.10580452304643159,0.02815530080993791,130.2036398873489
83,diesel,0.06578724916238216,0.006578724916238216,0.05627129605693898,108.92529781253697,195.24835175995202,1188.954056057003,6,93,28,43,0.15236379095683356,0.028930880739571306,125.84090491623861
84,diesel,0.06578724916238216,0.006578724916238216,0.05387675550635432,106.59533050986718,190.05409590976825,1240.9903226339657,4,91,28,42,0.13376331871828936,0.027133668478294962,133.7473368713136
85,diesel,0.06578724916238216,0.006578724916238216,0.0528731280827298,109.0018075127499,189.83719902958805,1290.998391269997,5,86,27,44,0.12173960171709637,0.028539236847681247,134.51540969454527
86,diesel,0.06578724916238216,0.006578724916238216,0.05185620494515687,107.49550836085396,191.8543480346347,1275.4471422619974,6,90,23,42,0.13157028454607592,0.025756892105563586,127.67425954731458
87,diesel,0.06578724916238216,0.006578724916238216,0.05224641653549341,108.43138391153317,192.3122036809477,1248.914953903073,4,92,27,43,0.13224642867786854,0.027712635331491313,128.3868341896815
88,diesel,0.06578724916238216,0.006578724916238216,0.04980545722259746,105.85257305141094,187.24836048482197,1317.220439943424,4,89,24,43,0.11481506377148952,0.028360129536254927,129.51714950982026
89,diesel,0.06578724916238216,0.006578724916238216,0.0516830372600856,105.80977561989745,189.1827620047614,1252.3670146202146,4,96,25,42,0.12639122929400337,0.026809267766187847,130.81649148018502
90,diesel,0.06578724916238216,0.006578724916238216,0.052023649513479056,110.01604868051203,195.7462150709545,1320.9708785974583,5,89,27,43,0.13562524495310424,0.023819646755765804,128.95892220933
91,diesel,0.06578724916238216,0.006578724916238216,0.05256240552713177,109.94644857989697,192.39287057143838,1285.2916790031115,4,86,28,42,0.13101507784618666,0.026888570995042004,128.92836936955428
92,diesel,0.06578724916238216,0.006578724916238216,0.051556960079618255,107.48617426299262,191.02960394911847,1248.1356940400117,6,88,28,44,0.1256418482494046,0.02677810492440371,129.08413723042148
93,diesel,0.06578724916238216,0.006578724916238216,0.05200056729791741,108.6051771377928,190.69353798537574,1242.866851742385,5,89,25,43,0.12821474142781614,0.024536577255050273,133.73546192695608
94,diesel,0.06578724916238216,0.006578724916238216,0.05181916643789236,107.32268901494615,188.448297227573,1290.2056825798336,5,87,28,43,0.1246727092750278,0.0262765577331872,132.37815708514208
95,diesel,0.06578724916238216,0.006578724916238216,0.05193894610152063,109.03031229347891,190.25734307905734,1270.3107783554524,5,89,25,43,0.12126552310421623,0.028797428481066253,132.01184482338758
96,diesel,0.06578724916238216,0.006578724916238216,0.053230034438268695,109.53372913750322,191.6578544786364,1235.0189132501655,4,92,29,42,0.13543621445254098,0.028328667387969922,127.00204534753252
97,diesel,0.06578724916238216,0.006578724916238216,0.054478873029202915,107.92950597387745,194.33073073256617,1269.6681630479195,5,94,23,44,0.13851103498509929,0.027062320849374554,131.91243164279015
98,diesel,0.06578724916238216,0.006578724916238216,0.05266034829370818,110.0113672048905,192.44437226348376,1289.9748205789115,5,86,27,44,0.13500683680520056,0.026644402855902236,128.60367705294834
99,diesel,0.06578724916238216,0.006578724916238216,0.0539564899697986,108.99424366042807,191.0512079994564,1288.4507392885948,4,84,30,44,0.1314987957354066,0.02854971711614932,132.95344906947875
100,diesel,0.06578724916238216,0.006578724916238216,0.051093625415182614,108.18621126868591,188.92272344883725,1264.5476812746851,4,84,30,42,0.12367880210587687,0.026225953563147667,131.53030653948227
101,diesel,0.06578724916238216,0.006578724916238216,0.05187806811894359,107.03888987778329,190.12394673214246,1256.024180933694,6,91,27,43,0.12604979331849533,0.028436888387739244,128.83282611118358
102,diesel,0.06578724916238216,0.006578724916238216,0.054968258407294204,111.62003397020891,195.7384448049083,1262.6104955116343,3,90,27,43,0.14370247865820812,0.028553157928730435,129.3143489757788
103,diesel,0.06578724916238216,0.006578724916238216,0.05290716525740596,104.3359097097775,190.82763276856986,1277.0163526653814,5,93,26,44,0.1328510842180722,0.028043598256671697,128.81708136525384
104,diesel,0.06578724916238216,0.006578724916238216,0.05148064642849197,111.26468543352766,192.88550200105482,1304.2612720160314,5,89,29,44,0.12420159493391995,0.02701245153933995,130.28020231033912
105,diesel,0.06578724916238216,0.006578724916238216,0.052104299227316894,105.80464994050965,186.37451327336493,1213.0335964634392,5,87,27,43,0.11923012933552685,0.02835850931655916,132.28504607469165
106,diesel,0.06578724916238216,0.006578724916238216,0.05264583568140521,112.7578131973479,194.31476143914514,1304.980339562067,4,86,28,41,0.13811246369525582,0.023904780977631573,130.9400033925378
107,diesel,0.06578724916238216,0.006578724916238216,0.049277306436046164,107.28626412785634,188.68313836642852,1252.3125917108282,4,87,28,42,0.12102290837673038,0.025182563646118865,128.25630619887016
108,diesel,0.06578724916238216,0.006578724916238216,0.05248485121727382,110.34715396314692,192.3802581135,1296.5421914288559,4,87,31,44,0.12471010656673728,0.028449060879964162,133.05250159680324
109,diesel,0.06578724916238216,0.006578724916238216,0.05041899114632807,107.60952557490933,190.11148455238228,1303.4033533499412,3,89,25,42,0.123611774713586,0.026056719508135248,128.2520058582761
110,diesel,0.06578724916238216,0.006578724916238216,0.05394034053967908,107.86462735231572,193.78060102614654,1307.9947608403916,5,95,27,43,0.13580471899040986,0.02816778266604549,130.92954110498948
111,diesel,0.06578724916238216,0.006578724916238216,0.05321197244254122,108.87381368253749,192.30257509336568,1196.4779018474576,5,88,32,43,0.1312701891250864,0.029072131461555916,128.80372974121966
112,diesel,0.06578724916238216,0.006578724916238216,0.05259608874717459,106.63140597064564,191.22485024243366,1246.4070109654463,5,94,26,42,0.1297562363492913,0.02545615910123182,133.14294227307258
113,diesel,0.06578724916238216,0.006578724916238216,0.05441358314112171,107.99876260155477,194.23826552693362,1310.7245348555807,6,93,27,44,0.12829855726904016,0.029526870968153512,135.75641660567462
114,diesel,0.06578724916238216,0.006578724916238216,0.05208379948135358,112.34217215805137,193.26903180481455,1233.2279490871167,6,87,29,43,0.1285636375598569,0.025778866698872794,131.13708956369751
115,diesel,0.06578724916238216,0.006578724916238216,0.056045426605958765,110.79607806156477,199.02761613289047,1235.8763950313548,7,92,27,44,0.15432638540612342,0.0289963990505447,123.59094776237961
116,diesel,0.06578724916238216,0.006578724916238216,0.05248385644819487,106.10175803326788,188.89277591011663,1233.2970793122543,5,91,27,44,0.1223528668809028,0.02977586044680238,131.45427041153525
117,diesel,0.06578724916238216,0.006578724916238216,0.05201580105550027,106.65578752845154,187.9954460997154,1287.397618835099,4,89,26,43,0.12440773670241242,0.02666537591035309,133.60800118674572
118,diesel,0.06578724916238216,0.006578724916238216,0.05215173579746844,109.22533150711838,191.77234719673018,1288.8427060559288,4,90,28,43,0.13048209835540456,0.025648785754365626,131.53693942115098
119,diesel,0.06578724916238216,0.006578724916238216,0.05259702832042248,112.91275568498094,193.99657882004547,1222.0227896636188,5,86,31,42,0.13403519083726853,0.026000288470295577,130.100559550226
120,diesel,0.06578724916238216,0.006578724916238216,0.05366852008967503,110.53278359271279,196.6038461686865,1287.5648308464747,5,89,27,43,0.13973060594964054,0.026109761791286434,130.7490852457827
121,diesel,0.06578724916238216,0.006578724916238216,0.05214126775372385,107.22263706485552,190.85569086748285,1316.9872671709736,3,92,28,43,0.12538062979542428,0.028788052890129135,128.72998935544956
122,diesel,0.06578724916238216,0.006578724916238216,0.05293714359588861,105.84095641286291,188.63558845799815,1219.3495455263323,4,94,24,44,0.12644858523902786,0.03069484377264808,129.67633303395792
123,diesel,0.06578724916238216,0.006578724916238216,0.05293936093889443,106.85003668971682,190.34852676254565,1278.9173084958593,5,94,27,44,0.12204375984197487,0.030004540183740724,132.13504321613178
124,diesel,0.06578724916238216,0.006578724916238216,0.05468272642011564,112.82948489084902,199.6454873043955,1291.1932052300033,5,90,28,42,0.146411167758446,0.026731523180634792,126.66063056745038
125,diesel,0.06578724916238216,0.006578724916238216,0.049346573136457704,106.77901111787432,188.3596429509756,1258.740538580898,4,90,25,42,0.11564157114369293,0.024329288797618483,131.79376927462118
126,diesel,0.06578724916238216,0.006578724916238216,0.05194719726066709,106.63701361394072,189.92782852722746,1294.6717959710718,4,90,25,43,0.13092878394963897,0.02563878877576754,129.51002454486513
127,diesel,0.06578724916238216,0.006578724916238216,0.05427342172791736,107.93269866528077,191.1646421173103,1300.9040741724484,4,88,26,44,0.12869850399198393,0.030483886739826237,131.6695961332835
128,diesel,0.06578724916238216,0.006578724916238216,0.05390474093545041,107.81676759202074,194.91401524054928,1286.1642037602687,6,90,27,42,0.13908043360580227,0.027109991470546352,129.2599375896681
129,diesel,0.06578724916238216,0.006578724916238216,0.049970240882297484,106.4215023010417,187.720845099794,1218.0504774240667,5,91,27,43,0.1189587161640926,0.025658258641755687,131.8804988364383
130,diesel,0.06578724916238216,0.006578724916238216,0.053375040367294437,104.63002171957339,190.77110704987282,1235.6231222601587,5,97,27,44,0.13004477895278957,0.029834291564613064,129.6642830248144
131,diesel,0.06578724916238216,0.006578724916238216,0.048819353638315445,106.56584122111843,186.8956605580756,1258.8506503086523,4,87,27,44,0.11473190280506959,0.025532723913977966,128.43223279039805
132,diesel,0.06578724916238216,0.006578724916238216,0.05377756615849794,108.7799272760743,193.4254854706549,1255.5270074101625,4,91,26,42,0.13763914209870898,0.027240421777992355,130.09120439080084
133,diesel,0.06578724916238216,0.006578724916238216,0.05526867162108355,109.38361963514774,194.32088843139366,1240.518482633228,7,87,28,43,0.1397069285158528,0.027882409021183597,132.87428911579627
134,diesel,0.06578724916238216,0.006578724916238216,0.05728184763301927,110.72415050600107,196.33876491074662,1246.6317519203933,6,90,26,44,0.15296200696571455,0.028787399775381025,129.01710790273663
135,diesel,0.06578724916238216,0.006578724916238216,0.052322679808233845,103.37292810030497,189.85165254907807,1296.7011872987714,5,98,25,44,0.12762096825769256,0.028027421702752006,129.84747857432455
136,diesel,0.06578724916238216,0.006578724916238216,0.051723076094847345,108.94795838982598,193.60879751594072,1271.1834221631293,5,91,24,43,0.13493146002209067,0.024462286217645998,128.4536802015781
137,diesel,0.06578724916238216,0.006578724916238216,0.05104935959674838,106.86468699562765,189.0562712325008,1264.2684715195453,4,93,25,43,0.12021177102194508,0.027871887721353437,131.10321001918138
138,diesel,0.06578724916238216,0.006578724916238216,0.05355193626001048,107.49308020141187,193.2907333768222,1310.0385042315006,5,91,28,44,0.13969338596768707,0.024669739420852287,132.37179346630145
139,diesel,0.06578724916238216,0.006578724916238216,0.05142892756757508,110.47667530548489,192.71297206917635,1205.3390510509475,5,86,27,43,0.12362101373649477,0.0268588289683454,131.19658056139735
140,diesel,0.06578724916238216,0.006578724916238216,0.05455545060613286,111.19294877558528,198.94680610882017,1246.2060415137134,7,90,29,43,0.14921221623159137,0.024801229621530297,127.49605788333938
141,diesel,0.06578724916238216,0.006578724916238216,0.051383449764248,106.80757510437739,189.36752576431277,1278.3037919063518,4,92,25,41,0.12595983471728733,0.02654310404464153,129.00911584779413
142,diesel,0.06578724916238216,0.006578724916238216,0.052134621358879564,108.90059747044381,191.79576614107148,1282.0360439179708,4,86,29,43,0.1273894231351164,0.027768941814373588,128.84000200589148
143,diesel,0.06578724916238216,0.006578724916238216,0.05425308097597926,108.247735518637,191.41012533465417,1257.9743182423729,4,92,27,43,0.13805289087041064,0.028618818615135745,128.75220351136878
144,diesel,0.06578724916238216,0.006578724916238216,0.0580096835058762,115.67919164164537,200.80454790602164,1222.8390385682144,8,83,32,44,0.16363715424164935,0.026943923614319694,129.28828686649254
145,diesel,0.06578724916238216,0.006578724916238216,0.05345424303709088,110.35763287677116,192.7819910239615,1258.8083211237972,5,87,28,42,0.13566435347985448,0.026952585426697127,130.34457948383795
146,diesel,0.06578724916238216,0.006578724916238216,0.049500239543295396,108.41347947802738,188.96662844444646,1240.0540213612776,4,88,27,43,0.121611127363096,0.025642830356746697,126.97622245562816
147,diesel,0.06578724916238216,0.006578724916238216,0.052389781861009406,111.31037276403855,194.362950030765,1266.620146631999,5,86,29,44,0.13081670612874308,0.026585787933364798,129.65555027350234
148,diesel,0.06578724916238216,0.006578724916238216,0.050924303230852654,110.36994313197447,192.27240539337572,1216.5695988014281,5,85,29,44,0.12746166056733185,0.025548892452637206,127.75650424437684
149,diesel,0.06578724916238216,0.006578724916238216,0.054700150875215944,110.908583148996,195.3570487275984,1265.6379093791425,6,86,29,43,0.1437829637996827,0.025710181390306133,131.26922238133503
150,diesel,0.06578724916238216,0.006578724916238216,0.05294403429431437,108.21451756009412,192.13234221700802,1253.0779079009103,3,93,27,43,0.13311305667375684,0.026781909926457684,130.38090652121923
151,diesel,0.06578724916238216,0.006578724916238216,0.05344696654142057,105.73786510591161,192.09731818186626,1265.343836566995,6,93,26,43,0.13885316207280954,0.026079241553783526,130.1282671937257
152,diesel,0.06578724916238216,0.006578724916238216,0.05318648596871843,107.11425383434315,190.8300302689402,1259.9199003826088,5,88,29,42,0.13303031248482183,0.02706155752128099,132.40506664325912
153,diesel,0.06578724916238216,0.006578724916238216,0.05190452726969772,108.10198479962095,189.9784925713176,1193.4397462909196,5,88,30,43,0.12621802954879205,0.026477263079717504,131.4225619499856
154,diesel,0.06578724916238216,0.006578724916238216,0.054862795713904025,113.77932122101583,195.6219665083045,1298.3436820603129,4,83,27,44,0.14033333529567105,0.026439183923890372,132.096517869438
155,diesel,0.06578724916238216,0.006578724916238216,0.05459831805404331,109.71545271242292,196.2995459987298,1258.6704514646976,5,94,29,42,0.15110553388006198,0.025177149365636718,128.1537867750466
156,diesel,0.06578724916238216,0.006578724916238216,0.05149466734090696,107.83738158428217,190.43873503343445,1249.4305950863848,5,91,25,43,0.12083172882188595,0.02784595445551065,130.98941067687608
157,diesel,0.06578724916238216,0.006578724916238216,0.04847915332004367,107.4756056960119,189.27321654310057,1257.862874925635,4,89,25,43,0.12058374383828237,0.024573157647114322,125.25832337611988
158,diesel,0.06578724916238216,0.006578724916238216,0.05418838826338576,108.27591719258777,191.37994011851407,1212.7482404501927,4,91,25,44,0.13187128175753718,0.029851291032665567,129.40828253976085
159,diesel,0.06578724916238216,0.006578724916238216,0.05163779150811511,109.74258892260576,192.82399445694313,1271.8301582087745,4,88,30,43,0.13029337693868792,0.025493110255249682,129.69418086628505
160,diesel,0.06578724916238216,0.006578724916238216,0.05635122026783401,110.50040001729178,195.2733356040193,1244.4217770815353,5,90,25,43,0.14488943405263918,0.029948496617169106,130.44692695355377
161,diesel,0.06578724916238216,0.006578724916238216,0.053967633932575525,103.9675635828102,191.70835439097908,1253.4382655142253,5,95,29,43,0.1358255123489025,0.028295599755915016,131.16512011091692
162,diesel,0.06578724916238216,0.006578724916238216,0.05189373327083695,110.68897668610064,190.83477125718727,1288.4101873523098,4,85,28,42,0.12399440180682376,0.028492344585130544,130.89516529020722
163,diesel,0.06578724916238216,0.006578724916238216,0.05458945108151461,111.35809803818157,194.48497028956285,1273.5556075010868,5,87,30,43,0.14182845083949785,0.026473612410334402,131.4067969969932
164,diesel,0.06578724916238216,0.006578724916238216,0.050741099959186416,107.15621614312971,188.76127222166457,1287.5664352001247,5,87,28,43,0.12387201109883968,0.02703012796575659,127.52642477137078
165,diesel,0.06578724916238216,0.006578724916238216,0.052730486488522015,106.28369432566186,190.9764470754458,1249.088539227661,5,93,27,43,0.13208388114448108,0.02670612170425254,129.31300763300405
166,diesel,0.06578724916238216,0.006578724916238216,0.053409908886244445,109.92668461207175,194.75195365178942,1272.5568785907608,4,89,27,42,0.13743333583821724,0.02818276146801315,126.48548750099664
167,diesel,0.06578724916238216,0.006578724916238216,0.05332779634041142,107.67566216410154,191.0589278460889,1247.1708502778756,5,92,27,43,0.13187943596243756,0.028085928344696313,130.47372750031826
168,diesel,0.06578724916238216,0.006578724916238216,0.052073894437054936,106.43233044392177,189.87025911934393,1261.5489569963183,5,91,25,43,0.12762962998371855,0.027175179392024927,129.19694450179006
169,diesel,0.06578724916238216,0.006578724916238216,0.052866829127867006,109.27761163056235,194.09121665483414,1271.9484497863427,6,88,26,42,0.14201114664776415,0.02300216352561594,129.26553226965018
170,diesel,0.06578724916238216,0.006578724916238216,0.054085628831660716,109.120055886339,193.37715163885568,1319.8105488468411,5,87,27,42,0.13796085687843967,0.027687960872338317,129.92370117357694
171,diesel,0.06578724916238216,0.006578724916238216,0.05252281825492656,108.20667638938227,191.2487591219098,1255.8463441911672,5,89,29,43,0.1270941156064079,0.027634550367894275,130.83746489016468
172,diesel,0.06578724916238216,0.006578724916238216,0.05152561283956771,110.73489972185587,193.9526903802008,1260.4660848042843,5,87,27,44,0.12234580370574513,0.027112534138870683,128.55431151588746
173,diesel,0.06578724916238216,0.006578724916238216,0.05279629492604779,109.31497214305728,194.10401615424433,1300.0977996309846,5,91,25,43,0.1266098724503286,0.0301067769698784,127.57591839709421
174,diesel,0.06578724916238216,0.006578724916238216,0.054893563711620706,109.30956343284744,195.7430548947708,1307.0478410720411,7,88,25,44,0.14121746927856463,0.027754680326989335,129.87097534324437
175,diesel,0.06578724916238216,0.006578724916238216,0.05064037775868247,108.1902010590027,191.7451378700219,1294.270952906029,4,88,26,42,0.12663580432451133,0.02573217329651145,128.3591405560175
176,diesel,0.06578724916238216,0.006578724916238216,0.052540971715401695,108.14831534104397,190.51972853204552,1284.9491626862768,5,87,28,43,0.12686894176100405,0.028780035504788123,131.22717742544395
177,diesel,0.06578724916238216,0.006578724916238216,0.0537021085032298,106.67011671479462,192.33508050378123,1204.9027803235936,5,93,29,44,0.13948719017722494,0.026615956960845146,129.95792019071277
178,diesel,0.06578724916238216,0.006578724916238216,0.05293908814169008,106.80272708183904,191.24378958819503,1257.950589202536,5,92,27,44,0.12554986411170574,0.030093063454306367,130.58810804628277
179,diesel,0.06578724916238216,0.006578724916238216,0.0548664798544894,110.40318183061716,194.86970206053334,1330.7512822971823,6,83,26,42,0.14314854297873056,0.026793344337764795,129.80448341525525
180,diesel,0.06578724916238216,0.006578724916238216,0.05177268699506566,108.19779321919874,190.1531576111156,1225.672013796205,4,91,28,43,0.1320560972928445,0.025232343328408985,129.54714907478692
181,diesel,0.06578724916238216,0.006578724916238216,0.05530207321057635,107.54438732024111,192.68150990961803,1276.6106041906485,4,93,29,43,0.14039307407552884,0.028200991340267257,133.0493787341772
182,diesel,0.06578724916238216,0.006578724916238216,0.05271352262979612,107.47742674089031,189.21597459293284,1228.1780155362644,4,93,28,42,0.13441781155402144,0.026422573641105326,130.62196878786003
183,diesel,0.06578724916238216,0.006578724916238216,0.051608620825049814,105.67842149584678,190.33677140004306,1226.2440827069463,4,94,23,42,0.12673394739959576,0.025685553676331453,132.3747967893049
184,diesel,0.06578724916238216,0.006578724916238216,0.049694762866483756,105.6338145247423,187.7773694352367,1239.249107869911,4,89,25,43,0.11550714903666635,0.02620457539019432,128.55932338642768
185,diesel,0.06578724916238216,0.006578724916238216,0.051224534338499765,106.59491864818236,189.98013904679064,1233.9777486949372,5,89,27,44,0.12513322312562392,0.02467698749934531,132.28142778453793
186,diesel,0.06578724916238216,0.006578724916238216,0.05114842866260874,106.95916383142139,189.50386445698646,1212.205819263343,5,92,27,43,0.12255466290670103,0.02603766339868035,130.94529539416354
187,diesel,0.06578724916238216,0.006578724916238216,0.05628152748584094,109.43641826893781,196.50763744640483,1307.4521443020433,6,91,26,43,0.14763408004438117,0.02952045479867068,127.4102624688458
188,diesel,0.06578724916238216,0.006578724916238216,0.054623896685217964,110.74268825890773,193.74963774993788,1201.119460586321,4,86,27,44,0.13759156796601812,0.02772954537906135,133.32486684362615
189,diesel,0.06578724916238216,0.006578724916238216,0.05092386481104622,103.50496374710227,188.7352910695459,1293.8603405247454,4,92,25,44,0.12415313197558835,0.025696389643068977,131.68881416795355
190,diesel,0.06578724916238216,0.006578724916238216,0.055812155498541856,110.83721866288496,193.74039080687774,1268.8197533961545,4,87,28,44,0.1387899130035697,0.02993054370556091,132.16876981859323
191,diesel,0.06578724916238216,0.006578724916238216,0.05231331390042993,109.18771207819617,192.36357364476333,1270.6083161006661,4,88,27,43,0.13208251268587773,0.027437350693531818,127.15042412351687
192,diesel,0.06578724916238216,0.006578724916238216,0.055945268124030834,107.91777256011476,195.99490053383585,1262.8713613677414,5,95,27,44,0.1511416682177406,0.029306615036769835,125.12595375355788
193,diesel,0.06578724916238216,0.006578724916238216,0.04942835528869324,105.90009773279377,188.15246018175642,1269.5031421988983,4,89,29,43,0.11881163342761003,0.026432732937777134,127.62660516460504
194,diesel,0.06578724916238216,0.006578724916238216,0.054778790495599576,112.05657116510937,195.8275491873344,1233.9558546956507,5,87,34,43,0.15250465791854964,0.024044748447225123,130.11206039057274
195,diesel,0.06578724916238216,0.006578724916238216,0.049830144835761384,110.32736087009245,192.2427144527512,1260.005107216183,6,86,31,42,0.1251499208946723,0.02489043897309047,127.00218688323599
196,diesel,0.06578724916238216,0.006578724916238216,0.05401707571827101,107.77163394141081,192.97311070479455,1291.0211793580688,4,93,27,44,0.13271247996626104,0.02915280127180083,129.38698318526684
197,diesel,0.06578724916238216,0.006578724916238216,0.05333521615760792,108.27687623452078,191.53983070064822,1230.77722077932,5,91,26,43,0.12912318135848208,0.028524434617628297,131.3454436511364
198,diesel,0.06578724916238216,0.006578724916238216,0.05292841657764054,105.49990019890107,189.04093781298667,1267.0287165042967,4,94,27,43,0.1254721307913515,0.029856756226169595,129.0860658972672
199,diesel,0.06578724916238216,0.006578724916238216,0.049966946326437604,107.89709474769853,190.0099873075118,1299.5666316470622,4,89,29,42,0.12079073524091136,0.02623316367862357,128.7603102050017
200,diesel,0.06578724916238216,0.006578724916238216,0.05145167889179641,107.79751015993271,189.41849914415025,1211.3369585292553,4,90,27,44,0.12141106433086751,0.02771703466199277,131.33458026780664
201,diesel,0.06578724916238216,0.006578724916238216,0.051744270273935994,106.36214388251666,189.46878311168035,1242.862773628377,4,91,27,42,0.12626367602196553,0.025576425902907395,132.81150491306482
202,diesel,0.06578724916238216,0.006578724916238216,0.05255084279776313,111.96978634508346,195.61014799672841,1245.3197668372632,5,89,31,43,0.13666491354853638,0.02575169485426426,128.544075775569
203,diesel,0.06578724916238216,0.006578724916238216,0.05332415078207513,109.36288486846854,194.06364028825007,1326.1331617030803,5,88,28,42,0.1393642571061851,0.025530825671439442,129.64923459364834
204,diesel,0.06578724916238216,0.006578724916238216,0.05338224284400689,110.40733790054394,192.87922453628397,1251.07616229578,5,89,28,43,0.13775719711748613,0.027607688803210174,127.85004608109473
205,diesel,0.06578724916238216,0.006578724916238216,0.054551209119917426,107.42005260570852,192.59198273435737,1269.1630330041783,4,92,25,44,0.1347661483754905,0.029621286238778678,130.01991116029797
206,diesel,0.06578724916238216,0.006578724916238216,0.05235033890687765,106.84997572056187,190.5725041292174,1263.7339537057492,5,91,26,44,0.1320391314670645,0.02762089477343297,126.83649885832172
207,diesel,0.06578724916238216,0.006578724916238216,0.05279599294903422,107.09309918577881,190.29284556294036,1243.9029568737956,4,90,27,43,0.13356123996189517,0.027426279975689728,130.51389767515872
208,diesel,0.06578724916238216,0.006578724916238216,0.054809977983734035,110.57416806104163,192.15512290980257,1235.3888043971606,4,91,25,44,0.13315923475829372,0.03150829338721318,129.18926610527782
209,diesel,0.06578724916238216,0.006578724916238216,0.05448869582159551,111.20601536661364,194.78662732504262,1305.4665048368317,5,89,27,42,0.14296821667966292,0.027254091070157055,128.88432600524703
210,diesel,0.06578724916238216,0.006578724916238216,0.05313493584209627,105.73963738840212,189.77106004016335,1233.2228030678107,6,91,28,42,0.1334818774956384,0.026872218151830607,130.84639503389397
211,diesel,0.06578724916238216,0.006578724916238216,0.05442349125340433,111.57195530653675,192.75399367995072,1222.795848930586,5,86,30,44,0.13212088068901445,0.02943391400752752,133.089512752276
212,diesel,0.06578724916238216,0.006578724916238216,0.05618291604335237,107.84224334756236,196.18548107503977,1257.4214749871785,5,95,24,42,0.1482181735364709,0.028181225189409645,130.89075293219878
213,diesel,0.06578724916238216,0.006578724916238216,0.05270259895104695,111.96900658619063,193.1794173180281,1239.5320800175687,5,82,30,43,0.1317589349920666,0.02727651333877913,128.012853069217
214,diesel,0.06578724916238216,0.006578724916238216,0.05081597347732519,108.44089292892862,191.70120615077835,1226.1618179856537,6,87,25,43,0.12470411866062703,0.026157950059864744,129.06845979844312
215,diesel,0.06578724916238216,0.006578724916238216,0.05292943298373801,107.38617717064913,190.09318476419355,1290.0987948326424,5,92,26,44,0.13356557547117479,0.028034227958906463,128.7664384079162
216,diesel,0.06578724916238216,0.006578724916238216,0.04912298279894227,108.89607623682515,187.54176657785814,1286.0997334219633,3,85,26,42,0.11435075263135391,0.025834878522890764,130.7115159480667
217,diesel,0.06578724916238216,0.006578724916238216,0.05016948063512025,109.12887556054773,190.35437962237802,1291.0862029727061,3,87,29,44,0.1237705553348401,0.02497112624820363,129.9783610343352
218,diesel,0.06578724916238216,0.006578724916238216,0.054605431259807456,111.9115207620845,194.2398677350192,1287.2891095608252,5,85,27,42,0.14265805393550404,0.025627880809444323,131.45453108711004
219,diesel,0.06578724916238216,0.006578724916238216,0.052759680299514014,108.72796879052268,191.2929792805565,1266.0663980523775,3,90,27,43,0.12841843635405895,0.029054643815687134,128.64500281483635
220,diesel,0.06578724916238216,0.006578724916238216,0.05229410508223092,109.67268472983791,193.2126292809373,1250.0759822925525,5,91,29,43,0.13079791605434024,0.02653525903329122,129.92672518862994
221,diesel,0.06578724916238216,0.006578724916238216,0.050462093636296626,106.552171491746,188.65435473665207,1268.8563618405578,3,90,27,42,0.12010072876563846,0.02738971808101442,128.97989641636633
222,diesel,0.06578724916238216,0.006578724916238216,0.052161587309832586,107.50083848410121,188.2989165255129,1252.7585743491868,4,88,30,44,0.12098978821322837,0.029896771705522296,130.15155437360016
223,diesel,0.06578724916238216,0.006578724916238216,0.048526276246350204,106.03023046838473,187.1130893717083,1245.4394925603083,4,90,27,41,0.1185214219377131,0.02400817200348545,128.71963713251392
224,diesel,0.06578724916238216,0.006578724916238216,0.05399260272505005,110.40759776527837,195.98586875776454,1272.8167631186764,6,89,28,42,0.1434493377606666,0.026796024356691074,127.42079274376873
225,diesel,0.06578724916238216,0.006578724916238216,0.05368891026645804,107.83118803290108,195.69698356752778,1307.4504931740398,6,90,27,42,0.14196462066075352,0.025324334263955153,129.59611113902753
226,diesel,0.06578724916238216,0.006578724916238216,0.051393109113402426,105.3591186982057,188.6278284631828,1270.1456309328953,4,92,27,43,0.1206372803912498,0.028040439050464605,131.7444013772191
227,diesel,0.06578724916238216,0.006578724916238216,0.05050437240254405,108.15737882057932,191.1784685451415,1301.9824250143342,4,87,25,41,0.12382483803120113,0.024591509411782758,131.9129449898041
228,diesel,0.06578724916238216,0.006578724916238216,0.04946656856024242,103.84790374134606,186.61616778974746,1283.9063728263918,5,88,29,43,0.11534715217706543,0.025396063034870315,131.77222820297143
229,diesel,0.06578724916238216,0.006578724916238216,0.05144034500043205,107.0983344035826,191.01550947610465,1293.2067756960591,4,89,27,44,0.12399322223676873,0.027521864746842914,128.22714707968214
230,diesel,0.06578724916238216,0.006578724916238216,0.05106529766293912,107.66151692391907,187.6238701575684,1242.5798818509409,5,84,27,44,0.11883532622127876,0.027486662874672083,131.9427287419113
231,diesel,0.06578724916238216,0.006578724916238216,0.05110902715540595,106.049825558374,186.95959521273423,1235.0322475044945,4,89,26,44,0.11811234401351318,0.027302334586453952,132.98188996949722
232,diesel,0.06578724916238216,0.006578724916238216,0.05038079106767345,108.36022663029249,190.07962995230199,1238.9001942996779,4,87,25,43,0.11941226577151888,0.02697639468115312,129.58803113409988
233,diesel,0.06578724916238216,0.006578724916238216,0.05322373907402438,112.489496839276,193.76386529459916,1234.8428667026337,5,83,28,42,0.13547539848891738,0.02678675951504835,129.9570170704187
234,diesel,0.06578724916238216,0.006578724916238216,0.05136348355056091,105.09821061913291,189.8382437560527,1252.118888994496,6,89,25,43,0.12432811624971574,0.025255270984574522,132.32330211519587
235,diesel,0.06578724916238216,0.006578724916238216,0.05392271415099985,109.29088961369074,192.9850487247959,1314.4319727475654,3,87,28,43,0.1337243729950892,0.02912383517090948,130.0794808822546
236,diesel,0.06578724916238216,0.006578724916238216,0.05312965766615188,110.14857500998117,194.7557257242217,1280.1396081853186,5,90,27,44,0.13800007902540762,0.025324328321591413,129.27363903471567
237,diesel,0.06578724916238216,0.006578724916238216,0.051165187495045374,106.99099630506133,190.0299719736737,1305.3578572702104,5,90,23,43,0.1187215479285734,0.027132083460051068,134.20375846988594
238,diesel,0.06578724916238216,0.006578724916238216,0.05224690382438755,111.07169868859455,192.913812345269,1275.4487861521302,4,86,29,43,0.13050499818055067,0.0273106371093618,129.23119512763228
239,diesel,0.06578724916238216,0.006578724916238216,0.05217714734857783,107.59529697548703,191.16648664549948,1276.4018745792025,4,91,26,44,0.12944999848294775,0.02736885433077016,130.34573869753433
240,diesel,0.06578724916238216,0.006578724916238216,0.05230678660429378,110.8724514971424,192.5479794829909,1245.8635449908916,5,90,30,43,0.13320080468394896,0.026261864839017015,128.60418040535149
241,diesel,0.06578724916238216,0.006578724916238216,0.053837662027671894,108.08768709360908,193.26022856809246,1261.4430021049761,6,91,26,42,0.13179522385084966,0.029417850420417117,129.44634566087308
242,diesel,0.06578724916238216,0.006578724916238216,0.05136820091879734,111.40016004356374,190.04457526909982,1225.0806646752524,4,83,26,44,0.1163893635961172,0.029674360754192542,130.377369831506
243,diesel,0.06578724916238216,0.006578724916238216,0.05138669260127157,105.93638286899431,191.39913415595308,1217.988369449381,6,90,27,41,0.12459535090238136,0.026837122724768694,132.36114683481904
244,diesel,0.06578724916238216,0.006578724916238216,0.05051238107458702,106.43644841887571,188.9638102683464,1258.3246002987073,5,90,27,43,0.12347344784912906,0.023022256356743345,133.9609211073247
245,diesel,0.06578724916238216,0.006578724916238216,0.05495699429142075,110.22491012029651,194.95798178595214,1301.756380991611,5,90,27,44,0.14075474146236622,0.027205659470158995,130.63045778456865
246,diesel,0.06578724916238216,0.006578724916238216,0.05366489464444195,106.55468650292201,192.65019850767695,1311.1776952332457,5,93,27,44,0.13666857959847672,0.026772089814867707,130.94582651616724
247,diesel,0.06578724916238216,0.006578724916238216,0.05498178367398001,110.81479431858551,195.4361134295163,1250.723656447558,5,92,28,43,0.1431451817818629,0.026920951503722354,131.02756761284311
248,diesel,0.06578724916238216,0.006578724916238216,0.05316715426915483,109.049325741483,191.45027329495824,1231.2403913743028,4,90,30,42,0.13226049679028795,0.028995504976264918,127.81180951750663
249,diesel,0.06578724916238216,0.006578724916238216,0.055040183482873505,112.31003491231642,195.30163414423112,1237.0187443112861,5,89,30,44,0.14716388053363746,0.02791815552096304,128.3547988768097
250,diesel,0.06578724916238216,0.006578724916238216,0.05583820182568547,108.98152401093441,194.55635213610182,1236.2765939021854,7,90,30,42,0.1475279245769814,0.027305746241494594,129.20430527448195
251,diesel,0.06578724916238216,0.006578724916238216,0.05286874601689795,109.84176288906056,193.92669273185953,1293.5462058636267,4,89,27,43,0.13214987681339177,0.027690132421249875,128.3662851177495
252,diesel,0.06578724916238216,0.006578724916238216,0.0528050374262743,108.17732995066196,189.48886373494867,1197.5540454148163,4,87,30,43,0.12528689288872913,0.02900777130006683,129.63805027484588
253,diesel,0.06578724916238216,0.006578724916238216,0.05119473021670853,106.3950440302894,190.46642257168446,1275.7246287353023,5,93,27,43,0.11908520680945321,0.027820680735589295,130.2960953586563
254,diesel,0.06578724916238216,0.006578724916238216,0.04885274821706955,107.5544104456915,187.7474984163748,1219.5752126329712,4,88,27,41,0.1215305530222558,0.023377159840506017,129.22040488200392
255,diesel,0.06578724916238216,0.006578724916238216,0.04998839346873758,105.59510741070459,188.1922178666408,1316.7465664400333,4,86,25,43,0.11359734947417881,0.02713234098750543,131.4611556570004
256,diesel,0.06578724916238216,0.006578724916238216,0.04995863152248363,106.35828088249487,189.73361696536935,1269.1309185979483,4,90,28,43,0.12218513465664252,0.025378519512412465,129.12119450329982
257,diesel,0.06578724916238216,0.006578724916238216,0.05244240081517491,110.44439153886458,194.65046492450782,1302.7970577910446,4,89,28,40,0.13912671834262733,0.024776961408852306,127.70002153244884
258,diesel,0.06578724916238216,0.006578724916238216,0.05527566274190833,108.92128623310589,192.9525237480687,1303.6281058679112,4,90,27,43,0.1344859868572888,0.029933761533270414,132.4747622326405
259,diesel,0.06578724916238216,0.006578724916238216,0.05165491977809622,105.9544912370141,184.38712448947632,1246.0384308539662,3,86,29,42,0.11122779203693804,0.02853292114810924,137.7808586639254
260,diesel,0.06578724916238216,0.006578724916238216,0.05547165925910203,109.58319649985145,195.03283916608484,1274.3366609377258,5,90,26,44,0.1400183931294117,0.02862088813526797,131.97274273651092
261,diesel,0.06578724916238216,0.006578724916238216,0.056812985322809206,112.46606444200151,200.4193009435286,1252.4963599852563,6,88,28,43,0.15527864072299555,0.028659753255251413,128.23008449611268
262,diesel,0.06578724916238216,0.006578724916238216,0.05318967770190845,108.57460757641522,193.0960692578096,1308.4729849600233,4,88,24,44,0.131471833175423,0.025851867699386296,134.09185279021162
263,diesel,0.06578724916238216,0.006578724916238216,0.05259758624989453,106.5589346788863,188.37540548109806,1243.001051788654,5,91,26,43,0.12380441995191398,0.027442740555725105,133.5429990585169
264,diesel,0.06578724916238216,0.006578724916238216,0.0495579135052183,110.76869473486867,191.0424219839354,1285.0230640760542,5,85,29,43,0.12079674458215649,0.02505150088393403,129.16831119656078
265,diesel,0.06578724916238216,0.006578724916238216,0.05227570343412207,108.05676609167054,189.34777646086857,1303.3106699613077,4,85,28,43,0.11838120871111198,0.028237445097658177,135.270695285342
266,diesel,0.06578724916238216,0.006578724916238216,0.05174148335160761,108.06552339901573,191.041621543638,1208.9457363810939,6,89,27,42,0.12712458384930672,0.02668873592129063,130.7188262560081
267,diesel,0.06578724916238216,0.006578724916238216,0.05148101222091766,105.72617033755263,188.70716256960162,1234.7946787907895,3,94,26,43,0.1302804466443381,0.025703747588206403,129.79142767682552
268,diesel,0.06578724916238216,0.006578724916238216,0.05504255585698879,106.6092747220393,191.3980904132015,1290.4372316126105,7,87,27,43,0.1319560562528494,0.0310468723925827,130.9802725903739
269,diesel,0.06578724916238216,0.006578724916238216,0.05107291843319418,107.64895121731159,189.01157250163908,1278.9232440018943,4,86,25,43,0.11887252778046725,0.028213521609019816,131.4007648342177
270,diesel,0.06578724916238216,0.006578724916238216,0.05097486618462796,106.7338371931802,188.4464415188124,1271.8384058439822,4,90,28,43,0.11778378547209009,0.028407600962364672,132.18355271098034
271,diesel,0.06578724916238216,0.006578724916238216,0.05472217261036842,110.44229336397842,195.08715856089236,1279.8681408000666,5,92,26,43,0.14327055458378346,0.028110491340594627,128.85325435937727
272,diesel,0.06578724916238216,0.006578724916238216,0.05099947025241521,108.9001677627533,191.61218462621326,1268.9831200976892,5,90,29,44,0.1241275218362731,0.026415060237681354,129.5197094152281
273,diesel,0.06578724916238216,0.006578724916238216,0.05072085711211713,105.23805587256948,187.84559482174438,1287.2839737941542,5,88,26,44,0.12359801071176411,0.025874288748694584,130.9748421551218
274,diesel,0.06578724916238216,0.006578724916238216,0.051483995367201274,109.97772175369575,191.566611403974,1249.7765387802697,4,86,27,41,0.12749766486986577,0.024041585456572784,132.4275817386155
275,diesel,0.06578724916238216,0.006578724916238216,0.053742029555838365,109.46800552428195,190.95959576226875,1243.3047621524133,5,88,25,41,0.13547952870576746,0.026996752806447314,131.615347992286
276,diesel,0.06578724916238216,0.006578724916238216,0.055704282791633676,108.42550211070338,195.49658802038925,1323.9295166296072,5,91,28,43,0.14663945593888705,0.027853397317947993,128.3473877157353
277,diesel,0.06578724916238216,0.006578724916238216,0.05385636392656894,107.28990913922632,191.68325543332952,1294.0997119742929,4,92,30,43,0.13711674650290184,0.027503242359110232,129.74191903641483
278,diesel,0.06578724916238216,0.006578724916238216,0.05217464126013836,108.44549775472143,191.7022292205979,1273.3550390941755,5,87,29,44,0.12820935877616052,0.02742016294912462,130.6722094443344
279,diesel,0.06578724916238216,0.006578724916238216,0.051703263494678006,106.48536146480346,187.7839760438793,1277.8201259166894,5,88,30,44,0.12670363172762386,0.02566022076525928,133.01605720857765
280,diesel,0.06578724916238216,0.006578724916238216,0.0522975684467799,107.00849149476613,191.36142299249926,1247.4989776702214,5,90,26,44,0.12624605761393798,0.028607897705855444,129.30695475267345
281,diesel,0.06578724916238216,0.006578724916238216,0.05323916810622608,107.89901297788779,191.52234607803453,1227.6505866521327,5,90,28,44,0.13509947874451436,0.026769379585983542,130.34644998878488
282,diesel,0.06578724916238216,0.006578724916238216,0.04804226040961936,105.00707363860133,183.71726911003046,1236.4065688009985,5,88,25,44,0.104338392008375,0.02717413382748559,130.31342884510542
283,diesel,0.06578724916238216,0.006578724916238216,0.05022120222991994,108.88919245117792,193.61563969423176,1296.9241194997442,4,88,27,41,0.12626921613896552,0.02564529575130214,125.48907463630621
284,diesel,0.06578724916238216,0.006578724916238216,0.053354411409428516,109.45816951696165,191.6984900722893,1275.019297622895,5,89,27,44,0.13323357587367157,0.027830540376704488,130.70410930308034
285,diesel,0.06578724916238216,0.006578724916238216,0.051886850705137724,111.98816400448624,192.47871000899698,1274.13046153589,4,87,30,42,0.1305217494680655,0.025433250982397477,130.79862672206298
286,diesel,0.06578724916238216,0.006578724916238216,0.05604702540791186,110.96809896443173,197.4428393766746,1270.2941405178321,4,95,28,43,0.14909116493303123,0.029536269415303396,127.01417003595382
287,diesel,0.06578724916238216,0.006578724916238216,0.05343392243021846,111.64774547785274,194.66686628110455,1242.2477063062015,6,90,27,43,0.13914049712019338,0.025786594223644804,130.50318677292526
288,diesel,0.06578724916238216,0.006578724916238216,0.050816752828778934,109.13842107148122,190.66980315006452,1248.7336372329205,4,90,27,43,0.12248977458692137,0.02703437594212517,129.6896457196045
289,diesel,0.06578724916238216,0.006578724916238216,0.05337738286587657,104.81581301459046,190.16049411257802,1275.8507445331147,6,93,25,43,0.12953619318480583,0.029682719912935113,129.24816895003275
290,diesel,0.06578724916238216,0.006578724916238216,0.0505765201426967,107.82860835249618,191.33202852553194,1277.6144371893436,6,91,25,43,0.1274865848626003,0.024133557183436936,129.17493230359864
291,diesel,0.06578724916238216,0.006578724916238216,0.05305215632706311,109.84066123401394,191.51503885775682,1298.589020869842,3,89,26,44,0.13411249492604452,0.028160535832126424,128.61668029051035
292,diesel,0.06578724916238216,0.006578724916238216,0.050750052604683946,108.53784623943739,188.80771956206618,1267.0439900774402,3,87,28,44,0.12240306528140808,0.02698719368408713,127.61026475013405
293,diesel,0.06578724916238216,0.006578724916238216,0.05337850921312408,108.45736762541357,194.7894608080855,1253.2556873086041,6,93,27,44,0.13579244353968042,0.026924174692780092,129.9576827505477
294,diesel,0.06578724916238216,0.006578724916238216,0.05106489995850739,108.49995566886633,189.25449539883792,1216.6770430140032,5,90,27,43,0.12691298963487693,0.025297589631200167,129.7407960990697
295,diesel,0.06578724916238216,0.006578724916238216,0.05426819622721246,108.13297336353453,192.45153407384907,1278.0459198505084,4,92,26,44,0.1350416431441174,0.028543232311638907,132.57882983232105
296,diesel,0.06578724916238216,0.006578724916238216,0.051514340501838334,109.56146279164874,189.90479375038538,1254.7802697133347,4,87,26,43,0.12518952033678465,0.025244851744196897,132.60993047021054
297,diesel,0.06578724916238216,0.006578724916238216,0.050821339935192826,106.6967895235496,189.9722760260046,1227.1141347747935,5,90,27,44,0.12176599574752857,0.026840386538303097,128.91359175972454
298,diesel,0.06578724916238216,0.006578724916238216,0.05566476892361994,111.31603009118462,194.67433179707996,1279.637576570221,5,87,28,44,0.1363698748698612,0.03180080159921659,130.9406183116672
299,diesel,0.06578724916238216,0.006578724916238216,0.049978077394833995,108.02827240233105,190.46905932094234,1215.1609749999323,4,89,29,43,0.12316787554153223,0.024382851796168222,129.8648173427637
300,diesel,0.06578724916238216,0.006578724916238216,0.052948683423364284,110.75859988064191,194.36045740672805,1270.6174314301506,3,89,28,42,0.13774399241118715,0.026198929182127306,127.9082442973063
301,diesel,0.06578724916238216,0.006578724916238216,0.052542222070795556,107.91490818226737,193.20433788583034,1275.404605870116,4,95,25,43,0.1331725518815513,0.02660246604576346,129.31770233155703
302,diesel,0.06578724916238216,0.006578724916238216,0.05352867713318504,106.17730222803479,190.77423173084983,1276.546390353959,6,92,28,41,0.13582159298246194,0.026598933785566194,132.34330596595348
303,diesel,0.06578724916238216,0.006578724916238216,0.05367816147362816,109.89740609508277,193.2280930034486,1296.3827396059078,5,84,28,44,0.13397655967927918,0.027304355550780007,131.25056476860323
304,diesel,0.06578724916238216,0.006578724916238216,0.05243224996617781,105.90792553017768,191.4912018021174,1316.3208295185368,4,93,25,42,0.13467046935417934,0.02544917930398629,130.24375188833247
305,diesel,0.06578724916238216,0.006578724916238216,0.05311531793504732,113.3414829804151,198.02170323060784,1311.6691211309503,4,86,30,43,0.14588948259458998,0.024820828525032958,126.22304793406656
306,diesel,0.06578724916238216,0.006578724916238216,0.051409461005211356,106.75248907737755,188.98860198803865,1265.6052714498667,3,90,30,43,0.12433389513316265,0.027846665570202607,128.29254592385908
307,diesel,0.06578724916238216,0.006578724916238216,0.051093030122655196,112.42423069599755,195.44449765197658,1281.271614681734,4,88,27,41,0.13739163962401216,0.023059861699674746,126.46113867489325
308,diesel,0.06578724916238216,0.006578724916238216,0.05315129143599052,107.86858924015898,189.56556438620996,1216.7199208510683,5,89,28,44,0.13451702746358957,0.025799999084019976,130.799833815205
309,diesel,0.06578724916238216,0.006578724916238216,0.054612678983213814,107.134971364902,193.03493443484265,1270.255052019029,3,93,27,43,0.130425225788333,0.03210170866131177,130.80668115483994
310,diesel,0.06578724916238216,0.006578724916238216,0.05234285649321766,108.01448074538231,191.45685764635869,1295.2030830110948,5,85,25,43,0.13000533085303223,0.02720581373899428,128.33232559674263
311,diesel,0.06578724916238216,0.006578724916238216,0.049622151323580256,106.8868800765014,189.0511136786308,1277.875937518774,3,86,28,43,0.12263681418429005,0.024616612150303335,128.79212507318266
312,diesel,0.06578724916238216,0.006578724916238216,0.05380419991755499,109.05897278909092,191.7167200296653,1248.4599234504665,5,89,23,43,0.13468530085810138,0.027131002052366505,133.05403715490007
313,diesel,0.06578724916238216,0.006578724916238216,0.051747634943247904,106.94198868139637,189.60685328087786,1231.7708462978162,4,91,27,43,0.12842357240512528,0.02712253262127814,129.52102549446263
314,diesel,0.06578724916238216,0.006578724916238216,0.05181735263623069,107.5067155200239,189.91511633599475,1292.5128859820993,4,92,28,43,0.12650692363029548,0.027290448643830498,129.9958924285172
315,diesel,0.06578724916238216,0.006578724916238216,0.05466893416292,113.73367489377222,197.4534492394609,1292.335003843312,5,84,28,43,0.14110997350634477,0.027435402847114262,128.77424716830564
316,diesel,0.06578724916238216,0.006578724916238216,0.05434871553373776,111.62624573879133,193.93034963448028,1268.3052673199836,4,87,30,43,0.1485011294238077,0.023248367853035058,131.44486534725772
317,diesel,0.06578724916238216,0.006578724916238216,0.056669327226402846,111.13378177953206,194.91143290675177,1240.1022231274883,5,91,26,44,0.13840846935404294,0.03136341748928852,133.28249539547457
318,diesel,0.06578724916238216,0.006578724916238216,0.055585490960959064,110.80173998643309,194.9514683307712,1254.5540958932506,7,88,27,44,0.14626232672104408,0.028263558081305352,128.15396883470194
319,diesel,0.06578724916238216,0.006578724916238216,0.05141024886931296,110.79727666839361,193.73527570932228,1313.0888745028847,4,86,27,43,0.13274808005238742,0.02536777763814178,128.11144745741905
320,diesel,0.06578724916238216,0.006578724916238216,0.051500361792361594,108.19778510389877,191.309839096375,1230.2368808605204,6,88,27,42,0.1270627120740791,0.025435927659734812,129.15766191519168
321,diesel,0.06578724916238216,0.006578724916238216,0.05053166038981074,108.3273382555729,190.8468936627359,1308.4838819840197,4,88,29,42,0.12621493400588746,0.023974957463413354,130.2178150024148
322,diesel,0.06578724916238216,0.006578724916238216,0.053126832064097594,109.45594918077717,193.58682058728084,1238.29037413053,4,97,27,41,0.14334988634220633,0.02322804575250835,131.8147433868279
323,diesel,0.06578724916238216,0.006578724916238216,0.05150303287222682,109.27996162597753,192.98402065676441,1251.5508556397763,4,89,29,43,0.1305293048794972,0.025827371444020066,128.05269604874368
324,diesel,0.06578724916238216,0.006578724916238216,0.050579596500320616,105.9658147935366,188.74012742780477,1271.3594116471738,5,96,27,44,0.11842665136356482,0.027153216863256464,131.17066284599167
325,diesel,0.06578724916238216,0.006578724916238216,0.05310261063992289,107.22857996228525,189.1432563865122,1265.7103769276785,3,92,28,42,0.1354819240726631,0.026838771037606225,129.75711888669846
326,diesel,0.06578724916238216,0.006578724916238216,0.05189273277896766,108.25177164955878,192.49121474444567,1307.0352920592256,5,92,25,43,0.12715355368544587,0.02719187397942795,129.74620750328907
327,diesel,0.06578724916238216,0.006578724916238216,0.05412682651034382,110.25921120817321,192.1910050859377,1290.4337925464056,4,88,26,43,0.13335804168595974,0.029367105830743218,131.40615518929798
328,diesel,0.06578724916238216,0.006578724916238216,0.05530317034887023,109.85254862252195,194.69157938327783,1254.8174247794975,4,90,25,42,0.1450404283403692,0.02777570651040509,129.1749645552569
329,diesel,0.06578724916238216,0.006578724916238216,0.05318368287728441,110.48596152981801,192.05118377979204,1239.5154064555322,4,86,27,43,0.1353593167768908,0.02667937056290943,130.80214006321899
330,diesel,0.06578724916238216,0.006578724916238216,0.05494091873996679,109.0893053259187,192.40929920977567,1285.5320015247726,5,88,27,44,0.13068182131780848,0.029450320882777846,135.24330143697637
331,diesel,0.06578724916238216,0.006578724916238216,0.05165756382262531,111.10766651893692,194.17404465097601,1298.3435605183058,6,87,27,43,0.13034843514593006,0.025926354378944937,128.78003755823215
332,diesel,0.06578724916238216,0.006578724916238216,0.05117497726623627,107.21465272891845,188.53426423832911,1275.6566394900506,4,86,27,44,0.11823554323795651,0.028547172671958766,130.76833896767974
333,diesel,0.06578724916238216,0.006578724916238216,0.0536076897680363,109.57516715024836,190.88974951975163,1268.6520707631175,5,83,28,44,0.13032724454956038,0.02706310235222033,133.56514205590338
334,diesel,0.06578724916238216,0.006578724916238216,0.05388252108176953,112.79565381434965,196.37272470056672,1295.6486291226647,5,88,30,41,0.14504287727957021,0.025080609698041892,130.03031424005184
335,diesel,0.06578724916238216,0.006578724916238216,0.053287230311036674,110.00796525664133,193.9393056209407,1293.3216661661759,5,90,30,43,0.13848038044998734,0.026603032937069206,128.47925799621834
336,diesel,0.06578724916238216,0.006578724916238216,0.05152431939087203,108.73346388672365,190.98736524496334,1283.0379973634772,4,85,27,44,0.1287345122838498,0.02548979379622163,131.02484646622014
337,diesel,0.06578724916238216,0.006578724916238216,0.05170927071645386,107.56589549808974,191.757740278007,1329.1756004271692,4,90,26,44,0.13062008308717374,0.025245917341669498,129.22574627788498
338,diesel,0.06578724916238216,0.006578724916238216,0.052738533271542584,108.58648067781989,190.73349506672324,1283.3440558433217,5,86,28,42,0.13317285267779663,0.024730208759275927,134.06735131568266
339,diesel,0.06578724916238216,0.006578724916238216,0.05194871075645265,108.19271224835651,189.82042810431898,1288.087335981186,4,91,25,42,0.12523322205914073,0.02654239824995057,132.75252699712152
340,diesel,0.06578724916238216,0.006578724916238216,0.055171413705719416,109.58006875213253,194.6138070874311,1258.6671489868204,6,88,28,44,0.14700141763941796,0.026523096741949085,130.18830930409385
341,diesel,0.06578724916238216,0.006578724916238216,0.05439543214246148,109.64175186914603,194.3228531576946,1206.0727354899955,6,91,27,44,0.13398248510941949,0.02537360060836421,138.26743462258557
342,diesel,0.06578724916238216,0.006578724916238216,0.05134753164114832,108.96692415190722,191.30685418312837,1228.0085399892905,5,92,29,43,0.13276166201631237,0.02543424649336858,127.7413218444166
343,diesel,0.06578724916238216,0.006578724916238216,0.05457256301567051,110.00999001740588,195.57999678494792,1303.2181419568492,3,92,27,44,0.14072771924721955,0.0265362248796409,132.75197643059792
344,diesel,0.06578724916238216,0.006578724916238216,0.05215312803432419,106.50689334202572,189.64391944784657,1218.6484666886358,4,92,26,44,0.12715755866867656,0.027106762455752026,132.72077159750134
345,diesel,0.06578724916238216,0.006578724916238216,0.05222479320300763,111.58838771368542,193.61280296145728,1217.7097091169612,4,88,29,43,0.13818237367313863,0.025504825862661996,127.59650261079886
346,diesel,0.06578724916238216,0.006578724916238216,0.0530729670534962,109.05106304766932,194.7064746416024,1307.4637969828473,3,89,28,43,0.13437742784467555,0.026689511259346186,130.55152271130638
347,diesel,0.06578724916238216,0.006578724916238216,0.05674215563663917,111.99795693704387,196.31837771295199,1280.829900104443,5,89,25,44,0.1429646499675649,0.030454816581432963,131.17447846148502
348,diesel,0.06578724916238216,0.006578724916238216,0.05390693868818858,113.54639839965114,194.4311070786513,1232.6011191421348,5,84,28,43,0.13791669522169017,0.02671670009183926,131.81791164999007
349,diesel,0.06578724916238216,0.006578724916238216,0.05286189880165668,110.89346083646461,195.28205693438255,1266.5009320500408,6,89,27,44,0.13535077440221938,0.02629309107714254,128.68295773514643
350,diesel,0.06578724916238216,0.006578724916238216,0.053115652009390814,109.91486675863318,194.50714109765892,1247.6771918998802,5,91,27,42,0.14399360927971494,0.024416697110489355,126.69457301370407
351,diesel,0.06578724916238216,0.006578724916238216,0.05145823648423109,112.01772085498955,194.51539283588522,1221.2058548215916,6,90,29,42,0.12991660995157983,0.02522200747048926,129.49292355368902
352,diesel,0.06578724916238216,0.006578724916238216,0.05205835424098093,109.7957405750727,190.2098288724663,1263.960540154234,4,85,29,43,0.12112062734230115,0.02830133110048798,132.35298311033938
353,diesel,0.06578724916238216,0.006578724916238216,0.0530181683685036,104.62756330118492,188.2055589445621,1233.4520550452562,4,92,27,43,0.12473199124524062,0.02993641877530389,131.0848729150019
354,diesel,0.06578724916238216,0.006578724916238216,0.051731286150604745,108.50611752620112,190.6014604711921,1233.444097573763,4,87,28,43,0.13084284734037827,0.025733939085609635,129.7505957629147
355,diesel,0.06578724916238216,0.006578724916238216,0.05256279897052076,111.46819385672748,193.93439214808157,1274.7513235154627,4,89,28,42,0.13457035168370501,0.027162941844054735,126.6613323843577
356,diesel,0.06578724916238216,0.006578724916238216,0.05201825780333105,108.18841023605752,190.92713396894936,1316.785502897898,5,89,27,44,0.12473228038361625,0.027531318813536557,133.01079525471158
357,diesel,0.06578724916238216,0.006578724916238216,0.05308932913730633,109.9865375009282,193.83826647758391,1243.1300979533733,5,90,30,43,0.14207237474261927,0.025448919056406016,128.6030470054459
358,diesel,0.06578724916238216,0.006578724916238216,0.0506208252823546,108.83913944491316,190.4102257830835,1260.7490106282833,5,88,28,43,0.12243400465344229,0.02653631406952841,128.25276970888038
359,diesel,0.06578724916238216,0.006578724916238216,0.05304621525181712,107.70551189139256,191.26404676165853,1252.1071856040724,5,92,27,43,0.1366365091555518,0.02494303619765151,130.57958878967167
360,diesel,0.06578724916238216,0.006578724916238216,0.05034253230023003,105.50476725370139,188.88288161799505,1241.8503547770001,4,95,25,43,0.11636190335780068,0.028392883842228284,128.86628872603632
361,diesel,0.06578724916238216,0.006578724916238216,0.05296390172654361,110.27659487777407,193.4779374631221,1255.4805270790653,4,91,30,43,0.1351842897713847,0.025353607618702968,131.5279172175884
362,diesel,0.06578724916238216,0.006578724916238216,0.054385478064899254,108.99278297214211,192.84872075254935,1280.4352682919036,6,93,25,44,0.12985600273530276,0.028725886100743406,131.8764370897241
363,diesel,0.06578724916238216,0.006578724916238216,0.05036462717264433,107.62973360505595,189.11758159744574,1252.9324299752425,5,88,27,40,0.12053512904179442,0.02435264415563827,132.57849230123844
364,diesel,0.06578724916238216,0.006578724916238216,0.05531660791326238,109.60619918987013,194.88945367824408,1242.9639058585153,6,89,27,43,0.14324832528246814,0.026834155218489485,132.86764884630782
365,diesel,0.06578724916238216,0.006578724916238216,0.05014163798556954,109.40772973530362,192.5171008303132,1298.1893807224135,4,91,27,42,0.12665634713907667,0.023529337006059053,129.86195255106313
366,diesel,0.06578724916238216,0.006578724916238216,0.05325723515322202,108.98267217137546,191.35912226502924,1283.9932810380014,4,87,25,44,0.13233179464357675,0.02790662989497977,131.49103774890358
367,diesel,0.06578724916238216,0.006578724916238216,0.051706731477393894,107.55875669320336,191.06490260620487,1277.0734261846255,3,90,26,43,0.12826769965602816,0.026834243876199523,128.7490090912458
368,diesel,0.06578724916238216,0.006578724916238216,0.054328255670342836,108.86916952911484,193.68975004699257,1276.0446070543574,6,88,27,43,0.1407604593401008,0.025170991633458272,131.61238519373336
369,diesel,0.06578724916238216,0.006578724916238216,0.05443340213366003,106.9276457343869,192.8008991649042,1268.054689937709,4,96,25,43,0.1324295597591831,0.031722946879282454,130.0734792992296
370,diesel,0.06578724916238216,0.006578724916238216,0.05381118012590852,106.80476263945827,190.53567850021614,1253.0653668978161,6,89,27,43,0.13181411898906295,0.030457570722946078,128.3860712172676
371,diesel,0.06578724916238216,0.006578724916238216,0.052591719221136674,108.50316817216843,190.0919215036561,1239.7783275225809,4,88,28,42,0.1285026697103251,0.027135946698413703,131.25835922818135
372,diesel,0.06578724916238216,0.006578724916238216,0.052949469559472204,107.06657337789909,189.76654958627716,1260.9147195077585,4,90,26,43,0.12971490293716342,0.028789945714575032,127.99843032821926
373,diesel,0.06578724916238216,0.006578724916238216,0.04790789732033758,106.39216518517736,188.80164388745825,1291.943703922361,4,90,25,42,0.11216406845079024,0.024719795610385665,128.01690081681562
374,diesel,0.06578724916238216,0.006578724916238216,0.05265493915065317,109.9174285053556,192.42641547937797,1310.3327022282606,4,89,26,42,0.12814369155682737,0.027631927750716417,130.38009383871264
375,diesel,0.06578724916238216,0.006578724916238216,0.054503557809982305,108.46233372145329,194.55190537793138,1281.1510770995326,5,92,25,43,0.14157466900445995,0.027218585600143657,129.52121741547984
376,diesel,0.06578724916238216,0.006578724916238216,0.05487902118376264,112.60414567665593,196.41702295873884,1230.2647235653017,6,86,30,42,0.1453646841910376,0.027714244202719406,127.761816174466
377,diesel,0.06578724916238216,0.006578724916238216,0.05267683559861796,108.8476855041294,193.42516732400583,1275.220464138104,6,89,27,42,0.14101906438106487,0.025218027778178116,126.96025958693554
378,diesel,0.06578724916238216,0.006578724916238216,0.05501334264838996,110.32363709582651,194.4351669629284,1290.1609228712384,5,88,30,42,0.14307352142599297,0.02852673461652309,128.68929700125747
379,diesel,0.06578724916238216,0.006578724916238216,0.05170936367620995,108.44777496804421,190.1603810848729,1259.2991564196236,4,90,27,42,0.12514108029475424,0.027160420061956955,130.82278101209212
380,diesel,0.06578724916238216,0.006578724916238216,0.05705308962911987,111.52633496448958,197.05074428735693,1285.5025666100842,6,92,29,43,0.14885735499050898,0.028107352627857365,134.12096547516182
381,diesel,0.06578724916238216,0.006578724916238216,0.05348423352920113,112.0960435154921,194.70608391676183,1267.3467120779583,4,85,29,44,0.13722816404577123,0.02779146805432456,129.0590168602188
382,diesel,0.06578724916238216,0.006578724916238216,0.052457590374852606,110.97941131083917,192.79637950696542,1258.6822592534686,5,85,26,43,0.13334483685902732,0.027544497381989972,128.15901246814144
383,diesel,0.06578724916238216,0.006578724916238216,0.051828009739764196,111.07621438129895,191.99804536072796,1256.8033298423225,3,87,28,42,0.12617311019719074,0.027970595519052833,129.99370327489282
384,diesel,0.06578724916238216,0.006578724916238216,0.05364358677618892,111.01300721167016,192.87493405724612,1251.895503200081,5,85,27,42,0.13619495675293403,0.026607373954106374,130.79834123909512
385,diesel,0.06578724916238216,0.006578724916238216,0.0510174043903327,108.125357720746,192.74530742124682,1258.7132023856993,5,90,28,43,0.13196070996251888,0.02510298176827601,126.32857934224938
386,diesel,0.06578724916238216,0.006578724916238216,0.051525633306237266,109.79322132382796,192.10062981124344,1251.6409420038854,5,85,28,44,0.12698815642380917,0.027109062247931207,128.24429583832617
387,diesel,0.06578724916238216,0.006578724916238216,0.050896393018312364,106.44766852469644,189.41755114880579,1268.669492582641,4,90,25,41,0.12244272016959692,0.026551490370706345,131.44466863320307
388,diesel,0.06578724916238216,0.006578724916238216,0.05148895720869448,106.57452317239436,187.87918353303616,1247.0133392188,4,92,28,44,0.12252218447793563,0.028205078726431146,130.9113157638223
389,diesel,0.06578724916238216,0.006578724916238216,0.051544378229365695,107.33093662021261,189.2417901258044,1265.0632060668763,4,89,28,43,0.1261897626773883,0.02300811289861051,135.2700524917261
390,diesel,0.06578724916238216,0.006578724916238216,0.05289323393185306,110.01344027412192,192.01292017001848,1264.7063237493126,5,86,28,43,0.13010007435969861,0.028553373582811865,129.35341381775388
391,diesel,0.06578724916238216,0.006578724916238216,0.05206128079607393,109.3526383339069,192.00474709556087,1232.8033829231251,4,91,26,44,0.1265617647780363,0.027639728111492526,130.50434206832762
392,diesel,0.06578724916238216,0.006578724916238216,0.051886239789276145,108.7058073749538,192.24657297272782,1249.9039730404152,6,91,27,43,0.1294484615424891,0.026739067154003614,128.31213930908683
393,diesel,0.06578724916238216,0.006578724916238216,0.05454795033695269,109.13416517337342,195.42099281016988,1260.8913883878308,5,94,26,43,0.14249282542195854,0.026892421677260962,132.62444519586202
394,diesel,0.06578724916238216,0.006578724916238216,0.051952637841550346,109.80144565065177,191.57883840730065,1264.236582541283,7,85,30,42,0.12807493905093165,0.026297202686605497,129.35986779070126
395,diesel,0.06578724916238216,0.006578724916238216,0.05215732697848158,108.13105488794183,188.76298530168017,1253.308256936578,4,87,27,45,0.11874107127090103,0.03045377887422305,130.9939569639544
396,diesel,0.06578724916238216,0.006578724916238216,0.049533505928570726,106.6223928156077,189.87466954215753,1306.2594621824512,5,90,27,41,0.12441096036357001,0.024118890804436178,127.47551550568927
397,diesel,0.06578724916238216,0.006578724916238216,0.052136736008241084,109.18058952774592,192.34375442587123,1290.3204111794994,4,87,30,43,0.1291657120156635,0.02697441356983331,129.74424110168695
398,diesel,0.06578724916238216,0.006578724916238216,0.05650098657448442,110.87487644924425,196.9128145538183,1355.9127052799233,4,92,25,43,0.14352854469658446,0.031444116549835435,130.74332429828317
399,diesel,0.06578724916238216,0.006578724916238216,0.05305774577620331,108.27969795717257,192.73665860472613,1297.895767729467,6,84,30,44,0.13296181384106823,0.02740997254798269,129.536694940728
400,diesel,0.06578724916238216,0.006578724916238216,0.05353657865708913,108.0156696399083,191.78915677740318,1265.08573636208,4,86,26,42,0.13193000115232884,0.02655238593164032,133.83805561867038
401,diesel,0.06578724916238216,0.006578724916238216,0.050911786882534324,107.40065677468209,188.5082854203544,1240.7778382344118,3,90,27,43,0.11593786005606306,0.026995174136550074,133.1110070811956
402,diesel,0.06578724916238216,0.006578724916238216,0.05106522782337902,109.84803516026749,192.41694511948776,1207.3348247106596,5,86,30,42,0.12728182369761198,0.024430241413239864,132.64827272829874
403,diesel,0.06578724916238216,0.006578724916238216,0.04963220972588456,107.20609884407143,188.13152587846935,1192.3242320013685,5,90,27,41,0.12136622174258463,0.025069279137100473,128.27109229572778
404,diesel,0.06578724916238216,0.006578724916238216,0.05209252659616182,109.04066056410713,190.75557609698936,1227.9036333216386,5,89,27,43,0.12843395337451785,0.02618473044623678,132.37359496352218
405,diesel,0.06578724916238216,0.006578724916238216,0.0516555396485796,108.36895841191327,191.42159331560424,1307.1633917919032,4,89,27,42,0.12750961438743283,0.02607138123002125,131.1017491580967
406,diesel,0.06578724916238216,0.006578724916238216,0.04968900441616281,108.35477428378434,188.75303856877355,1219.7492874081997,4,89,25,43,0.1188298283871823,0.02403280141440283,131.96093263185637
407,diesel,0.06578724916238216,0.006578724916238216,0.05144979459598529,108.79313794369664,190.60995902960352,1278.4296669751488,3,87,26,43,0.13089425067631788,0.02517286263782468,129.19361198484216
408,diesel,0.06578724916238216,0.006578724916238216,0.053617370397598216,109.42293844010372,192.43114362065353,1279.7507527565504,3,89,27,43,0.1337066292542315,0.028510288562060344,130.26223603221854
409,diesel,0.06578724916238216,0.006578724916238216,0.05062145203270355,109.7251858135947,191.62200143703203,1270.3460724184342,5,84,28,42,0.1268498091116724,0.02530990231801065,126.99923592341553
410,diesel,0.06578724916238216,0.006578724916238216,0.05201227520579888,107.4174295614909,189.6744114289464,1269.797604360122,4,87,28,42,0.1291618682654194,0.02510682284159587,131.5099367508469
411,diesel,0.06578724916238216,0.006578724916238216,0.05590294723939957,109.11238754145526,195.5384689798673,1261.0884152301537,6,89,27,42,0.1544725257553546,0.025815056451953554,129.32283939926316
412,diesel,0.06578724916238216,0.006578724916238216,0.054097820243176144,110.05941597779078,193.6091966727483,1276.7552898383524,5,95,25,44,0.1390628549101097,0.028620144955210102,126.66922178856413
413,diesel,0.06578724916238216,0.006578724916238216,0.051279452309880805,108.50460775764404,190.81380562870638,1273.6576088634747,5,86,28,43,0.12860926481106982,0.02342999630163066,132.5296645254299
414,diesel,0.06578724916238216,0.006578724916238216,0.05242027983201137,111.19784218943506,192.07198160298486,1228.7280546542331,5,88,27,44,0.13293973272048906,0.025863359030379406,130.17166172077938
415,diesel,0.06578724916238216,0.006578724916238216,0.05375655338465805,106.38294252235828,190.90463526351178,1271.7489953580048,5,91,27,43,0.13366921345358482,0.028614847731408304,129.86266519594813
416,diesel,0.06578724916238216,0.006578724916238216,0.05109358272748753,107.6582150916718,190.54205578544958,1217.67499180988,6,94,27,44,0.11922104256792675,0.027830240247318522,130.4694946348119
417,diesel,0.06578724916238216,0.006578724916238216,0.0586958394634058,113.06297008387327,199.61054988076714,1284.5199899066783,6,92,28,43,0.16216467321980663,0.029133071210058946,129.6485881425203
418,diesel,0.06578724916238216,0.006578724916238216,0.054359298170219575,109.99593902839044,193.12945819217583,1264.54526760322,3,90,27,43,0.1363844414506451,0.02725917876517188,134.27518536327315
419,diesel,0.06578724916238216,0.006578724916238216,0.052237637793685086,107.25803998980213,190.517476405215,1264.061511516883,5,89,27,43,0.12240189444200673,0.029632015177713487,130.89554096394824
420,diesel,0.06578724916238216,0.006578724916238216,0.052845183305798675,110.60716120169945,194.39336401595705,1240.1896659511838,4,91,27,42,0.1422226134099647,0.024090708186182853,129.61613374845285
421,diesel,0.06578724916238216,0.006578724916238216,0.050743581756577616,109.1235434466855,192.74257480845645,1263.1037987780257,5,89,27,44,0.121913820557549,0.026427199417491762,130.2763142473545
422,diesel,0.06578724916238216,0.006578724916238216,0.05150934511034535,104.6784521815997,189.78450791123848,1287.3761669817482,4,94,23,44,0.123704824830618,0.02701710268315484,132.36695655040918
423,diesel,0.06578724916238216,0.006578724916238216,0.052189530560484344,108.81081170195912,189.20777115314053,1245.6211189983474,4,90,28,43,0.12300672607244291,0.029005099419426666,130.77749497589625
424,diesel,0.06578724916238216,0.006578724916238216,0.05119878462025586,110.26985051509884,192.93094842662995,1273.3723182644044,5,89,25,42,0.12161319092788203,0.026422550500348425,131.99126221186705
425,diesel,0.06578724916238216,0.006578724916238216,0.0508810132495158,111.24714353578594,193.42023645846135,1285.9680562328479,5,87,27,43,0.12382944787592648,0.025491147859856306,130.01663233353133
426,diesel,0.06578724916238216,0.006578724916238216,0.05197539678065218,108.14174349427249,191.36221663809567,1255.9208420854739,5,89,26,43,0.12537731096913313,0.027946702671432032,130.86469812120552
427,diesel,0.06578724916238216,0.006578724916238216,0.05163783452594394,105.76866507002389,187.59546527958753,1250.451147774767,4,87,29,44,0.12091339282225076,0.02821227453342322,132.15530281694134
428,diesel,0.06578724916238216,0.006578724916238216,0.05411878536869619,110.84858405930373,195.7575885374068,1233.0735523617645,5,90,28,42,0.1418568018817875,0.02554526024602972,131.41507810304105
429,diesel,0.06578724916238216,0.006578724916238216,0.05309207906001978,110.04740961608451,195.2029520903402,1280.5854124752814,6,86,27,43,0.13089977825329416,0.028023460679047117,130.5004415725911
430,diesel,0.06578724916238216,0.006578724916238216,0.049361866901613906,106.53450464368281,185.90882452156794,1241.2352613583425,4,88,30,42,0.11952317453776067,0.024522094018473002,130.9571709459191
431,diesel,0.06578724916238216,0.006578724916238216,0.05171966729046872,107.02087401925942,188.39528793836428,1298.429715999192,3,88,29,44,0.12254624601722658,0.027788423809035016,131.18060891825507
432,diesel,0.06578724916238216,0.006578724916238216,0.055359207836625714,108.39773271127362,192.6265790425801,1275.5998510096924,3,94,27,43,0.1415128205039194,0.027650438149650593,132.55263675249728
433,diesel,0.06578724916238216,0.006578724916238216,0.048573299756219324,105.90897467488206,185.31364789837028,1218.398519135153,4,89,25,44,0.10531712383130026,0.025995438980305267,133.64485081128103
434,diesel,0.06578724916238216,0.006578724916238216,0.05353473472726963,108.3936391856546,190.71179863472005,1291.4899925605246,5,85,29,45,0.1307595610031209,0.027718932528222318,131.42765066692206
435,diesel,0.06578724916238216,0.006578724916238216,0.052137745818948616,111.5164552871903,191.6358990928767,1255.9035554293864,4,86,27,44,0.12986932744523516,0.027124226927523698,127.67014890926221
436,diesel,0.06578724916238216,0.006578724916238216,0.05219878081038086,107.568845522935,190.95654421745044,1256.8760832637445,4,91,28,43,0.12912263315353478,0.026963624501007474,130.34409230065057
437,diesel,0.06578724916238216,0.006578724916238216,0.053190731517438444,111.28644020492708,196.41338008161418,1338.0180368407923,4,88,27,42,0.13781058718610364,0.02591382233410742,132.50492370901168
438,diesel,0.06578724916238216,0.006578724916238216,0.05135919341644834,107.3703557593563,189.63500734300257,1260.8222447411429,5,89,27,44,0.12818491306778548,0.024141015333906824,132.4148021979873
439,diesel,0.06578724916238216,0.006578724916238216,0.054003952763157004,112.09582075711859,193.22556161717736,1242.483786466722,5,84,27,44,0.13380908011550038,0.027178880305657654,132.03991560277908
440,diesel,0.06578724916238216,0.006578724916238216,0.05187671565536401,108.82687252345556,190.9284616284649,1273.2745243245668,5,91,28,40,0.1254979762911241,0.027284893690255874,131.4180567234398
441,diesel,0.06578724916238216,0.006578724916238216,0.05170360234628902,110.35047787171676,192.33271611282805,1265.6079223239058,5,88,27,44,0.12841984617831137,0.02650228455315165,129.69599349889617
442,diesel,0.06578724916238216,0.006578724916238216,0.051823671508845474,107.38346413860596,193.55773248022683,1320.3357410040276,5,91,27,43,0.1343798071071322,0.02563428447218046,126.4436288375209
443,diesel,0.06578724916238216,0.006578724916238216,0.05241120282592423,110.44236178690346,191.85386589604136,1268.7191671232724,4,90,30,42,0.13192966657830216,0.02704851092174318,127.85984500392365
444,diesel,0.06578724916238216,0.006578724916238216,0.050682959270560685,107.85312199844901,188.41927096798008,1246.9076609035656,4,86,30,43,0.11966835216100917,0.02700033307938956,131.18456256191
445,diesel,0.06578724916238216,0.006578724916238216,0.05293018749604023,107.94138023119176,192.80012892385002,1302.7584046430736,6,87,27,44,0.12865749327863868,0.028236533510952688,128.97818320767564
446,diesel,0.06578724916238216,0.006578724916238216,0.052855863784068896,110.60226822424502,194.10995539776758,1266.9666854273455,5,86,27,43,0.13117346124075316,0.028729614351589113,127.3037470356121
447,diesel,0.06578724916238216,0.006578724916238216,0.052825099570027116,107.76170237361288,191.15802397282127,1246.9756671878422,5,93,27,41,0.12888318667153154,0.028696174081911892,129.2922561125993
448,diesel,0.06578724916238216,0.006578724916238216,0.05275262288351756,110.44848893013244,192.76518615730134,1216.9740893269307,4,85,29,44,0.13574691284800205,0.02629378481028705,129.51461044272426
449,diesel,0.06578724916238216,0.006578724916238216,0.05323099564334011,108.65024405167009,190.92350180776668,1254.672556412099,4,91,26,43,0.12679831568858443,0.02971972908178227,131.26053655763414
450,diesel,0.06578724916238216,0.006578724916238216,0.05235653717421104,111.7722643710535,193.089803610392,1303.4507610941664,3,87,30,43,0.13210144488779219,0.027043211768403835,126.8011978130004
451,diesel,0.06578724916238216,0.006578724916238216,0.052748463566874036,110.44921435148204,194.76558023575987,1266.0534367498012,5,92,29,44,0.1321512274015708,0.026785097414998425,130.6527902956583
452,diesel,0.06578724916238216,0.006578724916238216,0.05156469749671399,104.14663079058853,187.1930035383622,1246.4662656535127,5,93,25,43,0.11806387352683355,0.02905620980047913,131.73020891313826
453,diesel,0.06578724916238216,0.006578724916238216,0.052659547277086084,108.77524901509365,190.83871397077675,1258.3226689190553,5,90,28,44,0.1273205828394622,0.029148830405336227,129.43203261494546
454,diesel,0.06578724916238216,0.006578724916238216,0.05530010174599887,109.67368304747292,194.73415550387222,1283.669447669517,6,93,25,42,0.1430438078415052,0.02828677588260736,130.06468623338674
455,diesel,0.06578724916238216,0.006578724916238216,0.04886335196383256,108.23052738024117,189.04310881016642,1232.4620686643093,4,85,30,43,0.11539569196218537,0.02462631112258022,131.64657122138541
456,diesel,0.06578724916238216,0.006578724916238216,0.053560121327802385,109.92053356280863,193.2332887798668,1268.5560510744563,4,87,31,43,0.1396040611091489,0.025267954548505733,131.29566043964326
457,diesel,0.06578724916238216,0.006578724916238216,0.05316606716831445,107.70484541221391,191.4754461955201,1248.5157478998844,4,94,25,42,0.1359498281552844,0.02753671025432598,126.9342237781352
458,diesel,0.06578724916238216,0.006578724916238216,0.05424654885591776,108.53776852688671,193.31203686136192,1280.2122522412074,5,93,25,43,0.1369336669609259,0.028212448744831708,129.71285343200844
459,diesel,0.06578724916238216,0.006578724916238216,0.052271628910069395,108.68967357945542,191.78100129944846,1280.59311313268,5,88,25,44,0.1305328203580201,0.02595241991107222,131.96928000091395
460,diesel,0.06578724916238216,0.006578724916238216,0.05538735277883453,107.84408038331003,192.64559635791073,1267.5317045258025,4,92,30,45,0.1332716048384912,0.03263714395587071,129.23836851354338
461,diesel,0.06578724916238216,0.006578724916238216,0.05456101613270449,108.8247807288211,194.03009642659327,1288.2350611166707,5,94,29,44,0.14222592110449594,0.02764032791303311,127.6170841995522
462,diesel,0.06578724916238216,0.006578724916238216,0.0525779954040061,106.54608776389135,192.42144139817609,1286.0353278586028,6,92,26,42,0.1368948397885102,0.024772494298589406,129.84159677718083
463,diesel,0.06578724916238216,0.006578724916238216,0.05015445234412999,108.31912259645345,190.84532303460915,1278.3798163603856,4,86,28,43,0.12665935013554697,0.02374646778592139,128.7917498814778
464,diesel,0.06578724916238216,0.006578724916238216,0.05327369259904215,107.84015882059401,190.78071706226135,1257.8237195313086,4,90,27,43,0.12451719023797655,0.030120410769618692,131.94850832378606
465,diesel,0.06578724916238216,0.006578724916238216,0.05672790103354262,109.41161061933941,196.2116244729386,1293.024818918827,5,93,28,43,0.14817553418282825,0.030475695314640526,130.14271900953597
466,diesel,0.06578724916238216,0.006578724916238216,0.05135798991228281,107.4364298676938,188.57232878881584,1291.5527611160778,4,89,25,43,0.11761828672691674,0.02991237053049683,131.03592083764062
467,diesel,0.06578724916238216,0.006578724916238216,0.05277640628471865,111.14874545031229,193.25401387760903,1279.2821318084605,6,83,30,41,0.1331036552630889,0.025793544881943166,131.04793468889812
468,diesel,0.06578724916238216,0.006578724916238216,0.05278439596923516,108.74713767952568,193.33261975081078,1272.8392911132569,5,95,25,43,0.14132858135590967,0.024662907049398202,128.59664596502495
469,diesel,0.06578724916238216,0.006578724916238216,0.05352753338867524,110.47815771996032,193.48604739043566,1304.5959753859943,5,90,23,43,0.1343686972547467,0.02714166004283696,131.59936532555534
470,diesel,0.06578724916238216,0.006578724916238216,0.05306604763334432,111.33830922532154,193.6417710382864,1248.7219611714136,5,90,29,42,0.13746004286676755,0.02705039588612024,127.08410179319927
471,diesel,0.06578724916238216,0.006578724916238216,0.05566067584151546,108.37908437533945,192.7949401884335,1260.2064021929134,6,91,28,44,0.1385473348718048,0.030330437514921753,130.08086406433875
472,diesel,0.06578724916238216,0.006578724916238216,0.054314245397013086,111.46945211218716,193.18634079581,1238.2815261757785,5,85,28,42,0.13789631740252697,0.027683738292320112,130.00332218901957
473,diesel,0.06578724916238216,0.006578724916238216,0.056410479625268295,110.27452676447086,195.87586982419433,1279.9680091828243,5,91,28,44,0.15330112068387525,0.028303476882465654,129.07604899759122
474,diesel,0.06578724916238216,0.006578724916238216,0.05065135570557728,109.74491991397666,191.2294850381161,1254.141673353081,5,85,26,44,0.12329385503694618,0.025925504373004546,129.9460235734237
475,diesel,0.06578724916238216,0.006578724916238216,0.052003029656487246,108.72318603687137,192.86820597383382,1257.239064844156,5,89,29,44,0.13206021628880263,0.026630086032102037,127.80500481172287
476,diesel,0.06578724916238216,0.006578724916238216,0.052321254077210375,109.74730449856385,192.33728627519145,1271.186902460033,4,89,27,41,0.13192852115429207,0.025234843270463284,130.41464226697406
477,diesel,0.06578724916238216,0.006578724916238216,0.05790161148175672,110.03527873709463,194.62650721595338,1246.901980266633,6,89,28,43,0.15174018051163016,0.028689950513564585,133.15987743609534
478,diesel,0.06578724916238216,0.006578724916238216,0.057275264492112316,109.45061447161991,194.81105030512933,1271.158291267891,6,91,29,43,0.14390735771895524,0.03321570597658689,128.76700757334132
479,diesel,0.06578724916238216,0.006578724916238216,0.05178207532150716,108.21127590858414,190.3985210691234,1262.3917725422955,4,87,26,44,0.12528107704655622,0.0274958298748038,129.4328872495454
480,diesel,0.06578724916238216,0.006578724916238216,0.052354326621604524,108.69474201210215,193.24792334376167,1229.0000423354118,5,91,27,43,0.1309852008770647,0.02614716942602808,131.73970126411731
481,diesel,0.06578724916238216,0.006578724916238216,0.05375188256408541,108.69562094600826,192.8886544815822,1263.7686269373417,5,92,28,43,0.13628620875566275,0.025550194080614735,134.6425699038557
482,diesel,0.06578724916238216,0.006578724916238216,0.049870182686531,107.45215213659421,189.56417448006405,1226.7105341989686,5,88,25,42,0.1251373402703881,0.023254709275686805,129.897854064878
483,diesel,0.06578724916238216,0.006578724916238216,0.0531115732353667,111.3680579200768,193.56186758989622,1284.4832557939744,4,88,28,41,0.1357239617807631,0.026749522724229383,130.1956032732132
484,diesel,0.06578724916238216,0.006578724916238216,0.04996226466064639,105.30273087816184,189.61736714267005,1271.8366827741168,4,91,25,40,0.12066633658548032,0.02466813023431043,130.8798761069389
485,diesel,0.06578724916238216,0.006578724916238216,0.054638030685911526,110.01303378636086,195.06559226716223,1291.9773056422036,5,90,28,44,0.14214717543267558,0.02827200709076116,128.11801533907027
486,diesel,0.06578724916238216,0.006578724916238216,0.0518249286881229,107.8239432935172,189.26278810291998,1268.340467393777,3,87,28,42,0.12265284477145019,0.027678212863703006,132.47640922967597
487,diesel,0.06578724916238216,0.006578724916238216,0.05408282224384433,108.99822496432552,195.59750816758083,1295.5544246132756,6,93,25,45,0.1346099434575783,0.027941872912364153,130.91096496015194
488,diesel,0.06578724916238216,0.006578724916238216,0.052137676406395536,109.15315564873895,194.59408298948057,1261.5988808809045,5,88,26,43,0.13708308683011328,0.025508559330815483,128.93381336639658
489,diesel,0.06578724916238216,0.006578724916238216,0.05131300992075571,109.71755733034152,195.01306121688756,1302.3984068185025,5,95,25,41,0.13245069815691726,0.02425199839093289,128.49315931735882
490,diesel,0.06578724916238216,0.006578724916238216,0.05466066859472198,111.38956161249826,195.36155283682427,1255.06607969127,5,91,30,43,0.13963195802187714,0.02995959074464889,127.01991511658649
491,diesel,0.06578724916238216,0.006578724916238216,0.05716772618752887,110.8247918071822,196.10286185594967,1278.8935623180319,6,86,30,44,0.15311397965607385,0.02855664324102176,130.9917820295671
492,diesel,0.06578724916238216,0.006578724916238216,0.05318930863637645,109.69214439635651,193.65885248752977,1302.2324428576583,4,88,27,42,0.13774250405708824,0.026253233994198783,130.27701114676856
493,diesel,0.06578724916238216,0.006578724916238216,0.05345199034295052,109.44705261554437,195.52531451064212,1251.1880715538732,5,95,29,43,0.1414948455498871,0.0279186519538358,125.21343462762128
494,diesel,0.06578724916238216,0.006578724916238216,0.05367263692828409,110.35706858525023,195.29302593559274,1241.986510708572,6,93,28,43,0.14117457401097736,0.026640878780220943,128.22323416398754
495,diesel,0.06578724916238216,0.006578724916238216,0.05309093442576644,106.79971773965795,194.88208739711777,1313.7097342333348,4,94,23,43,0.13348623070507804,0.02699852250529661,131.04373364931573
496,diesel,0.06578724916238216,0.006578724916238216,0.05141552576173426,107.66180106569476,188.85565648931401,1246.1445181312342,5,88,29,41,0.12326556729605607,0.024847483742251982,132.9543260141766
497,diesel,0.06578724916238216,0.006578724916238216,0.052526825434171726,105.11835863921024,189.19874000860642,1255.50943449338,5,94,25,42,0.127299731040646,0.027572692617069613,132.29006806377404
498,diesel,0.06578724916238216,0.006578724916238216,0.05247248706575387,109.41913313946006,192.33943147572813,1238.1486918512185,5,89,25,42,0.1358825256131511,0.02526819782200014,130.24102023619653
499,diesel,0.06578724916238216,0.006578724916238216,0.05350513140387079,109.89486626946473,193.17742697318522,1239.047449574788,4,91,25,44,0.13202268390315938,0.028119111084471914,130.86768750530055
500,diesel,0.06578724916238216,0.006578724916238216,0.04958170602966509,106.77054901842536,187.45555116386058,1214.5859928147165,5,89,28,42,0.11651619281941014,0.026443155783155793,129.7557111437921
