adjust_date,fuel,oil_price_usd_bbl,inventory_cost,mechanism_delta,mechanism_signal_with_carry,cost_pressure,rule_ratio,raw_rule_delta,rule_delta,carry_over_next,rule_price,rule_loss,rule_cpi_pred,rule_loss_consumer,rule_loss_profit,rule_loss_cpi,rule_loss_expectation,rule_loss_security,robustness_scenario
2016-04-27,gasoline,42.396839673275,5983.353999999999,171.5829568848506,171.5829568848506,0.03549100387508409,0.5,85.7914784424253,85.7914784424253,85.7914784424253,6215.791478442426,0.012544115363427779,0.022498550599658253,0.00017151395856324127,0.0005110008911866948,6.242755099052612e-06,0.029440711093348497,0.0035794750383441507,baseline
2016-05-12,gasoline,44.53533986703174,5983.353999999999,168.10706650506384,253.89854494748914,0.021152644747005487,0.5,126.94927247374457,126.94927247374457,126.94927247374457,6342.74075091617,0.014055129926098047,0.02243283677101034,3.8477479090078694e-06,1.1148165873616357e-05,5.918694754380015e-06,0.006775856038098001,0.0,baseline
2016-05-26,gasoline,47.87412315362528,5983.353999999999,280.7905830666906,407.7398555404352,-6.443057124322921e-05,0.5,203.8699277702176,203.8699277702176,203.8699277702176,6546.6106786863875,0.037370001096609616,0.022631825714704942,0.0002411584026657506,0.0006779725846206425,6.926506592582178e-06,0.0236671488449553,0.0,baseline
2016-06-09,gasoline,49.297681034260485,6096.014999999999,99.50075572334688,303.37068349356446,-0.013916432076756347,0.5,151.68534174678223,151.68534174678223,151.68534174678223,6698.296020433169,0.02036125526148387,0.02304723347293609,0.0003162791660530539,0.00089494057567566,9.285631838582141e-06,0.010892924073749305,0.0,baseline
2016-07-22,gasoline,45.323769115979474,6228.219999999999,-139.57172673647705,12.113615010305182,-0.015475179173691586,0.0,0.0,0.0,12.113615010305182,6698.296020433169,0.015883976399258076,0.02302129063038906,3.537913565416864e-05,0.00010360080817016542,9.128197073276722e-06,0.09203377160335245,0.0,baseline
2016-08-05,gasoline,41.821543066021135,6279.969999999999,-235.3097791206681,-223.19616411036293,-0.006612741849590021,0.5,-111.59808205518146,-111.59808205518146,-111.59808205518146,6586.697938377988,0.018944988312589915,0.02226536166065341,5.933158810154197e-05,0.0001804243797246456,5.13186345355838e-06,0.04981652767358005,0.0009959609869421827,baseline
2016-08-19,gasoline,44.95531466879161,6292.897999999999,112.32998561032062,0.7319035551391551,0.01331245820637981,0.0,0.0,0.0,0.7319035551391551,6586.697938377988,0.009171421175544843,0.021256764480503957,7.908424995847256e-05,0.0002370047309087042,1.5794569594563798e-06,0.04981652767358005,0.0014177723479728733,baseline
2016-09-02,gasoline,47.59264263315335,6245.110000000001,130.15483416651762,130.88673772165677,0.0053031350323713995,0.5,65.44336886082839,65.44336886082839,65.44336886082839,6652.141307238817,0.0063591424824534755,0.0208055507967993,4.842775764244123e-07,1.4113743358406526e-06,6.489120862239851e-07,0.017131338111417767,0.0,baseline
2016-09-19,gasoline,46.13663267214746,6223.906,-103.75471189199216,-38.31134303116377,-0.008804912419759659,0.0,-0.0,0.0,-38.31134303116377,6652.141307238817,0.00410871989894358,0.020548378568233508,6.5164715075492546e-06,1.9145506088631374e-05,3.007190540978317e-07,0.017131338111417767,0.0,baseline
2016-10-20,gasoline,50.22665824618214,6242.055,243.71782996522825,205.40648693406447,-0.005697323595965715,0.5,102.70324346703224,102.70324346703224,102.70324346703224,6754.844550705849,0.015685601759932787,0.020176719082117288,8.811375340202524e-05,0.0002532661461851345,3.122963398437659e-08,0.042191824874594,0.0,baseline
2016-11-17,gasoline,43.853398014610974,6345.566,-309.0135361297743,-206.31029266274209,-0.004498352188890376,0.5,-103.15514633137104,-103.15514633137104,-103.15514633137104,6651.689404374478,0.03803262586902491,0.0199644839383012,6.430347510111619e-05,0.00019538719649696748,1.261390638593085e-09,0.16951070660156536,0.0011059864450220353,baseline
2016-12-01,gasoline,46.28107919720019,6397.923999999999,211.82630230190665,108.67115597053561,0.020336289650443172,0.5,54.335577985267804,54.335577985267804,54.335577985267804,6706.024982359746,0.019855599184997325,0.019169618269141563,6.65650561508643e-05,0.00019757377461070597,6.89533818943455e-07,0.09921331298311817,0.0011221670344062561,baseline
2016-12-15,gasoline,52.12131287707897,6424.956,404.6088802501751,458.9444582354429,0.016253555299095345,0.75,344.20834367658216,344.20834367658216,114.73611455886072,7050.233326036328,0.06814901586773905,0.01937019579909922,0.00029866512680188105,0.0008230520685067515,3.9665333147226985e-07,0.3361048811581266,0.0,baseline
2016-12-29,gasoline,53.07575348934881,6420.54,120.43406272601057,235.17017728487127,-0.038074823307124896,0.5,117.58508864243564,117.58508864243564,117.58508864243564,7167.818414678764,0.04642014354565164,0.02038015915951614,0.0006935436735435197,0.001958474226817519,1.4452098656401635e-07,0.20543239888908726,0.0,baseline
2017-01-13,gasoline,53.99351442246399,6592.219999999999,69.15090928209297,186.7359979245286,-0.02731480664764894,0.5,93.3679989622643,93.3679989622643,93.3679989622643,7261.186413641029,0.007476622962927262,0.020423836795653367,0.00036166403578320776,0.0010322776899986345,1.7963762934971353e-07,0.0023458697303098447,0.0,baseline
2017-01-26,gasoline,53.59469121042442,6695.227999999999,4.9418569543929785,98.30985591665727,-0.02453161171524386,0.5,49.154927958328635,0.0,98.30985591665727,7261.186413641029,0.013732278769422008,0.020264170632490353,0.00011043533858111454,0.00032195006783591765,6.978612307035306e-08,0.034870332920869544,0.0,baseline
2017-02-15,gasoline,54.325999515736456,6784.26,-31.98073207968033,66.32912383697695,-0.010298958713408357,0.25,16.582280959244237,0.0,66.32912383697695,7261.186413641029,0.003522768267932912,0.019778526704827794,1.0995414998460097e-05,3.228069138297014e-05,4.905042047443505e-08,0.0,0.0,baseline
2017-03-15,gasoline,52.055328052771,6801.446,-86.42863626810336,-20.099512431126414,-0.007594510585106247,0.0,-0.0,0.0,-20.099512431126414,7261.186413641029,0.00032435007258967385,0.01931622841039232,3.737598280222015e-06,1.0987760351624675e-05,4.6754358675461604e-07,0.0,0.0,baseline
2017-03-29,gasoline,49.38071351199277,6812.572,-134.5397692866529,-154.6392817177793,-0.005850961082103568,0.5,-77.31964085888966,-77.31964085888966,-77.31964085888966,7183.866772782139,0.008988949505995669,0.018788115667500466,2.300953424414361e-05,6.914705278433664e-05,1.4686636353578428e-06,0.02391330745019072,0.00024187602558442425,baseline
2017-04-13,gasoline,52.84095880895715,6772.045,180.87821619979064,103.55857534090099,-0.0008120254342873803,0.5,51.77928767045049,51.77928767045049,51.77928767045049,7235.64606045259,0.01355933078673063,0.018160268447580372,5.682875819341575e-06,1.6579772680160935e-05,3.3846121849683347e-06,0.06666613338969471,0.0,baseline
2017-05-12,gasoline,48.041424392545125,6733.571,-293.3559093889389,-241.57662171848844,-0.014562971186104702,0.5,-120.78831085924422,-120.78831085924422,-120.78831085924422,7114.857749593346,0.032107720241294345,0.01782236598073858,1.3617335449861783e-05,4.108535618186743e-05,4.742089921844647e-06,0.11911830424922358,9.11387001119298e-05,baseline
2017-05-26,gasoline,51.03890868988692,6708.786,120.060225204291,-0.7280856549532189,-0.000528350374172814,0.0,-0.0,0.0,-0.7280856549532189,7114.857749593346,0.009993241064081311,0.017026509101482023,2.897627570430373e-06,8.56282628175483e-06,8.841648123569249e-06,0.058359264160917655,0.0,baseline
2017-06-10,gasoline,48.441866975263295,6651.615,-210.9973096188248,-211.72539527377802,-0.009643650390671395,0.5,-105.86269763688901,-105.86269763688901,-105.86269763688901,7008.995051956457,0.016787134747801045,0.016573487809753873,2.6884429685710785e-05,8.120222671722541e-05,1.1740985789905314e-05,0.04482764300383754,0.000314672473455238,baseline
2017-06-24,gasoline,45.03258488301636,6620.423999999999,-202.6109905293957,-308.4736881662847,0.0013072256465057202,0.5,-154.23684408314236,-154.23684408314236,-154.23684408314236,6854.758207873315,0.02281880509852074,0.015702204944385265,0.0002149587161434241,0.0006663818488356457,1.8471042340066464e-05,0.009360232177614261,0.004842992482768985,baseline
2017-07-22,gasoline,46.99182937767929,6535.9349999999995,64.99909846400752,-89.23774561913484,0.011219954318193922,0.5,-44.61887280956742,0.0,-89.23774561913484,6854.758207873315,0.023123331254420537,0.01487220241478674,6.084218117908043e-05,0.00018194702523695238,2.6294308074918938e-05,0.09515601629091028,0.0010070989992188675,baseline
2017-08-05,gasoline,50.15160002264495,6517.253000000001,174.36838320677614,85.1306375876413,0.008213578961364015,0.5,42.56531879382065,0.0,85.1306375876413,6854.758207873315,0.00605098584510964,0.014645758500163458,3.88583352066636e-05,0.00011585008899731471,2.866790203857187e-05,0.0,0.0005397030348364926,baseline
2017-09-16,gasoline,52.38592119344901,6564.921,35.346608299556834,120.47724588719814,0.015850617566713392,0.5,60.23862294359907,60.23862294359907,60.23862294359907,6914.996830816914,0.005558350744496405,0.014502855826870834,2.9781951719487346e-05,8.787946413228626e-05,3.0218594060167944e-05,0.0145147667765644,0.00035642192394404166,baseline
2017-09-30,gasoline,55.187765045612345,6609.59,171.151490855452,231.39011379905108,0.013793377377883822,0.5,115.69505689952554,115.69505689952554,115.69505689952554,7030.691887716439,0.01282009150193113,0.014657590520814785,3.8198601392834936e-09,1.1066943038992018e-08,2.8541339043288043e-05,0.012301664268432138,0.0,baseline
2017-11-03,gasoline,57.00834724985867,6762.785,89.12985930082701,204.82491620035256,0.020385124217842346,0.5,102.41245810017628,102.41245810017628,102.41245810017628,7133.104345816615,0.008619173518528143,0.014990450715480363,2.2308648752547557e-05,6.535762799003235e-05,2.509558403403121e-05,0.0007057097234578974,0.00021979422447784705,baseline
2017-11-17,gasoline,60.43819147787639,6839.96,179.49216161645785,281.9046197166341,0.017142388871190073,0.5,140.95230985831705,140.95230985831705,140.95230985831705,7274.056655674932,0.016915734244480816,0.015294807304760814,3.602322845792349e-08,1.0408255624783359e-07,2.2138838299332197e-05,0.005941280694157866,0.0,baseline
2017-12-29,gasoline,62.21587332766389,6987.75,31.85656603080484,172.80887588912188,0.0190273470466271,0.5,86.40443794456094,86.40443794456094,86.40443794456094,7360.461093619493,0.008177733087046175,0.015652404359286477,2.980142811554713e-05,8.766723131870112e-05,1.890158785515123e-05,0.01190188132127817,0.0003550810758046285,baseline
2018-01-13,gasoline,66.11343927180071,7104.843999999999,156.28639151490952,242.69082945947048,0.02402213847066962,0.5,121.34541472973524,121.34541472973524,121.34541472973524,7481.806508349228,0.012797015824954997,0.015829017042372794,3.156808492402797e-05,9.246959150184737e-05,1.73970988328166e-05,0.0048834874348083574,0.0003856294799059158,baseline
2018-01-27,gasoline,67.75322721683503,7178.954,15.41229530970337,136.75771003943862,0.01781383912625318,0.5,68.37885501971931,68.37885501971931,68.37885501971931,7550.185363368948,0.005916529642669907,0.016054421391279144,3.9708377692611344e-05,0.0001173211789819729,1.5567590557595612e-05,0.011221825790058731,0.0005496514284479027,baseline
2018-02-10,gasoline,65.67800657880974,7239.48,-150.54472341056493,-82.16586839084562,0.017081812040512828,0.5,-41.08293419542281,0.0,-82.16586839084562,7550.185363368948,0.009661008793255548,0.016005245420888176,0.0001180831467376319,0.0003552464285066352,1.5958064147334887e-05,0.01870267125523117,0.0023343064206992723,baseline
2018-03-01,gasoline,64.32478933099402,7194.950999999999,-48.93205816678833,-131.09792655763394,0.01062727135056953,0.5,-65.54896327881697,-65.54896327881697,-65.54896327881697,7484.636400090131,0.007789849861862399,0.01565255578074379,0.00014903321713650273,0.0004535194290012795,1.890027123954423e-05,0.017186666347710784,0.0031166089482359285,baseline
2018-03-29,gasoline,65.81290998890657,7169.706,61.938015506460296,-3.610947772356674,0.01607485159222283,0.0,-0.0,0.0,-3.610947772356674,7484.636400090131,0.003892410876146064,0.01516622081305177,0.0001068887155342968,0.00032123702152270163,2.33654212281739e-05,0.017186666347710784,0.002067206829695911,baseline
2018-04-13,gasoline,67.1364923044488,7165.084999999999,86.37023400264391,82.75928623028724,0.015401589780144666,0.5,41.37964311514362,0.0,82.75928623028724,7484.636400090131,0.006343449735454558,0.01492564299229494,9.972024386931773e-05,0.0002994868444684346,2.5749099041645453e-05,0.0,0.001897671742046853,baseline
2018-04-27,gasoline,71.45750403433306,7178.299999999999,258.6832314514729,341.44251768176014,0.01732465902927829,0.5,170.72125884088007,170.72125884088007,170.72125884088007,7655.357658931011,0.0432796798144041,0.01488521371891208,1.8664738377182358e-06,5.367723711113362e-06,2.6161038701205193e-05,0.11658299288085909,0.0,baseline
2018-05-12,gasoline,73.11339128033123,7270.8949999999995,123.8461601408466,294.5674189817267,0.0071230627135983,0.5,147.28370949086334,147.28370949086334,147.28370949086334,7802.641368421875,0.017741025805203457,0.015401463106091709,2.3089897901743777e-05,6.641489437949892e-05,2.1146541564635717e-05,0.002197274878137877,0.0,baseline
2018-05-26,gasoline,75.7600727398957,7321.165999999999,173.4331037481288,320.71681323899213,-0.0057648478974353665,0.5,160.35840661949607,160.35840661949607,160.35840661949607,7962.999775041371,0.020734097056154255,0.015812297029032116,0.00014881250103327478,0.00042444275158470693,1.7536856173053244e-05,0.0006837908200219068,0.0,baseline
2018-06-09,gasoline,71.57248681191464,7459.885,-169.96591349832568,-9.60750687882961,-0.007442698518994737,0.0,-0.0,0.0,-9.60750687882961,7962.999775041371,0.017685866493283325,0.01606708364138732,3.4429577277314904e-06,1.0122345588637664e-05,1.5467831083843217e-05,0.10285927429417457,0.0,baseline
2018-06-26,gasoline,71.34368611064708,7523.008,16.615235212308775,7.0077283334791645,0.0015138499066635587,0.0,0.0,0.0,7.0077283334791645,7962.999775041371,5.319258212476317e-05,0.015783199991029253,7.60486247862891e-06,2.2519527139753298e-05,1.7781402315655696e-05,0.0,1.8333932319242125e-05,baseline
2018-07-10,gasoline,75.52675702206679,7570.405,247.03431453195307,254.04204286543222,0.008140849130083422,0.5,127.02102143271611,127.02102143271611,127.02102143271611,8090.020796474088,0.023960909789366047,0.015644845182059195,6.184502310348241e-06,1.7886375971531067e-05,1.896737348823301e-05,0.06453735954324212,0.0,baseline
2018-07-24,gasoline,71.84604043418894,7573.593999999999,-137.02129850027902,-10.000277067562905,-0.00818781102790673,0.0,-0.0,0.0,-10.000277067562905,8090.020796474088,0.011132862993127102,0.015789844789964317,5.0043961284812064e-06,1.4707527374328943e-05,1.772540689259061e-05,0.06453735954324212,0.0,baseline
2018-08-07,gasoline,72.24956008101798,7638.575,32.13091731342869,22.130640245865784,0.0008992126837679382,0.0,0.0,0.0,22.130640245865784,8090.020796474088,0.0004005368056201235,0.015519288427713752,5.952794683236304e-06,1.7616504470415645e-05,2.00767761940199e-05,0.0,6.4686676051931046e-06,baseline
2018-08-21,gasoline,69.1787498069334,7676.288,-129.38889547571105,-107.25825522984528,0.006102491663407162,0.5,-53.62912761492264,-53.62912761492264,-53.62912761492264,8036.391668859165,0.004896596083528851,0.015206930849743812,7.650842188590136e-05,0.00023076272099410708,2.297351187913758e-05,0.011504333314950632,0.0013705392881177621,baseline
2018-09-04,gasoline,72.78311549184721,7762.94,212.3774963561236,158.74836874120098,0.024774728535945666,0.5,79.37418437060049,79.37418437060049,79.37418437060049,8115.7658532297655,0.01792568468392889,0.014876256198920844,9.191385921242468e-05,0.00027310440582247684,2.625275053909708e-05,0.07075952399647359,0.0016936130957298466,baseline
2018-09-18,gasoline,74.11763302719488,7799.846,117.6660879835556,197.0402723541561,0.019496655032706367,0.5,98.52013617707804,98.52013617707804,98.52013617707804,8214.285989406844,0.008194955047590225,0.015002971893320656,3.098167383629739e-05,9.113447394472728e-05,2.497028989894336e-05,0.0014662698823038449,0.00037709378977882806,baseline
2018-10-01,gasoline,76.98512082710351,7903.82,172.00315055662983,270.5232867337079,0.020719501531304512,0.5,135.26164336685395,135.26164336685395,135.26164336685395,8349.547632773698,0.015615450170107641,0.015217325825572848,1.499586855070294e-05,4.377877479753164e-05,2.2873972258732443e-05,0.0053997534023054175,0.00010402875176209935,baseline
2018-10-20,gasoline,77.91850696573522,7951.442,93.2528611835263,228.51450455038025,0.009932901129921089,0.5,114.25725227519013,114.25725227519013,114.25725227519013,8463.804885048889,0.010750117051506965,0.015509212100570038,9.882013134270133e-08,2.870417958522854e-07,2.0167175957666574e-05,0.0017647377805262657,0.0,baseline
2018-11-03,gasoline,72.54628464866491,7970.945,-306.89986142267765,-192.64260914748752,-0.0018320519146586658,0.5,-96.32130457374376,-96.32130457374376,-96.32130457374376,8367.483580475146,0.03817282351910469,0.01550856982079315,5.261604046308638e-05,0.00015900144974788602,2.017294505469008e-05,0.17737331441831874,0.0008408278547111658,baseline
2018-11-17,gasoline,64.89815719013242,7963.598,-425.9952697573099,-522.3165743310537,0.009283529822180187,0.75,-391.7374307482903,-391.7374307482903,-130.57914358276344,7975.746149726855,0.08568423866337693,0.014572965217704629,0.0010374190076499912,0.003419543569908338,2.945270652824377e-05,0.3490827504159024,0.02735417468187643,baseline
2018-12-01,gasoline,57.47630975735433,7712.42,-440.81427464748793,-571.3934182302514,0.025856871160173503,0.75,-428.54506367268857,-428.54506367268857,-142.84835455756286,7547.201086054167,0.03749565455438181,0.012717491628749496,0.0019700304535004544,0.006706203913257283,5.303492817733367e-05,0.005419207365988989,0.04486224426295769,baseline
2018-12-15,gasoline,56.98627403563451,7564.652,-102.93004666218256,-245.77840121974543,0.0623069024121445,0.25,-61.44460030493636,-61.44460030493636,-184.33380091480907,7485.756485749231,0.13420234275465132,0.01115102898077399,0.0015506618519533016,0.004975809446571101,7.830428809910181e-05,0.5390510008192737,0.03260710416342945,baseline
2018-12-29,gasoline,51.25025677943197,7466.139999999999,-352.1609207702925,-536.4947216851016,0.05737260676209787,0.75,-402.3710412638262,-402.3710412638262,-134.12368042127537,7083.385444485404,0.14799705764673918,0.010450526896948366,0.0036944874356583134,0.013004104318492249,9.11924365459066e-05,0.4649233525795818,0.12078489617729635,baseline
2019-01-15,gasoline,53.62385738254757,7323.6849999999995,44.81157768235306,-89.3121027389223,0.09281129042477876,0.25,-22.328025684730576,0.0,-89.3121027389223,7083.385444485404,0.14716205734486867,0.009059825789806492,0.0027043247551042514,0.008821791704518429,0.00011968741174938316,0.647609819390943,0.06648032727687117,baseline
2019-01-29,gasoline,57.5914267742096,7238.2119999999995,141.962482125215,52.650379386292684,0.08139016590210342,0.5,26.325189693146342,0.0,52.650379386292684,7083.385444485404,0.022467665802151166,0.009112791551975715,0.002080252989920613,0.006700684008108225,0.00011853130779073136,0.0,0.04481387190618274,baseline
2019-02-15,gasoline,58.91424279892484,7157.985,74.01842618112357,126.66880556741626,0.07042186530351713,0.75,95.00160417556219,95.00160417556219,31.667201391854064,7178.387048660967,0.018744646972833037,0.009274097271194123,0.0010552710182899873,0.0032670198817458876,0.00011504498934780537,0.036101219183720785,0.026128751155904753,baseline
2019-03-01,gasoline,62.15537233921507,7245.852999999999,172.00853260044428,203.67573399229835,0.0693109743378775,0.75,152.75680049422377,152.75680049422377,50.91893349807458,7331.143849155191,0.012742552263129772,0.009836238693768602,0.0007687397670869856,0.0023392657124107867,0.00010330204389004658,0.01334265080722856,0.018608300740851805,baseline
2019-03-29,gasoline,64.18432514642905,7297.644,87.27408260169162,138.1930160997662,0.055409498030434184,0.5,69.0965080498831,69.0965080498831,69.0965080498831,7400.240357205073,0.016218776537110267,0.010474882160275307,0.0006930469570951058,0.0021285376668938277,9.072786986064162e-05,0.02799617812749042,0.01688472671179972,baseline
2019-04-13,gasoline,67.7074125661637,7388.83,168.19382500329834,237.29033305318143,0.05845572882241531,0.5,118.64516652659071,118.64516652659071,118.64516652659071,7518.885523731664,0.019424469901441185,0.010833794943535814,0.0005998633137733581,0.0018235307515758975,8.401931513714961e-05,0.009820278227365637,0.014380967624505138,baseline
2019-04-27,gasoline,69.11899911641486,7419.106,57.45213562653202,176.09730215312274,0.046551004429420006,0.5,88.04865107656137,88.04865107656137,88.04865107656137,7606.934174808225,0.011187449933921748,0.011308967059122117,0.0004116771943120554,0.001246675693862733,7.553405357942448e-05,0.0037445870307355376,0.009623383526639374,baseline
2019-05-14,gasoline,67.89285334783487,7523.12,-25.859273361364075,62.189377715197296,0.04885912031069222,0.25,15.547344428799324,0.0,62.189377715197296,7606.934174808225,0.01699768797957615,0.011553766363641565,0.000771499039226863,0.0023992237796969995,7.133886263995265e-05,0.03101025982560821,0.019097709100277575,baseline
2019-05-28,gasoline,68.00149017161712,7573.418,56.94525428735654,119.13463200255384,0.05557449822415387,0.5,59.56731600127692,59.56731600127692,59.56731600127692,7666.501490809502,0.01346546133256258,0.011551586552792353,0.0007431875357103158,0.0022904277451533486,7.137568977495901e-05,0.014193060542383925,0.018209329532607198,baseline
2019-06-12,gasoline,60.803864299344106,7612.645,-401.1308578789897,-341.56354187771274,0.05292539047735694,0.5,-170.78177093885637,-170.78177093885637,-170.78177093885637,7495.719719870645,0.07641756336564498,0.011501172010218146,0.0017462938343042066,0.005715199688020203,7.223007719989947e-05,0.2122428074166124,0.03705683729700815,baseline
2019-06-26,gasoline,60.31181874518448,7616.062,-101.5675800752677,-272.34935101412407,0.07580111613184809,0.25,-68.08733775353102,-68.08733775353102,-204.26201326059305,7427.6323821171145,0.06326014103535352,0.010791082902319997,0.0022337110138233216,0.00728782046274167,8.480415411194309e-05,0.042184586429021016,0.05022424062714034,baseline
2019-07-10,gasoline,62.23218388585334,7508.369999999999,48.91147160222594,-155.35054165836712,0.07075301535258444,0.25,-38.83763541459178,0.0,-155.35054165836712,7427.6323821171145,0.03733717380162419,0.010528156245130557,0.0015775185239092504,0.005022542662130611,8.971582411665928e-05,0.018543542249453638,0.03284695687105209,baseline
2019-08-07,gasoline,59.78548531751208,7413.043,-132.88519684719734,-288.2357385055644,0.05803193073112961,0.5,-144.1178692527822,-144.1178692527822,-144.1178692527822,7283.514512864333,0.048687753920510085,0.010350118645716153,0.0018498391031351146,0.006050317870933615,9.312021015175506e-05,0.08307984095184813,0.039485764334348944,baseline
2019-08-21,gasoline,56.781321350083445,7351.448,-147.65089853976062,-291.7687677925428,0.06924083080444403,0.25,-72.9421919481357,-72.9421919481357,-218.8265758444071,7210.572320916197,0.06060452167773465,0.009761264599299858,0.001949088326603467,0.0063261945444228,0.00010483170260555029,0.020263908159100688,0.0416526982121326,baseline
2019-09-04,gasoline,57.816294465619606,7315.914999999999,92.42867299716372,-126.39790284724339,0.07439911194755582,0.25,-31.599475711810847,0.0,-126.39790284724339,7210.572320916197,0.03273820171879538,0.00952399068900092,0.0017414594541411527,0.00556657382239056,0.00010974677108413943,0.02128225346479469,0.03605670487073855,baseline
2019-09-19,gasoline,61.16112727142305,7301.638,180.36717840663857,53.969275559395186,0.07247195205840157,0.5,26.984637779697593,0.0,53.969275559395186,7210.572320916197,0.017824362068141874,0.009554643347111305,0.0016537275901768668,0.005275039353932328,0.00010910547560604613,0.0,0.03424423558514735,baseline
2019-10-22,gasoline,57.12562169048032,7329.84,-235.3656320066696,-181.39635644727443,0.07627152558361491,0.25,-45.34908911181861,0.0,-181.39635644727443,7210.572320916197,0.04354327827631169,0.009583822485894218,0.0018290308655341733,0.0058584737779237925,0.00010849675400536292,0.0,0.038066689068638186,baseline
2019-11-05,gasoline,58.82863583797074,7367.397000000001,62.424369412822166,-118.97198703445227,0.08128630764485809,0.25,-29.742996758613067,0.0,-118.97198703445227,7210.572320916197,0.03150178540862844,0.009611598939637525,0.0020749823917975254,0.00668294302811514,0.00010791887659094021,0.0,0.04465874126030399,baseline
2019-11-19,gasoline,60.38635653789781,7391.4400000000005,57.33953546583127,-61.632451568621,0.0844698839581738,0.0,-0.0,0.0,-61.632451568621,7210.572320916197,0.02549793609649971,0.009638040137518454,0.0022398290958746945,0.007239232375055659,0.0001073702121916786,0.0,0.049757132732427135,baseline
2019-12-03,gasoline,61.6447790105661,7450.41,87.89816178529668,26.26571021667568,0.09219120546168648,0.0,0.0,0.0,26.26571021667568,7210.572320916197,0.029841505526526015,0.009663210267292376,0.0026681558764230498,0.008697790879961524,0.00010684922197820976,0.0,0.06506957981767784,baseline
2019-12-31,gasoline,65.79524728050137,7482.209999999999,227.7799153800312,254.04562559670688,0.09630447141737565,0.75,190.53421919753015,190.53421919753015,63.511406399176735,7401.1065401137275,0.04297856283982573,0.009905639670013155,0.0016230921108568881,0.005035078691518176,0.00010189611047161214,0.14521315474084984,0.032912321130716855,baseline
2020-02-05,gasoline,56.51253007511973,7460.110000000001,-546.1838171183399,-482.67241071916317,0.06790919435320297,0.5,-241.33620535958158,-241.33620535958158,-241.33620535958158,7159.770334754146,0.21268186498590166,0.010325192444584162,0.0030566183885389685,0.010393440816883712,9.36019012343314e-05,0.7460482544285597,0.08552871767104395,baseline
2020-02-19,gasoline,53.91955130446159,7434.13,-203.5411198372661,-444.87732519684766,0.09690541667227434,0.5,-222.43866259842383,-222.43866259842383,-222.43866259842383,6937.331672155722,0.1223775065071635,0.009225231553562746,0.004949757082382182,0.017321799444054733,0.00011609563507433988,0.0014284684896391428,0.18510324430825223,baseline
2020-03-18,gasoline,36.82233377727081,7168.754999999999,-89.82294244593515,-312.261605044359,0.09228222025223037,0.25,-78.06540126108975,-78.06540126108975,-234.19620378326925,6859.266270894633,0.10032335373628988,0.008381425252850697,0.003310614394663974,0.011050172560949022,0.00013499127915509552,0.08337455435671269,0.09403343431727522,baseline
2020-06-29,gasoline,40.36722861556009,6438.177,145.34868109642406,-88.8475226868452,-0.0054050472508960805,0.5,-44.4237613434226,0.0,-88.8475226868452,6859.266270894633,0.01051744003266649,0.008178765356105505,6.563551804883956e-07,1.9316600913799348e-06,0.0001397415885060114,0.024376827496219815,0.0,baseline
2020-07-11,gasoline,41.77423652824659,6161.043,75.52626927038409,-13.321253416461104,-0.053328744969745046,0.0,-0.0,0.0,-13.321253416461104,6859.266270894633,0.0003409553801151958,0.008274085017015056,0.0006074976894686119,0.0017466302261293122,0.00013749708218819078,0.0,0.0,baseline
2020-08-22,gasoline,43.85823497882871,6141.2609999999995,44.27440074524165,30.953147328780545,-0.056914957839217906,0.0,0.0,0.0,30.953147328780545,6859.266270894633,0.0009894818137493485,0.00836482251861782,0.0006954121897366488,0.0019960063926451437,0.000135377355023263,0.0,0.0,baseline
2020-09-19,gasoline,39.64007599342116,6308.501,-81.0969677119297,-50.14382038314915,-0.02730525221358164,0.25,-12.535955095787287,0.0,-50.14382038314915,6859.266270894633,0.0020793380737697278,0.008451198132195841,0.00014147817910566834,0.0004118898989965304,0.00013337482458179685,0.0,0.0,baseline
2020-10-23,gasoline,41.00596192843084,6302.937,-59.97616409702915,-110.11998448017829,-0.028265085133269228,0.5,-55.059992240089144,-55.059992240089144,-55.059992240089144,6804.206278654544,0.004546962239051651,0.008467055557188735,6.343392921912646e-05,0.00018688257026175107,0.00013300880752097123,0.012126410981914708,0.0,baseline
2020-11-06,gasoline,38.34252841915856,6238.393,-90.85912886722424,-145.9191211073134,-0.03069856269948738,0.5,-72.9595605536567,-72.9595605536567,-72.9595605536567,6731.246718100887,0.004523544589226069,0.008254254754078904,5.9134604360261854e-05,0.00017473632348218604,0.00013796253138207803,0.0012815781832482866,0.0,baseline
2020-11-20,gasoline,41.39589389256359,6189.062,-48.39148331653406,-121.35104387019075,-0.027603697959543188,0.5,-60.675521935095375,-60.675521935095375,-60.675521935095375,6670.571196165792,0.0030929787423818987,0.00799676410662533,5.029646395387779e-05,0.0001484523581442175,0.00014407767191199801,0.0006035904191292242,0.0,baseline
2020-12-04,gasoline,45.8284697044521,6226.085,266.670492495811,205.99497056071561,-0.011390961762615016,0.5,102.99748528035781,102.99748528035781,102.99748528035781,6773.56868144615,0.026902497173439087,0.007997603165896663,0.00015133088226446854,0.00043374207171438593,0.0001440575297632938,0.10715541316379917,0.0,baseline
2020-12-18,gasoline,48.69680983086777,6256.951999999999,177.70307772620797,280.70056300656574,-0.0225668282969328,0.5,140.35028150328287,140.35028150328287,140.35028150328287,6913.918962949432,0.016861241285582574,0.008668442774008665,0.00043369340240205777,0.0012264650634010988,0.00012840418916591645,0.005580925542685461,0.0,baseline
2021-01-01,gasoline,49.85432428184906,6420.26,56.53186546586574,196.8821469691486,-0.01689080550467294,0.5,98.4410734845743,98.4410734845743,98.4410734845743,7012.360036434006,0.009037034318263703,0.009388677575031064,0.00020853084971818398,0.0005971487924399858,0.00011260016360664863,0.0070255268670215455,0.0,baseline
2021-01-16,gasoline,53.26909011347213,6505.897999999999,151.27707930079168,249.718152785366,-0.01784659956765485,0.5,124.859076392683,124.859076392683,124.859076392683,7137.2191128266895,0.013050169552949837,0.009937747250511494,0.00028440351540233417,0.0008096742368531318,0.00010124893039458901,0.0027916435106113565,0.0,baseline
2021-01-30,gasoline,54.2745690912804,6562.99,33.84687382384159,158.70595021652457,-0.02749504613395562,0.5,79.35297510826229,79.35297510826229,79.35297510826229,7216.572087934952,0.006565610853882853,0.010496511401999748,0.00032643443136508434,0.0009343313543199472,9.03162955323208e-05,0.008283221016431825,0.0,baseline
2021-02-19,gasoline,60.96463300505847,6662.870000000001,360.4277061922937,439.780681300556,-0.02310264014380451,0.75,329.83551097541704,329.83551097541704,109.94517032513897,7546.407598910369,0.05297366095983416,0.01114307900196797,0.0011957914581713542,0.0032581898948614183,7.844504956538072e-05,0.25096600309776185,0.0,baseline
2021-03-04,gasoline,63.49776121057933,6863.878000000001,165.2816717297884,275.2268420549274,-0.0394378977759174,0.5,137.6134210274637,137.6134210274637,137.6134210274637,7684.021019937833,0.04067739772842591,0.01241738063211896,0.0007757346158773704,0.00218402686326078,5.749611647816467e-05,0.14779732745583626,0.0,baseline
2021-03-18,gasoline,67.01854661579151,6988.478,225.134381264712,362.7478022921757,-0.03952711018591362,0.5,181.37390114608786,181.37390114608786,181.37390114608786,7865.394921083921,0.027900698125763426,0.012971190277634196,0.0009493243678561209,0.0026512730125973073,4.9404166113224064e-05,0.007659918480850006,0.0,baseline
2021-04-01,gasoline,62.04512012374969,7116.125,-221.4627653483768,-40.08886420228893,-0.04529184367670892,0.0,-0.0,0.0,-40.08886420228893,7865.394921083921,0.023941004484138023,0.013440734058961954,0.00043080962302523333,0.0012433787871853827,4.3023969685261725e-05,0.13158596806780343,0.0,baseline
2021-04-29,gasoline,64.58044852548319,7158.853999999999,116.34857925038446,76.25971504809553,-0.03869469625779788,0.25,19.064928762023882,0.0,76.25971504809553,7865.394921083921,0.004748310227072428,0.013283102978820308,0.00030731618752604615,0.000889771977000378,4.5116705593132634e-05,0.0,0.0,baseline
2021-05-15,gasoline,67.36618689441394,7212.645,150.02609110473497,226.2858061528305,-0.03050076928559775,0.5,113.14290307641525,113.14290307641525,113.14290307641525,7978.537824160337,0.019142981553983335,0.013251980122536457,0.00045554794042127595,0.0012955776385939139,4.55357722666431e-05,0.051205266066236384,0.0,baseline
2021-06-12,gasoline,70.3200309153057,7265.418,116.85780444999692,230.00070752641216,-0.03815262166063081,0.5,115.00035376320608,115.00035376320608,115.00035376320608,8093.538177923543,0.010766746819472263,0.013591052148420525,0.0006320585507326023,0.0017908710432525802,4.1074612564265175e-05,1.3800492215438858e-05,0.0,baseline
2021-06-29,gasoline,73.81668627930864,7298.093999999999,219.0240814421149,334.02443520532097,-0.04899341361231352,0.5,167.01221760266048,167.01221760266048,167.01221760266048,8260.550395526203,0.02448995645220152,0.013966000665265856,0.0011436172271618473,0.0031936492141285905,3.6409147971572105e-05,0.01082093592021578,0.0,baseline
2021-07-13,gasoline,75.49530422422905,7403.504999999999,95.85030750703018,262.86252510969064,-0.05576211477215226,0.5,131.43126255484532,131.43126255484532,131.43126255484532,8391.981658081047,0.015021992172341608,0.014443224604567036,0.0011912064974339892,0.003339479421632663,3.0877752795289175e-05,0.005064017448458574,0.0,baseline
2021-07-27,gasoline,72.90358332124636,7457.73,-126.66540069098052,4.765861863864799,-0.06527292595482104,0.0,0.0,0.0,4.765861863864799,8391.981658081047,0.012109803748408072,0.014644945709155862,0.000921452181801723,0.0026344305442183506,2.867660645788822e-05,0.06909670710704276,0.0,baseline
2021-08-24,gasoline,68.50168497549342,7535.96,-211.2887832862567,-206.5229214223919,-0.053591587280326196,0.5,-103.26146071119595,-103.26146071119595,-103.26146071119595,8288.720197369852,0.01593010393222575,0.014327693615312971,0.00032416939078165624,0.0009497134791351556,3.217505972176123e-05,0.042651717072839455,0.0,baseline
2021-09-07,gasoline,70.94020696686133,7544.737999999999,101.13162667316834,-2.12983403802761,-0.03860941458402562,0.0,-0.0,0.0,-2.12983403802761,8288.720197369852,0.007398934758766872,0.01381224558747652,0.0003058495120080388,0.0008855618995669573,3.828830466970381e-05,0.042651717072839455,0.0,baseline
2021-09-19,gasoline,72.09496687218568,7551.688,26.51082644378488,24.38099240575727,-0.037598337930519796,0.0,0.0,0.0,24.38099240575727,8288.720197369852,0.0005652449601199613,0.013636755390005686,0.00028871599789454693,0.0008363607994773248,4.049088196662169e-05,0.0,0.0,baseline
2021-10-10,gasoline,78.96768144260471,7617.334999999999,401.3145502239773,425.6955426297345,-0.028139119176175495,0.75,319.2716569723009,319.2716569723009,106.42388565743363,8607.991854342154,0.079168980191684,0.013788164968844751,0.001104706202072781,0.0030344354476243905,3.858689445428753e-05,0.4077375637833542,0.0,baseline
2021-10-23,gasoline,83.66223786031158,7660.6759999999995,248.6669819591909,355.09086761662456,-0.06365956403092278,0.5,177.54543380831228,177.54543380831228,177.54543380831228,8785.537288150466,0.03943619330943072,0.014770996225478976,0.0016689898789492852,0.0046288389975025325,2.7342480473955124e-05,0.08034528932931481,0.0,baseline
2021-11-20,gasoline,81.7741352559971,7796.645,-119.49603024612348,58.0494035621888,-0.06683561816017847,0.25,14.5123508905472,0.0,58.0494035621888,8785.537288150466,0.02455532062796745,0.015077731106656028,0.0009669394620204677,0.002762460404428471,2.4228731058381694e-05,0.1260895242647272,0.0,baseline
2021-12-04,gasoline,74.59425467322328,7829.855,-343.4935993842226,-285.4441958220338,-0.062056192375269534,0.5,-142.7220979110169,-142.7220979110169,-142.7220979110169,8642.81519023945,0.030361283538951532,0.014707096626178959,0.0003951882736390357,0.001160217540955143,2.8014826124606166e-05,0.08147838892848756,0.0,baseline
2021-12-18,gasoline,73.19518770813278,7854.064,-104.7350670457769,-247.4571649567938,-0.04042586745402736,0.5,-123.7285824783969,-123.7285824783969,-123.7285824783969,8519.086607761052,0.012533064371008597,0.013954121470662151,0.0001103191644645134,0.000326259882988261,3.655264719150839e-05,0.0014430145139566967,0.0,baseline
2022-01-01,gasoline,74.9262029070608,7841.52,101.11892643151924,-22.60965604687766,-0.02640755972834997,0.0,-0.0,0.0,-22.60965604687766,8519.086607761052,0.01093745701888612,0.013405121148814193,0.00013102383292086308,0.0003816210607341068,4.349242706181784e-05,0.061235048488453854,0.0,baseline
2022-01-18,gasoline,82.42811864871784,7841.441999999999,443.3662765199027,420.75662047302507,-0.026418366387336953,0.75,315.5674653547688,315.5674653547688,105.18915511825628,8834.65407311582,0.07732147198315845,0.013555459184515282,0.000997462426153982,0.0027480968550527784,4.153210632244844e-05,0.39833130076173273,0.0,baseline
2022-01-30,gasoline,88.27679784336111,7841.389999999999,308.0656893683331,413.2548444865894,-0.06666938809519994,0.5,206.6274222432947,206.6274222432947,206.6274222432947,9041.281495359115,0.04281393396977907,0.014534500467797761,0.0019168908592390565,0.005287114490680959,2.9871685136502896e-05,0.04747173197251934,0.0,baseline
2022-02-18,gasoline,95.09613645496208,8021.5599999999995,388.370281063454,594.9977033067487,-0.06712259153570063,0.75,446.2482774800615,446.2482774800615,148.74942582668717,9487.529772839176,0.057925980482309306,0.015331436321764653,0.0033653927940445823,0.008933167112805018,2.1795486817738353e-05,0.22967261705759826,0.0,baseline
2022-03-04,gasoline,101.13341693701254,8397.737,309.81850499199913,458.5679308186863,-0.06977219610940134,0.75,343.9259481140147,343.9259481140147,114.64198270467159,9831.45572095319,0.01842486365325216,0.016646868231940958,0.0027260630994353696,0.007366745828453255,1.1243492653966759e-05,0.04187943634757506,0.0,baseline
2022-03-18,gasoline,113.50585413252529,8630.65,703.1630148709548,817.8049975756264,-0.07913270969778531,0.75,613.3537481817198,613.3537481817198,204.45124939390666,10444.80946913491,0.08447076028136567,0.017779442237213866,0.004988873709469475,0.012925427255668294,4.930876777869762e-06,0.290365357797293,0.0,baseline
2022-04-01,gasoline,114.89434328685368,8986.95,61.34933358022732,265.800582974134,-0.1022196038850677,0.5,132.900291487067,132.900291487067,132.900291487067,10577.709760621978,0.1730030600590314,0.01911644435957135,0.002962908969431366,0.008169975934238157,7.806705697332797e-07,0.9233420961993624,0.0,baseline
2022-04-16,gasoline,103.45333688276853,9136.392,-551.005172540214,-418.104881053147,-0.09775568305540934,0.5,-209.0524405265735,-209.0524405265735,-209.0524405265735,10368.657320095404,0.11536564392399795,0.01884849282342684,0.0011925578807429954,0.0034627594603734817,1.325968777699495e-06,0.46772668372637044,0.0,baseline
2022-04-29,gasoline,105.00803524072398,9236.02,99.36648701055998,-109.68595351601351,-0.06263261882232861,0.5,-54.842976758006756,-54.842976758006756,-54.842976758006756,10313.814343337397,0.01888315873790304,0.017880942161908293,0.0006862042787603177,0.001980256424090096,4.490406121177902e-06,0.09512223486315557,0.0,baseline
2022-05-17,gasoline,108.36545148363524,9170.074999999999,301.78496063385234,246.94198387584558,-0.06472518963447937,0.5,123.47099193792279,123.47099193792279,123.47099193792279,10437.285335275319,0.03434072635664068,0.017473357903321052,0.0013429641030287206,0.003771417835688367,6.383920284710193e-06,0.12718348572837174,0.0,baseline
2022-05-31,gasoline,114.66074917575683,9130.508,356.2915632744834,479.7625552124062,-0.0831220842559164,0.75,359.82191640930466,359.82191640930466,119.94063880310154,10797.107251684623,0.05065502666415695,0.017713540968141147,0.003306163266606574,0.00890307159781073,5.227894904368926e-06,0.22344703799390742,0.0,baseline
2022-06-15,gasoline,123.52366202148691,9311.07,530.798940253133,650.7395790562346,-0.09959897752724689,0.75,488.0546842921759,488.0546842921759,162.68489476405864,11285.1619359768,0.033775533689876125,0.018607279020683196,0.0050195470436665895,0.01320846817621038,1.9396717262291596e-06,0.06577457103560934,0.0,baseline
2022-06-29,gasoline,116.30201988976656,9435.234,-314.68578734433385,-152.0008925802752,-0.13606593074181292,0.5,-76.0004462901376,-76.0004462901376,-76.0004462901376,11209.161489686661,0.223427622859888,0.01930343606236697,0.0034506442266092484,0.009654424371121307,4.852013192108331e-07,1.2726327613449229,0.0,baseline
2022-07-13,gasoline,111.43747117484044,9537.25,-278.69525475574534,-354.69570104588297,-0.11530330962139618,0.5,-177.34785052294148,-177.34785052294148,-177.34785052294148,11031.81363916372,0.03275161709640151,0.018560665056337276,0.001989636073812719,0.005696868152150676,2.071685080048579e-06,0.041085185378909414,0.0,baseline
2022-07-27,gasoline,106.91515195236693,9548.794,-240.3048452859468,-417.6526958088883,-0.09530962749470982,0.5,-208.82634790444416,-208.82634790444416,-208.82634790444416,10822.987291259276,0.03588982111169975,0.017595144179453175,0.0011480089272276966,0.0033327848770756587,5.783331517617947e-06,0.003963583189589084,0.0,baseline
2022-08-10,gasoline,101.49214704487676,9391.69,-335.8412099395813,-544.6675578440254,-0.09240039771960902,0.75,-408.50066838301905,-408.50066838301905,-136.16688946100635,10414.486622876257,0.04227567925307252,0.016440881343895312,0.0004875884993861635,0.001459929927281321,1.266732560823244e-05,0.15947933703432252,0.0,baseline
2022-08-24,gasoline,97.35805634700957,9292.81,-276.2229640229892,-412.3898534839955,-0.060703707799498394,0.5,-206.19492674199776,-206.19492674199776,-206.19492674199776,10208.291696134258,0.062127608659024024,0.015008552008772597,0.00029820720497558125,0.0008809145928293917,2.4914553049128082e-05,0.16371045240369458,0.0,baseline
2022-09-07,gasoline,94.71181033628494,9099.77,-121.70158940169318,-327.896516143691,-0.06181864993667492,0.5,-163.9482580718455,-163.9482580718455,-163.9482580718455,10044.343438062413,0.022844376136646773,0.014135635257113827,0.00039475570429884326,0.0011587445173393898,3.439077383760641e-05,0.007139124054902503,0.0,baseline
2022-09-22,gasoline,89.00777637279255,9023.498,-292.8422731000546,-456.7905311719001,-0.053131896085355415,0.75,-342.5928983789251,-342.5928983789251,-114.19763279297501,9701.750539683488,0.032304288306456694,0.013251227625651847,3.239081404366786e-05,9.821455465075576e-05,4.554592856076481e-05,0.1276556300417834,0.0,baseline
2022-10-25,gasoline,90.25207977745296,8949.23,144.13260244804465,29.934969655069636,-0.02408774159156564,0.0,0.0,0.0,29.934969655069636,9701.750539683488,0.08112654828820735,0.01222904935789315,0.00010581400869488265,0.00030854464727884007,6.0387673882060874e-05,0.46947957607869,0.0,baseline
2022-11-08,gasoline,92.85719227531808,8912.398,137.98403611313432,167.91900576820396,-0.02856791849774757,0.5,83.95950288410198,83.95950288410198,83.95950288410198,9785.710042567589,0.010562303856582661,0.012201215314710766,0.00029782623150591085,0.0008551884386804384,6.0821042567501904e-05,0.028196792498182112,0.0,baseline
2022-11-22,gasoline,89.9855541292591,8889.362,-224.4120743943581,-140.45257151025612,-0.040833787910492234,0.5,-70.22628575512806,-70.22628575512806,-70.22628575512806,9715.48375681246,0.020296847123701122,0.012265505499517097,0.00021426036310755818,0.0006265739297745797,5.982240517800027e-05,0.09509302967320529,0.0,baseline
2022-12-06,gasoline,82.85068835840534,8741.564999999999,-421.1996767706015,-491.4259625257296,-0.05141240233441749,0.75,-368.5694718942972,-368.5694718942972,-122.8564906314324,9346.914284918163,0.0730389083401603,0.011666902332814644,7.435341817805041e-06,2.2701535521998692e-05,6.944051673085003e-05,0.3560346268626836,0.0,baseline
2022-12-20,gasoline,77.40143904041409,8658.354,-379.0577942867295,-501.9142849181619,-0.019525540872799108,0.75,-376.43571368862143,-376.43571368862143,-125.47857122954048,8970.478571229542,0.014724992078809267,0.010289853098215037,0.00020124346930696673,0.0006353101799457824,9.428695285424413e-05,0.0002475110398670946,0.0045892223333571834,baseline
2023-01-04,gasoline,80.02398854283592,8432.48,140.25507975422644,14.776508524685966,-0.0038007527120778083,0.0,0.0,0.0,14.776508524685966,8970.478571229542,0.09722828636718009,0.00925210050769339,2.2346887188096346e-10,6.582100069753902e-10,0.00011551734349672469,0.5668153861610471,0.0,baseline
2023-01-18,gasoline,78.62842100135482,8330.24,-135.13841020570231,-120.36190168101635,-0.01685715792456648,0.5,-60.180950840508174,-60.180950840508174,-60.180950840508174,8910.297620389034,0.00540405474080926,0.009240356871314812,8.796077947713658e-06,2.6006846674248606e-05,0.00011576992025666239,0.014486987376270646,0.0,baseline
2023-02-04,gasoline,81.87760826356454,8164.875,202.5397081237589,142.35875728325072,-0.031296268514708916,0.5,71.17937864162536,71.17937864162536,71.17937864162536,8981.47699903066,0.01598640250018111,0.009178849289466882,0.000333070512417254,0.0009560884714541141,0.00011709730270007141,0.06902214464661871,0.0,baseline
2023-03-18,gasoline,77.07737262331753,8102.4169999999995,-190.57361940055424,-119.39424075892887,-0.04849355186614811,0.5,-59.69712037946444,-59.69712037946444,-59.69712037946444,8921.779878651196,0.014701411424733657,0.00937575935043591,0.00034819585591179964,0.0010136900627345266,0.00011287448937985,0.06851463198406925,0.0,baseline
2023-04-01,gasoline,74.4896395741793,8064.659,-163.87268280146787,-223.5698031809323,-0.04628110607667308,0.5,-111.78490159046615,-111.78490159046615,-111.78490159046615,8809.994977060729,0.01193751741791282,0.009139696455353051,0.00020579047453093903,0.000605218092059246,0.00011794619308187109,0.010852547805940731,0.0,baseline
2023-04-18,gasoline,84.67019067631662,8065.168,615.3937424307077,503.60884084024156,-0.03235108023301309,0.75,377.70663063018117,377.70663063018117,125.90221021006039,9187.70160769091,0.17715548109320786,0.009222347633131579,0.0014193611535779486,0.003866084743973727,0.00011615779054106449,0.9584078404628679,0.0,baseline
2023-04-29,gasoline,81.1746215874899,8066.61,-201.23701652499668,-75.33480631493629,-0.07897927477477013,0.25,-18.833701578734072,0.0,-75.33480631493629,9187.70160769091,0.10262238817854963,0.010365654427669188,0.0013540218930838592,0.003846591882752023,9.282061460709031e-05,0.5706491952880165,0.0,baseline
2023-05-17,gasoline,73.76447278392433,8107.879999999999,-386.494442850119,-461.82924916505533,-0.0731817451283086,0.75,-346.37193687379147,-346.37193687379147,-115.45731229126386,8841.329670817118,0.09288521299132048,0.010044157048678878,0.0001744676030476186,0.0005270211761881693,9.911880887137047e-05,0.47989407461480715,0.0,baseline
2023-05-31,gasoline,74.49563514786755,8132.642,49.59181830211438,-65.86549398914948,-0.027141137015144447,0.25,-16.46637349728737,0.0,-65.86549398914948,8841.329670817118,0.0856848527619953,0.009084153965917906,0.00013953791323211085,0.0004062736817563447,0.00011915569463978579,0.47989407461480715,0.0,baseline
2023-06-14,gasoline,73.23711900787694,8032.6,-71.87391219128853,-137.739406180438,-0.04068093404590267,0.5,-68.869703090219,-68.869703090219,-68.869703090219,8772.4599677269,0.007124390107822728,0.009071548485283817,0.00020236265746379932,0.0005923839606840525,0.00011943105250950245,0.018972144014939685,0.0,baseline
2023-06-29,gasoline,73.17608224854365,7962.67,-13.31476555813623,-82.18446864835524,-0.04169829563788265,0.5,-41.09223432417762,0.0,-82.18446864835524,8772.4599677269,0.00877829478336268,0.008924426873826724,0.0003610944799186974,0.0010439669508003565,0.00012266832007321168,0.018972144014939685,0.0,baseline
2023-07-13,gasoline,75.1157600634876,7986.705,115.71308719123572,33.52861854288048,-0.03838287099960484,0.0,0.0,0.0,33.52861854288048,8772.4599677269,0.0010096634161392963,0.008983901465308447,0.00030196964495697386,0.0008744235188547857,0.00012135442692603339,0.0,0.0,baseline
2023-07-27,gasoline,79.32382195397709,8029.098,200.0202227482675,233.548841291148,-0.03258349664269877,0.5,116.774420645574,116.774420645574,116.774420645574,8889.234388372473,0.020403190707154323,0.009150572935179534,0.0004748912198025344,0.0013514139622970097,0.00011771006763485885,0.05454506126843784,0.0,baseline
2023-08-10,gasoline,84.41944702954262,8172.514999999999,323.0683332012499,439.84275384682394,-0.02769875471289716,0.75,329.8820653851179,329.8820653851179,109.96068846170601,9219.116453757591,0.04107669862368273,0.009846960296977033,0.0010406209960424485,0.0028649402365931113,0.0001030842152111607,0.18165947298574267,0.0,baseline
2023-08-24,gasoline,84.1976009708773,8241.608,60.79634193146486,170.75703039317088,-0.05860652117373108,0.5,85.37851519658544,85.37851519658544,85.37851519658544,9304.494968954177,0.04707258887350503,0.010889212949923486,0.001040104202310702,0.0029412951718305945,8.300644067184192e-05,0.2391279442191849,0.0,baseline
2023-09-21,gasoline,92.16037381014016,8473.885,480.7185027711394,566.0970179677248,-0.038019971825694686,0.75,424.57276347579364,424.57276347579364,141.52425449193117,9729.06773242997,0.09529670292801481,0.011468717925663355,0.0017604317131833963,0.004762886626873614,7.278277383189778e-05,0.4602109522627885,0.0,baseline
2023-10-11,gasoline,90.43988939931766,8679.579,-125.22007095262262,16.304183539308553,-0.06091470478348892,0.0,0.0,0.0,16.304183539308553,9729.06773242997,0.12387945117045544,0.012574693515460426,0.0007999298889328376,0.0022916766007915947,5.513517638934546e-05,0.7210481259418888,0.0,baseline
2023-10-25,gasoline,89.53334896276725,8810.444,-80.61293774863364,-64.30875420932509,-0.04426531653001489,0.25,-16.077188552331272,0.0,-64.30875420932509,9729.06773242997,0.0034356266358945087,0.012458694305371555,0.0004103020902319619,0.001184772890632339,5.6871291579835416e-05,0.0,0.0,baseline
2023-11-08,gasoline,86.10020979440196,8795.345,-227.6055176274437,-291.91427183676876,-0.04616101272093036,0.5,-145.95713591838438,-145.95713591838438,-145.95713591838438,9583.110596511586,0.031690123137951026,0.012224237236079398,0.00016698079740880533,0.0004929971017241202,6.0462486560774166e-05,0.08521394210199093,0.0,baseline
2023-11-22,gasoline,80.37544506746394,8763.733999999999,-372.0900151166461,-518.0471510350305,-0.03349628782794956,0.75,-388.5353632762729,-388.5353632762729,-129.51178775875763,9194.575233235313,0.05415404931686272,0.01140560791379699,5.543239733404641e-05,0.0001727069414250458,7.386357533138894e-05,0.23537678555238184,0.0009397267951899679,baseline
2023-12-06,gasoline,78.42588848557556,8598.244999999999,-177.29058993886233,-306.80237769761993,-0.009354878028634148,0.5,-153.40118884880997,-153.40118884880997,-153.40118884880997,9041.174044386504,0.056966947711907245,0.01016936620298911,3.996856741818813e-05,0.0001212154044713074,9.664136085093274e-05,0.22115231993473825,0.0005761125466705129,baseline
2023-12-20,gasoline,74.0227212693011,8511.596,-256.24695055110675,-409.6481393999167,-0.0022184187767492337,0.5,-204.82406969995836,-204.82406969995836,-204.82406969995836,8836.349974686545,0.03711695372997651,0.009554344780151627,0.00017472266207047476,0.0005404671865724751,0.00010911171297194558,0.010577250700125615,0.0038178773843676223,baseline
2024-01-04,gasoline,77.05655540788125,8348.23,157.3994144077371,-47.424655292221246,0.0015301237883304517,0.0,-0.0,0.0,-47.424655292221246,8836.349974686545,0.030561528348402527,0.009003254609506389,7.651363480818898e-06,2.265759775383755e-05,0.0001209284091833425,0.1678115981138136,1.873023046091786e-05,baseline
2024-01-18,gasoline,76.2303624464535,8284.869999999999,-45.494223320569226,-92.91887861279048,-0.006564710693896891,0.5,-46.45943930639524,0.0,-92.91887861279048,8836.349974686545,0.006932740292512401,0.009058939833304353,1.975293843527022e-06,5.809939902364297e-06,0.0001197067975712542,0.0,0.0,baseline
2024-02-01,gasoline,80.03755552747323,8263.93,238.17959817253129,145.2607195597408,-0.00926728259878102,0.5,72.6303597798704,72.6303597798704,72.6303597798704,8908.980334466416,0.007871652509417584,0.009179904893205708,5.304590340786244e-05,0.00015387180916406803,0.00011707445812007379,0.02110067664701367,0.0,baseline
2024-03-05,gasoline,82.66674488641249,8322.869999999999,148.06474689942084,220.69510667929126,-0.01042166157424269,0.5,110.34755333964563,110.34755333964563,110.34755333964563,9019.327887806061,0.01076711803744772,0.009540040916082345,0.00010291274210385975,0.00029647260837678834,0.00010941074403723148,0.005690346760102198,0.0,baseline
2024-04-02,gasoline,84.84844065575193,8435.746,129.34227249645974,239.68982583610537,-0.009179641943470174,0.5,119.84491291805269,119.84491291805269,119.84491291805269,9139.172800724114,0.011600984698799721,0.009997042822941086,0.00010001990822204417,0.000287923972974771,0.00010005915228607444,0.00036079935584624106,0.0,baseline
2024-04-17,gasoline,89.69483516514862,8500.205999999998,320.030298004331,439.87521092238364,-0.01517074300600663,0.75,329.9064081917877,329.9064081917877,109.96880273059594,9469.079208915902,0.04008477045599369,0.010643757713573636,0.0006456005169432654,0.0017909558012437416,8.753926972231283e-05,0.1765033271865496,0.0,baseline
2024-04-30,gasoline,87.27778304465804,8530.869999999999,-117.29127755745536,-7.32247482685942,-0.04997813926550306,0.0,-0.0,0.0,-7.32247482685942,9469.079208915902,0.07473183574799021,0.011545211624841163,0.0005303858656854179,0.0015273523936096102,7.148344646872102e-05,0.43535295266402574,0.0,baseline
2024-05-16,gasoline,82.0104261021214,8556.119999999999,-324.1938972026002,-331.51637202945966,-0.04670247833315833,0.5,-165.75818601472983,-165.75818601472983,-165.75818601472983,9303.321022901173,0.04084960094327277,0.01133397258155725,0.00013928340969476504,0.00041272016603406924,7.510003121720152e-05,0.1099031049235751,0.0,baseline
2024-06-14,gasoline,78.1073728456169,8499.255,-238.4343016321941,-404.19248764692395,-0.03460429448241924,0.5,-202.09624382346198,-202.09624382346198,-202.09624382346198,9101.224779077711,0.033600370863287196,0.010649630944570252,1.2572187624749842e-05,3.771953429108049e-05,8.74294014727382e-05,0.005281817781243037,0.0,baseline
2024-06-28,gasoline,84.04572783153426,8466.145999999999,349.9733303899042,147.87708656644224,-0.015013917676084542,0.5,73.93854328322112,73.93854328322112,73.93854328322112,9175.163322360931,0.056596329835733435,0.010136917558344786,0.0001031665351924287,0.00029845039045831235,9.728039525088739e-05,0.3047808147721275,0.0,baseline
2024-07-12,gasoline,86.2060657899071,8426.21,127.71117723904013,201.64972052226125,-0.028883771275690123,0.5,100.82486026113062,100.82486026113062,100.82486026113062,9275.988182622063,0.008744239350332124,0.010437051162484083,0.000349274518129245,0.0009992255314893476,9.144999046894704e-05,0.0028914961625464987,0.0,baseline
2024-07-26,gasoline,83.75396290647076,8419.532,-141.53495553281363,-40.710095271683,-0.041722540234072715,0.0,-0.0,0.0,-40.710095271683,9275.988182622063,0.008406300699900345,0.010705285451631361,0.00036154529169663425,0.0010452581333132182,8.639171853565564e-05,0.040662609786706064,0.0,baseline
2024-08-09,gasoline,78.63468861164303,8381.965,-347.0213295400123,-387.7314248116953,-0.0466603335401737,0.5,-193.86571240584766,-193.86571240584766,-193.86571240584766,9082.122470216214,0.05584898336651773,0.010506357810567782,9.806436765429172e-05,0.00029213076078289635,9.012924202096736e-05,0.15033565778650734,0.0,baseline
2024-09-06,gasoline,77.16119851371884,8247.751,-147.03809719827666,-340.9038096041243,-0.04116351357069511,0.5,-170.45190480206216,-170.45190480206216,-170.45190480206216,8911.670565414151,0.0236603936950599,0.00979928460929778,7.062659755966005e-05,0.0002102503523957046,0.00010405459448210913,0.0021928255460283348,0.0,baseline
2024-09-21,gasoline,72.45480098191294,8165.897999999999,-297.9269768601219,-468.3788816621841,-0.03132768562798009,0.75,-351.28416124663806,-351.28416124663806,-117.09472041554602,8560.386404167513,0.03388174620292946,0.009010074684675434,6.218363550927149e-05,0.00019368250693640172,0.00012077845843641176,0.13080121988334745,0.001093389171292363,baseline
2024-10-11,gasoline,75.382461095612,8030.115,98.18199493566924,-18.912725479876784,-0.006035343723908556,0.0,-0.0,0.0,-18.912725479876784,8560.386404167513,0.0848129265659076,0.00805575235265221,1.2855649209490623e-06,3.7822381518697025e-06,0.00014266505186117322,0.4936022477710161,0.0,baseline
2024-10-24,gasoline,74.64565408972837,7976.088,-61.833074069143045,-80.74579954901984,-0.013256263492518246,0.5,-40.37289977450992,0.0,-80.74579954901984,8560.386404167513,0.0052518362822618365,0.0081569854334507,2.3251683164054984e-05,6.816282790504697e-05,0.00014025699402349894,0.0,0.0,baseline
2024-11-07,gasoline,72.70753615902433,7947.96,-135.98563861059327,-216.7314381596131,-0.017054540305627176,0.5,-108.36571907980655,-108.36571907980655,-108.36571907980655,8452.020685087708,0.017464821803560605,0.008148690915211775,4.393735086989844e-08,1.3112320715668732e-07,0.00014045352702318393,0.0469725162867342,0.0,baseline
2025-01-03,gasoline,72.91250667945691,7991.374,57.64075428849221,-50.72496479131434,0.0023570108109434037,0.25,-12.681241197828585,0.0,-50.72496479131434,8452.020685087708,0.010152211293530803,0.007921204249841034,1.0201689548555861e-05,3.0234959874715436e-05,0.0001458973067740583,0.0469725162867342,4.444399970323265e-05,baseline
2025-01-17,gasoline,78.64825306101768,8017.737999999999,368.9089829398969,318.18401814858254,0.005834762237465523,0.5,159.09200907429127,159.09200907429127,159.09200907429127,8611.112694161999,0.037615955321514356,0.008184528647141448,2.7588577189725317e-05,7.935275496288585e-05,0.00013960536329022112,0.1012410694051775,0.0,baseline
2025-02-20,gasoline,74.43100270687172,8093.87,-254.11234316053927,-95.020334086248,-0.0039054857765194956,0.5,-47.510167043124,0.0,-95.020334086248,8611.112694161999,0.024580316900482485,0.008761709962621392,1.518821006530678e-09,4.473265194776397e-09,0.0001262991629642433,0.1012410694051775,0.0,baseline
2025-03-06,gasoline,72.48036962055622,8081.696,-147.4108707940119,-242.4312048802599,-0.005508117870555648,0.5,-121.21560244012996,-121.21560244012996,-121.21560244012996,8489.897091721868,0.02217093699427005,0.008712624470951067,4.692034208870766e-05,0.00014206719489008295,0.0001274048463337727,0.05877288909969455,0.0007205817566627851,baseline
2025-03-20,gasoline,70.03629620842324,8076.817999999999,-174.8460009855104,-296.0616034256403,0.00885620900187809,0.5,-148.03080171282016,-148.03080171282016,-148.03080171282016,8341.866290009048,0.020712936830751757,0.008277558509320961,0.0002575243430419186,0.0007967488273998944,0.00013741563450239341,0.002876219648136342,0.005911789514999613,baseline
2025-04-03,gasoline,73.12522518772467,7965.565,168.62962969922364,20.598827986403478,0.012758995751205711,0.0,0.0,0.0,20.598827986403478,8341.866290009048,0.015965568026897508,0.007921513477937786,7.402353351530385e-05,0.00022171316503447156,0.00014588983666363856,0.08765247302296111,0.001302335780634283,baseline
2025-04-18,gasoline,65.23406046403404,7910.469999999999,-391.8134274904788,-371.2145995040753,0.005465150615697016,0.5,-185.60729975203765,-185.60729975203765,-185.60729975203765,8156.25899025701,0.054192752019679075,0.00784524153959737,0.00028635349920783185,0.0008919173053103616,0.00014773815323072933,0.13780027888497104,0.006694933845463517,baseline
2025-05-20,gasoline,63.74256473909944,7780.994999999999,-263.480542629986,-449.08784238202367,0.011771721963963484,0.75,-336.81588178651776,-336.81588178651776,-112.2719605955059,7819.443108470492,0.03666358672213846,0.007045251699623907,0.0009292185043257582,0.0030341382033918242,0.0001678255035260973,0.09145614112351241,0.02425169739189571,baseline
2025-06-04,gasoline,64.51466400998532,7691.918,-45.36477927936753,-157.63673987487343,0.04342089600142745,0.5,-78.81836993743671,-78.81836993743671,-78.81836993743671,7740.624738533055,0.060937882836291625,0.006053967329977015,0.0009135136832651012,0.002884511412362588,0.00019449182723334845,0.26625086448126684,0.023041864803896486,baseline
2025-06-18,gasoline,69.9983912088471,7634.762,230.752986155886,151.93461621844926,0.046134114130465954,0.5,75.96730810922463,75.96730810922463,75.96730810922463,7816.5920466422795,0.025773069270390785,0.006074381888430457,0.0004441570895082904,0.001349676108940766,0.00019392283978927368,0.0958344245134588,0.010474212773745722,baseline
2025-07-02,gasoline,71.3322865500842,7678.065,-9.789494080096802,66.17781402912783,0.041958078416595865,0.25,16.544453507281958,0.0,66.17781402912783,7816.5920466422795,0.013823126788884777,0.006522244845856441,0.0005789728100148246,0.0017874141136573448,0.0001816498839950433,0.023084127605447462,0.014083842755305663,baseline
2025-07-16,gasoline,70.28199592347697,7712.07,-148.50228335258754,-82.32446932345971,0.04644695306937318,0.5,-41.162234661729855,0.0,-82.32446932345971,7816.5920466422795,0.013213677319533892,0.006697195936425872,0.0007009253855490403,0.0021741873516819125,0.00017696459595384435,0.0,0.017258555595428438,baseline
2025-08-27,gasoline,66.40231906729642,7728.785,-217.2484623405618,-299.5729316640215,0.04863895856304975,0.5,-149.78646583201075,-149.78646583201075,-149.78646583201075,7666.805580810269,0.04736061628718315,0.006705305131176159,0.0014322821932881088,0.004635448157361069,0.00017674891165513098,0.08974394138577649,0.031050819122535878,baseline
2025-10-14,gasoline,64.79524527100162,7692.882,-169.35033585437824,-319.136801686389,0.06338968142105016,0.25,-79.78420042159725,-79.78420042159725,-239.35260126479176,7587.021380388672,0.06523095428034272,0.0062945791210283954,0.0016943171788910314,0.005469024965567359,0.0001878385614697508,0.0196012686503599,0.03542763779320992,baseline
2025-10-28,gasoline,61.85814749117869,7671.101999999999,-239.3243222443035,-478.6769235090952,0.07096069633949953,0.5,-239.3384617545476,-239.3384617545476,-239.3384617545476,7347.682918634124,0.10409334460272635,0.005953107170734646,0.00317857897161678,0.010819426501487275,0.00019731519815686642,0.10183024923801368,0.09101338158361902,baseline
2025-11-11,gasoline,63.26464256803477,7581.5,29.31282044281231,-210.02564131173528,0.09084047765823076,0.25,-52.50641032793382,-52.50641032793382,-157.51923098380146,7295.17650830619,0.07913628431955151,0.005288310347410989,0.002981449351445055,0.009850230917659743,0.00021643381243409456,0.13962486176110744,0.07871967266788392,baseline
2025-11-25,gasoline,62.23296396645118,7535.498,-110.23384513339212,-267.7530761171936,0.09189191898051197,0.25,-66.9382690292984,-66.9382690292984,-200.8148070878952,7228.238239276891,0.07146544313225797,0.005263676232210229,0.003163310453669634,0.01050794139147704,0.00021715923818912573,0.0008331141823046096,0.08699095739751347,baseline
2025-12-09,gasoline,62.23817103955421,7482.42,-61.98732469917472,-262.8021317870699,0.09397052834819601,0.25,-65.70053294676748,-65.70053294676748,-197.10159884030244,7162.537706330124,0.07270950721513794,0.005188949800110164,0.003290487984833061,0.010953813785181222,0.00021936720802365677,6.127962439995908e-06,0.0927682224639596,baseline
2025-12-23,gasoline,60.02514654872086,7468.974,-193.5082092181416,-390.60980805844406,0.10102789669235385,0.25,-97.65245201461101,-97.65245201461101,-292.95735604383304,7064.885254315513,0.12806612641097587,0.005082453612375756,0.004054451516883349,0.013735087168911086,0.00022253319022692118,0.0040837005284720925,0.13124709762666434,baseline
2026-01-21,gasoline,63.27606746491273,7375.275,117.53638703650594,-175.4209690073271,0.10208517589981224,0.25,-43.855242251831775,0.0,-175.4209690073271,7064.885254315513,0.07190341717712324,0.004977396581202761,0.0032772019101440543,0.010802308041958291,0.00022567861347845848,0.03814400553786363,0.09079067106813461,baseline
2026-02-04,gasoline,66.21568324403765,7346.499,186.10125731689968,10.680288309572575,0.09833305438202439,0.0,0.0,0.0,10.680288309572575,7064.885254315513,0.03615098196264209,0.005226610848811552,0.0030381669505344716,0.009972229344360642,0.00021825302701245254,0.0,0.08022980703893323,baseline
2026-02-25,gasoline,68.7834083434205,7325.843999999999,141.35196316113536,152.03225147070793,0.09562166293528596,0.75,114.02418860303095,114.02418860303095,38.00806286767698,7178.909442918543,0.029464552197434407,0.005597282828450572,0.0020456365938769684,0.006475023668809996,0.00020743826192364475,0.0520060623463183,0.042879933641406326,baseline
2026-03-10,gasoline,78.4036612824465,7588.235,603.1089158465949,641.1169787142719,0.11394212976818145,1.0,641.1169787142719,641.1169787142719,0.0,7820.026421632815,0.19340011092712958,0.006968459624905398,0.0003294922080902444,0.0009216842665093198,0.00016982104454772078,1.1113072375490105,0.006940230693200352,baseline
2026-03-24,gasoline,100.53825399545414,7740.374,1579.2276202877724,1579.2276202877724,0.049709486694982055,0.75,1184.4207152158292,1184.4207152158292,394.8069050719432,9004.447136848645,0.327517043714624,0.010661702486180966,0.0026481011575470005,0.006461459441191779,8.720380045659876e-05,1.1807158003862144,0.0,baseline
2026-04-08,gasoline,116.21363904838014,7841.799999999999,818.9703749692841,1213.7772800412272,-0.08826278875368483,0.75,910.3329600309204,910.3329600309204,303.4443200103068,9914.780096879565,0.1274502604902431,0.015353072696459634,0.009093275722510459,0.022224782473123744,2.1593933364388943e-05,0.30049639016921,0.0,baseline
2026-04-22,gasoline,106.71277678317998,7841.799999999999,-655.8332214717653,-352.38890146145854,-0.20435003403294735,0.5,-176.19445073072927,-176.19445073072927,-176.19445073072927,9738.585646148837,0.8349966931941835,0.017546155915738083,0.006568444055249545,0.01816298943016333,6.0213507898672065e-06,4.7221672573456575,0.0,baseline
2026-05-09,gasoline,114.44845662872568,7841.799999999999,385.75704002533183,209.56258929460256,-0.1818814106644951,0.5,104.78129464730128,104.78129464730128,104.78129464730128,9843.366940796137,0.06491617647863285,0.016824936334016806,0.007688496373125969,0.0205468421821637,1.0081029283046642e-05,0.3157894779629594,0.0,baseline
2016-04-27,gasoline,50.87620760792999,6701.35648,205.8995482618207,205.8995482618207,0.14525982488846803,0.75,154.42466119636555,154.42466119636555,51.474887065455164,6284.424661196365,0.09178185650155653,0.022591118563887905,0.00485206964564843,0.015962723871506834,6.713895412124519e-06,0.09538790394244916,0.16427921856314384,oil_up_20pct
2016-05-12,gasoline,53.44240784043809,6701.35648,201.7284798060766,253.20336687153176,0.12221603343262753,0.75,189.9025251536488,189.9025251536488,63.300841717882946,6474.327186350014,0.035084422061120515,0.02288871751953841,0.002850791119850002,0.009037560112420231,8.344688907688152e-06,0.005034715323885996,0.06897042239247297,oil_up_20pct
2016-05-26,gasoline,57.44894778435033,6701.35648,336.9486996800287,400.2495413979117,0.0938781102494023,0.75,300.18715604843374,300.18715604843374,100.06238534947795,6774.514342398448,0.025004436012812402,0.023434263044669168,0.0008143162002402286,0.002420740114772022,1.1794162659980341e-05,0.048650799246395794,0.019273226288786905,oil_up_20pct
2016-06-09,gasoline,59.157217241112576,6827.5368,119.40090686801625,219.4632922174942,0.06776597170469328,0.75,164.59746916312065,164.59746916312065,54.86582305437355,6939.111811561569,0.021854871297717633,0.024184737181826236,0.0006388838878955551,0.0019290411675547633,1.7512025280958985e-05,0.07353825275862898,0.015248228568743452,oil_up_20pct
2016-07-22,gasoline,54.38852293917537,6975.6064,-167.48607208377246,-112.6202490293989,0.0652317442163065,0.25,-28.155062257349726,0.0,-112.6202490293989,6939.111811561569,0.04211691299483956,0.024132967811831624,0.0013456573170140687,0.004258770926448664,1.708142293363628e-05,0.10836930741961781,0.029757990164069985,oil_up_20pct
2016-08-05,gasoline,50.18585167922536,7033.5664,-282.37173494480174,-394.99198397420065,0.07342911733063767,0.25,-98.74799599355016,-98.74799599355016,-296.2439879806505,6840.363815568019,0.10175428534843037,0.023343689702719703,0.002367183802412355,0.007787089939164463,1.118026082807377e-05,0.039004666850968796,0.05520843858446454,oil_up_20pct
2016-08-19,gasoline,53.94637760254993,7048.04576,134.79598273238474,-161.44800524826576,0.08946659989222057,0.25,-40.36200131206644,0.0,-161.44800524826576,6840.363815568019,0.054177415685444236,0.02234549938879606,0.002512367146481037,0.008165154141897973,5.501367382842685e-06,0.039004666850968796,0.05918981782228733,oil_up_20pct
2016-09-02,gasoline,57.11117115978402,6994.523200000001,156.18580099982114,-5.262204248444618,0.08204001331098343,0.0,-0.0,0.0,-5.262204248444618,6840.363815568019,0.02069029183102701,0.02175980286085998,0.00211339525185602,0.00681231064119694,3.096906109090964e-06,0.0,0.04580167653619142,oil_up_20pct
2016-09-19,gasoline,55.36395920657696,6970.77472,-124.50565427039058,-129.7678585188352,0.07870823684171244,0.25,-32.4419646297088,0.0,-129.7678585188352,6840.363815568019,0.03200979374503772,0.02120226164496369,0.0019464556918313495,0.006251259621605363,1.445433062950797e-06,0.0,0.0410499344003962,oil_up_20pct
2016-10-20,gasoline,60.271989895418564,6991.101600000001,292.4613959582739,162.6935374394387,0.08156137802831842,0.75,122.02015307957902,122.02015307957902,40.67338435985968,6962.3839686475985,0.024762977623287698,0.02081900440685744,0.0013240568599882244,0.004111975053800176,6.707682184519043e-07,0.05955567103025559,0.029390573627548194,oil_up_20pct
2016-11-17,gasoline,52.62407761753317,7107.033920000001,-370.81624335572917,-330.14285899586946,0.08035306894277527,0.25,-82.53571474896737,-82.53571474896737,-247.6071442469021,6879.848253898631,0.10673712483612068,0.020665594838932766,0.00262362864758967,0.008653074016061933,4.4301648961393406e-07,0.16737241225235894,0.06456457936280245,oil_up_20pct
2016-12-01,gasoline,55.53729503664023,7165.67488,254.19156276228796,6.584418515385863,0.09988830513356602,0.0,0.0,0.0,6.584418515385863,6879.848253898631,0.04260640099377374,0.019857007452739116,0.0031360422720628895,0.010311485336929573,2.044686857215613e-08,0.02724857683649164,0.08448769102499633,oil_up_20pct
2016-12-15,gasoline,62.54557545249476,7195.950720000001,485.5306563002101,492.115074815596,0.10392782530080612,1.0,492.115074815596,492.115074815596,0.0,7371.963328714227,0.17037496482019654,0.019982327670728686,0.000455990066369069,0.0013049471758250094,3.123112218737735e-10,0.9687089874430387,0.010104760133565219,oil_up_20pct
2016-12-29,gasoline,63.69090418721857,7191.004800000001,144.52087527121267,144.52087527121267,0.03483543207838964,0.5,72.26043763560634,72.26043763560634,72.26043763560634,7444.223766349834,0.12709584806229718,0.02142346955317443,0.00022484268540322682,0.0006751944299579677,2.0262655688146115e-06,0.7051116654461632,0.004915046345156418,oil_up_20pct
2017-01-13,gasoline,64.79221730695679,7383.2864,82.98109113851156,155.2415287741179,0.05174657963290807,0.5,77.62076438705895,77.62076438705895,77.62076438705895,7521.844530736893,0.010954207022771771,0.02121937790247806,0.0005662681825733968,0.001728832780204046,1.4868824690517888e-06,0.00011493241152935433,0.013601640189901664,oil_up_20pct
2017-01-26,gasoline,64.3136294525093,7498.65536,5.930228345271574,83.55099273233053,0.05690755613858578,0.5,41.775496366165264,0.0,83.55099273233053,7521.844530736893,0.021347682467381068,0.02095489653199969,0.0010328190573011024,0.003239555118712742,9.11827386825037e-07,0.024099932256125275,0.025907759565330337,oil_up_20pct
2017-02-15,gasoline,65.19119941888374,7598.371200000001,-38.376878495616396,45.17411423671413,0.070071457059522,0.0,0.0,0.0,45.17411423671413,7521.844530736893,0.016243317736153368,0.02043604837261122,0.0015478329756033861,0.004924379510061666,1.9013818325689425e-07,0.0,0.03235019865556285,oil_up_20pct
2017-03-15,gasoline,62.4663936633252,7617.61952,-103.71436352172402,-58.54024928500989,0.07257282396576133,0.0,-0.0,0.0,-58.54024928500989,7521.844530736893,0.018253014020204017,0.01994214202375445,0.0016582595020492592,0.005290076580354721,3.347545415230757e-09,0.0,0.03433265658659079,oil_up_20pct
2017-03-29,gasoline,59.25685621439132,7630.080640000001,-161.44772314398347,-219.98797242899337,0.07418544762105009,0.25,-54.99699310724834,-54.99699310724834,-164.99097932174504,7466.847537629645,0.04407417200625206,0.019411527752408807,0.002065204225541213,0.006701230959111411,3.462995861850312e-07,0.012098677003354886,0.04481866275425986,oil_up_20pct
2017-04-13,gasoline,63.40915057074857,7584.6904,217.05385943974878,52.06288011800373,0.07553693772000986,0.5,26.031440059001866,0.0,52.06288011800373,7466.847537629645,0.021068400560757133,0.018779588469139925,0.0017943999926361015,0.005742933335138336,1.4894043046562337e-06,0.012098677003354886,0.03724887518004126,oil_up_20pct
2017-05-12,gasoline,57.64970927105415,7541.599520000001,-352.0270912667267,-299.96421114872294,0.06991195331601974,0.25,-74.99105278718073,-74.99105278718073,-224.9731583615422,7391.856484842464,0.063571566863721,0.01828227601407614,0.0019829923346818008,0.006441320646607745,2.9505756918181557e-06,0.022494631992518912,0.04259857933094353,oil_up_20pct
2017-05-26,gasoline,61.246690427864294,7513.840320000001,144.07227024514918,-80.90088811639302,0.07623455250078266,0.25,-20.225222029098255,0.0,-80.90088811639302,7391.856484842464,0.026265775736837624,0.017634654166609812,0.0018272793408836581,0.005852626783281863,5.594860911536323e-06,0.022494631992518912,0.0380246243215234,oil_up_20pct
2017-06-10,gasoline,58.13024037031595,7449.808800000001,-253.19677154258974,-334.09765965898276,0.06777903389380108,0.25,-83.52441491474569,-83.52441491474569,-250.57324474423706,7308.332069927718,0.0737102569126261,0.017181993518512847,0.0019381688585944088,0.006297736420605886,7.941160529703607e-06,0.02790531154740237,0.04142257087602116,oil_up_20pct
2017-06-24,gasoline,54.039101859619635,7414.874879999999,-243.13318863527485,-493.7064333795119,0.0743687940520288,0.5,-246.85321668975595,-246.85321668975595,-246.85321668975595,7061.4788532379625,0.11548885603596629,0.016275824857269458,0.0035275355917356705,0.012110036593498004,1.3869480493732056e-05,0.1067051899570424,0.1083030362918982,oil_up_20pct
2017-07-22,gasoline,56.39019525321515,7320.2472,77.99891815680901,-168.85429853294693,0.09534967326814289,0.25,-42.21357463323673,0.0,-168.85429853294693,7061.4788532379625,0.09713114844223712,0.015116730231675653,0.002855158975777973,0.009340268457165448,2.384632363023053e-05,0.24374604236031844,0.07253597900575584,oil_up_20pct
2017-08-05,gasoline,60.18192002717394,7299.323360000001,209.24205984813136,40.387761315184434,0.09258445954941756,0.0,0.0,0.0,40.387761315184434,7061.4788532379625,0.030974777887028362,0.0148785314975195,0.0026910631847923603,0.008776311181276256,2.622943962189986e-05,0.0,0.06596114514446702,oil_up_20pct
2017-09-16,gasoline,62.86310543213881,7352.711520000001,42.4159299594682,82.80369127465264,0.09960887979487032,0.75,62.10276845598948,62.10276845598948,20.70092281866316,7123.581621693952,0.03124361548969019,0.014724494707502514,0.002631687786001531,0.008494384519512996,2.7830956091168987e-05,0.015427015399592967,0.06278885347994363,oil_up_20pct
2017-09-30,gasoline,66.22531805473481,7402.7408000000005,205.3817890265424,226.08271184520555,0.09771024622475623,0.75,169.56203388390418,169.56203388390418,56.520677961301374,7293.143655577856,0.026951558563852826,0.014927215762355568,0.001802143253398119,0.005629113990306608,2.5733139921693805e-05,0.046189974905228096,0.036471520240032466,oil_up_20pct
2017-11-03,gasoline,68.41001669983041,7574.319200000001,106.9558311609924,163.47650912229378,0.09712222009631502,0.75,122.60738184172033,122.60738184172033,40.86912728057345,7415.751037419577,0.022777891723477328,0.015446816455442035,0.0020917906144665294,0.006623130314210405,2.0731480390433435e-05,0.00881895739361024,0.04413955726988558,oil_up_20pct
2017-11-17,gasoline,72.52582977345166,7660.7552000000005,215.3905939397494,256.25972122032283,0.09198172454073769,0.75,192.19479091524212,192.19479091524212,64.06493030508071,7607.945828334819,0.02035217316127281,0.015837637879969845,0.0014500089629032927,0.0044811435811778705,1.732525841826193e-05,0.01936963000626266,0.03046320918794963,oil_up_20pct
2017-12-29,gasoline,74.65904799319667,7826.280000000001,38.227879236965805,102.29280954204651,0.08789756712833963,0.75,76.71960715653489,76.71960715653489,25.57320238551162,7684.665435491354,0.02784204157354228,0.016312008203310843,0.0019358481879338534,0.006150982819168753,1.3601283492446517e-05,0.05333807225642881,0.0402596967026576,oil_up_20pct
2018-01-13,gasoline,79.33612712616086,7957.4252799999995,187.5436698178914,213.11687220340303,0.09427739939879719,0.75,159.83765415255226,159.83765415255226,53.27921805085077,7844.503089643907,0.023205635094774968,0.0164466153506509,0.0017678808187756266,0.005534626805721217,1.262654246622984e-05,0.027634438945728607,0.035848253130681795,oil_up_20pct
2018-01-27,gasoline,81.30387266020203,8040.4284800000005,18.494754371644046,71.77397242249482,0.08436753101447837,0.5,35.88698621124741,0.0,71.77397242249482,7844.503089643907,0.04397557797865905,0.016677255264767366,0.002234423211357406,0.007220944000097733,1.1040632575516189e-05,0.10219230273996364,0.04958217987095466,oil_up_20pct
2018-02-10,gasoline,78.81360789457169,8108.2176,-180.65366809267792,-108.8796956701831,0.09252435040175716,0.25,-27.219923917545774,0.0,-108.8796956701831,7844.503089643907,0.039089941628345184,0.016364039747760486,0.002687554881150132,0.008764282318198303,1.3220206955865635e-05,0.0,0.06582416791696966,oil_up_20pct
2018-03-01,gasoline,77.18974719719283,8058.34512,-58.718469800145996,-167.5981654703291,0.08653671779648153,0.25,-41.89954136758227,0.0,-167.5981654703291,7844.503089643907,0.0465593285093126,0.016065880971226545,0.00235050577290596,0.007614327091702996,1.5477292532557396e-05,0.0,0.053446908699353396,oil_up_20pct
2018-03-29,gasoline,78.97549198668789,8030.070720000001,74.32561860775235,-93.27254686257675,0.08310909042107353,0.25,-23.318136715644187,0.0,-93.27254686257675,7844.503089643907,0.028386962848649194,0.01578205513502998,0.002168533911629695,0.0069982850709909995,1.7791058883926963e-05,0.0,0.04749105210312726,oil_up_20pct
2018-04-13,gasoline,80.56379076533855,8024.8952,103.64428080317269,10.371733940595945,0.08247906120395114,0.0,0.0,0.0,10.371733940595945,7844.503089643907,0.021063945046895016,0.015511873233195172,0.00213594679497941,0.006888334266184258,2.0143281874909962e-05,0.0,0.046485786741384316,oil_up_20pct
2018-04-27,gasoline,85.74900484119966,8039.696,310.4198777417675,320.79161168236345,0.08427864316711646,0.75,240.59370876177258,240.59370876177258,80.19790292059088,8085.096798405679,0.0554059617912019,0.015508254055802041,0.0009745345104243989,0.002957688136335192,2.017578162721882e-05,0.23154133078297856,0.02363392017443406,oil_up_20pct
2018-05-12,gasoline,87.73606953639747,8143.4024,148.61539216901593,228.8132950896068,0.06715985760378501,0.75,171.60997131720512,171.60997131720512,57.20332377240169,8256.706769722883,0.013516149370301897,0.016212323715451282,0.0007053392625896648,0.0021415878256941375,1.4346491636532782e-05,0.019035024127284073,0.01699162059232891,oil_up_20pct
2018-05-26,gasoline,90.91208728787484,8199.70592,208.11972449775453,265.3230482701562,0.05304842755593813,0.5,132.6615241350781,132.6615241350781,132.6615241350781,8389.36829385796,0.020011059214036047,0.016597974671274007,0.0004626430035346131,0.001398201461723062,1.1573776337293206e-05,0.00606792615159575,0.010874946712071804,oil_up_20pct
2018-06-09,gasoline,85.88698417429757,8355.0712,-203.95909619799082,-71.2975720629127,0.05589505666235867,0.25,-17.824393015728177,0.0,-71.2975720629127,8389.36829385796,0.027346805630376534,0.01670012000432692,0.000997738998104054,0.0031261336659266174,1.0889207985843372e-05,0.07039631994336766,0.024994058874306294,oil_up_20pct
2018-06-26,gasoline,85.6124233327765,8425.768960000001,19.93828225477053,-51.35928980814218,0.06432015953853558,0.0,-0.0,0.0,-51.35928980814218,8389.36829385796,0.015384313515777692,0.016385805344937762,0.0013092576937842717,0.004139494606180013,1.306240300468045e-05,0.0,0.029453232245344015,oil_up_20pct
2018-07-10,gasoline,90.63210842648014,8478.8536,296.4411774383437,245.0818876302015,0.07055393928986343,0.75,183.81141572265113,183.81141572265113,61.27047190755036,8573.179709580612,0.03472914789918921,0.01626774689715719,0.0007888935096554969,0.0024007584373651066,1.3929713223679797e-05,0.13514654619986113,0.019110229839147203,oil_up_20pct
2018-07-24,gasoline,86.21524852102672,8482.42528,-164.42555820033482,-103.15508629278446,0.04930088664681849,0.5,-51.57754314639223,-51.57754314639223,-51.57754314639223,8521.60216643422,0.051091612168538844,0.016485689648590627,0.0009742897455838282,0.003069452343452409,1.2350377246023074e-05,0.22163184782980877,0.024536800215841433,oil_up_20pct
2018-08-07,gasoline,86.69947209722157,8555.204,38.557100776114424,-13.020442370277806,0.06392764843080075,0.0,-0.0,0.0,-13.020442370277806,8521.60216643422,0.01517760761576276,0.016027582883977567,0.001293747912990656,0.004088724600779186,1.578009774366799e-05,0.010640971828071808,0.02933992477685909,oil_up_20pct
2018-08-21,gasoline,83.01449976832008,8597.44256,-155.26667457085327,-168.28711694113107,0.06882127365626496,0.25,-42.07177923528277,0.0,-168.28711694113107,8521.60216643422,0.036893065364370516,0.015745598094373547,0.001494162388790201,0.004747179830182116,1.8099935574598e-05,0.0,0.03152352041215501,oil_up_20pct
2018-09-04,gasoline,87.33973859021665,8694.4928,254.85299562734832,86.56587868621725,0.079885074097224,0.75,64.92440901466293,64.92440901466293,21.64146967155432,8586.526575448883,0.018716756328740022,0.015540159054860043,0.0016638770361439323,0.005266972618560452,1.9890181255946868e-05,0.01686071554361298,0.03419703668115797,oil_up_20pct
2018-09-18,gasoline,88.94115963263386,8735.82752,141.19930558026672,162.84077525182104,0.07709064701761867,0.75,122.13058143886579,122.13058143886579,40.710193812955254,8708.657156887748,0.016692482914186804,0.015594352909078861,0.0012797093533563214,0.003984125017996043,1.9409726289741896e-05,0.01309018465371051,0.029138571835395314,oil_up_20pct
2018-10-01,gasoline,92.38214499252422,8852.278400000001,206.4037806679558,247.11397448091105,0.07622421218838457,0.75,185.33548086068328,185.33548086068328,61.77849362022778,8893.992637748432,0.016779599400333755,0.015873472996537945,0.0009977960523873568,0.0030591785346716885,1.7028225110301527e-05,0.01597943724368826,0.02445387352095981,oil_up_20pct
2018-10-20,gasoline,93.50220835888226,8905.61504,111.90343342023156,173.68192704045936,0.061305064523827564,0.75,130.2614452803445,130.2614452803445,43.42048176011485,9024.254083028776,0.011421550167690796,0.016265105212512707,0.0007178995715766308,0.0021952329474793776,1.3949439073599752e-05,0.012132597580417683,0.01743081634268747,oil_up_20pct
2018-11-03,gasoline,87.0555415783979,8927.458400000001,-368.2798337072132,-324.85935194709833,0.049157531887376316,0.5,-162.42967597354917,-162.42967597354917,-162.42967597354917,8861.824407055226,0.09361655723419995,0.016198037867015454,0.0014065906026909925,0.004543619363287657,1.44549160606484e-05,0.34267236984344596,0.03069177737046536,oil_up_20pct
2018-11-17,gasoline,77.87778862815891,8919.22976,-511.1943237087719,-673.623999682321,0.06643613344307156,0.5,-336.8119998411605,-336.8119998411605,-336.8119998411605,8525.012407214066,0.15510823896177964,0.01513258667136778,0.0032863872861593943,0.011287455509954917,2.3691712511746585e-05,0.12163677950987398,0.09717302834000612,oil_up_20pct
2018-12-01,gasoline,68.9715717088252,8637.9104,-528.9771295769855,-865.789129418146,0.07307005833099799,0.5,-432.894564709073,-432.894564709073,-432.894564709073,8092.117842504993,0.2314196682509771,0.013500266687947488,0.004566232143645541,0.01624284759506841,4.224653312780513e-05,0.03692743708638645,0.16853521683843586,oil_up_20pct
2018-12-15,gasoline,68.38352884276141,8472.410240000001,-123.51605599461907,-556.4106207036921,0.10488597538626847,0.5,-278.20531035184604,-278.20531035184604,-278.20531035184604,7813.9125321531465,0.18525841928952486,0.01175484797270438,0.005852521987164751,0.020814545540756818,6.798253195321709e-05,0.09571506165437946,0.2402280608468464,oil_up_20pct
2018-12-29,gasoline,61.50030813531836,8362.0768,-422.59310492435094,-700.7984152761969,0.12555360360321668,0.5,-350.39920763809846,-350.39920763809846,-350.39920763809846,7463.513324515048,0.2940476808205055,0.010426891902082337,0.008734262245677206,0.03254205577218198,9.164439865441675e-05,0.020847835221511856,0.4329450497216199,oil_up_20pct
2019-01-15,gasoline,64.34862885905709,8202.5272,53.77389321882367,-296.6253144192748,0.15009587624225776,0.25,-74.1563286048187,-74.1563286048187,-222.4689858144561,7389.35699591023,0.25751847122541005,0.009183367407199355,0.008126201391659153,0.028915689250605132,0.00011699954064763721,0.30524051286638093,0.37278190705112796,oil_up_20pct
2019-01-29,gasoline,69.10971212905152,8106.79744,170.35497855025798,-52.11400726419811,0.14849862715821993,0.0,-0.0,0.0,-52.11400726419811,7389.35699591023,0.1406935863538902,0.00897589357479325,0.00709469396484469,0.024677598607976893,0.00012153092247428475,0.02199664428858341,0.30292024531113604,oil_up_20pct
2019-02-15,gasoline,70.6970913587098,8016.943200000001,88.82211141734828,36.708104153150174,0.13828248104461707,0.0,0.0,0.0,36.708104153150174,7389.35699591023,0.10942502148724585,0.009032894084636693,0.006112331956426303,0.021005023203305082,0.00012027741215879685,0.0,0.2432851393475286,oil_up_20pct
2019-03-01,gasoline,74.58644680705808,8115.35536,206.41023912053313,243.1183432736833,0.14945983655480624,0.75,182.33875745526248,182.33875745526248,60.77958581842083,7571.695753365492,0.1086495035021163,0.009291168221632123,0.005248583313190887,0.017371652600473065,0.00011467907805738172,0.13298968988131615,0.18587500926779216,oil_up_20pct
2019-03-29,gasoline,77.02119017571485,8173.361280000001,104.72889912202994,165.50848494045078,0.1336129856521537,0.75,124.13136370533809,124.13136370533809,41.377121235112696,7695.82711707083,0.06994011991421895,0.010100612888327786,0.004508746614865056,0.014896459113661964,9.799786518674194e-05,0.013552402748634947,0.1482745890403555,oil_up_20pct
2019-04-13,gasoline,81.24889507939643,8275.4896,201.83259000395802,243.2097112390707,0.13004570254419398,0.75,182.40728342930305,182.40728342930305,60.802427809767664,7878.234400500133,0.054309341945061845,0.010719435174763217,0.003761689691498443,0.012193546904211925,8.612888347542224e-05,0.013584331278696033,0.10945287076492068,oil_up_20pct
2019-04-27,gasoline,82.94279893969782,8309.398720000001,68.94256275183842,129.74499056160607,0.11188875080240089,0.75,97.30874292120455,97.30874292120455,32.43624764040152,7975.543143421338,0.04408906471269905,0.011401855961098734,0.003193428397027086,0.0103754427567681,7.392808091369338e-05,0.028967046386433923,0.08529969672403205,oil_up_20pct
2019-05-14,gasoline,81.47142401740184,8425.894400000001,-31.03112803363689,1.4051196067646288,0.11344848098009204,0.0,0.0,0.0,1.4051196067646288,7975.543143421338,0.06407659127443849,0.011658615447607783,0.004062461494976068,0.01356445291411002,6.957869625088751e-05,0.03787596579562032,0.12878590416777383,oil_up_20pct
2019-05-28,gasoline,81.60178820594054,8482.22816,68.33430514482785,69.73942475159248,0.11973489595199277,0.5,34.86971237579624,0.0,69.73942475159248,7975.543143421338,0.07252704864240309,0.011586653486542892,0.004537332552024699,0.0152596225092702,7.078439955550089e-05,0.0,0.15368902280383892,oil_up_20pct
2019-06-12,gasoline,72.96463715921293,8526.162400000001,-481.3570294547876,-411.6176047031951,0.12457996349901375,0.25,-102.90440117579878,-102.90440117579878,-308.71320352739633,7872.638742245539,0.18789848786825425,0.011411476317221168,0.005886033031739634,0.020452438337893182,7.376273904965287e-05,0.042357263125398954,0.23442857738618855,oil_up_20pct
2019-06-26,gasoline,72.37418249422137,8529.989440000001,-121.88109609032124,-430.5942996177176,0.1370634831822796,0.5,-215.2971498088588,-215.2971498088588,-215.2971498088588,7657.34159243668,0.2212615794286223,0.010794802742541213,0.008323289551940413,0.03026286309243319,8.473565654872677e-05,0.050528519781176846,0.39511027512118924,oil_up_20pct
2019-07-10,gasoline,74.678620663024,8409.374399999999,58.69376592267112,-156.60338388618766,0.14942791363449337,0.25,-39.150845971546914,0.0,-156.60338388618766,7657.34159243668,0.1886720015595846,0.01006387523458526,0.007188219744653467,0.0250306226866587,9.872657535388811e-05,0.1854114508632727,0.30870731079564384,oil_up_20pct
2019-08-07,gasoline,71.74258238101449,8302.60816,-159.4622362166368,-316.0656201028245,0.13771853797365283,0.25,-79.01640502570612,-79.01640502570612,-237.04921507711836,7578.325187410974,0.18053105227453387,0.009983259654935017,0.006896793082536842,0.024202945989319664,0.00010033508714045256,0.024974369052745738,0.2951517233590857,oil_up_20pct
2019-08-21,gasoline,68.13758562010013,8233.621760000002,-177.18107824771275,-414.2302933248311,0.13958788874326772,0.25,-103.55757333120778,-103.55757333120778,-310.67271999362333,7474.767614079766,0.22263082575126378,0.009614540113063317,0.007365763888974188,0.02608939054854217,0.00010785777706317091,0.0024090757671958365,0.3261054306127367,oil_up_20pct
2019-09-04,gasoline,69.37955335874352,8193.8248,110.91440759659646,-199.75831239702688,0.14775598740166315,0.25,-49.93957809925672,0.0,-199.75831239702688,7474.767614079766,0.1719914672067124,0.009290819965227409,0.007020457123314006,0.0243977939303663,0.00011468653701717188,0.04289668397699391,0.2983389663694298,oil_up_20pct
2019-09-19,gasoline,73.39335272570766,8177.83456,216.44061408796628,16.682301690939397,0.14597226328827023,0.0,0.0,0.0,16.682301690939397,7474.767614079766,0.12814563084886332,0.009332681490341875,0.006843973996024032,0.023734083925255063,0.00011379168418649484,0.0,0.2874930519217674,oil_up_20pct
2019-10-22,gasoline,68.55074602857638,8209.420800000002,-282.43875840800354,-265.7564567170641,0.14948903994788967,0.25,-66.43911417926603,-66.43911417926603,-199.31734253779808,7408.3284999005,0.1957397796058955,0.00929904321758197,0.007967800999912265,0.028269046771539384,0.00011451047605917845,0.017656623571702192,0.3620791342389699,oil_up_20pct
2019-11-05,gasoline,70.59436300556489,8251.484640000002,74.9092432953866,-124.40809924241148,0.1621823558892915,0.25,-31.10202481060287,0.0,-124.40809924241148,7408.3284999005,0.19058769818988458,0.0091128370731018,0.008543782683460299,0.030210585858441257,0.0001185303165968266,0.017656623571702192,0.39424318492800375,oil_up_20pct
2019-11-19,gasoline,72.46362784547738,8278.412800000002,68.80744255899752,-55.60065668341396,0.16510279218010282,0.0,-0.0,0.0,-55.60065668341396,7408.3284999005,0.18703472357834933,0.00916325450323964,0.008873353431578159,0.03148735841996994,0.00011743505296155595,0.0,0.41543089234188485,oil_up_20pct
2019-12-03,gasoline,73.97373481267931,8344.459200000001,105.47779414235602,49.87713745894206,0.17218590416254917,0.0,0.0,0.0,49.87713745894206,7408.3284999005,0.21039439553430048,0.009211248291764344,0.009703060881446892,0.03473076959620828,0.0001163971634219578,0.0,0.4692986982469028,oil_up_20pct
2019-12-31,gasoline,78.95429673660165,8380.0752,273.33589845603746,323.2130359149795,0.17595918615378298,0.75,242.40977693623464,242.40977693623464,80.80325897874488,7650.738276836734,0.17625367581410806,0.009527465891141479,0.007175906293610559,0.02412708581469082,0.00010967397066120515,0.23504999981710015,0.2939115285681271,oil_up_20pct
2020-02-05,gasoline,67.81503609014366,8355.3232,-655.4205805420079,-574.617321563263,0.1443276682777834,0.5,-287.3086607816315,-287.3086607816315,-287.3086607816315,7363.429616055103,0.48987363572163506,0.010085607558415925,0.010111941976542832,0.03791018496979235,9.829517748573945e-05,1.122406493033027,0.5220552298208324,oil_up_20pct
2020-02-19,gasoline,64.7034615653539,8326.225600000002,-244.24934380471933,-531.5580045863508,0.17563414567398922,0.5,-265.7790022931754,-265.7790022931754,-265.7790022931754,7097.650613761927,0.40747911224903227,0.008828943512215867,0.013996633607192078,0.05433374886784243,0.00012479250305326396,0.0018541047785182,0.7908352023442384,oil_up_20pct
2020-03-18,gasoline,44.18680053272497,8029.0055999999995,-107.78753093512218,-373.56653322829754,0.17599879644349387,0.25,-93.39163330707439,-93.39163330707439,-280.1748999212232,7004.2589804548525,0.34891372294754897,0.007859682402813352,0.01151184300514656,0.04256107613489264,0.0001473873113605598,0.11886961994380053,0.5989347488028564,oil_up_20pct
2020-06-29,gasoline,48.4406743386721,7210.75824,174.41841731570887,-105.75648260551432,0.08863766231956603,0.25,-26.43912065137858,0.0,-105.75648260551432,7004.2589804548525,0.04084697065219314,0.007633303895702047,0.0024659789896796223,0.008007020563817434,0.00015293517253605815,0.03488798868705218,0.057504049609532135,oil_up_20pct
2020-07-11,gasoline,50.129083833895905,6900.36816,90.63152312446091,-15.12495948105341,0.0449441626814804,0.0,-0.0,0.0,-15.12495948105341,7004.2589804548525,0.007476029657000113,0.0077548447085065185,0.000658744020061632,0.002040101132933412,0.00014994382811279084,0.0,0.016159822073115004,oil_up_20pct
2020-08-22,gasoline,52.629881974594454,6878.212320000001,53.12928089428998,38.00432141323657,0.041674502822726,0.0,0.0,0.0,38.00432141323657,7004.2589804548525,0.007430987826624057,0.007870542871838339,0.000571675819697812,0.0017643598137576982,0.00014712373022391175,0.0,0.013894113484171178,oil_up_20pct
2020-09-19,gasoline,47.56809119210539,7065.521120000001,-97.31636125431562,-59.312039841079056,0.06867057623983852,0.0,-0.0,0.0,-59.312039841079056,7004.2589804548525,0.017035099550418854,0.007980679250635569,0.0014877611192734305,0.004726069256064495,0.00014446407127610236,0.0,0.031431261231579855,oil_up_20pct
2020-10-23,gasoline,49.20715431411701,7059.2894400000005,-71.97139691643497,-131.28343675751404,0.0677954672368765,0.25,-32.82085918937851,0.0,-131.28343675751404,7004.2589804548525,0.027776736511397553,0.00808552120823673,0.0014508779365848276,0.004604533633982295,0.00014195480487937676,0.0,0.030926925830442542,oil_up_20pct
2020-11-06,gasoline,46.01103410299027,6987.0001600000005,-109.0309546406691,-240.31439139818315,0.05752986688712894,0.5,-120.15719569909157,-120.15719569909157,-120.15719569909157,6884.1017847557605,0.037904035510808155,0.008043491121678573,0.0017264988345622018,0.005617089952513142,0.0001429581045573791,0.05775100671307916,0.03639108007521171,oil_up_20pct
2020-11-20,gasoline,49.67507267107631,6931.7494400000005,-58.06977997984087,-178.22697567893243,0.0668738282675492,0.25,-44.55674391973311,0.0,-178.22697567893243,6884.1017847557605,0.04906971566713381,0.0077059017629474745,0.0014125664988506458,0.004478474422496345,0.00015114485146229805,0.05775100671307916,0.030453733026811574,oil_up_20pct
2020-12-04,gasoline,54.99416364534252,6973.215200000001,320.00459099497317,141.77761531604074,0.07277938693821472,0.75,106.33321148703055,106.33321148703055,35.444403829010184,6990.434996242791,0.020673091598237957,0.007951657920833867,0.0010710144523361639,0.0033104676044773754,0.0001451625468566053,0.045227007460582266,0.02647814119149811,oil_up_20pct
2020-12-18,gasoline,58.436171797041325,7007.786239999999,213.24369327144956,248.68809710045974,0.06247599500940382,0.75,186.5160728253448,186.5160728253448,62.17202427511495,7176.951069068136,0.012149139271966057,0.008674136861671016,0.0004441739974411687,0.0013271033548150795,0.00012827517582815926,0.025717165009597316,0.010287773131902897,oil_up_20pct
2021-01-01,gasoline,59.82518913821887,7190.691200000001,67.83823855903889,130.01026283415382,0.06191082199884555,0.75,97.50769712561537,97.50769712561537,32.502565708538455,7274.458766193752,0.014696930527415669,0.00954140420453821,0.0007666004895940864,0.0023507662518829284,0.00010938222601285106,0.031689963778816735,0.018702208861236795,oil_up_20pct
2021-01-16,gasoline,63.922908136166555,7286.6057599999995,181.53249516095002,214.03506086948846,0.06166703046745426,0.75,160.52629565211635,160.52629565211635,53.508765217372115,7434.985061845869,0.010681664027248801,0.010101668099052915,0.0005321426011086697,0.001603449335566347,9.797697442130674e-05,0.015885375040977243,0.012568547135136521,oil_up_20pct
2021-01-30,gasoline,65.12948290953648,7350.5488000000005,40.616248588609906,94.12501380598202,0.048512930919407324,0.5,47.06250690299101,0.0,94.12501380598202,7434.985061845869,0.03320978442238022,0.010669786760083904,0.0007611525855100909,0.0023661789177654323,8.705287910230562e-05,0.10307476638316267,0.018828035731129497,oil_up_20pct
2021-02-19,gasoline,73.15755960607015,7462.4144000000015,432.5132474307525,526.6382612367345,0.06367566536563998,1.0,526.6382612367345,526.6382612367345,0.0,7961.623323082603,0.18992632262877462,0.011230983939678888,2.658230720805601e-06,7.3002728685771755e-06,7.689564266616959e-05,1.1093914327938041,0.0,oil_up_20pct
2021-03-04,gasoline,76.19731345269518,7687.5433600000015,198.33800607574608,198.33800607574608,0.024347522966998755,0.5,99.16900303787304,99.16900303787304,99.16900303787304,8060.792326120476,0.13347566761072338,0.013096891747271605,6.349019565789186e-05,0.0001875734897233469,4.765290354888688e-05,0.7309198668203395,0.001048373554581039,oil_up_20pct
2021-03-18,gasoline,80.4222559389498,7827.095360000001,270.1612575176544,369.33026055552745,0.03014256817225316,0.5,184.66513027776372,184.66513027776372,184.66513027776372,8245.45745639824,0.03245346783889835,0.01346424571183626,2.947957937891213e-05,8.577548727876456e-05,4.2716084115250724e-05,0.02923835109207831,0.00034316846074949447,oil_up_20pct
2021-04-01,gasoline,74.45414414849962,7970.06,-265.7553184180521,-81.0901881402884,0.025445999603736946,0.5,-40.5450940701442,0.0,-81.0901881402884,8245.45745639824,0.03095192334958265,0.013892286067843469,0.00023317614590398413,0.0007075653077492469,3.7304169477059e-05,0.13640484136201378,0.005179991166667047,oil_up_20pct
2021-04-29,gasoline,77.49653823057983,8017.91648,139.61829510046135,58.52810696017295,0.03162093456999446,0.25,14.632026740043237,0.0,58.52810696017295,8245.45745639824,0.006347601955280125,0.013712948204229749,0.00034382206195635956,0.0010500244629902675,3.952702028269795e-05,0.0,0.007999068024638964,oil_up_20pct
2021-05-15,gasoline,80.83942427329673,8078.162400000001,180.03130932568197,238.55941628585492,0.03929045640401605,0.5,119.27970814292746,119.27970814292746,119.27970814292746,8364.737164541168,0.023301090324603275,0.013661833496473869,0.00022171262592463747,0.0006625545589052343,4.0172354626420664e-05,0.05691059509864782,0.0048117101132175225,oil_up_20pct
2021-06-12,gasoline,84.38403709836683,8137.2681600000005,140.2293653399963,259.5090734829238,0.032046023300629785,0.5,129.7545367414619,129.7545367414619,129.7545367414619,8494.49170128263,0.01448985326449337,0.013992364577932296,0.00010882710916686312,0.000322075026201059,3.6091683364482606e-05,0.000438888136674699,0.002073760122318922,oil_up_20pct
2021-06-29,gasoline,88.58002353517037,8173.86528,262.82889773053785,392.58343447199974,0.020774197971289567,0.5,196.29171723599987,196.29171723599987,196.29171723599987,8690.78341851863,0.03386239816286037,0.014396600621461775,9.427391219054168e-08,2.715571245685642e-07,3.139808459540257e-05,0.017708785552650902,0.0,oil_up_20pct
2021-07-13,gasoline,90.59436506907485,8291.9256,115.02036900843622,311.3120862444361,0.011898046634833764,0.5,155.65604312221805,155.65604312221805,155.65604312221805,8846.439461640848,0.02051978676692973,0.014932999387923085,2.4900237031189696e-06,7.193938530961619e-06,2.5674495202787835e-05,0.006605032042725912,0.0,oil_up_20pct
2021-07-27,gasoline,87.48429998549562,8352.6576,-151.99848082917663,3.6575622930414227,0.0008832631136649957,0.0,0.0,0.0,3.6575622930414227,8846.439461640848,0.01661029729890943,0.015162398889143853,5.9126251787494865e-06,1.749734694759582e-05,2.3402384507756632e-05,0.09691521504186323,6.241229823689465e-06,oil_up_20pct
2021-08-24,gasoline,82.2020219705921,8440.2752,-253.546539943508,-249.8889776504666,0.01187784141909872,0.5,-124.9444888252333,-124.9444888252333,-124.9444888252333,8721.494972815615,0.025748186856242507,0.014805233620988113,0.00024996807780288587,0.0007703707834136832,2.698559773251228e-05,0.06244450115119539,0.0056950949330877515,oil_up_20pct
2021-09-07,gasoline,85.12824836023358,8450.10656,121.357952007802,-3.586536817431295,0.027883433079971185,0.0,-0.0,0.0,-3.586536817431295,8721.494972815615,0.013506988485554696,0.014220238808209875,0.00027422059497487323,0.0008342167356017915,3.340563943412321e-05,0.06244450115119539,0.006219886722601851,oil_up_20pct
2021-09-19,gasoline,86.51396024662282,8457.890560000002,31.812991732541853,28.22645491511056,0.028833314767362807,0.0,0.0,0.0,28.22645491511056,8721.494972815615,0.0036385771860611973,0.014025135763655336,0.00029114271116588544,0.0008865695572374594,3.5699002642750505e-05,0.0,0.006650880323790577,oil_up_20pct
2021-10-10,gasoline,94.76121773112565,8531.4152,481.5774602687727,509.80391518388325,0.037720018501078666,0.75,382.35293638791245,382.35293638791245,127.4509787959708,9103.847909203527,0.11310669331176187,0.014201871997086163,2.940512602267161e-06,8.283491213915223e-06,3.3618288338173605e-05,0.5847750718578362,0.0,oil_up_20pct
2021-10-23,gasoline,100.39468543237389,8579.957120000001,298.4003783510291,425.8513571469999,-0.0010598376980612248,0.75,319.3885178602499,319.3885178602499,106.46283928674995,9423.236427063777,0.011872334605862666,0.015420650446832568,0.00031083251069537415,0.0008696217903951524,2.0970442330094757e-05,0.01585807200210661,0.0,oil_up_20pct
2021-11-20,gasoline,98.12896230719652,8732.242400000001,-143.39523629534818,-36.93239700859823,-0.01913133825325056,0.0,-0.0,0.0,-36.93239700859823,9423.236427063777,0.07096066885023038,0.016066466791427328,6.0777923869052025e-05,0.00017765523401749972,1.5472683502944022e-05,0.4080361013638687,0.0,oil_up_20pct
2021-12-04,gasoline,89.51310560786793,8769.437600000001,-412.1923192610671,-449.1247162696653,-0.014554248161110773,0.75,-336.84353720224897,-336.84353720224897,-112.28117906741636,9086.392889861529,0.08983321959801518,0.01548707353514632,0.0002008067070486644,0.0006308932850793952,2.0366505277176735e-05,0.45385427421969154,0.004553186009964315,oil_up_20pct
2021-12-18,gasoline,87.83422524975933,8796.55168,-125.68208045493228,-237.96325952234864,0.027050587502314483,0.5,-118.98162976117432,-118.98162976117432,-118.98162976117432,8967.411260100354,0.04975196781432216,0.014207196225031351,0.0005367547328211802,0.001676624906370494,3.355657557529103e-05,0.18985524285545355,0.013171636638524501,oil_up_20pct
2022-01-01,gasoline,89.91144348847295,8782.502400000001,121.34271171782308,2.3610819566487606,0.0389457660608948,0.0,0.0,0.0,2.3610819566487606,8967.411260100354,0.01516120794537801,0.013677312800689541,0.0005039156264626326,0.0015507770230894357,3.997637342032434e-05,0.05662651288250065,0.012134181552559563,oil_up_20pct
2022-01-18,gasoline,98.91374237846141,8782.41504,532.0395318238833,534.400613780532,0.038935609481244235,0.75,400.800460335399,400.800460335399,133.600153445133,9368.211720435753,0.1242840328363771,0.013877837723323832,2.2740935412479394e-06,6.4021972052667716e-06,3.7480870941956725e-05,0.642564036020271,0.0,oil_up_20pct
2022-01-30,gasoline,105.93215741203333,8782.3568,369.6788272419997,503.27898068713273,-0.006708166586417058,0.75,377.4592355153495,377.4592355153495,125.81974517178321,9745.670955951102,0.013192087865657646,0.015177155528758169,0.0005450364083144254,0.001508960414062227,2.3259828793787904e-05,0.0021792511044003773,0.0,oil_up_20pct
2022-02-18,gasoline,114.1153637459545,8984.1472,466.0443372761448,591.864082447928,-0.024763054188504618,0.75,443.898061835946,443.898061835946,147.966020611982,10189.569017787047,0.020880255465050245,0.01634467558956667,0.0012481307495115163,0.003398841973388547,1.336139654550978e-05,0.017656470571433536,0.0,oil_up_20pct
2022-03-04,gasoline,121.36010032441504,9405.46544,371.78220599039895,519.748226602381,-0.023366802290546326,0.75,389.81116995178576,389.81116995178576,129.93705665059525,10579.380187738832,0.015769564427490647,0.017530428281001858,0.0009429717626021697,0.00259717904274498,6.09878447527544e-06,0.01170156749475536,0.0,oil_up_20pct
2022-03-18,gasoline,136.20702495903035,9666.328000000001,843.7956178451458,973.7326744957411,-0.03445698384524409,0.75,730.2995058718059,730.2995058718059,243.43316862393522,11309.679693610638,0.12753204193809475,0.018726827686567877,0.0027771177968976954,0.007276923198854137,1.6209677396901053e-06,0.4637292275903379,0.0,oil_up_20pct
2022-04-01,gasoline,137.8732119442244,10065.384000000002,73.61920029627278,317.052368920208,-0.0636212839580323,0.5,158.526184460104,158.526184460104,158.526184460104,11468.205878070743,0.24434410026236303,0.020199147804686117,0.0013866459786284911,0.003884118619109139,3.965984811129963e-08,1.3076989243126775,0.0,oil_up_20pct
2022-04-16,gasoline,124.14400425932223,10232.75904,-661.2062070482567,-502.6800225881527,-0.060734479649267786,0.75,-377.01001694111454,-377.01001694111454,-125.67000564703818,11091.195861129629,0.20904427367496045,0.019803866174503037,0.00010038454385203741,0.00030269179653833253,3.846847750407336e-08,1.1471960920449857,0.0,oil_up_20pct
2022-04-29,gasoline,126.00964228886878,10344.342400000001,119.23978441267197,-6.430221234366215,-0.012199220815585816,0.0,-0.0,0.0,-6.430221234366215,11091.195861129629,0.09736447888631508,0.018498292580447107,1.8355907909990013e-05,5.383898541346302e-05,2.255125173940211e-06,0.5685462114957578,0.0,oil_up_20pct
2022-05-17,gasoline,130.0385417803623,10270.484,362.1419527606228,355.7117315262566,-0.019909755093297263,0.5,177.8558657631283,177.8558657631283,177.8558657631283,11269.051726892756,0.04704689935649278,0.018230116713278274,0.00028707145798679016,0.0008186186928936488,3.1324868486169e-06,0.12653083594540762,0.0,oil_up_20pct
2022-05-31,gasoline,137.59289901090818,10226.16896,427.54987592938005,605.4057416925084,-0.041981765700530284,0.75,454.0543062693813,454.0543062693813,151.3514354231271,11723.106033162137,0.07101978732419824,0.018586124625517383,0.0016836219749757609,0.004582093892610112,1.9990435745683605e-06,0.3051423141523448,0.0,oil_up_20pct
2022-06-15,gasoline,148.2283944257843,10428.3984,636.9587283037596,788.3101637268867,-0.06415210692009403,0.75,591.2326227951651,591.2326227951651,197.07754093172161,12314.338655957303,0.044835211127036964,0.019630174104349064,0.003269460682329057,0.008676911770686845,1.3677119309401704e-07,0.07527156209939248,0.0,oil_up_20pct
2022-06-29,gasoline,139.56242386771987,10567.462080000001,-377.6229448132006,-180.545403881479,-0.10530710616539074,0.5,-90.2727019407395,-90.2727019407395,-90.2727019407395,12224.065954016563,0.3251028610885953,0.020406212677169216,0.002009101573014842,0.005703251321535858,1.6500873909298177e-07,1.8577980305735626,0.0,oil_up_20pct
2022-07-13,gasoline,133.72496540980853,10681.720000000001,-334.4343057068944,-424.7070076476339,-0.08439116116286155,0.75,-318.5302557357254,-318.5302557357254,-106.17675191190847,11905.535698280837,0.04487089672668461,0.019510531264204975,0.0006207188154210897,0.0018313125018182125,2.3957964332078044e-07,0.20840604345788355,0.0,oil_up_20pct
2022-07-27,gasoline,128.2981823428403,10694.649280000001,-288.36581434313615,-394.5425662550446,-0.05322357438549263,0.5,-197.2712831275223,-197.2712831275223,-197.2712831275223,11708.264415153315,0.04126956265358702,0.01825667108599289,0.0002393854361877184,0.0007061041748829117,3.039195702413216e-06,0.05881495375198779,0.0,oil_up_20pct
2022-08-10,gasoline,121.79057645385211,10518.6928,-403.00945192749754,-600.2807350550198,-0.05309120227879587,0.75,-450.2105512912649,-450.2105512912649,-150.07018376375493,11258.05386386205,0.06182972872551033,0.01712519308660726,1.0544145687949754e-05,3.219390748692253e-05,8.264514789290696e-06,0.2559130935168387,0.0,oil_up_20pct
2022-08-24,gasoline,116.82966761641147,10407.9472,-331.467556827587,-481.5377405913419,-0.021678610347105564,0.75,-361.15330544350644,-361.15330544350644,-120.38443514783546,10896.900558418543,0.01764380510102702,0.015540284547060634,7.394860305169988e-05,0.0002288907132324363,1.9889061921186175e-05,0.03172477215195236,0.001356403417093619,oil_up_20pct
2022-09-07,gasoline,113.65417240354192,10191.742400000001,-146.04190728203181,-266.4263424298673,-0.009189166164417686,0.5,-133.21317121493365,-133.21317121493365,-133.21317121493365,10763.68738720361,0.04983700635121216,0.014358954411840028,1.567615924442373e-05,4.71072339044524e-05,3.1821395327699097e-05,0.2078268191685591,0.00012053021891151608,oil_up_20pct
2022-09-22,gasoline,106.80933164735106,10106.31776,-351.41072772006555,-484.6238989349992,-0.005045414444163522,0.75,-363.4679242012494,-363.4679242012494,-121.15597473374982,10400.21946300236,0.05149421270330104,0.01356486545582621,0.0003189842786251325,0.001007479476296391,4.1410956601618805e-05,0.2120690050911571,0.007647882546843051,oil_up_20pct
2022-10-25,gasoline,108.30249573294356,10023.1376,172.95912293765358,51.80314820390376,0.02237885998867657,0.25,12.95078705097594,0.0,51.80314820390376,10400.21946300236,0.09442438674777967,0.012536320790979778,0.00018636333285680849,0.0005637249994735914,5.570650733516073e-05,0.5284357276926608,0.004006506995142312,oil_up_20pct
2022-11-08,gasoline,111.4286307303817,9981.88576,165.5808433357612,217.38399153966495,0.01809071421366779,0.5,108.69199576983247,108.69199576983247,108.69199576983247,10508.911458772192,0.0177431798264267,0.012508571858652307,3.2914684508785323e-05,9.701539705741583e-05,5.612149559697616e-05,0.04725579977771712,0.00041492625418415656,oil_up_20pct
2022-11-22,gasoline,107.98266495511092,9956.08544,-269.2944892732297,-160.60249350339723,0.004473556187943715,0.5,-80.30124675169861,-80.30124675169861,-80.30124675169861,10428.610212020494,0.030198555044385164,0.012600269664082236,7.15093563866318e-05,0.00021578358225650906,5.4756009044301626e-05,0.14287378287520908,0.0012578322997754926,oil_up_20pct
2022-12-06,gasoline,99.4208260300864,9790.5528,-505.4396121247218,-585.7408588764204,-0.005170723763472608,0.75,-439.30564415731527,-439.30564415731527,-146.4352147191051,9989.304567863179,0.11108445717003351,0.01193903578665894,0.0005001945637654454,0.001608294168629842,6.497914404876526e-05,0.5155366294262799,0.012608489939073512,oil_up_20pct
2022-12-20,gasoline,92.88172684849691,9697.35648,-454.86935314407543,-601.3045678631805,0.029894054274966997,0.75,-450.97842589738536,-450.97842589738536,-150.32614196579516,9538.326141965794,0.03544283413317828,0.010401329279194007,0.0017522458514562054,0.005878713982362483,9.213447960645825e-05,0.0005450153342052551,0.03821285322809621,oil_up_20pct
2023-01-04,gasoline,96.0287862514031,9444.3776,168.30609570507173,17.979953739276567,0.05005243691592831,0.0,0.0,0.0,17.979953739276567,9538.326141965794,0.1485492809615493,0.009233415978741184,0.0008077247738247287,0.002515064252196724,0.00011591933148682567,0.8135261624995339,0.020041971529783865,oil_up_20pct
2023-01-18,gasoline,94.35410520162579,9329.8688,-162.16609224684277,-144.1861385075662,0.037656991064462485,0.5,-72.0930692537831,-72.0930692537831,-72.0930692537831,9466.233072712012,0.015144787809033337,0.00921554730609597,0.0006658802143505668,0.0020788733405243485,0.00011630441990705389,0.020789642537723065,0.016477744457067376,oil_up_20pct
2023-02-04,gasoline,98.25312991627744,9144.660000000002,243.04764974851068,170.95458049472757,0.024834879294363198,0.5,85.47729024736378,85.47729024736378,85.47729024736378,9551.710362959375,0.02373908593944622,0.00914208251500828,0.00010153097903402994,0.00030222284234639304,0.00011789437211088893,0.09931367277328267,0.001918936891623755,oil_up_20pct
2023-03-18,gasoline,92.49284714798104,9074.707040000001,-228.68834328066507,-143.21105303330128,0.007435953485130541,0.5,-71.60552651665064,-71.60552651665064,-71.60552651665064,9480.104836442724,0.021871783623075906,0.009360404415826322,9.819601532416053e-05,0.0002971139023679905,0.00011320099419476803,0.09870004529006772,0.0018792433135899028,oil_up_20pct
2023-04-01,gasoline,89.38756748901515,9032.418080000001,-196.64721936176144,-268.2527458784121,0.010435558620341972,0.5,-134.12637293920605,-134.12637293920605,-134.12637293920605,9345.978463503518,0.01939694146893201,0.00908992587239685,0.00022732282113463204,0.0006995866173013215,0.00011902971746979565,0.01563542494957104,0.005114650254333336,oil_up_20pct
2023-04-18,gasoline,101.60422881157994,9032.98816,738.4724909168492,604.3461179776432,0.025350302916425288,0.75,453.2595884832324,453.2595884832324,151.0865294944108,9799.23805198675,0.254567456898208,0.009180014746119357,0.00011908217302556066,0.00033105235261375387,0.00011707208089419456,1.3800890707046491,0.0,oil_up_20pct
2023-04-29,gasoline,97.40954590498787,9034.603200000001,-241.484419829996,-90.3978903355852,-0.024634027091167368,0.5,-45.1989451677926,0.0,-90.3978903355852,9799.23805198675,0.14726257277343602,0.010469445408986713,0.00011151525478654931,0.00032508202895155196,9.083147081228445e-05,0.8217770182079567,0.0,oil_up_20pct
2023-05-17,gasoline,88.5173673407092,9080.8256,-463.7933314201428,-554.1912217557281,-0.019113120726242053,0.75,-415.64341631679605,-415.64341631679605,-138.54780543893202,9383.594635669953,0.13623003170558584,0.010103964885100078,0.0002424271718037657,0.0007691867488869302,9.793151099533232e-05,0.6910377981099897,0.005685372618388908,oil_up_20pct
2023-05-31,gasoline,89.39476217744105,9108.55904,59.51018196253726,-79.03762347639476,0.02980470846572531,0.25,-19.75940586909869,0.0,-79.03762347639476,9383.594635669953,0.12651532634479842,0.009020279719440808,0.000308987792128172,0.0009418601598192007,0.00012055425743932283,0.6910377981099897,0.0071065651738150245,oil_up_20pct
2023-06-14,gasoline,87.88454280945233,8996.512,-86.24869462954622,-165.28631810594098,0.01697414334911666,0.5,-82.64315905297049,-82.64315905297049,-82.64315905297049,9300.951476616983,0.012631365567032269,0.009002330872459805,0.00024269385995713097,0.000743539526748954,0.00012094872623885072,0.027319566953018307,0.005474880622126608,oil_up_20pct
2023-06-29,gasoline,87.81129869825237,8918.190400000001,-15.977718669763476,-98.62087772273397,0.01708085839735136,0.5,-49.31043886136698,0.0,-98.62087772273397,9300.951476616983,0.013538594394112985,0.008832469458156906,0.00011807227646079588,0.0003552133786352758,0.00012471373840299832,0.027319566953018307,0.002334045788722948,oil_up_20pct
2023-07-13,gasoline,90.13891207618512,8945.109600000002,138.85570462948286,40.23482690674889,0.020219394448003056,0.0,0.0,0.0,40.23482690674889,9300.951476616983,0.0027967061691002828,0.008896364580765355,0.00015661445500381757,0.00047268616234657216,0.00012329071952328215,0.0,0.0032705912947514947,oil_up_20pct
2023-07-27,gasoline,95.1885863447725,8992.58976,240.024267297921,280.2590942046699,0.025709353495851912,0.5,140.12954710233495,140.12954710233495,140.12954710233495,9441.081023719318,0.029553554605114253,0.009081751263085077,5.305958255880694e-05,0.0001561443226352651,0.00011920815548114432,0.07854515988442205,0.00082037993979245,oil_up_20pct
2023-08-10,gasoline,101.30333643545114,9153.2168,387.6819998414999,527.8115469438349,0.0285504855823673,0.75,395.85866020787614,395.85866020787614,131.9528867359587,9836.939683927194,0.05873944452592713,0.0098662348590895,3.21379999609489e-05,9.035737648218464e-05,0.0001026931959311328,0.2615895171589867,0.0,oil_up_20pct
2023-08-24,gasoline,101.03712116505277,9230.600960000002,72.95561031775783,204.90849705371653,-0.005687892538601412,0.5,102.45424852685827,102.45424852685827,102.45424852685827,9939.393932454052,0.06737283353746742,0.011040541864586658,4.4177905270091705e-05,0.0001279497637616971,8.027189008022432e-05,0.3443445951755369,0.0,oil_up_20pct
2023-09-21,gasoline,110.59244857216818,9490.7512,576.8622033253673,679.3164518522256,0.012728427602859244,0.75,509.48733888916917,509.48733888916917,169.8291129630564,10448.88127134322,0.13663190030795425,0.011688871766309084,0.00036519300333190147,0.0010046937747396816,6.90748525168543e-05,0.6627037465995725,0.0,oil_up_20pct
2023-10-11,gasoline,108.5278672791812,9721.128480000001,-150.26408514314713,19.56502781990926,-0.014862994850904242,0.0,0.0,0.0,19.56502781990926,10448.88127134322,0.17806712588780196,0.012928434018474945,3.178378280114569e-05,9.310072557599447e-05,5.0007045431062426e-05,1.0383093939534684,0.0,oil_up_20pct
2023-10-25,gasoline,107.4400187553207,9867.69728,-96.73552529836037,-77.17049747845111,0.0011023691899050504,0.25,-19.292624369612778,0.0,-77.17049747845111,10448.88127134322,0.004781184918945341,0.012795429970951604,6.476400343923472e-06,1.9169970195888044e-05,5.190582930346241e-05,0.0,9.721742646815336e-06,oil_up_20pct
2023-11-08,gasoline,103.32025175328235,9850.7864,-273.12662115293244,-350.29711863138357,-0.0007154441338021559,0.5,-175.14855931569178,-175.14855931569178,-175.14855931569178,10273.732712027528,0.04661162692671017,0.012530232203557012,0.00011591225702358358,0.00035465418201464753,5.579743093277674e-05,0.12270807132144962,0.0023296362484105503,oil_up_20pct
2023-11-22,gasoline,96.45053408095673,9815.38208,-446.5080181399753,-621.656577455667,0.0133028232327837,0.75,-466.2424330917503,-466.2424330917503,-155.41414436391676,9807.490278935777,0.0903067973108237,0.011611804236537064,0.0011205381023133719,0.0036972079912883106,7.036182816617755e-05,0.3389425733998075,0.028822625901008085,oil_up_20pct
2023-12-06,gasoline,94.11106618269066,9630.0344,-212.74870792663478,-368.16285229055154,0.04157266406693471,0.5,-184.08142614527577,-184.08142614527577,-184.08142614527577,9623.4088527905,0.0945917235343031,0.010224478926937317,0.0011475216927143638,0.0036830918907978685,9.556081224989259e-05,0.31845933536419374,0.028816567457799525,oil_up_20pct
2023-12-20,gasoline,88.82726552316132,9532.98752,-307.4963406613281,-491.57776680660385,0.05051490074850118,0.75,-368.68332510495287,-368.68332510495287,-122.89444170165098,9254.725527685549,0.06182086175868648,0.009423942933478476,0.0024011461872695435,0.008112067600779085,0.00011185298307431986,0.13631144439807533,0.05862069603686098,oil_up_20pct
2024-01-04,gasoline,92.46786648945749,9350.017600000001,188.87929728928452,65.98485558763355,0.07019164630390144,0.5,32.99242779381677,0.0,65.98485558763355,9254.725527685549,0.11123466919904156,0.008478089353525252,0.0015530460013364054,0.004941609927483878,0.00013275442494534815,0.5437095768417776,0.032435437903434,oil_up_20pct
2024-01-18,gasoline,91.4764349357442,9279.054399999999,-54.59306798468307,11.39178760295048,0.06262191288742215,0.0,0.0,0.0,11.39178760295048,9254.725527685549,0.013202075593154646,0.008559020060178836,0.0012428580779660205,0.0039223672640953154,0.0001308960219833903,0.0,0.02904060495162312,oil_up_20pct
2024-02-01,gasoline,96.04506663296787,9255.601600000002,285.8155178070375,297.207305409988,0.060094653200549825,0.75,222.905479057491,222.905479057491,74.30182635249702,9477.631006743039,0.0431314313218114,0.008835193770245796,0.0004464873045437508,0.0013376079056916788,0.0001246528981479583,0.19874741037539823,0.01037453742156778,oil_up_20pct
2024-03-05,gasoline,99.20009386369499,9321.6144,177.677696279305,251.979522631802,0.04326291991406142,0.5,125.989761315901,125.989761315901,125.989761315901,9603.62076805894,0.022339202999058456,0.009625802012628094,0.0003120064508742877,0.0009385284626891755,0.00010762398388119132,0.03757062538147016,0.0070790941491108185,oil_up_20pct
2024-04-02,gasoline,101.8181287869023,9448.03552,155.21072699575168,281.2004883116527,0.04353252930415104,0.5,140.60024415582635,140.60024415582635,140.60024415582635,9744.221012214766,0.01893801492205603,0.010113104990795678,0.0002920705154603533,0.0008763959025778284,9.775069292302934e-05,0.0008538648352630112,0.0065670856324075875,oil_up_20pct
2024-04-17,gasoline,107.63380219817834,9520.23072,384.03635760519717,524.6366017610235,0.036472178164316,0.75,393.4774513207676,393.4774513207676,131.15915044025587,10137.698463535533,0.05756647847101655,0.010824297932493798,2.914266976475315e-07,8.246083015518893e-07,8.419350843163761e-05,0.2557875276141625,0.0,oil_up_20pct
2024-04-30,gasoline,104.73333965358964,9554.5744,-140.74953306894642,-9.590382628690548,-0.0010308778939994798,0.0,-0.0,0.0,-9.590382628690548,10137.698463535533,0.10610175054718998,0.011826767590810364,2.0817198617668167e-06,6.148615340913698e-06,6.680172801462782e-05,0.6192980187915482,0.0,oil_up_20pct
2024-05-16,gasoline,98.41251132254568,9582.8544,-389.0326766431203,-398.6230592718108,0.002100334579273898,0.5,-199.3115296359054,-199.3115296359054,-199.3115296359054,9938.386933899628,0.06088654344361964,0.011584174875968021,0.0001901131277012766,0.0005869152632355648,7.082611251828788e-05,0.1589003433832176,0.0041949498224454805,oil_up_20pct
2024-06-14,gasoline,93.72884741474027,9519.1656,-286.1211619586329,-485.4326915945383,0.01596028564734411,0.75,-364.07451869590375,-364.07451869590375,-121.35817289863456,9574.312415203725,0.04094376994799045,0.01070932761834398,0.0009062038987504154,0.002941991471813055,8.631659330326596e-05,0.10858737025594054,0.023506982247332515,oil_up_20pct
2024-06-28,gasoline,100.85487339784112,9482.08352,419.96799646788503,298.60982356925047,0.05027335131469879,0.5,149.30491178462523,149.30491178462523,149.30491178462523,9723.617326988351,0.2026124993871052,0.009873592819226536,0.0004098623105123845,0.0012362317284013054,0.00010254412239082038,1.0542337585620494,0.009537102472657948,oil_up_20pct
2024-07-12,gasoline,103.44727894788852,9437.3552,153.25341268684815,302.5583244714734,0.029667123794561528,0.5,151.2791622357367,151.2791622357367,151.2791622357367,9874.896489224087,0.019004773376742008,0.010415507601109025,8.341145243513582e-05,0.00024622495790490174,9.186249454439889e-05,1.5590659374855194e-05,0.0014878071180131718,oil_up_20pct
2024-07-26,gasoline,100.50475548776491,9429.87584,-169.84194663937635,-18.562784403639654,0.012807369176974713,0.0,-0.0,0.0,-18.562784403639654,9874.896489224087,0.016559155957596904,0.010801810223944231,7.445907631229212e-05,0.00022302869928003417,8.460669515633688e-05,0.09154153970698538,0.0013122296418825756,oil_up_20pct
2024-08-09,gasoline,94.36162633397163,9387.8008,-416.42559544801475,-434.9883798516544,0.008113972633070076,0.75,-326.2412848887408,-326.2412848887408,-108.7470949629136,9548.655204335346,0.08896189482100339,0.010497891076535176,0.0005827391609799083,0.001862287974056791,9.029007399338984e-05,0.42573350386342607,0.014699672170363946,oil_up_20pct
2024-09-06,gasoline,92.59343821646262,9237.48112,-176.44571663793198,-285.1928116008456,0.026313968029485345,0.5,-142.5964058004228,-142.5964058004228,-142.5964058004228,9406.058798534923,0.04564941017709147,0.009512025011117935,0.0005650650608577811,0.0017705375708487864,0.00010999761936741576,0.13490176646145174,0.013944959335989786,oil_up_20pct
2024-09-21,gasoline,86.94576117829553,9145.80576,-357.5123722321463,-500.10877803256903,0.03154400111216414,0.75,-375.0815835244268,-375.0815835244268,-125.02719450814226,9030.977215010496,0.06503686442786884,0.008831046558499582,0.001591378384225436,0.005287465906038159,0.00012474552097840405,0.21619743144544687,0.03431726470659565,oil_up_20pct
2024-10-11,gasoline,90.4589533147344,8993.7288,117.81839392280308,-7.208800585339176,0.055858401355120345,0.0,-0.0,0.0,-7.208800585339176,9030.977215010496,0.10761741166720866,0.00787359507764673,0.000996480986305049,0.003122069650467909,0.00014704969634087362,0.5627447771967662,0.024961288015597684,oil_up_20pct
2024-10-24,gasoline,89.57478490767404,8933.218560000001,-74.19968888297166,-81.40848946831083,0.0490567263798711,0.5,-40.70424473415542,0.0,-81.40848946831083,9030.977215010496,0.013981866235890443,0.00798358473232516,0.0007774376407586922,0.0024181988482211625,0.000144394235885209,0.0,0.01925249922487633,oil_up_20pct
2024-11-07,gasoline,87.24904339082919,8901.7152,-163.1827663327119,-244.59125580102273,0.04547897656729171,0.5,-122.29562790051136,-122.29562790051136,-122.29562790051136,8908.681587109984,0.03483508456282387,0.007976326930624915,0.0011001449938392155,0.003506774208031633,0.0001445687140792157,0.05982488241432134,0.028053613835542543,oil_up_20pct
2025-01-03,gasoline,87.49500801534829,8950.338880000001,69.16890514619065,-53.12672275432071,0.06465426990514324,0.0,-0.0,0.0,-53.12672275432071,8908.681587109984,0.02585173646203767,0.007734513201679828,0.001322537178519462,0.004182989299824157,0.00015044216639976645,0.05982488241432134,0.029558177992247314,oil_up_20pct
2025-01-17,gasoline,94.37790367322121,8979.86656,442.69077952787626,389.56405677355554,0.06792717491004854,0.75,292.1730425801667,292.1730425801667,97.39101419338886,9200.854629690151,0.07057768683606498,0.008122341319561762,0.00043612018978207283,0.001294689125453077,0.00014107877572898983,0.3414603472422076,0.010020023289232443,oil_up_20pct
2025-02-20,gasoline,89.31720324824606,9065.1344,-304.9348117926471,-207.54379759925826,0.045028326806699145,0.5,-103.77189879962913,-103.77189879962913,-103.77189879962913,9097.082730890523,0.12744775161523283,0.008967186684298677,0.001006299041912839,0.0031909018891968176,0.00012172296965911643,0.6270895864169997,0.025516029776344352,oil_up_20pct
2025-03-06,gasoline,86.97644354466746,9051.499520000001,-176.89304495281428,-280.6649437524434,0.054964015543523925,0.5,-140.3324718762217,-140.3324718762217,-140.3324718762217,8956.750259014301,0.03143442249805597,0.008608174553124109,0.0015409163338409148,0.004981329049330451,0.0001297736870120891,0.005346702014755461,0.03263511720973766,oil_up_20pct
2025-03-20,gasoline,84.04355545010789,9046.03616,-209.81520118261247,-350.14767305883413,0.06987016848114158,0.25,-87.53691826470853,-87.53691826470853,-262.61075479412557,8869.213340749593,0.07614835511462638,0.008206918614188123,0.0019683582204945505,0.006389875531731595,0.0001390767685723826,0.011149481924584639,0.042172974817250616,oil_up_20pct
2025-04-03,gasoline,87.7502702252696,8921.4328,202.35555563906837,-60.2551991550572,0.06585325927135914,0.0,-0.0,0.0,-60.2551991550572,8869.213340749593,0.021710051443767323,0.008050547948037824,0.0013707787975049612,0.004341191861933969,0.0001427894043421431,0.030650848237129054,0.029999122543421318,oil_up_20pct
2025-04-18,gasoline,78.28087255684085,8859.7264,-470.1761129885745,-530.4313121436317,0.058929206126546584,0.75,-397.82348410772374,-397.82348410772374,-132.60782803590791,8471.389856641868,0.1654896590145476,0.007781186267629535,0.0032397227264413853,0.011202306309823171,0.00014929940902636506,0.6330540980304332,0.09604251437387754,oil_up_20pct
2025-05-20,gasoline,76.49107768691933,8714.714399999999,-316.1766511559832,-448.78447919189114,0.08792111504630969,0.5,-224.39223959594557,-224.39223959594557,-224.39223959594557,8246.997617045923,0.11884594062754379,0.006527700895098515,0.003970646129311941,0.013622060431193822,0.00018150284317192936,0.12031358629161677,0.12961557564753828,oil_up_20pct
2025-06-04,gasoline,77.41759681198239,8614.94816,-54.437735135241034,-278.8299747311866,0.10271070888882486,0.25,-69.70749368279665,-69.70749368279665,-209.12248104838994,8177.290123363126,0.1046990314938577,0.0059540263864587585,0.0038385294181693336,0.012887053311787272,0.0001972893747522968,0.09570948247286175,0.11913010664223056,oil_up_20pct
2025-06-18,gasoline,83.99806945061651,8550.93344,276.9035833870632,67.78110233867324,0.10369620220513309,0.5,33.89055116933662,0.0,67.78110233867324,8177.290123363126,0.04990154119808665,0.005939787666742106,0.0033828918501084874,0.011170968863367743,0.0001976895708562974,0.019436538702148537,0.09562753305031572,oil_up_20pct
2025-07-02,gasoline,85.59874386010104,8599.4328,-11.747392896116162,56.033709442557075,0.10908959537853176,0.5,28.016854721278538,0.0,56.033709442557075,8177.290123363126,0.05318693831071587,0.006142738348986717,0.0037502246707561354,0.012459869635057973,0.00019202370046464342,0.0,0.11314259310497872,oil_up_20pct
2025-07-16,gasoline,84.33839510817236,8637.5184,-178.20274002310504,-122.16903058054797,0.11328246555594894,0.25,-30.542257645136992,0.0,-122.16903058054797,8177.290123363126,0.06928086027325803,0.006335932887025691,0.004050315553384788,0.013521333847675853,0.00018670673006786608,0.0,0.1281657397502307,oil_up_20pct
2025-08-27,gasoline,79.6827828807557,8656.2392,-260.69815480867413,-382.8671853892221,0.11532992626138083,0.25,-95.71679634730552,-95.71679634730552,-287.1503890419166,8081.573327015821,0.15390705622537898,0.006423064690417846,0.00501262061116908,0.01718935168849099,0.00018433317240057863,0.03664682041196624,0.18305539439083082,oil_up_20pct
2025-10-14,gasoline,77.75429432520194,8616.02784,-203.2204030252539,-490.37079206717044,0.12203026764873823,0.5,-245.18539603358522,-245.18539603358522,-245.18539603358522,7836.387930982235,0.2036476626629012,0.00605212830137533,0.007074340728864724,0.025436965410716383,0.00019454312492129505,0.08936344916870934,0.31537742855524886,oil_up_20pct
2025-10-28,gasoline,74.22977698941443,8591.63424,-287.1891866931642,-532.3745827267494,0.14790484882393753,0.5,-266.1872913633747,-266.1872913633747,-266.1872913633747,7570.200639618861,0.28935267050664937,0.0051917282876155465,0.01017067437648001,0.03799700595875944,0.00021928491110780564,0.0017643184297737322,0.5234941380173355,oil_up_20pct
2025-11-11,gasoline,75.91757108164173,8491.28,35.17538453137477,-231.01190683199994,0.16847355880163417,0.25,-57.752976707999984,-57.752976707999984,-173.25893012399996,7512.447662910861,0.2730680460719994,0.004497492017822244,0.01000167797211206,0.036212084124480785,0.00024032775373748506,0.17377945410342302,0.49389143022015436,oil_up_20pct
2025-11-25,gasoline,74.67955675974142,8439.75776,-132.28061416007054,-305.53954428407053,0.1698740181245604,0.25,-76.38488607101763,-76.38488607101763,-229.1546582130529,7436.0627768398435,0.2747888665098175,0.004490299472394365,0.010425948501333472,0.03801590140543052,0.00024055081045601054,0.001388592186046819,0.5238072821534224,oil_up_20pct
2025-12-09,gasoline,74.68580524746505,8380.3104,-74.38478963900967,-303.53944785206255,0.17267454045140834,0.25,-75.88486196301564,-75.88486196301564,-227.65458588904693,7360.177914876828,0.2844600563404882,0.004418115591709223,0.010779274162028727,0.0394425982120669,0.0002427951217133352,1.0000964343327617e-06,0.5474340062768845,oil_up_20pct
2025-12-23,gasoline,72.03017585846503,8365.250880000001,-232.20985106176988,-459.8644369508168,0.18014857408833312,0.5,-229.9322184754084,-229.9322184754084,-229.9322184754084,7130.24569640142,0.4095978094515135,0.00417453630330091,0.014079016022505506,0.05438529011397902,0.0002504453012155409,0.09492235219382494,0.7916649552903121,oil_up_20pct
2026-01-21,gasoline,75.93128095789527,8260.308,141.04366444380713,-88.88855403160127,0.1968063156481068,0.25,-22.22213850790032,0.0,-88.88855403160127,7130.24569640142,0.34592087175842595,0.003662150518730038,0.01293383305346413,0.04773724660564462,0.00026692532567263317,0.21147530037209175,0.6838588800423292,oil_up_20pct
2026-02-04,gasoline,79.45881989284517,8228.078880000001,223.3215087802796,134.43295474867833,0.19342521378436045,0.75,100.82471606150875,100.82471606150875,33.608238687169575,7231.070412462928,0.24879905224977794,0.004091500075302219,0.010971715786012541,0.03915586385625568,0.0002530803698541094,0.040662493475535445,0.5426884360180935,oil_up_20pct
2026-02-25,gasoline,82.5400900121046,8204.94528,169.62235579336243,203.230594480532,0.17869364563721638,0.75,152.422945860399,152.422945860399,50.807648620132994,7383.493358323327,0.17264273832293153,0.004919774144409376,0.008490306063423396,0.02932833848912634,0.000227413211855624,0.010649509273516348,0.37961727122829364,oil_up_20pct
2026-03-10,gasoline,94.0843935389358,8498.8232,723.7306990159138,774.5383476360469,0.19123344437576648,1.0,774.5383476360469,774.5383476360469,0.0,8158.0317059593735,0.3032605159374631,0.0065789790303356875,0.0034797890757984344,0.010357894119757727,0.0001801238038681692,1.548110292505903,0.08507661250975217,oil_up_20pct
2026-03-24,gasoline,120.64590479454496,8669.21888,1895.073144345327,1895.073144345327,0.11896577086315611,1.0,1895.073144345327,1895.073144345327,0.0,10053.1048503047,0.8604246676254623,0.011358746599158786,0.0026407013465686853,0.006030697956706071,7.467126033754985e-05,5.02239292254523,0.0,oil_up_20pct
2026-04-08,gasoline,139.45636685805616,8782.816,982.7644499631408,982.7644499631408,-0.08463343537023883,0.75,737.0733374723557,737.0733374723557,245.69111249078514,10790.178187777055,0.9681368800833052,0.017857481031054348,0.00624264574150557,0.015885087276207747,4.590387532291941e-06,5.363854210871356,0.0,oil_up_20pct
2026-04-22,gasoline,128.05533213981596,8782.816,-786.9998657661184,-541.3087532753333,-0.16855564636411083,0.75,-405.98156495649994,-405.98156495649994,-135.32718831883335,10384.196622820555,0.9101692466930132,0.019054451584990962,0.003066158447128301,0.008876134896474827,8.940618051261049e-07,5.226298039866563,0.0,oil_up_20pct
2026-05-09,gasoline,137.3381479544708,8782.816,462.9084480303982,327.5812597115648,-0.12233111371347798,0.5,163.7906298557824,163.7906298557824,163.7906298557824,10547.987252676337,0.24490781392655042,0.01779362393424633,0.004235744109136387,0.01152332202643848,4.8680953435306405e-06,1.2985614159248218,0.0,oil_up_20pct
2016-04-27,gasoline,33.91747173862,5385.018599999999,137.2663655078805,137.2663655078805,-0.07834332902768447,0.5,68.63318275394025,68.63318275394025,68.63318275394025,6198.633182753941,0.007496658751859401,0.022475408608600842,0.0018173926196521344,0.005077573546800944,6.127647779535156e-06,0.018842055099743044,0.0,oil_down_20pct
2016-05-12,gasoline,35.62827189362539,5385.018599999999,134.4856532040511,203.11883595799134,-0.09108853714153216,0.5,101.55941797899567,101.55941797899567,101.55941797899567,6300.192600732937,0.009717552094914107,0.022305713158938652,0.002637584572842299,0.007269484765748941,5.316313171302855e-06,0.004336547864382722,0.0,oil_down_20pct
2016-05-26,gasoline,38.29929852290022,5385.018599999999,224.6324664533525,326.19188443234816,-0.10994815964664216,0.5,163.09594221617408,163.09594221617408,163.09594221617408,6463.288542949111,0.0250210886952997,0.022355630571358153,0.004235466265903549,0.01141263287800318,5.5489953887171366e-06,0.015146975260771384,0.0,oil_down_20pct
2016-06-09,gasoline,39.438144827408394,5486.4135,79.60060457867752,242.6965467948516,-0.11805348484016205,0.5,121.3482733974258,121.3482733974258,121.3482733974258,6584.636816346537,0.01411713814506603,0.022587765542522373,0.004202505238117417,0.011403187530667783,6.696530503066112e-06,0.006971471407199549,0.0,oil_down_20pct
2016-07-22,gasoline,36.25901529278358,5605.397999999999,-111.65738138918164,9.690892008244163,-0.11469568019015558,0.0,0.0,0.0,9.690892008244163,6584.636816346537,0.010936572673792251,0.022471333393257988,0.0028155451387242773,0.00787047388941532,6.1074887406320405e-06,0.05890161382614559,0.0,oil_down_20pct
2016-08-05,gasoline,33.45723445281691,5651.973,-188.2478232965345,-178.55693128829034,-0.10501561779338595,0.5,-89.27846564414517,-89.27846564414517,-89.27846564414517,6495.358350702391,0.012311030581350888,0.02176748878362043,0.0017018487737305878,0.0048782282297715595,3.1240166002240272e-06,0.03188257771109124,0.0,oil_down_20pct
2016-08-19,gasoline,35.96425173503329,5663.6082,89.8639884882565,0.585522844111324,-0.08685870232026145,0.0,0.0,0.0,0.585522844111324,6495.358350702391,0.005912837631571099,0.020862282659870144,0.0016361167968136393,0.004631211391947855,7.435313855127297e-07,0.03188257771109124,0.0,oil_down_20pct
2016-09-02,gasoline,38.074114106522686,5620.599000000001,104.1238673332141,104.70939017732542,-0.0956345419238038,0.5,52.35469508866271,52.35469508866271,52.35469508866271,6547.713045791054,0.004728257731922271,0.02041452729096127,0.0023904131823899418,0.006657510174414321,1.7183287495168966e-07,0.010964056391307373,0.0,oil_down_20pct
2016-09-19,gasoline,36.90930613771797,5601.5154,-83.00376951359374,-30.64907442493103,-0.10891815486056755,0.0,-0.0,0.0,-30.64907442493103,6547.713045791054,0.003332718510934148,0.020128115862246145,0.002548250773077026,0.007141620880898912,1.6413674159072972e-08,0.010964056391307373,0.0,oil_down_20pct
2016-10-20,gasoline,40.181326596945716,5617.8495,194.9742639721826,164.32518954725157,-0.10551948317430956,0.5,82.16259477362578,82.16259477362578,82.16259477362578,6629.87564056468,0.010876543121894185,0.0197527583384058,0.003116594499594883,0.008583341223698103,6.112843922786178e-08,0.027002767919740153,0.0,oil_down_20pct
2016-11-17,gasoline,35.08271841168878,5711.0094,-247.21082890381945,-165.04823413019366,-0.10089384138724748,0.5,-82.52411706509683,-82.52411706509683,-82.52411706509683,6547.351523499583,0.024467164815102894,0.019510204475788124,0.0016004996766138069,0.004588364938984345,2.398996555379869e-07,0.10848685222500183,0.0,oil_down_20pct
2016-12-01,gasoline,37.024863357760154,5758.1316,169.46104184152534,86.93692477642851,-0.07706180725351654,0.5,43.468462388214256,0.0,86.93692477642851,6547.351523499583,0.011068994008642972,0.018741974462017013,0.0012890063023166692,0.0036651317457104537,1.582628254217385e-06,0.02724091958949522,0.0,oil_down_20pct
2016-12-15,gasoline,41.69705030166318,5782.4604,323.6871042001401,410.6240289765686,-0.07227779709474234,0.5,205.3120144882843,205.3120144882843,205.3120144882843,6752.663537987867,0.06328701696449753,0.018588764932788018,0.002575420431925063,0.007001857648655475,1.9915844149288094e-06,0.16861209317294984,0.0,oil_down_20pct
2016-12-29,gasoline,42.460602791479054,5778.486,96.34725018080846,301.65926466909275,-0.10858698593158604,0.5,150.82963233454637,150.82963233454637,150.82963233454637,6903.493170322414,0.02129458149520252,0.019171548227408207,0.0039112931283065075,0.01060117691311789,6.863323395104847e-07,0.011873319860583759,0.0,oil_down_20pct
2017-01-13,gasoline,43.19481153797119,5932.998,55.32072742567438,206.15035976022074,-0.1035758465319581,0.5,103.07517988011037,103.07517988011037,103.07517988011037,7006.568350202524,0.01092651326610812,0.019434004290681352,0.0031640887151135914,0.008690605640554823,3.2035114296712024e-07,0.009121950916891957,0.0,oil_down_20pct
2017-01-26,gasoline,42.87575296833954,6025.705199999999,3.953485563514383,107.02866544362475,-0.10277981043654844,0.5,53.51433272181237,53.51433272181237,53.51433272181237,7060.082682924336,0.004714200130197585,0.019433859920875398,0.002694138673736126,0.0074840969745654205,3.2051458919121104e-07,0.009825110284192699,0.0,oil_down_20pct
2017-02-15,gasoline,43.46079961258917,6105.834000000001,-25.584585663744264,27.92974705806811,-0.09628474061435914,0.0,0.0,0.0,27.92974705806811,7060.082682924336,0.003140808500874788,0.01918376634801518,0.0020043199560328333,0.005649193964076232,6.66237374632476e-07,0.011455135226643353,0.0,oil_down_20pct
2017-03-15,gasoline,41.64426244221681,6121.3014,-69.1429090144827,-41.21316195641459,-0.09336302226914284,0.0,-0.0,0.0,-41.21316195641459,7060.082682924336,0.0018825823017337845,0.018750059077490954,0.0018866789047929367,0.005324664073344631,1.5623523097627656e-06,0.0,0.0,oil_down_20pct
2017-03-29,gasoline,39.50457080959421,6131.3148,-107.63181542932233,-148.8449773857369,-0.09147939931649501,0.5,-74.42248869286846,-74.42248869286846,-74.42248869286846,6985.660194231467,0.008602681162074325,0.01825004794593175,0.0013520541381017005,0.0038812748831370024,3.0623321915376837e-06,0.02215482729296053,0.0,oil_down_20pct
2017-04-13,gasoline,42.27276704716572,6094.8405,144.7025729598325,70.28008426696405,-0.08615964014668907,0.25,17.570021066741013,0.0,70.28008426696405,6985.660194231467,0.008192678860646053,0.017591216708683646,0.001610130589165009,0.004559110970026364,5.802236944524848e-06,0.02215482729296053,0.0,oil_down_20pct
2017-05-12,gasoline,38.4331395140361,6060.2139,-234.68472751115115,-164.4046432441871,-0.09270851978202736,0.5,-82.20232162209355,-82.20232162209355,-82.20232162209355,6903.457872609374,0.010410851180367258,0.017136776706312834,0.001343683353660059,0.0038623811129071947,8.198047629512786e-06,0.027028886720248436,0.0,oil_down_20pct
2017-05-26,gasoline,40.83112695190954,6037.9074,96.0481801634328,13.845858541339254,-0.08335272392706346,0.0,0.0,0.0,13.845858541339254,6903.457872609374,0.005202128077170044,0.01650005911580548,0.0015076578231408583,0.004274448265103588,1.2249586192856316e-05,0.027028886720248436,0.0,oil_down_20pct
2017-06-10,gasoline,38.75349358021064,5986.4535,-168.79784769505986,-154.9519891537206,-0.0931799040298859,0.5,-77.4759945768603,-77.4759945768603,-77.4759945768603,6825.981878032514,0.009302257020768163,0.01610257459928514,0.0013817985233599978,0.003967756098619715,1.5189924754137388e-05,0.02401011894269475,0.0,oil_down_20pct
2017-06-24,gasoline,36.02606790641309,5958.3816,-162.08879242351657,-239.56478700037687,-0.08561005593071018,0.5,-119.78239350018843,-119.78239350018843,-119.78239350018843,6706.199484532325,0.01296544502269056,0.015384437594252247,0.0009119102432416152,0.002653427269277746,2.1303416321351988e-05,0.0071593255594391185,0.0,oil_down_20pct
2017-07-22,gasoline,37.59346350214343,5882.3414999999995,51.999278771206015,-67.78311472898241,-0.08005612977966779,0.25,-16.945778682245603,0.0,-67.78311472898241,6706.199484532325,0.013893208537633976,0.0146838880412824,0.0013911640757617953,0.003950148326397643,2.826104635762028e-05,0.05739128717053594,0.0,oil_down_20pct
2017-08-05,gasoline,40.12128001811596,5865.527700000001,139.49470656542093,71.71159183643852,-0.08332415215298099,0.25,17.92789795910963,0.0,71.71159183643852,6706.199484532325,0.004539464955706894,0.014466496681514233,0.0015066302031621049,0.004271590773079755,3.0619658975693e-05,0.0,0.0,oil_down_20pct
2017-09-16,gasoline,41.908736954759206,5908.428900000001,28.277286639645467,99.98887847608398,-0.07502245656748514,0.5,49.99443923804199,0.0,99.98887847608398,6706.199484532325,0.008345511182604326,0.014259555651015724,0.0012214434942709438,0.003476300834030972,3.295270132378551e-05,0.0,0.0,oil_down_20pct
2017-09-30,gasoline,44.150212036489876,5948.631,136.9211926843616,236.9100711604456,-0.06735173597628166,0.5,118.4550355802228,118.4550355802228,118.4550355802228,6824.654520112548,0.021302799511448256,0.014208599991961982,0.001680462346217178,0.004673307282028335,3.354031405310276e-05,0.0561263818172474,0.0,oil_down_20pct
2017-11-03,gasoline,45.60667779988694,6086.5065,71.30388744066161,189.75892302088442,-0.06127614093775257,0.5,94.87946151044221,94.87946151044221,94.87946151044221,6919.533981622991,0.007947949391836462,0.014581438657926939,0.0013002309943834672,0.0036466865380769976,2.9360807017808618e-05,0.002223230770878843,0.0,oil_down_20pct
2017-11-17,gasoline,48.35055318230111,6155.964,143.5937292931663,238.4731908036085,-0.06403743453064219,0.5,119.23659540180425,119.23659540180425,119.23659540180425,7038.770577024795,0.01220884731874377,0.01486754406784183,0.0015356138053952864,0.004279850219874282,2.6342103895545602e-05,0.002373079885606949,0.0,oil_down_20pct
2017-12-29,gasoline,49.77269866213112,6288.975,25.485252824643872,144.72184822644812,-0.059223812628416195,0.5,72.36092411322406,72.36092411322406,72.36092411322406,7111.131501138019,0.006002391691624757,0.015167703596974752,0.0010957808168210656,0.003093075660653125,2.3351088526690753e-05,0.008789314235020086,0.0,oil_down_20pct
2018-01-13,gasoline,52.890751417440576,6394.3596,125.02911321192762,197.3900373251517,-0.05209439974849383,0.5,98.69501866257585,98.69501866257585,98.69501866257585,7209.826519800595,0.008549506221926009,0.01530512671241699,0.0010011509854453906,0.0028201335308849474,2.20418351864605e-05,0.0027739381429367983,0.0,oil_down_20pct
2018-01-27,gasoline,54.202581773468026,6461.0586,12.329836247762698,111.02485491033855,-0.05588935593318932,0.5,55.512427455169274,55.512427455169274,55.512427455169274,7265.338947255764,0.003998466484528552,0.015477030298183552,0.0009057105091598087,0.002570592244776129,2.0457254923549576e-05,0.007458944733543952,0.0,oil_down_20pct
2018-02-10,gasoline,52.5424052630478,6515.532,-120.43577872845195,-64.92335127328268,-0.05507992705058675,0.25,-16.23083781832067,0.0,-64.92335127328268,7265.338947255764,0.005668498621776052,0.015418730776759652,0.0006497369848912258,0.0018665250390813887,2.0988027695809228e-05,0.012326518407861725,0.0,oil_down_20pct
2018-03-01,gasoline,51.45983146479522,6475.455899999999,-39.145646533430664,-104.06899780671334,-0.06198107121010043,0.5,-52.03449890335667,-52.03449890335667,-52.03449890335667,7213.304448352407,0.004198801872020685,0.015106800675547843,0.0006177649555631151,0.0017884398357750216,2.3943399628819045e-05,0.010830356304493707,0.0,oil_down_20pct
2018-03-29,gasoline,52.65032799112526,6452.7354000000005,49.55041240516824,-2.4840864981884323,-0.05786769504796461,0.0,-0.0,0.0,-2.4840864981884323,7213.304448352407,0.0020662525287219254,0.014685628441257512,0.0007196934455140908,0.0020647712661453913,2.824254506437106e-05,0.010830356304493707,0.0,oil_down_20pct
2018-04-13,gasoline,53.709193843559035,6448.576499999999,69.09618720211513,66.6121007039267,-0.058588644850907444,0.25,16.653025175981675,0.0,66.6121007039267,7213.304448352407,0.0037627454034459386,0.01446815341784779,0.0007383237658328441,0.0021175011411107736,3.060132660846909e-05,0.0,0.0,oil_down_20pct
2018-04-27,gasoline,57.16600322746645,6460.469999999999,206.94658516117835,273.5586858651051,-0.05652936215978215,0.5,136.77934293255254,136.77934293255254,136.77934293255254,7350.08379128496,0.02815200252920589,0.014417906478210932,0.00133537291052581,0.003725211430003301,3.1159768085999484e-05,0.07483435461224323,0.0,oil_down_20pct
2018-05-12,gasoline,58.490713024264984,6543.8054999999995,99.0769281126773,235.85627104522985,-0.06321244744895921,0.5,117.92813552261492,117.92813552261492,117.92813552261492,7468.011926807575,0.011776088475658284,0.014831655363785782,0.0014552787049818112,0.004064744602422456,2.6711786278684284e-05,0.001421472083249947,0.0,oil_down_20pct
2018-05-26,gasoline,60.60805819191657,6589.0494,138.74648299850304,256.67461852111796,-0.07339747108400413,0.5,128.33730926055898,128.33730926055898,128.33730926055898,7596.349236068134,0.013777758011906761,0.015160210516027362,0.0018994173868983717,0.005271217368234424,2.342356224917214e-05,0.00043340359162681715,0.0,oil_down_20pct
2018-06-09,gasoline,57.25798944953172,6713.896500000001,-135.97273079866054,-7.6354215381015536,-0.07143675004047687,0.0,-0.0,0.0,-7.6354215381015536,7596.349236068134,0.011637711621963212,0.015360103445993274,0.0011066542178109233,0.003154844786135856,2.1528640031883498e-05,0.06588185979296142,0.0,oil_down_20pct
2018-06-26,gasoline,57.07494888851767,6770.7072,13.292188169847021,5.656766631745468,-0.06194324930608934,0.0,0.0,0.0,5.656766631745468,7596.349236068134,0.00026207632368388295,0.015110205395784513,0.0008278961141444068,0.0023706499220243816,2.3910091271414898e-05,0.0,0.0,oil_down_20pct
2018-07-10,gasoline,60.421405617653434,6813.3645,197.62745162556246,203.2842182573079,-0.054918956129256555,0.5,101.64210912865396,101.64210912865396,101.64210912865396,7697.991345196788,0.0156410417719913,0.014982945959638116,0.0010712488175225173,0.003015830857874392,2.5170831243911504e-05,0.0413244733924848,0.0,oil_down_20pct
2018-07-24,gasoline,57.47683234735115,6816.2346,-109.61703880022321,-7.974929671569257,-0.06936126717187632,0.0,-0.0,0.0,-7.974929671569257,7697.991345196788,0.007420938454093604,0.015093909072630161,0.0010425684457482211,0.0029750199420606775,2.4069728187620648e-05,0.0413244733924848,0.0,oil_down_20pct
2018-08-07,gasoline,57.799648064814384,6874.7175,25.704733850742954,17.729804179173698,-0.05975384373202059,0.0,0.0,0.0,17.729804179173698,7697.991345196788,0.00047210920697164627,0.014856807385875501,0.000768899193432206,0.0022039813487947078,2.6452430265984798e-05,0.0,0.0,oil_down_20pct
2018-08-21,gasoline,55.34299984554672,6908.6592,-103.51111638056885,-85.78131220139515,-0.054252581050283535,0.5,-42.890656100697576,0.0,-85.78131220139515,7697.991345196788,0.006069157013303428,0.014631103533421248,0.0006296162700808878,0.0018094318071466208,2.8825049268841817e-05,0.0,0.0,oil_down_20pct
2018-09-04,gasoline,58.22649239347777,6986.646,169.90199708489888,84.12068488350373,-0.041814997524819174,0.5,42.060342441751864,0.0,84.12068488350373,7697.991345196788,0.00576964450257469,0.01441624960424864,0.0003632669195094471,0.0010501888867786165,3.1178268482053476e-05,0.0,0.0,oil_down_20pct
2018-09-18,gasoline,59.29410642175591,7019.8614,94.13287038684449,178.25355527034822,-0.03660161455563604,0.5,89.12677763517411,89.12677763517411,89.12677763517411,7787.118122831962,0.011946207794816074,0.014307447364255385,0.0005212982212702906,0.0014844814790012776,3.2405155510722964e-05,0.03177432996651909,0.0,oil_down_20pct
2018-10-01,gasoline,61.58809666168281,7113.438,137.60252044530387,226.72929808047797,-0.03470527793058169,0.5,113.36464904023899,113.36464904023899,113.36464904023899,7900.482771872201,0.010843693040559077,0.014525075303702527,0.0005532124361300732,0.00156973114206329,2.9974800430127982e-05,0.0023498976409938466,0.0,oil_down_20pct
2018-10-20,gasoline,62.33480557258818,7156.2978,74.60228894682105,187.96693798706002,-0.04399021849987853,0.5,93.98346899353001,93.98346899353001,93.98346899353001,7994.4662408657305,0.007526435278327507,0.014786564412206158,0.0007090215012259217,0.0020109464426663263,2.7179910628075325e-05,0.0015025205600118008,0.0,oil_down_20pct
2018-11-03,gasoline,58.03702771893193,7173.8505,-245.51988913814213,-151.53642014461212,-0.05438985811953152,0.5,-75.76821007230606,-75.76821007230606,-75.76821007230606,7918.698030793425,0.024441719411013422,0.014790585730686654,0.000397904577729838,0.0011602108679009309,2.713799702932551e-05,0.11526253018268244,0.0,oil_down_20pct
2018-11-17,gasoline,51.91852575210594,7167.2382,-340.79621580584796,-416.564425878154,-0.04484649872435166,0.5,-208.282212939077,-208.282212939077,-208.282212939077,7710.415817854348,0.04674677119183093,0.01410783963983666,3.629770432039348e-05,0.00010914510608227675,3.4717553709880186e-05,0.0702398438230983,0.0,oil_down_20pct
2018-12-01,gasoline,45.98104780588346,6941.178,-352.6514197179904,-560.9336326570674,-0.05082237306900173,0.75,-420.70022449280054,-420.70022449280054,-140.23340816426685,7289.715593361547,0.046988455594661624,0.01279330539679767,4.702992445825452e-05,0.0001485416212841596,5.193644710382559e-05,0.18048564652975133,0.0007662779336228346,oil_down_20pct
2018-12-15,gasoline,45.58901922850761,6808.1868,-82.34403732974606,-222.57744549401292,-0.010727905609397499,0.5,-111.28872274700646,-111.28872274700646,-111.28872274700646,7178.42687061454,0.07559512898340731,0.011142989466972508,2.3496696580490365e-05,7.095080610401929e-05,7.844663558215994e-05,0.38294190965035024,0.000252531621382113,oil_down_20pct
2018-12-29,gasoline,41.00020542354558,6719.526,-281.728736616234,-393.0174593632405,-0.008293637172404694,0.5,-196.50872968162025,-196.50872968162025,-196.50872968162025,6981.91814093292,0.037467823117865985,0.010478442513057844,0.00016183934126889532,0.0005025815367282489,9.066005697714424e-05,0.02904979832774249,0.003511486855417187,oil_down_20pct
2019-01-15,gasoline,42.89908590603806,6591.3165,35.84926214588245,-160.6594675357378,0.0007399658424959724,0.5,-80.3297337678689,-80.3297337678689,-80.3297337678689,6901.588407165052,0.015033250754490975,0.00966689789031825,7.467417919019473e-05,0.00022630406761620005,0.00010677299920910943,0.053990236366109806,0.001336894230342466,oil_down_20pct
2019-01-29,gasoline,46.07314141936769,6514.3908,113.569985700172,33.240251932303096,0.0005627296469454273,0.0,0.0,0.0,33.240251932303096,6901.588407165052,0.005328523825214597,0.009395976970433142,5.134291046211042e-06,1.5189101752400452e-05,0.00011244530441158429,0.02581146450886679,2.5333172444106024e-06,oil_down_20pct
2019-02-15,gasoline,47.13139423913987,6442.1865,59.214740944898864,92.45499287720196,-0.011311488291289183,0.5,46.22749643860098,0.0,92.45499287720196,6901.588407165052,0.006865864472268788,0.009432783440321021,1.468629905902834e-05,4.309480159223623e-05,0.00011166606581915365,0.0,0.0,oil_down_20pct
2019-03-01,gasoline,49.72429787137206,6521.267699999999,137.60682608035543,230.0618189575574,0.0016799425110163298,0.5,115.0309094787787,115.0309094787787,115.0309094787787,7016.619316643831,0.01967970508937393,0.009605621624062755,3.899645406752488e-05,0.00011229442374703433,0.00010804310182215182,0.05292844054205992,0.0,oil_down_20pct
2019-03-29,gasoline,51.34746011714324,6567.8796,69.81926608135329,184.850175560132,-0.008323377402324863,0.5,92.425087780066,92.425087780066,92.425087780066,7109.044404423897,0.007229371186378257,0.010168178582768427,9.025323023674039e-05,0.00025996481505153864,9.666471238033346e-05,0.0020440926986959604,0.0,oil_down_20pct
2019-04-13,gasoline,54.16593005293096,6649.947,134.55506000263867,226.98014778270465,-0.009037753898474105,0.5,113.49007389135232,113.49007389135232,113.49007389135232,7222.534478315249,0.010662442882984988,0.010637252757487923,0.00012961405845057046,0.00037163802734655225,8.766103592716752e-05,0.0017749345594747442,0.0,oil_down_20pct
2019-04-27,gasoline,55.29519929313189,6677.1954,45.961708501225615,159.45178239257794,-0.02167187653595524,0.5,79.72589119628897,79.72589119628897,79.72589119628897,7302.260369511538,0.005946012624110203,0.011114565590374693,0.00022826967997350642,0.0006553002763368647,7.895094464775343e-05,0.004560080132262463,0.0,oil_down_20pct
2019-05-14,gasoline,54.3142826782679,6770.808,-20.68741868909126,59.03847250719771,-0.018491720561495388,0.25,14.759618126799428,0.0,59.03847250719771,7302.260369511538,0.00717219304322027,0.011351501276734172,5.585158870755378e-05,0.00016330690831544345,7.479653016633067e-05,0.025424870908170024,0.0,oil_down_20pct
2019-05-28,gasoline,54.4011921372937,6816.0761999999995,45.55620342988524,104.59467593708294,-0.011329039647698975,0.5,52.29733796854147,52.29733796854147,52.29733796854147,7354.557707480079,0.004093358253309509,0.011353514698913885,6.019087543038032e-05,0.00017469935360508017,7.476170806189824e-05,0.010940046234383397,0.0,oil_down_20pct
2019-06-12,gasoline,48.643091439475285,6851.3805,-320.90468630319174,-268.6073483346503,-0.013441725719375672,0.5,-134.30367416732514,-134.30367416732514,-134.30367416732514,7220.2540333127545,0.038428494297278626,0.011328684991813068,2.6204045466610754e-05,7.941091944347913e-05,7.519170397120794e-05,0.13927975092051934,0.00030363375046979355,oil_down_20pct
2019-06-26,gasoline,48.24945499614759,6854.4558,-81.25406406021416,-215.5577382275393,0.006633511983146141,0.5,-107.77886911376964,-107.77886911376964,-107.77886911376964,7112.475164198985,0.011595546829593007,0.010681416361909815,0.00018327775028827785,0.0005627800441254714,8.683600102008211e-05,0.0028142611325164928,0.003998835742992172,oil_down_20pct
2019-07-10,gasoline,49.78574710868267,6757.532999999999,39.129177281780755,-68.64969183198889,0.0074745940272899995,0.25,-17.162422957997222,0.0,-68.64969183198889,7112.475164198985,0.011949382825941783,0.010274076103429525,3.4213517432123934e-05,0.00010192579904825374,9.45935956418806e-05,0.04646513850977235,0.00044695644698239465,oil_down_20pct
2019-08-07,gasoline,47.82838825400967,6671.7387,-106.30815747775787,-174.95784930974676,-0.006060210691252833,0.5,-87.47892465487338,-87.47892465487338,-87.47892465487338,7024.996239544112,0.011565275953062696,0.010166983025152856,3.129965587835923e-05,9.436572688083744e-05,9.668822282763209e-05,0.030610249035092053,0.00039780641661970803,oil_down_20pct
2019-08-21,gasoline,45.42505708006676,6616.3032,-118.1207188318085,-205.59964348668188,-0.001770603188818622,0.5,-102.79982174334094,-102.79982174334094,-102.79982174334094,6922.196417800771,0.009324057027402787,0.00973069974002689,8.214521620249871e-05,0.0002499498963625114,0.00010545852782948381,0.0009389195503816552,0.001516186649265375,oil_down_20pct
2019-09-04,gasoline,46.25303557249569,6584.3234999999995,73.94293839773097,-28.856883345609972,0.008685249471601628,0.0,-0.0,0.0,-28.856883345609972,6922.196417800771,0.008201920197621799,0.009376588945835596,4.19792036279286e-05,0.00012521444904096921,0.00011285686242574247,0.042271213401850694,0.0006034684670716509,oil_down_20pct
2019-09-19,gasoline,48.92890181713844,6571.4742,144.29374272531086,115.43685937970089,0.0066295983021936325,0.5,57.718429689850446,57.718429689850446,57.718429689850446,6979.9148474906215,0.004969621564221316,0.009483265261672272,7.521036379522327e-07,2.200576584077476e-06,0.0001106017095563492,0.013325668503448835,0.0,oil_down_20pct
2019-10-22,gasoline,45.70049735238426,6596.856000000001,-188.2925056053357,-130.57407591548525,0.0019331197330030867,0.5,-65.28703795774263,-65.28703795774263,-65.28703795774263,6914.627809532879,0.014301145482454914,0.00965211996669042,6.529228122202974e-05,0.0001972210433969633,0.0001070786211837671,0.060521380284812264,0.0011195551621958754,oil_down_20pct
2019-11-05,gasoline,47.06290867037659,6630.657300000001,49.93949553025774,-15.347542427484889,0.01717309812816322,0.0,-0.0,0.0,-15.347542427484889,6914.627809532879,0.004196732782175196,0.009437027486461622,0.00011912604749684903,0.00035841747725983965,0.0001115763883217673,0.017049589301182905,0.002359322394556185,oil_down_20pct
2019-11-19,gasoline,48.30908523031825,6652.296,45.871628372665015,30.524085945180126,0.020565222964690967,0.0,0.0,0.0,30.524085945180126,6914.627809532879,0.002295095074517651,0.009471860596370316,0.00016120097672276415,0.00048670210975546875,0.00011084171930226,0.0,0.0033834271646996216,oil_down_20pct
2019-12-03,gasoline,49.31582320845288,6705.369,70.31852942823734,100.84261537341746,0.028792349901567087,0.5,50.42130768670873,50.42130768670873,50.42130768670873,6965.049117219588,0.005430509554473282,0.009565307430127873,0.00017204157852933533,0.0005160477970117465,0.00010888280902774458,0.010169233075351012,0.003620258651912082,oil_down_20pct
2019-12-31,gasoline,52.6361978244011,6733.989,182.22393230402497,232.6452399907337,0.02568748223087562,0.5,116.32261999536685,116.32261999536685,116.32261999536685,7081.371737214955,0.014079117852372501,0.00991883235791389,4.0837260709792204e-05,0.00011977433428300085,0.00010162994102784403,0.017371931856013174,0.0005662995829121928,oil_down_20pct
2020-02-05,gasoline,45.21002406009578,6714.099000000001,-436.9470536946719,-320.6244336993051,0.005298283922391716,0.5,-160.31221684965254,-160.31221684965254,-160.31221684965254,6921.059520365302,0.07604482004255296,0.010171118011178596,0.00029062983641429995,0.0009058287347233878,9.66069211501778e-05,0.306107331825082,0.006809554941534529,oil_down_20pct
2020-02-19,gasoline,43.13564104356928,6690.717000000001,-162.8328958698129,-323.14511271946543,0.02557281971942606,0.5,-161.57255635973272,-161.57255635973272,-161.57255635973272,6759.4869640055695,0.02979235229777893,0.009397777591971383,0.0007789738710938104,0.002482645849544646,0.00011240711998930413,6.353822722676512e-06,0.019777888353297038,oil_down_20pct
2020-03-18,gasoline,29.457867021816654,6451.879499999999,-71.85835395674813,-233.43091031648083,0.012322813219687423,0.5,-116.71545515824042,-116.71545515824042,-116.71545515824042,6642.771508847329,0.015631629935095696,0.008693769378598623,0.0003149072435570719,0.0009773875560928976,0.00012783085086431417,0.008048638112803687,0.007399585690634955,oil_down_20pct
2020-06-29,gasoline,32.29378289244807,5794.3593,116.27894487713925,-0.43651028110116386,-0.08642036589745616,0.0,-0.0,0.0,-0.43651028110116386,6642.771508847329,0.009806623274480744,0.00832205048064495,0.0016198009252796784,0.004585946035636693,0.00013637450497660486,0.054489989891180916,0.0,oil_down_20pct
2020-07-11,gasoline,33.419389222597275,5544.9387,60.42101541630728,59.98450513520611,-0.13798826790408492,0.25,14.996126283801528,0.0,59.98450513520611,6642.771508847329,0.0040061208409258526,0.008410482210348413,0.004004798025892683,0.011081201186833152,0.00013431692259665063,0.0,0.0,oil_down_20pct
2020-08-22,gasoline,35.08658798306297,5527.1349,35.41952059619332,95.40402573139943,-0.14184718285912076,0.5,47.702012865699714,0.0,95.40402573139943,6642.771508847329,0.008466357081145947,0.008494662893946492,0.004218349969864538,0.011652654334178097,0.00013237278192393173,0.0,0.0,oil_down_20pct
2020-09-19,gasoline,31.71206079473693,5677.650900000001,-64.87757416954376,30.526451561855666,-0.10998590188898853,0.0,0.0,0.0,30.526451561855666,6642.771508847329,0.0014903945956430006,0.008574796885612182,0.002596788980221408,0.007274187305557468,0.0001305352662050171,0.0,0.0,oil_down_20pct
2020-10-23,gasoline,32.80476954274467,5672.6433,-47.98093127762332,-17.454479715767654,-0.11101872223260156,0.0,-0.0,0.0,-17.454479715767654,6642.771508847329,0.0010011659209323849,0.008651078715906363,0.002644112572956488,0.007403344208145381,0.00012879801431255357,0.0,0.0,oil_down_20pct
2020-11-06,gasoline,30.67402273532685,5614.5537,-72.68730309377939,-90.14178280954704,-0.12313437964754494,0.5,-45.07089140477352,0.0,-90.14178280954704,6642.771508847329,0.007415796299974401,0.008723693564013597,0.003226128887190773,0.008984664845845577,0.00012715508683826837,0.0,0.0,oil_down_20pct
2020-11-20,gasoline,33.116715114050876,5570.1558,-38.71318665322725,-128.85496946277428,-0.1325647589331932,0.5,-64.42748473138714,-64.42748473138714,-64.42748473138714,6578.3440241159415,0.007045651975703718,0.008712629794260102,0.0030897063769311623,0.008697178627897617,0.00012740472616142476,0.016603603155252493,0.0,oil_down_20pct
2020-12-04,gasoline,36.662775763561676,5603.4765,213.3363939966488,148.90890926526168,-0.11397548184880253,0.5,74.45445463263084,74.45445463263084,74.45445463263084,6652.798478748572,0.01861969570704497,0.00862742992666394,0.0034743846746295615,0.009550449984681166,0.00012933535007293896,0.07715277232604305,0.0,oil_down_20pct
2020-12-18,gasoline,38.95744786469422,5631.256799999999,142.16246218096637,216.61691681359721,-0.12140562844666808,0.5,108.30845840679861,108.30845840679861,108.30845840679861,6761.10693715537,0.011341819426296671,0.0091256883287547,0.0042185844246805,0.011472601428721908,0.00011825065432338175,0.0045843742861654616,0.0,oil_down_20pct
2021-01-01,gasoline,39.88345942547925,5778.234,45.2254923726926,153.5339507794912,-0.11009919244450288,0.5,76.7669753897456,76.7669753897456,76.7669753897456,6837.873912545116,0.0063149440979319285,0.00968636751150467,0.0032754411247847485,0.009018595148362429,0.00010637101510774638,0.003979460603660175,0.0,oil_down_20pct
2021-01-16,gasoline,42.61527209077771,5855.3081999999995,121.02166344063335,197.78863883037894,-0.10780768475092667,0.5,98.89431941518947,98.89431941518947,98.89431941518947,6936.7682319603055,0.00909604589171422,0.010119619696348357,0.003352545034392032,0.009197303958530943,9.762191494478734e-05,0.0019584774144813873,0.0,oil_down_20pct
2021-01-30,gasoline,43.41965527302432,5906.691,27.077499059073276,125.97181847426275,-0.11439158946359403,0.5,62.985909237131374,62.985909237131374,62.985909237131374,6999.754141197437,0.004994216575000515,0.010567164886174131,0.003353025320927484,0.009246238262938054,8.897837828462631e-05,0.005157655686062666,0.0,oil_down_20pct
2021-02-19,gasoline,48.771706404046775,5996.5830000000005,288.342164953835,351.32807419096633,-0.10729046211774872,0.5,175.66403709548317,175.66403709548317,175.66403709548317,7175.41817829292,0.03448853780130558,0.01098773473954942,0.004026826292810178,0.010875989171128624,8.122092512472436e-05,0.05078544199065229,0.0,oil_down_20pct
2021-03-04,gasoline,50.79820896846346,6177.490200000001,132.22533738383072,307.8893744793139,-0.10154262426720127,0.5,153.94468723965696,153.94468723965696,153.94468723965696,7329.3628655325765,0.02024023940085733,0.011768215389327388,0.0034673365967955398,0.009439800412482928,6.776227787650645e-05,0.0018869206326391122,0.0,oil_down_20pct
2021-03-18,gasoline,53.61483729263321,6289.6302000000005,180.1075050117696,334.05219225142656,-0.10530902969980259,0.5,167.02609612571328,167.02609612571328,167.02609612571328,7496.38896165829,0.023468685485730938,0.01242893830547788,0.0037591030785158884,0.010196692786595284,5.7320975182260166e-05,0.0006844930337767734,0.0,oil_down_20pct
2021-04-01,gasoline,49.63609609899976,6404.5125,-177.17021227870146,-10.144116152988175,-0.11048549154339066,0.0,-0.0,0.0,-10.144116152988175,7496.38896165829,0.01991919335104857,0.01290366269603467,0.002619634347233576,0.007336548845460738,5.035800313164992e-05,0.11159086714798407,0.0,oil_down_20pct
2021-04-29,gasoline,51.66435882038655,6442.968599999999,93.07886340030757,82.9347472473194,-0.10349922327082121,0.5,41.4673736236597,0.0,82.9347472473194,7496.38896165829,0.006152245894318216,0.012771849443197106,0.0023080207051138437,0.006484067295616339,5.2246160471809995e-05,0.0,0.0,oil_down_20pct
2021-05-15,gasoline,53.89294951553116,6491.3805,120.02087288378799,202.95562013110737,-0.09482199228011513,0.5,101.47781006555368,101.47781006555368,101.47781006555368,7597.866771723844,0.01602842184709083,0.012758292218671401,0.0026536661236833837,0.007332698273081984,5.244233159015518e-05,0.04119098374280236,0.0,oil_down_20pct
2021-06-12,gasoline,56.256024732244555,6538.8762,93.48624355999755,194.96405362555123,-0.10195299304241975,0.5,97.48202681277562,97.48202681277562,97.48202681277562,7695.34879853662,0.008433219695167958,0.01308628319435287,0.002956088533490378,0.008150843991435792,4.779948006868757e-05,6.38651352127267e-05,0.0,oil_down_20pct
2021-06-29,gasoline,59.05334902344691,6568.284599999999,175.21926515369194,272.7012919664676,-0.11159186411268189,0.5,136.3506459832338,136.3506459832338,136.3506459832338,7831.699444519854,0.016942673336371922,0.013420821239128345,0.0037666439059461845,0.01026587410413919,4.328559316750469e-05,0.006043078224872435,0.0,oil_down_20pct
2021-07-13,gasoline,60.396243379383236,6663.1545,76.68024600562414,213.03089198885795,-0.11537413315567792,0.5,106.51544599442897,106.51544599442897,106.51544599442897,7938.214890514283,0.010703610082662242,0.013830444063764562,0.0036983274809505584,0.010125000808710472,3.8063420450337935e-05,0.0035605566334879156,0.0,oil_down_20pct
2021-07-27,gasoline,58.32286665699709,6711.956999999999,-101.33232055278442,5.183125441644549,-0.12269751884797292,0.0,0.0,0.0,5.183125441644549,7938.214890514283,0.008680529536231042,0.014002449047028031,0.003204296509348189,0.008925576688799007,3.597061743349498e-05,0.04538216094156846,0.0,oil_down_20pct
2021-08-24,gasoline,54.80134798039474,6782.3640000000005,-169.03102662900537,-163.84790118736083,-0.11042006157650668,0.5,-81.92395059368042,-81.92395059368042,-81.92395059368042,7856.290939920603,0.010549130040152836,0.013732490721814187,0.0020674216387288388,0.005882342675273486,3.928167255214526e-05,0.02684613472350316,0.0,oil_down_20pct
2021-09-07,gasoline,56.752165573489066,6790.2642,80.90530133853468,-1.018649255145732,-0.09699341123142206,0.0,-0.0,0.0,-1.018649255145732,7856.290939920603,0.005169474550428352,0.013296488780587465,0.002033323089038552,0.005729103703058044,4.493706266878974e-05,0.02684613472350316,0.0,oil_down_20pct
2021-09-19,gasoline,57.675973497748544,6796.519200000001,21.208661155027904,20.190011899882172,-0.09592860238231968,0.0,0.0,0.0,20.190011899882172,7856.290939920603,0.0008876464746303633,0.013145791787689279,0.001989813491077125,0.0056092109491340586,4.698017021770774e-05,0.0,0.0,oil_down_20pct
2021-10-10,gasoline,63.174145154083774,6855.6015,321.05164017918185,341.241652079064,-0.08596668722950165,0.5,170.620826039532,170.620826039532,170.620826039532,8026.911765960135,0.04396837674887988,0.013181895690562174,0.002693822972893327,0.007382745237390679,4.648654637437466e-05,0.11644586511364895,0.0,oil_down_20pct
2021-10-23,gasoline,66.92979028824927,6894.6084,198.93358556735274,369.55441160688474,-0.10423026519680728,0.5,184.77720580344237,184.77720580344237,184.77720580344237,8211.688971763577,0.028468825661570326,0.013783315149716278,0.0037149606030334992,0.010078342266769517,3.864717052774714e-05,0.0008016123520802036,0.0,oil_down_20pct
2021-11-20,gasoline,65.41930820479767,7016.980500000001,-95.5968241968988,89.18038160654358,-0.11025962545621669,0.5,44.59019080327179,0.0,89.18038160654358,8211.688971763577,0.03046916458853721,0.014198851813058924,0.0026092952626673173,0.007308328622609764,3.3653320286849734e-05,0.13657046313811078,0.0,oil_down_20pct
2021-12-04,gasoline,59.67540373857862,7046.8695,-274.7948795073781,-185.61449790083452,-0.10529601857442895,0.5,-92.80724895041726,-92.80724895041726,-92.80724895041726,8118.881722813159,0.013303380784873212,0.013911336093315688,0.001817045106411489,0.0051896742909969635,3.707182816856027e-05,0.034452741830978906,0.0,oil_down_20pct
2021-12-18,gasoline,58.55615016650623,7068.6576000000005,-83.78805363662153,-176.5953025870388,-0.08857476231599595,0.5,-88.2976512935194,-88.2976512935194,-88.2976512935194,8030.58407151964,0.006608621100916308,0.013351675828494112,0.0012427211175367375,0.003573992493209152,4.420021428942945e-05,8.134588410839495e-05,0.0,oil_down_20pct
2022-01-01,gasoline,59.94096232564864,7057.368,80.8951411452154,-7.402510148303989,-0.07790071192541453,0.0,-0.0,0.0,-7.402510148303989,8030.58407151964,0.0057596795110336,0.01291975413166631,0.0013172739637198226,0.0037440574290684148,5.012988155605629e-05,0.031185900895807788,0.0,oil_down_20pct
2022-01-18,gasoline,65.94249491897428,7057.297799999999,354.6930212159222,347.29051106761824,-0.07791203079451185,0.5,173.64525553380912,173.64525553380912,173.64525553380912,8204.229327053448,0.04541259180394854,0.0129659407134072,0.002314573186468037,0.00636765613477085,4.9477990047302415e-05,0.12061069907760745,0.0,oil_down_20pct
2022-01-30,gasoline,70.62143827468888,7057.250999999999,246.4525514946665,420.0978070284756,-0.10252480279551462,0.75,315.0733552713567,315.0733552713567,105.02445175711887,8519.302682324806,0.02378938058713697,0.013702506201467464,0.004693897433199433,0.012458210935187538,3.9658428142555756e-05,0.08000762958149485,0.0,oil_down_20pct
2022-02-18,gasoline,76.07690916396966,7219.4039999999995,310.6962248507632,415.72067660788207,-0.12005623211068477,0.5,207.86033830394103,207.86033830394103,207.86033830394103,8727.163020628746,0.04372049536152186,0.014717703548158023,0.00472988937482146,0.012716221774555943,2.7902655805142347e-05,0.04597852402902145,0.0,oil_down_20pct
2022-03-04,gasoline,80.90673354961004,7557.963299999999,247.85480399359932,455.71514229754035,-0.09469772400571808,0.75,341.7863567231553,341.7863567231553,113.92878557438507,9068.949377351903,0.02381876226100548,0.015447439880734909,0.00427212392465784,0.011365890100831548,2.0725803639522983e-05,0.07174471363849487,0.0,oil_down_20pct
2022-03-18,gasoline,90.80468330602024,7767.585,562.5304118967639,676.459197471149,-0.10753783542142145,0.75,507.34439810336175,507.34439810336175,169.1147993677872,9576.293775455264,0.043354188665838955,0.016659015875093528,0.006432802467188842,0.016608396579350614,1.1162174922877067e-05,0.10963786026260063,0.0,oil_down_20pct
2022-04-01,gasoline,91.91547462948296,8088.255000000001,49.07946686418185,218.19426623196907,-0.1239752549165751,0.5,109.09713311598453,109.09713311598453,109.09713311598453,9685.39090857125,0.11921975247954247,0.017873813568468806,0.004021412007398099,0.011004333792875031,4.520668741627356e-06,0.634403536279705,0.0,oil_down_20pct
2022-04-16,gasoline,82.76266950621482,8222.7528,-440.8041380321712,-331.70700491618663,-0.11787694025913668,0.5,-165.85350245809332,-165.85350245809332,-165.85350245809332,9519.537406113155,0.07433856759163555,0.01765331002271734,0.0020273840902065867,0.005810020387214319,5.506953849478892e-06,0.3023914080103574,0.0,oil_down_20pct
2022-04-29,gasoline,84.0064281925792,8312.418000000001,79.49318960844799,-86.36031284964533,-0.08521880469836249,0.5,-43.18015642482266,0.0,-86.36031284964533,9519.537406113155,0.02524174763590614,0.016854550810172425,0.0015754491773807874,0.004462830344343997,9.893850605786951e-06,0.11002953711046708,0.0,oil_down_20pct
2022-05-17,gasoline,86.6923611869082,8253.0675,241.42796850708189,155.06765565743655,-0.09345444661795825,0.5,77.53382782871827,77.53382782871827,77.53382782871827,9597.071233941873,0.009561387532756347,0.0166001507734812,0.0022984561493937044,0.00640689998306655,1.1558974763060484e-05,0.024045977831093312,0.0,oil_down_20pct
2022-05-31,gasoline,91.72859934060547,8217.4572,285.03325061958674,362.567078448305,-0.10788819221861859,0.5,181.2835392241525,181.2835392241525,181.2835392241525,9778.354773166026,0.03465579198910238,0.016655436793907127,0.003642207114636726,0.009925704913068777,1.1186103039550243e-05,0.04305601045854358,0.0,oil_down_20pct
2022-06-15,gasoline,98.81892961718954,8379.963,424.6391522025064,605.922691426659,-0.10687326342204913,0.75,454.4420185699942,454.4420185699942,151.48067285666474,10232.79679173602,0.0709440149957721,0.017211349915960433,0.005598558066150248,0.014657501850435177,7.776569291213884e-06,0.29846221935413064,0.0,oil_down_20pct
2022-06-29,gasoline,93.04161591181325,8491.7106,-251.7486298754671,-100.26795701880235,-0.14503362322969635,0.5,-50.133978509401175,-50.133978509401175,-50.133978509401175,10182.66281322662,0.177456570101497,0.018022363989699777,0.004047566128554586,0.011249124119347514,3.911044189236187e-06,1.018387747314664,0.0,oil_down_20pct
2022-07-13,gasoline,89.14997693987236,8583.525,-222.95620380459627,-273.09018231399745,-0.12630315787821664,0.5,-136.54509115699872,-136.54509115699872,-136.54509115699872,10046.11772206962,0.020748023183522975,0.01740812648521336,0.0025804330619084866,0.0073252807843950255,6.7178083166524606e-06,0.029867521555983167,0.0,oil_down_20pct
2022-07-27,gasoline,85.53212156189355,8593.9146,-192.24387622875747,-328.7889673857562,-0.10898039946424656,0.5,-164.3944836928781,-164.3944836928781,-164.3944836928781,9881.723238376742,0.022636010474313528,0.01658100568467834,0.0017208093185086622,0.004945222148126585,1.1689522128201822e-05,0.003102354658469979,0.0,oil_down_20pct
2022-08-10,gasoline,81.19371763590141,8452.521,-268.67296795166504,-433.06745164454315,-0.10908591393937277,0.75,-324.8005887334074,-324.8005887334074,-108.26686291113577,9556.922649643335,0.02729711079911625,0.01558151245767499,0.001046870348243567,0.003086956251533773,1.9523032161681307e-05,0.10292047413709324,0.0,oil_down_20pct
2022-08-24,gasoline,77.88644507760766,8363.529,-220.97837121839135,-329.24523412952715,-0.08269020286093745,0.5,-164.62261706476357,-164.62261706476357,-164.62261706476357,9392.30003257857,0.03949311246087875,0.014336639935109533,0.0008425121850014927,0.0024535627382547827,3.207364722459616e-05,0.10262793043152343,0.0,oil_down_20pct
2022-09-07,gasoline,75.76944826902796,8189.793000000001,-97.36127152135455,-261.98388858611816,-0.08682996659116664,0.5,-130.99194429305908,-130.99194429305908,-130.99194429305908,9261.308088285512,0.014811713027394815,0.01357941282121724,0.0010727353662336335,0.0031022703924961387,4.122393972034956e-05,0.004524088604309866,0.0,oil_down_20pct
2022-09-22,gasoline,71.20622109823404,8121.1482,-234.2738184800437,-365.2657627731028,-0.08039392709093923,0.5,-182.6328813865514,-182.6328813865514,-182.6328813865514,9078.67520689896,0.028720269957572153,0.012894838112800405,0.0007064501918825849,0.002067512213644538,5.048332544331372e-05,0.01066714553557612,0.0,oil_down_20pct
2022-10-25,gasoline,72.20166382196237,8054.307,115.30608195843573,-67.32679942811566,-0.06718266225746797,0.25,-16.831699857028916,0.0,-67.32679942811566,9078.67520689896,0.0267508564652439,0.01225833342507116,0.00097717725831056,0.0027912566061688493,5.993340135737044e-05,0.1334190774542166,0.0,oil_down_20pct
2022-11-08,gasoline,74.28575382025447,8021.1582,110.38722889050746,43.060429462391795,-0.07184093625019884,0.0,0.0,0.0,43.060429462391795,9078.67520689896,0.0018084150410806884,0.012157542119822078,0.0011193363780809223,0.003190400000173366,6.15041456023648e-05,0.0,0.0,oil_down_20pct
2022-11-22,gasoline,71.98844330340728,8000.425799999999,-179.5296595154865,-136.4692300530947,-0.07477400251608636,0.5,-68.23461502654735,-68.23461502654735,-68.23461502654735,9010.440591872413,0.007190556965028716,0.011999456280821273,0.0009424960863013371,0.0027137670771459114,6.400869980249018e-05,0.018623850751284483,0.0,oil_down_20pct
2022-12-06,gasoline,66.28055068672427,7867.408499999999,-336.9597414164812,-405.1943564430286,-0.08528698895861504,0.5,-202.5971782215143,-202.5971782215143,-202.5971782215143,8807.843413650899,0.04542446831719224,0.011532695888348671,0.0007459684144632925,0.0021876609442835816,7.16952389191875e-05,0.07221319355328595,0.0,oil_down_20pct
2022-12-20,gasoline,61.921151232331276,7792.518599999999,-303.2462354293836,-505.8434136508979,-0.07029482068235277,0.75,-379.3825602381734,-379.3825602381734,-126.46085341272448,8428.460853412726,0.0342353107726692,0.010534735884746682,7.825860868707809e-05,0.00023875706284220023,8.959122477150218e-05,0.12501228517910443,0.0,oil_down_20pct
2023-01-04,gasoline,64.01919083426874,7589.232,112.20406380338116,-14.256789609343315,-0.05058152569492211,0.0,-0.0,0.0,-14.256789609343315,8428.460853412726,0.0988931016582793,0.009413504716378026,0.0005439107727559678,0.001565850686570318,0.00011207388239015031,0.5757245080514851,0.0,oil_down_20pct
2023-01-18,gasoline,62.90273680108386,7497.216,-108.11072816456186,-122.36751777390518,-0.0642120879820889,0.5,-61.18375888695259,-61.18375888695259,-61.18375888695259,8367.277094525773,0.005769603451709659,0.009389451511925237,0.0006688429695344523,0.0019345728392681952,0.00011258373921778566,0.014973809406146997,0.0,oil_down_20pct
2023-02-04,gasoline,65.50208661085163,7348.3875,162.03176649900715,100.84800761205456,-0.0786548538064674,0.5,50.42400380602728,50.42400380602728,50.42400380602728,8417.7010983318,0.011029513792939365,0.00929045618490527,0.0015959566117628977,0.00449322838283246,0.00011469432872743378,0.049825170773330034,0.0,oil_down_20pct
2023-03-18,gasoline,61.66189809865403,7292.1753,-152.4588955204434,-102.03489171441612,-0.09434705722609263,0.5,-51.01744585720806,-51.01744585720806,-51.01744585720806,8366.683652474592,0.009610129186191863,0.009436587518072546,0.0016444951130456743,0.004682258762378544,0.00011158568326334073,0.04116147083911484,0.0,oil_down_20pct
2023-04-01,gasoline,59.59171165934344,7258.1930999999995,-131.0981462411743,-182.11559209838236,-0.09272265937297709,0.5,-91.05779604919118,-91.05779604919118,-91.05779604919118,8275.6258564254,0.008141689559964513,0.009226218715280766,0.001380179780537573,0.003961859076819028,0.00011607436317096643,0.006412918573986573,0.0,oil_down_20pct
2023-04-18,gasoline,67.7361525410533,7258.6512,492.31499394456614,401.25719789537493,-0.08010518323643931,0.5,200.62859894768746,200.62859894768746,200.62859894768746,8476.254455373088,0.09118151309221659,0.009192852008271708,0.002555876271749019,0.006997111366858385,0.00011679444771511687,0.34032381210510043,0.0,oil_down_20pct
2023-04-29,gasoline,64.93969726999192,7259.949,-160.98961321999735,39.63898572769011,-0.10753636359884729,0.0,0.0,0.0,39.63898572769011,8476.254455373088,0.029527690814433818,0.009860400942919479,0.00248602140153295,0.006971519879580664,0.0001028114690383482,0.1610073388628481,0.0,oil_down_20pct
2023-05-17,gasoline,59.011578227139466,7297.092,-309.1955542800952,-269.5565685524051,-0.10159347523274857,0.5,-134.77828427620256,-134.77828427620256,-134.77828427620256,8341.476171096885,0.027406414766662855,0.009743419021995157,0.0014755747685165816,0.004251530170011371,0.00010519745335837079,0.07266074364974748,0.0,oil_down_20pct
2023-05-31,gasoline,59.59650811829404,7319.3778,39.67345464169151,-95.10482963451105,-0.07964279465078083,0.5,-47.552414817255524,0.0,-95.10482963451105,8341.476171096885,0.020081235913895434,0.009356236832558663,0.0013768542548277722,0.003910260213233924,0.00011328969436458085,0.07266074364974748,0.0,oil_down_20pct
2023-06-14,gasoline,58.589695206301556,7229.34,-57.49912975303082,-152.60395938754186,-0.09383647346740986,0.5,-76.30197969377093,-76.30197969377093,-76.30197969377093,8265.174191403114,0.009084789302613307,0.009319326136354264,0.001491346478896566,0.004267375160706207,0.00011407679418156514,0.023287968420754528,0.0,oil_down_20pct
2023-06-29,gasoline,58.54086579883492,7166.403,-10.651812446508984,-86.95379214027992,-0.09332255127197185,0.5,-43.47689607013996,0.0,-86.95379214027992,8265.174191403114,0.010583021943640771,0.009125514745133385,0.001885071328391553,0.005320224792182864,0.00011825442955831143,0.023287968420754528,0.0,oil_down_20pct
2023-07-13,gasoline,60.09260805079008,7188.0345,92.57046975298857,5.616677612708656,-0.0898517698270805,0.0,0.0,0.0,5.616677612708656,8265.174191403114,0.0005355311404761293,0.009175322740529918,0.0017494579752224788,0.00494528000496391,0.00011717363777168873,0.0,0.0,oil_down_20pct
2023-07-27,gasoline,63.45905756318167,7226.1882000000005,160.01617819861403,165.63285581132268,-0.08378064377054455,0.5,82.81642790566134,82.81642790566134,82.81642790566134,8347.990619308775,0.01075369053771046,0.00930557857318117,0.001981604550177308,0.005532374418854153,0.00011437064965440172,0.027434242924214407,0.0,oil_down_20pct
2023-08-10,gasoline,67.5355576236341,7355.2635,258.45466656099995,341.2710944666613,-0.07496826039050475,0.5,170.63554723333064,170.63554723333064,170.63554723333064,8518.626166542106,0.02917829919626424,0.009772380292693788,0.00212432084929966,0.005862495545480548,0.00010460420487727841,0.030848790877949676,0.0,oil_down_20pct
2023-08-24,gasoline,67.35808077670184,7417.4472000000005,48.63707354517189,219.27262077850253,-0.0884579447417038,0.5,109.63631038925126,109.63631038925126,109.63631038925126,8628.262476931357,0.012822655812283418,0.010421066271244579,0.0023262949854035413,0.00645311751394327,9.175597137988825e-05,0.014883627582240362,0.0,oil_down_20pct
2023-09-21,gasoline,73.72829904811213,7626.4965,384.57480221691156,494.2111126061628,-0.07135336480274486,0.75,370.65833445462215,370.65833445462215,123.55277815154068,8998.920811385979,0.059744582049122426,0.01109342824496452,0.0032004797284951197,0.008558077451704435,7.932702042759581e-05,0.27252998818873225,0.0,oil_down_20pct
2023-10-11,gasoline,72.35191151945413,7811.6211,-100.1760567620981,23.37672138944258,-0.09199146197528414,0.0,0.0,0.0,23.37672138944258,8998.920811385979,0.09503261657988475,0.012148995197443483,0.0018325345976165756,0.0051750774008185695,6.16382764097655e-05,0.5495504036026981,0.0,oil_down_20pct
2023-10-25,gasoline,71.6266791702138,7929.3996,-64.49035019890691,-41.11362880946433,-0.07488047838905455,0.0,-0.0,0.0,-41.11362880946433,8998.920811385979,0.0017045905102758244,0.01205345994506462,0.0012168010068999346,0.003463315606570095,6.314749884469241e-05,0.0,0.0,oil_down_20pct
2023-11-08,gasoline,68.88016783552158,7915.8105,-182.08441410195496,-223.1980429114193,-0.07682873173706953,0.5,-111.59902145570965,-111.59902145570965,-111.59902145570965,8887.321789930269,0.018741375533815458,0.011859985788128564,0.0008390637082860739,0.002431899403095012,6.625983136946896e-05,0.04981736635948777,0.0,oil_down_20pct
2023-11-22,gasoline,64.30035605397116,7887.360599999999,-297.6720120933169,-409.2710335490265,-0.06678020451230166,0.5,-204.63551677451326,-204.63551677451326,-204.63551677451326,8682.686273155756,0.039539425236738326,0.011270320385212031,0.0003372755810860496,0.0009984989352459833,7.620730617684463e-05,0.034623157844823074,0.0,oil_down_20pct
2023-12-06,gasoline,62.74071078846045,7738.420499999999,-141.83247195108987,-346.46798872560316,-0.062023063124542754,0.5,-173.23399436280158,-173.23399436280158,-173.23399436280158,8509.452278792955,0.024792426320741717,0.010462283364407968,0.00031728209973516344,0.0009369023722760946,9.096803862084899e-05,0.003944222439092923,0.0,oil_down_20pct
2023-12-20,gasoline,59.21817701544089,7660.4364,-204.99756044088542,-378.231554803687,-0.05083126788872685,0.5,-189.1157774018435,-189.1157774018435,-189.1157774018435,8320.336501391112,0.028842259516450777,0.009753037104626135,0.00012518223328708032,0.000372942076698061,0.00010500024857916876,0.0010089241299967983,0.0,oil_down_20pct
2024-01-04,gasoline,61.645244326305004,7513.407,125.9195315261897,-63.1962458756538,-0.0473986144223401,0.25,-15.79906146891345,0.0,-63.1962458756538,8320.336501391112,0.027841881722934756,0.00920341959200882,0.000474371375443608,0.0013677272339839089,0.00011656614850621901,0.1430591090492145,0.0,oil_down_20pct
2024-01-18,gasoline,60.9842899571628,7456.382999999999,-36.395378656455385,-99.5916245321092,-0.05586764003285674,0.5,-49.7958122660546,0.0,-99.5916245321092,8320.336501391112,0.008146356313156355,0.009249482584372947,0.0006691671323301784,0.0019216269333970004,0.00011557362470370057,0.0,0.0,oil_down_20pct
2024-02-01,gasoline,64.03004442197859,7437.537,190.54367853802503,90.95205400591584,-0.058695140796087605,0.5,45.47602700295792,0.0,90.95205400591584,8320.336501391112,0.006849179892761461,0.009293331259489765,0.0007410944410397802,0.002125340745559721,0.00011463275551901903,0.0,0.0,oil_down_20pct
2024-03-05,gasoline,66.13339590912999,7490.583,118.45179751953668,209.40385152545252,-0.050772886621924085,0.5,104.70192576272626,104.70192576272626,104.70192576272626,8425.038427153839,0.01655446866787277,0.009439112178721789,0.0009178819227500246,0.002592244038288398,0.00011153235157362246,0.043849973033693763,0.0,oil_down_20pct
2024-04-02,gasoline,67.87875252460155,7592.171399999999,103.4738179971678,208.17574375989406,-0.04970076718155218,0.5,104.08787187994703,104.08787187994703,104.08787187994703,8529.126299033785,0.008933183701596886,0.009898317590724097,0.0008792905234530994,0.0024853775778868456,0.00010204398749787423,1.5082486838249996e-06,0.0,oil_down_20pct
2024-04-17,gasoline,71.75586813211889,7650.1853999999985,256.0242384034648,360.1121102834118,-0.05489145073971495,0.5,180.0560551417059,180.0560551417059,180.0560551417059,8709.182354175491,0.030282569650239698,0.010401969222330115,0.0013633559538363856,0.003793999555296314,9.212219480909839e-05,0.02308465947236873,0.0,oil_down_20pct
2024-04-30,gasoline,69.82222643572644,7677.782999999999,-93.8330220459643,86.22303309574161,-0.07433556980908314,0.5,43.11151654787081,0.0,86.22303309574161,8709.182354175491,0.02849815222107792,0.01093115472684437,0.0011990574827474676,0.0034136742853225106,8.224395458843723e-05,0.12968073197277216,0.0,oil_down_20pct
2024-05-16,gasoline,65.60834088169712,7700.507999999999,-259.35511776208017,-173.13208466633856,-0.0709880275659076,0.5,-86.56604233316928,-86.56604233316928,-86.56604233316928,8622.616311842321,0.011357835131608518,0.010811984581542656,0.0007610621168722401,0.0022034259153845864,8.441962732980989e-05,0.029974718740912225,0.0,oil_down_20pct
2024-06-14,gasoline,62.485898276493515,7649.3295,-190.74744130575527,-277.31348363892454,-0.06723818628055188,0.5,-138.65674181946227,-138.65674181946227,-138.65674181946227,8483.959570022858,0.017400186797785794,0.010393173611224847,0.000503019338513921,0.001472826511873144,9.229111326406665e-05,0.01085376389188514,0.0,oil_down_20pct
2024-06-28,gasoline,67.23658226522741,7619.531399999999,279.9786643119234,141.32192249246114,-0.05344899372983214,0.5,70.66096124623057,70.66096124623057,70.66096124623057,8554.620531269089,0.034254357969758356,0.010039008883730388,0.0008564570221552848,0.002431286590369269,9.922134401840215e-05,0.17525560326679027,0.0,oil_down_20pct
2024-07-12,gasoline,68.96485263192568,7583.588999999999,102.1689417912321,172.82990303746266,-0.06804379710834674,0.5,86.41495151873133,86.41495151873133,86.41495151873133,8641.03548278782,0.006546620725874038,0.010341757385490664,0.0013836533208735177,0.003890637240720255,9.328165040072415e-05,0.0009927528380241938,0.0,oil_down_20pct
2024-07-26,gasoline,67.00317032517661,7577.578799999999,-113.2279644262509,-26.813012907519578,-0.08034254355597335,0.0,-0.0,0.0,-26.813012907519578,8641.03548278782,0.006096907528348949,0.01059184398221027,0.0014011187341147352,0.003977889800876654,8.851339965507313e-05,0.02987017538393874,0.0,oil_down_20pct
2024-08-09,gasoline,62.90775088931443,7543.7685,-277.61706363200983,-304.4300765395294,-0.08545342726090013,0.5,-152.2150382697647,-152.2150382697647,-152.2150382697647,8488.820444518055,0.03467493507182583,0.010425523948360221,0.0009053029044145261,0.002634666884972866,9.167059166342367e-05,0.09267767150186373,0.0,oil_down_20pct
2024-09-06,gasoline,61.72895881097508,7422.9759,-117.63047775862134,-269.84551602838604,-0.08358722955277995,0.5,-134.92275801419302,-134.92275801419302,-134.92275801419302,8353.897686503862,0.015046319588093233,0.00983022247796399,0.0009107178888050259,0.0026456232312632288,0.00010342437484770891,0.001196091825748937,0.0,oil_down_20pct
2024-09-21,gasoline,57.96384078553035,7349.3081999999995,-238.34158148809752,-373.26433950229057,-0.076691707459467,0.5,-186.63216975114528,-186.63216975114528,-186.63216975114528,8167.265516752717,0.02987571267725855,0.009254327037563482,0.0005476444231980918,0.0016120782991548464,0.00011546948741563924,0.010695453048726624,0.0,oil_down_20pct
2024-10-11,gasoline,60.3059688764896,7227.1035,78.5455959485354,-108.08657380260989,-0.07008835652522712,0.5,-54.043286901304946,-54.043286901304946,-54.043286901304946,8113.2222298514125,0.014636736039593243,0.008670990291821707,0.0008406751804360114,0.0024225185891632033,0.000128346460967998,0.07031924742147473,0.0,oil_down_20pct
2024-10-24,gasoline,59.7165232717827,7178.4792,-49.46645925531444,-103.50974615661939,-0.07021463234878668,0.5,-51.75487307830969,-51.75487307830969,-51.75487307830969,8061.467356773102,0.002412912330879139,0.008520415355384982,0.0008517578568902147,0.0024534130548377565,0.00013178086361288093,2.094735130110299e-05,0.0,oil_down_20pct
2024-11-07,gasoline,58.166028927219465,7153.164,-108.78851088847462,-160.54338396678432,-0.06697924397834339,0.5,-80.27169198339216,-80.27169198339216,-80.27169198339216,7981.1956647897105,0.005925806377216196,0.008353589460475937,0.0006597959117253572,0.0019138719035639996,0.00013563887845513718,0.003252835841861075,0.0,oil_down_20pct
2025-01-03,gasoline,58.33000534356553,7192.2366,46.11260343079377,-34.15908855259839,-0.04969592752130954,0.0,-0.0,0.0,-34.15908855259839,7981.1956647897105,0.005521787896087146,0.008185450852489083,0.0005241148792833432,0.0015094965086894377,0.00013958357155895095,0.025774178135506344,0.0,oil_down_20pct
2025-01-17,gasoline,62.91860244881415,7215.964199999999,295.1271863519175,260.9680977993191,-0.04604701514313369,0.5,130.48404889965954,130.48404889965954,130.48404889965954,8111.67971368937,0.02555754393897325,0.008415617949071726,0.000903343276763028,0.0025424727708970815,0.0001341979075018692,0.06810434806899496,0.0,oil_down_20pct
2025-02-20,gasoline,59.54480216549738,7284.483,-203.28987452843143,-72.80582562877188,-0.053555994802839124,0.25,-18.20145640719297,0.0,-72.80582562877188,8111.67971368937,0.016096312753601873,0.008918319904459161,0.0006129043353078183,0.0017619852301537806,0.000122803633739906,0.06810434806899496,0.0,oil_down_20pct
2025-03-06,gasoline,57.984295696444974,7273.5264,-117.92869663520953,-190.73452226398143,-0.055233418784232366,0.5,-95.36726113199072,-95.36726113199072,-95.36726113199072,8016.312452557379,0.013632527897540932,0.008880885985861299,0.00036467038327085016,0.0010666311160134703,0.00012363469645941568,0.03637965798326923,0.0,oil_down_20pct
2025-03-20,gasoline,56.029036966738595,7269.1362,-139.8768007884083,-235.24406192039902,-0.04278748836173675,0.5,-117.62203096019951,-117.62203096019951,-117.62203096019951,7898.69042159718,0.011472017483565255,0.008519999453011304,0.00013135078514890403,0.0003882326497682389,0.00013179041255886076,0.00198109912042621,0.0,oil_down_20pct
2025-04-03,gasoline,58.50018015017974,7169.0085,134.9037037593789,17.281672799179404,-0.041782822770705295,0.0,0.0,0.0,17.281672799179404,7898.69042159718,0.00984312065137749,0.008223079614938702,0.0003626673602801238,0.0010484717826474573,0.00013869585375607236,0.05533976866880853,0.0,oil_down_20pct
2025-04-18,gasoline,52.18724837122724,7119.423,-313.45074199238303,-296.16906919320365,-0.04945654185699878,0.5,-148.08453459660183,-148.08453459660183,-148.08453459660183,7750.605887000578,0.03263225502241267,0.00816126546728152,0.0001549837987314659,0.00045952724219053937,0.00014015563533618106,0.08771611754676864,0.0,oil_down_20pct
2025-05-20,gasoline,50.99405179127956,7002.8955,-210.78443410398881,-358.86896870059064,-0.0467716042600633,0.5,-179.43448435029532,-179.43448435029532,-179.43448435029532,7571.171402650283,0.026484307600492155,0.007585801202243411,7.584949563073735e-05,0.00022673906613430222,0.00015411233179022114,0.003931277398236427,0.0,oil_down_20pct
2025-06-04,gasoline,51.611731207988264,6922.7262,-36.29182342349403,-215.72630777378936,-0.03366905232367603,0.5,-107.86315388689468,-107.86315388689468,-107.86315388689468,7463.308248763388,0.012865299369484847,0.006998838963331228,5.209452478838218e-05,0.00015455364350477123,0.00016903018830139425,0.020489821377205203,0.0,oil_down_20pct
2025-06-18,gasoline,55.99871296707768,6871.2858,184.6023889247088,76.73923503781413,-0.0261589032962926,0.25,19.18480875945353,0.0,76.73923503781413,7463.308248763388,0.01275034617354897,0.006785962355821364,0.00012819681648630152,0.0003734324349207698,0.00017461079086177007,0.046537839865711694,0.0,oil_down_20pct
2025-07-02,gasoline,57.065829240067366,6910.2585,-7.831595264077442,68.90763977373669,-0.02003314908746002,0.25,17.226909943434173,0.0,68.90763977373669,7463.308248763388,0.0038534905437795706,0.006948236149481447,6.806948599005801e-05,0.00019888031449344305,0.00017034853960970286,0.0,0.0,oil_down_20pct
2025-07-16,gasoline,56.225596738781576,6940.863,-118.80182668207004,-49.89418690833335,-0.015270935150771263,0.0,-0.0,0.0,-49.89418690833335,7463.308248763388,0.0020360131887225043,0.007102709198082514,3.415853909268751e-05,0.00010003663952140198,0.00016634011002922538,0.0,0.0,oil_down_20pct
2025-08-27,gasoline,53.12185525383714,6955.9065,-173.79876987244944,-223.6929567807828,-0.01294545272616701,0.5,-111.8464783903914,-111.8464783903914,-111.8464783903914,7351.461770372997,0.018646190138893647,0.007125854590243547,1.2739686597001604e-05,3.836139241740191e-05,0.0001657436200315532,0.05003853891332916,7.857066429245899e-05,oil_down_20pct
2025-10-14,gasoline,51.8361962168013,6923.5938,-135.4802686835026,-247.326747073894,-0.001798537397297486,0.5,-123.663373536947,-123.663373536947,-123.663373536947,7227.79839683605,0.013299827768650603,0.006748850539333012,0.00010496037368472169,0.0003208346988309148,0.000175592962028935,0.000558556043618758,0.0020640611591597187,oil_down_20pct
2025-10-28,gasoline,49.48651799294296,6903.991799999999,-191.4594577954428,-315.1228313323898,0.0130986411606035,0.5,-157.5614156661949,-157.5614156661949,-157.5614156661949,7070.236981169855,0.025326941382281906,0.006301801503038874,0.00042450275629716703,0.0013312733116448824,0.00018764064206214806,0.004596309040785062,0.010322216054950898,oil_down_20pct
2025-11-11,gasoline,50.61171405442782,6823.35,23.45025635424985,-134.11115931194504,0.0238173358878184,0.5,-67.05557965597252,-67.05557965597252,-67.05557965597252,7003.1814015138825,0.013320622622422501,0.005850559000574144,0.00038125122725448393,0.0011779633245278703,0.0002002066805962334,0.032765225407637065,0.009055729445554576,oil_down_20pct
2025-11-25,gasoline,49.786371173160944,6781.9482,-88.1870761067137,-155.24265576268624,0.027379107744603164,0.5,-77.62132788134312,-77.62132788134312,-77.62132788134312,6925.56007363254,0.010359389045028759,0.005723229415414458,0.0004954517310400308,0.0015416224643878093,0.00020382617832488703,0.00044654014224768785,0.012058667581451788,oil_down_20pct
2025-12-09,gasoline,49.79053683164337,6734.178,-49.58985975933978,-127.21118764068291,0.03158048485909648,0.5,-63.605593820341454,-63.605593820341454,-63.605593820341454,6861.954479812198,0.009465991957628497,0.005576754990661524,0.0005500625284031948,0.0017122213341395265,0.00020802999659940726,0.000785763205074889,0.013464848284935878,oil_down_20pct
2025-12-23,gasoline,48.020117238976695,6722.0766,-154.8065673745133,-218.41216119485475,0.03919126958294448,0.5,-109.20608059742737,-109.20608059742737,-109.20608059742737,6752.748399214771,0.02205106976651889,0.005430331094192638,0.0009664542042122157,0.0030755763611974847,0.0002122752520248499,0.00831761757722875,0.024586224495587696,oil_down_20pct
2026-01-21,gasoline,50.62085397193019,6637.7474999999995,94.02910962920475,-15.17697096822262,0.04267471017618991,0.0,-0.0,0.0,-15.17697096822262,6752.748399214771,0.014943572689292388,0.005250126134020012,0.0005976281203725821,0.0018464006140474594,0.00021755877906231948,0.047703872157807206,0.014569047108974451,oil_down_20pct
2026-02-04,gasoline,52.97254659523012,6611.8491,148.88100585351975,133.70403488529712,0.03868987977738778,0.5,66.85201744264856,66.85201744264856,66.85201744264856,6819.600416657419,0.009620780728311244,0.005568080318325724,0.0002893968332855485,0.0008723838752647602,0.00020828030569829738,0.017876768944608747,0.006534045843805673,oil_down_20pct
2026-02-25,gasoline,55.02672667473641,6593.259599999999,113.08157052890829,179.93358797155685,0.025670877473500463,0.5,89.96679398577842,89.96679398577842,89.96679398577842,6909.5672106431975,0.007406778258973927,0.006151552629294192,6.847053545413956e-05,0.0002022593442911682,0.00019177949457920866,0.0021371715785553063,0.0011569222729628582,oil_down_20pct
2026-03-10,gasoline,62.72292902595721,6829.4115,482.4871326772759,572.4539266630543,0.048263159916019496,0.75,429.3404449972907,429.3404449972907,143.11348166576357,7338.907655640488,0.09529217969756892,0.007195972112386078,3.21992437853919e-05,8.881134082764259e-05,0.00016394313014679503,0.46069790000353494,0.0,oil_down_20pct
2026-03-24,gasoline,80.43060319636332,6966.3366,1263.382096230218,1406.4955778959816,0.006518367251951635,0.75,1054.8716834219863,1054.8716834219863,351.6238944739953,8393.779339062474,0.36814655033683863,0.010118520342665933,0.0050219396447377515,0.012113115084669647,9.7643640218307e-05,1.5651573209805334,0.0,oil_down_20pct
2026-04-08,gasoline,92.97091123870412,7057.62,655.1762999754274,1006.8001944494226,-0.12932151901950986,0.75,755.100145837067,755.100145837067,251.70004861235566,9148.87948489954,0.11522068639157484,0.014546089056458829,0.011657803069911755,0.028419533784369972,2.9745144580078152e-05,0.3594518989841068,0.0,oil_down_20pct
2026-04-22,gasoline,85.37022142654399,7057.62,-524.6665771774123,-272.9665285650566,-0.23631228160478174,0.5,-136.4832642825283,-136.4832642825283,-136.4832642825283,9012.396220617013,0.5616774533366335,0.016516241879786165,0.009056765021489737,0.02461717408441021,1.2136570640155836e-05,3.179683908801946,0.0,oil_down_20pct
2026-05-09,gasoline,91.55876530298055,7057.62,308.6056320202655,172.1223677377372,-0.21697385529640476,0.5,86.0611838688686,86.0611838688686,86.0611838688686,9098.457404485882,0.04258076243586949,0.015907600474604825,0.01022824727300549,0.026996418942271175,1.6747733875454656e-05,0.19810412561203913,0.0,oil_down_20pct
2016-04-27,gasoline,38.221507737802774,5806.577929684669,204.14426929879056,204.14426929879056,0.004300744047209507,0.5,102.07213464939528,102.07213464939528,102.07213464939528,6232.072134649396,0.015477022374016824,0.022520508887776774,2.3747107220467542e-05,6.847424401026801e-05,6.352965053361707e-06,0.04167488268753712,0.0,high_volatility
2016-05-12,gasoline,53.248932096014,6334.5571596029995,120.90038428914447,222.97251893853974,0.07617871973863873,0.75,167.22938920390482,167.22938920390482,55.74312973463492,6399.301523853301,0.01430321461131752,0.02257476500390674,0.000820802123684664,0.0024882726756685226,6.629414825342871e-06,0.016981871284324615,0.019823734627116885,high_volatility
2016-05-26,gasoline,43.087412242767634,5803.879678663076,219.18571948745188,274.9288492220868,-0.04259031512648088,0.5,137.4644246110434,137.4644246110434,137.4644246110434,6536.765948464345,0.015993627044673015,0.022842976521290803,0.0009709304302728416,0.002716240401092991,8.082515500610755e-06,0.0035438124688571752,0.0,high_volatility
2016-06-09,gasoline,53.98254366086013,6269.810149663387,123.04269724253507,260.5071218535785,0.017422028350365708,0.5,130.25356092678925,130.25356092678925,130.25356092678925,6667.019509391133,0.01361023193563632,0.022948338116258373,6.156519851305356e-08,1.7787247515647027e-07,8.69269764778197e-06,0.00020798622029158135,0.0,high_volatility
2016-07-22,gasoline,36.0956700211212,5847.792914175523,-173.93784016197077,-43.68427923518152,-0.08009158792708582,0.0,-0.0,0.0,-43.68427923518152,6667.019509391133,0.013533088516010731,0.022844062443426343,0.0013923947404634988,0.003953578222831875,8.088691182108216e-06,0.06786396053643519,0.0,high_volatility
2016-08-05,gasoline,39.29089226386627,6165.968387771678,-219.89018970213755,-263.57446893731907,-0.02126073474738172,0.5,-131.78723446865953,-131.78723446865953,-131.78723446865953,6535.232274922474,0.025788781948364856,0.02207097041224802,4.052535232100562e-06,1.2225094609518285e-05,4.288918448406729e-06,0.06947150067558977,1.0140906573511999e-07,high_volatility
2016-08-19,gasoline,45.88577747969849,6331.972184698533,138.97779206039178,7.190557591732244,0.027899402540787113,0.0,0.0,0.0,7.190557591732244,6535.232274922474,0.014737383567498789,0.020992150068159326,0.00027450078479257533,0.0008350829424492137,9.843617577485553e-07,0.06947150067558977,0.006227013297063028,high_volatility
2016-09-02,gasoline,60.70584098584974,6761.324450176551,134.64284794076542,141.83340553249766,0.09343903652607206,0.75,106.37505414937326,106.37505414937326,35.45835138312441,6641.607329071848,0.02672228376702587,0.020606086517200608,0.001928579539645894,0.006087951117575856,3.6734086633236225e-07,0.04526260858112837,0.03977278880677772,high_volatility
2016-09-19,gasoline,40.51983026136304,5996.591294522589,-74.94655535358969,-39.48820397046528,-0.04756378129995771,0.0,-0.0,0.0,-39.48820397046528,6641.607329071848,0.00912982121165685,0.02052093598944306,0.0004778699260148077,0.00137770584168483,2.7137430509701876e-07,0.04526260858112837,0.0,high_volatility
2016-10-20,gasoline,56.943410196316265,6492.47780269929,247.94256575672503,208.45436178625977,0.037030414133944985,0.5,104.22718089312988,104.22718089312988,104.22718089312988,6745.834509964978,0.017717449462699958,0.020152695224184492,0.00016936561084866613,0.0005036656222231354,2.3315831488752186e-08,0.04345322094771687,0.003520237668751133,high_volatility
2016-11-17,gasoline,56.27573239802947,6884.8177770991515,-315.23756277353954,-211.01038188040965,0.08018692021108699,0.25,-52.75259547010241,-52.75259547010241,-158.25778641030723,6693.0819144948755,0.062107312219866664,0.020009724576520862,0.002403342221382102,0.007858267960792706,9.456738851008979e-11,0.0985706007482017,0.055945000089925034,high_volatility
2016-12-01,gasoline,59.298870065934814,6937.800152873481,264.5201261187018,106.26233970839456,0.09527317492379046,0.75,79.69675478129592,79.69675478129592,26.56558492709864,6772.778669276171,0.03450040899525458,0.01943445379036226,0.0022300770217367222,0.0071175212704529,3.1984251523561603e-07,0.07017132152807037,0.048601835467159335,high_volatility
2016-12-15,gasoline,55.85302468130621,6562.957612910547,472.3657409647456,498.93132589184427,0.02802949695227846,0.75,374.19849441888323,374.19849441888323,124.73283147296104,7146.9771636950545,0.07188136185643443,0.019750490686519476,0.00017106602877966235,0.0004715674271803205,6.225489751352276e-08,0.34692509859826104,0.0,high_volatility
2016-12-29,gasoline,50.08355982203788,6311.950872955923,140.157046838431,264.88987831139207,-0.07229290080771551,0.5,132.44493915569603,132.44493915569603,132.44493915569603,7279.422102850751,0.05457963176640571,0.020857959614120798,0.0019181262680140292,0.005315131720211875,7.360946994623082e-07,0.23377912592956362,0.0,high_volatility
2017-01-13,gasoline,45.43776228762738,6278.841249191105,83.66865544291166,216.11359459860768,-0.09935756518586115,0.5,108.05679729930384,108.05679729930384,108.05679729930384,7387.478900150055,0.010555465437096354,0.020941174826987378,0.002947675791458007,0.008112573015182969,8.858100549547197e-07,0.002379125852830036,0.0,high_volatility
2017-01-26,gasoline,52.27811119954879,6645.886527063178,4.790944387531731,112.84774168683558,-0.05158667396245581,0.5,56.42387084341779,56.42387084341779,56.42387084341779,7443.902770993473,0.0045908020378579075,0.02086635729159315,0.0007834111253860503,0.0022282187735241945,7.505749566966193e-07,0.01066383637759575,0.0,high_volatility
2017-02-15,gasoline,48.71813764679777,6574.166159285966,-30.622184212904127,25.80168663051366,-0.07229611035598917,0.0,0.0,0.0,25.80168663051366,7443.902770993473,0.0030287557824533887,0.020547402261106955,0.0011336968685327368,0.0032306483398404436,2.996492354650063e-07,0.012734612803818768,0.0,high_volatility
2017-03-15,gasoline,54.40651611232011,6893.606471681151,-59.0322011759379,-33.23051454542424,-0.019827054470389613,0.0,-0.0,0.0,-33.23051454542424,7443.902770993473,0.0009021733812066009,0.020048142963533737,6.636750986684487e-05,0.00019392727648100887,2.317744937810678e-09,0.0,0.0,high_volatility
2017-03-29,gasoline,36.86382528422384,6294.522363595383,-149.3511908809929,-182.58170542641716,-0.12260009910292423,0.5,-91.29085271320858,-91.29085271320858,-91.29085271320858,7352.611918280264,0.01306410951894246,0.019471489492113758,0.002480387795568132,0.007040321458482044,2.793233569461744e-07,0.03333607915641897,0.0,high_volatility
2017-04-13,gasoline,39.021466449064306,6240.717259657295,199.58231118436157,108.29145847115299,-0.11816776699863307,0.5,54.145729235576496,54.145729235576496,54.145729235576496,7406.75764751584,0.017772055357942945,0.018770704871216196,0.003439156859625807,0.009492461030653147,1.5111665136515913e-06,0.08460719747578273,0.0,high_volatility
2017-05-12,gasoline,60.742985344479834,7267.652973393475,-270.0442052198293,-215.8984759842528,0.040859752848461446,0.5,-107.9492379921264,-107.9492379921264,-107.9492379921264,7298.808409523714,0.038466550317356574,0.018424984713430584,0.000977053119626919,0.0031059928775242214,2.4806731529273412e-06,0.10509911360220034,0.024831628645539845,high_volatility
2017-05-26,gasoline,50.9258435681542,6704.327462041963,118.82373594315145,10.874497951025049,-0.028671227777511743,0.0,0.0,0.0,10.874497951025049,7298.808409523714,0.00811957806605962,0.017654438054759893,0.00015812967246072346,0.00046006137206413726,5.501660838958559e-06,0.04661215193232298,0.0,high_volatility
2017-06-10,gasoline,40.57829888591758,6327.6880083958795,-238.7038542959975,-227.82935634497244,-0.09347159971213892,0.5,-113.91467817248622,-113.91467817248622,-113.91467817248622,7184.893731351227,0.01961034949872808,0.017165210740075956,0.0012168055393635118,0.0035172807360987586,8.036030148180714e-06,0.051906215612564435,0.0,high_volatility
2017-06-24,gasoline,36.76591448753677,6255.828919159127,-212.4094040202944,-326.3240821927806,-0.0885118637670449,0.5,-163.1620410963903,-163.1620410963903,-163.1620410963903,7021.731690254836,0.023193835995160703,0.01624101435725667,0.0008221873762448727,0.002408458881576072,1.4129973062350488e-05,0.009701211019834895,0.0,high_volatility
2017-07-22,gasoline,51.35852888813488,6718.1398505634,83.91511394579649,-79.24692715059382,0.014810133988804002,0.25,-19.811731787648455,0.0,-79.24692715059382,7021.731690254836,0.024051928315101802,0.015367091162440597,9.363146566966087e-05,0.00028103051024515313,2.1463844297136024e-05,0.10648740661896065,0.0017547205501306203,high_volatility
2017-08-05,gasoline,60.574178508268716,6923.580500254205,133.7885471128091,54.54161996221529,0.045823637062206844,0.25,13.635404990553823,0.0,54.54161996221529,7021.731690254836,0.009933101840448077,0.01511685720220397,0.0006832637363293379,0.0021180058119198222,2.3845083583667246e-05,0.0,0.016798445708870853,high_volatility
2017-09-16,gasoline,56.811746438203976,6731.312231248914,31.99321335557934,86.53483331779464,0.016855446749639468,0.5,43.26741665889732,0.0,86.53483331779464,7021.731690254836,0.00702357984996399,0.014878652364383762,0.00011551717495574058,0.0003474462217601459,2.6228201604832038e-05,0.0,0.0022728486810394536,high_volatility
2017-09-30,gasoline,59.378708702307584,6760.169132499542,207.63739780090535,294.1722311187,0.02130828199285266,0.5,147.08611555935,147.08611555935,147.08611555935,7168.817805814187,0.03212769361660871,0.014825085074818736,3.101585223138514e-06,8.978203438501794e-06,2.6779744482863807e-05,0.08653730156135385,0.0,high_volatility
2017-11-03,gasoline,52.52873361533825,6603.362746831248,96.71505673135974,243.80117229070973,-0.025631379141526456,0.5,121.90058614535486,121.90058614535486,121.90058614535486,7290.718391959542,0.012441979285550504,0.015278044972937287,0.00041380026664122237,0.0011749934759345037,2.229685927760283e-05,0.002537243567452855,0.0,high_volatility
2017-11-17,gasoline,60.70083865618044,6848.877355813186,249.61132521568751,371.5119113610424,-0.004512914042960593,0.5,185.7559556805212,185.7559556805212,185.7559556805212,7476.474347640063,0.030456389948303103,0.015678295057856666,0.00020235037271603193,0.000573262801855656,1.8677133606946125e-05,0.016310032873890597,0.0,high_volatility
2017-12-29,gasoline,58.28520526260605,6855.308594121372,37.56497281520312,223.32092849572433,-0.030610910506838146,0.5,111.66046424786217,111.66046424786217,111.66046424786217,7588.134811887925,0.013867861962230502,0.016189193399922593,0.00047079178444316155,0.0013377508528753732,1.4522246943193532e-05,0.021960567402588994,0.0,high_volatility
2018-01-13,gasoline,57.12469499064178,6815.052877754906,209.23890097806776,320.89936522592996,-0.05343740804366233,0.5,160.44968261296498,160.44968261296498,160.44968261296498,7748.58449450089,0.022589665513175382,0.01645680838097184,0.0013134908125426257,0.003657551863124474,1.255420684915139e-05,0.009521551314710741,0.0,high_volatility
2018-01-27,gasoline,84.16161638724532,7700.530945810211,6.037299654507582,166.48698226747257,0.053759709683807645,0.5,83.24349113373628,83.24349113373628,83.24349113373628,7831.827985634626,0.016260331180401273,0.016784622594904177,0.0006113642704000161,0.0018693044903682697,1.033865185720075e-05,0.0238431840109093,0.01475735342183146,high_volatility
2018-02-10,gasoline,65.65245495235726,7238.635057385389,-181.28110998883025,-98.03761885509397,-0.021948174420537748,0.5,-49.018809427546984,0.0,-98.03761885509397,7831.827985634626,0.012460152016099381,0.016741422745325148,8.488898402673992e-05,0.0002477889085421248,1.06183257246843e-05,0.027717915264529727,0.0,high_volatility
2018-03-01,gasoline,73.33203067569086,7497.198364325411,-48.097033180624756,-146.13465203571872,0.015366044081011197,0.5,-73.06732601785936,-73.06732601785936,-73.06732601785936,7758.760659616767,0.010201970975603436,0.016347988375816917,0.00022569210166452846,0.0006910660189618665,1.3337188903168366e-05,0.021355336525600586,0.005044898274936239,high_volatility
2018-03-29,gasoline,74.65900288177336,7458.8159267661995,82.67474042095604,9.607414403096683,0.01978654845547189,0.0,0.0,0.0,9.607414403096683,7758.760659616767,0.005146793354252093,0.01581163073305479,0.00015096910159265658,0.00045544485757475416,1.7542437116291154e-05,0.021355336525600586,0.0031320599982458965,high_volatility
2018-04-13,gasoline,68.00211349025577,7192.799805292396,37.94637634922388,47.553790752320566,-0.018684360700257745,0.0,0.0,0.0,47.553790752320566,7758.760659616767,0.0018294572375833157,0.015540027087788984,5.731384239044501e-05,0.00016756654488380617,1.9891358377656015e-05,0.0,0.0,high_volatility
2018-04-27,gasoline,82.65542204688077,7515.767768944952,225.57961792653427,273.13340867885483,0.02766891977745002,0.5,136.56670433942742,136.56670433942742,136.56670433942742,7895.327363956195,0.02802482259008844,0.015427005479230631,4.8483247961751206e-05,0.00014223060188954246,2.091227888698667e-05,0.07460185893653033,0.0007217305852947892,high_volatility
2018-05-12,gasoline,67.7568076850893,7111.086422401422,131.69759976089796,268.2643041003254,-0.050284265296544325,0.5,134.1321520501627,134.1321520501627,134.1321520501627,8029.459516006357,0.014692391718670159,0.01576520517742803,0.0010536425139249168,0.0029566902155894526,1.7933487189282355e-05,2.3708179396656537e-05,0.0,high_volatility
2018-05-26,gasoline,68.45242600176768,7109.311023212125,160.55790126544173,294.6900533156044,-0.06942864502480163,0.5,147.3450266578022,147.3450266578022,147.3450266578022,8176.804542664159,0.017984367115396728,0.016082708927019386,0.0017934174289467118,0.004977504164201907,1.5345169350453612e-05,0.0006983202215888207,0.0,high_volatility
2018-06-09,gasoline,67.05784707390163,7318.718911903138,-173.47078230164053,-26.125755643838318,-0.05724533228970354,0.0,-0.0,0.0,-26.125755643838318,8176.804542664159,0.015611922442135696,0.016268112557950142,0.0007037882803908173,0.0020197328913770063,1.3926983880129434e-05,0.08684222752315379,0.0,high_volatility
2018-06-26,gasoline,90.42745003007376,8126.708130155733,6.6174033872120885,-19.508352256626228,0.05383558364517436,0.0,-0.0,0.0,-19.508352256626228,8176.804542664159,0.010723402062292475,0.015974565145549992,0.0009283523501051398,0.0029023379330274358,1.6204125767420962e-05,0.0,0.023186160531332517,high_volatility
2018-07-10,gasoline,75.1401726897174,7558.780245762169,214.66587280034227,195.15752054371603,-0.021762437431420853,0.5,97.57876027185802,97.57876027185802,97.57876027185802,8274.383302936018,0.014209217206034745,0.015793793000399108,0.00024467375131116274,0.0007014105241467006,1.769217732349154e-05,0.03808645782477095,0.0,high_volatility
2018-07-24,gasoline,76.22438907767715,7712.056056429977,-65.87351825813995,31.705242013718063,-0.012915347397818362,0.0,0.0,0.0,31.705242013718063,8274.383302936018,0.007333711034684584,0.015828718984420977,2.161033842929871e-05,6.336190252889684e-05,1.7399585310929966e-05,0.03808645782477095,0.0,high_volatility
2018-08-07,gasoline,84.76198942513767,8035.437471702592,18.705901528587614,50.41114354230568,0.03026349441771012,0.25,12.60278588557642,0.0,50.41114354230568,8274.383302936018,0.00533440144206591,0.015556293881238858,0.0003176061244296803,0.0009685924981732074,1.974652406991521e-05,0.0,0.007327032754966172,high_volatility
2018-08-21,gasoline,95.17669989572853,8541.731880591271,-163.93719547363938,-113.5260519313337,0.0912991067142636,0.25,-28.381512982833424,0.0,-113.5260519313337,8274.383302936018,0.03869923558758552,0.0152969646620542,0.0026165855501637364,0.00852120868492652,2.2118541389966976e-05,0.0,0.06308719283888008,high_volatility
2018-09-04,gasoline,62.024180700925235,7418.680354003413,157.36988972583885,43.84383779450515,-0.05534436154414343,0.0,0.0,0.0,43.84383779450515,8274.383302936018,0.0017267358503805772,0.015050101788048175,0.0006562299859305203,0.0018849419754041195,2.450149230868388e-05,0.0,0.0,high_volatility
2018-09-18,gasoline,83.42027689754096,8093.538013430542,89.08502852718316,132.9288663216883,0.03765559521616162,0.5,66.46443316084415,66.46443316084415,66.46443316084415,8340.84773609686,0.009686076913934477,0.014881517090069714,0.00030471757908529624,0.0009210963938977702,2.619886729924841e-05,0.017670083501569275,0.006935384990572894,high_volatility
2018-10-01,gasoline,81.61390260019095,8046.3867358602765,132.41098727782045,198.8754204386646,0.02340456780131372,0.5,99.4377102193323,99.4377102193323,99.4377102193323,8440.285446316193,0.00910423403850939,0.01495894065130237,6.014734207365937e-05,0.00017771862842381415,2.5412279357091777e-05,0.004348947999903285,0.0009762031127581893,high_volatility
2018-10-20,gasoline,62.98720748067951,7494.328408646434,82.72249276882769,182.16020298816,-0.0662230564353678,0.5,91.08010149408,91.08010149408,91.08010149408,8531.365547810274,0.007062435724335694,0.015122914401885713,0.0013478095394108662,0.003789119037635012,2.3785963931333794e-05,0.00027939849441765383,0.0,high_volatility
2018-11-03,gasoline,61.04255906688413,7591.757157294309,-205.8983005825172,-114.81819908843721,-0.06376691865244538,0.5,-57.409099544218606,-57.409099544218606,-57.409099544218606,8473.956448266055,0.017928512056744273,0.015105191204012186,0.0006730076848242913,0.0019454389730279653,2.3959153149279678e-05,0.08819617129996904,0.0,high_volatility
2018-11-17,gasoline,57.95722291762013,7708.083147110857,-518.8956027522863,-576.304702296505,-0.039359761245214744,0.75,-432.2285267223787,-432.2285267223787,-144.07617557412624,8041.7279215436765,0.11382097721580034,0.014273472909366357,0.00010812733784866107,0.00034265010173711695,3.279311251976102e-05,0.5619584119606563,0.002235116080853513,high_volatility
2018-12-01,gasoline,39.983799549953225,7008.253781900888,-273.54337655879556,-417.6195521329218,-0.08746528476348545,0.5,-208.8097760664609,-208.8097760664609,-208.8097760664609,7832.918145477216,0.06926956982919222,0.012554626431099562,0.0006960787043597327,0.0020504488336295723,5.5433587580481255e-05,0.19966375257860472,0.0,high_volatility
2018-12-15,gasoline,68.47757031510386,8022.276185055805,-97.33194691257069,-306.14172297903156,0.08360402898261388,0.25,-76.53543074475789,-76.53543074475789,-229.60629223427367,7756.382714732458,0.08440468384708365,0.011693709769533977,0.002697248956763568,0.008888831950432455,6.899445739273531e-05,0.06998600972114054,0.06724927631073963,high_volatility
2018-12-29,gasoline,52.51233578176628,7521.297919869798,-327.5483685494459,-557.1546607837196,0.028744118718976336,0.75,-417.8659955877897,-417.8659955877897,-139.28866519592987,7338.516719144669,0.11760709059213287,0.010924367501776465,0.0021107660031763733,0.007209216346590443,8.236710524281118e-05,0.4660262179842526,0.04947023971840933,high_volatility
2019-01-15,gasoline,52.911229752664156,7294.486837810749,44.9831553671378,-94.30550982879207,0.05396395081478641,0.5,-47.152754914396034,0.0,-94.30550982879207,7338.516719144669,0.13716586953887042,0.009507756288435833,0.0009326003294845452,0.0029160179396123154,0.00011008717810285781,0.6984479610742987,0.023296863900325492,high_volatility
2019-01-29,gasoline,71.89581445959746,7777.55368536727,111.76132228256643,17.455812453774357,0.11644923635160614,0.0,0.0,0.0,17.455812453774357,7338.516719144669,0.06296319191131261,0.009539189358571709,0.004285491948106425,0.014358363837146376,0.00010942855927581939,0.0,0.14032806996378178,high_volatility
2019-02-15,gasoline,59.29884888583145,7172.003704833645,71.49004331866516,88.94585577243951,0.03678291574238868,0.5,44.47292788621976,0.0,88.94585577243951,7338.516719144669,0.011218624432338592,0.009569111393801568,0.0004533537477706048,0.0013920150522376247,0.00010880343711492028,0.0,0.010823863124093318,high_volatility
2019-03-01,gasoline,62.62339281755892,7262.22105054547,175.91240909138762,264.8582648638271,0.049494168785530326,0.5,132.42913243191356,132.42913243191356,132.42913243191356,7470.945851576583,0.02957840641052031,0.009746792788841814,0.0003428002099581581,0.0010279588334974035,0.00010512825811494625,0.07014990046667721,0.007816910717543786,high_volatility
2019-03-29,gasoline,73.11733232415301,7602.344124604027,105.71896539041215,238.14809782232572,0.07728391544421015,0.75,178.61107336674428,178.61107336674428,59.537024455581445,7649.556924943327,0.014715977210911741,0.010426626874780725,0.0009489948630160511,0.002897457313497733,9.164947299467068e-05,0.008531086674032773,0.023146658840124016,high_volatility
2019-04-13,gasoline,78.070279499342,7728.0962302981325,244.21088793449323,303.7479123900747,0.07016282704230456,0.75,227.81093429255603,227.81093429255603,75.93697809751868,7877.367859235884,0.012240677334817667,0.011272483916795355,0.0005628572845246807,0.0016851493170762894,7.616953698259575e-05,0.009682505260476872,0.01324186317705071,high_volatility
2019-04-27,gasoline,69.41506606427987,7428.639784186924,59.09202300683088,135.02900110434956,-0.00040514657934420965,0.5,67.51450055217478,67.51450055217478,67.51450055217478,7944.882359788058,0.021256384910097563,0.012052764871266459,8.509636434488316e-06,2.4780496063701733e-05,6.315854619137644e-05,0.10277978667953774,0.0,high_volatility
2019-05-14,gasoline,78.77941385533228,7885.0177420151795,-18.14182422993147,49.37267632224331,0.05240780176639422,0.0,0.0,0.0,49.37267632224331,7944.882359788058,0.014954866356781338,0.012181388707877865,0.0008817906330063531,0.002752577160180254,6.113068253729977e-05,0.018232831139238435,0.021972621487885386,high_volatility
2019-05-28,gasoline,58.713855641031216,7263.10507147221,63.858019456574134,113.23069577881745,-0.033868570206110796,0.5,56.615347889408724,56.615347889408724,56.615347889408724,8001.497707677467,0.004873564272760891,0.012143212319162653,0.0003630163830273055,0.0010421148133258435,6.17291126617575e-05,0.012821190466555107,0.0,high_volatility
2019-06-12,gasoline,56.43256180691418,7448.458852724933,-248.96420766596523,-192.3488597765565,-0.014248762849808893,0.5,-96.17442988827825,-96.17442988827825,-96.17442988827825,7905.323277789188,0.023397959403364758,0.01213110904736462,1.6312702220827423e-06,4.8752739464850296e-06,6.191944482446693e-05,0.09337886477341989,0.0,high_volatility
2019-06-26,gasoline,55.74665801950781,7443.118050455311,-106.08016421167778,-202.25459409995602,-0.002098333547941317,0.5,-101.12729704997801,-101.12729704997801,-101.12729704997801,7804.19598073921,0.008692713389439909,0.011622796461834036,6.224016558638934e-05,0.00018859108390622322,7.017753911986036e-05,9.812357248577524e-05,0.0010558576707136447,high_volatility
2019-07-10,gasoline,70.72236127770434,7815.674304187257,56.48662406773036,-44.64067298224765,0.06146862868145577,0.0,-0.0,0.0,-44.64067298224765,7804.19598073921,0.021598335513207948,0.011224889190865743,0.001198809565447402,0.0037786578663457477,7.700256971258488e-05,0.040906920834537966,0.028875490457139788,high_volatility
2019-08-07,gasoline,66.41517774687469,7659.6556759428195,-138.39192046893425,-183.0325934511819,0.04112966027306447,0.5,-91.51629672559095,-91.51629672559095,-91.51629672559095,7712.679684013619,0.022574756233614716,0.01107682498057719,0.0008928786534904345,0.002822274782707764,7.962305242725128e-05,0.033500930265465634,0.022537763431735747,high_volatility
2019-08-21,gasoline,60.672549050773114,7502.586565029559,-204.02816452025843,-295.5444612458494,0.03199724159620776,0.5,-147.7722306229247,-147.7722306229247,-147.7722306229247,7564.907453390695,0.029256475730251506,0.010574054937460256,0.0008425082795436188,0.0026792884855968194,8.884844032201737e-05,0.012658920394644738,0.021377671543922505,high_volatility
2019-09-04,gasoline,56.37838102654956,7261.330115609753,81.42878904816305,-66.34344157476164,0.01819259929687841,0.25,-16.58586039369041,0.0,-66.34344157476164,7564.907453390695,0.0196900888353269,0.010063466539051234,0.00013109102502689596,0.000394829498983115,9.873469722055446e-05,0.08734652857309937,0.002647765353414247,high_volatility
2019-09-19,gasoline,86.78957175097199,8219.5230968311,148.0810639977906,81.73762242302897,0.13964156018890952,0.75,61.303216817271725,61.303216817271725,20.43440560575724,7626.210670207966,0.09702740082586239,0.010135184531460754,0.005610312404041666,0.01898859557718884,9.73145842283312e-05,0.015032337568581706,0.21116508484465504,high_volatility
2019-10-22,gasoline,58.5195905113384,7383.498418689461,-194.02584013038577,-173.59143452462854,0.0271277438207151,0.5,-86.79571726231427,-86.79571726231427,-86.79571726231427,7539.414952945652,0.026501767021748255,0.010249928654056,0.0004966937541218824,0.0015460474527991227,9.506389125099824e-05,0.08773317710203823,0.012095169075477148,high_volatility
2019-11-05,gasoline,60.281147594958306,7421.968539566389,50.751356727379566,-36.044360534934704,0.044175840580143,0.0,-0.0,0.0,-36.044360534934704,7539.414952945652,0.013234697934753778,0.009954160809432589,0.0006377057664304505,0.001973344637015104,0.0001009188850427401,0.0301339861403184,0.01561203912769767,high_volatility
2019-11-19,gasoline,62.677020978065904,7475.5549047915,53.09750984378281,17.053149308848106,0.0514574838968516,0.0,0.0,0.0,17.053149308848106,7539.414952945652,0.00977004559368908,0.009964134543572522,0.0008514968126750415,0.0026553244487505165,0.00010071859545951433,0.0,0.021182981191957932,high_volatility
2019-12-03,gasoline,83.9143549788914,8257.86267070419,77.40614455838153,94.45929386722963,0.14700165483585986,0.75,70.84447040042222,70.84447040042222,23.614823466807408,7610.259423346074,0.11257324617402918,0.010051317079086193,0.006182801787314822,0.021052872532350744,9.897629186088208e-05,0.020075755945265207,0.24405377050906826,high_volatility
2019-12-31,gasoline,58.36544586215855,7228.735759375873,164.34283865927537,187.95766212608277,0.007221246332686382,0.5,93.97883106304138,93.97883106304138,93.97883106304138,7704.238254409115,0.007451656494962879,0.010399405379302522,1.0173587813849967e-06,2.9570204398575763e-06,9.217141707096535e-05,0.0021407945730725626,0.0,high_volatility
2020-02-05,gasoline,69.41108374169622,7970.923950812271,-757.1833557751916,-663.2045247121501,0.09345731285969427,0.5,-331.6022623560751,-331.6022623560751,-331.6022623560751,7372.63599205304,0.3126320197020608,0.01034843043716458,0.00556905514933267,0.01992326690276862,9.315279502625112e-05,0.7244770683032429,0.22598380263301518,high_volatility
2020-02-19,gasoline,43.21623420270262,6991.415721928204,-143.10747693599458,-474.7097392920697,0.005473093678414961,0.75,-356.0323044690523,-356.0323044690523,-118.67743482301739,7016.603687583988,0.02312556020524153,0.008837709853609963,0.0009660420290069652,0.003182114495068902,0.00012459672131219613,0.002387307830567362,0.025445244580598873,high_volatility
2020-03-18,gasoline,34.3084874217025,7021.932568214028,-75.52080427208197,-194.19823909509938,0.060758890886272815,0.25,-48.549559773774845,0.0,-194.19823909509938,7016.603687583988,0.12995158367937118,0.007664406907639364,0.0011721200996359603,0.0036917128591718446,0.0001521668569402954,0.5070360073021759,0.028820157038204394,high_volatility
2020-06-29,gasoline,39.03715480818618,6374.53688234548,138.30454368337794,-55.89369541172144,-0.04072367876899982,0.25,-13.97342385293036,0.0,-55.89369541172144,7016.603687583988,0.0026269799468602796,0.007784452551931298,0.0003431932812985964,0.0009926771433244937,0.00014921959945601778,0.0,0.0,high_volatility
2020-07-11,gasoline,31.96074075428544,5726.842106326139,86.18604716785995,30.292351756138515,-0.1652133998653668,0.0,0.0,0.0,30.292351756138515,7016.603687583988,0.002294261376353487,0.007898727421747298,0.0056052088689515665,0.015330315666032712,0.0001464407980131708,0.0,0.0,high_volatility
2020-08-22,gasoline,43.89151384922232,6142.658964799341,22.342905825653787,52.6352575817923,-0.08227466115127151,0.25,13.158814395448076,0.0,52.6352575817923,7016.603687583988,0.0026551510212594527,0.008007508926886347,0.001469100927138863,0.00416719438985878,0.00014381984213871065,0.0,0.0,high_volatility
2020-09-19,gasoline,35.85840865536245,6127.951506191486,-91.58979252956942,-38.95453494777712,-0.08501619023822818,0.0,-0.0,0.0,-38.95453494777712,7016.603687583988,0.001679448903933356,0.00811106114164162,0.0015680243206415208,0.004442209664338717,0.00014134686717778388,0.0,0.0,high_volatility
2020-10-23,gasoline,36.65481811923089,6102.295551652612,-64.51412739434339,-103.46866234212051,-0.08983019557021699,0.5,-51.734331171060255,-51.734331171060255,-51.734331171060255,6964.869356412928,0.004401511163828472,0.008148676290663926,0.0014258779327230673,0.004076359281998475,0.00014045387366347137,0.010705764086867749,0.0,high_volatility
2020-11-06,gasoline,31.779722925650802,5918.059196734668,-123.02374493978604,-174.7580761108463,-0.11688402986165544,0.5,-87.37903805542315,-87.37903805542315,-87.37903805542315,6877.490318357505,0.0076272717689417945,0.00795285958350516,0.0022202812488977077,0.0063207406436843515,0.00014513359221474345,0.00508218051548859,0.0,high_volatility
2020-11-20,gasoline,53.6864681194771,6740.32773256316,-61.352969101482024,-148.73200715690518,0.03965045747973053,0.5,-74.36600357845259,-74.36600357845259,-74.36600357845259,6803.124314779053,0.013803368251496253,0.007648289992510302,0.0008182883218839905,0.002577537007450244,0.00015256474010912115,0.0006773562651952978,0.02055049901136485,high_volatility
2020-12-04,gasoline,53.15017634353232,6524.494928417593,201.803312927532,127.43730934907941,0.01729487271913061,0.5,63.71865467453971,63.71865467453971,63.71865467453971,6866.842969453593,0.01654474602159991,0.007569579427021327,3.486765676655949e-05,0.00010291634233834059,0.00015451535562113143,0.07626949137938271,0.00045346332329824286,high_volatility
2020-12-18,gasoline,59.99389272713498,6692.413618538052,157.83178553910446,221.55044021364415,0.03393625665449471,0.5,110.77522010682208,110.77522010682208,110.77522010682208,6977.618189560415,0.012455722685345536,0.008067464691344848,0.0001235130725040486,0.00036579617291024867,0.00014238539889230192,0.00885728140113069,0.0024175997084412396,high_volatility
2021-01-01,gasoline,53.359028408978325,6555.6611635502295,47.59600272534502,158.3712228321671,-0.004365289096435415,0.5,79.18561141608355,79.18561141608355,79.18561141608355,7056.803800976499,0.005738210476739725,0.008675170292251878,4.192793754913128e-05,0.00012134182436167623,0.00012825176790949442,0.003991613508935932,0.0,high_volatility
2021-01-16,gasoline,52.40341014977385,6474.179649644469,168.73708400912557,247.9226954252091,-0.029991965447548976,0.5,123.96134771260455,123.96134771260455,123.96134771260455,7180.765148689104,0.013835156297929481,0.009182545440977146,0.0005208332783015189,0.0014745408386176713,0.00011701732313652434,0.008019466243582355,0.0,high_volatility
2021-01-30,gasoline,58.432269570267636,6713.817249981643,26.088157487768548,150.0495052003731,-0.00955028433470346,0.5,75.02475260018655,75.02475260018655,75.02475260018655,7255.78990128929,0.00618567241980588,0.009765941522028518,7.470905096902202e-05,0.00021594879558883913,0.00010473595293053998,0.009579161364786934,0.0,high_volatility
2021-02-19,gasoline,69.68882721790492,6948.912098654766,315.7283804280334,390.75313302821996,0.015838007694192562,0.5,195.37656651410998,195.37656651410998,195.37656651410998,7451.1664678034,0.04048082111039669,0.010275208366202571,1.920522523350684e-05,5.4850907824147844e-05,9.457157232077648e-05,0.05793823644948662,0.0,high_volatility
2021-03-04,gasoline,56.66497721427837,6642.2982394375995,249.16664909682834,444.5432156109383,-0.06177535533759578,0.75,333.40741170820377,333.40741170820377,111.13580390273455,7784.573879511604,0.023700636096002342,0.011329413231821501,0.0028082977259434928,0.0075230982039783045,7.517907490451207e-05,0.07621005689998353,0.0,high_volatility
2021-03-18,gasoline,67.51089789689902,7003.880241334853,218.7770072663365,329.91281116907106,-0.051465874811697274,0.5,164.95640558453553,164.95640558453553,164.95640558453553,7949.53028509614,0.04155351681564544,0.012594604778855819,0.0012471778225184808,0.0034758947664938426,5.483987838134508e-05,0.11350296585630444,0.0,high_volatility
2021-04-01,gasoline,55.94458744690208,6906.21895255366,-167.31454504742067,-2.358139462885134,-0.09106838339620005,0.0,-0.0,0.0,-2.358139462885134,7949.53028509614,0.019145363944303308,0.013020421761837646,0.0017964862090724264,0.00507540605399743,4.871451238262952e-05,0.10884246297347915,0.0,high_volatility
2021-04-29,gasoline,66.03088317598531,7207.088954091661,110.82217639307522,108.46403693019009,-0.04301542491479494,0.5,54.232018465095045,54.232018465095045,54.232018465095045,8003.762303561235,0.004529933030490386,0.012939398614201595,0.0005466845270599528,0.001563202635266851,4.985209192913836e-05,0.01176444730719364,0.0,high_volatility
2021-05-15,gasoline,46.076889487241736,6528.835429162826,214.506453217309,268.73847168240405,-0.16590964198764227,0.5,134.36923584120203,134.36923584120203,134.36923584120203,8138.131539402437,0.020767688195150995,0.013119410994664406,0.0071168492170479245,0.018974405701102863,4.734250506034506e-05,0.025687894435141686,0.0,high_volatility
2021-06-12,gasoline,62.27193077597928,7015.960722221681,105.47780735444054,239.84704319564258,-0.09994542466956795,0.5,119.92352159782129,119.92352159782129,119.92352159782129,8258.055061000257,0.012470114027903038,0.01352908107570703,0.002970288430899917,0.008173974166419733,4.18727917247729e-05,0.0008347146400056521,0.0,high_volatility
2021-06-29,gasoline,54.3614682250404,6721.045568375888,157.1784106498593,277.10193224768057,-0.16868606930093774,0.5,138.55096612384028,138.55096612384028,138.55096612384028,8396.606027124099,0.017570505027741382,0.013883370395961152,0.007312906595373921,0.019474791711157503,3.741315771300444e-05,0.0013879267582796596,0.0,high_volatility
2021-07-13,gasoline,92.11664120057766,7892.500253448843,102.88194495976249,241.4329110836028,-0.0038714928713461287,0.5,120.7164555418014,120.7164555418014,120.7164555418014,8517.3224826659,0.011900048035686525,0.014253075039273061,6.193303616955122e-05,0.00017846278441849137,3.302714650422633e-05,0.001272279070803428,0.0,high_volatility
2021-07-27,gasoline,83.10216886067826,7770.711724093752,-133.29532797469955,-12.578872432898152,-0.03608009987775218,0.0,-0.0,0.0,-12.578872432898152,8517.3224826659,0.010185614204646845,0.014424647005530254,0.0002638747494012184,0.0007649604463252325,3.108456101294277e-05,0.05828985055430285,0.0,high_volatility
2021-08-24,gasoline,69.39992432840441,7565.604945973453,-258.44494699454975,-271.0238194274479,-0.06579529905258506,0.5,-135.51190971372395,-135.51190971372395,-135.51190971372395,8381.810572952178,0.027407189181739115,0.01408817666583151,0.0004769699159861567,0.0013971298409808431,3.494965513441904e-05,0.0734539106970419,0.0,high_volatility
2021-09-07,gasoline,75.24152843610078,7681.976154186719,94.2957678013462,-41.21614191237775,-0.031100831962885513,0.0,-0.0,0.0,-41.21614191237775,8381.810572952178,0.013995506684743045,0.013491893011493488,0.00018995053116506387,0.0005519878071661891,4.23554565738473e-05,0.0734539106970419,0.0,high_volatility
2021-09-19,gasoline,61.07892689804482,7205.520852044761,27.39549509688813,-13.82064681548962,-0.10324839592596724,0.0,-0.0,0.0,-13.82064681548962,8381.810572952178,0.0007979177447043228,0.013331802643643188,0.002297150427552386,0.006454255370657092,4.446485598332399e-05,0.0,0.0,high_volatility
2021-10-10,gasoline,60.43641752599979,7081.069368361356,432.3217962762923,418.50114946080265,-0.1236927640340047,0.5,209.25057473040133,209.25057473040133,209.25057473040133,8591.06114768258,0.0663690478236765,0.013385810994104588,0.0049967605515248556,0.013401101781848506,4.374749620570774e-05,0.17514321210001307,0.0,high_volatility
2021-10-23,gasoline,75.00393980432338,7422.832435873366,289.8914293994174,499.1420041298187,-0.09738314476335884,0.75,374.356503097364,374.356503097364,124.7855010324547,8965.417650779944,0.03240417893817014,0.014230547526054274,0.004756121640094081,0.012557329955921421,3.328658184911846e-05,0.10903987032766643,0.0,high_volatility
2021-11-20,gasoline,85.03790571546712,7889.998942127227,-161.24343871028742,-36.45793767783272,-0.07630150226138985,0.0,-0.0,0.0,-36.45793767783272,8965.417650779944,0.09738083815345394,0.015151099413559032,0.0012636259626616622,0.0035942280018835485,2.3511836897187566e-05,0.5605711656451469,0.0,high_volatility
2021-12-04,gasoline,80.31484836884493,8009.995223989838,-280.634640519587,-317.0925781974197,-0.05927877608823374,0.5,-158.54628909870985,-158.54628909870985,-158.54628909870985,8806.871361681235,0.03741693035573868,0.01476504000715535,0.0003153926079319868,0.0009292409535980268,2.740480612668407e-05,0.10054770314788673,0.0,high_volatility
2021-12-18,gasoline,89.98762060053764,8394.62758122297,-90.21267896763135,-248.7589680663412,0.010891951254589562,0.5,-124.3794840331706,-124.3794840331706,-124.3794840331706,8682.491877648064,0.015564305725362344,0.013974011846950574,0.00023407932840919065,0.0007206770395765271,3.631253322069204e-05,0.004669482273546234,0.005287419466538149,high_volatility
2022-01-01,gasoline,82.95558796412689,8093.61838909407,98.34140462005362,-26.038079413116975,-0.012757753114167653,0.0,-0.0,0.0,-26.038079413116975,8682.491877648064,0.011150340097684668,0.013428993020089527,2.087165217612263e-05,6.120084619307114e-05,4.317813273003216e-05,0.061881024193430965,0.0,high_volatility
2022-01-18,gasoline,66.93212662532441,7399.198777629211,604.2198757003222,578.1817962872052,-0.11343676505877515,0.75,433.63634721540393,433.63634721540393,144.54544907180127,9116.128224863469,0.14716550284710975,0.013684848651433141,0.006341228418150741,0.01647109527050191,3.988113655530582e-05,0.7521619265052735,0.0,high_volatility
2022-01-30,gasoline,72.99310045488113,7434.107107576644,289.62382291420556,434.16927198600683,-0.1662573154982598,0.75,325.6269539895051,325.6269539895051,108.54231799650171,9441.755178852974,0.019803567468778024,0.01509008500768858,0.008986872018479631,0.023297458059560353,2.4107265231724453e-05,0.046664116100107345,0.0,high_volatility
2022-02-18,gasoline,96.43224402588096,8055.371048837896,324.20492648267924,432.74724447918095,-0.11210679950181625,0.75,324.5604333593857,324.5604333593857,108.18681111979527,9766.31561221236,0.01070946645840831,0.016052314089779997,0.0049908848553710285,0.013268352335759756,1.558422404574953e-05,4.549865017881484e-06,0.0,high_volatility
2022-03-04,gasoline,95.21719535229718,8250.358790877175,343.20456215391675,451.391373273712,-0.12374435097434212,0.75,338.54352995528404,338.54352995528404,112.84784331842798,10104.859142167645,0.01187088821172839,0.01693623214458481,0.005771312329737967,0.015258574205189068,9.386673471875405e-06,0.0007821079616408973,0.0,high_volatility
2022-03-18,gasoline,108.91410634669563,8525.907116919712,742.8414562177851,855.6892995362131,-0.12519460786928954,0.75,641.7669746521598,641.7669746521598,213.9223248840533,10746.626116819805,0.1017947940333089,0.018023565655753127,0.008484760252215963,0.02150427695492691,3.906292717118568e-06,0.36777782965535705,0.0,high_volatility
2022-04-01,gasoline,104.06071624509012,8732.730527332234,50.464626773349345,264.3869516574026,-0.1706146494712458,0.5,132.1934758287013,132.1934758287013,132.1934758287013,10878.819592648506,0.19368056495336614,0.019374121113243704,0.00703447947395363,0.018843666757105724,3.917243808873013e-07,1.038660602812725,0.0,high_volatility
2022-04-16,gasoline,112.10124428026364,9365.511739422465,-423.0128924742681,-290.8194166455668,-0.1015830394890264,0.5,-145.4097083227834,-145.4097083227834,-145.4097083227834,10733.409884325723,0.07012701947642674,0.019135834831848282,0.0015848584280974325,0.004548560624340092,7.467814378466876e-07,0.3082541114041725,0.0,high_volatility
2022-04-29,gasoline,117.42899790917524,9563.767089150122,88.55868975564022,-56.85101856714317,-0.062299381015095405,0.25,-14.212754641785793,0.0,-56.85101856714317,10733.409884325723,0.01729838590531311,0.01836206161667364,0.0008376824716788466,0.002398271870280869,2.6828421475737658e-06,0.08457593309806775,0.0,high_volatility
2022-05-17,gasoline,99.17074694126086,8936.653381480335,206.29161558665848,149.4405970195153,-0.14105473784726336,0.5,74.72029850975765,74.72029850975765,74.72029850975765,10808.13018283548,0.009567873412472366,0.018025410573008677,0.004682590343637304,0.012803949740154242,3.899003405185922e-06,0.02233249203754917,0.0,high_volatility
2022-05-31,gasoline,122.84549197867304,9326.034874306615,333.23572218613793,407.9560206958956,-0.09892019797310239,0.5,203.9780103479478,203.9780103479478,203.9780103479478,11012.108193183429,0.045591506040978474,0.01798173526228994,0.003168492292804749,0.008669631624338403,4.0733925514838655e-06,0.06683022427857838,0.0,high_volatility
2022-06-15,gasoline,110.99830639226762,9027.825977446002,431.0624271446452,635.040437492593,-0.15979624116533808,0.75,476.2803281194448,476.2803281194448,158.76010937314823,11488.388521302873,0.07337993866656191,0.018446807861102605,0.00924544639963615,0.02377092190376095,2.412405820332666e-06,0.2965942090549173,0.0,high_volatility
2022-06-29,gasoline,143.62428842061843,10100.206106014402,-337.9729340851796,-179.21282471203136,-0.07744099879920718,0.5,-89.60641235601568,-89.60641235601568,-89.60641235601568,11398.782108946858,0.22597776616482373,0.019091879307847556,0.0010106280713481543,0.0029076194316207896,8.246831915154355e-07,1.2809112121837642,0.0,high_volatility
2022-07-13,gasoline,112.35609945190392,9560.83592879861,-362.17308666786914,-451.7794990238848,-0.13223697528498427,0.75,-338.83462426791357,-338.83462426791357,-112.94487475597123,11059.947484678945,0.05329155531310087,0.018217040665450927,0.001965069248112654,0.0057069237223829755,3.1789439886556735e-06,0.24845880645120755,0.0,high_volatility
2022-07-27,gasoline,111.26288483605667,9665.285268773228,-230.55397180897248,-343.49884656494373,-0.08429602201309203,0.5,-171.74942328247187,-171.74942328247187,-171.74942328247187,10888.198061396473,0.042981859571530216,0.016940014798824052,0.0009429816747600516,0.002736905613626715,9.36350943141581e-06,0.11166985755338178,0.0,high_volatility
2022-08-10,gasoline,126.96380129496394,10098.80445408153,-278.26561819542724,-450.0150414778991,-0.01816703560349685,0.75,-337.5112811084243,-337.5112811084243,-112.50376036947478,10550.68678028805,0.029785619635819563,0.015960120461773437,9.513793833199135e-05,0.00029482058014123014,1.6320626683381674e-05,0.1099079740396451,0.0018614465927758357,high_volatility
2022-08-24,gasoline,87.08526949245747,8998.649270035563,-285.9186190994471,-398.42237946892186,-0.11247449741380487,0.5,-199.21118973446093,-199.21118973446093,-199.21118973446093,10351.47559055359,0.04533730742595295,0.01473127991527509,0.0017347482710950318,0.004996966503541363,2.7759411331183666e-05,0.07650766109618651,0.0,high_volatility
2022-09-07,gasoline,79.58818120714115,8663.853255873155,-120.78893505206352,-320.00012478652445,-0.13478888721209684,0.5,-160.00006239326223,-160.00006239326223,-160.00006239326223,10191.475528160327,0.02233298267714358,0.013900183586612975,0.0028480846873327626,0.008080600284531367,3.7207760277025754e-05,0.006150050029470803,0.0,high_volatility
2022-09-22,gasoline,103.23882135857302,9456.315708295271,-402.0992642931166,-562.0993266863788,-0.01774273221653946,0.75,-421.57449501478413,-421.57449501478413,-140.5248316715947,9769.901033145543,0.0652518992925133,0.012982552386239242,0.0002456087634824277,0.0007785727743236326,4.924457101187657e-05,0.2736847352050844,0.00576245375940651,high_volatility
2022-10-25,gasoline,84.76596655595237,8786.03213526498,123.15527262680241,-17.369559044792297,-0.05198102655822896,0.0,-0.0,0.0,-17.369559044792297,9769.901033145543,0.12211128250177368,0.011787396815946226,0.0005758931754847636,0.0016568221506992424,6.74468510587302e-05,0.710900219387881,0.0,high_volatility
2022-11-08,gasoline,90.95476271016473,8857.619660155277,156.54832269654815,139.17876365175584,-0.042993965420984624,0.5,69.58938182587792,69.58938182587792,69.58938182587792,9839.49041497142,0.007358987297061066,0.011768133911599435,0.000553906590587424,0.0015831470986821326,6.776361929735923e-05,0.019370728251631317,0.0,high_volatility
2022-11-22,gasoline,113.93012136828229,9598.98232133047,-146.6855555469435,-77.09617372106558,0.03494441748199683,0.25,-19.274043430266396,0.0,-77.09617372106558,9839.49041497142,0.012478098365102282,0.011873354346536795,0.0004125487272166485,0.0012642899179648643,6.60423695769524e-05,0.019370728251631317,0.009768898505248685,high_volatility
2022-12-06,gasoline,91.32509167997803,9009.804946847325,-479.7378198839196,-556.8339936049852,-0.03208695116251264,0.75,-417.62549520373886,-417.62549520373886,-139.2084984012463,9421.864919767682,0.13568071848309657,0.011440154958190655,8.445251776826062e-05,0.0002645684873488994,7.327094713978805e-05,0.6976442169766724,0.0016280093581585364,high_volatility
2022-12-20,gasoline,108.81657416320698,9712.61099143249,-437.8279080959235,-577.0364064971698,0.08993490338707838,0.5,-288.5182032485849,-288.5182032485849,-288.5182032485849,9133.346716519098,0.14645694286731534,0.010038345419830222,0.0043912616917909705,0.015233237634715504,9.923456197461754e-05,0.06667477134397345,0.15329432212742317,high_volatility
2023-01-04,gasoline,93.87097169731042,8870.215274022015,137.8949931433561,-150.6232101052288,0.03033539385817296,0.5,-75.3116050526144,-75.3116050526144,-75.3116050526144,9058.035111466483,0.04110872146645237,0.009191729045491153,0.0004969066465389797,0.0015417273990743262,0.00011681872102607959,0.18182821405719202,0.01205953319767072,high_volatility
2023-01-18,gasoline,77.06815719871287,8280.649641550237,-117.65037576353846,-192.96198081615285,-0.03387976832343181,0.5,-96.48099040807642,-96.48099040807642,-96.48099040807642,8961.554121058407,0.007803917379199238,0.008939079941998471,8.656972681574781e-05,0.0002553803626184233,0.00012234395252950055,0.0017925715053122005,0.0,high_volatility
2023-02-04,gasoline,111.18573104547075,9041.661086234775,186.72910415269953,90.24811374462311,0.06885976198536416,0.75,67.68608530846734,67.68608530846734,22.56202843615577,9029.240206366874,0.03186905691418545,0.00878746603934748,0.0012042502718302508,0.003766967769782325,0.00012572091781878607,0.10780331499728565,0.028866050531847567,high_volatility
2023-03-18,gasoline,73.12357239216301,7977.729285108357,-208.69492005794686,-186.1328916217911,-0.07180579130722343,0.5,-93.06644581089554,-93.06644581089554,-93.06644581089554,8936.17376055598,0.024865956181303973,0.008961771045788504,0.0007711278223598846,0.002232983823774696,0.00012184249844559303,0.10336550504512693,0.0,high_volatility
2023-04-01,gasoline,83.42107014144601,8354.748772157323,-157.6629948060473,-250.72944061694284,-0.009592157018088672,0.5,-125.36472030847142,-125.36472030847142,-125.36472030847142,8810.809040247508,0.013423372216624102,0.008639449574744603,2.2510577499053535e-05,6.787367525731453e-05,0.0001290621059647706,0.004172714142083042,0.00023440873105095035,high_volatility
2023-04-18,gasoline,112.34598809786877,8856.036500315848,271.5811679821998,146.2164476737284,0.06510696405403563,0.75,109.6623357552963,109.6623357552963,36.5541119184321,8920.471376002804,0.04891166557918691,0.00845618467866376,0.0009031018325680529,0.0027853843842387156,0.00013325967217311734,0.22095086832800562,0.02223871818788252,high_volatility
2023-04-29,gasoline,112.96301562984542,9014.28763218815,-129.10197179951643,-92.54785988108434,0.0704075063957742,0.25,-23.136964970271084,0.0,-92.54785988108434,8920.471376002804,0.02983306640315285,0.008856973934422545,0.0015624321054698944,0.004972641893375157,0.00012416702989813858,0.048103311533229345,0.03259106662823284,high_volatility
2023-05-17,gasoline,74.78059391711575,8141.386325887447,-149.0831637954175,-241.63102367650185,-0.035694396375476396,0.5,-120.81551183825093,-120.81551183825093,-120.81551183825093,8799.655864164553,0.021719041675389163,0.008807715865409937,7.40467638328522e-05,0.00021922598733474245,0.00012526722414939645,0.0583855516029542,0.0,high_volatility
2023-05-31,gasoline,81.89712708248729,8375.046876677688,69.37280386703668,-51.44270797121425,0.00930070317943066,0.25,-12.860676992803562,0.0,-51.44270797121425,8799.655864164553,0.012455229535784658,0.00852588912765705,4.623478176071102e-05,0.00013799416340346874,0.00013165522031081871,0.0583855516029542,0.0006920246370549728,high_volatility
2023-06-14,gasoline,76.74162033695495,8147.911433972126,-86.43401142797074,-137.876719399185,-0.01998914022003545,0.5,-68.9383596995925,-68.9383596995925,-68.9383596995925,8730.717504464961,0.007088061357446761,0.008539750773279665,1.5423327774782367e-05,4.5609947215181036e-05,0.00013133731233854406,0.019009989752281596,0.0,high_volatility
2023-06-29,gasoline,59.38139936813256,7512.348648448486,-13.892920974171536,-82.83128067376403,-0.10218215008805577,0.5,-41.415640336882014,0.0,-82.83128067376403,8730.717504464961,0.009394327930205127,0.00841704871430727,0.0022511902197999622,0.006328151990792832,0.0001341647604867309,0.019009989752281596,0.0,high_volatility
2023-07-13,gasoline,69.96199935512553,7822.312468858109,117.73447599455172,34.90319532078769,-0.05612998575847732,0.0,0.0,0.0,34.90319532078769,8730.717504464961,0.0011914501324832981,0.008500913736194627,0.00067569731839917,0.0019401389296343828,0.00013222898490243743,0.0,0.0,high_volatility
2023-07-27,gasoline,89.08552397090223,8325.519655727192,151.97936131028862,186.8825566310763,0.011330623733615278,0.5,93.44127831553816,93.44127831553816,93.44127831553816,8824.1587827805,0.012991697421974747,0.008669233509395274,4.16695747445393e-06,1.2191244529833394e-05,0.00012838626926461093,0.03492508997296744,9.184339122491238e-08,high_volatility
2023-08-10,gasoline,80.53757617248448,8059.775641035937,360.89098727166044,454.3322655871986,-0.034839258037499765,0.75,340.74919919039894,340.74919919039894,113.58306639679967,9164.907981970899,0.05258987467871372,0.009334379004073155,0.0013407050459206848,0.0036703030850251898,0.00011375547122875554,0.24464483090978562,0.0,high_volatility
2023-08-24,gasoline,65.44526868013433,7690.941341886421,58.15036303904906,171.73342943584873,-0.13164970509617038,0.5,85.86671471792437,85.86671471792437,85.86671471792437,9250.774696688823,0.051578327099873034,0.01044072025099226,0.004312612482386554,0.011797546494680651,9.137982931978948e-05,0.25986032356344496,0.0,high_volatility
2023-09-21,gasoline,78.68359091844248,8102.139410199728,616.5989638244619,702.4656785423863,-0.08176938069506483,0.75,526.8492589067897,526.8492589067897,175.61641963559657,9777.623955595613,0.15911245964333248,0.011138151401787566,0.004754975300579398,0.012400842415578641,7.85323605776397e-05,0.7778624171171383,0.0,high_volatility
2023-10-11,gasoline,89.49025664031171,8652.237925367363,-147.59939270213155,28.01702693346502,-0.07006877988511469,0.0,0.0,0.0,28.01702693346502,9777.623955595613,0.1909982326143865,0.012549997833573549,0.0010642192555040334,0.0030358016427185683,5.550253227975882e-05,1.1102805664425341,0.0,high_volatility
2023-10-25,gasoline,93.81686030668799,8936.898457214615,-80.80410050133055,-52.787073567865534,-0.03407352029408969,0.25,-13.196768391966383,0.0,-52.787073567865534,9777.623955595613,0.002306677092453964,0.012435185782015412,0.00023268628610688958,0.0006752016355397294,5.722641415262178e-05,0.0,0.0,high_volatility
2023-11-08,gasoline,87.41717699967579,8835.704417073644,-259.06712849979704,-311.8542020676626,-0.046603785511639934,0.5,-155.9271010338313,-155.9271010338313,-155.9271010338313,9621.696854561782,0.036156739429064735,0.012194044379069586,0.00015913980482744542,0.00047043816258892957,6.093294315593513e-05,0.09725304334725851,0.0,high_volatility
2023-11-22,gasoline,70.01690332853751,8424.901023019334,-477.5394575753766,-633.4665586092079,-0.08205458654914095,0.75,-475.099918956906,-475.099918956906,-158.36663965230196,9146.596935604875,0.08986846365936581,0.011279617492185126,0.00011658402219333416,0.0003573315706396253,7.604507108260362e-05,0.40748515080382486,0.0,high_volatility
2023-12-06,gasoline,71.63416232897896,8374.861140683952,-158.55329259366627,-316.9199322459682,-0.03214908545431679,0.5,-158.4599661229841,-158.4599661229841,-158.4599661229841,8988.136969481891,0.08876785233236596,0.00981785300147394,2.271378597210487e-05,6.776081810205733e-05,0.00010367611749959325,0.4010434389226731,0.0,high_volatility
2023-12-20,gasoline,82.72824577356855,8811.900715678514,-190.1363953066128,-348.59636142959687,0.04000019978779272,0.5,-174.29818071479843,-174.29818071479843,-174.29818071479843,8813.838788767092,0.03733833956101748,0.00923029498468749,0.0011138068754799326,0.0035736615776934075,0.00011598654611684745,0.0010033961658254419,0.028589246364051073,high_volatility
2024-01-04,gasoline,106.39466418579536,9301.768392210544,213.0193467776321,38.721166062833674,0.11245557434563223,0.0,0.0,0.0,38.721166062833674,8813.838788767092,0.07797178985246532,0.008778350946691068,0.003990119356282286,0.01330781149211252,0.00012592540747562926,0.12151942320195414,0.12510555479755517,high_volatility
2024-01-18,gasoline,54.622023646641075,7580.3386080701,-66.91560809262184,-28.194442029788163,-0.10272362548340466,0.0,-0.0,0.0,-28.194442029788163,8813.838788767092,0.0012915870303363784,0.00884484762745254,0.0022744800363648063,0.006392064948449836,0.00012443742445475121,0.0,0.0,high_volatility
2024-02-01,gasoline,68.51361765771266,7906.973761447607,320.01225991463866,291.8178178848505,-0.054691796720146894,0.5,145.90890894242526,145.90890894242526,145.90890894242526,8959.747697709518,0.031960332323697736,0.009045016290962736,0.001179914955754632,0.00330629597297442,0.00012001166806527186,0.08515763883507578,0.0,high_volatility
2024-03-05,gasoline,69.23607168084993,7917.210817740048,68.4448738122652,214.35378275469046,-0.07167981805327989,0.5,107.17689137734523,107.17689137734523,107.17689137734523,9066.924589086862,0.010679643272058767,0.009621627290617553,0.0015942285623219761,0.004462648658282476,0.00010771062009485435,0.006000676738646671,0.0,high_volatility
2024-04-02,gasoline,86.04926482160472,8471.562265716284,112.80724253244409,219.9841339097893,-0.010277748624944884,0.5,109.99206695489465,109.99206695489465,109.99206695489465,9176.916656041758,0.009732404464138823,0.010054284080089607,9.864936020320207e-05,0.00028432051124873184,9.891726515955904e-05,3.1700854129722954e-05,0.0,high_volatility
2024-04-17,gasoline,92.84682230013333,8589.818316832027,429.1197413997523,539.1118083546469,-0.008348167278380298,0.75,404.33385626598516,404.33385626598516,134.77795208866172,9581.250512307743,0.07406146154020352,0.010734452264255581,0.00068707436156802,0.001890187237677939,8.585037484335853e-05,0.34654835573941756,0.0,high_volatility
2024-04-30,gasoline,85.18043035520051,8469.368977011969,-38.65305879065049,96.12489329801123,-0.07128268921966953,0.5,48.062446649005615,0.0,96.12489329801123,9581.250512307743,0.11965762261343844,0.011835483618442543,0.0011018375272402775,0.003141338243151521,6.665932774472008e-05,0.6539434692916894,0.0,high_volatility
2024-05-16,gasoline,82.82784163314155,8581.704205712682,-390.7357875245422,-294.610894226531,-0.05647410381840952,0.5,-147.3054471132655,-147.3054471132655,-147.3054471132655,9433.945065194477,0.032320537574362165,0.011627908185305623,0.00031309169059773556,0.0009203757863783806,7.00919213536726e-05,0.08679557899695625,0.0,high_volatility
2024-06-14,gasoline,84.55328596399393,8709.67864109167,-240.24839207016214,-387.5538391834276,-0.02315650369529905,0.5,-193.7769195917138,-193.7769195917138,-193.7769195917138,9240.168145602764,0.031535955200186885,0.010993795056600177,2.222090079746599e-06,6.701682000159549e-06,8.111172748251942e-05,0.008638391017260714,0.0,high_volatility
2024-06-28,gasoline,94.62265760972659,8785.778540681,356.4228864700265,162.64596687831272,0.008281236225362183,0.5,81.32298343915636,81.32298343915636,81.32298343915636,9321.49112904192,0.05713088030107406,0.010500426883452395,2.1848816769418054e-06,6.39737578467629e-06,9.024188939663398e-05,0.3027198265903767,0.0,high_volatility
2024-07-12,gasoline,115.8221873927854,9294.658145932925,82.45654217469111,163.77952561384745,0.05711307476964741,0.5,81.88976280692373,81.88976280692373,81.88976280692373,9403.380891848845,0.013769762252631384,0.010782206395385716,0.0007615359544033833,0.00234623102482349,8.4967718937268e-05,1.2849554069071056e-06,0.018665178249036414,high_volatility
2024-07-26,gasoline,81.093093043194,8339.285245634313,-149.39577767852796,-67.50601487160424,-0.06760034162059564,0.25,-16.87650371790106,0.0,-67.50601487160424,9403.380891848845,0.008530746513285715,0.010977398508185588,0.0009895641021073786,0.0028260880892680344,8.140733768009165e-05,0.026823733010296915,0.0,high_volatility
2024-08-09,gasoline,89.40076651864325,8726.243930063905,-353.64403264041545,-421.1500475120197,-0.017597757662039235,0.75,-315.86253563401476,-315.86253563401476,-105.28751187800492,9087.51835621483,0.07845110007337672,0.010660467517747052,0.00013145537225216192,0.0004098594284022486,8.722686698705793e-05,0.39907656566859706,0.002767409648813673,high_volatility
2024-09-06,gasoline,72.39172720392183,8094.808539841651,-164.47061820968372,-269.75813008768864,-0.06263536703643861,0.5,-134.87906504384432,-134.87906504384432,-134.87906504384432,8952.639291170986,0.03712873886583379,0.009653380457443874,0.00043807665098246273,0.0012829832136329081,0.00010705253595840434,0.13102006650745238,0.0,high_volatility
2024-09-21,gasoline,88.21812323091191,8698.871715538557,-332.0509425457989,-466.9300075896432,0.030827529830204085,0.75,-350.1975056922324,-350.1975056922324,-116.73250189741077,8602.441785478753,0.05761675078102432,0.008974231568614521,0.0015298244896631398,0.005070807109334703,0.00012156756950253661,0.1854481235330137,0.03310096487128432,high_volatility
2024-10-11,gasoline,69.81267494190708,7852.1185959707,64.88160277024559,-51.85089912716518,-0.03555678258515851,0.25,-12.962724781791295,0.0,-51.85089912716518,8602.441785478753,0.08622733923570078,0.008029361757323428,0.0002555599640342909,0.0007410436894627776,0.00014329617993703086,0.4905531719722446,0.0,high_volatility
2024-10-24,gasoline,83.35002034050221,8255.11345183788,-58.50454390496881,-110.35544303213399,0.01792567410887068,0.5,-55.177721516066995,-55.177721516066995,-55.177721516066995,8547.264063962686,0.006732944147116591,0.008078832565003653,0.00021846947901483498,0.0006666414280798826,0.0001421142330132174,0.01217832380681857,0.004845114387893668,high_volatility
2024-11-07,gasoline,82.70619463780501,8275.858352115234,-154.3944740767889,-209.5721955928559,0.02720512842295291,0.5,-104.78609779642795,-104.78609779642795,-104.78609779642795,8442.477966166258,0.016214440716863253,0.007913301145276287,0.0005198378907945841,0.0016212004848354222,0.00014608828920477954,0.009843963988695519,0.01271488602406475,high_volatility
2025-01-03,gasoline,91.58368313883466,8605.294824706427,70.81495936062574,-33.97113843580222,0.07892054390428446,0.0,-0.0,0.0,-33.97113843580222,8442.477966166258,0.027136545232468574,0.007707359597801609,0.0019568729411734757,0.006286180174678802,0.00015110900805776024,0.043920505165610246,0.04132954435718843,high_volatility
2025-01-17,gasoline,89.78043087683308,8358.196490644566,324.84232617441705,290.8711877386148,0.049916308426581235,0.5,145.4355938693074,145.4355938693074,145.4355938693074,8587.913560035566,0.0352404962013364,0.007967765964123012,0.00036792529249774744,0.0011056369803001036,0.00014477465589411663,0.08460604785647251,0.008458297334128248,high_volatility
2025-02-20,gasoline,65.7435196506267,7810.458427158358,-237.53689171942472,-92.1012978501173,-0.0395402690031428,0.5,-46.05064892505865,0.0,-92.1012978501173,8587.913560035566,0.021387435301210997,0.00851447892265742,0.0003220389454338173,0.0009320191741099961,0.00013191719441808068,0.08460604785647251,0.0,high_volatility
2025-03-06,gasoline,61.81161643464909,7724.820253923177,-174.9752746367549,-267.07657248687224,-0.051729888559420116,0.5,-133.53828624343612,-133.53828624343612,-133.53828624343612,8454.37527379213,0.026570932018959593,0.008465100529816399,0.0002345824074374729,0.0006913318903620833,0.00013305390578724193,0.07132989557133551,0.0,high_volatility
2025-03-20,gasoline,65.37484368669197,7915.545749730132,-154.4261785165472,-287.96446475998334,-0.008072315049201315,0.5,-143.98223237999167,-143.98223237999167,-143.98223237999167,8310.393041412139,0.017062550199091885,0.00800755913969207,5.131454722565606e-05,0.00015593843070407218,0.00014381863778798322,0.0004363040436130946,0.0008189087971371198,high_volatility
2025-04-03,gasoline,87.02169553052688,8419.689705265502,179.64383665570733,35.66160427571566,0.07298107978789425,0.0,0.0,0.0,35.66160427571566,8310.393041412139,0.030921091265847543,0.007674882924406766,0.0016766691739012567,0.005351186488482661,0.00015190851092707994,0.08292353296450368,0.034697795136088685,high_volatility
2025-04-18,gasoline,75.46379854932259,8282.616248398017,-394.7817494576815,-359.1201451819658,0.05664637450521829,0.5,-179.5600725909829,-179.5600725909829,-179.5600725909829,8130.832968821156,0.06621222150320806,0.007615786391514893,0.0018861003262081442,0.006188594038453525,0.00015336874670058773,0.12896727867551622,0.04055386853979023,high_volatility
2025-05-20,gasoline,50.64497579020008,7301.351886137676,-304.311463197148,-483.8715357881309,-0.053606506797505483,0.75,-362.90365184109817,-362.90365184109817,-120.96788394703276,7767.929316980058,0.03476019498290589,0.006815712517611903,1.3529464672617465e-09,4.170891465565299e-09,0.0001738254364182555,0.1344594722089732,0.0,high_volatility
2025-06-04,gasoline,64.85066828066877,7703.936278343726,-63.316418371289615,-184.28430231832237,0.0516934621050515,0.5,-92.14215115916119,-92.14215115916119,-92.14215115916119,7675.787165820896,0.07021391513594823,0.0057352372033115636,0.001267768862031153,0.004053520083516412,0.00020348345764578655,0.2932471610061383,0.029267274514191945,high_volatility
2025-06-18,gasoline,81.30888754647512,8004.854567050658,193.7674012169294,101.6252500577682,0.10110847966985678,0.75,76.21893754332615,76.21893754332615,25.40631251444205,7752.006103364222,0.04863779827659407,0.0057262832577336135,0.0026593085944863247,0.008577939289244345,0.00020373898963845573,0.11338182475634724,0.06372060752721745,high_volatility
2025-07-02,gasoline,74.4352008970998,7778.262452786364,-5.8813257905115695,19.524986723930482,0.06337560600217802,0.0,0.0,0.0,19.524986723930482,7752.006103364222,0.017471580309261457,0.006193842970319945,0.0012721003434439367,0.004017916752793082,0.00019060997192818404,0.02323730576093381,0.029198815055867945,high_volatility
2025-07-16,gasoline,74.07134630617986,7836.8120552957125,-153.24114719042964,-133.71616046649916,0.07082148599878486,0.25,-33.42904011662479,0.0,-133.71616046649916,7752.006103364222,0.02920334382509178,0.006384580832432594,0.0015805174434240772,0.005032465392110019,0.00018537963910856192,0.0,0.03289865957276641,high_volatility
2025-08-27,gasoline,61.33468310346609,7551.833339096326,-202.94051873330437,-336.65667919980353,0.03349348757054941,0.5,-168.32833959990177,-168.32833959990177,-168.32833959990177,7583.677763764321,0.053287370694938156,0.006386622470237637,0.0009723215726982032,0.003113743334425543,0.00018532404776783884,0.11333771964983942,0.024894140491750153,high_volatility
2025-10-14,gasoline,63.14952511275883,7634.265055518508,-224.67618709001434,-393.00452668991613,0.06662634731520363,0.25,-98.25113167247903,-98.25113167247903,-294.75339501743713,7485.426632091841,0.09191493398570133,0.005904784201184967,0.0019595441594541466,0.006381415042936777,0.0001986751084151649,0.019643260283612962,0.042103432123133326,high_volatility
2025-10-28,gasoline,67.1159798265814,7866.711001140184,-225.53662820043473,-520.2900232178719,0.10846807884426936,0.5,-260.14501160893593,-260.14501160893593,-260.14501160893593,7225.281620482905,0.18848689526427392,0.00549023419336407,0.0061932627847219165,0.022134206732036404,0.00021053330376342123,0.10483851344351969,0.261490873823535,high_volatility
2025-11-11,gasoline,72.78354983611968,7923.71767099392,28.758755404328355,-231.38625620460758,0.14814499449769092,0.25,-57.846564051151894,-57.846564051151894,-173.5396921534557,7167.435056431753,0.206686237239684,0.0047584120756056026,0.0077484126510886054,0.027395709621390645,0.00023230600245704517,0.163698647537158,0.34764403206857575,high_volatility
2025-11-25,gasoline,60.13716479734364,7459.366849686838,-106.89062007038953,-280.43031222384525,0.09913626975824916,0.25,-70.10757805596131,-70.10757805596131,-210.32273416788394,7097.3274783757915,0.0853290975265632,0.004732210822997383,0.0036751743151379767,0.012323367021629793,0.00023310538635339827,0.0006013298577045307,0.11124716298928117,high_volatility
2025-12-09,gasoline,68.49341374697981,7708.026018093703,-85.91617108026661,-296.23890524815056,0.13922891519623404,0.25,-74.05972631203764,-74.05972631203764,-222.17917893611292,7023.2677520637535,0.17520117865126045,0.004656393864474245,0.00705428524920951,0.02480578625282184,0.00023542624924214364,6.247790335202863e-05,0.30502072927099666,high_volatility
2025-12-23,gasoline,70.76815562663033,7870.002202835998,-128.61545209402246,-350.7946310301354,0.16759011610786084,0.25,-87.69865775753385,-87.69865775753385,-263.09597327260155,6935.56909430622,0.28733760878992404,0.0045505178696479305,0.010377732413605298,0.03791999102796777,0.00023868649809606794,0.0007440818038997814,0.5222177540849475,high_volatility
2026-01-21,gasoline,59.09027613352472,7228.909888836662,149.49790544665956,-113.598067825942,0.10057884232080934,0.25,-28.3995169564855,0.0,-113.598067825942,6935.56909430622,0.05441190549067837,0.004500409063314556,0.003180045180262489,0.010464293564571365,0.0002402373192045816,0.03076421828989221,0.08643248554339858,high_volatility
2026-02-04,gasoline,67.41075608617122,7386.276289953971,218.16559547426095,104.56752764831896,0.1210195419119043,0.75,78.42564573623922,78.42564573623922,26.14188191207974,7013.994740042459,0.057474763141202076,0.0048660423830985495,0.003886219094631165,0.012786399903471357,0.00022903667315016943,0.02460232763658439,0.11771191688640892,high_volatility
2026-02-25,gasoline,65.07237111108593,7207.26970789802,128.82822320813597,154.9701051202157,0.08681666923658524,0.75,116.22757884016177,116.22757884016177,38.74252628005392,7130.222318882621,0.01704192955081816,0.005547253939451538,0.0016008666350759433,0.005013454018430114,0.0002088818686906991,0.005715944585573744,0.03279983749698387,high_volatility
2026-03-10,gasoline,73.16386360454777,7436.096124791941,582.8756840715968,621.6182103516506,0.10113365410777,1.0,621.6182103516506,621.6182103516506,0.0,7751.840529234271,0.17604377707550045,0.006914313936965626,0.0001341066706093892,0.00037127354156369567,0.0001712351797402921,1.0216787616783263,0.00246091983190694,high_volatility
2026-03-24,gasoline,117.46228861818688,8131.265085819402,1589.15851935382,1589.15851935382,0.10666242615147696,1.0,1589.15851935382,1589.15851935382,0.0,9340.999048588092,0.6415398410042543,0.010998421456949637,0.0020585316734744725,0.004831359950470807,8.10284162667047e-05,3.7445369981760543,0.0,high_volatility
2026-04-08,gasoline,116.37641340186494,7845.0950794819155,688.5436609110212,688.5436609110212,-0.13068015797776214,0.75,516.407745683266,516.407745683266,172.13591522775528,9857.406794271357,0.8138359100490907,0.016666325022767044,0.008121259470083592,0.020776944736588997,1.111338885382915e-05,4.603176889643092,0.0,high_volatility
2026-04-22,gasoline,123.51284411904017,8212.166432227767,-531.7303071563223,-359.594391928567,-0.1403418191315534,0.5,-179.7971959642835,-179.7971959642835,-179.7971959642835,9677.609598307074,0.35857323130218643,0.017618899221700943,0.002940554190330483,0.008358740968150643,5.669640916416378e-06,1.9388052830978715,0.0,high_volatility
2026-05-09,gasoline,122.95108382379581,8016.575363257014,140.45516755740087,-39.34202840688263,-0.1471999775194786,0.0,-0.0,0.0,-39.34202840688263,9677.609598307074,0.024614720089958356,0.016793215762440233,0.0045220171757872915,0.01246278184980249,1.028346514626178e-05,0.12930812670647587,0.0,high_volatility
2016-04-27,gasoline,57.23573355892125,7180.024799999999,231.63699179454832,231.63699179454832,0.20624250322923668,0.75,173.72774384591125,173.72774384591125,57.90924794863707,6303.727743845911,0.26754932610606486,0.022617153303827495,0.011241016841813542,0.03960598167006853,6.849491415735172e-06,0.12072531592716221,0.5501373753441893,conflict_spike
2016-05-12,gasoline,60.122708820492846,7180.024799999999,226.9445397818362,284.8537877304733,0.1820465222006041,0.75,213.64034079785498,213.64034079785498,71.21344693261833,6517.368084643766,0.15053909778799598,0.023024527911473476,0.007734406091935988,0.026138970111663985,9.147769087282104e-06,0.006372061581793231,0.3269215445764332,conflict_spike
2016-05-26,gasoline,64.63006625739413,7180.024799999999,379.06728714003236,450.2807340726507,0.15229170285821755,1.0,450.2807340726507,450.2807340726507,0.0,6967.648818716417,0.06512013786885922,0.02384550304830217,0.0026926916758633805,0.008186683519226676,1.4787893694501265e-05,0.223994702917,0.05942153468531092,conflict_spike
2016-06-09,gasoline,66.55186939625166,7315.217999999999,134.3260202265183,134.3260202265183,0.10751316793068676,0.75,100.74451516988873,100.74451516988873,33.58150505662957,7068.393333886305,0.11543067667348422,0.025076923816339577,0.002798959710779985,0.009009708931238097,2.5775155436916007e-05,0.48870227329935834,0.06864653986331629,conflict_spike
2016-07-22,gasoline,61.18708830657229,7473.863999999999,-188.42183109424403,-154.84032603761446,0.11425181219696982,0.25,-38.710081509403615,0.0,-154.84032603761446,7068.393333886305,0.08505486576183723,0.024730279573788653,0.004121519865773767,0.013774286940909599,2.2375544846202157e-05,0.04059782934726377,0.13181406943293486,conflict_spike
2016-08-05,gasoline,56.45908313912854,7535.963999999999,-317.668201812902,-472.50852785051643,0.12204523616536579,0.5,-236.25426392525821,-236.25426392525821,-236.25426392525821,6832.139069961047,0.23137423655320294,0.02375360165309002,0.007341590306480671,0.02657446877392586,1.4089525370080119e-05,0.2232643088914623,0.3340950099128939,conflict_spike
2016-08-19,gasoline,60.68967480286867,7551.477599999998,151.64548057393284,-84.60878335132537,0.1552579836877158,0.25,-21.152195837831343,0.0,-84.60878335132537,6832.139069961047,0.19792369855630276,0.022244078805988447,0.007791100070728442,0.027319942546031924,5.0358896874865305e-06,0.2232643088914623,0.3463929209687194,conflict_spike
2016-09-02,gasoline,64.25006755475704,7494.1320000000005,175.70902612479878,91.10024277347341,0.14833483718180482,0.75,68.32518208010507,68.32518208010507,22.775060693368346,6900.464252041153,0.114225354925342,0.021745939751104313,0.0062607927137830685,0.021325641616268536,3.0483056144861892e-06,0.01867332202511804,0.2484404268663001,conflict_spike
2016-09-19,gasoline,62.28445410739908,7468.687199999999,-140.06886105418943,-117.29380036082108,0.13608069969228961,0.25,-29.32345009020527,0.0,-117.29380036082108,6900.464252041153,0.11725626237041395,0.021445223166693495,0.005911470877522576,0.02026227309229386,2.088670001547573e-06,0.01867332202511804,0.23138955029839217,conflict_spike
2016-10-20,gasoline,67.80598863234589,7490.466,329.01907045305813,211.72527009223705,0.1387670283743158,0.75,158.7939525691778,158.7939525691778,52.93131752305925,7059.258204610331,0.08419630884148242,0.021093062168421692,0.004470879504613396,0.014661337361957936,1.1947849040347316e-06,0.10086207749016916,0.14479080889803606,conflict_spike
2016-11-17,gasoline,59.20208731972482,7614.6792,-417.16827377519536,-364.2369562521361,0.13294082663254794,0.25,-91.05923906303403,-91.05923906303403,-273.17771718910205,6968.198965547297,0.22749298045996852,0.02105036466240097,0.006652112798595695,0.023340445103564474,1.1032659240207014e-06,0.24970646947521108,0.2810756441014349,conflict_spike
2016-12-01,gasoline,62.479456916220265,7677.508799999999,285.965508107574,12.787790918471956,0.15238801972492716,0.0,0.0,0.0,12.787790918471956,6968.198965547297,0.1514405189623172,0.020196520289094813,0.0074908304832825325,0.026176787109466075,3.862022402590876e-08,0.03316714007495512,0.32754411660427346,conflict_spike
2016-12-15,gasoline,70.36377238405662,7709.9472,546.2219883377364,559.0097792562084,0.15620665553360763,1.0,559.0097792562084,559.0097792562084,0.0,7527.208744803505,0.23585438842793682,0.020377391628846435,0.002375870769058223,0.007102621876367639,1.4242444152336497e-07,1.2499677332162995,0.048461884248318945,conflict_spike
2016-12-29,gasoline,71.6522672106209,7704.647999999999,162.58598468011428,162.58598468011428,0.0830301572760358,0.75,121.93948851008571,121.93948851008571,40.64649617002857,7649.148233313591,0.145945991600855,0.022075104852922845,0.0014493085337958947,0.004523326401398555,4.306060150623941e-06,0.7641217562116009,0.030616120894966112,conflict_spike
2017-01-13,gasoline,72.89124447032638,7910.663999999999,93.35372753082551,134.00022370085406,0.09305863663106002,0.75,100.50016777564055,100.50016777564055,33.500055925213516,7749.648401089232,0.020763971530095772,0.02202598321412072,0.0020546499557275045,0.006524947787720908,4.104607983898922e-06,0.001838577894217641,0.04330033616741359,conflict_spike
2017-01-26,gasoline,72.35283313407298,8034.273599999999,6.671506888430521,40.17156281364404,0.09542637618300258,0.0,0.0,0.0,40.17156281364404,7749.648401089232,0.040883678731696696,0.021792187239271257,0.0028597863622306643,0.009356208938214573,3.211935100606727e-06,0.0404011348917276,0.07272598453108653,conflict_spike
2017-02-15,gasoline,73.34009934624422,8141.112,-43.17398830756845,-3.002425493924413,0.10808478238731632,0.0,-0.0,0.0,-3.002425493924413,7749.648401089232,0.04912544470672605,0.02123308925765092,0.0036802035502709034,0.012213283149027839,1.5205091173340999e-06,0.0,0.10972512040324445,conflict_spike
2017-03-15,gasoline,70.27469287124086,8161.735199999999,-116.67865896193955,-119.68108445586395,0.11049009662930118,0.25,-29.92027111396599,0.0,-119.68108445586395,7749.648401089232,0.06426031203666781,0.02070086795598771,0.0038490386446956497,0.012808558578478648,4.912158917303906e-07,0.0,0.11802374501726554,conflict_spike
2017-03-29,gasoline,66.66396324119025,8175.0864,-181.62868853698143,-301.3097729928454,0.11204079542336923,0.25,-75.32744324821135,-75.32744324821135,-225.98232974463406,7674.320957841021,0.11620928393859248,0.02011386793680806,0.004611309529153682,0.015688084754434204,1.2965907032923969e-08,0.022696894825250006,0.16012640109554785,conflict_spike
2017-04-13,gasoline,71.33529439209215,8126.454,244.18559186971737,18.203262125083313,0.11563718716170422,0.0,0.0,0.0,18.203262125083313,7674.320957841021,0.06543409153929047,0.019386474475643817,0.004224482225357054,0.014140790331688744,3.764135690365301e-07,0.022696894825250006,0.1371423808343274,conflict_spike
2017-05-12,gasoline,64.85592292993593,8080.285199999999,-396.0304776750676,-377.82721554998426,0.11024132590752843,0.25,-94.45680388749606,-94.45680388749606,-283.3704116624882,7579.864153953525,0.14310863276994645,0.01884126196221646,0.004652182480940098,0.0158809876835851,1.3426738402064476e-06,0.03568835120256357,0.16304119128029015,conflict_spike
2017-05-26,gasoline,68.90252673134734,8050.5432,162.08130402579286,-121.28910763669535,0.11846550156348144,0.25,-30.322276909173837,0.0,-121.28910763669535,7579.864153953525,0.08417166688289991,0.01810875315035561,0.004439084837184155,0.014907426822520012,3.5768146462898252e-06,0.03568835120256357,0.14843752055743098,conflict_spike
2017-06-10,gasoline,65.39652041660545,7981.937999999999,-284.8463679854135,-406.13547562210886,0.11037296030694237,0.25,-101.53386890552721,-101.53386890552721,-304.6016067165816,7478.330285047998,0.156299732381468,0.0176159752087304,0.004738744907977734,0.016216052970901396,5.683574205388062e-06,0.04123650613969914,0.16812725905113965,conflict_spike
2017-06-24,gasoline,60.793989592072094,7944.508799999999,-273.5248372146842,-578.1264439312658,0.11867933772721113,0.5,-289.0632219656329,-289.0632219656329,-289.0632219656329,7189.267063082365,0.24429604267146243,0.016594946960873515,0.0074702933318386774,0.02724192639237966,1.1594386199264511e-05,0.1406690330365671,0.3451048915650574,conflict_spike
2017-07-22,gasoline,63.43896965986704,7843.121999999999,87.74878292641016,-201.31443903922275,0.143366666605165,0.25,-50.32860975980569,-50.32860975980569,-150.98582927941706,7138.938453322559,0.19554141765567223,0.01523772484772613,0.0071736274450555785,0.02516658994082365,2.2679264625965117e-05,0.22797686026026684,0.3109381733963039,conflict_spike
2017-08-05,gasoline,67.70466003057068,7820.703600000001,235.3973173291478,84.41148804973074,0.14717440035413717,0.75,63.30861603729805,63.30861603729805,21.102872012432684,7202.247069359857,0.11947693761144251,0.01488771454552361,0.00624082974770437,0.021278039676276617,2.613546256805087e-05,0.05165367634744776,0.24767429017698814,conflict_spike
2017-09-16,gasoline,70.72099361115616,7877.9052,47.717921204401726,68.8207932168344,0.14576621747620716,0.5,34.4103966084172,0.0,68.8207932168344,7202.247069359857,0.1338896884909131,0.014887675265010879,0.006823753160315842,0.023658171005280233,2.613586419598159e-05,0.01603192345823213,0.286254542106162,conflict_spike
2017-09-30,gasoline,74.50348281157667,7931.508,231.05451265486022,299.87530587169465,0.1519448017502022,0.75,224.906479403771,224.906479403771,74.96882646792366,7427.153548763628,0.11515277599555758,0.014918666598171927,0.0049942261711738494,0.016360157085445408,2.5819949140533656e-05,0.20233169791119543,0.17032339141932212,conflict_spike
2017-11-03,gasoline,76.96126878730921,8115.342,120.32531005611646,195.29413652404014,0.14480091796949185,0.75,146.4706023930301,146.4706023930301,48.823534131010035,7573.624151156659,0.08852863181103628,0.015652904596168717,0.005202900345262525,0.017299325129977297,1.8897238450011068e-05,0.02460874720977628,0.18475549492484777,conflict_spike
2017-11-17,gasoline,81.59155849513313,8207.952,242.3144181822181,291.13795231322814,0.13728210993964637,0.75,218.3534642349211,218.3534642349211,72.78448807830705,7791.97761539158,0.06089266611960082,0.016132437214469764,0.003973866036305703,0.012856148318649974,1.4958041900018399e-05,0.020668583306321545,0.11869418598851264,conflict_spike
2017-12-29,gasoline,83.99142899234626,8385.3,43.00636414158654,115.7908522198936,0.13075744274008322,0.75,86.84313916492019,86.84313916492019,28.947713054973406,7878.8207545565,0.08238465934508028,0.01667604060435304,0.004640505426307156,0.015446422175750806,1.104870606390971e-05,0.06917986240006924,0.15648919278583184,conflict_spike
2018-01-13,gasoline,89.25314301693098,8525.812799999998,210.98662854512787,239.93434160010128,0.13588625983478064,0.75,179.95075620007594,179.95075620007594,59.98358540002533,8058.771510756576,0.06864249072857223,0.016837194753539658,0.004255611878301027,0.013913241111681154,1.000333702703707e-05,0.0346761133998609,0.13382846347720312,conflict_spike
2018-01-27,gasoline,91.4668567427273,8614.744799999999,20.806598668099554,80.79018406812489,0.12453740675445459,0.75,60.592638051093665,60.592638051093665,20.19754601703122,8119.36414880767,0.074649117319087,0.01716348255824344,0.004398273412059638,0.014643963931808626,8.045831197389192e-06,0.05698544147226564,0.14453408716666385,conflict_spike
2018-02-10,gasoline,88.66530888139316,8687.375999999998,-203.23537660426265,-183.03783058723144,0.1253835923749967,0.25,-45.75945764680786,0.0,-183.03783058723144,8119.36414880767,0.10890480498133527,0.01701948401530853,0.004989167763637616,0.016888997703185714,8.883475535001365e-06,0.014685871143963377,0.17842549531509003,conflict_spike
2018-03-01,gasoline,86.83846559684194,8633.9412,-66.05827852516425,-249.0961091123957,0.11959932309850907,0.25,-62.27402727809893,-62.27402727809893,-186.8220818342968,8057.090121529571,0.11309043722962747,0.016626404970699216,0.005068073747166207,0.01731736525457047,1.1381143421722959e-05,0.015512217893733637,0.18503462484317607,conflict_spike
2018-03-29,gasoline,88.84742848502387,8603.6472,83.61632093372141,-103.20576090057538,0.12352620763789911,0.25,-25.801440225143846,0.0,-103.20576090057538,8057.090121529571,0.08705208363260926,0.01611917617692781,0.004837945501300159,0.016341925897871295,1.506079354572464e-05,0.015512217893733637,0.1700452669898712,conflict_spike
2018-04-13,gasoline,90.63426461100588,8598.101999999999,116.5998159035693,13.394055002993909,0.1229222447547644,0.0,0.0,0.0,13.394055002993909,8057.090121529571,0.07483468247015485,0.015832788360123248,0.004789334242221117,0.01616643687421744,1.7365652851524296e-05,0.0,0.16737231097424626,conflict_spike
2018-04-27,gasoline,96.46763044634963,8613.96,349.22236245948847,362.6164174624824,0.12464737222722526,0.75,271.9623130968618,271.9623130968618,90.65410436562058,8329.052434626432,0.08740189146084296,0.015839240463760763,0.002811597800585054,0.008874860870587423,1.731191991840575e-05,0.295853998979982,0.06708867221238933,conflict_spike
2018-05-12,gasoline,98.70307822844717,8725.073999999999,167.19231619014292,257.84642055576353,0.10538890619994369,0.75,193.38481541682265,193.38481541682265,64.46160513894088,8522.437250043255,0.029068261883621202,0.01662286985479047,0.0022250284017068943,0.007018561339633511,1.1405008017682948e-05,0.02469769256662624,0.04767844542906763,conflict_spike
2018-05-26,gasoline,102.2760981988592,8785.399199999998,234.13469005997388,298.59629519891473,0.08993170190339711,0.75,223.94722139918605,223.94722139918605,74.64907379972868,8746.384471442441,0.01839277576356338,0.01712424111841344,0.0013485765131116744,0.004155177884537371,8.26998914502398e-06,0.0037362426377232083,0.029490243337460233,conflict_spike
2018-06-09,gasoline,96.62285719608478,8951.862,-229.45398322273968,-154.804909423011,0.0829536077027951,0.25,-38.70122735575275,0.0,-154.804909423011,8746.384471442441,0.07482531459783384,0.017462617330660894,0.002160467084874087,0.006971056576318312,6.438310810662448e-06,0.2006094318896642,0.04724038373008345,conflict_spike
2018-06-26,gasoline,96.31397624937357,9027.6096,22.43056753661685,-132.37434188639415,0.09115167148539075,0.25,-33.09358547159854,0.0,-132.37434188639415,8746.384471442441,0.04226060057421996,0.01711164827923002,0.0026081153598570906,0.008492230800602697,8.3425756628749e-06,0.0,0.06276493227167956,conflict_spike
2018-07-10,gasoline,101.96112197979018,9084.485999999999,333.49632461813667,201.12198273174252,0.09721746376818223,0.75,150.8414870488069,150.8414870488069,50.28049568293562,8897.225958491248,0.03732241654233407,0.01692013762651407,0.0020761959673050953,0.006568618518382703,9.485552239614379e-06,0.09101261686038152,0.04367159518210932,conflict_spike
2018-07-24,gasoline,96.99215458615507,9088.312799999998,-184.9787529753767,-134.69825729244107,0.0810255572969221,0.25,-33.67456432311027,0.0,-134.69825729244107,8897.225958491248,0.05007936523919174,0.017036996251784745,0.002061781601161946,0.006638522034621891,8.779391211937655e-06,0.09101261686038152,0.04427259208761536,conflict_spike
2018-08-07,gasoline,97.53690610937427,9166.289999999999,43.37673837312873,-91.32151891931234,0.08935364705990655,0.25,-22.830379729828085,0.0,-91.32151891931234,8897.225958491248,0.03321722342965324,0.016706487445062337,0.0025060185622684736,0.008143499571599886,1.0847224949532017e-05,0.0,0.05895728085011463,conflict_spike
2018-08-21,gasoline,93.39131223936009,9211.5456,-174.67500889220995,-265.9965278115223,0.0941223563512243,0.25,-66.49913195288057,-66.49913195288057,-199.4973958586417,8830.726826538368,0.07461057387541524,0.016330072395044585,0.0032048984296570763,0.010634617994131268,1.3468368625613792e-05,0.017688538201946487,0.0886190802906677,conflict_spike
2018-09-04,gasoline,98.25720591399374,9315.527999999998,286.70962008076685,87.21222422212514,0.11204226464260857,0.75,65.40916816659386,65.40916816659386,21.803056055531286,8896.135994704962,0.056985765380876775,0.01590333997468316,0.0034968827159975414,0.011479657763683891,1.678262336302898e-05,0.06959919856163736,0.09974036000815725,conflict_spike
2018-09-18,gasoline,100.0588045867131,9359.8152,158.84921877780008,180.65227483333138,0.10953935471878098,0.75,135.48920612499853,135.48920612499853,45.163068708332844,9031.625200829962,0.037281506860534164,0.0159429722424318,0.0028811664569934527,0.009280984699783314,1.645947422567886e-05,0.01964484688100576,0.07183127177563649,conflict_spike
2018-10-01,gasoline,103.92991311658974,9484.583999999999,232.2042532514503,277.3673219597831,0.10775737124264355,0.75,208.02549146983733,208.02549146983733,69.34183048994578,9239.6506922998,0.030961069444669108,0.01624559617988513,0.002365286459512864,0.0074837959860493,1.4095548044493142e-05,0.021046050766511507,0.05214141417343226,conflict_spike
2018-10-20,gasoline,105.18998440374256,9541.7304,125.89136259776052,195.2331930877063,0.09165879720309453,0.75,146.42489481577974,146.42489481577974,48.80829827192656,9386.07558711558,0.021728384461842484,0.01667413048583074,0.001860016182281802,0.005865045990295127,1.1061408025280478e-05,0.015178534032543569,0.03811405651604889,conflict_spike
2018-11-03,gasoline,97.93748427569763,9565.134,-414.3148129206148,-365.50651464868827,0.07871990636873676,0.25,-91.37662866217207,-91.37662866217207,-274.12988598651623,9294.698958453408,0.12440955086309523,0.01668649878224047,0.0024219108276124245,0.007938029745452513,1.0979290320093882e-05,0.22619825827373946,0.05677769016294397,conflict_spike
2018-11-17,gasoline,87.61251220667877,9556.3176,-575.0936141723685,-849.2235001588847,0.08737651180059068,0.5,-424.61175007944234,-424.61175007944234,-424.61175007944234,8870.087208373965,0.3135020883913304,0.01574577688119608,0.005279840110949552,0.01886902226930503,1.8098414344565747e-05,0.4441825845839315,0.2092790476878974,conflict_spike
2018-12-01,gasoline,77.59301817242834,9254.904,-595.0992707741087,-1019.7110208535511,0.10157977128947382,0.5,-509.85551042677554,-509.85551042677554,-509.85551042677554,8360.231697947189,0.3710622425445189,0.013831958093401745,0.007484871619334683,0.027894094405362335,3.8044740961552243e-05,0.0290659947126143,0.35587864698860233,conflict_spike
2018-12-15,gasoline,76.9314699481066,9077.5824,-138.95556299394647,-648.811073420722,0.1390244219708554,0.5,-324.405536710361,-324.405536710361,-324.405536710361,8035.826161236828,0.3251382190843238,0.011862379506960348,0.009626918465277402,0.035962939514770115,6.622086728873891e-05,0.1375667710056754,0.48975641646424223,conflict_spike
2018-12-29,gasoline,69.18784665223316,8959.367999999999,-475.41724303989486,-799.8227797502559,0.16308113683500564,0.5,-399.91138987512795,-399.91138987512795,-399.91138987512795,7635.9147713617,0.48320823023619763,0.010375243078957042,0.01382170626155037,0.054438007317220156,9.263594578916434e-05,0.022804535448557397,0.7925135381029677,conflict_spike
2019-01-15,gasoline,72.39220746643922,8788.421999999999,60.49562987117664,-339.41576000395133,0.19113926807773887,0.25,-84.85394000098783,-84.85394000098783,-254.5618200029635,7551.060831360713,0.4403083809737424,0.008998371924581264,0.01335962863090373,0.050115928704625126,0.00012103582030984178,0.3970447868847852,0.7226078424547093,conflict_spike
2019-01-29,gasoline,77.74842614518296,8685.854399999998,191.64935086904026,-62.912469133923224,0.19064846777068772,0.0,-0.0,0.0,-62.912469133923224,7551.060831360713,0.2859532545923996,0.008769652396483068,0.012073933708621259,0.044218800498631625,0.0001261207072958185,0.028800764534764975,0.6262157745789948,conflict_spike
2019-02-15,gasoline,79.53422777854854,8589.581999999999,99.92487534451683,37.01240621059361,0.180904738861482,0.0,0.0,0.0,37.01240621059361,7551.060831360713,0.24098364628082283,0.008836567229621613,0.010784582287037495,0.03901934465101576,0.00012462223121875808,0.0,0.5404284557707102,conflict_spike
2019-03-01,gasoline,83.90975265794034,8695.023599999999,232.2115190105998,269.22392522119344,0.19156522871764098,0.75,201.91794391589508,201.91794391589508,67.30598130529836,7752.978775276608,0.22684941497910163,0.00912134767661205,0.009494816157755265,0.0329449611402557,0.00011834507637315406,0.16308342430089018,0.4396370955152679,conflict_spike
2019-03-29,gasoline,86.64883894767922,8757.1728,117.82001151228368,185.12599281758204,0.17467102998394568,0.75,138.84449461318653,138.84449461318653,46.28149820439552,7891.823269889795,0.16915317905076005,0.010004356974161206,0.008319214856986503,0.028781600102224397,9.991287949999974e-05,0.015913040027765387,0.37056165160876653,conflict_spike
2019-04-13,gasoline,91.405006964321,8866.596,227.06166375445278,273.3431619588483,0.16993765026738614,0.75,205.00737146913625,205.00737146913625,68.33579048971208,8096.830641358931,0.13693421779077478,0.010685406833935882,0.007107114820417911,0.024046692243139767,8.676164584928838e-05,0.01751010509542227,0.2925976539420053,conflict_spike
2019-04-27,gasoline,93.31064880716006,8902.9272,77.56038309581822,145.8961735855303,0.15054286759090535,0.75,109.42213018914774,109.42213018914774,36.47404339638257,8206.25277154808,0.1155950462460128,0.01143735042497421,0.006192117488010366,0.02099472344578195,7.331896774468936e-05,0.036546153402214475,0.24311972337459906,conflict_spike
2019-05-14,gasoline,91.65535201957708,9027.743999999999,-34.9100190378415,1.5640243585410687,0.15099629192541578,0.0,0.0,0.0,1.5640243585410687,8206.25277154808,0.14989199078645696,0.01172218294102997,0.007347661650200478,0.025633778607712415,6.852225526177524e-05,0.047892810300523184,0.3186113800461415,conflict_spike
2019-05-28,gasoline,91.80201173168312,9088.1016,76.87609328793134,78.4401176464724,0.157033337353086,0.5,39.2200588232362,0.0,78.4401176464724,8206.25277154808,0.16420290905790907,0.011647165195053402,0.007980260238554894,0.02804305181240943,6.976984927872729e-05,0.0,0.3583413995257229,conflict_spike
2019-06-12,gasoline,82.08521680411455,9135.174,-541.5266581366361,-463.0865404901637,0.1616862107335801,0.5,-231.54327024508186,-231.54327024508186,-231.54327024508186,7974.7095013029975,0.3429700100260467,0.011342475376016622,0.011258474975422041,0.04223768551117861,7.495273261487854e-05,0.21444914398314804,0.5936044560156126,conflict_spike
2019-06-26,gasoline,81.42095530599906,9139.2744,-137.1162331016114,-368.65950334669327,0.18742421856783326,0.25,-92.16487583667332,-92.16487583667332,-276.49462751001994,7882.544625466324,0.3807885270236656,0.010467436920575382,0.012883534212331533,0.04815039815918364,9.086975886320937e-05,0.07770534731146356,0.6906025247434252,conflict_spike
2019-07-10,gasoline,84.01344824590201,9010.043999999998,66.03048666300502,-210.4641408470149,0.18513805421301777,0.25,-52.616035211753726,-52.616035211753726,-157.84810563526116,7829.92859025457,0.300178651941886,0.010101520117121251,0.012038130557141815,0.04440230333214315,9.797990399175529e-05,0.0062564431791011605,0.6292311061476134,conflict_spike
2019-08-07,gasoline,80.71040517864131,8895.6516,-179.3950157437164,-337.24312137897755,0.1798026921091908,0.25,-84.31078034474439,-84.31078034474439,-252.93234103423316,7745.617809909825,0.32419456649279704,0.009844408711638098,0.011759673611984519,0.04346199711623087,0.00010313603441625217,0.004018227476180941,0.6137701636293892,conflict_spike
2019-08-21,gasoline,76.65478382261266,8821.7376,-199.32871302867684,-452.26105406291003,0.1819850146177751,0.5,-226.13052703145502,-226.13052703145502,-226.13052703145502,7519.48728287837,0.4056318751879817,0.009342474894897724,0.01410624573496574,0.05437449451375399,0.0001135828413658853,0.08045136220113108,0.7914911670606427,conflict_spike
2019-09-04,gasoline,78.05199752858647,8779.097999999998,124.77870854617102,-101.351818485284,0.20347837524101325,0.25,-25.337954621321,0.0,-101.351818485284,7519.48728287837,0.37557188556271887,0.008634050101225487,0.01390585943146745,0.05176209521034907,0.00012918481710145238,0.20454006102209446,0.7493115456630345,conflict_spike
2019-09-19,gasoline,82.56752181642112,8761.9656,243.49569084896208,142.1438723636781,0.20180360593080057,0.75,106.60790427275857,106.60790427275857,35.535968090919525,7626.095187151129,0.2825904540875565,0.00882469989885028,0.01210520913383291,0.04365810427356281,0.00012488733235075693,0.04546098101371862,0.6169966289552431,conflict_spike
2019-10-22,gasoline,77.11958928214844,8795.807999999999,-317.743603209004,-282.20763511808445,0.19298525989299342,0.25,-70.55190877952111,-70.55190877952111,-211.65572633856334,7555.543278371608,0.3787561724700852,0.009175629887873227,0.013415504252845533,0.05024454520914802,0.00011716698832430336,0.12554239744287474,0.7246976088585712,conflict_spike
2019-11-05,gasoline,79.4186583812605,8840.876400000001,84.27289870730993,-127.3828276312534,0.20538526085811962,0.25,-31.84570690781335,0.0,-127.3828276312534,7555.543278371608,0.35726144247078945,0.008986060213855068,0.014191491311322173,0.05295424581428159,0.00012130686961282628,0.01991028732973547,0.7685905926174216,conflict_spike
2019-11-19,gasoline,81.52158132616205,8869.728000000001,77.40837287887221,-49.97445475238119,0.20816516601505627,0.0,-0.0,0.0,-49.97445475238119,7555.543278371608,0.3555120436173489,0.0090425719980846,0.014614199437064889,0.05472628406242711,0.00012006522841715972,0.0,0.7971520747094216,conflict_spike
2019-12-03,gasoline,83.22045166426423,8940.492,118.66251841015053,68.68806365776933,0.21490743928056666,0.5,34.34403182888467,0.0,68.68806365776933,7555.543278371608,0.3889465655945925,0.00909636717594374,0.015670874623254977,0.059196025991639756,0.0001188892087618371,0.0,0.8686710160561859,conflict_spike
2019-12-31,gasoline,88.82358382867686,8978.651999999998,307.5028857630422,376.19094942081153,0.2184991512788769,0.75,282.1432120656086,282.1432120656086,94.04773735520291,7837.686490437216,0.3252288418919631,0.009456314957565045,0.012023916273030564,0.04226078154717863,0.00011116929427406661,0.318419168458796,0.593985222827196,conflict_spike
2020-02-05,gasoline,76.29191560141163,8952.132,-737.3481531097589,-643.300415754556,0.18448939644352702,0.5,-321.650207877278,-321.650207877278,-321.650207877278,7516.036282559938,0.7444073429601675,0.010107428426477008,0.015888409764901752,0.06303659017918768,9.786297233727517e-05,1.4582659758653085,0.929503528292501,conflict_spike
2020-02-19,gasoline,72.79139426102316,8920.956,-274.78051178030927,-596.4307196575872,0.2174853320025412,0.5,-298.2153598287936,-298.2153598287936,-298.2153598287936,7217.8209227311445,0.6495577660853256,0.008730805948511318,0.021228923885763713,0.08759380204500918,0.0001269947345701079,0.0021967684122222043,1.3044849647065944,conflict_spike
2020-03-18,gasoline,49.710150599315604,8602.506,-121.26097230201246,-419.4763321308061,0.22096298883939805,0.25,-104.86908303270152,-104.86908303270152,-314.6072490981046,7112.951839698443,0.5826759664366485,0.007663156619155912,0.018488003156873795,0.07258409003223312,0.0001521977046034766,0.14953113100364424,1.0781749035972379,conflict_spike
2020-06-29,gasoline,54.49575863100612,7725.812399999999,196.2207194801725,-118.3865296179321,0.13932635800237092,0.25,-29.596632404483024,0.0,-118.3865296179321,7112.951839698443,0.129648065387993,0.0074111059174689214,0.006208894540488162,0.021363100258889444,0.00015848025422118603,0.043990098304478586,0.24904348758721073,conflict_spike
2020-07-11,gasoline,56.3952193131329,7393.2516,101.96046351501853,-16.426066102913566,0.09791292052086481,0.0,-0.0,0.0,-16.426066102913566,7112.951839698443,0.035763774916461204,0.007543328120914055,0.003012018411063632,0.009881742345644763,0.0001551686743032106,0.0,0.0791086339847494,conflict_spike
2020-08-22,gasoline,59.20861722141876,7369.513199999999,59.77044100607623,43.34437490316267,0.0948138816416744,0.0,0.0,0.0,43.34437490316267,7112.951839698443,0.03354065495241864,0.007669194204390875,0.0028229494436508313,0.009229368925428496,0.00015204877156902761,0.0,0.07122022242361782,conflict_spike
2020-09-19,gasoline,53.51410259111857,7570.2011999999995,-109.4809064111051,-66.13653150794244,0.1204012163245485,0.0,-0.0,0.0,-66.13653150794244,7112.951839698443,0.07339399751622233,0.007789009716135599,0.004589384867323597,0.015446525384614893,0.00014910828371263085,0.0,0.15649074267197158,conflict_spike
2020-10-23,gasoline,55.35804860338164,7563.524399999999,-80.96782153098935,-147.10435303893178,0.11957177322010842,0.25,-36.776088259732944,0.0,-147.10435303893178,7112.951839698443,0.08566172358986764,0.00790306551622168,0.004524640060611343,0.01521408010010302,0.00014633582390482505,0.0,0.1530078657605808,conflict_spike
2020-11-06,gasoline,51.76241336586406,7486.071599999999,-122.65982397075274,-269.76417700968454,0.10984186369544692,0.25,-67.44104425242114,-67.44104425242114,-202.3231327572634,7045.510795446022,0.10288127965176222,0.007933248337913106,0.004426403523254011,0.015013775317524337,0.00014560649567447683,0.0181931777994281,0.15001930909529199,conflict_spike
2020-11-20,gasoline,55.88445675496085,7426.8744,-65.32850247732098,-267.6516352345844,0.11134913881860971,0.25,-66.9129088086461,-66.9129088086461,-200.7387264259383,6978.597886637375,0.10204682565139375,0.0077189881555807605,0.004542499080654934,0.015434558755396262,0.00015082325192276568,1.1157081878858435e-06,0.15631106009027176,conflict_spike
2020-12-04,gasoline,61.86843410101034,7471.302,360.00516486934487,159.26643844340657,0.1259462183917374,0.75,119.44982883255493,119.44982883255493,39.81660961085164,7098.04771546993,0.07706153050077598,0.007734659518183636,0.0038765940691088342,0.012675491523379257,0.00015043857713488329,0.13892427992449247,0.11615445621340412,conflict_spike
2020-12-18,gasoline,65.74069327167149,7508.342399999999,239.89915493038077,279.71576454123243,0.11464517501626845,0.75,209.78682340592434,209.78682340592434,69.9289411353081,7307.834538875854,0.03376106227414385,0.00853411717690636,0.002429367012600115,0.007645296088997756,0.0001314664689129138,0.032643090354195894,0.05375989270767563,conflict_spike
2021-01-01,gasoline,67.30333778049624,7704.312,76.31801837891875,146.24695951422683,0.11146176078073503,0.75,109.68521963567012,109.68521963567012,36.56173987855671,7417.519758511525,0.04267024432763888,0.009493495404604957,0.0030140334591061894,0.009734618350461478,0.00011038663881305718,0.04008132430950789,0.07729926052910141,conflict_spike
2021-01-16,gasoline,71.91327165318738,7807.077599999999,204.22405705606877,240.78579693462547,0.10989803630086566,0.75,180.58934770096909,180.58934770096909,60.19644923365638,7598.109106212494,0.030645431646850137,0.01011135650612629,0.0024205216398321206,0.007656722011442524,9.778527014893085e-05,0.020109581506801262,0.0538756775665636,conflict_spike
2021-01-30,gasoline,73.27066827322854,7875.588,45.69327966218615,105.88972889584252,0.09523278436956144,0.75,79.4172966718819,79.4172966718819,26.472432223960624,7677.526402884376,0.030553605033244616,0.010823806599307931,0.0022996537224291083,0.007361224634064508,8.420252532690468e-05,0.04094313563772889,0.05093617710101492,conflict_spike
2021-02-19,gasoline,82.30225455682894,7995.444,486.5774033595966,513.0498355835572,0.09976234429452879,1.0,513.0498355835572,513.0498355835572,0.0,8190.576238467933,0.133331816208921,0.011612194225249041,0.0004552686584486401,0.0013087034162413851,7.035528571494554e-05,0.7521487152119424,0.010135788048168646,conflict_spike
2021-03-04,gasoline,85.7219776342821,8236.6536,223.13025683521437,223.13025683521437,0.06559418469802684,0.75,167.34769262641078,167.34769262641078,55.78256420880359,8357.923931094343,0.0917021058402607,0.013423067544425685,0.0006816090712386082,0.0020693743365585056,4.325604052518679e-05,0.47803988658065316,0.016399870879435955,conflict_spike
2021-03-18,gasoline,90.47503793131854,8386.1736,303.9314147073612,359.7139789161648,0.06336860053858864,0.75,269.78548418712364,269.78548418712364,89.92849472904118,8627.709415281466,0.017167330923736304,0.014056506958292123,0.0003463765154120184,0.0010242970985628666,3.532510953682996e-05,0.041974004559344226,0.007786685721913978,conflict_spike
2021-04-01,gasoline,83.76091216706209,8539.35,-298.9747332203087,-209.0462384912675,0.04965267669301938,0.5,-104.52311924563375,-104.52311924563375,-104.52311924563375,8523.186296035832,0.11769231859497828,0.014595919922751652,0.001200195847814569,0.0038311691763940753,2.920408148131252e-05,0.560427722415125,0.028925400766619404,conflict_spike
2021-04-29,gasoline,87.18360550940231,8590.6248,157.07058198801903,52.54746274238528,0.06785024436920666,0.5,26.27373137119264,0.0,52.54746274238528,8523.186296035832,0.023669694123559872,0.014072443562349761,0.0014531721539696619,0.004612088411975613,3.51359253215288e-05,0.04370032982734789,0.03095692178296911,conflict_spike
2021-05-15,gasoline,90.94435230745883,8655.174,202.53522299139223,255.0826857337775,0.07524957256366767,0.75,191.31201430033315,191.31201430033315,63.77067143344436,8714.498310336165,0.03847535183034481,0.014070023608321158,0.0009260297156978728,0.0028294376237331846,3.516462000586842e-05,0.1464011472626035,0.022595806819891574,conflict_spike
2021-06-12,gasoline,94.9320417356627,8718.5016,157.75803600749586,221.52870744094022,0.06045917175307226,0.75,166.14653058070516,166.14653058070516,55.38217686023506,8880.64484091687,0.00905843333156665,0.014614713108943895,0.0005754858913745082,0.0017423905460492526,2.900131489898073e-05,0.0025332062833714445,0.013713267104150289,conflict_spike
2021-06-29,gasoline,99.65252647706667,8757.7128,295.68250994685513,351.0646868070902,0.04596299699199212,0.5,175.5323434035451,175.5323434035451,175.5323434035451,9056.177184320415,0.027136130868467417,0.015052417129186337,0.0002456489932811696,0.0007313241305524747,2.447857626356877e-05,0.0003523739293815465,0.005374698648079732,conflict_spike
2021-07-13,gasoline,101.91866070270922,8884.205999999998,129.39791513449075,304.93025853803584,0.04064304403562715,0.5,152.46512926901792,152.46512926901792,152.46512926901792,9208.642313589433,0.020953697848976053,0.015462788569542878,0.00020598778205138763,0.0006134676617913594,2.0586287564670768e-05,0.0021283854717125215,0.004411112845291452,conflict_spike
2021-07-27,gasoline,98.41983748368258,8949.276,-170.99829093282372,-18.5331616638058,0.03101817917008789,0.0,-0.0,0.0,-18.5331616638058,9208.642313589433,0.019659145868480214,0.01563918511597087,0.0003320488720042027,0.0010134333263658688,1.9016706452769983e-05,0.09298246257207339,0.007697019512221395,conflict_spike
2021-08-24,gasoline,92.47727471691613,9043.152,-285.2398574364465,-303.7730191002523,0.04169993011403189,0.5,-151.88650955012616,-151.88650955012616,-151.88650955012616,9056.755804039307,0.04655013332045009,0.015239503763728242,0.0010711688527559134,0.0034220088109308978,2.266232441555758e-05,0.09227804713328228,0.027373955633390862,conflict_spike
2021-09-07,gasoline,95.7692794052628,9053.685599999999,136.52769600877727,-15.358813541348894,0.05966088903735427,0.0,-0.0,0.0,-15.358813541348894,9056.755804039307,0.02878150989594946,0.014572921540816483,0.0011314562187505703,0.003559435397645582,2.9453180602133743e-05,0.09227804713328228,0.02847537344581999,conflict_spike
2021-09-19,gasoline,97.32820527745068,9062.025599999999,35.78961569910959,20.430802157760695,0.060581525168136044,0.0,0.0,0.0,20.430802157760695,9056.755804039307,0.013288144572799913,0.01436086450744016,0.001165499993002549,0.003670162189546237,3.179984910344811e-05,0.0,0.028811836003241248,conflict_spike
2021-10-10,gasoline,106.60636994751637,9140.801999999998,541.7746428023694,562.2054449601301,0.06919461946125646,1.0,562.2054449601301,562.2054449601301,0.0,9618.961248999436,0.21665058719060254,0.014672228305423326,3.7739757541271736e-05,0.00010588263376418654,2.8385151229532407e-05,1.2642998493712712,0.0004730363541381464,conflict_spike
2021-10-23,gasoline,112.94402111142064,9192.811199999998,335.70042564490774,335.70042564490774,0.01364311963684879,0.5,167.85021282245387,167.85021282245387,167.85021282245387,9786.81146182189,0.12902916531361514,0.016189703606241272,1.6642098268097724e-07,4.815689138676012e-07,1.451835860829077e-05,0.6220641964574422,0.0,conflict_spike
2021-11-20,gasoline,110.39508259559608,9355.974,-161.3196408322667,6.5305719901871555,0.013950549475459258,0.0,0.0,0.0,6.5305719901871555,9786.81146182189,0.020033915363277737,0.016346894944069466,8.512971550949665e-05,0.00025528849197137065,1.3345176549665236e-05,0.11269477577817225,0.0015569426453378927,conflict_spike
2021-12-04,gasoline,100.70224380885143,9395.826,-463.71635916870054,-457.18578717851335,0.01838732413500523,0.75,-342.88934038388504,-342.88934038388504,-114.29644679462831,9443.922121438005,0.10178039130511862,0.01575989281780587,0.0009295005579756931,0.003014799276266187,1.7978508916494256e-05,0.47029239899558306,0.024095497197688602,conflict_spike
2021-12-18,gasoline,98.81350340597926,9424.8768,-141.39234051179884,-255.68878730642714,0.057979249825525096,0.5,-127.84439365321357,-127.84439365321357,-127.84439365321357,9316.077727784792,0.059861503572073906,0.014481431586593435,0.0015905135203102474,0.005137826727785755,3.0454597333448658e-05,0.18497731645758933,0.03346409152770681,conflict_spike
2022-01-01,gasoline,101.15037392453209,9409.824,136.51055068255098,8.666157029337413,0.0699625957101013,0.0,0.0,0.0,8.666157029337413,9316.077727784792,0.025835117689177383,0.01392702500596051,0.0015431193549266167,0.004908802641056905,3.688102527822894e-05,0.06537675595423133,0.032273865964902504,conflict_spike
2022-01-18,gasoline,111.2779601757691,9409.730399999999,598.5444733018687,607.2106303312062,0.06995274765950871,1.0,607.2106303312062,607.2106303312062,0.0,9923.288358115999,0.25258114305807844,0.014284898734745047,2.4369825147897892e-05,6.801630721485927e-05,3.2662382472118775e-05,1.4748189983488826,0.00023524282834525102,conflict_spike
2022-01-30,gasoline,119.1736770885375,9409.668,415.8886806472497,415.8886806472497,0.005415676927602635,0.5,207.94434032362486,207.94434032362486,207.94434032362486,10131.232698439624,0.14376432660735006,0.0159294549612222,4.3931465473719244e-05,0.00012592894906499972,1.6569336912718552e-05,0.6376542813456723,0.0,conflict_spike
2022-02-18,gasoline,128.37978421419882,9625.872,524.2998794356629,732.2442197592877,0.007499748756307586,0.75,549.1831648194658,549.1831648194658,183.06105493982193,10680.41586325909,0.10669434686352813,0.01663711096955226,0.0005491931898674105,0.001500494543261515,1.1309022631105734e-05,0.4657757413732134,0.0,conflict_spike
2022-03-04,gasoline,136.53011286496695,10077.284399999999,418.25498173919885,601.3160366790207,0.00014940540339512085,0.75,450.98702750926554,450.98702750926554,150.32900916975518,11131.402890768355,0.0248017614484822,0.018063414099925634,0.0004346128499631206,0.0012039318767559186,3.7503649483668453e-06,0.038569925530574804,0.0,conflict_spike
2022-03-18,gasoline,153.23290307890915,10356.779999999999,949.2700700757891,1099.5990792455443,-0.014793796022350151,0.75,824.6993094341583,824.6993094341583,274.899769811386,11956.102200202513,0.1566401223620803,0.01937768501708692,0.0020719002661754088,0.005441450313659266,3.8727593795810654e-07,0.5586434786460421,0.0,conflict_spike
2022-04-01,gasoline,155.10736343725247,10784.34,82.82160033330689,357.7213701446929,-0.04865404838891508,0.5,178.86068507234646,178.86068507234646,178.86068507234646,12134.96288527486,0.31145974818144784,0.02095604972425591,0.0009342538414957104,0.002631702818872329,9.140310752498e-07,1.6684301148702299,0.0,conflict_spike
2022-04-16,gasoline,139.66200479173753,10963.670399999999,-743.8569829292888,-564.9962978569424,-0.04683397462175251,0.75,-423.7472233927068,-423.7472233927068,-141.2490744642356,11711.215661882152,0.2646142576085905,0.020531626201394943,4.820896584139612e-06,1.4680915300377678e-05,2.8262641800961617e-07,1.4525451653785038,0.0,conflict_spike
2022-04-29,gasoline,141.7608475749774,11083.224,134.14475746425597,-7.1043169999796305,0.0033385392299071564,0.0,-0.0,0.0,-7.1043169999796305,11711.215661882152,0.12303545320392938,0.019138682436755743,1.3707296444271106e-05,4.066488266138848e-05,7.418679447530249e-07,0.7182468373321143,8.916675351703255e-05,conflict_spike
2022-05-17,gasoline,146.29335950290758,11004.089999999998,407.4096968557007,400.30537985572107,-0.00426025794792243,0.5,200.15268992786054,200.15268992786054,200.15268992786054,11911.368351810012,0.059505857185230174,0.01884844382927302,9.111886499911414e-05,0.0002614401876134936,1.3260816143393836e-06,0.16024439714143313,0.0,conflict_spike
2022-05-31,gasoline,154.79201138727174,10956.6096,480.9936104205526,681.1463003484132,-0.027139980949034703,0.75,510.8597252613099,510.8597252613099,170.2865750871033,12422.228077071322,0.08963727781890071,0.01922321410429389,0.0012312623576934182,0.003362091226946415,6.033963277679468e-07,0.38615544722280537,0.0,conflict_spike
2022-06-15,gasoline,166.75694372900733,11173.284,716.5785693417296,886.8651444288329,-0.0517794980483198,0.75,665.1488583216246,665.1488583216246,221.71628610720825,13087.376935392947,0.056379314232565654,0.020328868375607406,0.0027998120833346413,0.007439906857175198,1.0815440847465375e-07,0.095220546322014,0.0,conflict_spike
2022-06-29,gasoline,157.00772685118486,11322.2808,-424.8258129148507,-203.10952680764245,-0.09589580991428388,0.5,-101.55476340382123,-101.55476340382123,-101.55476340382123,12985.822171989126,0.4112148789423377,0.02114748308866497,0.001625925752465635,0.004638213643289285,1.316717438772097e-06,2.351337774267662,0.0,conflict_spike
2022-07-13,gasoline,150.4405860860346,11444.699999999999,-376.2385939202562,-477.7933573240774,-0.07465815372959769,0.75,-358.34501799305804,-358.34501799305804,-119.44833933101938,12627.477153996067,0.05667535414923881,0.020192466476242163,0.00038153295836245034,0.0011334628972817032,3.7043344477074916e-08,0.26376493940802026,0.0,conflict_spike
2022-07-27,gasoline,144.33545513569536,11458.5528,-324.41154113602823,-443.8598804670476,-0.04201326244236242,0.75,-332.8949103502857,-332.8949103502857,-110.96497011676189,12294.582243645782,0.010300502294506733,0.018785477232529546,2.1252078610028357e-05,6.399720345288619e-05,1.4750655527040913e-06,0.0025908319161147904,0.0,conflict_spike
2022-08-10,gasoline,137.01439851058365,11270.028,-453.3856334184348,-564.3506035351967,-0.03090964491355138,0.75,-423.26295265139754,-423.26295265139754,-141.08765088379914,11871.319290994385,0.021680657550156506,0.017411018660603635,2.8354137749491653e-05,8.74083725257919e-05,6.7028243757426e-06,0.03266553227734213,0.00035344683870800153,conflict_spike
2022-08-24,gasoline,131.43337606846293,11151.372,-372.9010014310354,-513.9886523148346,-0.004561319539370029,0.75,-385.4914892361259,-385.4914892361259,-128.49716307870864,11485.827801758258,0.01743016272549437,0.01591223419197271,0.00030262817111895065,0.0009536362577963708,1.6709829301277012e-05,0.005706733794124812,0.007203674631519586,conflict_spike
2022-09-07,gasoline,127.86094395398467,10919.724,-164.2971456922858,-292.79430877099446,0.008157682212640443,0.5,-146.39715438549723,-146.39715438549723,-146.39715438549723,11339.430647372761,0.05797265903228556,0.014698650832304278,0.0001726037580903351,0.0005284009493653883,2.8104302997828126e-05,0.2286644038306582,0.0037201708667051257,conflict_spike
2022-09-22,gasoline,120.16049810326994,10828.1976,-395.33706868507375,-541.734223070571,0.012786874948351488,0.75,-406.3006673029283,-406.3006673029283,-135.43355576764276,10933.129980069833,0.07002830399117517,0.01385783160459703,0.0007864127462376109,0.002540396653944455,3.7726232597487106e-05,0.27019934410728497,0.020248237625378567,conflict_spike
2022-10-25,gasoline,121.8403076995615,10739.076,194.5790133048603,59.14545753721754,0.04193010459467537,0.25,14.786364384304385,0.0,59.14545753721754,10933.129980069833,0.12216702629705752,0.01276236604870018,0.0005782508432535356,0.0017851326556181835,5.2383345213007855e-05,0.6603209290032193,0.014065069370563331,conflict_spike
2022-11-08,gasoline,125.35720957167942,10694.877599999998,186.27844875273135,245.4239062899489,0.03772275766205745,0.5,122.71195314497444,122.71195314497444,122.71195314497444,11055.841933214808,0.024851315357224447,0.012730141169879867,0.00024908313023493594,0.0007480665635965624,5.2850847409875666e-05,0.06023289377861762,0.005512020344335264,conflict_spike
2022-11-22,gasoline,121.48049807449979,10667.2344,-302.95630043238344,-180.244347287409,0.02356998274878003,0.5,-90.1221736437045,-90.1221736437045,-90.1221736437045,10965.719759571104,0.041215078778546715,0.012826766993400757,0.0003488360951837115,0.0010745375609837692,5.1455271766964816e-05,0.18119346210359785,0.008201468004508852,conflict_spike
2022-12-06,gasoline,111.84842928384721,10489.877999999999,-568.6195636403121,-658.7417372840166,0.014638008223631921,0.75,-494.05630296301246,-494.05630296301246,-164.68543432100415,10471.663456608092,0.1464276583518092,0.012117353283702594,0.0011544921599221348,0.003811755068576541,6.213611925395429e-05,0.6526511233157896,0.028905527037737803,conflict_spike
2022-12-20,gasoline,104.49194270455902,10390.0248,-511.72802228708485,-676.4134566080891,0.052142592709875785,0.75,-507.3100924560668,-507.3100924560668,-169.10336415202227,9964.353364152024,0.06226284673203304,0.010468753081035133,0.003049798548992744,0.010551280058622933,9.084466783027728e-05,0.0007026517437047908,0.0875467563907153,conflict_spike
2023-01-04,gasoline,108.0323845328285,10118.975999999999,189.3443576682057,20.240993516183437,0.07528046275116926,0.0,0.0,0.0,20.240993516183437,9964.353364152024,0.19328154943457848,0.009213074667373622,0.0017823925428067263,0.005702904667323857,0.00011635775813165672,1.0294541196311324,0.036972238966145474,conflict_spike
2023-01-18,gasoline,106.14836835182902,9996.287999999999,-182.43685377769813,-162.1958602615147,0.06319464943866909,0.25,-40.548965065378674,0.0,-162.1958602615147,9964.353364152024,0.03419868779730362,0.009258673525759318,0.0012650465610186744,0.003994857858509618,0.00011537609442622376,0.0,0.02915720247625963,conflict_spike
2023-02-04,gasoline,110.53477115581214,9797.85,273.42860596707453,111.23274570555984,0.04300613255438458,0.5,55.61637285277992,55.61637285277992,55.61637285277992,10019.969737004803,0.009628909347154746,0.00934822707215133,0.00046847580426443846,0.0014312825165288868,0.00011346026650644982,0.01237272371719774,0.01114808017104401,conflict_spike
2023-03-18,gasoline,104.05445304147867,9722.900399999999,-257.27438619074826,-201.65801333796833,0.02944642804272642,0.5,-100.82900666898416,-100.82900666898416,-100.82900666898416,9919.14073033582,0.030615931061213325,0.009447099878018853,0.0005197763691875304,0.001617326249533029,0.00011136370098450972,0.09790062709483523,0.012682949276199973,conflict_spike
2023-04-01,gasoline,100.56101342514205,9677.5908,-221.22812178198166,-322.0571284509658,0.03504028271831685,0.5,-161.0285642254829,-161.0285642254829,-161.0285642254829,9758.112166110337,0.032847315911880434,0.00908947647803539,0.0008445902843427074,0.0026778828200432303,0.00011903952352334305,0.01449594691999282,0.02136625360844334,conflict_spike
2023-04-18,gasoline,114.30475741302745,9678.201599999999,830.7815522814554,669.7529880559725,0.05174324224550791,0.75,502.3147410419794,502.3147410419794,167.43824701399313,10260.426907152316,0.32375374881177876,0.009150785172755492,3.7690633796005344e-06,1.059668593050513e-05,0.0001177054623677021,1.7600973625726462,0.0,conflict_spike
2023-04-29,gasoline,109.58573914311137,9679.931999999999,-271.6699723087455,-104.23172529475238,3.1096587009446295e-05,0.5,-52.11586264737619,-52.11586264737619,-52.11586264737619,10208.311044504939,0.21278359004694009,0.010475926969344053,2.272456018328614e-05,6.790266140310144e-05,9.070796709326796e-05,1.2295731772293732,0.0002345781912707682,conflict_spike
2023-05-17,gasoline,99.58203825829786,9729.455999999998,-521.7674978476607,-573.8833604950369,0.010782958008655303,0.75,-430.41252037127765,-430.41252037127765,-143.47084012375922,9777.898524133661,0.12535296467853968,0.009982122700890753,0.0009271580533346538,0.00303003042298169,0.00010035786558000839,0.5724334449802987,0.024218523094711977,conflict_spike
2023-05-31,gasoline,100.5691074496212,9759.170399999999,66.94895470785443,-76.52188541590479,0.05808097170496565,0.25,-19.130471353976198,0.0,-76.52188541590479,9777.898524133661,0.14368255176201794,0.008910773581710182,0.0010742753298054564,0.0033738262543993357,0.00012297094255609684,0.741019750769422,0.026987194193544162,conflict_spike
2023-06-14,gasoline,98.87011066063388,9639.12,-97.02978145823951,-173.5516668741443,0.045602573250082955,0.5,-86.77583343707215,-86.77583343707215,-86.77583343707215,9691.12269069659,0.02192001817528099,0.008897530824987421,0.0009455021016475744,0.002984872531528003,0.00012326482178210451,0.03012018107479396,0.02385368098443936,conflict_spike
2023-06-29,gasoline,98.78771103553393,9555.204,-17.97493350348391,-104.75076694055606,0.04577542764167164,0.5,-52.37538347027803,-52.37538347027803,-52.37538347027803,9638.747307226311,0.012473332423422563,0.008686295674948954,0.0008406020813673088,0.0026350312553172807,0.00012799990555467875,0.004733563831671624,0.021018055117629903,conflict_spike
2023-07-13,gasoline,101.40627608570827,9584.046,156.21266770816823,103.8372842378902,0.0542924619491277,0.5,51.9186421189451,51.9186421189451,51.9186421189451,9690.665949345255,0.018217853570936762,0.008663319134561186,0.0007761416581696985,0.0024007712139047553,0.00012852033304480655,0.04350897509442213,0.01911033407725104,conflict_spike
2023-07-27,gasoline,107.08715963786908,9634.917599999999,270.02730071016117,321.9459428291063,0.05421392567537306,0.5,160.97297141455314,160.97297141455314,160.97297141455314,9851.638920759808,0.033959378640912044,0.009010652911365625,0.00047777149182274376,0.0014441136785274425,0.00012076574943447684,0.04757138695245966,0.011254006114150098,conflict_spike
2023-08-10,gasoline,113.96625348988255,9807.017999999998,436.1422498216874,597.1152212362406,0.05545010310373558,0.75,447.83641592718044,447.83641592718044,149.27880530906015,10299.475336686988,0.07454562615422405,0.009867302413485763,5.199186237416874e-05,0.00014850280115071926,0.00010267156037975145,0.3291625431905969,0.0007660028808483088,conflict_spike
2023-08-24,gasoline,113.66676131068436,9889.9296,82.07506160747756,231.3538669165377,0.018589620629151146,0.5,115.67693345826885,115.67693345826885,115.67693345826885,10415.152270145258,0.08644312454215348,0.011138690406568097,3.111439861314086e-05,9.16096350732697e-05,7.852280771064829e-05,0.44131968717606085,0.0003801279005954792,conflict_spike
2023-09-21,gasoline,124.41650464368922,10168.662,648.9699787410383,764.6469121993072,0.035759812830315645,0.75,573.4851841494803,573.4851841494803,191.16172804982682,10988.637454294738,0.17278169740120924,0.011834649482167404,7.72112771656677e-05,0.00021375325421872502,6.667294907906905e-05,0.8383535776037885,0.0,conflict_spike
2023-10-11,gasoline,122.09385068907885,10415.494799999999,-169.04709578604056,22.114632263786262,0.004972114594619251,0.0,0.0,0.0,22.114632263786262,10988.637454294738,0.22569236115057056,0.013164620303002748,2.069644710870516e-05,6.150081496167084e-05,4.672241560212225e-05,1.3155410257558535,0.00019777538833620607,conflict_spike
2023-10-25,gasoline,120.8700210997358,10572.532799999999,-108.82746596065542,-86.71283369686915,0.020642859930901522,0.5,-43.35641684843458,0.0,-86.71283369686915,10988.637454294738,0.007563511231415399,0.013020262425939334,0.00016223992666267327,0.0004898780687425918,4.871673660275428e-05,0.0,0.003409021329014557,conflict_spike
2023-11-08,gasoline,116.23528322244266,10554.413999999999,-307.26744879704904,-393.9802824939182,0.018858591837051384,0.5,-196.9901412469591,-196.9901412469591,-196.9901412469591,10791.647313047779,0.06268940050418709,0.012734630572221463,0.0004619075863701187,0.0014452885536533698,5.278559292209903e-05,0.1552204629939876,0.011263704711231757,conflict_spike
2023-11-22,gasoline,108.50685084107633,10516.480799999998,-502.3215204074723,-699.3116616544314,0.033834734424867646,0.75,-524.4837462408236,-524.4837462408236,-174.8279154136078,10267.163566806956,0.11975312144041274,0.011749941171095535,0.002092812918603554,0.007103619168539167,6.806347068038452e-05,0.4290082452475095,0.048471241723307135,conflict_spike
2023-12-06,gasoline,105.874949455527,10317.893999999998,-239.34229641746415,-414.1702118310719,0.06491674300909113,0.25,-103.54255295776798,-103.54255295776798,-310.627658873304,10163.621013849188,0.2150850359570107,0.010345327468521629,0.0017492565420945297,0.0056518729100330425,9.321270169008298e-05,0.7087659528102513,0.03662466390889508,conflict_spike
2023-12-20,gasoline,99.93067371355649,10213.9152,-345.9333832439941,-656.561042117298,0.06492408495332053,0.5,-328.280521058649,-328.280521058649,-328.280521058649,9835.34049279054,0.1553330510376462,0.009811135944556244,0.0028640034049578684,0.00970052948030335,0.00010381295074031379,0.20202861722445048,0.07688246663651074,conflict_spike
2024-01-04,gasoline,104.0263498006397,10017.875999999998,212.48920945044512,-115.7913116082039,0.07822097889906598,0.25,-28.947827902050975,0.0,-115.7913116082039,9835.34049279054,0.10279885789985412,0.009000651173394969,0.0019226605136390552,0.006171539213279651,0.00012098567460933749,0.43107240202615243,0.04042014252140726,conflict_spike
2024-01-18,gasoline,102.91098930271222,9941.844,-61.41720148276846,-177.20851309097236,0.07071265121535403,0.25,-44.30212827274309,0.0,-177.20851309097236,9835.34049279054,0.03997056311730823,0.009056461548278173,0.0015757520559379493,0.005016698343263056,0.00011976103384431417,0.0,0.03281663136216392,conflict_spike
2024-02-01,gasoline,108.05069996208887,9916.716,321.54245753291724,144.33394444194488,0.06820589267752154,0.75,108.25045833145866,108.25045833145866,36.08348611048622,9943.590951121998,0.02088553547017697,0.009200586101191682,0.0010577488799012158,0.0032829758869404257,0.00011662734055777429,0.04687264691588347,0.026257092647613257,conflict_spike
2024-03-05,gasoline,111.60010559665686,9987.443999999998,199.88740831421813,235.97089442470434,0.06439081799887951,0.75,176.97817081852827,176.97817081852827,58.99272360617607,10120.569121940527,0.01387201512996399,0.00967585551596741,0.0007199133145475732,0.0021945555320861403,0.00010658795932718056,0.01889399385482121,0.017425272440509478,conflict_spike
2024-04-02,gasoline,114.54539488526511,10122.895199999999,174.61206787022067,233.60479147639674,0.060229783872451086,0.75,175.20359360729756,175.20359360729756,58.40119786909918,10295.772715547824,0.009375474523517764,0.01029822657051214,0.0006145991130159058,0.0018670076433356558,9.412440767711664e-05,1.2596497114477408e-05,0.014738472097912703,conflict_spike
2024-04-17,gasoline,121.08802747295064,10200.247199999998,432.0409023058468,490.442100174946,0.050634980341670015,0.75,367.8315751312095,367.8315751312095,122.61052504373652,10663.604290679034,0.03822086783453427,0.011030464966270843,9.451456090696871e-05,0.0002738296093616333,8.045255872129472e-05,0.1484221570639062,0.0016991966886618281,conflict_spike
2024-04-30,gasoline,117.82500711028835,10237.043999999998,-158.34322470256475,-35.73269965882824,0.018331693145107564,0.0,-0.0,0.0,-35.73269965882824,10663.604290679034,0.09489398079601892,0.011903811124608811,0.00013276870002215666,0.00039993953848136977,6.554827430600805e-05,0.5412002706540265,0.0026884077885310693,conflict_spike
2024-05-16,gasoline,110.7140752378639,10267.344,-437.6617612235103,-473.39446088233854,0.02140576465743884,0.75,-355.0458456617539,-355.0458456617539,-118.34861522058463,10308.55844501728,0.10879529416754577,0.011544786800626665,0.0009675356297955859,0.003136215003817613,7.149063024685707e-05,0.5042302100866799,0.02507534186349975,conflict_spike
2024-06-14,gasoline,105.44495334158282,10199.105999999998,-321.886307203462,-440.23492242404666,0.04926842754479842,0.75,-330.176191818035,-330.176191818035,-110.05873060601164,9978.382253199245,0.03051929648842719,0.01036065228156128,0.0020259979577038293,0.006743726189415347,9.291702443696979e-05,0.0024739987292256046,0.045192377725762616,conflict_spike
2024-06-28,gasoline,113.46173257257126,10159.375199999999,472.46399602637075,362.4052654203591,0.07781536199202038,0.75,271.8039490652693,271.8039490652693,90.6013163550898,10250.186202264515,0.2640962600077005,0.00975588077960599,0.0008618881264909047,0.002615355952940964,0.00010494197860164598,1.4495203600715316,0.02085809950028493,conflict_spike
2024-07-12,gasoline,116.37818881637459,10111.452,172.41008927270417,263.011405627794,0.046279497517813,0.5,131.505702813897,131.505702813897,131.505702813897,10381.69190507841,0.03131630303106528,0.010579175725344434,0.0003820345098347035,0.0011539316816546407,8.875193001393959e-05,0.07873439160484284,0.008857207376677733,conflict_spike
2024-07-26,gasoline,113.06784992373554,10103.4384,-191.07218996929842,-59.56648715540143,0.03245952377178738,0.25,-14.891621788850358,0.0,-59.56648715540143,10381.69190507841,0.018489386666704813,0.010887726340335609,0.0003605538842761253,0.0011020854681508417,8.303353124861348e-05,0.06917499949030796,0.00842896546792984,conflict_spike
2024-08-09,gasoline,106.15682962571809,10058.358,-468.4787948790166,-528.045282034418,0.027854205917267026,0.75,-396.03396152581354,-396.03396152581354,-132.0113205086045,9985.657943552596,0.13516996711707116,0.010537429691116476,0.0013727726288882585,0.004526658589340078,8.954023685056405e-05,0.6273715947273183,0.030628451151391647,conflict_spike
2024-09-06,gasoline,104.16761799352045,9897.3012,-198.5014312176735,-330.512751726278,0.05107264275713908,0.5,-165.256375863139,-165.256375863139,-165.256375863139,9820.401567689458,0.07228818121835288,0.009405417538900831,0.0014258085058529645,0.004600990238265577,0.00011224517752503012,0.21303317617717232,0.03091291972072427,conflict_spike
2024-09-21,gasoline,97.81398132558247,9799.077599999999,-402.2014187611646,-567.4577946243036,0.05782388010791349,0.75,-425.5933459682277,-425.5933459682277,-141.86444865607587,9394.80822172123,0.1021508208263088,0.008659563133991027,0.003083813871290115,0.010615417354194422,0.00012860550831193544,0.27110135201399144,0.08837161083232864,conflict_spike
2024-10-11,gasoline,101.76632247907621,9636.137999999999,132.5456931631535,-9.318755492922378,0.08504424264978029,0.0,-0.0,0.0,-9.318755492922378,9394.80822172123,0.14700860271600327,0.007621701661809789,0.0022702956051492093,0.007342359368790329,0.00015322226974924256,0.7245187845297263,0.0507524931465376,conflict_spike
2024-10-24,gasoline,100.7716330211333,9571.3056,-83.47464999334312,-92.7934054862655,0.07844026151236572,0.25,-23.198351371566375,0.0,-92.7934054862655,9394.80822172123,0.025301233240924252,0.007743800211428488,0.001933349670142529,0.006207343000977956,0.00015021443325738038,0.0,0.04070151356255523,conflict_spike
2024-11-07,gasoline,98.15517381468285,9537.552,-183.58061212430093,-276.3740176105664,0.07496650065748219,0.25,-69.0935044026416,-69.0935044026416,-207.2805132079248,9325.71471731859,0.05845608033339793,0.007799224712407099,0.002106548395394846,0.006841836378781005,0.00014885891761833766,0.01909564940255142,0.04606628879469429,conflict_spike
2025-01-03,gasoline,98.43188401726684,9589.648799999999,77.81501828946449,-129.4654949184603,0.08752281008261843,0.25,-32.36637372961508,0.0,-129.4654949184603,9325.71471731859,0.04162698244713664,0.00772441003030119,0.002404329944442065,0.007797199738222833,0.00015069010910417004,0.01909564940255142,0.055312677619535885,conflict_spike
2025-01-17,gasoline,106.17514163237388,9621.2856,498.0271269688608,368.5616320504005,0.09072051854290766,0.75,276.42122403780036,276.42122403780036,92.14040801260012,9602.13594135639,0.07216488574654975,0.008086633423138742,0.0012547527287276523,0.003843294768260818,0.00014192830319467495,0.3056347723942232,0.028938651286894376,conflict_spike
2025-02-20,gasoline,100.48185365427683,9712.644,-343.05166326672804,-250.91125525412792,0.07137775240641071,0.25,-62.72781381353198,-62.72781381353198,-188.18344144059594,9539.408127542858,0.12515091820365126,0.008891601503258215,0.0018915390345895196,0.006108989219196341,0.00012339651716241514,0.46008827950193776,0.039934449711797826,conflict_spike
2025-03-06,gasoline,97.8484989877509,9698.0352,-199.0046755719161,-387.18811701251207,0.07635661958178326,0.25,-96.79702925312802,-96.79702925312802,-290.39108775938405,9442.61109828973,0.09220034504779695,0.008701429658690396,0.0023159823356983804,0.007577729631123328,0.00012765769175752104,0.004642845762678435,0.05307863586627716,conflict_spike
2025-03-20,gasoline,94.54899988137137,9692.181599999998,-236.04210133043904,-526.4331890898231,0.08574967246902065,0.5,-263.2165945449116,-263.2165945449116,-263.2165945449116,9179.394503744817,0.1310875329929323,0.008281246274528073,0.003910800594601247,0.013424198949911538,0.00013732918887826218,0.11078188684762484,0.12677135957337093,conflict_spike
2025-04-03,gasoline,98.71905400342831,9558.678,227.65000009395195,-35.56659445095963,0.09967949294402238,0.0,-0.0,0.0,-35.56659445095963,9179.394503744817,0.0861329564049974,0.0076576277972989345,0.0031228023818994496,0.010265541852745223,0.00015233415159000794,0.27713190257528153,0.08390617561031535,conflict_spike
2025-04-18,gasoline,88.06598162644596,9492.563999999998,-528.9481271121464,-564.514721563106,0.09299103342944874,0.5,-282.257360781553,-282.257360781553,-282.257360781553,8897.137142963264,0.1926053174737829,0.0075237743039324794,0.00462678439339589,0.01610955486463477,0.00015565620761921547,0.3186768708614711,0.1665075704686208,conflict_spike
2025-05-20,gasoline,86.05246239778425,9337.193999999998,-355.69873255048117,-637.9560933320342,0.10712945420612813,0.5,-318.9780466660171,-318.9780466660171,-318.9780466660171,8578.159096297246,0.19809379379563669,0.006566549537172509,0.006163819453096816,0.022047673921399454,0.00018045759133724013,0.005393635087301924,0.2600910213713757,conflict_spike
2025-06-04,gasoline,87.0947964134802,9230.301599999999,-61.24245202714617,-380.2204986931633,0.13065235048254045,0.25,-95.05512467329082,-95.05512467329082,-285.16537401987244,8483.103971623956,0.2143297402798101,0.0057294340632547455,0.006290363248687924,0.02192788995536158,0.00020364905215499398,0.20056589997504232,0.25815448135446806,conflict_spike
2025-06-18,gasoline,94.49782813194359,9161.714399999999,311.5165313104461,26.351157290573667,0.1340702447978562,0.0,0.0,0.0,26.351157290573667,8483.103971623956,0.1051582615333301,0.005658661972946074,0.0057313790302847495,0.019598749414142618,0.00020567397640622304,0.03614190690661944,0.2208240407545016,conflict_spike
2025-07-02,gasoline,96.29858684261369,9213.678,-13.215817008130683,13.135340282442984,0.13929233346075748,0.0,0.0,0.0,13.135340282442984,8483.103971623956,0.11096834610638244,0.005875126789650595,0.0062057335775806384,0.021351368387010114,0.00019951204320844628,0.0,0.2488545950978182,conflict_spike
2025-07-16,gasoline,94.88069449669392,9254.483999999999,-200.4780825259932,-187.3427422435502,0.14335203004036143,0.25,-46.83568556088755,0.0,-187.3427422435502,8483.103971623956,0.1491414163985457,0.006081185817402552,0.00658937314871045,0.022780269994744973,0.0001937333882496759,0.0,0.27196463191472536,conflict_spike
2025-08-27,gasoline,89.64313074085017,9274.542,-293.2854241597584,-480.62816640330857,0.14533445946722168,0.5,-240.31408320165428,-240.31408320165428,-240.31408320165428,8242.789888422301,0.29087544294828993,0.006043126017074284,0.009318734321598555,0.03428802330677297,0.00019479433137526876,0.23100343434020648,0.4619455256650507,conflict_spike
2025-10-14,gasoline,87.4735811158522,9231.4584,-228.62295340341063,-468.9370366050649,0.1670977595021929,0.5,-234.46851830253246,-234.46851830253246,-234.46851830253246,8008.321370119769,0.329367537673839,0.0052803117623248215,0.01197762370632778,0.04525543990460513,0.00021666922181435303,0.00013668251595938064,0.6432373950823136,conflict_spike
2025-10-28,gasoline,83.50849911309123,9205.3224,-323.08783502980975,-557.5563533323423,0.19003358034263196,0.5,-278.77817666617113,-278.77817666617113,-278.77817666617113,7729.543193453598,0.4750668559588475,0.004498546537796279,0.01597539690946701,0.0629644056379946,0.00024029505944086774,0.0078533832972095,0.9283655416731744,conflict_spike
2025-11-11,gasoline,85.40726746684695,9097.8,39.57230759779662,-239.2058690683745,0.21039424987869612,0.25,-59.80146726709363,-59.80146726709363,-179.40440180128087,7669.741726186505,0.453722343707927,0.003815149984546682,0.015878908949785317,0.06061138181686714,0.0002619493700227193,0.1918031970369921,0.8911570797357274,conflict_spike
2025-11-25,gasoline,84.0145013547091,9042.5976,-148.81569093007937,-328.22009273136024,0.21182096279651938,0.25,-82.05502318284006,-82.05502318284006,-246.1650695485202,7587.686703003665,0.46329441655185266,0.0038336104587188067,0.016469170265835283,0.06337620262512728,0.00026135215080044593,0.001980883003581012,0.9348547213773367,conflict_spike
2025-12-09,gasoline,84.02153090339819,8978.904,-83.68288834388588,-329.84795789240604,0.21494288579055254,0.25,-82.46198947310151,-82.46198947310151,-247.38596841930453,7505.224713530563,0.47971188967675005,0.003773918846699915,0.017002515983574346,0.06571726354099128,0.0002632857095934802,6.624862456366705e-07,0.9716168734725874,conflict_spike
2025-12-23,gasoline,81.03394784077317,8962.7688,-261.23608244449116,-508.6220508637957,0.2226220779531251,0.5,-254.31102543189786,-254.31102543189786,-254.31102543189786,7250.913688098665,0.6505305905018915,0.0035224634900972757,0.021372728547626573,0.08766821817114052,0.0002715092094351773,0.11812836463987074,1.3055846862027025,conflict_spike
2026-01-21,gasoline,85.4226910776322,8850.33,158.67412249928304,-95.63690293261482,0.2407182683472068,0.25,-23.909225733153704,0.0,-95.63690293261482,7250.913688098665,0.5710511269271462,0.0029736866372724042,0.02014360372361755,0.0787258925629296,0.00028989534672579627,0.25869639062489364,1.1718682380044563,conflict_spike
2026-02-04,gasoline,89.39117237945084,8815.798799999999,251.23669737781458,155.59979444519976,0.23750916818806406,0.75,116.69984583389981,116.69984583389981,38.89994861129995,7367.613533932565,0.442086689436973,0.0034522874840883623,0.017490902346001983,0.06582353155386472,0.0002738267895092587,0.05447541607062394,0.9732804088452582,conflict_spike
2026-02-25,gasoline,92.85760126361768,8791.012799999999,190.82515026753273,229.72509887883268,0.22191527625433954,0.75,172.2938241591245,172.2938241591245,57.43127471970817,7539.907358091689,0.33201641372453533,0.004380410701313951,0.014054688101321712,0.05104488112954093,0.00024397156985962775,0.012362761704102214,0.7376886873696348,conflict_spike
2026-03-10,gasoline,105.8449427313028,9105.882,814.1970363929031,871.6283111126113,0.23197396604835333,1.0,871.6283111126113,871.6283111126113,0.0,8411.5356692043,0.4384694372642845,0.00621309103535738,0.006612181321373481,0.020319623345128487,0.00019007885879934305,1.9562748985699863,0.23230556874427166,conflict_spike
2026-03-24,gasoline,135.7266428938631,9288.4488,2131.957287388493,2131.957287388493,0.15440899655879026,1.0,2131.957287388493,2131.957287388493,0.0,10543.492956592794,1.0880482457215812,0.01145949174847359,0.0015349810318088571,0.0034851253179125114,7.294028119439069e-05,6.353716513762449,0.0,conflict_spike
2026-04-08,gasoline,156.8884127153132,9410.159999999998,1105.6100062085336,1105.6100062085336,-0.06043716117396478,0.75,829.2075046564003,829.2075046564003,276.40250155213334,11372.700461249195,1.2245271487551586,0.018539462832919244,0.004962063774556666,0.012671085222416254,2.1331688164242827e-06,6.788627985634061,0.0,conflict_spike
2026-04-22,gasoline,144.06224865729297,9410.159999999998,-885.3748489868833,-608.97234743475,-0.14855548271753052,0.75,-456.7292605760625,-456.7292605760625,-152.2430868586875,10915.971200673132,1.1514281884745594,0.01981917410085756,0.00207250573765806,0.006075530894849674,3.269800580067192e-08,6.61453345670612,0.0,conflict_spike
2026-05-09,gasoline,154.50541644877967,9410.159999999998,520.7720040341981,368.52891717551057,-0.10001972343436603,0.5,184.26445858775529,184.26445858775529,184.26445858775529,11100.235659260887,0.3093498689078881,0.018465805605301755,0.003102855539774939,0.008511139262147862,2.3537524407235157e-06,1.643491792029853,0.0,conflict_spike
2016-04-27,diesel,42.396839673275,5031.603999999999,160.17911140627916,160.17911140627916,0.030507217976613304,0.5,80.08955570313958,80.08955570313958,80.08955570313958,5260.08955570314,0.010296273915545072,0.022506000675863322,9.28276083382504e-05,0.00027431378887612386,6.280039387427424e-06,0.02565734773090519,0.0017029254041211438,baseline
2016-05-12,diesel,44.53533986703174,5031.603999999999,158.1493553764472,238.23891107958679,0.014589916912551043,0.5,119.11945553979339,119.11945553979339,119.11945553979339,5379.209011242933,0.012398010633354833,0.02248864911820471,7.430768084385506e-06,2.134530170575186e-05,6.193374433541075e-06,0.006093332325036916,0.0,baseline
2016-05-26,diesel,47.87412315362528,5031.603999999999,265.1988649897921,384.31832052958555,-0.009084333990300874,0.5,192.15916026479277,192.15916026479277,192.15916026479277,5571.368171507726,0.033329208808774324,0.022762459216210378,0.0004886084256909248,0.0013602670996042687,7.631180921225655e-06,0.021339193865260384,0.0,baseline
2016-06-09,diesel,49.297681034260485,5144.264999999999,96.04865528881574,288.2078155536085,-0.02302511078020404,0.5,144.10390777680425,144.10390777680425,144.10390777680425,5715.472079284531,0.018353508261408122,0.02327658963941883,0.000568575950658019,0.0015952427288547027,1.073603966514682e-05,0.00923722916673731,0.0,baseline
2016-07-22,diesel,45.323769115979474,5276.469999999999,-132.14127162561334,11.962636151190907,-0.023199957411779375,0.0,0.0,0.0,11.962636151190907,5715.472079284531,0.014363262808220024,0.02330339625616334,9.68593432051767e-05,0.00028255650573201843,1.0912426825233975e-05,0.08306374494618281,0.0,baseline
2016-08-05,diesel,41.821543066021135,5328.219999999999,-221.85685505078612,-209.89421889959522,-0.01267944628497529,0.5,-104.94710944979761,-104.94710944979761,-104.94710944979761,5610.524969834733,0.016535272105453913,0.022518519293898837,3.0908896010085635e-05,9.375985068165253e-05,6.342939433740692e-06,0.044055583127471196,0.00039390863879653574,baseline
2016-08-19,diesel,44.95531466879161,5341.147999999999,112.89370646736108,7.946597017563477,0.009565716989169033,0.0,0.0,0.0,7.946597017563477,5610.524969834733,0.007926550535691915,0.021451973465848338,4.8131248690144674e-05,0.00014369314945098687,2.1082269455276344e-06,0.044055583127471196,0.0007320235321350167,baseline
2016-09-02,diesel,47.59264263315335,5293.360000000001,128.34413134349825,136.29072836106172,8.248639149182389e-05,0.5,68.14536418053086,68.14536418053086,68.14536418053086,5678.670334015264,0.00690099254628688,0.021003598197105473,2.1283038459495214e-05,6.165720738992646e-05,1.0072093412333542e-06,0.018575162637188718,0.0,baseline
2016-09-19,diesel,46.13663267214746,5272.156,-96.89843937657452,-28.753075196043653,-0.0171059001317988,0.0,-0.0,0.0,-28.753075196043653,5678.670334015264,0.0038542598339352673,0.02078700337063272,4.587909401656231e-05,0.00013423963768378962,6.19374305387263e-07,0.018575162637188718,0.0,baseline
2016-10-20,diesel,50.22665824618214,5290.305,234.32029167375885,205.5672164777152,-0.013410764410608433,0.5,102.7836082388576,102.7836082388576,102.7836082388576,5781.453942254122,0.01574637362485295,0.020418567668707855,0.00021832122742323955,0.0006226270510244035,1.7519889328752834e-07,0.042257880490395826,0.0,baseline
2016-11-17,diesel,43.853398014610974,5393.816,-288.15667957327844,-185.37307133442084,-0.011867105265385806,0.5,-92.68653566721042,-92.68653566721042,-92.68653566721042,5688.767406586911,0.03314062181468842,0.02025033277966897,2.1997293215197625e-05,6.645454773892168e-05,6.266650057679343e-08,0.15283430863463576,0.00022614236369180216,baseline
2016-12-01,diesel,46.28107919720019,5446.173999999999,204.78278928722472,112.0962536200143,0.015456177752140842,0.5,56.04812681000715,56.04812681000715,56.04812681000715,5744.815533396919,0.01776042143462604,0.019430424662671298,2.1829617467990137e-05,6.424776502307035e-05,3.2441606489310514e-07,0.08848799928884732,0.00021340896722710397,baseline
2016-12-15,diesel,52.12131287707897,5473.206,385.8668092213213,441.91493603132847,0.010374692018367654,0.75,331.4362020234963,331.4362020234963,110.47873400783214,6076.251735420416,0.06184773594631912,0.01970104260085941,0.0005657865874288067,0.001540275071132531,8.93755265009067e-08,0.3033543678791615,0.0,baseline
2016-12-29,diesel,53.07575348934881,5468.79,112.78639412062374,223.2651281284559,-0.05107790487848597,0.5,111.63256406422795,111.63256406422795,111.63256406422795,6187.884299484644,0.04336339849635835,0.020858576119276117,0.00112870139995664,0.0031595689152129347,7.371529525912363e-07,0.19325455704051653,0.0,baseline
2017-01-13,diesel,53.99351442246399,5640.469999999999,64.46102505964228,176.09358912387023,-0.03705118535949026,0.5,88.04679456193512,88.04679456193512,88.04679456193512,6275.931094046578,0.006749807838240839,0.02092409448419244,0.0006001605638682396,0.0017018657894508013,8.539506157148916e-07,0.0022251540920611474,0.0,baseline
2017-01-26,diesel,53.59469121042442,5743.477999999999,2.083027342747865,90.12982190468298,-0.032705690532213935,0.5,45.06491095234149,0.0,90.12982190468298,6275.931094046578,0.011866913335704016,0.020764405403133734,0.00021250534086369736,0.0006170501399293734,5.843156203400463e-07,0.031008952130526433,0.0,baseline
2017-02-15,diesel,54.325999515736456,5832.51,-28.170084127213805,61.95973777746918,-0.016025775188825753,0.25,15.489934444367295,0.0,61.95973777746918,6275.931094046578,0.0030821912608194465,0.020249001998498273,3.8774539559884095e-05,0.00011351266803804805,6.200199525613363e-08,0.0,0.0,baseline
2017-03-15,diesel,52.055328052771,5849.696,-83.0127745186846,-21.053036741215415,-0.012864486299215883,0.0,-0.0,0.0,-21.053036741215415,6275.931094046578,0.0003606483426584139,0.019757816218824855,2.1370552544595843e-05,6.266042707773152e-05,5.86529838642907e-08,0.0,0.0,baseline
2017-03-29,diesel,49.38071351199277,5860.822,-130.06457978393456,-151.11761652514997,-0.010827794129659266,0.5,-75.55880826257498,-75.55880826257498,-75.55880826257498,6200.372285784004,0.008494218276159739,0.019191245994125215,9.145647502248978e-06,2.7427354365952313e-05,6.540830420185119e-07,0.022836534024242277,3.409371557156932e-05,baseline
2017-04-13,diesel,52.84095880895715,5820.295,174.37233211673492,98.81352385415994,-0.005302065579838081,0.5,49.40676192707997,0.0,98.81352385415994,6200.372285784004,0.011721198094357272,0.018442433392120143,5.73423974300707e-07,1.6876796670338227e-06,2.4260137379823654e-06,0.022836534024242277,0.0,baseline
2017-05-12,diesel,48.041424392545125,5781.821,-277.3903335018204,-178.57680964766047,-0.012390910369588342,0.5,-89.28840482383023,-89.28840482383023,-89.28840482383023,6111.083880960174,0.011874003959702617,0.017918360395064614,1.2448445741483673e-05,3.745904400141846e-05,4.333223444835551e-06,0.031889676943936754,7.451983930312716e-05,baseline
2017-05-26,diesel,51.03890868988692,5757.036,119.70543148705302,30.417026663222785,-0.001498291996119803,0.0,0.0,0.0,30.417026663222785,6111.083880960174,0.006201230035309489,0.017169088247449317,1.4438936982529597e-06,4.2627137836637e-06,8.014061350729582e-06,0.031889676943936754,0.0,baseline
2017-06-10,diesel,48.441866975263295,5699.865,-200.80132664464497,-170.3842999814222,-0.012145372032526022,0.5,-85.1921499907111,-85.1921499907111,-85.1921499907111,6025.8917309694625,0.010808799965216068,0.016708608051926005,1.1559525927608014e-05,3.475912783779908e-05,1.083326095584633e-05,0.029030809680159274,6.276360632303081e-05,baseline
2017-06-24,diesel,45.03258488301636,5668.673999999999,-192.2288384530724,-277.4209884437835,-0.0030161005853331572,0.5,-138.71049422189174,-138.71049422189174,-138.71049422189174,5887.18123674757,0.01901747508805169,0.015839658553182864,0.0001693035810362562,0.0005236882002466966,1.7308440954104506e-05,0.011456852676988582,0.003682039802664397,baseline
2017-07-22,diesel,46.99182937767929,5584.1849999999995,63.98740597436138,-74.72308824753036,0.005740293928734389,0.25,-18.68077206188259,0.0,-74.72308824753036,5887.18123674757,0.01776913032345468,0.014968055142554513,2.4483240552119042e-05,7.281011769771226e-05,2.532046904837209e-05,0.07696240482912585,0.00026360779510611914,baseline
2017-08-05,diesel,50.15160002264495,5565.503000000001,165.97225839415302,91.24917014662266,0.002201408076220687,0.5,45.62458507331133,0.0,91.24917014662266,5887.18123674757,0.006686671988227943,0.014725008954609608,9.693652001498588e-06,2.8724767571904252e-05,2.7825530528948825e-05,0.0,3.876958014439733e-05,baseline
2017-09-16,diesel,52.38592119344901,5613.171,32.78344285632657,124.03261300294923,0.011184413097771385,0.5,62.01630650147462,62.01630650147462,62.01630650147462,5949.197543249045,0.005717728063541948,0.014579535799900855,4.227785884321498e-06,1.2371632028266192e-05,2.938143214455647e-05,0.015384089088339372,1.4809420816666256e-07,baseline
2017-09-30,diesel,55.187765045612345,5657.84,165.98413617268545,228.00044267416007,0.008503749973656901,0.5,114.00022133708003,114.00022133708003,114.00022133708003,6063.197764586125,0.01225749364050809,0.014780365190196766,1.63257729703417e-05,4.6997080721796554e-05,2.724458754770964e-05,0.010809309606541908,0.0,baseline
2017-11-03,diesel,57.00834724985867,5811.035,84.99311888256604,198.9933402196461,0.01660622168234662,0.5,99.49667010982304,99.49667010982304,99.49667010982304,6162.694434695948,0.008069424289564218,0.015169497050097938,2.9676440099027953e-06,8.62825465492534e-06,2.333375874901252e-05,0.0008414119928066711,0.0,baseline
2017-11-17,diesel,60.43819147787639,5888.21,171.75155530412553,271.2482254139486,0.013384061591562229,0.5,135.6241127069743,135.6241127069743,135.6241127069743,6298.318547402922,0.015615585779665495,0.015515863458633244,9.1012124798593e-06,2.6152725629006392e-05,2.0107480521620618e-05,0.005220768434441838,0.0,baseline
2017-12-29,diesel,62.21587332766389,6036.0,31.764201685469185,167.38831439244348,0.016540996122776406,0.5,83.69415719622174,83.69415719622174,83.69415719622174,6382.012704599144,0.0074820719571969205,0.015917529456995906,1.1430976496641652e-05,3.344468057512839e-05,1.6666565734496145e-05,0.010786881117394963,5.7252058394613946e-05,baseline
2018-01-13,diesel,66.11343927180071,6153.093999999999,148.87906727879488,232.57322447501662,0.022796163263693974,0.5,116.28661223750831,116.28661223750831,116.28661223750831,6498.299316836652,0.011606322357466899,0.016118097283874946,1.6225636632739193e-05,4.730125219891111e-05,1.5069168697459077e-05,0.004249072502473146,0.0001215102600355076,baseline
2018-01-27,diesel,67.75322721683503,6227.204,13.574179714155203,129.86079195166351,0.01646596500826818,0.5,64.93039597583176,64.93039597583176,64.93039597583176,6563.229712812484,0.005316588472601682,0.01636785451325296,2.6302929603008066e-05,7.747123980001903e-05,1.3192480836896905e-05,0.010549843794864365,0.0002917630298964846,baseline
2018-02-10,diesel,65.67800657880974,6287.73,-147.22818023371673,-82.29778425788497,0.016184551052210647,0.5,-41.148892128942485,0.0,-82.29778425788497,6563.229712812484,0.00925573786616414,0.016314095947471297,0.0001080807168479742,0.000324855884924964,1.3585888684447523e-05,0.016863825286313232,0.002095517542092902,baseline
2018-03-01,diesel,64.32478933099402,6243.200999999999,-47.427566863823685,-129.72535112170866,0.00873964288311642,0.5,-64.86267556085433,-64.86267556085433,-64.86267556085433,6498.367037251629,0.007571429305655241,0.015926976884526947,0.00014118583814739534,0.0004298913718077893,1.6589517299177818e-05,0.016828666723650597,0.002927340834167456,baseline
2018-03-29,diesel,65.81290998890657,6217.956,58.78840053731071,-6.0742750235436205,0.0149030200195002,0.0,-0.0,0.0,-6.0742750235436205,6498.367037251629,0.003719181903492664,0.015386598895777348,9.457478112790678e-05,0.0002838887946363029,2.128346974844279e-05,0.016828666723650597,0.0017768000456129898,baseline
2018-04-13,diesel,67.1364923044488,6213.334999999999,79.93657948086607,73.86230445732245,0.014125757382850039,0.25,18.465576114330613,0.0,73.86230445732245,6498.367037251629,0.005092710726271623,0.01512388629594111,8.682926600041376e-05,0.00026043175468815744,2.3776484854910914e-05,0.0,0.0015962961731131391,baseline
2018-04-27,diesel,71.45750403433306,6226.549999999999,245.68522396890145,319.5475284262239,0.016345482289288636,0.5,159.77376421311195,159.77376421311195,159.77376421311195,6658.140801464741,0.03790912265774317,0.01507459958403996,8.109096750033908e-06,2.3247046912656685e-05,2.425956925753934e-05,0.10211062292330839,0.0,baseline
2018-05-12,diesel,73.11339128033123,6319.1449999999995,117.13527896292425,276.9090431760362,0.006354166352450977,0.5,138.4545215880181,138.4545215880181,138.4545215880181,6796.595323052759,0.015661195223503777,0.01562423640065379,3.661480572236063e-05,0.00010503083696826706,1.9147307077363308e-05,0.0018180404244304718,0.0,baseline
2018-05-26,diesel,75.7600727398957,6369.415999999999,164.00819681582647,302.4627184038446,-0.007067266928829899,0.5,151.2313592019223,151.2313592019223,151.2313592019223,6947.826682254682,0.018464722768206064,0.016063160056651985,0.0001901408184343658,0.0005405900139177687,1.5498708739540404e-05,0.0006529903176483065,0.0,baseline
2018-06-09,diesel,71.57248681191464,6508.135,-165.49491042365094,-14.263551221728648,-0.0075603198542564575,0.0,-0.0,0.0,-14.263551221728648,6947.826682254682,0.01582710694001784,0.016336654525285068,3.6701902342881356e-06,1.0789778882560495e-05,1.3420100067114373e-05,0.09148369602424339,0.0,baseline
2018-06-26,diesel,71.34368611064708,6571.258,14.74342969592821,0.47987847419956253,0.002694582642367413,0.0,0.0,0.0,0.47987847419956253,6947.826682254682,3.212700391257465e-05,0.016029300988424422,1.13487143112092e-05,3.364588375358882e-05,1.5766450640527276e-05,0.0,5.808620493238199e-05,baseline
2018-07-10,diesel,75.52675702206679,6618.655,239.94922434534084,240.4291028195404,0.010266076377348266,0.5,120.2145514097702,120.2145514097702,120.2145514097702,7068.041233664452,0.021461491625382714,0.015877896712324962,4.435790661146019e-06,1.2816574266830553e-05,1.699173551426136e-05,0.057806153482609125,0.0,baseline
2018-07-24,diesel,71.84604043418894,6621.843999999999,-131.4530988096168,-11.238547399846595,-0.007382625393236756,0.0,-0.0,0.0,-11.238547399846595,7068.041233664452,0.01000073917949282,0.01603377511214175,3.329690008067288e-06,9.789630459223155e-06,1.5730939861066185e-05,0.057806153482609125,0.0,baseline
2018-08-07,diesel,72.24956008101798,6686.825,32.31118912561594,21.072641725769344,0.002989949091765907,0.0,0.0,0.0,21.072641725769344,7068.041233664452,0.00039386180069215853,0.0157406531848713,1.2402745695836303e-05,3.678177137871775e-05,1.814203529154701e-05,0.0,7.151836457081417e-05,baseline
2018-08-21,diesel,69.1787498069334,6724.538,-123.60242424700888,-102.52978252123954,0.008917942962854447,0.5,-51.26489126061977,-51.26489126061977,-51.26489126061977,7016.776342403832,0.004896093026631363,0.01540198561733807,0.00011119352064391468,0.0003367768570459374,2.1141736263165977e-05,0.010512356303852676,0.002188969473730322,baseline
2018-09-04,diesel,72.78311549184721,6811.19,201.5491454011302,150.28425414051043,0.029816384155509926,0.5,75.14212707025521,75.14212707025521,75.14212707025521,7091.918469474087,0.01673822403594509,0.01504098547140458,0.00013978326278097562,0.0004168017207577163,2.459182509482046e-05,0.06391493713320867,0.0028227770935580323,baseline
2018-09-18,diesel,74.11763302719488,6848.096,109.91402595673398,185.0561530269892,0.02439558244012827,0.5,92.5280765134946,92.5280765134946,92.5280765134946,7184.446545987582,0.007492331731617246,0.015174580659660418,5.889796655653403e-05,0.00017380502359006742,2.3284671810123288e-05,0.0012090849521715033,0.0009477053074917956,baseline
2018-10-01,diesel,76.98512082710351,6952.07,163.09626741347927,255.62434392697386,0.026574481271393703,0.5,127.81217196348693,127.81217196348693,127.81217196348693,7312.258717951069,0.014171541624921544,0.015400372952603403,3.939222622629555e-05,0.0001153862214935069,2.115656897514234e-05,0.004979869566896679,0.0005365716444091391,baseline
2018-10-20,diesel,77.91850696573522,6999.692,87.15951531489476,214.9716872783817,0.015345646929740773,0.5,107.48584363919085,107.48584363919085,107.48584363919085,7419.74456159026,0.009530429119492912,0.01571135566780681,3.9374622849007645e-06,1.1473081225713298e-05,1.839247020805278e-05,0.001652638492588325,0.0,baseline
2018-11-03,diesel,72.54628464866491,7019.195,-292.76674511562726,-185.2809014764364,0.0029351141277226653,0.5,-92.6404507382182,-92.6404507382182,-92.6404507382182,7327.104110852041,0.035235232755848056,0.01570649821593397,0.00010618019658990556,0.0003231616610895868,1.8434157569778175e-05,0.16020213480493356,0.002082259980537145,baseline
2018-11-17,diesel,64.89815719013242,7011.848,-407.6549313117842,-500.2953820500024,0.015039511573547982,0.75,-375.2215365375018,-375.2215365375018,-125.07384551250061,6951.88257431454,0.081345995428168,0.014691216516412132,0.0014068042171942441,0.004709497996765947,2.8183182075615345e-05,0.3194082802060083,0.03135979331325796,baseline
2018-12-01,diesel,57.47630975735433,6760.67,-419.4105869634928,-544.4844324759933,0.031716919430390914,0.75,-408.363324356995,-408.363324356995,-136.12110811899834,6543.519249957545,0.04476173165167283,0.012673537312072065,0.0025075153450829263,0.008683559967055922,5.367705551760023e-05,0.004393512399489239,0.06490864872000486,baseline
2018-12-15,diesel,56.98627403563451,6612.902,-95.16194866279814,-231.28305678179646,0.07049202756103977,0.25,-57.820764195449115,-57.820764195449115,-173.46229258634736,6485.6984857620955,0.12707838347088682,0.010966560008029282,0.001954961029665441,0.006338217735336657,8.160303808853593e-05,0.49152034593844407,0.04175036742453773,baseline
2018-12-29,diesel,51.25025677943197,6514.389999999999,-336.64047791887833,-510.1027705052257,0.06440432860757556,0.5,-255.05138525261285,-255.05138525261285,-255.05138525261285,6230.647100509483,0.12134705077794639,0.010364352474198493,0.003240973123396422,0.011138665532252904,9.284570324148471e-05,0.15559967153037804,0.0952003760327866,baseline
2019-01-15,diesel,53.62385738254757,6371.9349999999995,44.9285268603161,-210.12285839229673,0.08217346841901507,0.25,-52.530714598074184,-52.530714598074184,-157.59214379422255,6178.1163859114085,0.07550909951746494,0.009264826094946135,0.0025445264679027253,0.008348805316215822,0.00011524395877174946,0.16405848816945645,0.06118294469241074,baseline
2019-01-29,diesel,57.5914267742096,6286.4619999999995,138.38498367257426,-19.207160121648286,0.07723475208926593,0.0,-0.0,0.0,-19.207160121648286,6178.1163859114085,0.019914637953170118,0.00907454492926384,0.0018749794859025592,0.006011986043417571,0.00011936556850267448,0.011037903904737297,0.03919628378524599,baseline
2019-02-15,diesel,58.91424279892484,6206.235,67.99494959585758,48.78778947420929,0.06453070405625813,0.0,0.0,0.0,48.78778947420929,6178.1163859114085,0.015231427668289305,0.009108421281550106,0.0013176176593524972,0.0041668735285056765,0.00011862648698019064,0.0,0.02951845477358879,baseline
2019-03-01,diesel,62.15537233921507,6294.102999999999,162.60066136393755,211.38845083814684,0.07842782269190564,0.75,158.54133812861014,158.54133812861014,52.8471127095367,6336.657724040018,0.029658168296840315,0.00935057935435477,0.0009320621949086369,0.002839222819432459,0.00011341016008789486,0.10054142358244114,0.022675089225404982,baseline
2019-03-29,diesel,64.18432514642905,6345.894,82.14566148471899,134.99277419425567,0.0614554727765673,0.75,101.24458064569176,101.24458064569176,33.74819354856392,6437.90230468571,0.0106232719968386,0.010157219110341748,0.0006849902374057184,0.0020892524331123942,9.688033564182169e-05,0.013131673672225454,0.016562821210912303,baseline
2019-04-13,diesel,67.7074125661637,6437.08,162.01832877351626,195.76652232208016,0.05987225501536253,0.5,97.88326116104008,97.88326116104008,97.88326116104008,6535.785565846751,0.014864307043362831,0.01067242640697451,0.0006609881292511193,0.0020158011091054176,8.700362913330645e-05,4.519387471159597e-05,0.01596048115647602,baseline
2019-04-27,diesel,69.11899911641486,6467.356,55.34297402852409,153.22623518956416,0.0494192362618123,0.5,76.61311759478208,76.61311759478208,76.61311759478208,6612.398683441533,0.010100408550709379,0.011115204983748548,0.0004770321235943191,0.0014489474680427939,7.893958248080664e-05,0.0018096760293169064,0.011293908589662055,baseline
2019-05-14,diesel,67.89285334783487,6571.37,-25.901531019298474,50.71158657548361,0.05375644904463875,0.25,12.677896643870902,0.0,50.71158657548361,6612.398683441533,0.016477045769268936,0.011352422573882111,0.0009257386790282076,0.0028939223700546867,7.47805953407037e-05,0.02347827915036763,0.023118046511110737,baseline
2019-05-28,diesel,68.00149017161712,6621.668,53.88376591056597,104.59535248604958,0.061399846165417375,0.75,78.44651436453718,78.44651436453718,26.148838121512398,6690.84519780607,0.013603021560566657,0.011376292150071795,0.0008018556789005426,0.002466206766855162,7.436833708091336e-05,0.02461542246378215,0.019643922774153603,baseline
2019-06-12,diesel,60.803864299344106,6660.895,-382.0891214756658,-355.9402833541534,0.055503577551354724,0.5,-177.9701416770767,-177.9701416770767,-177.9701416770767,6512.8750561289935,0.0911616492770061,0.011387313541491258,0.00206627624372096,0.006843803081415709,7.417836803257987e-05,0.2629980059822532,0.046083963457563784,baseline
2019-06-26,diesel,60.31181874518448,6664.312,-93.18423770483672,-271.15437938191343,0.08272356754470778,0.25,-67.78859484547836,-67.78859484547836,-203.36578453643506,6445.086461283515,0.07139556938955413,0.010548405977977819,0.0026810551187170448,0.008838701274635402,8.933262955712544e-05,0.04855989304881479,0.06667387087772086,baseline
2019-07-10,diesel,62.23218388585334,6556.619999999999,44.59222853914254,-158.77355599729253,0.0770108285544205,0.25,-39.69338899932313,0.0,-158.77355599729253,6445.086461283515,0.040918027409851974,0.010247336302048658,0.001864243066970085,0.005976094630403557,9.511444920533795e-05,0.01838117436449766,0.03892789008377606,baseline
2019-08-07,diesel,59.78548531751208,6461.293,-127.555958885432,-286.32951488272454,0.06250825008500394,0.25,-71.58237872068113,-71.58237872068113,-214.7471361620434,6373.504082562834,0.05635113559453329,0.01013527185524567,0.0016852605728675675,0.005442609377582116,9.73128613699082e-05,0.02049614777324409,0.03526113121113221,baseline
2019-08-21,diesel,56.781321350083445,6399.698,-139.75528950591507,-354.5024256679585,0.06409299273765211,0.25,-88.62560641698963,-88.62560641698963,-265.8768192509689,6284.878476145845,0.07486595253235548,0.009722070021706403,0.0018825318815207893,0.006126063235112421,0.00010563584463870623,0.0011618864412328673,0.04006628068702201,baseline
2019-09-04,diesel,57.816294465619606,6364.164999999999,89.62483010633724,-176.25198914463164,0.07245827596458525,0.25,-44.06299728615791,0.0,-176.25198914463164,6284.878476145845,0.045719673768933315,0.009370562916208454,0.001653113669693232,0.005273002508392756,0.00011298493271828294,0.031417992451116615,0.03423230240034169,baseline
2019-09-19,diesel,61.16112727142305,6349.888,172.70944780806536,-3.5425413365662735,0.07023790086599259,0.0,-0.0,0.0,-3.5425413365662735,6284.878476145845,0.014698251897511325,0.00939053006159898,0.0015550547164404533,0.004948250150817903,0.00011256085237383495,0.0,0.032468511494966226,baseline
2019-10-22,diesel,57.12562169048032,6378.09,-225.8634624665325,-229.40600380309877,0.074614331853918,0.25,-57.35150095077469,-57.35150095077469,-172.05450285232408,6227.52697519507,0.047742622552934655,0.009334928031135831,0.0021744138013991446,0.00708577017095053,0.00011374376010105225,0.013156778645226843,0.04830398796161739,baseline
2019-11-05,diesel,58.82863583797074,6415.647000000001,58.77561968980722,-113.27888316251685,0.08932206600595873,0.25,-28.319720790629212,0.0,-113.27888316251685,6227.52697519507,0.03905699677635439,0.009123629830987386,0.0025042450901463943,0.008137451104732645,0.00011829542805338749,0.013156778645226843,0.05889242442002296,baseline
2019-11-19,diesel,60.38635653789781,6439.6900000000005,53.653222237082495,-59.62566092543435,0.09294615498648703,0.0,-0.0,0.0,-59.62566092543435,6227.52697519507,0.03290259251268546,0.009155199796217322,0.0027122263943415346,0.008848898463688415,0.00011760969145996481,0.0,0.06679071949377681,baseline
2019-12-03,diesel,61.6447790105661,6498.66,83.19869862157157,23.573037696137213,0.10172137406864339,0.0,0.0,0.0,23.573037696137213,6227.52697519507,0.040703387827193675,0.00918528636112214,0.003253590026705436,0.010720082707911537,0.00011695803109093082,0.0,0.08972355689614836,baseline
2019-12-31,diesel,65.79524728050137,6530.459999999999,217.2499934493532,240.82303114549043,0.10638770083653062,0.75,180.61727335911783,180.61727335911783,60.2057577863726,6408.1442485541875,0.043818759808609956,0.009451159301435724,0.002004008068144225,0.006254840014421432,0.00011127804008368605,0.1304903977427292,0.041078498809917194,baseline
2020-02-05,diesel,56.51253007511973,6508.360000000001,-521.0995819041096,-460.89382411773704,0.07539800371304194,0.5,-230.44691205886852,-230.44691205886852,-230.44691205886852,6177.697336495319,0.21148805236279172,0.009913583307893013,0.003732286868366216,0.012887977578194706,0.00010173580168681445,0.6758950581334107,0.11914315002766235,baseline
2020-02-19,diesel,53.91955130446159,6482.38,-189.9702758586409,-420.4171879175094,0.10700166659539885,0.5,-210.2085939587547,-210.2085939587547,-210.2085939587547,5967.488742536564,0.1467554683417342,0.008711764533441647,0.006006872798832505,0.021398638935391977,0.0001274242599484659,0.0016383580780855778,0.24961578113175825,baseline
2020-03-18,diesel,36.82233377727081,6217.004999999999,-81.70038221494632,-291.90897617370103,0.10013447913640657,0.25,-72.97724404342526,-72.97724404342526,-218.93173213027578,5894.511498493139,0.10626466494240724,0.007794072253063831,0.0038997145161901417,0.013158570042559516,0.00014898467216342627,0.07532977359833437,0.122977584310048,baseline
2020-06-29,diesel,40.36722861556009,5486.427,134.8968886649345,-84.03484346534128,-0.014380739685981225,0.5,-42.01742173267064,0.0,-84.03484346534128,5894.511498493139,0.009336685159178805,0.007575944807996412,2.9085158101028868e-05,8.52162876263641e-05,0.0001543571474139513,0.02130271259269459,0.0,baseline
2020-07-11,diesel,41.77423652824659,5209.293,73.1624626820904,-10.872380783250875,-0.0715377150974496,0.0,-0.0,0.0,-10.872380783250875,5894.511498493139,0.00043587674033024836,0.007680236946011911,0.0011098160519703115,0.003163710129337699,0.00015177656170640993,0.0,0.0,baseline
2020-08-22,diesel,43.85823497882871,5189.5109999999995,43.18109865978206,32.30871787653118,-0.07585104617624644,0.0,0.0,0.0,32.30871787653118,5894.511498493139,0.0012142473353983997,0.0077796286354424125,0.0012486963609759808,0.0035525022340887977,0.0001493374762876991,0.0,0.0,baseline
2020-09-19,diesel,39.64007599342116,5356.751,-78.22391345657047,-45.91519558003929,-0.04038930286159251,0.0,-0.0,0.0,-45.91519558003929,5894.511498493139,0.001812111840733918,0.007874350137137784,0.00033715126474354946,0.000975357558456351,0.0001470313845967305,0.0,0.0,baseline
2020-10-23,diesel,41.00596192843084,5351.187,-53.89307733077841,-99.80827291081769,-0.04153345388474336,0.5,-49.904136455408846,0.0,-99.80827291081769,5894.511498493139,0.008100286220922124,0.007964620892518195,0.0003580364321506741,0.0010352077117847702,0.00014485035026080953,0.0,0.0,baseline
2020-11-06,diesel,38.34252841915856,5286.643,-80.16374438473167,-179.97201729554936,-0.05498194572494086,0.5,-89.98600864777468,-89.98600864777468,-89.98600864777468,5804.525489845364,0.01213545516146784,0.007925797220626338,0.0002902995282868925,0.0008538358419952639,0.00014578637275743466,0.032389927009429526,0.0,baseline
2020-11-20,diesel,41.39589389256359,5237.312,-40.252559269532775,-130.23856791730745,-0.0483024058611295,0.5,-65.11928395865372,-65.11928395865372,-65.11928395865372,5739.40620588671,0.00392129044388254,0.007532205675950219,0.0002575778346495477,0.0007552552693190955,0.00015544589530680793,0.0024734159870581514,0.0,baseline
2020-12-04,diesel,45.8284697044521,5274.335,253.97861746014792,188.85933350149418,-0.02817627357509714,0.5,94.42966675074709,94.42966675074709,94.42966675074709,5833.835872637457,0.024723230274197032,0.007486734684608754,0.0004542249864393945,0.0012892532617546921,0.0001565818088533736,0.10182347068988323,0.0,baseline
2020-12-18,diesel,48.69680983086777,5305.201999999999,167.5849799811479,262.014646731895,-0.039644438164174976,0.5,131.0073233659475,131.0073233659475,131.0073233659475,5964.843196003405,0.014928215914662282,0.008198866030088507,0.0009148274857894977,0.0025591646846085843,0.000139266762975799,0.005351699853838062,0.0,baseline
2021-01-01,diesel,49.85432428184906,5468.51,53.86912165236582,184.87644501831335,-0.03076205328387527,0.5,92.43822250915667,92.43822250915667,92.43822250915667,6057.281418512562,0.008015558408258835,0.008973872207580355,0.0004874757942361951,0.0013838850120943542,0.00012157549409476892,0.005950302163605216,0.0,baseline
2021-01-16,diesel,53.26909011347213,5554.147999999999,144.50215100579845,236.94037351495513,-0.030586966446080006,0.5,118.47018675747756,118.47018675747756,118.47018675747756,6175.751605270039,0.011877404609567968,0.00956802833911554,0.000585645972061929,0.0016526095212374076,0.00010882603273349647,0.002710652650503428,0.0,baseline
2021-01-30,diesel,54.2745690912804,5611.24,33.25350379491296,151.7236905523905,-0.040603717764707926,0.5,75.86184527619525,75.86184527619525,75.86184527619525,6251.613450546234,0.006043823682909687,0.010178439994029783,0.0006341956158981585,0.0018005856884968693,9.64630409508737e-05,0.00726188305514225,0.0,baseline
2021-02-19,diesel,60.96463300505847,5711.120000000001,347.4396305973653,423.30147587356055,-0.0346387837317781,0.75,317.4761069051704,317.4761069051704,105.82536896839014,6569.089557451404,0.04945098192730926,0.010889339995970797,0.001853516613186216,0.004985358716306477,8.300412570901741e-05,0.2335098056900594,0.0,baseline
2021-03-04,diesel,63.49776121057933,5912.128000000001,156.04950956061575,261.87487852900585,-0.05112099694922094,0.5,130.93743926450293,130.93743926450293,130.93743926450293,6700.026996715907,0.03788229189127518,0.012297286305079556,0.0011878594088588978,0.0033173442957607296,5.9331798265914956e-05,0.13918669810062162,0.0,baseline
2021-03-18,diesel,67.01854661579151,6036.728,214.17331893477825,345.1107581992812,-0.04987723758895661,0.5,172.5553790996406,172.5553790996406,172.5553790996406,6872.582375815548,0.0253933953508862,0.012899173318943831,0.0013707400057283538,0.003797219993017525,5.042173955439917e-05,0.0069282116644845525,0.0,baseline
2021-04-01,diesel,62.04512012374969,6164.375,-213.44763922034176,-40.89226012070117,-0.054887133864430414,0.0,-0.0,0.0,-40.89226012070117,6872.582375815548,0.02191569201600629,0.013410766312579436,0.0006450220185950245,0.0018531491848406704,4.341800058743801e-05,0.11910143542488272,0.0,baseline
2021-04-29,diesel,64.58044852548319,6207.103999999999,110.9725198580946,70.08025973739343,-0.04721237727216241,0.25,17.52006493434836,0.0,70.08025973739343,6872.582375815548,0.004070578105656556,0.01324089355830362,0.00047044102178281334,0.0013565156132618263,4.56855198901815e-05,0.0,0.0,baseline
2021-05-15,diesel,67.36618689441394,6260.895,140.97400999417795,211.05426973157137,-0.037699670065629146,0.5,105.52713486578568,105.52713486578568,105.52713486578568,6978.109510681334,0.01672330738300478,0.01320458125217934,0.0006467077335672576,0.0018301825357280412,4.6177715958232514e-05,0.044543904771926886,0.0,baseline
2021-06-12,diesel,70.3200309153057,6313.668,110.9846124842816,216.51174735006728,-0.04523858883320022,0.5,108.25587367503364,108.25587367503364,108.25587367503364,7086.365384356367,0.00962576988333933,0.013563232550341218,0.0008530713878543775,0.002404923023459171,4.143197520098682e-05,2.9784061956383842e-05,0.0,baseline
2021-06-29,diesel,73.81668627930864,6346.343999999999,210.420038155214,318.6759118302476,-0.056605936324341695,0.5,159.3379559151238,159.3379559151238,159.3379559151238,7245.703340271491,0.02251264604135618,0.013966102405901498,0.0014817747854203288,0.004111775139482837,3.64079201760677e-05,0.010437516503933342,0.0,baseline
2021-07-13,diesel,75.49530422422905,6451.754999999999,92.50243893834084,251.84039485346466,-0.06305928236138714,0.5,125.92019742673233,125.92019742673233,125.92019742673233,7371.623537698223,0.013870734737503018,0.01448623867282609,0.0015055683396577619,0.004197104917580337,3.04015639730386e-05,0.004466986329553845,0.0,baseline
2021-07-27,diesel,72.90358332124636,6505.98,-121.98945564689002,3.9307417798423074,-0.0730535196385823,0.0,0.0,0.0,3.9307417798423074,7371.623537698223,0.011198098262872087,0.014709451350004689,0.0011577765800190693,0.003298108072873118,2.7989905017967217e-05,0.06342358447994899,0.0,baseline
2021-08-24,diesel,68.50168497549342,6584.21,-203.13750179589755,-199.20676001605523,-0.0595911943419519,0.5,-99.60338000802761,-99.60338000802761,-99.60338000802761,7272.020157690195,0.014852039496024358,0.014368051322149999,0.00040862922906994,0.0011959903101996516,3.171884590993638e-05,0.039683333236094215,0.0,baseline
2021-09-07,diesel,70.94020696686133,6592.987999999999,97.80563799377084,-1.7977420142567695,-0.042993082603850666,0.0,-0.0,0.0,-1.7977420142567695,7272.020157690195,0.006912055245159246,0.013808287273218995,0.0003855427014527626,0.0011139574076292388,3.8337306490981875e-05,0.039683333236094215,0.0,baseline
2021-09-19,diesel,72.09496687218568,6599.938,26.38502166895121,24.58727965469444,-0.04183158655281232,0.0,0.0,0.0,24.58727965469444,7272.020157690195,0.0005943205504062278,0.013619735919902629,0.0003635762305547296,0.0010510747206857827,4.070776973178076e-05,0.0,0.0,baseline
2021-10-10,diesel,78.96768144260471,6665.584999999999,383.4111900673122,407.99846972200663,-0.030980035164234757,0.5,203.99923486100332,203.99923486100332,203.99923486100332,7476.0193925511985,0.062028347334603835,0.013669471212411933,0.0008410518236212142,0.002342998835702457,4.007559473048125e-05,0.16646275129549917,0.0,baseline
2021-10-23,diesel,83.66223786031158,6708.9259999999995,236.6157064455024,440.6149413065057,-0.0543392239758195,0.75,330.4612059798793,330.4612059798793,110.15373532662642,7806.480598531078,0.021317148881341137,0.014565045819288747,0.0024144351293361593,0.00649560479456441,2.9538726946430736e-05,0.06397052055708571,0.0,baseline
2021-11-20,diesel,81.7741352559971,6844.895,-114.27892698615666,-4.125191659530245,-0.08048215473445196,0.0,-0.0,0.0,-4.125191659530245,7806.480598531078,0.07518531406810493,0.01546929112233067,0.0014059826222933079,0.0039914423870543725,2.0527322934191688e-05,0.4368184346307049,0.0,baseline
2021-12-04,diesel,74.59425467322328,6878.105,-329.50508077201914,-333.6302724315494,-0.07497549085555948,0.5,-166.8151362157747,-166.8151362157747,-166.8151362157747,7639.665462315303,0.04147317664245333,0.015027929266005133,0.0005354012797168424,0.0015749034918923974,2.4721487383848255e-05,0.11130915868274985,0.0,baseline
2021-12-18,diesel,73.19518770813278,6902.314,-99.59666253439931,-266.411798750174,-0.046826705118790855,0.5,-133.205899375087,-133.205899375087,-133.205899375087,7506.459562940216,0.01501614028251629,0.014093993209971215,0.00014161896247676396,0.0004195706325525109,3.4880916203866116e-05,0.004518323204053753,0.0,baseline
2022-01-01,diesel,74.9262029070608,6889.77,94.79936727972148,-38.40653209536552,-0.029508004322381494,0.0,-0.0,0.0,-38.40653209536552,7506.459562940216,0.013386407521197722,0.01344693028776126,0.0001687715263646162,0.0004908226421964172,4.294272265346072e-05,0.07097524651330323,0.0,baseline
2022-01-18,diesel,82.42811864871784,6889.691999999999,423.49793025847833,385.0913981631128,-0.029520338926648192,0.5,192.5456990815564,192.5456990815564,192.5456990815564,7699.005262021772,0.055254621752645325,0.013485141047560678,0.0007276387002268852,0.0020357420689546403,4.244338717017878e-05,0.14829538493922106,0.0,baseline
2022-01-30,diesel,88.27679784336111,6889.639999999999,295.1176745679044,487.66337364946077,-0.05747569713682749,0.75,365.7475302370956,365.7475302370956,121.91584341236518,8064.752792258868,0.0331796505294555,0.014355076112618456,0.0027477689871915193,0.0073461544239323264,3.186516569433077e-05,0.11999549726252763,0.0,baseline
2022-02-18,diesel,95.09613645496208,7069.8099999999995,372.2513357589925,494.1671791713577,-0.08073119252976643,0.75,370.6253843785183,370.6253843785183,123.54179479283943,8435.378176637387,0.01328148519926392,0.015729352588440014,0.0039158311075628335,0.010380721851084981,1.823842931386401e-05,9.517384409997787e-05,0.0,baseline
2022-03-04,diesel,101.13341693701254,7445.986999999999,296.66459773736915,420.2063925302086,-0.07287575933685994,0.75,315.1547943976564,315.1547943976564,105.05159813255216,8750.532971035043,0.0117350241159337,0.016929203432348407,0.0029455590057775524,0.007935582661875067,9.429791559900805e-06,0.012307945411299568,0.0,baseline
2022-03-18,diesel,113.50585413252529,7678.9,675.5018928121759,780.5534909447281,-0.07955553152600547,0.75,585.4151182085461,585.4151182085461,195.13837273618196,9335.94808924359,0.0818956681581241,0.018094857238373934,0.005363450957807398,0.013804168479448658,3.6295689421761944e-06,0.29216257050546784,0.0,baseline
2022-04-01,diesel,114.89434328685368,8035.200000000001,59.71263449611234,254.8510072322943,-0.10188123372704945,0.5,127.42550361614715,127.42550361614715,127.42550361614715,9463.373592859736,0.15743785381009776,0.019524270006755766,0.003001333644987437,0.008265701834620099,2.2631902647215942e-07,0.8390179482979767,0.0,baseline
2022-04-16,diesel,103.45333688276853,8184.642,-528.8401293912625,-401.4146257751154,-0.09623549482796381,0.5,-200.7073128875577,-200.7073128875577,-200.7073128875577,9262.666279972178,0.10626095861599288,0.01924209452472636,0.0010916624526799373,0.0031791326611083077,5.744207094497615e-07,0.430684581066616,0.0,baseline
2022-04-29,diesel,105.00803524072398,8284.27,98.57054167742372,-102.13677121013397,-0.05810289620837764,0.5,-51.068385605066986,-51.068385605066986,-51.068385605066986,9211.59789436711,0.017580222001320256,0.01821173695212809,0.0005717366753930036,0.0016540165317579555,3.1978847283841315e-06,0.08956723423301816,0.0,baseline
2022-05-17,diesel,108.36545148363524,8218.324999999999,290.7492603985941,239.68087479352712,-0.06086074648631097,0.5,119.84043739676356,119.84043739676356,119.84043739676356,9331.438331763875,0.03183766472865395,0.017781938944262107,0.0012513065657274018,0.0035148727311447017,4.9197948469811e-06,0.11683930311948418,0.0,baseline
2022-05-31,diesel,114.66074917575683,8178.758,341.01582426834307,460.8562616651066,-0.08093586480537437,0.75,345.64219624883,345.64219624883,115.21406541627664,9677.080528012704,0.046437507690396805,0.018041706068330013,0.0033488684831324365,0.008993123819158462,3.834915122815498e-06,0.20394573720274706,0.0,baseline
2022-06-15,diesel,123.52366202148691,8359.32,507.6800543613966,622.8941197776733,-0.09763967978408589,0.75,467.17058983325495,467.17058983325495,155.72352994441832,10144.251117845959,0.03088198770075304,0.018994585772116875,0.005127970058114738,0.013445548591870816,1.0108577696298208e-06,0.05907660178884363,0.0,baseline
2022-06-29,diesel,116.30201988976656,8483.484,-306.3025341177192,-150.57900417330086,-0.13576474922873172,0.5,-75.28950208665043,-75.28950208665043,-75.28950208665043,10068.961615759308,0.2069637265715042,0.01973397204291867,0.0033910146217033497,0.00949881786136558,7.077087394886564e-08,1.1770518053030088,0.0,baseline
2022-07-13,diesel,111.43747117484044,8585.5,-265.9541054842491,-341.24360757089954,-0.11278686340449678,0.5,-170.62180378544977,-170.62180378544977,-170.62180378544977,9898.339811973858,0.03002714524346156,0.01893894304713732,0.00183719291292045,0.005275454474525662,1.1258418572182332e-06,0.0363529909887636,0.0,baseline
2022-07-27,diesel,106.91515195236693,8597.044,-229.02546843554217,-399.6472722209919,-0.09136549399698983,0.5,-199.82363611049595,-199.82363611049595,-199.82363611049595,9698.516175863362,0.03280636798349672,0.01791165148714145,0.000984849172758902,0.0028698740831301418,4.361199511158522e-06,0.0034109880445604493,0.0,baseline
2022-08-10,diesel,101.49214704487676,8439.94,-319.91286206338094,-519.736498173877,-0.08912146008897717,0.75,-389.8023736304077,-389.8023736304077,-129.93412454346924,9308.713802232955,0.038327969219619465,0.01668626060896001,0.0003689974392446978,0.001110828340480622,1.0980868751730095e-05,0.14436768283863813,0.0,baseline
2022-08-24,diesel,97.35805634700957,8341.06,-261.5267194598303,-391.46084400329954,-0.05601089096984725,0.5,-195.73042200164977,-195.73042200164977,-195.73042200164977,9112.983380231304,0.05650161803996582,0.015164544466570087,0.00020577257719379366,0.0006103810682171595,2.3381630215777973e-05,0.15065568963597986,0.0,baseline
2022-09-07,diesel,94.71181033628494,8148.02,-115.09860276158948,-310.82902476323926,-0.05842918650559325,0.5,-155.41451238161963,-155.41451238161963,-155.41451238161963,8957.568867849684,0.02053177688294974,0.01423604835975947,0.0003133534082532445,0.0009226988248707692,3.3223138511031505e-05,0.006501490273961756,0.0,baseline
2022-09-22,diesel,89.00777637279255,8071.748,-279.84911813887135,-435.263630520491,-0.04974337502232295,0.75,-326.44772289036825,-326.44772289036825,-108.81590763012275,8631.121144959316,0.029514409418112432,0.013294005596029432,7.586031245364146e-06,2.312516016500697e-05,4.497036094608458e-05,0.11700943638771967,0.0,baseline
2022-10-25,diesel,90.25207977745296,7997.48,142.589204459133,33.773296829010235,-0.019230100601604048,0.0,0.0,0.0,33.773296829010235,8631.121144959316,0.07391345383303624,0.012199327379945144,6.155675307145058e-05,0.00017992301660056694,6.0850493325273497e-05,0.4262724631212267,0.0,baseline
2022-11-08,diesel,92.85719227531808,7960.647999999999,135.22031414605644,168.99361097506667,-0.0242234382124817,0.5,84.49680548753334,84.49680548753334,84.49680548753334,8715.61795044685,0.010682512590380925,0.012166442646479881,0.0002467354816332045,0.0007087656591408026,6.136462081088914e-05,0.02855884055039218,0.0,baseline
2022-11-22,diesel,89.9855541292591,7937.611999999999,-215.6804366752055,-131.18363118767218,-0.0380151146776699,0.5,-65.59181559383609,-65.59181559383609,-65.59181559383609,8650.026134853013,0.018927444705940988,0.012243390028736598,0.0001706396193891164,0.0004999591691408526,6.016499824630284e-05,0.09010637671242755,0.0,baseline
2022-12-06,diesel,82.85068835840534,7789.814999999999,-404.6757934565794,-470.2676090504155,-0.05042767188348048,0.75,-352.7007067878116,-352.7007067878116,-117.56690226260389,8297.325428065202,0.06751612375054387,0.011602788321783047,4.427222399975048e-07,1.3584940837158543e-06,7.051316396878318e-05,0.3297260616105363,0.0,baseline
2022-12-20,diesel,77.40143904041409,7706.603999999999,-364.75852580259976,-482.32542806520365,-0.016651327623062297,0.75,-361.74407104890275,-361.74407104890275,-120.5813570163009,7935.581357016299,0.015009118768641371,0.010120465290158993,0.0003042057564210542,0.0009700411910126964,9.760520608295324e-05,0.0003271297486351221,0.00733898284862676,baseline
2023-01-04,diesel,80.02398854283592,7480.73,133.06854783117575,12.48719081487485,-0.0008030709591575904,0.0,0.0,0.0,12.48719081487485,7935.581357016299,0.08975423845551606,0.008992288934128652,2.434865929424593e-06,7.193323543220889e-06,0.00012116970290970653,0.5234350917561345,0.0,baseline
2023-01-18,diesel,78.62842100135482,7378.49,-133.6937778661516,-121.20658705127676,-0.015502082000016081,0.5,-60.60329352563838,-60.60329352563838,-60.60329352563838,7874.978063490661,0.0054794280267725076,0.008967572226447233,3.1320381612628653e-06,9.27981526690607e-06,0.00012171446257865848,0.014691036744618729,0.0,baseline
2023-02-04,diesel,81.87760826356454,7213.125,192.25001984349592,131.64672631785754,-0.03175677164760914,0.5,65.82336315892877,65.82336315892877,65.82336315892877,7940.80142664959,0.014534284118520022,0.008879889470305727,0.00034896946778660435,0.0010009412544641852,0.00012365685819261746,0.06393479808174964,0.0,baseline
2023-03-18,diesel,77.07737262331753,7150.6669999999995,-181.958665274744,-116.13530211581522,-0.05049800342395897,0.5,-58.06765105790761,-58.06765105790761,-58.06765105790761,7882.733775591682,0.01333710379318485,0.009076473330626977,0.0003710893623470456,0.0010804142981754247,0.00011932343489650369,0.06139593361470541,0.0,baseline
2023-04-01,diesel,74.4896395741793,7112.909,-158.58282357797208,-216.65047463587968,-0.048229245670327346,0.5,-108.32523731793984,-108.32523731793984,-108.32523731793984,7774.408538273742,0.011203869106205088,0.008811203865070116,0.0002137924465570793,0.0006293474946101815,0.0001251891589490219,0.01010329990673832,0.0,baseline
2023-04-18,diesel,84.67019067631662,7113.418,591.8257693885319,483.50053207059204,-0.03292165008069853,0.75,362.62539905294403,362.62539905294403,120.87513301764801,8137.033937326686,0.16401868277840936,0.008888134405313088,0.0015986187675191747,0.004329269129588306,0.00012347355699438673,0.8871780075925622,0.0,baseline
2023-04-29,diesel,81.1746215874899,7114.86,-191.60398459407412,-70.72885157642611,-0.08366747024209704,0.25,-17.682212894106527,0.0,-70.72885157642611,8137.033937326686,0.09448548440749874,0.010121426452381609,0.001518998757846784,0.004305980111690392,9.75862153357058e-05,0.5259887201532276,0.0,baseline
2023-05-17,diesel,73.76447278392433,7156.129999999999,-369.5760189801889,-440.304870556615,-0.07707184432461218,0.75,-330.22865291746126,-330.22865291746126,-110.07621763915375,7806.805284409224,0.08443807082826463,0.009774202665392868,0.00017994944076154816,0.0005450912873352979,0.00010456693112845833,0.43620385283072444,0.0,baseline
2023-05-31,diesel,74.49563514786755,7180.892,11.951726356159996,-98.12449128299376,-0.027163723449569226,0.5,-49.06224564149688,0.0,-98.12449128299376,7806.805284409224,0.08243960495484891,0.008739240520258795,0.00013980417370705936,0.00040704442897415385,0.00012680470406058143,0.43620385283072444,0.0,baseline
2023-06-14,diesel,73.23711900787694,7080.85,-0.1990594309468676,-98.32355071394062,-0.042523748477827306,0.5,-49.16177535697031,0.0,-98.32355071394062,7806.805284409224,0.007866129031965582,0.0087888720583905,0.0003765930786330124,0.0010883439962928565,0.00012568938972313726,0.0,0.0,baseline
2023-06-29,diesel,73.17608224854365,7010.92,-10.033558486414687,-108.35710920035531,-0.05352080531645265,0.5,-54.178554600177655,-54.178554600177655,-54.178554600177655,7752.626729809047,0.004507913914128912,0.008779413767418367,0.00043793370377736635,0.0012724678904190506,0.0001259015554028005,0.011741263114257725,0.0,baseline
2023-07-13,diesel,75.1157600634876,7034.955,84.7492822749147,30.57072767473705,-0.04201511307592539,0.0,0.0,0.0,30.57072767473705,7752.626729809047,0.0028876539528351684,0.008650004146100159,0.0003670065033847575,0.0010608979444754593,0.00012882240588354358,0.011741263114257725,0.0,baseline
2023-07-27,diesel,79.32382195397709,7077.348,192.3382764542406,222.90900412897764,-0.03541409152256567,0.5,111.45450206448882,111.45450206448882,111.45450206448882,7864.081231873536,0.01862688850188038,0.00882140502634736,0.0005650846345454024,0.0016033089860637627,0.00012496098558497208,0.04968842412177258,0.0,baseline
2023-08-10,diesel,84.41944702954262,7220.764999999999,308.86291572839946,420.31741779288825,-0.029092531314000098,0.75,315.2380633446662,315.2380633446662,105.07935444822203,8179.319295218203,0.03761769525410249,0.009561997473129148,0.0011941116192197931,0.0032709739271587586,0.0001089518967509623,0.16611095939212725,0.0,baseline
2023-08-24,diesel,84.1976009708773,7289.858,56.93111494420887,162.0104693924309,-0.062013528276984566,0.5,81.00523469621545,81.00523469621545,81.00523469621545,8260.324529914418,0.04316054414755689,0.010677227045593636,0.0011715683246176886,0.003304557272296561,8.691409555941078e-05,0.219460072066618,0.0,baseline
2023-09-21,diesel,92.16037381014016,7522.135,462.8841605274048,543.8893952236202,-0.0381356396707075,0.75,407.91704641771514,407.91704641771514,135.97234880590509,8668.241576332133,0.08850952829001535,0.011292479511026245,0.001938412709385019,0.005215589682224506,7.582091306589775e-05,0.42748533057213306,0.0,baseline
2023-10-11,diesel,90.43988939931766,7727.829,-118.2006431647814,17.77170564112369,-0.06169169068468431,0.0,0.0,0.0,17.77170564112369,8668.241576332133,0.11443127013067021,0.012482720280264282,0.0008210153113852251,0.0023512246943352727,5.6509494384749926e-05,0.6655852670326095,0.0,baseline
2023-10-25,diesel,89.53334896276725,7858.6939999999995,-75.1250579250824,-57.35335228395871,-0.04301299125937884,0.25,-14.338338070989678,0.0,-57.35335228395871,8668.241576332133,0.002752172820123936,0.012356454282474713,0.0003859245343218004,0.0011150500027501883,5.842379113589916e-05,0.0,0.0,baseline
2023-11-08,diesel,86.10020979440196,7843.594999999999,-216.98661191472155,-274.33996419868026,-0.04513630246489443,0.5,-137.16998209934013,-137.16998209934013,-137.16998209934013,8531.071594232793,0.02798996573427457,0.012106701879360823,0.0001432703235587422,0.0004237431410098378,6.230415522128597e-05,0.07526241595653319,0.0,baseline
2023-11-22,diesel,80.37544506746394,7811.983999999999,-356.58685614210725,-493.7568382414474,-0.03204929173341815,0.75,-370.3176286810855,-370.3176286810855,-123.43920956036186,8160.753965551708,0.05027951269321332,0.01123914657734089,9.492097201676666e-05,0.0002979949937347937,7.675255269331784e-05,0.2174313004264258,0.0018860842965479077,baseline
2023-12-06,diesel,78.42588848557556,7646.494999999999,-170.0990792785089,-293.53828883887076,-0.007254208045870469,0.5,-146.76914441943538,-146.76914441943538,-146.76914441943538,8013.984821132272,0.05199099620765005,0.009916157591165414,6.564470755742213e-05,0.00020005085398959007,0.00010168387772621092,0.19989569926272496,0.0011405270026057554,baseline
2023-12-20,diesel,74.0227212693011,7559.846,-245.4716465161005,-392.24079093553587,-7.249633554344602e-05,0.5,-196.12039546776793,-196.12039546776793,-196.12039546776793,7817.864425664505,0.034873176412976645,0.009251250716288021,0.0002341937722513392,0.0007288003965746301,0.00011553561116409879,0.009742183920142183,0.0053540069257325415,baseline
2024-01-04,diesel,77.05655540788125,7396.48,151.00055440726737,-45.11984106050056,0.003029059003133254,0.0,-0.0,0.0,-45.11984106050056,7817.864425664505,0.028028335664495585,0.008652126319958136,1.2545841332063412e-05,3.720760755919675e-05,0.0001287742370581869,0.15385283807373476,7.340158755570098e-05,baseline
2024-01-18,diesel,76.2303624464535,7333.119999999999,0.1659045847311517,-44.95393647576941,-0.006103435599649988,0.0,-0.0,0.0,-44.95393647576941,7817.864425664505,0.0016437608584617955,0.008705851154744027,1.3660404163409428e-06,4.018866867409573e-06,0.00012755779813879685,0.0,0.0,baseline
2024-02-01,diesel,80.03755552747323,7312.18,183.33218194432817,138.37824546855876,-0.009156452065526862,0.5,69.18912273427938,69.18912273427938,69.18912273427938,7887.053548398784,0.007149857936302129,0.008829431960410862,5.731560075573495e-05,0.00016610704558193525,0.00012478159032709032,0.019148538818956704,0.0,baseline
2024-03-05,diesel,82.66674488641249,7371.119999999999,142.33664829095153,211.5257710252309,-0.009993915225743846,0.5,105.76288551261545,105.76288551261545,105.76288551261545,7992.8164339114,0.009919721547879503,0.009210411232855717,0.00010990578604641157,0.00031619590233871077,0.00011641522576408609,0.005350560495064004,0.0,baseline
2024-04-02,diesel,84.84844065575193,7483.995999999999,123.12769135832492,228.89057687094038,-0.007987801424720204,0.5,114.44528843547019,114.44528843547019,114.44528843547019,8107.261722346871,0.010579762838705662,0.009697312618752396,9.904714283527845e-05,0.0002848487958534238,0.00010614536727571862,0.00030153648205918574,0.0,baseline
2024-04-17,diesel,89.69483516514862,7548.455999999998,305.97641534571426,420.4217037811844,-0.014029142164552873,0.75,315.3162778358883,315.3162778358883,105.10542594529613,8422.578000182759,0.0366757939335249,0.010385517045896981,0.000693485768883454,0.001916967594538694,9.243828247473753e-05,0.1613966175308115,0.0,baseline
2024-04-30,diesel,87.27778304465804,7579.119999999999,-114.94001255446229,-9.834586609166152,-0.05128706237435998,0.0,-0.0,0.0,-9.834586609166152,8422.578000182759,0.06832923898362755,0.011350607825289424,0.0005599273926739415,0.0016114201422924232,7.481198499194455e-05,0.3976974202731164,0.0,baseline
2024-05-16,diesel,82.0104261021214,7604.369999999999,-310.0419752029099,-319.87656181207603,-0.047597079072001995,0.5,-159.93828090603802,-159.93828090603802,-159.93828090603802,8262.639719276722,0.03803351183582063,0.01112223466493446,0.00013030310266900762,0.0003868384987294752,7.881471734449137e-05,0.10232101479671489,0.0,baseline
2024-06-14,diesel,78.1073728456169,7547.504999999999,-227.3804561941312,-387.3187371001692,-0.03475114216906415,0.5,-193.6593685500846,-193.6593685500846,-193.6593685500846,8068.980350726637,0.03080317235062745,0.010383475019158785,7.117677416633801e-06,2.141068600725167e-05,9.247755270714313e-05,0.0045484470075898824,0.0,baseline
2024-06-28,diesel,84.04572783153426,7514.395999999999,338.28621500616623,144.62684645608164,-0.013802917856157433,0.5,72.31342322804082,72.31342322804082,72.31342322804082,8141.293773954678,0.0526722502131534,0.009830847227102566,9.999330333162303e-05,0.0002890758177681613,0.00010341166811852757,0.28296610386500015,0.0,baseline
2024-07-12,diesel,86.2060657899071,7474.459999999999,122.62247704740582,194.93590027544664,-0.029214976594252796,0.5,97.46795013772332,97.46795013772332,97.46795013772332,8238.761724092401,0.008158515052498322,0.01015586784832477,0.00037596307024032836,0.0010738076609774821,9.6906937819646e-05,0.002531000896199765,0.0,baseline
2024-07-26,diesel,83.75396290647076,7467.781999999999,-136.65724799380064,-39.18929785607732,-0.04324079145486592,0.0,-0.0,0.0,-39.18929785607732,8238.761724092401,0.00786236642342214,0.010444542880553737,0.00039030629803197186,0.0011275870699439168,9.130676076157629e-05,0.038000005216198875,0.0,baseline
2024-08-09,diesel,78.63468861164303,7430.215,-330.6257819756396,-369.8150798317169,-0.048818752094306826,0.5,-184.90753991585845,-184.90753991585845,-184.90753991585845,8053.854184176543,0.050813333545659436,0.010230492176440885,0.00010188489203370927,0.0003039315381206968,9.544328311458276e-05,0.13676319327093914,0.0,baseline
2024-09-06,diesel,77.16119851371884,7296.001,-140.21721994578974,-325.12475986164816,-0.04387240683993081,0.5,-162.56237993082408,-162.56237993082408,-162.56237993082408,7891.291804245719,0.021529148917048806,0.009472063283658572,7.997070042214958e-05,0.00023828306772957403,0.00011083745150328995,0.001997224699027125,0.0,baseline
2024-09-21,diesel,72.45480098191294,7214.147999999999,-284.278856821292,-446.84123675211606,-0.03386330918713047,0.75,-335.1309275640871,-335.1309275640871,-111.71030918802899,7556.160876681632,0.030976974935538484,0.008624692085842016,6.944430046765407e-05,0.00021718553913188448,0.00012939763014190527,0.11911961452901502,0.0012683406933028496,baseline
2024-10-11,diesel,75.382461095612,7078.365,96.83656848453674,-14.873740703492246,-0.00750088144389726,0.0,-0.0,0.0,-14.873740703492246,7556.160876681632,0.07711453390929317,0.007595624072275179,3.5544583265983706e-06,1.0449855429439561e-05,0.000153868542156319,0.4492509544398615,0.0,baseline
2024-10-24,diesel,74.64565408972837,7024.338,-16.890696782546293,-31.76443748603854,-0.015711458742678906,0.0,-0.0,0.0,-31.76443748603854,7556.160876681632,0.0008492604648351306,0.007698991526756294,3.681747718630996e-05,0.00010780010902977698,0.00015131480945881348,0.0,0.0,baseline
2024-11-07,diesel,72.70753615902433,6996.21,-166.38690480815978,-198.15134229419832,-0.020036316331503965,0.5,-99.07567114709916,-99.07567114709916,-99.07567114709916,7457.085205534532,0.014606147470665468,0.007690266875953458,1.0911654326680932e-06,3.253212083544145e-06,0.00015152952958524867,0.03926395445299254,0.0,baseline
2025-01-03,diesel,72.91250667945691,7039.624,57.09943172471508,-41.976239422384076,0.0006983660583957075,0.0,-0.0,0.0,-41.976239422384076,7457.085205534532,0.008167134464935076,0.007454482803725939,5.4569216156324765e-06,1.6145766380963945e-05,0.0001573900017220082,0.03926395445299254,3.901721212153254e-06,baseline
2025-01-17,diesel,78.64825306101768,7065.987999999999,355.44481167080534,313.46857224842125,0.00465074020299316,0.5,156.73428612421063,156.73428612421063,156.73428612421063,7613.819491658743,0.03651884718684945,0.007736378277783363,4.9860704204787724e-05,0.0001428564312039743,0.00015039641774562378,0.09826254578746368,0.0,baseline
2025-02-20,diesel,74.43100270687172,7142.12,-244.11721388629047,-87.38292776207985,-0.006044744649871792,0.5,-43.69146388103992,0.0,-87.38292776207985,7613.819491658743,0.022958215788005432,0.008369657802229057,1.2965306439155747e-06,3.8144822836334712e-06,0.00013526485963725148,0.09826254578746368,0.0,baseline
2025-03-06,diesel,72.48036962055622,7129.946,-140.25281114503792,-227.63573890711777,-0.007864958817183548,0.5,-113.81786945355888,-113.81786945355888,-113.81786945355888,7500.001622205184,0.019502912669052776,0.008314396694275956,3.754495520811489e-05,0.00011361984602010723,0.00013655332461874872,0.051818029627789496,0.000524672353504817,baseline
2025-03-20,diesel,70.03629620842324,7125.067999999999,-166.79236296187594,-280.61023241543484,0.007378239449057374,0.5,-140.30511620771742,-140.30511620771742,-140.30511620771742,7359.696505997466,0.018898765082365983,0.007849397745210417,0.00025527646564859436,0.0007907238440070511,0.0001476371351540977,0.002806296962462727,0.00586227818134396,baseline
2025-04-03,diesel,73.12522518772467,7013.815,163.2183139275017,22.91319771978428,0.010685681615858653,0.0,0.0,0.0,22.91319771978428,7359.696505997466,0.014348047003222349,0.007463303054995026,5.65721618153395e-05,0.00016908560871554701,0.00015716877029089702,0.07874210253624435,0.0009134703327639967,baseline
2025-04-18,diesel,65.23406046403404,6958.719999999999,-376.3744322950284,-353.46123457524413,0.002377835866730306,0.5,-176.73061728762207,-176.73061728762207,-176.73061728762207,7182.965888709844,0.04918477686558421,0.007376496309127675,0.0002657798522839851,0.0008283389359796867,0.00015935284543346724,0.12493484434745576,0.006171532407286218,baseline
2025-05-20,diesel,63.74256473909944,6829.244999999999,-244.99166301260897,-421.72228030023103,0.008204978923754446,0.75,-316.2917102251733,-316.2917102251733,-105.43057007505774,6866.674178484671,0.032943454891752655,0.006517051701017862,0.0009092150226569948,0.0029756102814675624,0.00018178989483302535,0.07790919464769525,0.02377881528341364,baseline
2025-06-04,diesel,64.51466400998532,6740.168,-79.19319371097305,-184.6237637860308,0.04123100514932705,0.5,-92.3118818930154,-92.3118818930154,-92.3118818930154,6774.362296591656,0.052052681295574374,0.005437117413108599,0.0009518184891622357,0.0030197658526513616,0.00021207754923958477,0.2006678539988117,0.024135616918184836,baseline
2025-06-18,diesel,69.9983912088471,6683.012,271.1803557219119,178.8684738288965,0.04633096924086692,0.5,89.43423691444825,89.43423691444825,89.43423691444825,6863.7965335061035,0.032968613855726366,0.005406710944648361,0.00037539390887481386,0.0011330727625449971,0.00021296408545304593,0.13212660680630675,0.008684905388525115,baseline
2025-07-02,diesel,71.3322865500842,6726.315,-2.836095627393263,86.59814128705499,0.03956064598430144,0.5,43.29907064352749,0.0,86.59814128705499,6863.7965335061035,0.017145706109796842,0.0059499313281331755,0.0005187968749230219,0.001597604522798584,0.00019740442968417361,0.031993930929878636,0.012520357685561803,baseline
2025-07-16,diesel,70.28199592347697,6760.32,-136.12905539730605,-49.53091411025106,0.04469354505317741,0.0,-0.0,0.0,-49.53091411025106,6863.7965335061035,0.009183878626847585,0.006130626113636824,0.0006518424261920061,0.0020181927814642837,0.0001923595319997328,0.0,0.01598010375536319,baseline
2025-08-27,diesel,66.40231906729642,6777.035,-208.42142083526463,-257.9523349455157,0.047197715002784676,0.5,-128.97616747275785,-128.97616747275785,-128.97616747275785,6734.820366033346,0.038337934695432827,0.006149150864763801,0.0013600432453397073,0.004391463172078919,0.00019184602176707335,0.06653940710384354,0.03015804650797142,baseline
2025-10-14,diesel,64.79524527100162,6741.132,-158.4591177773928,-287.4352852501506,0.0609362869569464,0.25,-71.85882131253766,-71.85882131253766,-215.57646393761297,6662.961544720808,0.05458942173252186,0.005753554749513493,0.0015974260498529016,0.005145492537031237,0.00020296120227510954,0.013049564929545681,0.03350638731212503,baseline
2025-10-28,diesel,61.85814749117869,6719.351999999999,-224.75456343889616,-440.33102737650916,0.06839224604979642,0.5,-220.16551368825458,-220.16551368825458,-220.16551368825458,6442.796031032553,0.09337798224813362,0.005400870595575723,0.003110911486111761,0.010593522055856874,0.00021313457936712556,0.08797950001370212,0.08808971078056944,baseline
2025-11-11,diesel,63.26464256803477,6629.75,31.196774817792875,-188.9687388704617,0.08819924868470867,0.25,-47.24218471761542,0.0,-188.9687388704617,6442.796031032553,0.08731307772913363,0.0047638788684773396,0.0024416345782801835,0.007924119040515572,0.00023213938713443136,0.19389141367045204,0.056631916923371425,baseline
2025-11-25,diesel,62.23296396645118,6583.748,-103.06897676971826,-292.03771564017995,0.08140907716508076,0.25,-73.00942891004499,-73.00942891004499,-219.02828673013497,6369.786602122508,0.07164936805467281,0.004907625739344601,0.0026556040324055316,0.00875909591399113,0.0002277797608236936,0.02132150683908365,0.06576515220093873,baseline
2025-12-09,diesel,62.23817103955421,6530.67,-55.99401036862268,-275.02229709875763,0.08463505243374607,0.25,-68.75557427468941,-68.75557427468941,-206.2667228240682,6301.031027847819,0.06648035380717582,0.0047597498154947895,0.002813226386614349,0.009301573626993393,0.00023226522568631108,7.238111703494463e-05,0.07207566546284153,baseline
2025-12-23,diesel,60.02514654872086,6517.224,-182.1829027628588,-388.449625586927,0.09317255508667205,0.25,-97.11240639673176,-97.11240639673176,-291.33721919019524,6203.918621451087,0.11759576216691228,0.004594784758575681,0.003622709611342133,0.012210516749734177,0.00023732065663461215,0.003216439711990771,0.10968694800580558,baseline
2026-01-21,diesel,63.27606746491273,6423.525,114.94349121150518,-176.39372797869007,0.09418782966500674,0.25,-44.09843199467252,0.0,-176.39372797869007,6203.918621451087,0.06273286262697404,0.004445732638621283,0.0027855663863468358,0.009100780470269992,0.0002419352331492513,0.03772327790465595,0.06970826940212299,baseline
2026-02-04,diesel,66.21568324403765,6394.749,174.96326559244994,-1.430462386240123,0.08984173085588075,0.0,-0.0,0.0,-1.430462386240123,6203.918621451087,0.027044749400626022,0.004697106273747123,0.002533514248732282,0.008237314452132573,0.00023417855639698966,0.0,0.05996851151661886,baseline
2026-02-25,diesel,68.7834083434205,6374.093999999999,131.9197094977494,130.4892471115093,0.08669797128013985,0.75,97.86693533363197,97.86693533363197,32.622311777877314,6301.785556784719,0.022504545886924836,0.005065683689002318,0.0016288034498449762,0.005108572502735024,0.0002230338036769314,0.03831174812638921,0.03330411156706468,baseline
2026-03-10,diesel,78.4036612824465,6636.485,576.1707536740139,608.7930654518912,0.11043324036975614,1.0,608.7930654518912,608.7930654518912,0.0,6910.5786222366105,0.1800498423908448,0.006480703588744354,0.00015051030121891577,0.00041359743982057366,0.00018277137545538984,1.0441820417504812,0.0027972138089984618,baseline
2026-03-24,diesel,100.53825399545414,6788.624,1514.7864971220276,1514.7864971220276,0.04203544308292668,0.75,1136.0898728415207,1136.0898728415207,378.69662428050697,8046.668495078131,0.3061225498879262,0.010447034707164266,0.0038845677776060705,0.00928207428383481,9.125914588612413e-05,1.112167692333184,0.0,baseline
2026-04-08,diesel,116.21363904838014,6890.049999999999,803.3757745086745,1182.0723987891815,-0.10786793928609104,0.75,886.5542990918862,886.5542990918862,295.5180996972954,8933.222794170017,0.11553895360178731,0.015514059933629363,0.011894160314337784,0.02846515700872288,2.0123658279069397e-05,0.24907201026623718,0.0,baseline
2026-04-22,diesel,106.71277678317998,6890.049999999999,-617.4322521842347,-321.9141524869393,-0.23653961787940833,0.5,-160.95707624346966,-160.95707624346966,-160.95707624346966,8772.265717926546,0.7744569151942147,0.01791045120531171,0.008748321174231417,0.023890146259674103,4.3662141653832894e-06,4.389120325827874,0.0,baseline
2026-05-09,diesel,114.44845662872568,6890.049999999999,369.3292136759377,208.37213743246804,-0.21317881843042458,0.5,104.18606871623402,104.18606871623402,104.18606871623402,8876.45178664278,0.05954794430147558,0.017166345853584876,0.01018322858578335,0.02682497354873064,8.029595821495627e-06,0.28120354927648983,0.0,baseline
2016-04-27,diesel,50.87620760792999,5635.396479999999,192.214933687535,192.214933687535,0.14081001605054771,0.75,144.16120026565125,144.16120026565125,48.05373342188375,5324.161200265651,0.07667478532153445,0.022607160314142918,0.0043106913922369445,0.014032095933410921,6.797284903641795e-06,0.08312980664813281,0.13555709111890363,oil_up_20pct
2016-05-12,diesel,53.44240784043809,5635.396479999999,189.77922645173663,237.83295987362038,0.11522863934044777,0.75,178.37471990521527,178.37471990521527,59.45823996840511,5502.535920170866,0.025405851640626066,0.022989590386730596,0.0022663272928760076,0.007080436995097028,8.937650680431993e-06,0.004682259704507333,0.04825410464997221,oil_up_20pct
2016-05-26,diesel,57.44894778435033,5635.396479999999,318.23863798775056,377.6968779561557,0.08357608028124648,0.75,283.27265846711674,283.27265846711674,94.42421948903893,5785.8085786379825,0.018665147662423456,0.023645880440167265,0.0003973860204972334,0.0011562224272597624,1.3292444183994245e-05,0.044014310058145815,0.00887613041246358,oil_up_20pct
2016-06-09,diesel,59.157217241112576,5761.5768,115.25838634657887,209.6826058356178,0.055794245311807364,0.5,104.8413029178089,104.8413029178089,104.8413029178089,5890.649881555792,0.035683360918870075,0.02445740755015307,0.000480628004838251,0.0014507324527312485,1.9868482068161584e-05,0.12735099457265406,0.011308643154359452,oil_up_20pct
2016-07-22,diesel,54.38852293917537,5909.6464,-158.569525950736,-53.72822303292709,0.06321449324687317,0.0,-0.0,0.0,-53.72822303292709,5890.649881555792,0.022970243201144255,0.024231034144782133,0.001265819067246485,0.00399738286335628,1.790164993431227e-05,0.04396679519001507,0.029161653839196795,oil_up_20pct
2016-08-05,diesel,50.18585167922536,5967.6064,-266.2282260609433,-319.9564490938704,0.07289570948315367,0.25,-79.9891122734676,-79.9891122734676,-239.9673368204028,5810.660769282324,0.0743359148439988,0.023441686618662808,0.0023059181739356286,0.0075707306165230925,1.1845206781082631e-05,0.025593032329189618,0.05300840417809087,oil_up_20pct
2016-08-19,diesel,53.94637760254993,5982.08576,135.4724477608333,-104.49488905956952,0.08865639136502057,0.25,-26.12372226489238,0.0,-104.49488905956952,5810.660769282324,0.03902963948781939,0.022453856127281558,0.002467021903835941,0.008010573399577083,6.021409893397244e-06,0.025593032329189618,0.05754160681228286,oil_up_20pct
2016-09-02,diesel,57.11117115978402,5928.563200000001,154.01295761219788,49.518068552628364,0.07988718459097782,0.0,0.0,0.0,49.518068552628364,5810.660769282324,0.021214563835475184,0.02185906930441237,0.002004681579220195,0.006446598060896066,3.4561386786082867e-06,0.0,0.042642503883446876,oil_up_20pct
2016-09-19,diesel,55.36395920657696,5904.81472,-116.27812725188942,-66.76005869926105,0.07594528451481666,0.0,-0.0,0.0,-66.76005869926105,5810.660769282324,0.02059711672746513,0.02129223015142479,0.0018136069427931915,0.005806997252801726,1.6698587642513388e-06,0.0,0.0376988234390458,oil_up_20pct
2016-10-20,diesel,60.271989895418564,5925.141600000001,281.1843500085106,214.42429130924955,0.07932119744069535,0.75,160.81821848193715,160.81821848193715,53.6060728273124,5971.478987764261,0.029796214739378317,0.020978375670589078,0.0008986651351969861,0.002729040156202178,9.572189528006268e-07,0.10344999758281627,0.021781627423110773,oil_up_20pct
2016-11-17,diesel,52.62407761753317,6041.073920000001,-345.7880154879341,-292.1819426606217,0.07152029145105056,0.25,-73.04548566515543,-73.04548566515543,-219.1364569954663,5898.433502099105,0.0976540569766746,0.021059365259921928,0.0021678783317588468,0.007086737542024369,1.1222547539294528e-06,0.21876892846959536,0.048313040666729125,oil_up_20pct
2016-12-01,diesel,55.53729503664023,6099.7148799999995,245.73934714466964,26.602890149203347,0.09299848957872854,0.0,0.0,0.0,26.602890149203347,5898.433502099105,0.0343072791549128,0.020217848972862346,0.002715296032355241,0.008859430559620596,4.745817497717912e-08,0.021342571904233706,0.06691151100671083,oil_up_20pct
2016-12-15,diesel,62.54557545249476,6129.990720000001,463.0401710655856,489.64306121478893,0.0977744809866362,1.0,489.64306121478893,489.64306121478893,0.0,6388.0765633138935,0.16532434658368156,0.02040703992146783,0.00013816178035554473,0.0003841136703749423,1.6568149766853763e-07,0.9590013095831582,0.0025626617299652483,oil_up_20pct
2016-12-29,diesel,63.69090418721857,6125.044800000001,135.34367294474848,135.34367294474848,0.01705635274473544,0.5,67.67183647237424,67.67183647237424,67.67183647237424,6455.748399786267,0.1257218044459716,0.022114103774916016,2.6152257741490314e-05,7.697918288670335e-05,4.469434771114149e-06,0.7122388580424537,0.00028876567221569095,oil_up_20pct
2017-01-13,diesel,64.79221730695679,6317.3264,77.35323007157074,145.02506654394497,0.03808851545390036,0.5,72.51253327197249,72.51253327197249,72.51253327197249,6528.26093305824,0.00677465792976223,0.021897560227962787,0.00025518799625434343,0.000766681619752373,3.6007348187461843e-06,9.372938202256289e-05,0.005664803888323243,oil_up_20pct
2017-01-26,diesel,64.3136294525093,6432.69536,2.499632811297438,75.01216608326993,0.04514377446622318,0.25,18.753041520817483,0.0,75.01216608326993,6528.26093305824,0.015428599347571528,0.02161563524057022,0.0006642681486284101,0.0020576430943320834,2.610277230572395e-06,0.02103226992607567,0.016303682984457793,oil_up_20pct
2017-02-15,diesel,65.19119941888374,6532.4112000000005,-33.80410095265656,41.20806513061337,0.060635334613007984,0.0,0.0,0.0,41.20806513061337,6528.26093305824,0.01430788063849824,0.021060234496425297,0.001167506312242668,0.003676692785828737,1.1240971874102028e-06,0.0,0.028814127752467087,oil_up_20pct
2017-03-15,diesel,62.4663936633252,6551.65952,-99.61532942242151,-58.40726429180814,0.06357139849382169,0.0,-0.0,0.0,-58.40726429180814,6528.26093305824,0.015901191853887293,0.020530930760574013,0.0012797558851468497,0.004042950374816917,2.818874725236993e-07,0.0,0.029246421052058554,oil_up_20pct
2017-03-29,diesel,59.25685621439132,6564.120640000001,-156.07749574072147,-214.4847600325296,0.06546298718570803,0.25,-53.6211900081324,-53.6211900081324,-160.8635700243972,6474.639743050107,0.038619528856460014,0.019959322419424635,0.001692223715223618,0.005449423769896596,1.6546655614653071e-09,0.011500928071552953,0.035303926032158414,oil_up_20pct
2017-04-13,diesel,63.40915057074857,6518.7304,209.2467985400819,48.38322851568469,0.0667636877496718,0.0,0.0,0.0,48.38322851568469,6474.639743050107,0.017557449555212785,0.019272078818857896,0.0014080245901731553,0.004463542260845293,5.298692459553161e-07,0.011500928071552953,0.03040116151912713,oil_up_20pct
2017-05-12,diesel,57.64970927105415,6475.639520000001,-332.8684002021845,-284.4851716864998,0.060154390457777276,0.25,-71.12129292162496,-71.12129292162496,-213.36387876487487,6403.518450128482,0.054851853793191116,0.01873695943122616,0.001576874863199511,0.005078376030854618,1.5952714783685467e-06,0.020232953227374322,0.03314137234914968,oil_up_20pct
2017-05-26,diesel,61.246690427864294,6447.880320000001,143.6465177844636,-69.71736098041126,0.06688007029750821,0.0,-0.0,0.0,-69.71736098041126,6403.518450128482,0.021094344240822044,0.018036419955827217,0.001412824137087007,0.004479321523710976,3.855646589873589e-06,0.020232953227374322,0.030456737855452966,oil_up_20pct
2017-06-10,diesel,58.13024037031595,6383.848800000001,-240.96159197357395,-310.67895295398523,0.05691884147875161,0.5,-155.33947647699262,-155.33947647699262,-155.33947647699262,6248.178973651489,0.055954876211288376,0.01745080168932046,0.002022951362169669,0.006677095878341679,6.498412027171422e-06,0.09652141180858458,0.04460772594337373,oil_up_20pct
2017-06-24,diesel,54.039101859619635,6348.914879999999,-230.67460614368687,-386.01408262067946,0.07586663362992041,0.25,-96.50352065516986,-96.50352065516986,-289.5105619655096,6151.675452996319,0.09757895662965103,0.01634554039763099,0.002563029680400376,0.008475543797920976,1.335507498534707e-05,0.013846678789869914,0.06257975533783272,oil_up_20pct
2017-07-22,diesel,56.39019525321515,6254.2872,76.78488716923366,-212.72567479627597,0.07640662536310783,0.25,-53.18141869906899,-53.18141869906899,-159.54425609720698,6098.49403429725,0.04442657091127997,0.015572803935233144,0.002243580296008194,0.0073181472117295355,1.960006499588714e-05,0.007507218071579197,0.05051746888863512,oil_up_20pct
2017-08-05,diesel,60.18192002717394,6233.363360000001,199.16671007298362,39.62245397577664,0.08163668599334646,0.0,0.0,0.0,39.62245397577664,6098.49403429725,0.02358908259557021,0.01508066238147096,0.002092792266846097,0.006742903659097182,2.4199882605074966e-05,0.01131305317938274,0.0451851163271136,oil_up_20pct
2017-09-16,diesel,62.86310543213881,6286.751520000001,39.340131427591885,78.96258540336852,0.08994511316438202,0.5,39.48129270168426,0.0,78.96258540336852,6098.49403429725,0.03208421653625856,0.01483232503740337,0.0025393591087824762,0.008257266748773483,2.670486451904808e-05,0.0,0.06018484308496751,oil_up_20pct
2017-09-30,diesel,66.22531805473481,6336.7808,199.18096340722255,278.1435488105911,0.09760375705322656,0.75,208.60766160794333,208.60766160794333,69.53588720264776,6307.101695905194,0.047003058865463965,0.014875412108239255,0.0013689866086368683,0.004186823009081396,2.6261401060380837e-05,0.17406862592613678,0.029567771964413375,oil_up_20pct
2017-11-03,diesel,68.41001669983041,6508.359200000001,101.99174265907924,171.527629861727,0.09092292510450366,0.75,128.64572239629524,128.64572239629524,42.881907465431766,6435.747418301489,0.020835163055047,0.01567671373929731,0.0016277811927767043,0.005081205028352496,1.8690804091980658e-05,0.025575646889949212,0.03315651489472938,oil_up_20pct
2017-11-17,diesel,72.52582977345166,6594.7952000000005,206.10186636495064,248.9837738303824,0.08411716768680126,0.75,186.7378303727868,186.7378303727868,62.245943457595615,6622.485248674276,0.01660677028523544,0.016158341378125118,0.001023377150516795,0.003115736522616391,1.4758340967025623e-05,0.01349877203660941,0.024910215389918448,oil_up_20pct
2017-12-29,diesel,74.65904799319667,6760.320000000001,38.11704202256302,100.36298548015864,0.08038879096340483,0.75,75.27223911011899,75.27223911011899,25.090746370039653,6697.7574877843945,0.023373976511584734,0.01669300125016778,0.0015298338937991733,0.004808148596028403,1.093624073139186e-05,0.049698312142144506,0.03179751866495785,oil_up_20pct
2018-01-13,diesel,79.33612712616086,6891.465279999999,178.65488073455384,203.7456271045935,0.08810836075424669,0.75,152.80922032844512,152.80922032844512,50.936406776148374,6850.5667081128395,0.01974277229276657,0.016845636343136634,0.0014054374893398343,0.004352054163018752,9.950010079740427e-06,0.02404793382580424,0.030032710758242733,oil_up_20pct
2018-01-27,diesel,81.30387266020203,6974.46848,16.289015656986244,67.22542243313461,0.07776504865459821,0.5,33.612711216567305,0.0,67.22542243313461,6850.5667081128395,0.037603157151398225,0.017096759502407615,0.0019005376958105,0.00609747861954375,8.42880538686048e-06,0.09340263126954915,0.03984589337950843,oil_up_20pct
2018-02-10,diesel,78.81360789457169,7042.2576,-176.67381628046007,-109.44839384732546,0.08722009088210021,0.25,-27.362098461831366,0.0,-109.44839384732546,6850.5667081128395,0.03424406718453444,0.016753690374415483,0.0023877362571223253,0.007740789537797139,1.053852618516269e-05,0.0,0.05473266716704277,oil_up_20pct
2018-03-01,diesel,77.18974719719283,6992.38512,-56.91308023658842,-166.3614740839139,0.0802818365197769,0.25,-41.59036852097847,0.0,-166.3614740839139,6850.5667081128395,0.04164453941991843,0.01642674127862152,0.0020243792190044567,0.006512765209061487,1.2768177889907374e-05,0.0,0.04319735124152344,oil_up_20pct
2018-03-29,diesel,78.97549198668789,6964.110720000001,70.54608064477284,-95.81539343914105,0.07630416523405899,0.25,-23.953848359785262,0.0,-95.81539343914105,6850.5667081128395,0.024561247888565875,0.016115154771651,0.001830577851300961,0.005863638266790624,1.5092022448226001e-05,0.0,0.03810390313928241,oil_up_20pct
2018-04-13,diesel,80.56379076533855,6958.9352,95.92389537703929,0.10850193789823948,0.07557256803988649,0.0,0.0,0.0,0.10850193789823948,6850.5667081128395,0.016849708827753787,0.01581820900065773,0.0017960715274442515,0.005748506973750353,1.748737596218002e-05,0.0,0.037287670637491284,oil_up_20pct
2018-04-27,diesel,85.74900484119966,6973.736,294.82226876268174,294.93077070057996,0.07766188050238221,0.75,221.19807802543497,221.19807802543497,73.73269267514499,7071.764786138275,0.04544650818711316,0.01579929025090082,0.0007088024506328779,0.002128715270093824,1.7645962396176886e-05,0.19571435888858568,0.016886181594168385,oil_up_20pct
2018-05-12,diesel,87.73606953639747,7077.4424,140.56233475550908,214.29502743065407,0.06080221265548206,0.75,160.72127057299056,160.72127057299056,53.57375685766351,7232.4860567112655,0.010023493737360192,0.01652729343800437,0.0004946473437860169,0.0014870958715562964,1.2059690865727505e-05,0.01462977695856014,0.011608774571100083,oil_up_20pct
2018-05-26,diesel,90.91208728787484,7133.74592,196.80983617899176,250.38359303665527,0.046158725329081364,0.5,125.19179651832764,125.19179651832764,125.19179651832764,7357.677853229593,0.016352919764748466,0.01693269963399518,0.0002920780500611214,0.0008740811260998768,9.408331535293295e-06,0.005049374106403864,0.00654802266492719,oil_up_20pct
2018-06-09,diesel,85.88698417429757,7289.111200000001,-198.59389250838112,-73.40209599005348,0.050593276553444366,0.25,-18.35052399751337,0.0,-73.40209599005348,7357.677853229593,0.02424357368527571,0.01703919856499281,0.000824430328295055,0.0025685575159695695,8.76634513754063e-06,0.0626919436619454,0.02047743705930643,oil_up_20pct
2018-06-26,diesel,85.6124233327765,7359.80896,17.69211563511385,-55.70998035493963,0.06028956006629931,0.0,-0.0,0.0,-55.70998035493963,7357.677853229593,0.015425568049675067,0.016698834093551718,0.0011546457236928586,0.003634841165883412,1.0897696341896512e-05,0.0,0.028802934576119904,oil_up_20pct
2018-07-10,diesel,90.63210842648014,7412.8936,287.939069214409,232.22908885946939,0.06744860910595125,0.75,174.17181664460205,174.17181664460205,58.05727221486734,7531.849669874195,0.030418103607404004,0.016568063868541864,0.0006466184352841933,0.001954193488111817,1.1778185610407836e-05,0.1213432868531235,0.015454800056198906,oil_up_20pct
2018-07-24,diesel,86.21524852102672,7416.465279999999,-157.74371857154014,-99.6864463566728,0.04444213172744813,0.5,-49.8432231783364,0.0,-99.6864463566728,7531.849669874195,0.03582446657974374,0.016854109406940702,0.0006449570273887132,0.0019963444836455357,9.896627623498982e-06,0.1213432868531235,0.015800824579838814,oil_up_20pct
2018-08-07,diesel,86.69947209722157,7489.244000000001,38.77342695073913,-60.913019405933674,0.0543110853546508,0.25,-15.228254851483419,0.0,-60.913019405933674,7531.849669874195,0.013571078342417135,0.016522441850913696,0.000944138978454363,0.002953190562956223,1.2093410680276564e-05,0.0,0.023597551939201315,oil_up_20pct
2018-08-21,diesel,83.01449976832008,7531.48256,-148.32290909641065,-209.23592850234434,0.05995125662560205,0.5,-104.61796425117217,-104.61796425117217,-104.61796425117217,7427.231705623022,0.032292639538859136,0.016092759261307103,0.0016920151122660502,0.005481373757310531,1.5266530190101423e-05,0.043779673776238155,0.035506043103480656,oil_up_20pct
2018-09-04,diesel,87.33973859021665,7628.5328,241.85897448135623,137.24101023018406,0.08638791752681174,0.75,102.93075767263804,102.93075767263804,34.31025255754602,7530.16246329566,0.046086325671557495,0.015555638770874371,0.001695963232239118,0.0053382761842624745,1.9752346734955072e-05,0.1723058878888284,0.034619883944639517,oil_up_20pct
2018-09-18,diesel,88.94115963263386,7669.86752,131.89683114808076,166.2070837056268,0.07821479397656407,0.75,124.65531277922008,124.65531277922008,41.551770926406704,7654.81777607488,0.014727718847802947,0.01577413478284747,0.0012377131690514299,0.00383979118157808,1.7857936833539606e-05,0.00188782517831568,0.028934756753628645,oil_up_20pct
2018-10-01,diesel,92.38214499252422,7786.3184,195.71552089617512,237.26729182258183,0.07688867795659633,0.75,177.95046886693638,177.95046886693638,59.31682295564545,7832.768244941817,0.015258265336612195,0.016105909487170944,0.0009566712679861592,0.0029235437870656113,1.5163940922105264e-05,0.011361494649656174,0.02335775506203355,oil_up_20pct
2018-10-20,diesel,93.50220835888226,7839.655040000001,104.59141837787371,163.90824133351916,0.06087845638909427,0.75,122.93118100013936,122.93118100013936,40.9770603333798,7955.699425941956,0.010763673562348558,0.016531171639996227,0.0006762154038988161,0.0020624022364830394,1.2032770191166468e-05,0.01210848814947791,0.01634270648103536,oil_up_20pct
2018-11-03,diesel,87.0555415783979,7861.4984,-351.3200941387527,-310.3430338053729,0.04801742096112936,0.5,-155.17151690268645,-155.17151690268645,-155.17151690268645,7800.52790903927,0.08616836832243671,0.01645579107275319,0.0014209426111174513,0.004599037064476366,1.256141691997599e-05,0.3093644423233216,0.03090521651318772,oil_up_20pct
2018-11-17,diesel,77.87778862815891,7853.269760000001,-489.185917574141,-644.3574344768274,0.06671590975129461,0.5,-322.1787172384137,-322.1787172384137,-322.1787172384137,7478.349191800856,0.15072808906727025,0.015307166408810028,0.003505376225741022,0.012129527699274879,2.2022687114600972e-05,0.11156561985591094,0.1085710936038099,oil_up_20pct
2018-12-01,diesel,68.9715717088252,7571.950400000001,-503.29270435619134,-825.4714215946051,0.07236157175556059,0.5,-412.73571079730254,-412.73571079730254,-412.73571079730254,7065.613481003553,0.2245040103508683,0.013542500658035396,0.0048299378414452246,0.01733491674413481,4.16992977514733e-05,0.03280227632969855,0.18530625978563356,oil_up_20pct
2018-12-15,diesel,68.38352884276141,7406.450240000001,-114.19433839535776,-526.9300491926604,0.10601890891748546,0.5,-263.4650245963302,-263.4650245963302,-263.4650245963302,6802.1484564072225,0.18729325860276336,0.011652635979298174,0.006181931460691656,0.022153298105546743,6.967848609410737e-05,0.08912695103563664,0.26179981580972794,oil_up_20pct
2018-12-29,diesel,61.50030813531836,7296.1168,-403.968573502654,-667.4335980989842,0.1277029106212743,0.5,-333.7167990494921,-333.7167990494921,-333.7167990494921,6468.431657357731,0.30519993198127504,0.010212284154828487,0.009371247759961891,0.03532806823145437,9.57993814658215e-05,0.019741247255271748,0.4792170353355294,oil_up_20pct
2019-01-15,diesel,64.34862885905709,7136.5672,53.91423223237931,-279.8025668171128,0.15362141824185022,0.25,-69.9506417042782,-69.9506417042782,-209.85192511283458,6398.481015653452,0.26199360558388207,0.008851902075291553,0.00858902079700696,0.030748795398349776,0.0001242800873388888,0.27829034304264055,0.4031721017005561,oil_up_20pct
2019-01-29,diesel,69.10971212905152,7040.83744,166.06198040708912,-43.789944705745455,0.15123295770148454,0.0,-0.0,0.0,-43.789944705745455,6398.481015653452,0.1472571377161429,0.008620189489744254,0.007371895733898389,0.02572559959104273,0.00012950008724932715,0.019572369099361216,0.32012083998362983,oil_up_20pct
2019-02-15,diesel,70.6970913587098,6950.983200000001,81.59393951502909,37.80399480928364,0.13948547255106997,0.0,0.0,0.0,37.80399480928364,6398.481015653452,0.11243407941313192,0.008675414963000205,0.006223688815782637,0.021418018233295644,0.00012824622626023965,0.0,0.24992791213334128,oil_up_20pct
2019-03-01,diesel,74.58644680705808,7049.3953599999995,195.12079363672504,232.92478844600868,0.15233619496503137,0.75,174.6935913345065,174.6935913345065,58.23119711150218,6573.174606987959,0.10771694931685756,0.008951336530550302,0.005310395079532274,0.017542770885086,0.00012207296446115225,0.12207140341339023,0.18852795907969136,oil_up_20pct
2019-03-29,diesel,77.02119017571485,7107.401280000001,98.57479378166278,156.80599089316496,0.1351648390130073,0.75,117.60449316987372,117.60449316987372,39.20149772329124,6690.7791001578325,0.07006309530891186,0.009834268254019594,0.004530462565650617,0.014949491119441573,0.00010334210193123385,0.013036660517004308,0.14906275425106139,oil_up_20pct
2019-04-13,diesel,81.24889507939643,7209.529600000001,194.4219945282195,233.62349225151075,0.13195344615024104,0.75,175.21761918863308,175.21761918863308,58.405873062877674,6865.996719346465,0.05350400550910175,0.0105033377795754,0.0037457088387258994,0.012107468360826889,9.01865933288399e-05,0.013277089158613788,0.10826773010465958,oil_up_20pct
2019-04-27,diesel,82.94279893969782,7243.43872,66.4115688342289,124.81744189710658,0.11210812367492981,0.75,93.61308142282994,93.61308142282994,31.20436047427664,6959.609800769295,0.04240128579995905,0.011250078806248655,0.003133676457784364,0.010157072701493089,7.656112089685897e-05,0.026637202335881568,0.08253926852479626,oil_up_20pct
2019-05-14,diesel,81.47142401740184,7359.934400000001,-31.081837223158168,0.12252325111847284,0.1143924140452537,0.0,0.0,0.0,0.12252325111847284,6959.609800769295,0.06517288181780173,0.011529771394369968,0.004131905169118713,0.013811215291694955,7.174477263163328e-05,0.03505363605390955,0.1323487146984608,oil_up_20pct
2019-05-28,diesel,81.60178820594054,7416.2681600000005,64.66051909267917,64.78304234379763,0.12157522211692866,0.5,32.391521171898816,0.0,64.78304234379763,6959.609800769295,0.07545836776002497,0.011448282281092655,0.004681905091776984,0.015779256812895628,7.313187594387385e-05,0.0,0.1615027792562182,oil_up_20pct
2019-06-12,diesel,72.96463715921293,7460.202400000001,-458.50694577079895,-393.72390342700135,0.12710174501843358,0.25,-98.43097585675034,-98.43097585675034,-295.292927570251,6861.178824912545,0.1896680408384923,0.01125495286824284,0.006210258252713248,0.02169912189850522,7.647584933665412e-05,0.038754628032448675,0.25446003607520634,oil_up_20pct
2019-06-26,diesel,72.37418249422137,7464.02944,-111.82108524580406,-407.11401281605504,0.14076744872638877,0.25,-101.77850320401376,-101.77850320401376,-305.3355096120413,6759.400321708531,0.22605967959250417,0.010704028522367789,0.007586733345702729,0.026976198020139616,8.641508571295161e-05,4.482375736270595e-05,0.34071950227283265,oil_up_20pct
2019-07-10,diesel,74.678620663024,7343.4144,53.51067424697104,-251.82483536507024,0.13952895567101178,0.25,-62.95620884126756,-62.95620884126756,-188.86862652380267,6696.444112867263,0.16322546362711648,0.01020650296059903,0.0069892914499249574,0.024527946661769395,9.591258426075557e-05,0.0060286821583508616,0.3004693489949367,oil_up_20pct
2019-08-07,diesel,71.74258238101449,7236.648160000001,-153.0671506625184,-341.93577718632105,0.13464837797679216,0.25,-85.48394429658026,-85.48394429658026,-256.4518328897408,6610.960168570683,0.1821769875513059,0.00984503551469494,0.006804095140095617,0.02391477970620453,0.00010312330369780708,0.002029995458978212,0.2904427877563431,oil_up_20pct
2019-08-21,diesel,68.13758562010013,7167.661760000001,-167.7063474070981,-424.15818029683885,0.1376685075370128,0.5,-212.07909014841943,-212.07909014841943,-212.07909014841943,6398.881078422263,0.23856548902683947,0.009254480433156105,0.00882849517402408,0.03245149550393377,0.000115466190761425,0.06410532381299373,0.431440968173249,oil_up_20pct
2019-09-04,diesel,69.37955335874352,7127.864799999999,107.5497961276047,-104.52929402081473,0.16227238339000719,0.25,-26.132323505203683,0.0,-104.52929402081473,6398.881078422263,0.21501025034090396,0.008461005543386102,0.008553834113442491,0.03024942696239905,0.00013314839306976628,0.17991016191272563,0.3948874141495411,oil_up_20pct
2019-09-19,diesel,73.39335272570766,7111.87456,207.25133736967842,102.72204334886369,0.1602539450833252,0.75,77.04153251164777,77.04153251164777,25.68051083721592,6475.922610933911,0.14190358133674597,0.008622178005673026,0.007274072559296092,0.025028038768225683,0.00012945483333459066,0.023741590926973123,0.3086649259331721,oil_up_20pct
2019-10-22,diesel,68.55074602857638,7143.460800000001,-271.036154959839,-245.35564412262306,0.1534474490384395,0.25,-61.338911030655765,-61.338911030655765,-184.0167330919673,6414.5836999032545,0.21490669709536508,0.008907183254539194,0.008446484210797038,0.030146724796070133,0.00012305058334837566,0.07659658861985862,0.39318402110585793,oil_up_20pct
2019-11-05,diesel,70.59436300556489,7185.524640000001,70.53074362776866,-113.48598946419864,0.16729083521683497,0.25,-28.37149736604966,0.0,-113.48598946419864,6414.5836999032545,0.20464275623056682,0.008707138129202112,0.009125042293980036,0.03246687007516876,0.00012752872923292078,0.015049848025706814,0.4316963162534106,oil_up_20pct
2019-11-19,diesel,72.46362784547738,7212.452800000001,64.383866684499,-49.10212277969964,0.17062382274401117,0.0,-0.0,0.0,-49.10212277969964,6414.5836999032545,0.20494342259790815,0.008758278085128508,0.00951635109025161,0.03399731695057624,0.00012637631161130199,0.0,0.4571170555474434,oil_up_20pct
2019-12-03,diesel,73.97373481267931,7278.4992,99.83843834588588,50.736315566186235,0.1786941808136416,0.5,25.368157783093118,0.0,50.736315566186235,6414.5836999032545,0.2337425810208009,0.008807015091710639,0.010504000567789756,0.03790026400132773,0.00012528291115719342,0.0,0.5218907995657506,oil_up_20pct
2019-12-31,diesel,78.95429673660165,7314.115199999999,260.69999213922387,311.4363077054101,0.18298568938273557,0.75,233.57723077905757,233.57723077905757,77.85907692635254,6648.160930682312,0.18409727122226677,0.009151267880856009,0.007620970345311579,0.025654813844204354,0.00011769498859294648,0.21823329095365246,0.31895714312343226,oil_up_20pct
2020-02-05,diesel,67.81503609014366,7289.363200000002,-625.3194982849316,-547.460421358579,0.1479640994315786,0.5,-273.7302106792895,-273.7302106792895,-273.7302106792895,6374.4307200030225,0.49359154352846696,0.009774318844756966,0.010915300659264379,0.041425127503320225,0.00010456455508869251,1.029443360636057,0.5802002453632448,oil_up_20pct
2020-02-19,diesel,64.7034615653539,7260.265600000001,-227.96433103036907,-501.69454170965855,0.1820113600247597,0.5,-250.84727085482928,-250.84727085482928,-250.84727085482928,6123.583449148193,0.4437768872738191,0.008402440747315996,0.015309923961378896,0.06033099668794405,0.00013450338061951636,0.0020945157400394684,0.8867087707709908,oil_up_20pct
2020-03-18,diesel,44.18680053272497,6963.0455999999995,-98.04045865793557,-348.88772951276485,0.18055962276791737,0.25,-87.22193237819121,-87.22193237819121,-261.6657971345736,6036.361516770002,0.36090713068363683,0.0073468752874925845,0.012233331636719467,0.045589507326573527,0.00016010156499026587,0.1070930055663775,0.6487161817731651,oil_up_20pct
2020-06-29,diesel,48.4406743386721,6144.79824,161.8762663979214,-99.78953073665221,0.07764691353478813,0.25,-24.947382684163053,0.0,-99.78953073665221,6036.361516770002,0.031141617724023497,0.007098337671374845,0.0018948279461571164,0.0060783730245860795,0.00016645289084186548,0.030430661951143044,0.0396994745056501,oil_up_20pct
2020-07-11,diesel,50.129083833895905,5834.40816,87.79495521850849,-11.99457551814372,0.025385802427301984,0.0,-0.0,0.0,-11.99457551814372,6036.361516770002,0.002471615198464501,0.00722507147432672,0.00023220564975296102,0.000704576496889614,0.0001631987988360609,0.0,0.005155511719024091,oil_up_20pct
2020-08-22,diesel,52.629881974594454,5812.25232,51.81731839173847,39.82274287359475,0.021441936029025985,0.0,0.0,0.0,39.82274287359475,6036.361516770002,0.0029610589324244874,0.007345850346282217,0.0001731315942602476,0.0005231953280111066,0.00016012750345868588,0.0,0.003678052965382741,oil_up_20pct
2020-09-19,diesel,47.56809119210539,5999.561120000001,-93.86869614788456,-54.045953274289815,0.05386615186778865,0.25,-13.511488318572454,0.0,-54.045953274289815,6036.361516770002,0.012797042501810638,0.007460954095803423,0.0009293630006965454,0.002905592334674984,0.00015722767218754897,0.0,0.023212498536349362,oil_up_20pct
2020-10-23,diesel,49.20715431411701,5993.32944,-64.6716927969341,-118.71764607122391,0.05282000477350686,0.5,-59.358823035611955,-59.358823035611955,-59.358823035611955,5977.00269373439,0.01834299217968818,0.007490226212392871,0.0012345432125616292,0.003935252918724545,0.00015649444021710246,0.014093879488692387,0.02905973533141189,oil_up_20pct
2020-11-06,diesel,46.01103410299027,5921.0401600000005,-96.196493261678,-155.55531629728995,0.05054852995045559,0.5,-77.77765814864497,-77.77765814864497,-77.77765814864497,5899.225035585745,0.01828956530869326,0.007241102835215665,0.0012674721719026132,0.004057430673996058,0.00016278945686154175,0.0013570139476843921,0.029275102613242114,oil_up_20pct
2020-11-20,diesel,49.67507267107631,5865.7894400000005,-48.30307112343933,-126.08072927208431,0.05429989843178825,0.5,-63.040364636042156,-63.040364636042156,-63.040364636042156,5836.184670949703,0.01674614510068739,0.006941556630541306,0.001323937799936763,0.0042344463634718995,0.00017052294323335976,0.0008687512803064204,0.02969153512951226,oil_up_20pct
2020-12-04,diesel,54.99416364534252,5907.2552000000005,304.7743409521775,241.73397631613534,0.07203105785074224,0.75,181.3004822371015,181.3004822371015,60.433494079033835,6017.485153186804,0.04998439384937833,0.007056935671969515,0.0005806213195610786,0.0017373661249657274,0.00016752291419953525,0.23880979780274017,0.013671900847423285,oil_up_20pct
2020-12-18,diesel,58.436171797041325,5941.826239999999,201.1019759773775,261.5354700564113,0.04726672404563535,0.5,130.76773502820566,130.76773502820566,130.76773502820566,6148.25288821501,0.01775792222078023,0.008156329418938084,0.00023516540754274268,0.0006982887267534918,0.0001402725328327115,0.010214234161912682,0.0051040235495336565,oil_up_20pct
2021-01-01,diesel,59.82518913821887,6124.731200000001,64.64294598283898,195.41068101104463,0.05615955583242441,0.5,97.70534050552232,97.70534050552232,97.70534050552232,6245.958228720532,0.014225652834163775,0.008918048513684577,0.0005431785859122305,0.0016476393481277838,0.00012280964874504863,0.004372487726294248,0.012932799255848849,oil_up_20pct
2021-01-16,diesel,63.922908136166555,6220.645759999999,173.40258120695813,271.10792171248045,0.05593089372114768,0.5,135.55396085624022,135.55396085624022,135.55396085624022,6381.5121895767725,0.01989850224906266,0.009542432609526436,0.00040389819649677927,0.0012104694126692443,0.00010936071572629607,0.00573007224981111,0.009324270240727002,oil_up_20pct
2021-01-30,diesel,65.12948290953648,6284.5888,39.904204553895546,175.45816541013576,0.0445776083907397,0.5,87.72908270506788,87.72908270506788,87.72908270506788,6469.241272281841,0.011118631823116237,0.010220755114802,0.00032881224592579557,0.0009895339150878526,9.563363052467126e-05,0.009148875880697925,0.007499797962960983,oil_up_20pct
2021-02-19,diesel,73.15755960607015,6396.454400000001,416.92755671683835,504.6566394219062,0.04862074709985599,0.75,378.49247956642967,378.49247956642967,126.16415985547656,6847.733751848271,0.07064391036178592,0.011030192206003502,1.2560743159682898e-05,3.483360767849e-05,8.045745186124033e-05,0.33817341181743116,0.0,oil_up_20pct
2021-03-04,diesel,76.19731345269518,6621.583360000001,187.2594114727389,313.4235713282154,0.025846478167984722,0.5,156.7117856641077,156.7117856641077,156.7117856641077,7004.445537512379,0.053357347094021276,0.012652823395727134,9.843935965202292e-06,2.851684354764124e-05,5.398100405437457e-05,0.19674670475118172,3.8007466554217315e-05,oil_up_20pct
2021-03-18,diesel,80.4222559389498,6761.135360000001,257.00798272173387,413.7197683858416,0.024013414233378525,0.5,206.8598841929208,206.8598841929208,206.8598841929208,7211.3054217052995,0.03596464360088848,0.0133442812001101,2.0594062319841167e-06,5.883531304897589e-06,4.429859274320786e-05,0.010059327144222177,0.0,oil_up_20pct
2021-04-01,diesel,74.45414414849962,6904.1,-256.1371670644101,-49.27728287148932,0.015503914817963375,0.0,-0.0,0.0,-49.27728287148932,7211.3054217052995,0.03212092622885263,0.013931405465475907,0.00010079342940166029,0.0003027416105748909,3.68278396244557e-05,0.1711640467532344,0.0019229709974613145,oil_up_20pct
2021-04-29,diesel,77.49653823057983,6951.95648,133.16702382971351,83.8897409582242,0.022694107414018307,0.5,41.9448704791121,0.0,83.8897409582242,7211.3054217052995,0.007495652301456197,0.013737069070424724,0.00019092755154330297,0.0005777189399783548,3.922430382863063e-05,0.0,0.004120180090552005,oil_up_20pct
2021-05-15,diesel,80.83942427329673,7012.202400000001,169.16881199301352,253.05855295123771,0.031606207244488836,0.5,126.52927647561886,126.52927647561886,126.52927647561886,7337.834698180918,0.02444562807821173,0.013695362904436724,8.285067362049685e-05,0.0002440729860540776,3.974844890675254e-05,0.06403863122177438,0.0014714337953409375,oil_up_20pct
2021-06-12,diesel,84.38403709836683,7071.3081600000005,133.1815349811379,259.71081145675674,0.022308736636798276,0.5,129.85540572837837,129.85540572837837,129.85540572837837,7467.690103909296,0.013563891977953503,0.014104740686573124,1.641904365918863e-05,4.7892046865422453e-05,3.4754082372546324e-05,4.4252543224250266e-05,0.00012450629766437305,oil_up_20pct
2021-06-29,diesel,88.58002353517037,7107.90528,252.5040457862568,382.35945151463517,0.009382439729233992,0.5,191.17972575731758,191.17972575731758,191.17972575731758,7658.869829666614,0.0318349351296562,0.014563374800564423,4.996553027729912e-05,0.00014251825023080576,2.9556893559137937e-05,0.015042688908047021,0.0,oil_up_20pct
2021-07-13,diesel,90.59436506907485,7225.9655999999995,111.00292672600901,302.1826524833266,9.046629468943831e-05,0.5,151.0913262416633,151.0913262416633,151.0913262416633,7809.961155908278,0.019389521417182812,0.015154193585024235,7.622732713283928e-05,0.00021832223185760838,2.3481839811420276e-05,0.006428319102906844,0.0,oil_up_20pct
2021-07-27,diesel,87.48429998549562,7286.6976,-146.38734677626803,4.703979465395264,-0.011810796142861308,0.0,0.0,0.0,4.703979465395264,7809.961155908278,0.015658359147166418,0.015405983575550869,1.6700530676000603e-05,4.899311396875791e-05,2.1104986908108384e-05,0.09131435546185893,0.0,oil_up_20pct
2021-08-24,diesel,82.2020219705921,7374.315200000001,-243.76500215507704,-239.06102268968178,0.0009238764423472444,0.5,-119.53051134484089,-119.53051134484089,-119.53051134484089,7690.4306445634365,0.02227954418218405,0.01501718990132683,0.00011685015039909157,0.0003570195856287413,2.4828396479439337e-05,0.05715017256943654,0.0023482924243293612,oil_up_20pct
2021-09-07,diesel,85.12824836023358,7384.14656,117.36676559252501,-2.163745752315876,0.018521396877117718,0.0,-0.0,0.0,-2.163745752315876,7690.4306445634365,0.011032901393856246,0.014381151007097883,0.00013507434082616232,0.00040696407680505873,3.157146400503714e-05,0.05715017256943654,0.0027443371382376474,oil_up_20pct
2021-09-19,diesel,86.51396024662282,7391.930560000001,31.662026002741452,29.498280250425577,0.019618115708674156,0.0,0.0,0.0,29.498280250425577,7690.4306445634365,0.002092984921449045,0.014165682099615868,0.00014880092365488165,0.0004488261578443088,3.403926536274271e-05,0.0,0.0030789637116714215,oil_up_20pct
2021-10-10,diesel,94.76121773112565,7465.455199999999,460.09342808077463,489.5917083312002,0.02986447061346823,0.75,367.19378124840017,367.19378124840017,122.39792708280004,8057.624425811837,0.10433322760701608,0.014350832884668168,6.525350602226343e-05,0.00018202834252087992,3.191308909694658e-05,0.5393250919499919,0.0,oil_up_20pct
2021-10-23,diesel,100.39468543237389,7513.99712,283.93884773460286,406.3367748174029,-0.012348617803547466,0.5,203.16838740870145,203.16838740870145,203.16838740870145,8260.792813220538,0.05153919479410182,0.015561825757198916,0.0003274030291262881,0.0009243073758280117,1.969739060946298e-05,0.10761731929707309,0.0,oil_up_20pct
2021-11-20,diesel,98.12896230719652,7666.282400000001,-137.13471238338798,66.03367502531347,-0.017548723383909788,0.25,16.508418756328368,0.0,66.03367502531347,8260.792813220538,0.03176969737587974,0.015934522290724264,4.896116370619919e-05,0.00014322629030196475,1.652810900461789e-05,0.16510957456900877,0.0,oil_up_20pct
2021-12-04,diesel,89.51310560786793,7703.4776,-395.40609692642295,-329.3724219011095,-0.012345925069028183,0.5,-164.68621095055474,-164.68621095055474,-164.68621095055474,8096.106602269983,0.040570632979526525,0.01548301933445244,4.34687176154645e-05,0.00013234140077700434,2.040311433293048e-05,0.10848619230900247,0.0006526507855224235,oil_up_20pct
2021-12-18,diesel,87.83422524975933,7730.591680000001,-119.51599504127917,-284.2022059918339,0.012718376884965403,0.5,-142.10110299591696,-142.10110299591696,-142.10110299591696,7954.005499274066,0.0199904573757788,0.014563331193585502,0.0003277794218998679,0.0010183620002270496,2.9557367710640442e-05,0.0020403484052905706,0.007737698040841835,oil_up_20pct
2022-01-01,diesel,89.91144348847295,7716.542400000001,113.75924073566577,-28.34186226025119,0.029226748592210895,0.0,-0.0,0.0,-28.34186226025119,7954.005499274066,0.01755281655694982,0.01389126191378381,0.00029830448567688087,0.0009087493351743511,3.7316681005988255e-05,0.0807708938906248,0.006833622666178412,oil_up_20pct
2022-01-18,diesel,98.91374237846141,7716.45504,508.19751631017397,479.8556540499228,0.029215078939400455,0.75,359.8917405374421,359.8917405374421,119.9639135124807,8313.897239811507,0.10022247675305788,0.014068858994834916,5.0261949670448e-05,0.000140675418230199,3.5178433623150686e-05,0.5180882596282782,0.0,oil_up_20pct
2022-01-30,diesel,105.93215741203333,7716.3968,354.14120948148525,474.10512299396595,-0.017432570576399874,0.75,355.57884224547445,355.57884224547445,118.5262807484915,8669.476082056983,0.011504392232961643,0.015372849181554153,0.0009087145169150327,0.002493509166689523,2.1410524696644077e-05,7.440436670743009e-05,0.0,oil_up_20pct
2022-02-18,diesel,114.1153637459545,7918.1872,446.701602910791,565.2278836592825,-0.03488142463428772,0.75,423.9209127444619,423.9209127444619,141.30697091482062,9093.396994801444,0.019656206537927528,0.016602452898964306,0.00177765598790443,0.004793860350093808,1.1543326303756052e-05,0.01868255440035427,0.0,oil_up_20pct
2022-03-04,diesel,121.36010032441504,8339.505439999999,355.99751728484296,497.3044881996636,-0.030400031539693454,0.75,372.97836614974767,372.97836614974767,124.32612204991591,9466.375360951191,0.014491361376386692,0.017866270840522076,0.0012750149037333855,0.0034856292706469203,4.552800126006371e-06,0.010380572214218509,0.0,oil_up_20pct
2022-03-18,diesel,136.20702495903035,8600.368,810.6022713746111,934.928393424527,-0.04069422156716903,0.75,701.1962950683953,701.1962950683953,233.7320983561317,10167.571656019587,0.11837608758679592,0.0191398567213755,0.00341636790366327,0.008861861126986623,7.398464597629028e-07,0.4309080354545858,0.0,oil_up_20pct
2022-04-01,diesel,137.8732119442244,8999.424,71.6551613953348,305.3872597514665,-0.06980249136162338,0.5,152.69362987573325,152.69362987573325,152.69362987573325,10320.26528589532,0.22511505359665945,0.02071443485638548,0.0016573127412085815,0.004621988331111179,5.104171640185412e-07,1.2034206948938144,0.0,oil_up_20pct
2022-04-16,diesel,124.14400425932223,9166.79904,-634.608155269515,-481.9145253937818,-0.06583086428120509,0.75,-361.43589404533634,-361.43589404533634,-120.47863134844545,9958.829391849984,0.19264362334006838,0.020298307470277284,0.00012637451001149084,0.0003814391394449532,8.898734682323239e-08,1.0573166694692226,0.0,oil_up_20pct
2022-04-29,diesel,126.00964228886878,9278.382400000002,118.28465001290846,-2.1939813355369893,-0.013336812659282195,0.0,-0.0,0.0,-2.1939813355369893,9958.829391849984,0.0894616405812692,0.01891080782956835,2.3648146760701466e-05,6.93223007843676e-05,1.18633958412961e-06,0.5225436220174063,0.0,oil_up_20pct
2022-05-17,diesel,130.0385417803623,9204.524,348.89911247831293,346.70513114277594,-0.0219494187695077,0.5,173.35256557138797,173.35256557138797,173.35256557138797,10132.181957421371,0.04471585707934137,0.018624862418218365,0.0003502600160640739,0.0009957556359827767,1.8910033688282436e-06,0.12020444796072947,0.0,oil_up_20pct
2022-05-31,diesel,137.59289901090818,9160.20896,409.2189891220117,582.5715546933997,-0.04610816867450276,0.75,436.9286660200497,436.9286660200497,145.64288867334994,10569.110623441422,0.06507871464848144,0.019007011834939,0.001986463381036441,0.005373433982107911,9.860254959512114e-07,0.2778894429108921,0.0,oil_up_20pct
2022-06-15,diesel,148.2283944257843,9362.438400000001,609.216065233676,754.8589539070259,-0.06888439655222946,0.75,566.1442154302695,566.1442154302695,188.71473847675645,11135.254838871691,0.04092284817806159,0.020113057647595075,0.0037334850945057135,0.009842134366042622,1.2782031679732062e-08,0.06678663283753977,0.0,oil_up_20pct
2022-06-29,diesel,139.56242386771987,9501.502080000002,-367.563040941263,-178.84830246450656,-0.11194678747801613,0.5,-89.42415123225328,-89.42415123225328,-89.42415123225328,11045.830687639438,0.30130060292333777,0.020929945271574924,0.0022481634906354833,0.006369795336171253,8.647982081245587e-07,1.7190795334742712,0.0,oil_up_20pct
2022-07-13,diesel,133.72496540980853,9615.76,-319.1449265810989,-408.5690778133522,-0.08872154542536803,0.5,-204.2845389066761,-204.2845389066761,-204.2845389066761,10841.546148732761,0.04269227223011031,0.020050510690447564,0.0009676590176046638,0.0028157643574318178,2.5513298494896172e-09,0.05277163462687479,0.0,oil_up_20pct
2022-07-27,diesel,128.2981823428403,9628.68928,-274.8305621226506,-479.11510102932664,-0.06596282146647066,0.75,-359.336325771995,-359.336325771995,-119.77877525733163,10482.209822960765,0.027983396885991454,0.01882548310313481,0.00015255293722576677,0.00045905763861427086,1.3794899410218358e-06,0.09616422644051315,0.0,oil_up_20pct
2022-08-10,diesel,121.79057645385211,9452.732800000002,-383.8954344760571,-503.67420973338875,-0.048907872965663755,0.75,-377.75565730004155,-377.75565730004155,-125.9185524333472,10104.454165660723,0.012920187147673958,0.01726038322558836,6.639826855065182e-06,2.0235815452347034e-05,7.5055000706376346e-06,0.0013570870957603572,0.0,oil_up_20pct
2022-08-24,diesel,116.82966761641147,9341.9872,-313.83206335179636,-439.75061578514357,-0.021617213697394416,0.75,-329.8129618388577,-329.8129618388577,-109.93765394628588,9774.641203821866,0.011925685319084903,0.0157227502242047,7.991052155672984e-05,0.00024765619507704584,1.8294865644540943e-05,0.00919400819233528,0.0014987057279204263,oil_up_20pct
2022-09-07,diesel,113.65417240354192,9125.782400000002,-138.11832331390735,-248.05597726019323,-0.011101717680871322,0.5,-124.02798863009662,-124.02798863009662,-124.02798863009662,9650.61321519177,0.04133410782105873,0.014507265804663735,1.0508564228738343e-05,3.1548923466419446e-05,3.017012894061633e-05,0.16938982079412204,4.956994239363089e-05,oil_up_20pct
2022-09-22,diesel,106.80933164735106,9040.35776,-335.8189417666456,-459.8469303967422,-0.007503462959387221,0.75,-344.88519779755666,-344.88519779755666,-114.96173259918555,9305.728017394213,0.04736064572870183,0.013669693933127358,0.0003132753088770217,0.0009911873306971126,4.0072774900284576e-05,0.1951116273649568,0.007513440456277424,oil_up_20pct
2022-10-25,diesel,108.30249573294356,8957.1776,171.10704535095957,56.145312751774014,0.021087026186216145,0.25,14.036328187943504,0.0,56.145312751774014,9305.728017394213,0.085584238464341,0.012575401677290187,0.00016824941388209156,0.0005082558289935728,5.512466025358537e-05,0.47578319863943913,0.0035573013870253234,oil_up_20pct
2022-11-08,diesel,111.4286307303817,8915.92576,162.2643769752677,218.40968972704172,0.016280226205673032,0.5,109.20484486352086,109.20484486352086,109.20484486352086,9414.932862257734,0.01777975307359802,0.012540756806599449,1.669108120665579e-05,4.897671552555135e-05,5.564030901829246e-05,0.047702792566662634,0.00013005207265058885,oil_up_20pct
2022-11-22,diesel,107.98266495511092,8890.12544,-258.8165240102466,-149.61167914672575,0.0009673771422359133,0.5,-74.80583957336287,-74.80583957336287,-74.80583957336287,9340.127022684372,0.027994474628823082,0.012646344713202069,4.643953936586382e-05,0.00013972692148912227,5.407624607705117e-05,0.1354397279477216,0.0007041549075964039,oil_up_20pct
2022-12-06,diesel,99.4208260300864,8724.592799999999,-485.61095214789526,-560.4167917212582,-0.010551627656980546,0.75,-420.31259379094365,-420.31259379094365,-140.1041979303145,8919.814428893427,0.10254570690513465,0.011941532485520125,0.000451415139995661,0.001452655030487979,6.493889868192745e-05,0.4774996688398712,0.011324513320566327,oil_up_20pct
2022-12-20,diesel,92.88172684849691,8631.39648,-437.7102309631197,-577.8144288934343,0.026585019056681314,0.75,-433.3608216700757,-433.3608216700757,-144.45360722335857,8486.453607223351,0.03428623960594939,0.01029463019691862,0.0017637421014983729,0.005941221861465993,9.419420301456393e-05,0.0006810250031430377,0.03866960204069761,oil_up_20pct
2023-01-04,diesel,96.0287862514031,8378.4176,159.6822573974109,15.22865017405232,0.047105440146197775,0.0,0.0,0.0,15.22865017405232,8486.453607223351,0.13678084281477515,0.009030983832882545,0.0007198396739897591,0.0022344144355667408,0.00012031931567448411,0.7512064070342527,0.01775137993093617,oil_up_20pct
2023-01-18,diesel,94.35410520162579,8263.908800000001,-160.43253343938193,-145.2038832653296,0.03307027308634516,0.5,-72.6019416326648,-72.6019416326648,-72.6019416326648,8413.851665590686,0.01414987197471741,0.008996940037833575,0.0005714022154130243,0.0017790719004617337,0.00012106732853102983,0.021084167715331465,0.014015194941744295,oil_up_20pct
2023-02-04,diesel,98.25312991627744,8078.700000000001,230.7000238121951,158.0980821795303,0.018514158764320304,0.5,79.04904108976515,79.04904108976515,79.04904108976515,8492.900706680452,0.02105115735511032,0.008892917882487814,4.267400107833537e-05,0.0001261077716766971,0.000123367273165159,0.09199208224271498,0.0006096036542837999,oil_up_20pct
2023-03-18,diesel,92.49284714798104,8008.74704,-218.35039832969278,-139.30135723992763,-0.0004531101135204192,0.5,-69.65067861996381,-69.65067861996381,-69.65067861996381,8423.250028060487,0.01929532126507239,0.009108083251653635,3.873381182907631e-05,0.00011643728374105251,0.00011863385045290806,0.08844642656700784,0.0005436707986910555,oil_up_20pct
2023-04-01,diesel,89.38756748901515,7966.45808,-190.2993882935665,-259.9500669135303,0.0026605972851002618,0.5,-129.97503345676515,-129.97503345676515,-129.97503345676515,8293.274994603722,0.017333162285616918,0.008804839864870498,0.00013850971223514723,0.0004240526441337339,0.0001253316104511928,0.014556111145905265,0.0028806728466799687,oil_up_20pct
2023-04-18,diesel,101.60422881157994,7967.028160000001,710.1909232662382,580.2158898094731,0.0190503726042158,0.75,435.1619173571048,435.1619173571048,145.05397245236827,8728.436911960827,0.2356222906848862,0.008886635155766548,0.0002691887267179756,0.0007416426215531163,0.00012350687816104402,1.2775190927007938,0.0,oil_up_20pct
2023-04-29,diesel,97.40954590498787,7968.6432,-229.92478151288893,-84.87080906052066,-0.03534793977986442,0.5,-42.43540453026033,0.0,-84.87080906052066,8728.436911960827,0.13551853879429596,0.010268772467272029,0.0002522772980764188,0.000731598863315893,9.469678929372293e-05,0.7574635772716468,0.0,oil_up_20pct
2023-05-17,diesel,88.5173673407092,8014.8656,-443.49122277622666,-528.3620318367473,-0.02903097663432139,0.75,-396.27152387756047,-396.27152387756047,-132.09050795918682,8332.165388083267,0.12300720859192918,0.009875232585783537,0.00015192310748975287,0.0004804288925640235,0.00010251091519197953,0.628124482544976,0.0033329009561898827,oil_up_20pct
2023-05-31,diesel,89.39476217744105,8042.599040000001,14.342071627391995,-117.74843633179484,0.023995923874471043,0.5,-58.87421816589742,-58.87421816589742,-58.87421816589742,8273.29116991737,0.08427761806627465,0.008654782024855302,0.00033545670819626637,0.001031439948676,0.0001287139709035464,0.4553477676059578,0.007845645801788134,oil_up_20pct
2023-06-14,diesel,87.88454280945233,7930.5520000000015,-0.2388713171362411,-59.11308948303366,0.01678243205298111,0.25,-14.778272370758415,0.0,-59.11308948303366,8273.29116991737,0.0062150655546107676,0.008528012629961836,0.00011469563637347749,0.0003449494298054046,0.00013160649421831516,0.013864694258582742,0.002253200204903422,oil_up_20pct
2023-06-29,diesel,87.81129869825237,7852.230400000001,-12.040270183697624,-71.15335966673129,0.006376921146204963,0.25,-17.788339916682823,0.0,-71.15335966673129,8273.29116991737,0.004227762922381375,0.008587569282640182,2.7864651134669884e-05,8.291948009007965e-05,0.00013024357487853794,0.0,0.00032532098643932815,oil_up_20pct
2023-07-13,diesel,90.13891207618512,7879.149600000001,101.69913872989764,30.54577906316635,0.009976635813924922,0.0,0.0,0.0,30.54577906316635,8273.29116991737,0.0011363874984147216,0.00864432750468034,5.114811997182896e-05,0.00015276368819472957,0.00012895129782095947,0.0,0.0007962660973095151,oil_up_20pct
2023-07-27,diesel,95.1885863447725,7926.629760000001,230.8059317450887,261.35171080825506,0.016266229101967223,0.5,130.67585540412753,130.67585540412753,130.67585540412753,8403.967025321497,0.025380692690088205,0.008827596681537347,3.5209248674204436e-06,1.024614028119602e-05,0.0001248225959103953,0.0683047167424018,0.0,oil_up_20pct
2023-08-10,diesel,101.30333643545114,8087.2568,370.63549887407936,501.31135427820686,0.02083836173948408,0.75,375.98351570865515,375.98351570865515,125.32783856955172,8779.950541030152,0.053827841946814656,0.009642163619184768,0.00012801381353272378,0.0003570190584292026,0.00010728477449173959,0.24070339281632605,0.0,oil_up_20pct
2023-08-24,diesel,101.03712116505277,8164.640960000001,68.31733793305064,193.64517650260234,-0.015362723730860943,0.5,96.82258825130117,96.82258825130117,96.82258825130117,8876.773129281453,0.06091880386427103,0.010881595291311543,0.00014203554078857553,0.00040901893274995673,8.314530443143182e-05,0.31172329367540025,0.0,oil_up_20pct
2023-09-21,diesel,110.59244857216818,8424.791200000001,555.4609926328857,652.2835808841869,0.006350963655757888,0.75,489.2126856631402,489.2126856631402,163.07089522104673,9365.985814944594,0.1268808751375501,0.011562790907073515,0.0006012027153105619,0.0016394980333838162,7.118649727776136e-05,0.61587995418749,0.0,oil_up_20pct
2023-10-11,diesel,108.5278672791812,8655.16848,-141.84077179773766,21.230123423309067,-0.022126342957635065,0.0,0.0,0.0,21.230123423309067,9365.985814944594,0.16427234728594317,0.012886569478682313,8.654578368943387e-05,0.00025260297061418765,5.0600893781614024e-05,0.9573162072549697,0.0,oil_up_20pct
2023-10-25,diesel,107.4400187553207,8801.737280000001,-90.15006951009887,-68.9199460867898,-0.004106495910383789,0.25,-17.22998652169745,0.0,-68.9199460867898,9365.985814944594,0.0038109966108521164,0.012741327532459832,2.0288823077543216e-08,5.974905931843353e-08,5.2688325991025685e-05,0.0,0.0,oil_up_20pct
2023-11-08,diesel,103.32025175328235,8784.8264,-260.38393429766586,-329.3038803844557,-0.006154911717389483,0.5,-164.65194019222784,-164.65194019222784,-164.65194019222784,9201.333874752365,0.04083857464507734,0.012459134796149556,7.121860476199404e-05,0.0002170910904204109,5.68646480226424e-05,0.10844104563625989,0.0012676324803239834,oil_up_20pct
2023-11-22,diesel,96.45053408095673,8749.422079999998,-427.9042273705287,-592.5561675627565,0.008349526332101825,0.75,-444.4171256720674,-444.4171256720674,-148.1390418906891,8756.916749080297,0.083726787334924,0.011490209496635009,0.001058819294236793,0.0034980296433403525,7.2416534411161e-05,0.3130742360262762,0.027983543396127866,oil_up_20pct
2023-12-06,diesel,94.11106618269066,8564.0744,-204.11889513421067,-352.2579370248998,0.037482406145339174,0.5,-176.1289685124499,-176.1289685124499,-176.1289685124499,8580.787780567847,0.08622976377919417,0.010013162797409061,0.0010515303928508612,0.0033700616846429558,9.973691731105441e-05,0.2879141410884145,0.026956962900037133,oil_up_20pct
2023-12-20,diesel,88.82726552316132,8467.02752,-294.56597581932056,-470.69494433177044,0.04656432138679916,0.75,-353.02120824882786,-353.02120824882786,-117.67373608294258,8227.766572319018,0.0580730708022042,0.009153043915561751,0.0023443024449961046,0.007935192174470076,0.00011765645629773195,0.12516345791580885,0.05674793592125315,oil_up_20pct
2024-01-04,diesel,92.46786648945749,8284.0576,181.20066528872084,63.52692920577826,0.06679510336588955,0.5,31.76346460288913,0.0,63.52692920577826,8227.766572319018,0.10231500478108227,0.00813303826616932,0.0014093192948675384,0.004467798514063397,0.00014082478079220168,0.4984958938938492,0.030416070041359395,oil_up_20pct
2024-01-18,diesel,91.4764349357442,8213.0944,0.199085501677382,63.72601470745564,0.05821356341417218,0.25,15.93150367686391,0.0,63.72601470745564,8227.766572319018,0.015455255459822485,0.008211153859137775,0.0010790139275077568,0.003389189873310866,0.00013897689333292217,0.0,0.027110551723006766,oil_up_20pct
2024-02-01,diesel,96.04506663296787,8189.641600000001,219.9986183331938,283.72463304064945,0.055344732507095734,0.5,141.86231652032473,141.86231652032473,141.86231652032473,8369.628888839343,0.035108979469719026,0.008426611034308985,0.0004903049308106535,0.0014818795628561332,0.00013394333215117855,0.08049966739405118,0.011565725606384025,oil_up_20pct
2024-03-05,diesel,99.20009386369499,8255.6544,170.80397794914182,312.66629446946655,0.04619437256974527,0.5,156.33314723473327,156.33314723473327,156.33314723473327,8525.962036074076,0.022397354787241985,0.009083824365197108,0.00026827993574759785,0.0008006600603538843,0.00011916289048986434,0.0008376197662602795,0.0059439356996828325,oil_up_20pct
2024-04-02,diesel,101.8181287869023,8382.07552,147.7532296299899,304.0863768647232,0.042834022942079754,0.5,152.0431884323616,152.0431884323616,152.0431884323616,8678.005224506436,0.020726933839853457,0.00973991550894123,0.00022516107143650066,0.0006707519435624518,0.00010526933376366472,7.361498610418475e-05,0.0048787192979460915,oil_up_20pct
2024-04-17,diesel,107.63380219817834,8454.270719999999,367.1716984148571,519.2148868472186,0.033535919073758025,0.75,389.41116513541397,389.41116513541397,129.80372171180466,9067.41638964185,0.052083903411534925,0.0105647400364946,2.069238186351064e-05,5.807612104403709e-05,8.902413057892793e-05,0.22537422545640326,0.0,oil_up_20pct
2024-04-30,diesel,104.73333965358964,8488.6144,-137.92801506535474,-8.124293353550087,-0.008185685244678997,0.0,-0.0,0.0,-8.124293353550087,9067.41638964185,0.10390251048621285,0.011674066771487981,4.999529767430891e-06,1.4693241101799924e-05,6.932116412564058e-05,0.6065642221284826,0.0,oil_up_20pct
2024-05-16,diesel,98.41251132254568,8516.8944,-372.05037024349184,-380.1746635970419,-0.004638818304692273,0.5,-190.08733179852095,-190.08733179852095,-190.08733179852095,8877.32905784333,0.05479313878004621,0.011414346253561834,0.0001223820836403632,0.00037629401389089863,7.371345025372772e-05,0.14453277484112395,0.0025006696014573475,oil_up_20pct
2024-06-14,diesel,93.72884741474027,8453.2056,-272.8565474329574,-462.9438792314784,0.009826908522924085,0.75,-347.2079094236088,-347.2079094236088,-115.7359698078696,8530.121148419721,0.03694629148642238,0.010483269658369224,0.0008013962463257494,0.0025992729110290275,9.056815639531584e-05,0.098747503652965,0.02072731072239067,oil_up_20pct
2024-06-28,diesel,100.85487339784112,8416.12352,405.94345800739944,290.20748819952985,0.046454853217301556,0.5,145.10374409976492,145.10374409976492,145.10374409976492,8675.224892519485,0.18589991888017754,0.009591678510609375,0.00030313568742900294,0.0009080085911327444,0.00010833315622651069,0.9694830567796734,0.006827518309599698,oil_up_20pct
2024-07-12,diesel,103.44727894788852,8371.395199999999,147.14697245688697,292.2507165566519,0.023706206043230888,0.5,146.12535827832596,146.12535827832596,146.12535827832596,8821.350250797812,0.017247579921521948,0.010173242969769111,2.7635506119742943e-05,8.086499940767121e-05,9.65651537311922e-05,4.174782119347774e-06,0.00031258889475600153,oil_up_20pct
2024-07-26,diesel,100.50475548776491,8363.91584,-163.98869759256075,-17.863339314234793,0.005308582780071059,0.0,-0.0,0.0,-17.863339314234793,8821.350250797812,0.014999681780373558,0.01058546638297574,2.231564172747313e-05,6.633494309878931e-05,8.86334432260799e-05,0.0854104813278765,0.0002254484090629358,oil_up_20pct
2024-08-09,diesel,94.36162633397163,8321.840800000002,-396.7509383707675,-414.6142776850023,-2.3913314685129916e-05,0.5,-207.30713884250116,-207.30713884250116,-207.30713884250116,8614.04311195531,0.0660594251859192,0.010356149341749624,0.00021897858051659588,0.0006800818135222978,9.300385551863623e-05,0.1719049992602562,0.004955021012336389,oil_up_20pct
2024-09-06,diesel,92.59343821646262,8171.521120000001,-168.26066393494767,-375.56780277744883,0.005845824118079377,0.5,-187.78390138872442,-187.78390138872442,-187.78390138872442,8426.259210566586,0.0314854733101025,0.0095516233815067,0.00028466842297191364,0.0008861661695018948,0.00010916857396187749,0.0015246272027062042,0.006647557504074925,oil_up_20pct
2024-09-21,diesel,86.94576117829553,8079.84576,-341.13462818555035,-528.9185295742748,0.01712622977513559,0.75,-396.6888971807061,-396.6888971807061,-132.2296323935687,8029.570313385881,0.057490517241917526,0.008621583429462154,0.001320572516140621,0.004390558194429664,0.00012946836365269025,0.1745651890673915,0.030155107590969895,oil_up_20pct
2024-10-11,diesel,90.4589533147344,7927.768800000001,116.20388218144409,-16.025750212124606,0.047158869543990733,0.0,-0.0,0.0,-16.025750212124606,8029.570313385881,0.11598353184397674,0.007475002271659453,0.0007213859261413584,0.002239340791114189,0.00015687556809493587,0.6294483245857793,0.017791671813337094,oil_up_20pct
2024-10-24,diesel,89.57478490767404,7867.25856,-20.26883613905555,-36.29458635118016,0.03936870230614608,0.0,-0.0,0.0,-36.29458635118016,8029.570313385881,0.006659875389924421,0.007584037468152524,0.0005141273263062676,0.0015829057873306132,0.0001541561255922404,0.0,0.012399157770159612,oil_up_20pct
2024-11-07,diesel,87.24904339082919,7835.7552000000005,-199.66428576979175,-235.9588721209719,0.03526529243972803,0.5,-117.97943606048595,-117.97943606048595,-117.97943606048595,7911.590877325395,0.029798267253453564,0.007567782365143203,0.000804033849910025,0.002541632987531107,0.00015456003532044436,0.055676589332601174,0.02025830221189611,oil_up_20pct
2025-01-03,diesel,87.49500801534829,7884.37888,68.5193180696581,-49.460117990827854,0.05654861876381645,0.0,-0.0,0.0,-49.460117990827854,7911.590877325395,0.023012818662597384,0.007297390302133553,0.0010203098073827868,0.0031990890092096565,0.0001613562931363307,0.055676589332601174,0.02558197027276363,oil_up_20pct
2025-01-17,diesel,94.37790367322121,7913.90656,426.5337740049664,377.0736560141386,0.06029260930199893,0.75,282.80524201060393,282.80524201060393,94.26841400353464,8194.396119336,0.06407982057427868,0.00770711548556845,0.0002268911548421469,0.0006641219574901651,0.000151115009685151,0.319915219634705,0.004824520470717788,oil_up_20pct
2025-02-20,diesel,89.31720324824606,7999.174400000001,-292.94065666354857,-198.67224266001392,0.035594766462899226,0.5,-99.33612133000696,-99.33612133000696,-99.33612133000696,8095.059998005992,0.11619914755589922,0.008618572908815725,0.0007372947129544473,0.0023189086372639943,0.00012953688263194334,0.5841280863032832,0.018442033900759523,oil_up_20pct
2025-03-06,diesel,86.97644354466746,7985.53952,-168.3033733740455,-267.6394947040525,0.046285149834686325,0.5,-133.81974735202624,-133.81974735202624,-133.81974735202624,7961.2402506539665,0.028278981516000598,0.008229229262694102,0.0012383326554902176,0.003975579478997155,0.00013855104375021685,0.004756481854505941,0.029124075311928743,oil_up_20pct
2025-03-20,diesel,84.04355545010789,7980.07616,-200.15083555425113,-333.9705829062774,0.06236036711534756,0.25,-83.49264572656935,-83.49264572656935,-250.47793717970805,7877.747604927397,0.06756670243664718,0.007795070571924203,0.001652019125012796,0.005327477349466228,0.0001489603023443106,0.010131268632076263,0.0345550308424883,oil_up_20pct
2025-04-03,diesel,87.7502702252696,7855.4728000000005,195.86197671300204,-54.615960466706014,0.05716442211761009,0.25,-13.653990116676503,0.0,-54.615960466706014,7877.747604927397,0.01893428334814686,0.007621357358418657,0.0010418204204916803,0.0032686878823507065,0.00015323079364797592,0.027884087561689676,0.026142169248322474,oil_up_20pct
2025-04-18,diesel,78.28087255684085,7793.7664,-451.649318754034,-506.26527922074,0.049224567350723177,0.75,-379.698959415555,-379.698959415555,-126.566319805185,7498.048645511843,0.14709975266624054,0.00732932303436718,0.002868611795190326,0.009888173444032769,0.00016054605476741816,0.576685199125021,0.07918811066254025,oil_up_20pct
2025-05-20,diesel,76.49107768691933,7648.7544,-293.98999561513074,-420.55631542031574,0.07970330678785525,0.5,-210.27815771015787,-210.27815771015787,-210.27815771015787,7287.770487801685,0.10285640027928425,0.005985481317098279,0.003517327608369242,0.011997441315142165,0.0001964067339134014,0.11481363220199799,0.10675829046109085,oil_up_20pct
2025-06-04,diesel,77.41759681198239,7548.988160000001,-95.03183245316765,-305.30999016332555,0.09460300462284958,0.25,-76.32749754083139,-76.32749754083139,-228.98249262249416,7211.442990260854,0.09852899270720983,0.005362967479978661,0.0034144739029342334,0.01140771029861848,0.00021424272099216225,0.07177111743919357,0.09877684392680496,oil_up_20pct
2025-06-18,diesel,83.99806945061651,7484.973440000001,325.4164268662943,96.43393424380011,0.0965439439340412,0.75,72.32545068285009,72.32545068285009,24.10848356095002,7283.768440943703,0.0400160674105866,0.0053859150624987456,0.0023929948485848732,0.007677921578156338,0.00021357147856050106,0.08839079606237009,0.05409094462942787,oil_up_20pct
2025-07-02,diesel,85.59874386010104,7533.4728000000005,-3.4033147528719154,20.705168808078106,0.09314598269423602,0.0,0.0,0.0,20.705168808078106,7283.768440943703,0.03420634036524847,0.005849126242767487,0.002723957289404363,0.008889152720650524,0.00020024722809313186,0.020923883265909524,0.06725296590683065,oil_up_20pct
2025-07-16,diesel,84.33839510817236,7571.558400000001,-163.35486647676726,-142.64969766868916,0.0980093428396851,0.25,-35.66242441717229,0.0,-142.64969766868916,7283.768440943703,0.05194936245184062,0.00603455762824253,0.0030180086605159436,0.009902466012963228,0.0001950335806388789,0.0,0.07936485500866519,oil_up_20pct
2025-08-27,diesel,79.6827828807557,7590.279200000001,-250.10570500231753,-392.75540267100666,0.10038201375468474,0.25,-98.18885066775167,-98.18885066775167,-294.56655200325497,7185.579590275952,0.13341108230915316,0.006101026372258836,0.003998288788478446,0.013530593871675057,0.0001931814679046444,0.03856420158181615,0.12829886186965725,oil_up_20pct
2025-10-14,diesel,77.75429432520194,7550.067840000001,-190.15094133287135,-484.7174933361263,0.10827615558538464,0.5,-242.35874666806316,-242.35874666806316,-242.35874666806316,6943.220843607889,0.17470936667475312,0.005654661160059792,0.006094170883592367,0.021727163132644816,0.00020578874643269708,0.08313983565096253,0.25491259276157374,oil_up_20pct
2025-10-28,diesel,74.22977698941443,7525.674239999999,-269.70547612667536,-512.0642227947385,0.13739551006556866,0.5,-256.03211139736925,-256.03211139736925,-256.03211139736925,6687.188732210519,0.2582883259475013,0.004686669509954149,0.009256449576521686,0.034368282894429406,0.00023449809069736791,0.0007478436120825268,0.4632785448317594,oil_up_20pct
2025-11-11,diesel,75.91757108164173,7425.320000000001,37.43612978135145,-218.5959816160178,0.15940733433568946,0.25,-54.64899540400445,-54.64899540400445,-163.94698621201337,6632.539736806515,0.2393167964644382,0.0039185838048868896,0.00899035349978293,0.03223063049597282,0.0002586119468404462,0.1622206376287881,0.42777286018312355,oil_up_20pct
2025-11-25,diesel,74.67955675974142,7373.79776,-123.6827721236619,-287.62975833567526,0.1605259497642482,0.25,-71.90743958391882,-71.90743958391882,-215.72231875175646,6560.632297222596,0.2392774731462454,0.0038974497177891934,0.009372540325240618,0.033836205612556486,0.00025929212559112734,0.0011914155820448797,0.45444099490425993,oil_up_20pct
2025-12-09,diesel,74.68580524746505,7314.350400000001,-67.19281244234722,-282.91513119410365,0.16304648554674187,0.25,-70.72878279852591,-70.72878279852591,-212.18634839557774,6489.903514424071,0.2462884979176756,0.0038096644540466674,0.009661651529862038,0.03498220607730455,0.00026212696509055993,5.556927271010925e-06,0.4734741508350264,oil_up_20pct
2025-12-23,diesel,72.03017585846503,7299.2908800000005,-218.61948331543053,-430.8058317110083,0.17088575299741035,0.5,-215.40291585550415,-215.40291585550415,-215.40291585550415,6274.500598568567,0.37020667329569135,0.0035442802447755977,0.013005053876662672,0.04987458746128301,0.0002707907126624827,0.08372241910315298,0.7186849947339957,oil_up_20pct
2026-01-21,diesel,75.93128095789527,7194.348,137.93218945380622,-77.47072640169793,0.1878569512388661,0.0,-0.0,0.0,-77.47072640169793,6274.500598568567,0.3032843039949255,0.002990766024815559,0.011695695792977131,0.042683929683306504,0.00028931404042256876,0.1855936646362136,0.6009589993034218,oil_up_20pct
2026-02-04,diesel,79.45881989284517,7162.118880000001,209.95591871093993,132.485192309242,0.1839323580498059,0.75,99.3638942319315,99.3638942319315,33.1212980773105,6373.864492800498,0.20877154112073054,0.003440020363705278,0.009598982425795252,0.03373458621941045,0.00027423292555449585,0.03949273390773788,0.4527530722755975,oil_up_20pct
2026-02-25,diesel,82.5400900121046,7138.98528,158.3036513972993,191.42494947460978,0.16717500557719356,0.75,143.56871210595733,143.56871210595733,47.856237368652444,6517.433204906455,0.13407004141159568,0.004327111892450449,0.007108318982780427,0.0241390964782894,0.00024563942163176815,0.007816263693103178,0.29410785771223225,oil_up_20pct
2026-03-10,diesel,94.0843935389358,7432.863200000001,691.4049044088166,739.261141777469,0.1831598067207191,1.0,739.261141777469,739.261141777469,0.0,7256.694346683924,0.2649077617417363,0.006086706882010114,0.0024488856410593675,0.007102568240776787,0.0001935797253871047,1.4193978830717957,0.0484613810332938,oil_up_20pct
2026-03-24,diesel,120.64590479454496,7603.25888,1817.743796546433,1817.743796546433,0.10558105133414539,1.0,1817.743796546433,1817.743796546433,0.0,9074.438143230356,0.797603487738417,0.011205067930478822,0.004704123668189292,0.010429200044617677,7.735083010749209e-05,4.652499346550051,0.0,oil_up_20pct
2026-04-08,diesel,139.45636685805616,7716.856,964.0509294104093,964.0509294104093,-0.11592425506324805,0.75,723.0381970578069,723.0381970578069,241.01273235260237,9797.476340288164,0.8694680404185149,0.0181847321501583,0.009333269782833768,0.0232144486927203,3.2951973666689064e-06,4.793521398207009,0.0,oil_up_20pct
2026-04-22,diesel,128.05533213981596,7716.856,-740.9187026210816,-499.9059702684792,-0.20962021065161296,0.75,-374.9294777013594,-374.9294777013594,-124.9764925671198,9422.546862586803,0.8393982917614324,0.01951150450974114,0.005141144485539131,0.01464639087219798,2.386278440032438e-07,4.822132059264203,0.0,oil_up_20pct
2026-05-09,diesel,137.3381479544708,7716.856,443.1950564111252,318.2185638440054,-0.1610344293824847,0.5,159.1092819220027,159.1092819220027,159.1092819220027,9581.656144508806,0.21736633501836683,0.01821621638798306,0.006784611716250153,0.018123056536159393,3.1818839745002052e-06,1.1407895871202365,0.0,oil_up_20pct
2016-04-27,diesel,33.91747173862,4528.4436,128.14328912502333,128.14328912502333,-0.08388086891487398,0.5,64.07164456251166,64.07164456251166,64.07164456251166,5244.071644562511,0.006675044630384401,0.022480710766293426,0.002101735827771467,0.005846773964594773,6.153925906004113e-06,0.01642070254777932,0.0,oil_down_20pct
2016-05-12,diesel,35.62827189362539,4528.4436,126.51948430115777,190.59112886366944,-0.09802958097181805,0.5,95.29556443183472,95.29556443183472,95.29556443183472,5339.367208994346,0.008775160803002995,0.022349023012221563,0.003080573155849055,0.008441263895211786,5.517909111946464e-06,0.003899732688023628,0.0,oil_down_20pct
2016-05-26,diesel,38.29929852290022,4528.4436,212.15909199183372,307.45465642366844,-0.11907335955213083,0.5,153.72732821183422,153.72732821183422,153.72732821183422,5493.09453720618,0.02259325161281575,0.02245850407265653,0.005001815156692086,0.013366034333621522,6.044242275268746e-06,0.013657084073766645,0.0,oil_down_20pct
2016-06-09,diesel,39.438144827408394,4629.8385,76.8389242310526,230.56625244288682,-0.12645489193763013,0.5,115.28312622144341,115.28312622144341,115.28312622144341,5608.377663427623,0.012962629438271813,0.022770088006733552,0.004863560903764361,0.013105238834555734,7.673387565049062e-06,0.005911826666711874,0.0,oil_down_20pct
2016-07-22,diesel,36.25901529278358,4748.822999999999,-105.71301730049068,9.570108920952734,-0.12100372732940835,0.0,0.0,0.0,9.570108920952734,5608.377663427623,0.010035056254324133,0.0226961701997988,0.0031202388919977842,0.008697916581313319,7.269333746283102e-06,0.05316079676555701,0.0,oil_down_20pct
2016-08-05,diesel,33.45723445281691,4795.397999999999,-177.4854840406289,-167.91537511967618,-0.10953330326859693,0.5,-83.95768755983809,-83.95768755983809,-83.95768755983809,5524.419975867785,0.010971924699953216,0.02196756575475929,0.0018064103023948152,0.005178750031729322,3.8713149993014975e-06,0.02819557320158157,0.0,oil_down_20pct
2016-08-19,diesel,35.96425173503329,4807.0332,90.31496517388888,6.357277614050787,-0.08923690892498615,0.0,0.0,0.0,6.357277614050787,5524.419975867785,0.0053384718610388,0.021013491757468167,0.0017259003932505838,0.004880055355857927,1.0271655424559126e-06,0.02819557320158157,0.0,oil_down_20pct
2016-09-02,diesel,38.074114106522686,4764.024,102.6753050747986,109.03258268884939,-0.09961212115383646,0.5,54.516291344424694,54.516291344424694,54.516291344424694,5578.93626721221,0.0051470764114697354,0.0205670912756598,0.0026719115539179856,0.007407953773973462,3.2159251492945844e-07,0.011888104087800779,0.0,oil_down_20pct
2016-09-19,diesel,36.90930613771797,4744.9404,-77.51875150125962,-23.00246015683492,-0.11576529880379711,0.0,-0.0,0.0,-23.00246015683492,5578.93626721221,0.0032493422121716905,0.02031286335420536,0.0028662741513290255,0.008008482063786113,9.788347840462825e-08,0.011888104087800779,0.0,oil_down_20pct
2016-10-20,diesel,40.181326596945716,4761.2745,187.4562333390071,164.45377318217217,-0.11173170066380522,0.5,82.22688659108609,82.22688659108609,82.22688659108609,5661.163153803296,0.011015288914793524,0.019939217546172745,0.0035772964149576483,0.009792737547310764,3.6945066932624874e-09,0.02704504351385333,0.0,oil_down_20pct
2016-11-17,diesel,35.08271841168878,4854.4344,-230.52534365862277,-148.29845706753667,-0.10618388206117188,0.5,-74.14922853376834,-74.14922853376834,-74.14922853376834,5587.013925269528,0.021636586244022947,0.01973170153272296,0.00176685814532701,0.005058315597526,7.198406754320897e-08,0.09781395752616692,0.0,oil_down_20pct
2016-12-01,diesel,37.024863357760154,4901.556599999999,163.8262314297798,89.67700289601146,-0.07984482506425182,0.5,44.83850144800573,0.0,89.67700289601146,5587.013925269528,0.010583748022817172,0.01893047610879152,0.001383840333156417,0.003929735095282959,1.1438813538657314e-06,0.021992432368612015,0.0,oil_down_20pct
2016-12-15,diesel,41.69705030166318,4925.8854,308.69344737705705,398.3704502730685,-0.07421516571813219,0.5,199.18522513653426,199.18522513653426,199.18522513653426,5786.1991504060625,0.05969639500283265,0.018792818656919136,0.0029137667185902775,0.007864806363845843,1.4572867950825184e-06,0.15869901565076736,0.0,oil_down_20pct
2016-12-29,diesel,42.460602791479054,4921.911,90.229115296499,289.41434043303326,-0.1156001175978319,0.5,144.70717021651663,144.70717021651663,144.70717021651663,5930.906320622579,0.02000370082596959,0.019484657051007746,0.004506160040545274,0.012127511273654051,2.6557835507603374e-07,0.011871433871473828,0.0,oil_down_20pct
2017-01-13,diesel,43.19481153797119,5076.423,51.56882004771383,196.27599026423047,-0.10832390063290215,0.5,98.13799513211524,98.13799513211524,98.13799513211524,6029.044315754694,0.010148275184074783,0.019803113219597074,0.0035129187183206055,0.009605050529816942,3.876440429743024e-08,0.008674752272166526,0.0,oil_down_20pct
2017-01-26,diesel,42.87575296833954,5169.1302,1.6664218741982921,99.80441700631353,-0.1063556696162721,0.5,49.902208503156764,0.0,99.80441700631353,6029.044315754694,0.015236480913271067,0.01975526696696627,0.00243337381579127,0.006827484596712066,5.989425745788828e-08,0.0385242643542043,0.0,oil_down_20pct
2017-02-15,diesel,43.46079961258917,5249.259,-22.536067301771045,77.26834970454249,-0.08855150331783863,0.25,19.317087426135622,0.0,77.26834970454249,6029.044315754694,0.005248564611183067,0.019287280665054786,0.0016998066537938182,0.004807776232055142,5.079688504047488e-07,0.0,0.0,oil_down_20pct
2017-03-15,diesel,41.64426244221681,5264.7264000000005,-66.41021961494768,10.858130089594809,-0.08517713888317037,0.0,0.0,0.0,10.858130089594809,6029.044315754694,0.0005321332831825755,0.018841283967102326,0.0015739210483426138,0.004458586585990138,1.3426228448941254e-06,0.0,0.0,oil_down_20pct
2017-03-29,diesel,39.50457080959421,5274.7398,-104.05166382714765,-93.19353373755284,-0.08300317065017958,0.5,-46.59676686877642,0.0,-93.19353373755284,6029.044315754694,0.007364397160247212,0.01841624363200696,0.0014951071953187456,0.004239544968510789,2.5082842331585087e-06,0.0,0.0,oil_down_20pct
2017-04-13,diesel,42.27276704716572,5238.2655,139.49786569338795,46.30433195583511,-0.09096195787607435,0.0,0.0,0.0,46.30433195583511,6029.044315754694,0.002213654614498784,0.018011174968298516,0.0017923503571712562,0.005063966629962886,3.955425006722412e-06,0.0,0.0,oil_down_20pct
2017-05-12,diesel,38.4331395140361,5203.6389,-221.91226680145633,-175.60793484562123,-0.09862080970966186,0.5,-87.80396742281062,-87.80396742281062,-87.80396742281062,5941.240348331884,0.011848704514337258,0.017506032680729706,0.001429277539382063,0.004115146034974594,6.2198729895882564e-06,0.030838146780743952,0.0,oil_down_20pct
2017-05-26,diesel,40.83112695190954,5181.3324,95.76434518964243,7.960377766831812,-0.08666265154728993,0.0,0.0,0.0,7.960377766831812,5941.240348331884,0.005784484023922308,0.016771973856435432,0.0016288103683379076,0.004610942765518312,1.042015278353634e-05,0.030838146780743952,0.0,oil_down_20pct
2017-06-10,diesel,38.75349358021064,5129.8785,-160.641061315716,-152.6806835488842,-0.09816395034149124,0.5,-76.3403417744421,-76.3403417744421,-76.3403417744421,5864.900006557442,0.009071701030878704,0.01633907886977035,0.001485790758861748,0.004267420522215944,1.3402343521761944e-05,0.023311391128954518,0.0,oil_down_20pct
2017-06-24,diesel,36.02606790641309,5101.806599999999,-153.78307076245792,-230.12341253690002,-0.08957317405121598,0.5,-115.06170626845001,-115.06170626845001,-115.06170626845001,5749.838300288992,0.01189121216701211,0.015543161698677302,0.0009532971830032406,0.0027777468965792373,1.9863407644137e-05,0.005997376273111267,0.0,oil_down_20pct
2017-07-22,diesel,37.59346350214343,5025.7665,51.189924779489104,-63.871781488960906,-0.08407191426203188,0.25,-15.967945372240226,0.0,-63.871781488960906,5749.838300288992,0.01276117621492697,0.014772290756793564,0.0015336273044362578,0.0043466425114712754,2.732894393150601e-05,0.05295678499762828,0.0,oil_down_20pct
2017-08-05,diesel,40.12128001811596,5008.952700000001,132.7778067153224,68.9060252263615,-0.08791227720896445,0.25,17.226506306590377,0.0,68.9060252263615,5749.838300288992,0.004270170060185464,0.014538443088751019,0.0016756297588328502,0.004740775982791074,2.982860389481152e-05,0.0,0.0,oil_down_20pct
2017-09-16,diesel,41.908736954759206,5051.8539,26.22675428506126,95.13277951142277,-0.07816401149071081,0.5,47.566389755711384,0.0,95.13277951142277,5749.838300288992,0.007616261578488796,0.014315583386779261,0.001326202945618536,0.0037689782905429904,3.231259223265994e-05,0.0,0.0,oil_down_20pct
2017-09-30,diesel,44.150212036489876,5092.0560000000005,132.78730893814836,227.92008844957113,-0.06917813556822462,0.5,113.96004422478556,113.96004422478556,113.96004422478556,5863.798344513778,0.019797559243938744,0.014265289797276303,0.0018515556443086715,0.005128183696691411,3.2886901109223274e-05,0.051947566718860326,0.0,oil_down_20pct
2017-11-03,diesel,45.60667779988694,5229.9315,67.99449510605284,181.9545393308384,-0.06119983684562177,0.5,90.9772696654192,90.9772696654192,90.9772696654192,5954.775614179197,0.0073651313132523395,0.01468808686136303,0.001361692540778387,0.003809955983053011,2.8216421192424063e-05,0.002112831705786631,0.0,oil_down_20pct
2017-11-17,diesel,48.35055318230111,5299.389,137.40124424330043,228.37851390871964,-0.06367210902600216,0.5,114.18925695435982,114.18925695435982,114.18925695435982,6068.964871133557,0.01124737367878297,0.015011076003230971,0.001605694933807876,0.004462925211238143,2.488936264553787e-05,0.002155185415607763,0.0,oil_down_20pct
2017-12-29,diesel,49.77269866213112,5432.400000000001,25.41136134837535,139.60061830273517,-0.057179307697068645,0.5,69.80030915136759,69.80030915136759,69.80030915136759,6138.765180284924,0.005549563433879974,0.015349573499431213,0.0010751973475102666,0.0030323007042930518,2.1626466637192455e-05,0.007881514748227077,0.0,oil_down_20pct
2018-01-13,diesel,52.890751417440576,5537.784599999999,119.10325382303591,188.90356297440348,-0.04852364685418155,0.5,94.45178148720174,94.45178148720174,94.45178148720174,6233.216961772126,0.007818968736799463,0.015508023380429245,0.0009446112711206363,0.0026593382412468535,2.0177853950770316e-05,0.002430780353297587,0.0,oil_down_20pct
2018-01-27,diesel,54.202581773468026,5604.4836,10.859343771324163,105.3111252585259,-0.05218399528765253,0.5,52.65556262926295,52.65556262926295,52.65556262926295,6285.872524401389,0.0036477419119421203,0.015701451218618354,0.0008248580500327359,0.0023425652783167846,1.8477521625917634e-05,0.0069876956432828735,0.0,oil_down_20pct
2018-02-10,diesel,52.5424052630478,5658.956999999999,-117.78254418697338,-65.12698155771042,-0.050782874724333224,0.25,-16.281745389427606,0.0,-65.12698155771042,6285.872524401389,0.005449476182783908,0.01563958362851156,0.0005484594804228641,0.0015787947263571495,1.901323093274441e-05,0.011090433103216932,0.0,oil_down_20pct
2018-03-01,diesel,51.45983146479522,5618.880899999999,-37.94205349105895,-103.06903504876936,-0.05870542128796305,0.5,-51.53451752438468,-51.53451752438468,-51.53451752438468,6234.338006877004,0.004093232776765877,0.015297933080915599,0.0005162594981242707,0.0014992788800198816,2.210943331154788e-05,0.010623225985884449,0.0,oil_down_20pct
2018-03-29,diesel,52.65032799112526,5596.160400000001,47.03072042984857,-4.503797094536111,-0.054038476609248494,0.0,-0.0,0.0,-4.503797094536111,6234.338006877004,0.0020152840562767792,0.014830106388489358,0.0006244573569728672,0.0017947877452117018,2.6727799954338553e-05,0.010623225985884449,0.0,oil_down_20pct
2018-04-13,diesel,53.709193843559035,5592.001499999999,63.94926358469286,59.44546649015675,-0.05486701262097382,0.25,14.861366622539187,0.0,59.44546649015675,6234.338006877004,0.0030136556305089307,0.014593542096395129,0.0006445308525373649,0.0018517556931994398,2.922978706345158e-05,0.0,0.0,oil_down_20pct
2018-04-27,diesel,57.16600322746645,5603.8949999999995,196.54817917512116,255.9936456652779,-0.052500860004872266,0.5,127.99682283263895,127.99682283263895,127.99682283263895,6362.334829709643,0.02467748881171934,0.014536004748070408,0.0012571987037599552,0.0035055615669612647,2.9855244113109133e-05,0.06553274662099988,0.0,oil_down_20pct
2018-05-12,diesel,58.490713024264984,5687.2305,93.70822317033941,221.70504600297835,-0.05870528717090734,0.5,110.85252300148917,110.85252300148917,110.85252300148917,6473.187352711132,0.010409773595488246,0.014979843204525356,0.0013504416954214535,0.0037720832582357816,2.520197425115025e-05,0.0011757080668014495,0.0,oil_down_20pct
2018-05-26,diesel,60.60805819191657,5732.474399999999,131.20655745266117,242.05908045415035,-0.06921347764084788,0.5,121.02954022707517,121.02954022707517,121.02954022707517,6594.216892938207,0.012289082841396477,0.015333915118637475,0.0018007925338535086,0.004995881689037627,2.1772348120079934e-05,0.0004142867184394966,0.0,oil_down_20pct
2018-06-09,diesel,57.25798944953172,5857.3215,-132.39592833892075,-11.36638811184558,-0.06580757141949722,0.0,-0.0,0.0,-11.36638811184558,6594.216892938207,0.010399281286399827,0.015550953246358436,0.0009369018434908425,0.0026779315244521385,1.979401701608854e-05,0.058592598430308826,0.0,oil_down_20pct
2018-06-26,diesel,57.07494888851767,5914.1322,11.79474375674257,0.42835564489698896,-0.05499315029484906,0.0,0.0,0.0,0.42835564489698896,6594.216892938207,0.0001861936345314595,0.015280518012198374,0.0006476127883791456,0.0018604991494411175,2.227351023318399e-05,0.0,0.0,oil_down_20pct
2018-07-10,diesel,60.421405617653434,5956.7895,191.9593794762727,192.38773512116967,-0.047008547630935614,0.5,96.19386756058483,96.19386756058483,96.19386756058483,6690.410760498792,0.013985987224254016,0.015142093995141943,0.0008740376628542202,0.0024653855187565057,2.359925075203597e-05,0.03701304062505334,0.0,oil_down_20pct
2018-07-24,diesel,57.47683234735115,5959.659599999999,-105.16247904769344,-8.968611487108603,-0.06261625823374091,0.0,-0.0,0.0,-8.968611487108603,6690.410760498792,0.006641682691429539,0.015263244553078734,0.0008464346168277129,0.0024229688558532595,2.2436852163938284e-05,0.03701304062505334,0.0,oil_down_20pct
2018-08-07,diesel,57.799648064814384,6018.1425,25.848951300492754,16.88033981338415,-0.051706936234692316,0.0,0.0,0.0,16.88033981338415,6690.410760498792,0.0003928333600278246,0.015006328091145441,0.0005695622108720571,0.0016388214459314425,2.4936759133283137e-05,0.0,0.0,oil_down_20pct
2018-08-21,diesel,55.34299984554672,6052.084199999999,-98.88193939760711,-82.00159958422296,-0.045472187663679976,0.5,-41.00079979211148,0.0,-82.00159958422296,6690.410760498792,0.005507133800043787,0.014761483545046845,0.0004344611737962825,0.0012538095622805364,2.7442054648814973e-05,0.0,0.0,oil_down_20pct
2018-09-04,diesel,58.22649239347777,6130.071,161.23931632090418,79.23771673668122,-0.03140836386704042,0.25,19.809429184170305,0.0,79.23771673668122,6690.410760498792,0.005083875245674944,0.01452814368312008,0.00019417833044347544,0.0005641893030898515,2.9941211552578688e-05,0.0,0.0,oil_down_20pct
2018-09-18,diesel,59.29410642175591,6163.2864,87.9312207653872,167.16893750206842,-0.02552650749749227,0.5,83.58446875103421,83.58446875103421,83.58446875103421,6773.9952292498265,0.010468285277218785,0.01440794276520883,0.00031805100458676036,0.000909317698037125,3.127110411718027e-05,0.02794545366557045,0.0,oil_down_20pct
2018-10-01,diesel,61.58809666168281,6256.863,130.47701393078341,214.0614826818176,-0.022650399928818295,0.5,107.0307413409088,107.0307413409088,107.0307413409088,6881.025970590736,0.009639186663401108,0.014639346748197127,0.00033100569512978424,0.0009429711501986447,2.8736603286064724e-05,0.002198910793434819,0.0,oil_down_20pct
2018-10-20,diesel,62.33480557258818,6299.7228000000005,69.72761225191582,176.75835359282462,-0.03227440461201483,0.5,88.37917679641231,88.37917679641231,88.37917679641231,6969.405147387148,0.0066197945402049745,0.014920117907728802,0.00045727903594133953,0.0013024073891969028,2.580520207137761e-05,0.0013915234398300751,0.0,oil_down_20pct
2018-11-03,diesel,58.03702771893193,6317.2755,-234.21339609250182,-145.83421929608951,-0.04322957220832742,0.5,-72.91710964804476,-72.91710964804476,-72.91710964804476,6896.488037739103,0.022128832107940054,0.014921620491765774,0.00019597656002464517,0.0005753566700707962,2.5789938429653304e-05,0.10406596808308938,0.0,oil_down_20pct
2018-11-17,diesel,51.91852575210594,6310.6632,-326.1239450494274,-399.04105469747213,-0.03283094647470695,0.5,-199.52052734873607,-199.52052734873607,-199.52052734873607,6696.967510390366,0.04282956424820753,0.014177074779447005,1.7646233200396724e-06,5.366320985950988e-06,3.390645812415215e-05,0.06411370149398286,0.0,oil_down_20pct
2018-12-01,diesel,45.98104780588346,6084.603,-335.52846957079424,-535.0489969195303,-0.04064165408825627,0.75,-401.2867476896477,-401.2867476896477,-133.76224922988257,6295.680762700718,0.04450683107108883,0.012742628459058698,0.00021713849607801888,0.0007007989250169402,5.266944168326474e-05,0.16283843068262924,0.005124576815557443,oil_down_20pct
2018-12-15,diesel,45.58901922850761,5951.611800000001,-76.12955893023852,-209.8918081601211,0.0021889440603774404,0.5,-104.94590408006054,-104.94590408006054,-104.94590408006054,6190.734858620658,0.07037833173439995,0.01093823874057339,0.00014890498618941789,0.00045684971297004656,8.211551712284495e-05,0.35127158236496725,0.0031433361177891244,oil_down_20pct
2018-12-29,diesel,41.00020542354558,5862.951,-269.31238233510265,-374.2582864151632,0.004092342129303534,0.5,-187.1291432075816,-187.1291432075816,-187.1291432075816,6003.605715413077,0.03732158097761335,0.01021181337318049,0.0004227692180696573,0.001337483884767217,9.58085974414483e-05,0.02701633917396523,0.010373513067012261,oil_down_20pct
2019-01-15,diesel,42.89908590603806,5734.7415,35.94282148825288,-151.1863217193287,0.013116593762233843,0.5,-75.59316085966435,-75.59316085966435,-75.59316085966435,5928.012554553412,0.015604968413137455,0.009317669987083516,0.00024402662629589438,0.0007505950429694227,0.00011411217450485629,0.049761101433259625,0.00553276673375168,oil_down_20pct
2019-01-29,diesel,46.07314141936769,5657.815799999999,110.70798693805942,35.11482607839507,0.012243628264919489,0.0,0.0,0.0,35.11482607839507,5928.012554553412,0.005468993881706947,0.009018707525417908,6.946372804433834e-05,0.00020794641082491386,0.0001205887844123133,0.022857303875020357,0.0011992514647162832,oil_down_20pct
2019-02-15,diesel,47.13139423913987,5585.6115,54.39595967668606,89.51078575508113,-0.001300549555480492,0.5,44.755392877540565,0.0,89.51078575508113,5928.012554553412,0.006435290384385474,0.009055207549362206,1.699499084374968e-06,5.018318424533104e-06,0.00011978848178753806,0.0,0.0,oil_down_20pct
2019-03-01,diesel,49.72429787137206,5664.6927,130.08052909115005,219.59131484623117,0.013515597668093826,0.5,109.79565742311559,109.79565742311559,109.79565742311559,6037.808211976528,0.01792312730705889,0.009241469698523788,1.1172257644002495e-06,3.227469857386359e-06,0.00011574597424778185,0.04822034555589663,0.0,oil_down_20pct
2019-03-29,diesel,51.34746011714324,5711.3046,65.7165291877752,175.51218661089078,0.002832043667128745,0.5,87.75609330544539,87.75609330544539,87.75609330544539,6125.564305281973,0.006520682456566266,0.009859165548647741,2.0129823746249807e-05,5.818648970969023e-05,0.00010283652336973288,0.0019429695459875823,0.0,oil_down_20pct
2019-04-13,diesel,54.16593005293096,5793.372,129.61466301881302,217.37075632425842,0.0026599387572603683,0.5,108.68537816212921,108.68537816212921,108.68537816212921,6234.249683444103,0.009780534756413,0.010372300860758583,3.994257914369616e-05,0.0001148893273883177,9.269259071574992e-05,0.0017521398584488587,0.0,oil_down_20pct
2019-04-27,diesel,55.29519929313189,5820.6204,44.27437922281928,152.9597573849485,-0.011062748473359028,0.5,76.47987869247424,76.47987869247424,76.47987869247424,6310.7295621365765,0.005437250014887713,0.010898448588787775,0.00010830931450296903,0.000311975815373921,8.283823809093925e-05,0.004148776784359785,0.0,oil_down_20pct
2019-05-14,diesel,54.3142826782679,5914.233,-20.72122481543878,55.758653877035464,-0.007041079060729529,0.25,13.939663469258866,0.0,55.758653877035464,6310.7295621365765,0.006509471483102719,0.011159778414633989,2.7215505680261396e-06,8.0030029423561e-06,7.814951767837116e-05,0.023396687379262305,0.0,oil_down_20pct
2019-05-28,diesel,54.4011921372937,5959.5012,43.10701272845278,98.86566660548824,0.0010641343378576052,0.5,49.43283330274412,0.0,98.86566660548824,6310.7295621365765,0.00784190273423082,0.011095674423653593,6.376162652018633e-06,1.8872542057065305e-05,7.928701396957679e-05,0.0,9.05905511206115e-06,oil_down_20pct
2019-06-12,diesel,48.643091439475285,5994.8055,-305.6712971805327,-206.80563057504446,0.007300364934846312,0.5,-103.40281528752223,-103.40281528752223,-103.40281528752223,6207.326746849054,0.018064137288286833,0.010900576623075977,0.00021534400100614421,0.0006637238597467543,8.279950579251141e-05,0.04276856883754177,0.004821266712586154,oil_down_20pct
2019-06-26,diesel,48.24945499614759,5997.8808,-74.54739016386938,-177.9502054513916,0.025080008450809148,0.5,-88.9751027256958,-88.9751027256958,-88.9751027256958,6118.351644123358,0.012223575425518085,0.010313160856857698,0.0005199005923936504,0.0016248895083291845,9.38348525851139e-05,0.000832635559066736,0.01274529489970561,oil_down_20pct
2019-07-10,diesel,49.78574710868267,5900.958,35.673782831314035,-53.30131989438177,0.023159601521760064,0.25,-13.325329973595442,0.0,-53.30131989438177,6118.351644123358,0.009648956565665062,0.009922939862674238,0.00019777046452788735,0.0005987120299071674,0.00010154714101127992,0.03166627562019249,0.004290937141173689,oil_down_20pct
2019-08-07,diesel,47.82838825400967,5815.1637,-102.04476710834561,-155.3460870027274,0.00786252635960064,0.5,-77.6730435013637,-77.6730435013637,-77.6730435013637,6040.6786006219945,0.010603759624561903,0.009813125860632122,0.00016790454766195167,0.0005138060492895235,0.00010377240473132206,0.024132406747058948,0.003602140667469867,oil_down_20pct
2019-08-21,diesel,45.42505708006676,5759.7282000000005,-111.80423160473207,-189.47727510609576,0.011221587049542738,0.5,-94.73863755304788,-94.73863755304788,-94.73863755304788,5945.939963068947,0.010160546579623758,0.009359967094719333,0.00026624848623207675,0.0008226878489180345,0.00011321030022545536,0.001164938001347515,0.0061250503883018064,oil_down_20pct
2019-09-04,diesel,46.25303557249569,5727.7485,71.69986408506979,-23.03877346797809,0.021906242379715755,0.0,-0.0,0.0,-23.03877346797809,5945.939963068947,0.008327001901705705,0.008980084631401947,0.0001796264878227913,0.0005430822935418224,0.00012143853473106356,0.0359016377816311,0.0038390676415908367,oil_down_20pct
2019-09-19,diesel,48.92890181713844,5714.8992,138.1675582464523,115.12878477847421,0.019572206790813285,0.5,57.564392389237106,57.564392389237106,57.564392389237106,6003.504355458183,0.005274279361018776,0.009097577462786615,4.8115270684313345e-05,0.00014225853183327117,0.00011886281717993834,0.013254637084568236,0.0007219269698598784,oil_down_20pct
2019-10-22,diesel,45.70049735238426,5740.281,-180.690769973226,-123.1263775839889,0.01414451740983007,0.5,-61.56318879199445,-61.56318879199445,-61.56318879199445,5941.941166666189,0.015002158349882696,0.009293637345542147,0.0002216670719588088,0.0006792053228177906,0.0001146262012887698,0.05676552239236367,0.004947851326576317,oil_down_20pct
2019-11-05,diesel,47.06290867037659,5774.082300000001,47.02049575184578,-14.54269304014867,0.03092890992111637,0.0,-0.0,0.0,-14.54269304014867,5941.941166666189,0.00623287669282544,0.009055453808983632,0.00033032321880649,0.0010080728799764093,0.0001197830913272909,0.015160104856955002,0.007652779751268246,oil_down_20pct
2019-11-19,diesel,48.30908523031825,5795.7210000000005,42.922577789666,28.37988474951733,0.034771013534607965,0.0,0.0,0.0,28.37988474951733,5941.941166666189,0.005019105599381615,0.009090227209265493,0.00040880279535738097,0.001252583199550154,0.000119023142345451,0.0,0.009672187057791123,oil_down_20pct
2019-12-03,diesel,49.31582320845288,5848.794,66.55895889725726,94.93884364677459,0.04407412422694503,0.5,47.46942182338729,0.0,94.93884364677459,5941.941166666189,0.01421901300585999,0.009123366687149663,0.0006349472589133924,0.001964597626997401,0.00011830115222220571,0.0,0.015540227410977464,oil_down_20pct
2019-12-31,diesel,52.6361978244011,5877.414,173.7999947594826,268.7388384062572,0.049021163616143205,0.5,134.3694192031286,134.3694192031286,134.3694192031286,6076.310585869318,0.029297135014792447,0.009339894295434768,0.0002503685017112769,0.0007434829037456571,0.0001136378536325042,0.0722205632679444,0.005474416129158184,oil_down_20pct
2020-02-05,diesel,45.21002406009578,5857.524,-416.8796655232877,-282.5102463201591,0.02264862322897578,0.5,-141.25512316007956,-141.25512316007956,-141.25512316007956,5935.055462709239,0.07586157274228085,0.009748434277811014,0.0006934879680328517,0.002203052973611629,0.0001050945997563602,0.30387555341171174,0.017494810697608415,oil_down_20pct
2020-02-19,diesel,43.13564104356928,5834.142,-151.9762206869127,-293.2313438469923,0.04270294711557609,0.5,-146.61567192349614,-146.61567192349614,-146.61567192349614,5788.439790785743,0.03120583091109538,0.008955194100627596,0.0014165929837914551,0.004609789134242696,0.00012198773735481147,0.00011494193217986787,0.030947773312497807,oil_down_20pct
2020-03-18,diesel,29.457867021816654,5595.304499999999,-65.36030577195706,-211.9759776954532,0.02548261300421751,0.5,-105.9879888477266,-105.9879888477266,-105.9879888477266,5682.451801938017,0.0172395467521428,0.008214332520622791,0.0006326863703345762,0.0019948537003298067,0.00013890195793444954,0.006602434528420683,0.01578858982229202,oil_down_20pct
2020-06-29,diesel,32.29378289244807,4937.7843,107.9175109319476,1.9295220842210057,-0.09081005096516993,0.0,0.0,0.0,1.9295220842210057,5682.451801938017,0.008221874445728503,0.007821226002317515,0.0017864543193306394,0.005047657220883596,0.00014832253608662704,0.04493381511994327,0.0,oil_down_20pct
2020-07-11,diesel,33.419389222597275,4688.3637,58.52997014567233,60.459492229893335,-0.15203306004993095,0.25,15.114873057473334,0.0,60.459492229893335,5682.451801938017,0.004269444241600674,0.007913992939061764,0.004803494490177194,0.013211202940876176,0.0001460715666770489,0.0,0.0,oil_down_20pct
2020-08-22,diesel,35.08658798306297,4670.559899999999,34.54487892782565,95.00437115771899,-0.15665323293209818,0.5,47.502185578859496,0.0,95.00437115771899,5682.451801938017,0.008639323924530349,0.008002400970019315,0.005078915822607132,0.0139412608485781,0.0001439423824841935,0.0,0.0,oil_down_20pct
2020-09-19,diesel,31.71206079473693,4821.075900000001,-62.57913076525638,32.42524039246261,-0.11866881165219065,0.0,0.0,0.0,32.42524039246261,5682.451801938017,0.0016997668842852298,0.008086654910184864,0.0030059130059251833,0.00838785882111136,0.00014192779122902243,0.0,0.0,oil_down_20pct
2020-10-23,diesel,32.80476954274467,4816.0683,-43.11446186462273,-10.68922147216012,-0.11989435530596947,0.0,-0.0,0.0,-10.68922147216012,5682.451801938017,0.0009659030348937829,0.00816694995076583,0.0030656953525474984,0.008550052459687202,0.0001400210734676808,0.0,0.0,oil_down_20pct
2020-11-06,diesel,30.67402273532685,4757.978700000001,-64.13099550778534,-74.82021697994546,-0.13429954613668535,0.25,-18.705054244986364,0.0,-74.82021697994546,5682.451801938017,0.005552887294007169,0.008243472111382068,0.003804940993228644,0.010545056047238629,0.00013821594799585122,0.0,0.0,oil_down_20pct
2020-11-20,diesel,33.116715114050876,4713.5808,-32.20204741562622,-107.02226439557168,-0.1455488264756206,0.5,-53.51113219778584,-53.51113219778584,-53.51113219778584,5628.940669740231,0.005319763489455438,0.008239382923461788,0.0037636282197719044,0.010530191258285899,0.00013831211402096221,0.011453765076355649,0.0,oil_down_20pct
2020-12-04,diesel,36.662775763561676,4746.9015,203.18289396811835,149.67176177033252,-0.12581366597563298,0.5,74.83588088516626,74.83588088516626,74.83588088516626,5703.776550625397,0.016949477753350824,0.008180849689988313,0.004259238088909752,0.011612576432407344,0.00013969231405064935,0.06589182306926193,0.0,oil_down_20pct
2020-12-18,diesel,38.95744786469422,4774.681799999999,134.06798398491833,208.9038648700846,-0.13458778397031557,0.5,104.4519324350423,104.4519324350423,104.4519324350423,5808.228483060439,0.010752783464043727,0.008745863097827116,0.005160314568872013,0.013911082549297512,0.00012665559741284948,0.0035084420376196588,0.0,oil_down_20pct
2021-01-01,diesel,39.88345942547925,4921.659000000001,43.09529732189266,147.54722975693494,-0.12013630831807706,0.5,73.77361487846747,73.77361487846747,73.77361487846747,5882.002097938906,0.006086003594113218,0.009366528255316664,0.0038982389688344498,0.010664293146400659,0.00011307072134497887,0.0037646366724081886,0.0,oil_down_20pct
2021-01-16,diesel,42.61527209077771,4998.7332,115.60172080463877,189.37533568310624,-0.11669854793188539,0.5,94.68766784155312,94.68766784155312,94.68766784155312,5976.689765780459,0.008566818661659408,0.009842570503895684,0.0039395410650361765,0.010738858537172779,0.00010317337396832999,0.0017495904453710069,0.0,oil_down_20pct
2021-01-30,diesel,43.41965527302432,5050.116,26.602803035930368,121.29047087748349,-0.12347573912766731,0.5,60.64523543874174,60.64523543874174,60.64523543874174,6037.335001219201,0.004823190733534027,0.010334271836307807,0.003907933909587417,0.01071618401787585,9.342630093439246e-05,0.0046355488155999285,0.0,oil_down_20pct
2021-02-19,diesel,48.771706404046775,5140.008000000001,277.95170447789224,338.59693991663397,-0.11457696587616212,0.5,169.29846995831699,169.29846995831699,169.29846995831699,6206.633471177518,0.032291254398910355,0.010797315063758755,0.0046674314761008424,0.012510981488522806,8.468941003572152e-05,0.04722210148626327,0.0,oil_down_20pct
2021-03-04,diesel,50.79820896846346,5320.9152,124.8396076484926,294.1380776068096,-0.10645976075272112,0.5,147.0690388034048,147.0690388034048,147.0690388034048,6353.7025099809225,0.018710646910542323,0.011659853986579791,0.0038841323828321113,0.010516275472704947,6.9558035525169e-05,0.001976590437883923,0.0,oil_down_20pct
2021-03-18,diesel,53.61483729263321,5433.0552,171.3386551478226,318.40769395122743,-0.10945296450897875,0.5,159.20384697561371,159.20384697561371,159.20384697561371,6512.906356956536,0.021513700307961618,0.012382047292264923,0.004148312991622536,0.011194006579301582,5.8033203457288206e-05,0.0005890142775052336,0.0,oil_down_20pct
2021-04-01,diesel,49.63609609899976,5547.9375,-170.7581113762734,-11.55426440065969,-0.11393289974094621,0.0,-0.0,0.0,-11.55426440065969,6512.906356956536,0.0182399193228312,0.012900132191226215,0.0027796043439987056,0.007772636392027338,5.040812290206227e-05,0.1013834595673385,0.0,oil_down_20pct
2021-04-29,diesel,51.66435882038655,5586.393599999999,88.77801588647569,77.223751485816,-0.10585167879265371,0.25,19.305937871454,0.0,77.223751485816,6512.906356956536,0.005448708612292345,0.012754252964219592,0.002411048706596083,0.0067663716030691885,5.2500850106520574e-05,0.0,0.0,oil_down_20pct
2021-05-15,diesel,53.89294951553116,5634.8055,112.77920799534236,190.00295948115837,-0.0958351671511173,0.5,95.00147974057919,95.00147974057919,95.00147974057919,6607.907836697115,0.014167967145837804,0.012734524490335904,0.0027613933395111315,0.007614884122983698,5.2787134381528753e-05,0.03610112461159871,0.0,oil_down_20pct
2021-06-12,diesel,56.256024732244555,5682.3012,88.78768998742528,183.78916972800448,-0.10289292033606305,0.5,91.89458486400224,91.89458486400224,91.89458486400224,6699.802421561118,0.00761196707149043,0.013082512458579993,0.0030672548803316645,0.008440157996795912,4.785163388570102e-05,3.861118309640028e-05,0.0,oil_down_20pct
2021-06-29,diesel,59.05334902344691,5711.709599999999,168.3360305241712,260.2306153881734,-0.11299423303333171,0.5,130.1153076940867,130.1153076940867,130.1153076940867,6829.917729255204,0.015630040935508523,0.013441889947756356,0.003959796258946464,0.010758263573898072,4.300880745733913e-05,0.005843294614616561,0.0,oil_down_20pct
2021-07-13,diesel,60.396243379383236,5806.5795,74.00195115067268,204.1172588447594,-0.1162377022918922,0.5,102.0586294223797,102.0586294223797,102.0586294223797,6931.976358677583,0.009925415055207417,0.01388851367296328,0.0038354211751631577,0.010475241875479914,3.7350265125556776e-05,0.003148708782568306,0.0,oil_down_20pct
2021-07-27,diesel,58.32286665699709,5855.382,-97.59156451751203,4.467064904867669,-0.12386406876230849,0.0,0.0,0.0,4.467064904867669,6931.976358677583,0.008054158234380117,0.014077635933686203,0.0032627343081657045,0.00908369665346832,3.50743961339649e-05,0.04166385535829851,0.0,oil_down_20pct
2021-08-24,diesel,54.80134798039474,5925.789,-162.51000143671806,-158.0429365318504,-0.10979804017280798,0.5,-79.0214682659252,-79.0214682659252,-79.0214682659252,6852.954890411658,0.009834045842588002,0.013783197753988306,0.0019886612398663677,0.005669235031285957,3.864863016601604e-05,0.024977569787610492,0.0,oil_down_20pct
2021-09-07,diesel,56.752165573489066,5933.6892,78.24451039501668,-0.7769578709085181,-0.0949231278260509,0.0,-0.0,0.0,-0.7769578709085181,6852.954890411658,0.004826161451305511,0.013304831511704359,0.0019491072133423644,0.00549696293059494,4.482528108666694e-05,0.024977569787610492,0.0,oil_down_20pct
2021-09-19,diesel,57.675973497748544,5939.9442,21.10801733516097,20.33105946425245,-0.09370694735005389,0.0,0.0,0.0,20.33105946425245,6852.954890411658,0.0008677165561639756,0.013139936390977231,0.001900364492881506,0.005362451462668572,4.70604727198385e-05,0.0,0.0,oil_down_20pct
2021-10-10,diesel,63.174145154083774,5999.026499999999,306.72895205384975,327.0600115181022,-0.08234449379606155,0.5,163.5300057590511,163.5300057590511,163.5300057590511,7016.484896170709,0.04043542297793774,0.01317794928069211,0.002640930358856392,0.007226649731920737,4.654037601680931e-05,0.10696825113422115,0.0,oil_down_20pct
2021-10-23,diesel,66.92979028824927,6038.033399999999,189.29256515640193,352.82257091545307,-0.10204804302187356,0.5,176.41128545772654,176.41128545772654,176.41128545772654,7192.896181628435,0.026032124685303092,0.013833779430806568,0.003735302641564953,0.010111513114426736,3.8022276107944176e-05,0.0006637094667020308,0.0,oil_down_20pct
2021-11-20,diesel,65.41930820479767,6160.405500000001,-91.42314158892533,84.9881438688012,-0.10760109080943357,0.5,42.4940719344006,0.0,84.9881438688012,7192.896181628435,0.027782958456372048,0.014285834327946178,0.002488921633373301,0.006979451084690958,3.2651689327678315e-05,0.12448376654738989,0.0,oil_down_20pct
2021-12-04,diesel,59.67540373857862,6190.2945,-263.60406461761534,-178.61592074881412,-0.10196348681446978,0.5,-89.30796037440706,-89.30796037440706,-89.30796037440706,7103.588221254028,0.012308638193131504,0.013973299368679575,0.0016408555038075398,0.004701562724786742,3.632112049955802e-05,0.03190364714494664,0.0,oil_down_20pct
2021-12-18,diesel,58.55615016650623,6212.082600000001,-79.67733002751946,-168.98529040192653,-0.08351155299416455,0.5,-84.49264520096327,-84.49264520096327,-84.49264520096327,7019.095576053065,0.006030261605036349,0.013362773336645968,0.0010467490179916488,0.0030221325508968575,4.405277778073771e-05,9.27490408783921e-05,0.0,oil_down_20pct
2022-01-01,diesel,59.94096232564864,6200.793000000001,75.83949382377719,-8.653151377186077,-0.07196740740306345,0.0,-0.0,0.0,-8.653151377186077,7019.095576053065,0.005272081752383916,0.012891531154208335,0.0011233181378971955,0.003201561024353435,5.05303293315907e-05,0.028556028372223444,0.0,oil_down_20pct
2022-01-18,diesel,65.94249491897428,6200.7228,338.7983442067827,330.1451928295966,-0.07198022270130588,0.5,165.0725964147983,165.0725964147983,165.0725964147983,7184.168172467864,0.041056139505550995,0.012938394019987524,0.0021492027121955376,0.005912170379854886,4.986627901694796e-05,0.10899584834849155,0.0,oil_down_20pct
2022-01-30,diesel,70.62143827468888,6200.6759999999995,236.0941396543235,401.16673606912184,-0.09861047609452002,0.5,200.58336803456092,200.58336803456092,200.58336803456092,7384.751540502425,0.034069632752332255,0.013619390222313336,0.0037288973390164873,0.010068237303180296,4.071218113511066e-05,0.005044059604123749,0.0,oil_down_20pct
2022-02-18,diesel,76.07690916396966,6362.829,297.80106860719405,498.384436641755,-0.10060820438556886,0.75,373.78832748131623,373.78832748131623,124.59610916043874,7758.539867983742,0.03443443755184669,0.014566389299520137,0.00550809803423815,0.01437445060799928,2.9524125244369272e-05,0.11999983190780862,0.0,oil_down_20pct
2022-03-04,diesel,80.90673354961004,6701.3883,237.33167818989534,361.9277873503341,-0.09775112867041919,0.5,180.96389367516704,180.96389367516704,180.96389367516704,7939.503761658909,0.05258216054485429,0.01582504312799492,0.003384816430952846,0.009205190401221041,1.743026488310244e-05,0.14872504909064804,0.0,oil_down_20pct
2022-03-18,diesel,90.80468330602024,6911.01,540.4015142497408,721.3654079249078,-0.08881960258470302,0.75,541.0240559436809,541.0240559436809,180.34135198122692,8480.52781760259,0.1164038520451395,0.01669443423522337,0.006114255017730813,0.015643287563261127,1.0926765025263313e-05,0.518573281811314,0.0,oil_down_20pct
2022-04-01,diesel,91.91547462948296,7231.680000000001,47.77010759688987,228.1114595781168,-0.1126912443032031,0.5,114.0557297890584,114.0557297890584,114.0557297890584,8594.583547391649,0.13620438452495603,0.018219740424528306,0.0035444407560355088,0.009717431173016391,3.169324156058656e-06,0.7292078061571201,0.0,oil_down_20pct
2022-04-16,diesel,82.76266950621482,7366.1778,-423.07210351301,-309.0163737239516,-0.10676297813387661,0.5,-154.5081868619758,-154.5081868619758,-154.5081868619758,8440.075360529672,0.06892654751710946,0.018020190493450723,0.001567678371274615,0.0045209367230176194,3.9196456822228925e-06,0.28850630930777466,0.0,oil_down_20pct
2022-04-29,diesel,84.0064281925792,7455.843000000001,78.85643334193898,-75.6517535200368,-0.07200819284012165,0.25,-18.9129383800092,0.0,-75.6517535200368,8440.075360529672,0.021240366538930945,0.01717482691898691,0.001124603576143265,0.0032051639446030416,7.981602937680989e-06,0.0954911192295009,0.0,oil_down_20pct
2022-05-17,diesel,86.6923611869082,7396.492499999999,232.5994083188753,156.9476547988385,-0.08109158638769288,0.5,78.47382739941925,78.47382739941925,78.47382739941925,8518.549187929091,0.009652868097854834,0.016904130905382588,0.0018380973911371705,0.005143647079194169,9.584405451007236e-06,0.02463256634685537,0.0,oil_down_20pct
2022-05-31,diesel,91.72859934060547,7360.8822,272.81265941467444,351.2864868140937,-0.09727285894197454,0.5,175.64324340704684,175.64324340704684,175.64324340704684,8694.192431336138,0.03201767703148593,0.016976085566543175,0.003191167778834111,0.008715421268507221,9.144058500868511e-06,0.03776758162905357,0.0,oil_down_20pct
2022-06-15,diesel,98.81892961718954,7523.388,406.14404348911734,581.7872868961642,-0.09562196597279543,0.75,436.3404651721232,436.3404651721232,145.44682172404106,9130.53289650826,0.06483338860532079,0.017575477477379843,0.005143181685514324,0.013460348044817454,5.878309462692411e-06,0.2718521657441175,0.0,oil_down_20pct
2022-06-29,diesel,93.04161591181325,7635.1356000000005,-245.04202729417534,-99.59520557013428,-0.1358573331046353,0.5,-49.79760278506714,0.0,-99.59520557013428,9130.53289650826,0.13937258787910606,0.018491040762403984,0.00388882878392938,0.010770257000008596,2.276957980726351e-06,0.7615720061864993,0.0,oil_down_20pct
2022-07-13,diesel,89.14997693987236,7726.95,-212.7632843873993,-312.3584899575336,-0.12164772601197896,0.5,-156.1792449787668,-156.1792449787668,-156.1792449787668,8974.353651529495,0.036826034112003164,0.017942563790861885,0.0021812835512831992,0.00624044532577872,4.2330437546726205e-06,0.09756782624855063,0.0,oil_down_20pct
2022-07-27,diesel,85.53212156189355,7737.3396,-183.22037474843376,-339.39961972720056,-0.09987588957960351,0.5,-169.69980986360028,-169.69980986360028,-169.69980986360028,8804.653841665895,0.02352951900666721,0.016968463100689928,0.0012937805668029548,0.0037480845225720447,9.190215971878527e-06,0.0007312226992199683,0.0,oil_down_20pct
2022-08-10,diesel,81.19371763590141,7595.946000000001,-255.93028965070476,-425.630099514305,-0.09912538631342217,0.75,-319.22257463572873,-319.22257463572873,-106.40752487857628,8485.431267030166,0.02456297288194588,0.01585220717701408,0.00067471503090498,0.0020092799325983905,1.7204185302413506e-05,0.08942822874040503,0.0,oil_down_20pct
2022-08-24,diesel,77.88644507760766,7506.954,-209.22137556786424,-315.6289004464405,-0.07034278177675868,0.5,-157.81445022322026,-157.81445022322026,-157.81445022322026,8327.616816806945,0.037913199627623004,0.014490010289747564,0.0005062299841112351,0.0014858819697288693,3.035998660708773e-05,0.10421033050545524,0.0,oil_down_20pct
2022-09-07,diesel,75.76944826902796,7333.218000000001,-92.07888220927158,-249.89333243249183,-0.07560197130467747,0.5,-124.94666621624592,-124.94666621624592,-124.94666621624592,8202.670150590699,0.013442412920865468,0.013671963805583647,0.0007266029069734411,0.0021156536081700255,4.0044042077843405e-05,0.004321164902116475,0.0,oil_down_20pct
2022-09-22,diesel,71.20622109823404,7264.5732,-223.8792945110971,-348.82596072734304,-0.06913311281531283,0.5,-174.41298036367152,-174.41298036367152,-174.41298036367152,8028.257170227027,0.02614068618414567,0.01293291917017874,0.00041834401358219116,0.0012337306843350478,4.994363145522715e-05,0.009787664941327193,0.0,oil_down_20pct
2022-10-25,diesel,72.20166382196237,7197.732,114.07136356730639,-60.34161679636513,-0.055387065012565954,0.25,-15.085404199091283,0.0,-60.34161679636513,8028.257170227027,0.0239390862959129,0.012242725088715595,0.0006572813544195467,0.0018879237802123393,6.017531404924248e-05,0.12167955087735388,0.0,oil_down_20pct
2022-11-08,diesel,74.28575382025447,7164.583199999999,108.17625131684515,47.83463452048002,-0.060547692184944955,0.0,0.0,0.0,47.83463452048002,8028.257170227027,0.0020644608608294435,0.012127735915039618,0.0007900581223720904,0.0022637860386187265,6.197254182335713e-05,0.0,0.0,oil_down_20pct
2022-11-22,diesel,71.98844330340728,7143.850799999999,-172.54434934016442,-124.7097148196844,-0.06379966981211696,0.5,-62.3548574098422,-62.3548574098422,-62.3548574098422,7965.902312817185,0.005967642140299464,0.011954628403144771,0.0006444785107635506,0.0018659189018179604,6.472800413148486e-05,0.015552512970407007,0.0,oil_down_20pct
2022-12-06,diesel,66.28055068672427,7010.833499999999,-323.74063476526356,-386.09549217510573,-0.07622757020505276,0.5,-193.04774608755287,-193.04774608755287,-193.04774608755287,7772.854566729632,0.041664179586380565,0.01145671309417599,0.0004899213930770293,0.0014467519413770649,7.298775115522398e-05,0.06832252460369789,0.0,oil_down_20pct
2022-12-20,diesel,61.921151232331276,6935.9436,-291.8068206420798,-484.85456672963267,-0.060662885253223844,0.75,-363.6409250472245,-363.6409250472245,-121.21364168240814,7409.213641682408,0.03170213992662754,0.010377418476349832,4.872527921222405e-06,1.5022445996138278e-05,9.259407517929359e-05,0.11640813083026624,0.0,oil_down_20pct
2023-01-04,diesel,64.01919083426874,6732.657,106.4548382649406,-14.758803417467533,-0.04048880281327379,0.0,-0.0,0.0,-14.758803417467533,7409.213641682408,0.09083975823182275,0.009155845975632893,0.00033894385529500834,0.0009804965005948386,0.00011759567650419732,0.5289388894768046,0.0,oil_down_20pct
2023-01-18,diesel,62.90273680108386,6640.641,-106.95502229292129,-121.71382571038882,-0.05573771894647036,0.5,-60.85691285519441,-60.85691285519441,-60.85691285519441,7348.356728827213,0.0056513871714397555,0.00911872697990199,0.0004533189295633091,0.0013183715528558113,0.00011840210253791288,0.014814255369058905,0.0,oil_down_20pct
2023-02-04,diesel,65.50208661085163,6491.8125,153.80001587479674,92.94310301960233,-0.07194223166907754,0.5,46.471551509801166,0.0,92.94310301960233,7348.356728827213,0.00978534934021718,0.008940858670256612,0.001122525005081283,0.0031993379221353186,0.00012230460695123837,0.014814255369058905,0.0,oil_down_20pct
2023-03-18,diesel,61.66189809865403,6435.6003,-145.5669322197952,-52.62382920019287,-0.0818292600967175,0.25,-13.155957300048218,0.0,-52.62382920019287,7348.356728827213,0.002645150600734877,0.008981016633518083,0.0014533015689918443,0.004123221888643905,0.00012141799443080516,0.0,0.0,oil_down_20pct
2023-04-01,diesel,59.59171165934344,6401.6181,-126.86625886237766,-179.49008806257052,-0.08789051987140767,0.5,-89.74504403128526,-89.74504403128526,-89.74504403128526,7258.611684795928,0.012312180770058651,0.008919404707056058,0.001169575507229175,0.003371633759278792,0.00012277959204601144,0.03221669171270932,0.0,oil_down_20pct
2023-04-18,diesel,67.7361525410533,6402.0761999999995,473.4606155108255,383.71557147954024,-0.0737902671005272,0.5,191.85778573977012,191.85778573977012,191.85778573977012,7450.469470535699,0.08442279010602684,0.008864984734832987,0.002380575300853545,0.006514921169966042,0.00012398856495550242,0.31720061494026397,0.0,oil_down_20pct
2023-04-29,diesel,64.93969726999192,6403.374,-153.2831876752593,38.57459806451081,-0.10352246027417716,0.0,0.0,0.0,38.57459806451081,7450.469470535699,0.02705680832369025,0.009583424697073831,0.00230902886768522,0.006486831940089403,0.00010850504104153141,0.14723763979587015,0.0,oil_down_20pct
2023-05-17,diesel,59.011578227139466,6440.517,-295.66081518415115,-257.0862171196403,-0.09681232896919595,0.5,-128.54310855982015,-128.54310855982015,-128.54310855982015,7321.9263619758785,0.02491027851078231,0.009452286933227763,0.0012599216831880736,0.0036456762271532646,0.0001112542509389578,0.06609332303288684,0.0,oil_down_20pct
2023-05-31,diesel,59.59650811829404,6462.8028,9.561381084927998,-118.98172747489215,-0.07293358757223377,0.5,-59.49086373744608,-59.49086373744608,-59.49086373744608,7262.435498238432,0.0063660845771876555,0.008961550152701944,0.0008703550383026244,0.0025105419018451674,0.00012184737503131449,0.019072850060036353,0.0,oil_down_20pct
2023-06-14,diesel,58.589695206301556,6372.765,-0.15924754475749409,-59.65011128220357,-0.07960510049224018,0.25,-14.912527820550892,0.0,-59.65011128220357,7262.435498238432,0.005679081041580681,0.008793330205983855,0.0013755525719920385,0.003906631246839719,0.00012558944787211386,0.014156651472909506,0.0,oil_down_20pct
2023-06-29,diesel,58.54086579883492,6309.828,-8.026846789131751,-67.67695807133532,-0.09097202304697237,0.25,-16.91923951783383,0.0,-67.67695807133532,7262.435498238432,0.00418785396019326,0.008840420193727218,0.0017927413244077962,0.00506504804900879,0.00012453622145257128,0.0,0.0,oil_down_20pct
2023-07-13,diesel,60.09260805079008,6331.4595,67.79942581993177,0.12246774859644916,-0.08703971465638079,0.0,0.0,0.0,0.12246774859644916,7262.435498238432,0.00048235345111018277,0.008885297530850933,0.001642875658976953,0.004649958571689679,0.00012353661097770839,0.0,0.0,oil_down_20pct
2023-07-27,diesel,63.45905756318167,6369.6132,153.87062116339249,153.99308891198893,-0.08016899774046438,0.5,76.99654445599447,76.99654445599447,76.99654445599447,7339.432042694427,0.009341427383316525,0.00901477437116567,0.0018625060728336335,0.005203910140185339,0.00012067518211639859,0.023713871432655728,0.0,oil_down_20pct
2023-08-10,diesel,67.5355576236341,6498.688499999999,247.09033258271958,324.0868770387141,-0.06937126355485833,0.5,162.04343851935704,162.04343851935704,162.04343851935704,7501.4754812137835,0.026521448706727277,0.009502662365565481,0.001966793873533332,0.005428540831141221,0.00011019409741131531,0.028931896759299268,0.0,oil_down_20pct
2023-08-24,diesel,67.35808077670184,6560.872200000001,45.5448919553671,207.58833047472413,-0.0833655850229459,0.5,103.79416523736207,103.79416523736207,103.79416523736207,7605.2696464511455,0.011554315279424871,0.010193175458470698,0.002153589284732177,0.005979232739123146,9.617380758834142e-05,0.013571911351522133,0.0,oil_down_20pct
2023-09-21,diesel,73.72829904811213,6769.9215,370.30732842192384,474.1014936592859,-0.06339111265191842,0.75,355.5761202444644,355.5761202444644,118.5253734148215,7960.84576669561,0.05547438171518927,0.010910065619816877,0.003007699977773169,0.00802774896949138,8.262690703603515e-05,0.253576611468794,0.0,oil_down_20pct
2023-10-11,diesel,72.35191151945413,6955.0461,-94.56051453182512,23.96485888299638,-0.08461437814130518,0.0,0.0,0.0,23.96485888299638,7960.84576669561,0.08747846043790511,0.012051170995467016,0.0015533460274701626,0.004401435817331865,6.318388254330483e-05,0.5057375091524232,0.0,oil_down_20pct
2023-10-25,diesel,71.6266791702138,7072.8246,-60.10004634006592,-36.13518745706954,-0.06555396421050926,0.0,-0.0,0.0,-36.13518745706954,7960.84576669561,0.0013178393306370487,0.011945182509695921,0.0009295586787863833,0.0026572577294742086,6.488008480210851e-05,0.0,0.0,oil_down_20pct
2023-11-08,diesel,68.88016783552158,7059.2355,-173.58928953177724,-209.7244769888468,-0.06772066701778258,0.5,-104.8622384944234,-104.8622384944234,-104.8622384944234,7855.983528201186,0.016506711809892032,0.011736445566483837,0.000588700491997059,0.001715555016687103,6.828633187568464e-05,0.04398435624824532,0.0,oil_down_20pct
2023-11-22,diesel,64.30035605397116,7030.785599999999,-285.2694849136858,-390.1317234081092,-0.05736923512518812,0.5,-195.0658617040546,-195.0658617040546,-195.0658617040546,7660.917666497132,0.036076031669440047,0.011105927632092182,0.00016605406870333952,0.0004951879087189674,7.910452328558138e-05,0.03254677456058047,0.0,oil_down_20pct
2023-12-06,diesel,62.74071078846045,6881.845499999999,-136.07926342280712,-331.1451251268617,-0.05320686674775421,0.5,-165.57256256343086,-165.57256256343086,-165.57256256343086,7495.3451039337015,0.022592815821987723,0.010233760836846012,0.0001605986264469102,0.00047745519199940796,9.537942739192271e-05,0.0034794187767932705,0.0,oil_down_20pct
2023-12-20,diesel,59.21817701544089,6803.8614,-196.3773172128804,-361.94987977631126,-0.041631068489093766,0.5,-180.97493988815563,-180.97493988815563,-180.97493988815563,7314.370164045546,0.026396378799342046,0.009463999362720252,3.196766675214991e-05,9.594818100224375e-05,0.00011100730942875926,0.0009489329090127828,0.0,oil_down_20pct
2024-01-04,diesel,61.645244326305004,6656.831999999999,120.8004435258139,-60.17449636234173,-0.0387764396105454,0.25,-15.043624090585432,0.0,-60.17449636234173,7314.370164045546,0.025435914571075566,0.008863233093256236,0.0003087251466517929,0.000893816134708091,0.00012402757713514309,0.1310077154700862,0.0,oil_down_20pct
2024-01-18,diesel,60.9842899571628,6599.807999999999,0.13272366778492137,-60.041772694556805,-0.048270144229278576,0.25,-15.010443173639201,0.0,-60.041772694556805,7314.370164045546,0.0030480673513191107,0.00890703850450573,0.000492968298351002,0.0014207560610450458,0.0001230537947405185,0.0,0.0,oil_down_20pct
2024-02-01,diesel,64.03004442197859,6580.962,146.66574555546254,86.62397286090572,-0.05144391413376117,0.5,43.31198643045286,0.0,86.62397286090572,7314.370164045546,0.006186498040481585,0.008948785599858573,0.0005635176668757878,0.001621631803118561,0.00012212933971789323,0.0,0.0,oil_down_20pct
2024-03-05,diesel,66.13339590912999,6634.007999999999,113.86931863276124,200.49329149366696,-0.042556729513372034,0.5,100.24664574683348,100.24664574683348,100.24664574683348,7414.616809792379,0.015146800856938293,0.009100660372637893,0.0007243591659451076,0.0020502533870940783,0.00011879560431258596,0.04019755993396451,0.0,oil_down_20pct
2024-04-02,diesel,67.87875252460155,6735.596399999999,98.50215308665994,198.74879883349342,-0.0408107329281754,0.5,99.37439941674671,99.37439941674671,99.37439941674671,7513.991209209126,0.008109842998554436,0.009592776755735357,0.0006705222990707207,0.0019003254898418691,0.00010831029565596229,3.043254641399335e-06,0.0,oil_down_20pct
2024-04-17,diesel,71.75586813211889,6793.610399999999,244.7811322765714,344.15553169331815,-0.04603799258331438,0.5,172.07776584665908,172.07776584665908,172.07776584665908,7686.068975055785,0.027639697386525545,0.010131719565009276,0.0011297769084455374,0.003148757080075472,9.738295874362072e-05,0.02114311796096843,0.0,oil_down_20pct
2024-04-30,diesel,69.82222643572644,6821.208,-91.95201004356983,80.12575580308925,-0.0667900018670864,0.5,40.062877901544624,0.0,80.12575580308925,7686.068975055785,0.025699342675855195,0.01070050953658416,0.0009655974483204853,0.0027586851518723175,8.648052287916217e-05,0.11844302999511051,0.0,oil_down_20pct
2024-05-16,diesel,65.60834088169712,6843.932999999999,-248.03358016232792,-167.90782435923867,-0.06304854168732889,0.5,-83.95391217961934,-83.95391217961934,-83.95391217961934,7602.115062876165,0.01063639538536892,0.010568653381462456,0.0005424408949232228,0.0015787146477048671,8.895029903899957e-05,0.028193037481052945,0.0,oil_down_20pct
2024-06-14,diesel,62.485898276493515,6792.754499999999,-181.90436495530497,-265.8582771349243,-0.05915056887101781,0.5,-132.92913856746216,-132.92913856746216,-132.92913856746216,7469.185924308703,0.015888997813993038,0.010110492714204004,0.00031711820197764183,0.0009340931999381331,9.78023543558121e-05,0.009594291198961824,0.0,oil_down_20pct
2024-06-28,diesel,67.23658226522741,6762.956399999999,270.628972004933,137.69983343747086,-0.04442615367277893,0.5,68.84991671873543,68.84991671873543,68.84991671873543,7538.035841027438,0.03187266657862452,0.00972472402214467,0.000644072559937358,0.0018337636744963175,0.00010558129642109082,0.16285914860876155,0.0,oil_down_20pct
2024-07-12,diesel,68.96485263192568,6727.013999999999,98.09798163792466,166.9478983566601,-0.06056193744021326,0.5,83.47394917833005,83.47394917833005,83.47394917833005,7621.509790205769,0.006065196742457749,0.010053917806995893,0.001167924125424159,0.0032907024856531114,9.89245509899934e-05,0.0008554493015171078,0.0,oil_down_20pct
2024-07-26,diesel,67.00317032517661,6721.0037999999995,-109.32579839504052,-25.851849216710477,-0.07398385375199001,0.0,-0.0,0.0,-25.851849216710477,7621.509790205769,0.0056564676517328345,0.010324451360361666,0.0011876673920747575,0.0033817980223395604,9.361624147800722e-05,0.027871600765705714,0.0,oil_down_20pct
2024-08-09,diesel,62.90775088931443,6687.1935,-264.50062558051167,-290.35247479722216,-0.07971725062326485,0.5,-145.17623739861108,-145.17623739861108,-145.17623739861108,7476.3335528071575,0.03151342681619995,0.010143812458481184,0.0007095156143677909,0.0020749614738404996,9.714443285359073e-05,0.08430455962087152,0.0,oil_down_20pct
2024-09-06,diesel,61.72895881097508,6566.400900000001,-112.1737759566318,-257.3500133552429,-0.07857403266485853,0.5,-128.67500667762144,-128.67500667762144,-128.67500667762144,7347.658546129536,0.013663071487975268,0.009500447730714628,0.0007355963636375201,0.002146230725034262,0.00011024059785545561,0.0010891624612293289,0.0,oil_down_20pct
2024-09-21,diesel,57.96384078553035,6492.7332,-227.4230854570336,-356.0980921346551,-0.07167418401383509,0.5,-178.04904606732754,-178.04904606732754,-178.04904606732754,7169.609500062209,0.02717016661849022,0.008876790479411598,0.00040009083299154133,0.0011839853930974528,0.00012372579003890846,0.009751183062624996,0.0,oil_down_20pct
2024-10-11,diesel,60.3059688764896,6370.5285,77.4692547876294,-100.57979127969814,-0.06543402012285301,0.5,-50.28989563984907,-50.28989563984907,-50.28989563984907,7119.31960442236,0.013427123746051272,0.008244026140841524,0.000706305786325078,0.002040992123331914,0.00013820292137721744,0.06528960207180427,0.0,oil_down_20pct
2024-10-24,diesel,59.7165232717827,6321.9042,-13.512557426037034,-63.802453065886105,-0.06613531923219582,0.25,-15.950613266471526,0.0,-63.802453065886105,7119.31960442236,0.005282123115737178,0.008137873945619791,0.0009464309164907265,0.0027047539599328752,0.00014071003453000578,0.010116294413867643,0.0,oil_down_20pct
2024-11-07,diesel,58.166028927219465,6296.589,-133.10952384652782,-196.91197691241393,-0.07066290406160528,0.5,-98.45598845620697,-98.45598845620697,-98.45598845620697,7020.863615966153,0.014602454842036072,0.008102659144449843,0.0006394614631983684,0.0018628141897001004,0.00014154671943314296,0.03877432665155504,0.0,oil_down_20pct
2025-01-03,diesel,58.33000534356553,6335.6616,45.679545379772065,-52.7764430764349,-0.04815003376540064,0.25,-13.194110769108725,0.0,-52.7764430764349,7020.863615966153,0.00903438889948068,0.007829182156670224,0.0004903853912348121,0.0014133929285347468,0.00014812880697551446,0.03877432665155504,0.0,oil_down_20pct
2025-01-17,diesel,62.91860244881415,6359.3892,284.35584933664427,231.57940626020937,-0.04401540071901136,0.5,115.78970313010468,115.78970313010468,115.78970313010468,7136.653319096257,0.020171449064353985,0.00805645618446475,0.0008493618238292307,0.0023923417013545964,0.0001426482388736103,0.0536290214038311,0.0,oil_down_20pct
2025-02-20,diesel,59.54480216549738,6427.908,-195.29377110903238,-79.5040679789277,-0.050260650758575935,0.25,-19.876016994731923,0.0,-79.5040679789277,7136.653319096257,0.01441500942058984,0.008559163412063331,0.0005366985032848829,0.0015453232281265822,0.00013089274183187037,0.0536290214038311,0.0,oil_down_20pct
2025-03-06,diesel,57.984295696444974,6416.9514,-112.20224891603034,-191.70631689495804,-0.0521563612116896,0.5,-95.85315844747902,-95.85315844747902,-95.85315844747902,7040.800160648778,0.01374808240119994,0.008507410680389925,0.0002786141836862251,0.000818235156489177,0.00013207960926921557,0.03675131193743007,0.0,oil_down_20pct
2025-03-20,diesel,56.029036966738595,6412.561199999999,-133.43389036950074,-229.28704881697976,-0.03797005300296829,0.5,-114.64352440848988,-114.64352440848988,-114.64352440848988,6926.156636240288,0.01080517576900629,0.008091915082396916,6.74437705188415e-05,0.0002003079942060305,0.00014180248640484607,0.001412311411794863,0.0,oil_down_20pct
2025-04-03,diesel,58.50018015017974,6312.4335,130.57465114200136,15.931126733511476,-0.037224491353498985,0.0,0.0,0.0,15.931126733511476,6926.156636240288,0.009313444203139135,0.007756317340927139,0.00028250020533105,0.0008185023318632824,0.0001499077650560815,0.05257255075520006,0.0,oil_down_20pct
2025-04-18,diesel,52.18724837122724,6262.848,-301.09954583602274,-285.1684191025113,-0.045911661314515094,0.5,-142.58420955125564,-142.58420955125564,-142.58420955125564,6783.572426689033,0.030243703994338556,0.0076837697820947345,9.433474219821015e-05,0.00028098362171906274,0.0001516895267804428,0.08132102725342552,0.0,oil_down_20pct
2025-05-20,diesel,50.99405179127956,6146.320499999999,-195.9933304100872,-338.57753996134284,-0.04368023058495468,0.5,-169.28876998067142,-169.28876998067142,-169.28876998067142,6614.283656708361,0.023461368256121797,0.007053393949471623,3.8494538119426156e-05,0.00011557091254091759,0.000167614608227578,0.0028525341909132764,0.0,oil_down_20pct
2025-06-04,diesel,51.611731207988264,6066.1512,-63.354554968778444,-232.64332494944986,-0.03035918140457171,0.5,-116.32166247472493,-116.32166247472493,-116.32166247472493,6497.961994233637,0.012788292914454961,0.006401371675004725,1.3941622414198077e-05,4.164463684877266e-05,0.0001849226923213638,0.01122205791018597,0.0,oil_down_20pct
2025-06-18,diesel,55.99871296707768,6014.7108,216.94428457752952,100.62262210280458,-0.020344876138290165,0.5,50.31131105140229,50.31131105140229,50.31131105140229,6548.273305285039,0.021122555830584998,0.0061752523633583425,0.00015983824052161002,0.00046145073483483715,0.00019112364721682911,0.11106619146463605,0.0,oil_down_20pct
2025-07-02,diesel,57.065829240067366,6053.6835,-2.2688765019146104,48.04243454948768,-0.02170063817922405,0.0,0.0,0.0,48.04243454948768,6548.273305285039,0.003640906374422093,0.006543004070477235,8.26130549637951e-05,0.00024117484073001109,0.00018109073944719227,0.010124912078843817,0.0,oil_down_20pct
2025-07-16,diesel,56.225596738781576,6084.288,-108.90324431784484,-60.86080976835716,-0.016259589500865087,0.25,-15.21520244208929,0.0,-60.86080976835716,6548.273305285039,0.0030116547653307587,0.0066958317268154145,4.026267140251768e-05,0.00011785556086552166,0.00017700089344121133,0.0,0.0,oil_down_20pct
2025-08-27,diesel,53.12185525383714,6099.3315,-166.73713666821172,-227.59794643656886,-0.013605083653026347,0.5,-113.79897321828443,-113.79897321828443,-113.79897321828443,6434.474332066755,0.019359931870620767,0.006699349361143219,2.071154497127204e-05,6.263926290945778e-05,0.00017690730741692128,0.05180082522214327,0.0002042245089989181,oil_down_20pct
2025-10-14,diesel,51.8361962168013,6067.0188,-126.76729422191426,-240.5662674401987,-0.0005660777030647611,0.5,-120.28313372009934,-120.28313372009934,-120.28313372009934,6314.191198346655,0.012982083049051693,0.006248330394181536,0.0001415435821628599,0.0004349086721562995,0.00018910841694759134,0.0001681773496531865,0.0029674765523077544,oil_down_20pct
2025-10-28,diesel,49.48651799294296,6047.416799999999,-179.80365075111695,-300.0867844712163,0.015886222635314976,0.5,-150.04339223560814,-150.04339223560814,-150.04339223560814,6164.147806111047,0.02461345340930826,0.005743474834501071,0.0005339050331642688,0.001686162786396173,0.00020324850979450428,0.0035426919476396553,0.013250212011625266,oil_down_20pct
2025-11-11,diesel,50.61171405442782,5966.775000000001,24.957419854234303,-125.08597238137384,0.026921359342182923,0.5,-62.54298619068692,-62.54298619068692,-62.54298619068692,6101.604819920361,0.013448783106621133,0.005244300473212729,0.0004628276401789431,0.0014366043836792344,0.00021773066852483008,0.030625284232104345,0.011192015161761763,oil_down_20pct
2025-11-25,diesel,49.786371173160944,5925.3732,-82.45518141577462,-144.99816760646155,0.03025814004080624,0.5,-72.49908380323077,-72.49908380323077,-72.49908380323077,6029.10573611713,0.01081054242557752,0.005101974210647524,0.0005858372002978394,0.0018313868705678376,0.00022195117242021148,0.0003964955186820059,0.014445581463477858,oil_down_20pct
2025-12-09,diesel,49.79053683164337,5877.603,-44.795208294898146,-117.29429209812892,0.034223720772374434,0.5,-58.64714604906446,-58.64714604906446,-58.64714604906446,5970.458590068065,0.009953643938446026,0.00493964979669948,0.0006322005439901872,0.0019755797672008375,0.00022681414824605404,0.0007675047181811925,0.01563038788969493,oil_down_20pct
2025-12-23,diesel,48.020117238976695,5865.5016000000005,-145.74632221028705,-204.3934682593515,0.04210605038995055,0.5,-102.19673412967575,-102.19673412967575,-102.19673412967575,5868.261855938389,0.022433811805922705,0.004779516868913935,0.0011073530744362876,0.003543776815288143,0.00023166310674367548,0.007586266487963684,0.028350003690357967,oil_down_20pct
2026-01-21,diesel,50.62085397193019,5781.1725,91.95479296920415,-10.241941160471598,0.044935693245896184,0.0,-0.0,0.0,-10.241941160471598,5868.261855938389,0.014544070569235007,0.004578263509769925,0.0006585101663810447,0.002039358648584463,0.00023782995637409385,0.04177668986708653,0.01615373221991424,oil_down_20pct
2026-02-04,diesel,52.97254659523012,5755.2741,139.97061247395996,129.72867131348835,0.0403679626764625,0.5,64.86433565674417,64.86433565674417,64.86433565674417,5933.126191595134,0.009343579543237763,0.004913809659574359,0.00029921388244273254,0.0009014334825874238,0.00022759313898755194,0.01682952816076309,0.0067733375901504024,oil_down_20pct
2026-02-25,diesel,55.02672667473641,5736.6846,105.53576759819953,170.4001032549437,0.025756947559024995,0.5,85.20005162747185,85.20005162747185,85.20005162747185,6018.326243222606,0.0065671293158036095,0.005542790388287163,5.914448678152272e-05,0.0001743103022073012,0.00020901090975700205,0.0016541653761684347,0.0009513791846219567,oil_down_20pct
2026-03-10,diesel,62.72292902595721,5972.836499999999,460.9366029392111,546.136654566683,0.05238389612328989,0.75,409.60249092501226,409.60249092501226,136.53416364167072,6427.928734147617,0.08702139881964428,0.006665800604382159,4.25517207753945e-05,0.0001166227949414618,0.00017780087352209522,0.4209477704887776,0.0,oil_down_20pct
2026-03-24,diesel,80.43060319636332,6109.7616,1211.8291976976222,1348.363361339293,0.007924787417627307,0.75,1011.2725210044698,1011.2725210044698,337.09084033482327,7439.2012551520875,0.3403128318898627,0.00983686265196773,0.005943637636736333,0.014091425775998149,0.00010328936075496841,1.4480273003832613,0.0,oil_down_20pct
2026-04-08,diesel,92.97091123870412,6201.044999999999,642.7006196069397,979.7914599417629,-0.13966896791622832,0.75,734.8435949563222,734.8435949563222,244.94786498544067,8174.04485010841,0.10382978084894567,0.014658778337167729,0.013719428795709447,0.03289643683268772,2.852864885150874e-05,0.30565180462452896,0.0,oil_down_20pct
2026-04-22,diesel,85.37022142654399,6201.044999999999,-493.9458017473878,-248.99793676194713,-0.2581721548720273,0.5,-124.49896838097357,-124.49896838097357,-124.49896838097357,8049.545881727437,0.520948163126031,0.01682722918844339,0.010672984995427489,0.028777863020481728,1.0066474622665602e-05,2.9538785646524572,0.0,oil_down_20pct
2026-05-09,diesel,91.55876530298055,6201.044999999999,295.46337094075017,170.9644025597766,-0.23809506006285025,0.5,85.4822012798883,85.4822012798883,85.4822012798883,8135.028083007325,0.03926173158423612,0.016194877434995616,0.012088097716960662,0.03158982555684076,1.4478957734705547e-05,0.17636836644857462,0.0,oil_down_20pct
2016-04-27,diesel,44.27984852859093,5098.645942004102,186.8982852477475,186.8982852477475,0.044043987576058236,0.5,93.44914262387375,93.44914262387375,93.44914262387375,5273.449142623874,0.01535063158619128,0.022527093485166006,0.00024183622806983192,0.0007210410203222655,6.386201482768469e-06,0.0349309690285484,0.005290402541865413,high_volatility
2016-05-12,diesel,48.90388120023525,5179.6713782569495,137.0380873578344,230.48722998170814,0.04189503589733882,0.5,115.24361499085407,115.24361499085407,115.24361499085407,5388.692757614728,0.012345578084785534,0.022568106007333312,0.000152416080251166,0.0004499114335338943,6.595168464901443e-06,0.0018999961030202743,0.0030876666627352883,high_volatility
2016-05-26,diesel,48.37716654126908,5047.465064107554,198.68418755461187,313.92780254546597,-0.007603775196709795,0.5,156.96390127273298,156.96390127273298,156.96390127273298,5545.656658887461,0.020991197316136877,0.02276402641893811,0.000316385645618435,0.0008901006359599147,7.639842044587827e-06,0.006962329149767734,0.0,high_volatility
2016-06-09,diesel,50.4430196456952,5180.120187556535,80.74278933796131,237.7066906106943,-0.010565249086112305,0.5,118.85334530534715,118.85334530534715,118.85334530534715,5664.510004192808,0.012361171401702415,0.023073497502728822,0.000229062756389361,0.0006509183274304963,9.446386899280304e-06,0.005809657904572992,0.0,high_volatility
2016-07-22,diesel,42.08050392986808,5163.198364893236,-144.7849969218489,-25.93165161650174,-0.03709323637615797,0.0,-0.0,0.0,-25.93165161650174,5664.510004192808,0.010291351309298176,0.022996679295508478,0.00028033319615255087,0.0008122751963597367,8.980086800129185e-06,0.05650447076108834,0.0,high_volatility
2016-08-05,diesel,37.27772765651498,5154.550309455444,-162.96738894625523,-188.89904056275697,-0.03893388639585096,0.5,-94.44952028137848,-94.44952028137848,-94.44952028137848,5570.060483911429,0.013266391148531918,0.022240019682518975,7.173196763513038e-05,0.00021307436156208341,5.017688178072408e-06,0.0356828475255301,0.0,high_volatility
2016-08-19,diesel,43.840270996233,5301.404445814179,98.31983426312019,3.8703139817417025,0.009323610216275395,0.0,0.0,0.0,3.8703139817417025,5570.060483911429,0.00643811349900535,0.02122964968842485,4.6397184480343385e-05,0.00013848210209322417,1.5120383562433336e-06,0.0356828475255301,0.0006954376597202793,high_volatility
2016-09-02,diesel,41.622230382298774,5094.147224808346,161.09039493176766,164.96070891350936,-0.033423538445335764,0.5,82.48035445675468,82.48035445675468,82.48035445675468,5652.540838368184,0.010248294894127218,0.020813490434359566,0.0005300516266930201,0.0015043773221036145,6.617666867945149e-07,0.027212035485247567,0.0,high_volatility
2016-09-19,diesel,47.13145291319545,5306.260228238977,-88.58885831659755,-6.10850385984287,-0.005258882006269195,0.0,-0.0,0.0,-6.10850385984287,5652.540838368184,0.004688350809807725,0.02067377585274436,5.403110902806147e-07,1.5902574553856564e-06,4.5397389974138845e-07,0.027212035485247567,0.0,high_volatility
2016-10-20,diesel,32.13917318080084,4718.76600445423,194.3228490729956,188.21434521315274,-0.13788538635578174,0.5,94.10717260657637,94.10717260657637,94.10717260657637,5746.648010974761,0.01456778732122338,0.020298791120566772,0.005235695553882343,0.014129211316101606,8.927613372954697e-08,0.035424639744015836,0.0,high_volatility
2016-11-17,diesel,43.21849443599654,5370.388717947784,-372.5854703018234,-278.4782976952471,-0.010061835890858685,0.5,-139.23914884762354,-139.23914884762354,-139.23914884762354,5607.408862127138,0.05370476491149975,0.020032091072795834,0.00010209593507878496,0.00031438469942549215,1.029836953187473e-09,0.2178020229448272,0.0020136785328029624,high_volatility
2016-12-01,diesel,53.504252586415355,5701.172326263414,148.62457465169555,9.385425804072014,0.07644634800887178,0.0,0.0,0.0,9.385425804072014,5607.408862127138,0.030632986781930757,0.01893259351702374,0.001837324924470848,0.005886166037272562,1.1393565998997479e-06,0.07755016228724265,0.038266882699012204,high_volatility
2016-12-15,diesel,44.881247794793126,5245.1244410672225,360.346012286886,369.731438090958,-0.00907070082520303,0.5,184.865719045479,184.865719045479,184.865719045479,5792.274581172616,0.050858870253561915,0.018772890958087055,0.0004248624235672013,0.0011876329973550858,1.5057966007445079e-06,0.13670133631280795,0.0,high_volatility
2016-12-29,diesel,53.84293503168431,5492.504527657629,71.11065522654042,255.97637427201943,0.005421974255007408,0.5,127.98818713600971,127.98818713600971,127.98818713600971,5920.262768308626,0.015334678801963474,0.019373347543307863,5.2468017690931897e-05,0.0001501421967709877,3.926933014782911e-07,0.012940214544450794,0.0,high_volatility
2017-01-13,diesel,45.28896455897974,5367.67194512069,81.53861298652383,209.52680012253353,-0.04294795003078583,0.5,104.76340006126676,104.76340006126676,104.76340006126676,6025.026168369893,0.009387058972700096,0.019632078985317512,0.0008571678390576268,0.002411199037257249,1.3536587304499162e-07,0.0021575629386685886,0.0,high_volatility
2017-01-26,diesel,53.142181090615225,5728.930018515989,1.9633534746886865,106.72675353595545,0.008315628067210505,0.5,53.363376767977726,53.363376767977726,53.363376767977726,6078.38954513787,0.004087788886928598,0.019694031958280237,2.1481901581248612e-06,6.289441063845852e-06,9.36164425538268e-08,0.010567849578202622,0.0,high_volatility
2017-02-15,diesel,57.575124676247746,5937.159091552072,-20.564744876833064,32.798631891144666,0.03621245255382264,0.0,0.0,0.0,32.798631891144666,6078.38954513787,0.007527797955264857,0.019455012276505937,0.0004404791806390141,0.0013516764448936354,2.970116187592418e-07,0.01139059992032458,0.010490733759702846,high_volatility
2017-03-15,diesel,45.941025036316205,5643.568316805582,-135.77323603692614,-102.97460414578147,-0.01704721621557497,0.5,-51.487302072890735,-51.487302072890735,-51.487302072890735,6026.902243064979,0.003937430890377734,0.018931858261056728,4.381103341217884e-06,1.2987423916940807e-05,1.1409267744727586e-06,0.010603769098980394,0.0,high_volatility
2017-03-29,diesel,68.03651481872654,6525.079295712706,-104.96560899634065,-156.4529110692314,0.13634804575862455,0.25,-39.11322776730785,0.0,-156.4529110692314,6026.902243064979,0.1250825765255138,0.018286336352187557,0.005935657048320962,0.020351559042668284,2.9366430978338496e-06,0.010603769098980394,0.23281584319063553,high_volatility
2017-04-13,diesel,56.44882451544071,5939.514123983183,202.97362592088678,46.520714851655384,0.04528699195630644,0.0,0.0,0.0,46.520714851655384,6026.902243064979,0.009104994582277152,0.017887371733881628,0.0006682464425481995,0.0020702796460624713,4.46319819080232e-06,0.0,0.016407293123604515,high_volatility
2017-05-12,diesel,46.625163732078335,5730.686594234349,-321.9120414838745,-275.3913266322191,0.00831061794084977,0.5,-137.69566331610955,-137.69566331610955,-137.69566331610955,5889.206579748869,0.03191481762864718,0.01732030175503837,0.00034993001447907146,0.0010944825070704277,7.180782684050451e-06,0.07584038278425359,0.008366174639457182,high_volatility
2017-05-26,diesel,50.85876808010398,5750.940203662247,124.26522002243992,-13.430443293669626,0.03595760498456001,0.0,-0.0,0.0,-13.430443293669626,5889.206579748869,0.017780873703615068,0.016383523119937227,0.00043478969214174896,0.0013338616435747764,1.307890502402857e-05,0.07584038278425359,0.010343594849805238,high_volatility
2017-06-10,diesel,51.45179887230428,5806.113209721694,-280.86248047446713,-294.29292376813675,0.045688641088147595,0.5,-147.14646188406837,-147.14646188406837,-147.14646188406837,5742.060117864801,0.04707978412273906,0.01586962225249965,0.0015500357793140447,0.00506304421714238,1.7060020337046072e-05,0.08660832497999836,0.033059682613562485,high_volatility
2017-06-24,diesel,56.47977253364356,6100.963475566197,-215.81524281542949,-362.9617046994979,0.11882732442814509,0.25,-90.74042617487447,-90.74042617487447,-272.2212785246234,5651.319691689927,0.1589816329472516,0.014817165131398132,0.005608543547351068,0.01947821796388857,2.6861777275195344e-05,0.012726563457707429,0.21891149717353506,high_volatility
2017-07-22,diesel,56.46675559868029,5921.965471074097,52.83370210776897,-219.38757641685444,0.10570201915329334,0.25,-54.84689410421361,-54.84689410421361,-164.54068231264083,5596.472797585713,0.08267017059934434,0.01409844243546525,0.004133734183297772,0.013961862265903485,3.482838168751734e-05,0.005153382578030238,0.13453499221248438,high_volatility
2017-08-05,diesel,54.32673578896299,5704.501938951249,108.04492472022142,-56.49575759241941,0.07893752382270143,0.0,-0.0,0.0,-56.49575759241941,5596.472797585713,0.023294991690093376,0.013648516371297091,0.0019577073853053913,0.006288977909024378,4.034134428568107e-05,0.012032727171515286,0.041352043298738456,high_volatility
2017-09-16,diesel,45.71156377819336,5398.623033866498,24.777595829780875,-31.718161762638534,0.023351809808155013,0.0,-0.0,0.0,-31.718161762638534,5596.472797585713,0.002780022104979712,0.013467472286554804,0.00020063198307969924,0.0006074952120250135,4.267391832692953e-05,0.0,0.004362456170529957,high_volatility
2017-09-30,diesel,80.01338638421348,6421.375504572266,235.84408436136044,204.1259225987219,0.18846199484817414,0.75,153.09444194904142,153.09444194904142,51.031480649680475,5749.567239534755,0.20114259030409884,0.01351866090684908,0.009059672829583067,0.03127415900373533,4.200775644040639e-05,0.09375163262275366,0.41189156999699317,high_volatility
2017-11-03,diesel,63.855823404463116,6020.43024919925,84.80295544939814,135.83443609907863,0.10499063994645941,0.75,101.87582707430897,101.87582707430897,33.95860902476966,5851.443066609064,0.028123190517139924,0.014186929244658905,0.0024775600597790235,0.007899578660485648,3.379179160660189e-05,0.010493386038744659,0.056375317187981805,high_volatility
2017-11-17,diesel,62.698759422729786,5954.280964996219,137.42442035240978,171.38302937717944,0.07727125390819055,0.75,128.53727203288457,128.53727203288457,42.84575734429487,5979.980338641948,0.013106774681714855,0.014612545831425905,0.001012261123841431,0.003102760902737527,2.90246624184864e-05,0.002843330589116625,0.024805558555301005,high_volatility
2017-12-29,diesel,64.81736134127355,6111.716601617642,48.07837466468605,90.92413200898092,0.08155470738627275,0.75,68.1930990067357,68.1930990067357,22.731033002245226,6048.173437648684,0.017631227432833636,0.015040208063869211,0.001579784095485409,0.004971120605944474,2.4599536049708002e-05,0.014565676872839177,0.03258337421541223,high_volatility
2018-01-13,diesel,66.32838623347503,6159.095452388941,120.70789242170557,143.4389254239508,0.07800946512319995,0.75,107.5791940679631,107.5791940679631,35.85973135598769,6155.752631716647,0.015044843501210577,0.015230338254103661,0.001184760310873444,0.003665459707453401,2.2749673170266914e-05,0.006205057936688168,0.02881031003959805,high_volatility
2018-01-27,diesel,74.36716205915364,6409.570168510385,10.882954081806416,46.74268543779411,0.09959977504275097,0.0,0.0,0.0,46.74268543779411,6155.752631716647,0.04722724561476844,0.015429013870687758,0.0031177559092630423,0.01024803439653888,2.0893914194364915e-05,0.04629313198524986,0.0836849764202768,high_volatility
2018-02-10,diesel,73.85969826590535,6522.713996705067,-149.27532099489528,-102.53263555710117,0.11625899973136808,0.25,-25.633158889275293,0.0,-102.53263555710117,6155.752631716647,0.07077894576293733,0.015164308288372327,0.004271155692151214,0.014307210828878633,2.3383914329904574e-05,0.0,0.13957762677709223,high_volatility
2018-03-01,diesel,58.60397049247869,6076.626547452689,-44.1614618273419,-146.69409738444307,0.04697861656528377,0.5,-73.34704869222153,-73.34704869222153,-73.34704869222153,6082.405583024425,0.020520703224858508,0.014814592679872271,0.0010959081457248918,0.003486887932319358,2.688844907563424e-05,0.021519158207436464,0.02789424975229259,high_volatility
2018-03-29,diesel,64.20456816893989,6172.369509426045,30.955829339168684,-42.39121935305285,0.07457526583012125,0.0,-0.0,0.0,-42.39121935305285,6082.405583024425,0.021499743908734825,0.014274600786708183,0.0017495999138556532,0.005593670697373611,3.2780196151562564e-05,0.021519158207436464,0.0362353430906545,high_volatility
2018-04-13,diesel,69.067097063313,6266.936969842364,76.98998240229358,34.59876304924073,0.08944522782117298,0.0,0.0,0.0,34.59876304924073,6082.405583024425,0.027592325439588016,0.014064138429927646,0.0025111652466409395,0.008161054237441574,3.5234452579061835e-05,0.0,0.05914575045042715,high_volatility
2018-04-27,diesel,69.8531048025274,6184.609525706355,252.48461873824394,287.08338178748465,0.07652552877544153,0.75,215.3125363406135,215.3125363406135,71.77084544687116,6297.718119365039,0.042130299380926134,0.014153076235303909,0.0005928897405170178,0.0017673405559595564,3.418651751016792e-05,0.185437953221712,0.013918646846823089,high_volatility
2018-05-12,diesel,81.67271090563557,6541.078003789666,97.08922161277006,168.8600670596412,0.09720485893665132,0.75,126.64505029473091,126.64505029473091,42.2150167649103,6424.3631696597695,0.02486003240018353,0.015016417960469309,0.0019426233515825832,0.006110163318512493,2.4836089944732886e-05,0.031447692326787124,0.039943497045329214,high_volatility
2018-05-26,diesel,75.34782619397994,6359.018294517921,150.84541097881097,193.06042774372128,0.04972406240784344,0.5,96.53021387186064,96.53021387186064,96.53021387186064,6520.89338353163,0.012374025913549497,0.0154073206516881,0.000409995000044545,0.0012373463189417307,2.1092703596410623e-05,0.003627613491104935,0.00954631050143238,high_volatility
2018-06-09,diesel,69.80747275331963,6459.986820656641,-190.5619090637995,-94.03169519193887,0.05057172025796827,0.5,-47.01584759596943,0.0,-94.03169519193887,6520.89338353163,0.022649949198617406,0.015527190472236139,0.0008237610605459939,0.0025664135570664,2.000602507165518e-05,0.03727232876058863,0.020459991118801587,high_volatility
2018-06-26,diesel,69.51055597055895,6520.604725317445,20.258538127015264,-73.7731570649236,0.059955731373646313,0.25,-18.4432892662309,0.0,-73.7731570649236,6520.89338353163,0.01727552326293771,0.015257871796380846,0.0011423009433976206,0.003594689959530278,2.248777989956023e-05,0.0,0.028757517796390696,high_volatility
2018-07-10,diesel,78.5953502188797,6699.328236237792,196.98913311574495,123.21597605082135,0.08663473805343316,0.75,92.41198203811601,92.41198203811601,30.803994012705346,6613.305365569746,0.022234049830141156,0.01511711016462819,0.0016939898641716833,0.005330101704792031,2.384261314437734e-05,0.03415989769685231,0.03457076505774523,high_volatility
2018-07-24,diesel,89.0421730469079,7097.319503771328,-66.48093827959525,-35.676944266889905,0.12819675201946165,0.0,-0.0,0.0,-35.676944266889905,6613.305365569746,0.09228594710183338,0.015228817171072832,0.0052231940831001375,0.017739025021431175,2.2764185587049462e-05,0.03415989769685231,0.19157789451013812,high_volatility
2018-08-07,diesel,77.9984918439562,6846.447151024594,32.46386034708043,-3.2130839198094776,0.09405295919358088,0.0,-0.0,0.0,-3.2130839198094776,6613.305365569746,0.031202984998747216,0.014973518372931328,0.0027775485368421128,0.00907321845255999,2.5265517547258928e-05,0.0,0.06938614104438885,high_volatility
2018-08-21,diesel,65.03190799146722,6603.609555444777,-145.22984374877285,-148.44292766858234,0.058531740854215863,0.5,-74.22146383429117,-74.22146383429117,-74.22146383429117,6539.083901735455,0.02269850561117996,0.014638428285944092,0.0015176279469573232,0.004881494124805283,2.8746451244964418e-05,0.022035302774819965,0.03214172029262832,high_volatility
2018-09-04,diesel,75.27144876973067,6881.048966428356,255.45486535261716,181.233401518326,0.10969664746774803,0.75,135.9250511387445,135.9250511387445,45.3083503795815,6675.008952874199,0.05898354687210065,0.01429438426779957,0.0025920280315491376,0.008256880086534078,3.2554050883533064e-05,0.1766462310212492,0.06018064654188996,high_volatility
2018-09-18,diesel,62.482021718568504,6525.574435269555,59.73190214449963,105.04025252408113,0.037100174231868746,0.5,52.52012626204056,52.52012626204056,52.52012626204056,6727.5290791362395,0.010015334436959508,0.014677955309226607,0.00029743115042846923,0.000898851907639109,2.8324159690589262e-05,0.02782552597475451,0.006752066557957783,high_volatility
2018-10-01,diesel,54.57114349409137,6344.847963884207,232.99098649001186,285.51111275205244,-0.0003136777162050771,0.5,142.75555637602622,142.75555637602622,142.75555637602622,6870.284635512266,0.021910872006732647,0.014822932812338924,9.505318846611966e-05,0.0002715774599517684,2.6802024665556966e-05,0.03256973139142396,0.0,high_volatility
2018-10-20,diesel,68.48704766661928,6745.51370741524,77.61775774637509,220.37331412240133,0.04150312437140748,0.5,110.18665706120066,110.18665706120066,110.18665706120066,6980.471292573467,0.012727258065039923,0.01525954078835441,0.00023238487642426704,0.0006938339271683071,2.2471953537275535e-05,0.004242932810316979,0.0050675540401248454,high_volatility
2018-11-03,diesel,85.38701508020864,7391.915358918194,-372.15647491841145,-261.9698178572108,0.11566136060369377,0.25,-65.4924544643027,-65.4924544643027,-196.4773633929081,6914.978838109164,0.12986349037715866,0.015335468165311665,0.004872496097313717,0.016633649971158793,2.1757857236820928e-05,0.12345260090556096,0.17450526065451907,high_volatility
2018-11-17,diesel,58.119462775648856,6792.129088412624,-487.0920308589638,-683.5693942518719,0.041912924784347536,0.75,-512.677045688904,-512.677045688904,-170.89234856296798,6402.3017924202595,0.2246234013954238,0.014229308795849905,0.0040340496409849835,0.014614057502472924,3.3300876973655285e-05,0.7998962345148548,0.14409239808209923,high_volatility
2018-12-01,diesel,63.282548476838336,6965.558226589553,-408.0093326063626,-578.9016811693306,0.14086307168019657,0.5,-289.4508405846653,-289.4508405846653,-289.4508405846653,6112.850951835594,0.3466595956635617,0.011758667314684187,0.010482764024887844,0.0397979372375034,6.791956443005475e-05,0.1993197545809585,0.5533128431361385,high_volatility
2018-12-15,diesel,55.73970003692235,6569.504856589237,-54.99841013115197,-344.44925071581724,0.12951116023540463,0.25,-86.11231267895431,-86.11231267895431,-258.33693803686293,6026.73863915664,0.2008466435398939,0.010397136370996644,0.0064273001250624035,0.02251791075606882,9.22149898772355e-05,0.16538622772344638,0.2677067309362726,high_volatility
2018-12-29,diesel,37.632402806946104,5995.102776982077,-371.0701585853618,-629.4070966222248,0.0547230492367825,0.75,-472.0553224666686,-472.0553224666686,-157.3517741555562,5554.683316689971,0.21875032211462692,0.009368677011121736,0.005232910803855867,0.019401133376923292,0.00011302502849385147,0.5958080272159989,0.21768948367137592,high_volatility
2019-01-15,diesel,47.117487260320225,6139.996253730688,43.866337048210355,-113.48543710734585,0.15532789807242617,0.25,-28.37135927683646,0.0,-113.48543710734585,5554.683316689971,0.3171029891499478,0.007389302620323001,0.007798499795215674,0.02734818696683648,0.00015902968840179231,0.8913449098764419,0.3468592852817398,high_volatility
2019-01-29,diesel,63.457585851175985,6478.560311444257,131.88408220869573,18.398645101349885,0.20260529351286186,0.0,0.0,0.0,18.398645101349885,5554.683316689971,0.32874726074619565,0.007502364647055799,0.013776248810363555,0.05122254049093474,0.00015619088941516075,0.0,0.7405694408261319,high_volatility
2019-02-15,diesel,59.64554959102847,6229.346534290859,105.62131575300927,124.01996085435916,0.16830401132559422,0.75,93.01497064076936,93.01497064076936,31.004990213589792,5647.698287330741,0.15520621256349404,0.0077470649898102725,0.007720190311691652,0.02656526682566018,0.00015013441636393311,0.03460713905321274,0.333943349616338,high_volatility
2019-03-01,diesel,72.10629130226454,6596.4040234237,199.7552705311291,230.7602607447189,0.20382165384717554,0.75,173.07019555853918,173.07019555853918,57.69006518617971,5820.76848288928,0.23471548073151627,0.008521394038194902,0.01068242826282545,0.037346767021321545,0.00013175839482638756,0.02563535614653886,0.5127148504762595,high_volatility
2019-03-29,diesel,59.45055507047455,6205.485872062938,89.61143796413363,147.30150315031335,0.12199633632326105,0.75,110.47612736273501,110.47612736273501,36.82537578757834,5931.244610252014,0.04733597184181351,0.009518737485551657,0.0034807124425158087,0.011286239441018095,0.00010985686389678,0.01567206949320393,0.09715685274291372,high_volatility
2019-04-13,diesel,72.90189382414293,6585.234936729142,170.39443610666,207.21981189423835,0.15931161648151645,0.75,155.41485892067877,155.41485892067877,51.80495297355958,6086.659469172693,0.105753034847555,0.010230528998394259,0.006032150420432834,0.02013924969540163,9.544256365121549e-05,0.00807795837614772,0.22942604301903916,high_volatility
2019-04-27,diesel,65.5232947578909,6366.422680125855,42.33833858593375,94.14329155949332,0.10394354962112436,0.75,70.60746866961999,70.60746866961999,23.53582288987333,6157.266937842313,0.03532729304849013,0.010973832393123531,0.0027381634566091668,0.008830158971478513,8.147170166742609e-05,0.02876917376478152,0.06657606276658591,high_volatility
2019-05-14,diesel,68.5890835528031,6591.586500219465,-30.97053185307653,-7.4347089632031995,0.12588998905842946,0.0,-0.0,0.0,-7.4347089632031995,6157.266937842313,0.08409190477114713,0.011214585301640295,0.005030850343202937,0.0170400959675637,7.718351142215474e-05,0.019941658527725475,0.18075217303419827,high_volatility
2019-05-28,diesel,72.70048547150635,6758.9378748111285,49.401161107048246,41.966452143845046,0.1490185629921371,0.0,0.0,0.0,41.966452143845046,6157.266937842313,0.13758564021107458,0.011147906060626782,0.00714693508453929,0.02487471784747924,7.835956711148806e-05,0.0,0.3061506595014773,high_volatility
2019-06-12,diesel,49.11701170121598,6276.8162957911545,-430.3680415244445,-388.40158938059943,0.07904617760264933,0.25,-97.10039734514986,-97.10039734514986,-291.30119203544956,6060.166540497164,0.10603646417240056,0.010955385326897299,0.0027608834681217367,0.0091680246267793,8.180505458490469e-05,0.03771394865834394,0.07049707717208137,high_volatility
2019-06-26,diesel,68.40399440505065,6932.561828034542,-110.26217812134138,-401.56337015679094,0.185840246243388,0.25,-100.39084253919773,-100.39084253919773,-301.17252761759323,5959.775697957966,0.3909949496461297,0.010362845340249865,0.013217984872647567,0.04982953110256536,9.287474993594374e-05,4.330811830013108e-05,0.7179524127389637,high_volatility
2019-07-10,diesel,51.282958949992754,6210.545496183904,54.405684406642884,-246.76684321095036,0.10037806314759712,0.25,-61.69171080273759,-61.69171080273759,-185.07513240821277,5898.083987155229,0.08096584102218568,0.009828660995161555,0.0037966429695641657,0.012763753248988546,0.00010345613715134793,0.005990491188623588,0.11739344725645912,high_volatility
2019-08-07,diesel,57.65644399057502,6392.264406775117,-160.10481861633107,-345.1799510245438,0.13730913306654055,0.25,-86.29498775613595,-86.29498775613595,-258.8849632684079,5811.788999399093,0.19519073575445095,0.00944320767934547,0.007221296404233172,0.025561280000761112,0.00011144586410143045,0.0024212849473824924,0.31741987419744716,high_volatility
2019-08-21,diesel,82.78952437170052,7279.096229400972,-155.9961044923232,-414.88106776073107,0.26157821572344164,0.25,-103.72026694018277,-103.72026694018277,-311.1608008205483,5708.06873245891,0.8128882248387999,0.008940321859082284,0.02691056610772627,0.11237865249386739,0.00012231648058069316,0.001214561418567901,1.6591494282558341,high_volatility
2019-09-04,diesel,60.535029791028265,6453.9449505942985,118.24820910993158,-192.9125917106167,0.17556903937749052,0.25,-48.22814792765418,0.0,-192.9125917106167,5708.06873245891,0.25748217126886175,0.008524940956006925,0.010114746566753667,0.03635524109550323,0.00013167698006312728,0.04303157509657109,0.4962671001922584,high_volatility
2019-09-19,diesel,67.07251830061627,6534.008237645391,69.49770464366257,-123.41488706695414,0.18640625403988148,0.25,-30.853721766738534,0.0,-123.41488706695414,5708.06873245891,0.2731502155051884,0.00858464193960582,0.011501954215392556,0.041900796097767645,0.00013031039964700637,0.0,0.5880489371138264,high_volatility
2019-10-22,diesel,59.83768129079714,6468.930640526808,-259.92132079894213,-383.33620786589626,0.17761788004051574,0.25,-95.83405196647406,-95.83405196647406,-287.5021558994222,5612.2346804924355,0.35751585769677385,0.008504227822718913,0.012112579425071723,0.04521913860064207,0.00013215277795194995,0.03673666206525141,0.6426418481114738,high_volatility
2019-11-05,diesel,53.88379923186702,6253.866980700473,30.132695676301527,-257.36946022312065,0.1625976891078951,0.25,-64.34236505578016,-64.34236505578016,-193.0270951673405,5547.892315436656,0.2413231726356179,0.008042564358018624,0.00967523362461951,0.03506292486604931,0.00014298026713212658,0.003966905377924678,0.4748145200906286,high_volatility
2019-11-19,diesel,46.42538094422842,5993.044300166924,24.82843154197557,-168.19866362536493,0.13427810682425115,0.25,-42.04966590634123,0.0,-168.19866362536493,5547.892315436656,0.1243492863815538,0.007832275475953483,0.0057498527219631244,0.019666706811921883,0.00014805352009308306,0.01655975976388512,0.22190330036882008,high_volatility
2019-12-03,diesel,65.10124301374009,6607.9752642579015,102.80763928392115,-65.39102434144378,0.2204247755821914,0.0,-0.0,0.0,-65.39102434144378,5547.892315436656,0.41555495977544804,0.007924523223250908,0.016569246172988782,0.06304041379820263,0.00014581713938580665,0.0,0.9295638017208766,high_volatility
2019-12-31,diesel,50.86072968294762,6085.765555547212,259.58536866849255,194.19434432704878,0.14838218219239185,0.75,145.64575824528657,145.64575824528657,48.54858608176221,5693.5380736819425,0.09416272803989688,0.008227140874846156,0.005041803846015821,0.016612615980398253,0.00013860021198071814,0.08485074757937786,0.17418300729678193,high_volatility
2020-02-05,diesel,55.32526214187174,6467.339891101517,-363.49260299188364,-314.94401691012143,0.17964761871944565,0.25,-78.73600422753036,-78.73600422753036,-236.20801268259106,5614.802069454412,0.36171560563738353,0.008857874839651662,0.012065891072492535,0.044875149980943704,0.00012414695308886749,0.20138870132163056,0.6369965922895304,high_volatility
2020-02-19,diesel,48.71778244487671,6294.768039565127,-144.70236353943895,-380.91037622203,0.16802081440282754,0.25,-95.2275940555075,-95.2275940555075,-285.6827821665225,5519.574475398905,0.3138273504055096,0.008410214798022394,0.010886090238247586,0.04017797482921504,0.0001343231210279791,0.0010878901402169557,0.5595975370422629,high_volatility
2020-03-18,diesel,36.15276232024391,6183.090291160199,-69.35854924938957,-355.04133141591205,0.1673113579968103,0.25,-88.76033285397801,-88.76033285397801,-266.28099856193404,5430.814142544927,0.29948570506486644,0.007910852362304733,0.010707310433763929,0.03941017384744731,0.00014614749060599307,0.00016730186979523423,0.5468974470032901,high_volatility
2020-06-29,diesel,32.21333590703158,5153.961245138171,128.91897004584382,-137.36202851609022,0.0062834731891094776,0.5,-68.68101425804511,-68.68101425804511,-68.68101425804511,5362.133128286881,0.005470766183681749,0.007485482735278185,0.00014680803410459814,0.00044848279554157776,0.0001566131423690204,0.0016127161411079074,0.0030762105228128705,high_volatility
2020-07-11,diesel,33.49986961332695,4899.7462178331225,77.0888046476881,8.407790389642983,-0.03436956321755088,0.0,0.0,0.0,8.407790389642983,5362.133128286881,0.0033871791211703512,0.007271200258751479,0.0002371695589951566,0.00068811240882046,0.00016202234285280843,0.018868326878055185,0.0,high_volatility
2020-08-22,diesel,32.73325121427295,4794.6030039382385,27.777060864450707,36.18485125409369,-0.05836853309491511,0.0,0.0,0.0,36.18485125409369,5362.133128286881,0.001285763438144912,0.007389811644828718,0.000732612405537843,0.002101339009854142,0.00015901685035289741,0.0,0.0,high_volatility
2020-09-19,diesel,37.21909934039672,5258.603591484302,-79.68271526134389,-43.4978640072502,0.04031235193878606,0.0,-0.0,0.0,-43.4978640072502,5362.133128286881,0.007390086595872968,0.007502849753666397,0.0005372954480869591,0.0016558772579150153,0.00015617876427943602,0.0,0.013000685750692385,high_volatility
2020-10-23,diesel,39.464732195964274,5290.848882415174,-52.232477812050924,-95.73034181930112,0.04652687924831314,0.5,-47.86517090965056,0.0,-95.73034181930112,5362.133128286881,0.01514503445051056,0.007610576460791109,0.0007032071357455244,0.0021814495986880013,0.00015349781563390338,0.0,0.017318003940696897,high_volatility
2020-11-06,diesel,34.36561651722067,5122.142788343446,-80.21002543823613,-175.94036725753725,0.013146495546827458,0.5,-87.97018362876862,-87.97018362876862,-87.97018362876862,5274.162944658113,0.014831341149421069,0.007579067122015385,0.0003134662424898375,0.0009719703610706329,0.00015427957355939917,0.03095501283071709,0.00735489670362113,high_volatility
2020-11-20,diesel,38.59591294060399,5131.037881043696,-52.46877240438234,-140.43895603315096,0.032106020861162814,0.5,-70.21947801657548,-70.21947801657548,-70.21947801657548,5203.943466641537,0.011731341014735809,0.007155538360164079,0.0006732680019539543,0.002115109482583963,0.00016498019481721649,0.0012603501989229809,0.016774715594129096,high_volatility
2020-12-04,diesel,50.47504663633572,5434.765427854623,226.12563035948187,155.9061523429064,0.1024713751268936,0.75,116.92961425717981,116.92961425717981,38.9765380857266,5320.8730808987175,0.04517584773842761,0.007123489800032452,0.002104529273765931,0.006626745221546961,0.0001658045149298683,0.14009913095556228,0.04417076635733218,high_volatility
2020-12-18,diesel,39.430077702227486,5002.336867809158,127.91496542450761,166.8915035102342,-0.003677481446599612,0.5,83.4457517551171,83.4457517551171,83.4457517551171,5404.318832653835,0.00638878680804545,0.007950873736689675,7.191238019283221e-05,0.00020683086116885758,0.00014518144370919464,0.004484676192228164,0.0,high_volatility
2021-01-01,diesel,43.28967973742259,5252.487669812416,45.15886468953982,128.60461644465693,0.03109347562793212,0.5,64.30230822232846,64.30230822232846,64.30230822232846,5468.621140876163,0.0048701768754464145,0.00853518764083432,0.00014078658336716656,0.0004193288148964336,0.00013144192243087814,0.0014658857211722687,0.0028429473043381373,high_volatility
2021-01-16,diesel,63.89296832231057,5886.460369782379,162.20996512744216,226.51227334977062,0.1309831040485989,0.75,169.88420501232798,169.88420501232798,56.62806833744264,5638.50534588849,0.050994355927979546,0.009152198550551133,0.0033815418506193727,0.010810865213949035,0.00011767479628666495,0.044590147719096446,0.09090197606743396,high_volatility
2021-01-30,diesel,51.73618233391018,5532.509772122165,45.71223209285231,102.34030043029495,0.0408413219077482,0.5,51.17015021514747,51.17015021514747,51.17015021514747,5689.675496103638,0.01535820858739754,0.010049642385472303,0.0003463736382253001,0.0010482722031523546,9.900961665698933e-05,0.056372107225551915,0.007984601412818702,high_volatility
2021-02-19,diesel,66.22537844673269,5858.966777840989,450.4282867637415,501.59843697888897,0.08889439181966738,1.0,501.59843697888897,501.59843697888897,0.0,6191.273933082527,0.13898138345239863,0.01099036730753931,1.4681845002748478e-05,4.00249827964271e-05,8.117348125305648e-05,0.8115425660676773,8.61876305724576e-05,high_volatility
2021-03-04,diesel,62.94110067825236,5896.579192025098,198.96080792936826,198.96080792936826,0.01002276210315425,0.5,99.48040396468413,99.48040396468413,99.48040396468413,6290.754337047211,0.11864785739716238,0.01331605774973485,2.4435696516138333e-06,7.07262203111443e-06,4.4675084004879565e-05,0.6467956499008526,0.0,high_volatility
2021-03-18,diesel,64.95055079785145,5980.845282953283,217.60183068774097,317.0822346524251,0.008183067872155652,0.5,158.54111732621254,158.54111732621254,158.54111732621254,6449.295454373424,0.022520442807987248,0.013766910404784474,5.597769146403405e-05,0.00015966515268105071,3.885140590198406e-05,0.013952671451090482,0.0,high_volatility
2021-04-01,diesel,65.67703739382198,6272.627671493169,-136.17654601614805,22.36457131006449,0.0318351236303812,0.0,0.0,0.0,22.36457131006449,6449.295454373424,0.021265811305869728,0.014223634856720587,0.0003480566308206327,0.0010631938745355232,3.3366394268493395e-05,0.10054114353217555,0.008107800772493243,high_volatility
2021-04-29,diesel,66.06884493910997,6250.020849651312,87.57225410428948,109.93682541435398,0.02811616960714164,0.5,54.96841270717699,54.96841270717699,54.96841270717699,6504.263867080601,0.005841836499408605,0.014085273579915356,0.00014625448864948623,0.0004372837639323342,3.4983988624447315e-05,0.012086105582186145,0.0029864865131314674,high_volatility
2021-05-15,diesel,62.08292154750058,6113.589781525897,154.44110515953324,209.40951786671022,-0.0039025678064377694,0.5,104.70475893335511,104.70475893335511,104.70475893335511,6608.968626013956,0.010493059261595165,0.014232931703067038,7.782397612890221e-05,0.0002236683227950907,3.325907674148926e-05,0.00989481654372105,0.0,high_volatility
2021-06-12,diesel,59.49473826731375,6022.0840676866865,83.78020763799066,188.48496657134575,-0.037455391145463326,0.5,94.24248328567288,94.24248328567288,94.24248328567288,6703.211109299629,0.0073563380002605785,0.014551976601578347,0.0006107803572053233,0.0017315629437579191,2.9680958949749818e-05,0.0004378368469123387,0.0,high_volatility
2021-06-29,diesel,76.52770210988075,6416.267373362312,220.9612767249948,315.2037600106677,0.01527871280293153,0.5,157.60188000533384,157.60188000533384,157.60188000533384,6860.812989304963,0.022627204252823024,0.014884774025662751,8.011229267683167e-06,2.299096031388286e-05,2.6165536768534457e-05,0.01605765261071754,0.0,high_volatility
2021-07-13,diesel,71.73761174937388,6355.416380814747,123.92525684743156,281.5271368527654,-0.01952218677848847,0.5,140.7635684263827,140.7635684263827,140.7635684263827,7001.576557731345,0.016152348090195768,0.01541360853925211,0.0003679813755607,0.0010425027655002579,2.1034986631221163e-05,0.0011341149473193595,0.0,high_volatility
2021-07-27,diesel,68.78193417882675,6395.634119869093,-120.80937351685638,19.954194909526322,-0.03474313672506545,0.0,0.0,0.0,19.954194909526322,7001.576557731345,0.01395841758692691,0.01567336035235052,0.00024288542645678439,0.0007045687430633341,1.871981064061241e-05,0.07925752878451571,0.0,high_volatility
2021-08-24,diesel,71.29692553538794,6664.811451716613,-135.63471798123408,-115.68052307170775,0.00947117282245202,0.5,-57.84026153585388,-57.84026153585388,-57.84026153585388,6943.736296195491,0.006161965274017751,0.015329611011962063,0.0001294962328429799,0.0003932577016079221,2.1812533299586028e-05,0.01338198341814391,0.002635271714597292,high_volatility
2021-09-07,diesel,62.175069164752344,6348.605649770971,104.38008938502725,46.53982784917337,-0.0337419457524488,0.0,0.0,0.0,46.53982784917337,6943.736296195491,0.004093198721507421,0.014858698711240594,0.0002277136320210324,0.0006608782797692875,2.643297894179913e-05,0.01338198341814391,0.0,high_volatility
2021-09-19,diesel,66.45121216845484,6444.940642703748,25.434677390832338,71.97450524000571,-0.01739336654037681,0.25,17.993626310001428,0.0,71.97450524000571,6943.736296195491,0.004163856795781751,0.0146207909314182,4.7868677061039784e-05,0.00014004117136462538,2.8935890203512687e-05,0.0,0.0,high_volatility
2021-10-10,diesel,87.4821699793058,6881.194902821408,319.05191208696044,391.02641732696617,0.05091125970746148,0.5,195.51320866348308,195.51320866348308,195.51320866348308,7139.249504858974,0.05858701192885914,0.014624340736731458,0.00019338596940960822,0.0005690180643574921,2.8897712514764882e-05,0.15290165904756273,0.004049487671256945,high_volatility
2021-10-23,diesel,102.82871443075001,7170.017442018927,244.94510095471284,440.4583096181959,0.06429119418589438,1.0,440.4583096181959,440.4583096181959,0.0,7579.70781447717,0.04111888802036021,0.015620768395057605,1.2671783592509431e-05,3.5391251842498895e-05,1.917766944972635e-05,0.23999240992685786,6.546503873985128e-05,high_volatility
2021-11-20,diesel,64.55982980487315,6412.618536511884,-139.9326090254048,-139.9326090254048,-0.12199886229317485,0.5,-69.9663045127024,-69.9663045127024,-69.9663045127024,7509.741509964468,0.18304249550722101,0.01684644126862654,0.002622869773215133,0.007412057545659695,9.94493267222178e-06,1.042133146842706,0.0,high_volatility
2021-12-04,diesel,90.59766773930929,7320.792533681159,-153.8172029905299,-223.78350750323227,0.03419009275102374,0.5,-111.89175375161614,-111.89175375161614,-111.89175375161614,7397.849756212851,0.02001844842298897,0.016157647910475754,0.0007782906642317273,0.002458556709047699,1.4763669579871338e-05,0.007030973175538931,0.019581569078058875,high_volatility
2021-12-18,diesel,92.25766906937868,7441.5922070556,-93.96585326803432,-205.85760701965046,0.06587810372103901,0.25,-51.464401754912615,-51.464401754912615,-154.39320526473784,7346.385354457939,0.03717329510186595,0.015421473498491134,0.0016566090566488263,0.0053231158838868845,2.0962904925019023e-05,0.014605859477334037,0.03452891958306694,high_volatility
2022-01-01,diesel,58.70392527792279,6442.258619183556,78.63879798864988,-75.75440727608796,-0.08034312943943324,0.25,-18.93860181902199,0.0,-75.75440727608796,7346.385354457939,0.0067997963561522035,0.014979540967277655,0.0014011391298143743,0.003977946633575597,2.5205008899243386e-05,0.010594338591964209,0.0,high_volatility
2022-01-18,diesel,81.9624366094317,6878.014895609372,557.6150622970056,481.86065502091765,-0.008096749710087683,0.75,361.39549126568824,361.39549126568824,120.46516375522941,7707.780845723627,0.1012720026375167,0.015138283014754516,0.0008315325288862275,0.0022708111135717815,2.363629204462444e-05,0.5224268044286726,0.0,high_volatility
2022-01-30,diesel,86.17995545558462,6840.545029833021,458.5896896143793,579.0548533696087,-0.06677875989536108,0.75,434.29114002720655,434.29114002720655,144.76371334240218,8142.071985750834,0.0214201560187882,0.01660380356946655,0.003793639078400836,0.009970433305611879,1.1534150194768145e-05,0.021255102433450586,0.0,high_volatility
2022-02-18,diesel,76.11306097397423,6646.427699090844,270.8364075640539,415.6001209064561,-0.16502979861867412,0.5,207.80006045322804,207.80006045322804,207.80006045322804,8349.872046204062,0.07177851941492472,0.017930918679912942,0.007876907059292376,0.020738429989862462,4.2810975091332024e-06,0.20519283650634507,0.0,high_volatility
2022-03-04,diesel,104.03217828039293,7510.013728056727,333.21331566263177,541.0133761158598,-0.051831795328109775,0.75,405.76003208689485,405.76003208689485,135.253344028965,8755.632078290957,0.042150886886050114,0.018597572293235637,0.0025286449325182423,0.006767499268496846,1.9668034727003517e-06,0.15675260147680864,0.0,high_volatility
2022-03-18,diesel,94.79055204348299,7299.061618156487,590.5079922070881,725.7613362360531,-0.13955585201681764,0.75,544.3210021770399,544.3210021770399,181.44033405901325,9299.953080467996,0.041980109689812854,0.01993288907024539,0.009538251313654501,0.024071741281412568,4.503876892528038e-09,0.07679656972928824,0.0,high_volatility
2022-04-01,diesel,110.25848519522951,7937.936603372673,56.50631474659996,237.94664880561322,-0.11158318907669637,0.5,118.97332440280661,118.97332440280661,118.97332440280661,9418.926404870803,0.1361480865121745,0.021148132949311324,0.003443541445028112,0.009454746564119577,1.3182092692943183e-06,0.7236825879517319,0.0,high_volatility
2022-04-16,diesel,96.37563209355334,8016.657626677014,-540.6052678005715,-421.63194339776487,-0.11491937955881519,0.75,-316.22395754832365,-316.22395754832365,-105.40798584944122,9102.70244732248,0.13891420404578214,0.02066668299895562,0.0011947407927794754,0.003517694235095553,4.444662210964564e-07,0.7575866968706063,0.0,high_volatility
2022-04-29,diesel,96.01997703006715,8071.544847618743,107.33247822898143,1.9244923795402116,-0.06775219851599378,0.0,0.0,0.0,1.9244923795402116,9102.70244732248,0.06875235190195994,0.019298855085729098,0.0009940852846290797,0.00283879898008892,4.916041908079516e-07,0.399990365310096,0.0,high_volatility
2022-05-17,diesel,146.1833198905956,9078.745537506553,308.4963376690841,310.4208300486243,0.05736120924229521,0.5,155.21041502431214,155.21041502431214,155.21041502431214,9257.912862346791,0.04159916060738947,0.01899176554407905,0.0005452664061499306,0.0016521879413568153,1.016536718106215e-06,0.0963610917280769,0.01297028373617936,high_volatility
2022-05-31,diesel,102.37878219157851,7915.935971233359,185.14100441331658,340.3514194376287,-0.10952851766237087,0.5,170.17570971881435,170.17570971881435,170.17570971881435,9428.088572065606,0.024328502214529237,0.019145245325424203,0.0036978968905259087,0.010077757591449226,7.30605553709177e-07,0.0008958401811731833,0.0,high_volatility
2022-06-15,diesel,146.78715838819156,8831.619008786576,479.53603995824574,649.7117496770601,-0.007537963615233175,0.75,487.28381225779503,487.28381225779503,162.42793741926505,9915.3723843234,0.09020453132365809,0.019597843812027716,0.0008929972507633137,0.002430521562157134,1.6172959952439927e-07,0.40223019478349076,0.0,high_volatility
2022-06-29,diesel,111.50634193019093,8378.539845261053,-254.84366082733655,-92.4157234080715,-0.12342486488640224,0.5,-46.20786170403575,0.0,-92.4157234080715,9915.3723843234,0.17031229990791208,0.020456586251030154,0.00324068052529305,0.009024038458451062,2.0847100462977027e-07,0.9497820547539602,0.0,high_volatility
2022-07-13,diesel,105.0614430391319,8438.13110608485,-265.4007982474045,-357.816521655476,-0.1150673531456855,0.5,-178.908260827738,-178.908260827738,-178.908260827738,9736.464123495662,0.04804807086841263,0.01980807845107008,0.0018722652200809156,0.005379853762989397,3.6833880943659686e-08,0.12803266316962372,0.0,high_volatility
2022-07-27,diesel,110.67873445029431,8687.83286502465,-198.68498653724552,-377.59324736498354,-0.06070113165880246,0.5,-188.79662368249177,-188.79662368249177,-188.79662368249177,9547.66749981317,0.02866961037519225,0.01871843221567538,0.0003060219795183539,0.0009034254070723694,1.6424159858187156e-06,0.00039111887978909724,0.0,high_volatility
2022-08-10,diesel,125.47193451464571,9038.17732185342,-383.6925465200046,-572.4891702024963,0.003629101331321359,0.75,-429.36687765187224,-429.36687765187224,-143.12229255062408,9118.300622161298,0.06540950531663382,0.017436391152620915,0.0008035076676386901,0.002622762464137282,6.572090322360323e-06,0.2314961883795689,0.020918318622571083,high_volatility
2022-08-24,diesel,100.42654868452364,8419.927059359277,-365.1851540612318,-508.3074466118559,-0.022942946878112772,0.75,-381.2305849588919,-381.2305849588919,-127.076861652964,8737.070037202406,0.016307720485244117,0.015587466876590017,0.00017795691897797724,0.0005617587090754389,1.9470448565190263e-05,0.009268410696897099,0.00399054510723104,high_volatility
2022-09-07,diesel,95.87676393451115,8178.086150727295,-102.78476267636083,-229.86162432932483,-0.008351430416931852,0.5,-114.93081216466241,-114.93081216466241,-114.93081216466241,8622.139225037743,0.0592534368338859,0.014140475144537373,2.396779552628509e-05,7.222455939432153e-05,3.4334031531784325e-05,0.2836622759610329,0.0002601096553635135,high_volatility
2022-09-22,diesel,85.63818561348678,7980.075715013362,-305.62903983082646,-420.5598519954889,-0.020458323072853814,0.75,-315.4198889966167,-315.4198889966167,-105.13996299887219,8306.719336041126,0.03768891454922151,0.013301337421112789,0.00013663763005138764,0.00042754581364467354,4.487208034578387e-05,0.16078347971571705,0.002908588111470697,high_volatility
2022-10-25,diesel,67.39529417178404,7389.859589933975,127.20642407469717,22.066461075824975,-0.06406998197314077,0.0,0.0,0.0,22.066461075824975,8306.719336041126,0.06877414858178778,0.012202772356897835,0.0008871218227211176,0.0025377085389930503,6.079675891835655e-05,0.39795882549855205,0.0,high_volatility
2022-11-08,diesel,92.70778292482657,7956.805340477261,164.65324202745782,186.7197031032828,0.0160233057627024,0.5,93.3598515516414,93.3598515516414,93.3598515516414,8400.079187592766,0.01302327652277339,0.012181578725669932,1.78000492802782e-05,5.227002805878939e-05,6.112771122289701e-05,0.03486424752697807,0.0001472308883779891,high_volatility
2022-11-22,diesel,93.4221779084157,8028.555217762711,-246.44301665801208,-153.0831651063707,0.01372467900475054,0.5,-76.54158255318535,-76.54158255318535,-76.54158255318535,8323.53760503958,0.026415600445034527,0.01228183775857764,0.00019742246524103878,0.0006032159393976006,5.957002838491783e-05,0.11546598924350718,0.0043276057630748455,high_volatility
2022-12-06,diesel,81.48265877421355,7751.227400114475,-578.3955693608591,-654.9371519140444,-0.013834784529305953,0.75,-491.2028639355333,-491.2028639355333,-163.73428797851113,7832.334741104048,0.14801178142254232,0.011449769871481918,0.0007452104787810838,0.002464581469001176,7.310643525061834e-05,0.687775913110603,0.019630676004024634,high_volatility
2022-12-20,diesel,82.3639901824078,7854.835416451278,-431.6982534874179,-595.432541465929,0.06286456356553388,0.5,-297.7162707329645,-297.7162707329645,-297.7162707329645,7534.618470371083,0.1355591114906055,0.00955473831219628,0.0030707493359779675,0.010506131948346431,0.00010910349172670024,0.14974824699654535,0.08696777982160751,high_volatility
2023-01-04,diesel,68.53299242369837,7158.4727332843995,130.0810118130503,-167.6352589199142,0.0074544709323628566,0.5,-83.8176294599571,-83.8176294599571,-83.8176294599571,7450.800840911126,0.038302485381113825,0.008504769395553129,0.00014143562431173616,0.0004312078740852563,0.000132140326649412,0.1830105149537548,0.0029378692066230516,high_volatility
2023-01-18,diesel,77.10875020173924,7335.708233602595,-158.69079170642675,-242.50842116638387,0.044310634550413626,0.5,-121.25421058319193,-121.25421058319193,-121.25421058319193,7329.5466303279345,0.025704703424595115,0.008148353924173124,0.0011560276767532067,0.0037015850227898315,0.0001404615147066626,0.005605990424786169,0.02882469286086316,high_volatility
2023-02-04,diesel,75.28727057901848,7038.9494328859,153.52645293307495,32.272242349883015,0.018715828233632843,0.0,0.0,0.0,32.272242349883015,7329.5466303279345,0.012197057118155058,0.00781032779550486,0.00013745844926612788,0.00041422982416798105,0.00014858810845304145,0.05881033433661222,0.002802257811766786,high_volatility
2023-03-18,diesel,59.134785657035366,6651.29295487741,-253.86336847298395,-221.59112612310093,-0.041973207322518934,0.5,-110.79556306155047,-110.79556306155047,-110.79556306155047,7218.751067266384,0.01829063438910606,0.007779978936600727,0.00011703417219019205,0.0003462913222198987,0.0001493289147899219,0.04910262717650403,0.0,high_volatility
2023-04-01,diesel,58.92486185867308,6667.031500275864,-150.34931712554612,-261.1448801870966,-0.022753406364990295,0.5,-130.5724400935483,-130.5724400935483,-130.5724400935483,7088.178627172835,0.013940707707086171,0.007340882551031135,1.1385039033278563e-07,3.4173101712663827e-07,0.00016025325458678802,0.0015644994605550527,0.0,high_volatility
2023-04-18,diesel,92.91475981990241,7321.213917594286,827.27533238152,696.7028922879717,0.09183014361340022,1.0,696.7028922879717,696.7028922879717,0.0,7784.881519460807,0.4686524856493541,0.007798359697806129,7.215336892105007e-08,1.9359337961631052e-07,0.00014888002606412172,2.7375379022678175,0.0,high_volatility
2023-04-29,diesel,85.20302363986035,7220.785408948547,-149.85952986114498,-149.85952986114498,-0.018121156988433456,0.5,-74.92976493057249,-74.92976493057249,-74.92976493057249,7709.951754530234,0.41221454367387955,0.01032252935286804,4.001017914099778e-06,1.1875583369900657e-05,9.365343812610067e-05,2.381667830744605,0.0,high_volatility
2023-05-17,diesel,73.07812374057127,7136.15451806035,-355.0858841597655,-430.015649090338,-0.020407064479574296,0.75,-322.5117368177535,-322.5117368177535,-107.5039122725845,7387.440017712481,0.05345309486148073,0.009709960382431222,0.0002133504025663374,0.0006752080725962328,0.000105884915331135,0.24518733121417954,0.004915157916477251,high_volatility
2023-05-31,diesel,63.49409266923404,6862.748977731637,13.815627986349712,-93.68828428623479,-0.016454936889484052,0.5,-46.844142143117395,0.0,-93.68828428623479,7387.440017712481,0.07828251398226072,0.008646180896166922,4.152709000975446e-05,0.00012154499192823439,0.00012890920824256498,0.41605528154081567,0.0,high_volatility
2023-06-14,diesel,53.04178058815216,6495.080799955711,-0.3032095243962069,-93.991493810631,-0.0773900102617437,0.5,-46.9957469053155,0.0,-93.991493810631,7387.440017712481,0.007456321525024135,0.008700185092793113,0.0013000325278023084,0.003695923409736685,0.000127685816937135,0.0,0.0,high_volatility
2023-06-29,diesel,70.0544683146664,6921.196480147032,-10.17231336044814,-104.16380717107914,-0.00736458629701306,0.5,-52.08190358553957,-52.08190358553957,-52.08190358553957,7335.3581141269415,0.0040554129598750635,0.008693993163330962,4.205460195543658e-06,1.2524540782521833e-05,0.00012782579059080704,0.01085009872437376,2.0582339391437278e-07,high_volatility
2023-07-13,diesel,61.058388730926026,6639.992712488258,85.25489784762568,33.172994262086114,-0.04472382000222155,0.0,0.0,0.0,33.172994262086114,7335.3581141269415,0.0028828475137087912,0.008565785552775504,0.00041940353238541667,0.00121078812197325,0.0001307412600251174,0.01085009872437376,0.0,high_volatility
2023-07-27,diesel,69.58166974453398,6816.586731480181,108.84544674650576,142.01844100859188,-0.01610427374905741,0.5,71.00922050429594,71.00922050429594,71.00922050429594,7406.367334631237,0.0075506945005556075,0.00870273805976287,0.0001336090190075318,0.0003853982453718864,0.0001276281273463304,0.020169237586510888,0.0,high_volatility
2023-08-10,diesel,89.43280167299643,7349.40925324666,352.7917930578615,423.80101356215744,0.05224997827418372,0.75,317.85076017161805,317.85076017161805,105.95025339053939,7724.218094802855,0.05102187825813645,0.009352179571541311,4.603429405095094e-05,0.00013170189593225372,0.00011337607987670218,0.24372298282133661,0.0006482161403911453,high_volatility
2023-08-24,diesel,89.16864759257527,7418.976491141187,39.6183227416632,145.5685761322026,0.01885664228399302,0.5,72.7842880661013,72.7842880661013,72.7842880661013,7797.002382868956,0.04567936013203398,0.010545578321647875,4.486786176327256e-05,0.00013262998879052314,8.938608927209463e-05,0.24023030300097611,0.000654653343552656,high_volatility
2023-09-21,diesel,104.72914639300275,7829.894181882319,489.8856117459289,562.6698998120302,0.0642007973861858,1.0,562.6698998120302,562.6698998120302,0.0,8359.672282680987,0.1643447032604382,0.011341066715079234,4.149638494567963e-06,1.1377604494216493e-05,7.497712563270873e-05,0.9599516503827319,0.0,high_volatility
2023-10-11,diesel,72.94249302896542,7279.298308531718,-119.60707553416076,-119.60707553416076,-0.08841732380757276,0.5,-59.80353776708038,-59.80353776708038,-59.80353776708038,8299.868744913907,0.2685746407408194,0.013052073368645837,0.0013862333538075236,0.003964243420057471,4.8273684474680416e-05,1.5498927219662193,0.0,high_volatility
2023-10-25,diesel,102.87741851538156,8210.072432316842,-71.97385755821347,-131.77739532529384,0.04906266499627888,0.5,-65.88869766264692,-65.88869766264692,-65.88869766264692,8233.98004725126,0.015219889985336951,0.01265151625409704,0.0010308893208904697,0.003260006791491881,5.40002133638e-05,0.00014811668381844558,0.026072330856249975,high_volatility
2023-11-08,diesel,113.85823556396292,8602.208873261972,-160.62047313769244,-226.50917080033935,0.10280631073203413,0.25,-56.62729270008484,-56.62729270008484,-169.8818781002545,8177.352754551175,0.07424907375957324,0.012258428734959165,0.0037453074745852186,0.012533970116881326,5.993192565170597e-05,0.0003430944875222783,0.11417521919125044,high_volatility
2023-11-22,diesel,87.69279663706874,8025.344062900355,-553.3139788234357,-723.1958569236903,0.04105891903706335,0.75,-542.3968926927677,-542.3968926927677,-180.7989642309226,7634.955861858408,0.23767108227298647,0.011424677433398226,0.003472426681393848,0.012350252660526572,7.353615712126963e-05,0.9438884171082045,0.11161978326987637,high_volatility
2023-12-06,diesel,70.45996945737133,7413.4927559867665,-191.2561148135325,-372.05507904445506,0.03012702201768546,0.5,-186.02753952222753,-186.02753952222753,-186.02753952222753,7448.92832233618,0.12562360809924436,0.009455688063044056,0.0009509603336997129,0.0030517740041474785,0.00011118251422383161,0.5079964635167566,0.024394097918715565,high_volatility
2023-12-20,diesel,110.91227204337177,8690.090814345183,-229.30592229979354,-415.33346182202104,0.2028250312367452,0.25,-103.83336545550526,-103.83336545550526,-311.5000963665158,7345.0949568806745,0.4667547115251831,0.008735687234649113,0.015431303325412421,0.05910482341915302,0.00012688474207564696,0.02702352900204256,0.8672193788074329,high_volatility
2024-01-04,diesel,90.84081425381936,7793.415709087158,136.33681158524428,-175.1632847812715,0.1175255791480158,0.25,-43.790821195317875,0.0,-175.1632847812715,7345.0949568806745,0.09655683875323318,0.008429658789040501,0.004367109473913329,0.014649895760084554,0.00013387279573802774,0.04312547112726605,0.1446217289710121,high_volatility
2024-01-18,diesel,74.39774385731437,7280.23236469132,0.15536643755588578,-175.0079183437156,0.05109058764333768,0.5,-87.5039591718578,-87.5039591718578,-87.5039591718578,7257.590997708817,0.02451412929492839,0.00839640490206985,0.0012467216112395604,0.003984094098948648,0.0001346434191967086,0.030627771483000627,0.029138518844982503,high_volatility
2024-02-01,diesel,79.65290874714637,7301.637674679214,196.80172269232958,109.29776352047178,0.0660324380547043,0.75,81.97332264035383,81.97332264035383,27.324440880117947,7339.564320349171,0.031088972730771394,0.008250413112491911,0.0009715611239196803,0.0030066113183072757,0.00013805279202710202,0.11489019620182321,0.02402934815223601,high_volatility
2024-03-05,diesel,58.5670735973801,6726.453625597211,211.51143143049632,238.83587231061426,-0.03114917442064798,0.5,119.41793615530713,119.41793615530713,119.41793615530713,7458.982256504478,0.012538288752951786,0.008744401199744562,0.0005149188806885082,0.0014598195201640444,0.00012668850435231167,0.005608396325136895,0.0,high_volatility
2024-04-02,diesel,97.41090441651066,7816.414938317717,143.70805592417076,263.1259920794779,0.10572846818316023,0.75,197.34449405960842,197.34449405960842,65.78149801986947,7656.326750564086,0.027278554444176602,0.009425501591295541,0.0020881840697729516,0.006546309644713767,0.00011182001659569313,0.02429019370724969,0.04348153310839008,high_volatility
2024-04-17,diesel,67.32372947305068,6983.649877070307,345.36155975514004,411.14305777500954,-0.03632167782385603,0.5,205.57152888750477,205.57152888750477,205.57152888750477,7861.8982794515905,0.034138159745057524,0.010337846873482442,0.0009605754128310544,0.0026738681352175644,9.335720304027302e-05,0.00027073640823767787,0.0,high_volatility
2024-04-30,diesel,77.04378967381056,7312.5069131488945,-107.40124744562259,98.17028144188218,-0.01513037222772595,0.5,49.08514072094109,0.0,98.17028144188218,7861.8982794515905,0.036672933344526135,0.01099775425423876,3.333076536295363e-05,9.761921202744598e-05,8.104042846707635e-05,0.16903861395658482,0.0,high_volatility
2024-05-16,diesel,81.84837984958205,7599.862306088416,-251.2578488776066,-153.0875674357244,0.02552095777403078,0.5,-76.5437837178622,-76.5437837178622,-76.5437837178622,7785.354495733728,0.013273380960770475,0.010861637634158844,0.00042255516415424404,0.0013085737632030586,8.350966672942197e-05,0.02343580330338747,0.010134717072367102,high_volatility
2024-06-14,diesel,73.49689429238761,7413.852022060247,-163.3138578649437,-239.8576415828059,0.009890762242345924,0.5,-119.92882079140296,-119.92882079140296,-119.92882079140296,7665.425674942325,0.015262117684366003,0.010437028677852915,0.0002395624218813368,0.0007387922394142286,9.145042050820757e-05,0.0075290457674900245,0.005435940978210613,high_volatility
2024-06-28,diesel,90.40567313028141,7684.9858041917805,327.1020280592052,207.17320726780227,0.0625452394770576,0.75,155.3799054508517,155.3799054508517,51.79330181695056,7820.805580393177,0.06050852912338717,0.010179439353447992,0.0006004574253806195,0.001817617981506028,9.644341141260601e-05,0.303179578980531,0.014332333114991984,high_volatility
2024-07-12,diesel,55.51290033192601,6676.088671763648,123.90979567510779,175.70309749205836,-0.11146520438997172,0.5,87.85154874602918,87.85154874602918,87.85154874602918,7908.657129139206,0.01022847927668566,0.01077070144686303,0.003338139018820342,0.009187325366842379,8.517995178293618e-05,0.018240315837015,0.0,high_volatility
2024-07-26,diesel,84.58147257582877,7489.917054626221,-119.9941528060424,-32.14260406001321,0.004092828871269615,0.0,-0.0,0.0,-32.14260406001321,7908.657129139206,0.006191528044731681,0.011011622821668883,1.6754931503034608e-05,4.974408575305025e-05,8.079092429994366e-05,0.030871578468303768,0.0001340099853559849,high_volatility
2024-08-09,diesel,87.14787761667158,7671.539124606373,-306.42047211042615,-338.56307617043933,0.029091208337544805,0.5,-169.28153808521967,-169.28153808521967,-169.28153808521967,7739.375591053986,0.05196807984263959,0.010779423917757854,0.0008240222312135046,0.002625014111388994,8.501902328841593e-05,0.11462495654599071,0.020936624372449857,high_volatility
2024-09-06,diesel,67.86123034278025,7032.19258962491,-147.2875906601085,-316.56912874532816,-0.04056365669968026,0.5,-158.28456437266408,-158.28456437266408,-158.28456437266408,7581.091026681322,0.020161587398903398,0.010019537653406749,5.153000678829983e-05,0.00015384979949434669,9.960962865176567e-05,0.00048373372333855434,0.0,high_volatility
2024-09-21,diesel,67.4291202014544,7064.029562879315,-177.34354914190604,-335.62811351457015,-0.013196390133912586,0.5,-167.81405675728507,-167.81405675728507,-167.81405675728507,7413.276969924036,0.023021352454343058,0.009305904261731524,5.435807722700937e-05,0.00016612452772343458,0.00011436368365925199,0.00036324490043419805,0.0008920660953330179,high_volatility
2024-10-11,diesel,81.51764937725547,7251.192079548839,60.95961003402316,-106.85444672326192,0.03764713876048885,0.5,-53.42722336163096,-53.42722336163096,-53.42722336163096,7359.849746562405,0.01855353872803769,0.008704910670143133,0.0006559454642831708,0.0020463344751022335,0.00012757904296944645,0.05233739061714054,0.016210945456975098,high_volatility
2024-10-24,diesel,91.10681217809635,7489.048530147426,-20.270590385491435,-73.6978137471224,0.077251695334184,0.0,-0.0,0.0,-73.6978137471224,7359.849746562405,0.024041188613203514,0.008572184837850926,0.0018757932085214527,0.00601470681823799,0.0001305949593802443,0.011417872784534419,0.039216734716622695,high_volatility
2024-11-07,diesel,81.8355445973174,7259.710046720304,-110.0004777188959,-183.6982914660183,0.04620610200715377,0.5,-91.84914573300915,-91.84914573300915,-91.84914573300915,7268.000600829396,0.02499972258249201,0.008527600824686071,0.0010884469112633756,0.0034644180739741757,0.00013161594283774372,0.03374506228753421,0.027714117821612778,high_volatility
2025-01-03,diesel,78.98768958076622,7215.5897100165075,48.778028447064244,-43.07111728594491,0.05273643694844066,0.0,-0.0,0.0,-43.07111728594491,7268.000600829396,0.017284367158868087,0.008268609032398412,0.0008923962601095699,0.0027866590777122003,0.00013762553403472413,0.03374506228753421,0.022249054256134854,high_volatility
2025-01-17,diesel,74.47169211408925,6953.417681968768,318.37501718181625,275.3038998958713,0.01475851829289828,0.5,137.65194994793566,137.65194994793566,137.65194994793566,7405.652550777331,0.02816063115269279,0.00849524988316823,3.9348945666533654e-07,1.1367274472392167e-06,0.00013235927525074065,0.07579223729787594,0.0,high_volatility
2025-02-20,diesel,80.28989788134484,7310.7792853046885,-264.8048019126746,-127.15285196473891,0.047022824548492985,0.5,-63.57642598236946,-63.57642598236946,-63.57642598236946,7342.076124794962,0.04214138061210448,0.008969598031926755,0.000983193546014384,0.0031066500791883645,0.00012166976757727412,0.16197143711819276,0.024836929662819494,high_volatility
2025-03-06,diesel,68.06740801024033,6999.714139374794,-124.64113870915072,-188.21756469152018,0.011089147556139049,0.5,-94.10878234576009,-94.10878234576009,-94.10878234576009,7247.967342449202,0.009919517916502488,0.00868443292151032,0.0002158892152069407,0.0006629891625461111,0.00012804205830779948,0.003728899140404322,0.004815262022164155,high_volatility
2025-03-20,diesel,59.37613780233614,6799.718041566558,-118.66330993742808,-212.77209228318816,-0.0059217482463984235,0.5,-106.38604614159408,-106.38604614159408,-106.38604614159408,7141.581296307608,0.009531213480378163,0.008289400748662138,4.85583010242837e-05,0.0001471513101606403,0.00013713813482543492,0.000602924825249984,0.000756434982013864,high_volatility
2025-04-03,diesel,84.12764062452725,7330.404410407032,150.73277803231915,44.34673189072507,0.08575889453402474,0.0,0.0,0.0,44.34673189072507,7141.581296307608,0.0328023735322217,0.007985486099359713,0.00230851504665924,0.007471866449705564,0.0001443485442686787,0.04527196325456554,0.05202322266652527,high_volatility
2025-04-18,diesel,77.81355731921286,7361.288209306848,-271.46261048894183,-227.11587859821677,0.08984625880039121,0.25,-56.77896964955419,-56.77896964955419,-170.33690894866257,7084.802326658054,0.06054640186209789,0.008005512238363497,0.0029663414196207404,0.009805991769463276,0.00014386773666404787,0.012895405577859986,0.0781749107409768,high_volatility
2025-05-20,diesel,50.6053183879997,6406.995874988009,-337.1670137124661,-507.5039226611286,-0.04579161667890315,0.75,-380.62794199584647,-380.62794199584647,-126.87598066528216,6704.174384662208,0.08539642342429553,0.0074472862524173344,7.753516049792972e-05,0.00024563090480292604,0.00015757062242875087,0.4195126275589983,0.001483285618365755,high_volatility
2025-06-04,diesel,67.47799780063626,6833.04626835449,-71.31935417126105,-198.19533483654322,0.07886009235575057,0.25,-49.548833709135806,0.0,-198.19533483654322,6704.174384662208,0.14929503300332533,0.006186209613820518,0.0019539037245171263,0.006276225577749165,0.00019082080483330473,0.5795105209119739,0.04124960792836046,high_volatility
2025-06-18,diesel,97.85187043909436,7480.79520354011,286.61647608704806,88.42114125050483,0.16381527601643012,0.75,66.31585593787862,66.31585593787862,22.105285312626208,6770.4902406000865,0.1565209294429316,0.0064367012389771674,0.007835346105434682,0.027195933196264243,0.00018396307328076352,0.01759117099509389,0.34434566017756035,high_volatility
2025-07-02,diesel,94.17459173434669,7372.493108510252,-2.0580494042065007,20.047235908419708,0.14165526356549027,0.0,0.0,0.0,20.047235908419708,6770.4902406000865,0.12005256065822839,0.006847027537312898,0.006427435134019133,0.02217588521486359,0.00017300068460420522,0.01759117099509389,0.26216537237823884,high_volatility
2025-07-16,diesel,62.7815762345723,6543.883756698782,-135.62926139251243,-115.58202548409272,0.025371254697283834,0.5,-57.79101274204636,-57.79101274204636,-57.79101274204636,6712.69922785804,0.009203180139425591,0.006915760839171176,0.0003932610126168419,0.0012146150629149795,0.00017119731441776656,0.013359204615005461,0.009358518996242968,high_volatility
2025-08-27,diesel,66.86370925413428,6791.161874582593,-192.88852539223097,-250.67953813427732,0.07155364106666579,0.25,-62.66988453356933,-62.66988453356933,-188.009653600708,6650.029343324471,0.04815158635301982,0.006756830030711244,0.002030347897957677,0.006597150287522067,0.00017538155083547156,9.521355983247416e-05,0.04391590455613026,high_volatility
2025-10-14,diesel,55.115860995523256,6439.026466761471,-142.3000205976066,-330.3096741983146,0.027230624434888502,0.5,-165.1548370991573,-165.1548370991573,-165.1548370991573,6484.874506225313,0.039097448189433226,0.006458178641819312,0.0008747611102973178,0.0028015852802736503,0.00018338092569687868,0.04201266200948327,0.02237006993153926,high_volatility
2025-10-28,diesel,73.8788240334297,7111.076422285902,-247.67106806044166,-412.82590515959896,0.14806007401328034,0.25,-103.20647628989974,-103.20647628989974,-309.6194288696992,6381.668029935413,0.2557426755278664,0.00585087005332715,0.008450839582727679,0.030379601610857527,0.00020019787824783448,0.015350397627815834,0.3970467003640722,high_volatility
2025-11-11,diesel,59.974615414762454,6526.317545627319,38.19440340209395,-271.4250254676053,0.08216403273065111,0.25,-67.85625636690132,-67.85625636690132,-203.56876910070395,6313.811773568512,0.06368877525055283,0.005543000837589283,0.00266111491739317,0.008771687323109224,0.0002090048247819442,0.004998552194417419,0.06590847472247181,high_volatility
2025-11-25,diesel,68.32245911629315,6777.013910661403,-94.52920066024363,-298.0979697609476,0.12834900196444857,0.25,-74.5244924402369,-74.5244924402369,-223.5734773207107,6239.287281128275,0.1509734651586136,0.005374856782927571,0.006137380704478465,0.02136975691218472,0.0002138948141198797,0.00017786148931893557,0.24915067176376018,high_volatility
2025-12-09,diesel,45.82041427286327,6013.853953869476,-67.57969358505562,-291.15317090576633,0.022514332907311627,0.5,-145.57658545288317,-145.57658545288317,-145.57658545288317,6093.710695675391,0.028301753328545058,0.0050904485815622645,0.0006922337075701057,0.0021991616010470644,0.0002222947234990387,0.02019359968591095,0.017462966979720208,high_volatility
2025-12-23,diesel,89.10080467360123,7464.289960730936,-223.42223434351965,-368.9988197964028,0.24361817028358476,0.25,-92.2497049491007,-92.2497049491007,-276.7491148473021,6001.460990726291,0.6717153260389539,0.004592122250942006,0.022773524113270743,0.09226131460797785,0.00023740269672991647,0.011375024737058776,1.3730441210279454,high_volatility
2026-01-21,diesel,75.56471522061942,6797.772828148044,80.29886024571928,-196.45025460158283,0.1771430492829072,0.25,-49.11256365039571,0.0,-196.45025460158283,6001.460990726291,0.2627421213094602,0.0044501802419595685,0.010309717022909715,0.0371280220208488,0.0002417968945075446,0.03404003225278454,0.509087289835416,high_volatility
2026-02-04,diesel,58.45293281160113,6169.843789634103,204.39652277198297,7.946268170400145,0.08729125803650181,0.0,0.0,0.0,7.946268170400145,6001.460990726291,0.024818782377937994,0.00470134489439601,0.0023916317143692837,0.007754029611526459,0.00023404884804022305,0.0,0.05486844678252224,high_volatility
2026-02-25,diesel,74.0572251401026,6520.7098982686375,159.3853395322133,167.33160770261344,0.13963073279493948,0.75,125.49870577696008,125.49870577696008,41.83290192565336,6126.9596965032515,0.08207568428078718,0.005111730460326663,0.004684022674933076,0.015441836340272134,0.0002216605698859649,0.06299970060676796,0.1564203304032917,high_volatility
2026-03-10,diesel,105.52610871868592,7325.219604850106,537.5581496966187,579.391051622272,0.2235800662622421,1.0,579.391051622272,579.391051622272,0.0,6706.350748125524,0.2651566483683165,0.006638998496273561,0.00733221585679046,0.0231895076539349,0.0001785163611825802,0.824073046467841,0.27861815856281025,high_volatility
2026-03-24,diesel,124.06693158078455,7265.240627988958,1211.076904984799,1211.076904984799,0.1369265477196091,1.0,1211.076904984799,1211.076904984799,0.0,7917.427653110322,0.27329811178524943,0.010678152062531867,0.00020323531947909182,0.0005005780142338444,8.68968489692789e-05,1.596108069353376,0.0,high_volatility
2026-04-08,diesel,119.89601619268954,6955.546002493958,989.15447523645,989.15447523645,-0.07828988411139465,0.75,741.8658564273376,741.8658564273376,247.28861880911245,8659.29350953766,0.2016320788680826,0.016012792745288815,0.007540305920317482,0.018701557712562867,1.589782169202151e-05,0.8806360323535699,0.0,high_volatility
2026-04-22,diesel,153.44902158624205,7795.3260312655275,-643.7953312114157,-396.50671240230326,-0.050831474502403995,0.5,-198.25335620115163,-198.25335620115163,-198.25335620115163,8461.040153336508,0.6366622869662547,0.01792527887525265,0.00011700275735422838,0.0003489401163187319,4.304467745472907e-06,3.535296535812842,0.0,high_volatility
2026-05-09,diesel,90.27184310671663,6453.404331973991,289.88750734278653,91.6341511416349,-0.2510971695071852,0.5,45.81707557081745,0.0,91.6341511416349,8461.040153336508,0.03682067116102966,0.01695884779442433,0.011896278818768603,0.03142820735840534,9.248606737477758e-06,0.15721757298008285,0.0,high_volatility
2016-04-27,diesel,57.23573355892125,6037.924799999999,216.2418003984769,216.2418003984769,0.2020893483138444,0.75,162.18135029885767,162.18135029885767,54.06045009961923,5342.181350298858,0.23949086448059065,0.022635611462409055,0.010388275552048553,0.036189672976800084,6.946447780781997e-06,0.10521116153904311,0.4935195011610326,conflict_spike
2016-05-12,diesel,60.122708820492846,6037.924799999999,213.50162975820373,267.56207985782294,0.1752289027682394,0.75,200.6715598933672,200.6715598933672,66.89051996445573,5542.852910192225,0.1221694886705139,0.023138717429400314,0.006702197514848127,0.022295614786161946,9.85154710162131e-06,0.005925984938517096,0.2641039298220979,conflict_spike
2016-05-26,diesel,64.63006625739413,6037.924799999999,358.0184677362194,424.90898770067514,0.14199371575607803,1.0,424.90898770067514,424.90898770067514,0.0,5967.7618978929,0.04959540494727924,0.024097578703703045,0.0017395925955269408,0.005149065256772849,1.6790151233040726e-05,0.20112969611855055,0.03352615252422468,conflict_spike
2016-06-09,diesel,66.55186939625166,6173.1179999999995,129.66568463990126,129.66568463990126,0.09326618770402567,0.75,97.24926347992594,97.24926347992594,32.416421159975314,6065.011161372826,0.09222155099402768,0.02551568455137318,0.0019191155145015747,0.0060566796745452145,3.0422776070256755e-05,0.42944357950566964,0.03953408974379576,conflict_spike
2016-07-22,diesel,61.18708830657229,6331.763999999999,-178.39071669457803,-145.97429553460273,0.1021293084560912,0.25,-36.49357388365068,0.0,-145.97429553460273,6065.011161372826,0.0642946191143041,0.025193007586854253,0.003280072632507032,0.0108123083656351,2.6967327797125823e-05,0.03782967698955224,0.09092075208459656,conflict_spike
2016-08-05,diesel,56.45908313912854,6393.863999999999,-299.50675431856126,-445.481049853164,0.11143256700911576,0.5,-222.740524926582,-222.740524926582,-222.740524926582,5842.270636446244,0.20232522260779848,0.024169156599404627,0.006620751611216845,0.02384374808116451,1.7381866750359153e-05,0.19845336577827719,0.28928296113085866,conflict_spike
2016-08-19,diesel,60.68967480286867,6409.377599999999,152.4065037309375,-70.33402119564451,0.14848081653884074,0.0,-0.0,0.0,-70.33402119564451,5842.270636446244,0.172611961797036,0.022556288890636798,0.007092908314925268,0.0246708640717524,6.534612892393108e-06,0.19845336577827719,0.3028099213382996,conflict_spike
2016-09-02,diesel,64.25006755475704,6352.032,173.26457731372264,102.93055611807813,0.14025169954335193,0.75,77.1979170885586,77.1979170885586,25.732639029519532,5919.468553534803,0.08982773108962136,0.02206475647764081,0.005283821649144042,0.017708878376907686,4.263219311959684e-06,0.02383807361124787,0.19110889588087943,conflict_spike
2016-09-19,diesel,62.28445410739908,6326.5872,-130.8128931583756,-105.08025412885607,0.12435043627711287,0.25,-26.270063532214017,0.0,-105.08025412885607,5919.468553534803,0.09042233595548249,0.02182555509236035,0.004904729468481556,0.01658331374732621,3.332651395242799e-06,0.02383807361124787,0.1737342527169164,conflict_spike
2016-10-20,diesel,67.80598863234589,6348.366,316.3323937595745,211.2521396307184,0.12756028976041986,0.75,158.4391047230388,158.4391047230388,52.813034907679594,6077.907658257842,0.06082251250580164,0.02147919324405443,0.003399581319147661,0.0109199560272068,2.1880126532562674e-06,0.10041179962175224,0.0923250319493111,conflict_spike
2016-11-17,diesel,59.20208731972482,6472.579199999999,-389.0115174239259,-336.1984825162463,0.1209759308533695,0.25,-84.04962062906158,-84.04962062906158,-252.14886188718475,5993.85803762878,0.18923939088372846,0.021500349408595985,0.0056425968314823246,0.01956323050740295,2.2510483478743217e-06,0.2352031276915455,0.2202602186343641,conflict_spike
2016-12-01,diesel,62.479456916220265,6535.408799999998,276.45676553775337,24.30790365056862,0.1428640990860769,0.0,0.0,0.0,24.30790365056862,5993.85803762878,0.12507599877570258,0.020597363527112587,0.006542570038731885,0.02260540789029382,3.568431835243896e-07,0.02825735491155669,0.2691260621071506,conflict_spike
2016-12-15,diesel,70.36377238405662,6567.8472,520.9201924487838,545.2280960993525,0.14739380574676286,1.0,545.2280960993525,545.2280960993525,0.0,6539.086133728132,0.21684893585530834,0.02083375763739183,0.00143090243782622,0.004147145055640888,6.951517979092083e-07,1.1890947071044986,0.02947116906186678,conflict_spike
2016-12-29,diesel,71.6522672106209,6562.548,152.26163206284207,152.26163206284207,0.06357511537772641,0.75,114.19622404713155,114.19622404713155,38.06540801571052,6653.282357775263,0.13604204436202666,0.02277994915747719,0.0007052649081470701,0.0021494783454510634,7.728117318158146e-06,0.7431538988993687,0.017056242138111077,conflict_spike
2017-01-13,diesel,72.89124447032638,6768.563999999999,87.02238383051709,125.0877918462276,0.07703192024552565,0.75,93.8158438846707,93.8158438846707,31.271947961556904,6747.098201659934,0.014196645172301235,0.022730951826015686,0.0012819669115549154,0.003991900170749588,7.458097876018405e-06,0.0016614395822657116,0.02915202139127289,conflict_spike
2017-01-26,diesel,72.35283313407298,6892.173599999999,2.812086912709618,34.08403487426652,0.08104929544143608,0.0,0.0,0.0,34.08403487426652,6747.098201659934,0.026955726954451177,0.022483089733407235,0.0020629814931447023,0.006642558918869251,6.165734624152414e-06,0.03520565025517161,0.04430754935033011,conflict_spike
2017-02-15,diesel,73.34009934624422,6999.012,-38.029613571738636,-3.945578697472115,0.09599276559892547,0.0,-0.0,0.0,-3.945578697472115,6747.098201659934,0.03331919241425249,0.021886929290373582,0.002894082650359959,0.009474416343175389,3.560502146869749e-06,0.0,0.07414177114107164,conflict_spike
2017-03-15,diesel,70.27469287124086,7019.6352,-112.06724560022421,-116.01282429769633,0.09882495180662189,0.25,-29.00320607442408,0.0,-116.01282429769633,6747.098201659934,0.047372303131555195,0.021318781060485487,0.0030689393133476513,0.010078797917241533,1.7391834854952237e-06,0.0,0.08155819089752778,conflict_spike
2017-03-29,diesel,66.66396324119025,7032.9864,-175.58718270831167,-291.600007006008,0.10064961626259747,0.25,-72.900001751502,-72.900001751502,-218.700005254506,6674.198199908432,0.09552637659733854,0.02068896353287551,0.0038444529644558324,0.01294076847763423,4.746707496323017e-07,0.02125764102147598,0.1198887604172387,conflict_spike
2017-04-13,diesel,71.33529439209215,6984.354,235.40264835759217,16.70264310308616,0.1044072279399882,0.0,0.0,0.0,16.70264310308616,6674.198199908432,0.047693616297108325,0.01990129738515081,0.0034301255963778256,0.011336046260315065,9.742206178067842e-09,0.02125764102147598,0.0978200662659924,conflict_spike
2017-05-12,diesel,64.85592292993593,6938.1852,-374.47695022745756,-357.7743071243714,0.09804842224326454,0.25,-89.44357678109284,-89.44357678109284,-268.33073034327856,6584.754623127339,0.11658245648609825,0.019316846758177176,0.003829066376839886,0.012921794062551482,4.6669835181303454e-07,0.032000613709581,0.11962062934709791,conflict_spike
2017-05-26,diesel,68.90252673134734,6908.4432,161.6023325075216,-106.72839783575697,0.10685405488644117,0.25,-26.68209945893924,0.0,-106.72839783575697,6584.754623127339,0.06189347150225598,0.018527366583063188,0.0035954315833841167,0.011915310123657279,2.1686491806789917e-06,0.032000613709581,0.10563558607555726,conflict_spike
2017-06-10,diesel,65.39652041660545,6839.838,-271.08179097027073,-377.81018880602767,0.09729377462926186,0.25,-94.45254720150692,-94.45254720150692,-283.3576416045207,6490.3020759258325,0.12410396511689792,0.01799976375132419,0.003836889521089183,0.012962985786889578,4.000945050516683e-06,0.035685134691411574,0.12020291539981509,conflict_spike
2017-06-24,diesel,60.793989592072094,6802.408799999998,-259.5089319116478,-542.8665735161685,0.10588179470692291,0.5,-271.43328675808425,-271.43328675808425,-271.43328675808425,6218.868789167748,0.20775203816780552,0.016906071414714233,0.006540075387713836,0.023664834096404047,9.572394090848389e-06,0.12528872869597224,0.28636323237321903,conflict_spike
2017-07-22,diesel,63.43896965986704,6701.021999999999,86.38299806538787,-185.05028869269637,0.13195219040203893,0.25,-46.26257217317409,0.0,-185.05028869269637,6218.868789167748,0.17142488671864378,0.015504398354820169,0.0055450505826682974,0.018914691690973325,2.021043415214361e-05,0.2947041166411856,0.2099991196277937,conflict_spike
2017-08-05,diesel,67.70466003057068,6678.6036,224.0625488321066,39.012260139410216,0.12883696628322916,0.0,0.0,0.0,39.012260139410216,6218.868789167748,0.08799822866966181,0.015236150628335226,0.005277297095649292,0.017936118204257428,2.2694260835910864e-05,0.0,0.19464847744774458,conflict_spike
2017-09-16,diesel,70.72099361115616,6735.8052,44.257647856040876,83.26990799545109,0.13674456066993323,0.75,62.45243099658832,62.45243099658832,20.817476998862773,6281.321220164336,0.08692127573173063,0.015062638626029983,0.005214239387854089,0.01751780316411878,2.43775373371711e-05,0.015601224549534503,0.18814049621917261,conflict_spike
2017-09-30,diesel,74.50348281157667,6789.408,224.07858383312538,244.89606083198817,0.13483521093969666,0.75,183.67204562399112,183.67204562399112,61.22401520799704,6464.993265788327,0.06174641664026997,0.015310644422915291,0.0037662807918589455,0.012139679169396105,2.1990055728335464e-05,0.05877677988166419,0.1087107800737919,conflict_spike
2017-11-03,diesel,76.96126878730921,6973.241999999999,114.74071049146416,175.9647256994612,0.13288557233660797,0.75,131.9735442745959,131.9735442745959,43.99118142486532,6596.966810062923,0.061822132718511946,0.01596487982247466,0.004183697643842371,0.013697801084430038,1.6282194847072143e-05,0.01069094016709368,0.13070834228952427,conflict_spike
2017-11-17,diesel,81.59155849513313,7065.852,231.8645996605695,275.85578108543484,0.12635932792493776,0.75,206.89183581407613,206.89183581407613,68.96394527135871,6803.858645877,0.04220443735926038,0.01645257710505288,0.003053315914039868,0.009703547081255287,1.2584209195595015e-05,0.022451001628778222,0.07691932438566454,conflict_spike
2017-12-29,diesel,83.99142899234626,7243.2,42.8816722753834,111.84561754674212,0.12065569832712071,0.75,83.88421316005659,83.88421316005659,27.96140438668553,6887.742859037056,0.06160600115705021,0.017041169695608434,0.0037953975877028172,0.012456167665065037,8.75467677018589e-06,0.06052350092397465,0.11309107194728339,conflict_spike
2018-01-13,diesel,89.25314301693098,7383.712799999998,200.9867408263731,228.94814521305864,0.12717080612384368,0.75,171.71110890979398,171.71110890979398,57.23703630326466,7059.453967946851,0.05107136544677127,0.017219318378295247,0.003482113421743178,0.011221708441700801,7.73219028128658e-06,0.030854254468140954,0.09629973702183299,conflict_spike
2018-01-27,diesel,91.4668567427273,7472.644799999999,18.325142614109527,75.56217891737418,0.11529378728842414,0.5,37.78108945868709,0.0,75.56217891737418,7059.453967946851,0.08545040757278669,0.017506871429432126,0.004198828736876616,0.0140493941886798,6.215690069381815e-06,0.11793881969212454,0.13580910194441217,conflict_spike
2018-02-10,diesel,88.66530888139316,7545.275999999999,-198.7580433155176,-123.19586439814341,0.12438757602149332,0.25,-30.798966099535853,0.0,-123.19586439814341,7059.453967946851,0.08972512101430624,0.0171445320817406,0.004907750841672304,0.016594242406929412,8.153697032208668e-06,0.0,0.17390159810732497,conflict_spike
2018-03-01,diesel,86.83846559684194,7491.841199999999,-64.02721526616197,-187.22307966430537,0.11771441498962208,0.25,-46.80576991607634,0.0,-187.22307966430537,7059.453967946851,0.09298261144080967,0.016799218229714148,0.004381517107999218,0.014701413983963347,1.0245003940994233e-05,0.0,0.14538337941580098,conflict_spike
2018-03-29,diesel,88.84742848502387,7461.5472,79.36434072536946,-107.85873893893591,0.11388872056631229,0.25,-26.96468473473398,0.0,-107.85873893893591,7059.453967946851,0.0676198496766249,0.01647012988432456,0.004094767891095074,0.013679202026527844,1.2459983033538537e-05,0.0,0.13043979714959286,conflict_spike
2018-04-13,diesel,90.63426461100588,7456.001999999999,107.9143822991692,0.055643360233290196,0.1131850758695006,0.0,0.0,0.0,0.055643360233290196,7059.453967946851,0.05714366590876063,0.01615650464619493,0.004043199768789031,0.013496077864899075,1.4772456534721167e-05,0.0,0.1278028303335586,conflict_spike
2018-04-27,diesel,96.46763044634963,7471.859999999999,331.675052358017,331.73069571825033,0.11519456093304052,0.75,248.79802178868775,248.79802178868775,82.93267392956258,7308.251989735539,0.06846908981017907,0.016145851107138624,0.002180278860991343,0.006787576576312115,1.4854463688344576e-05,0.2476018225838574,0.0455810726812373,conflict_spike
2018-05-12,diesel,98.70307822844717,7582.973999999999,158.13262659994774,241.06530052951032,0.09622879496414749,0.75,180.79897539713275,180.79897539713275,60.266325132377574,7489.050965132671,0.02151651168468012,0.016949435575754377,0.0016906893491516186,0.0052622518292406014,9.305943306473032e-06,0.0184954812406434,0.03416949132274322,conflict_spike
2018-05-26,diesel,102.2760981988592,7643.299199999999,221.41106570136574,281.6773908337433,0.08018084479374138,0.75,211.25804312530747,211.25804312530747,70.41934770843582,7700.309008257978,0.01452801682391645,0.017475501157348774,0.0009110833029926625,0.0027663840185136674,6.373094406547383e-06,0.003711019227478138,0.02208462507873628,conflict_spike
2018-06-09,diesel,96.62285719608478,7809.762,-223.41812907192877,-152.99878136349295,0.07401489465902052,0.25,-38.24969534087324,0.0,-152.99878136349295,7700.309008257978,0.06540592898368255,0.01783471817101136,0.0017237744831598589,0.005507733206818889,4.6884453989483885e-06,0.17851984314053707,0.03567460453062047,conflict_spike
2018-06-26,diesel,96.31397624937357,7885.509599999999,19.903630089503086,-133.09515127398987,0.08348619190597659,0.25,-33.27378781849747,0.0,-133.09515127398987,7700.309008257978,0.03587129003644583,0.017456974056177854,0.0021881663418908607,0.007064580638351228,6.466980950952518e-06,0.0,0.048106042358552634,conflict_spike
2018-07-10,diesel,101.96112197979018,7942.3859999999995,323.9314528662102,190.8363015922203,0.09047912702077454,0.75,143.12722619416525,143.12722619416525,47.70907539805506,7843.436234452143,0.03131959664224898,0.017248993856414152,0.0016838480832299784,0.005273027425860017,7.5680348020470815e-06,0.08194161151214295,0.03423244832011147,conflict_spike
2018-07-24,diesel,96.99215458615507,7946.212799999998,-177.46168339298268,-129.75260799492762,0.07293403135992722,0.25,-32.438151998731904,0.0,-129.75260799492762,7843.436234452143,0.043154540348990515,0.017373242720481064,0.0016745420511118572,0.005344123554876189,6.8998538055057225e-06,0.08194161151214295,0.03465512085268533,conflict_spike
2018-08-07,diesel,97.53690610937427,8024.19,43.62010531958152,-86.1325026753461,0.08252610737630306,0.25,-21.533125668836526,0.0,-86.1325026753461,7843.436234452143,0.02694374171328801,0.017017182279619476,0.0021383709705214368,0.006896509665328263,8.897201553016071e-06,0.0,0.04655989297350566,conflict_spike
2018-08-21,diesel,93.39131223936009,8069.445599999999,-166.863272733462,-252.9957754088081,0.0880080412894607,0.25,-63.248943852202025,-63.248943852202025,-189.74683155660608,7780.187290599942,0.06468362739205731,0.01661190180732505,0.0028619155098090804,0.009443726218114661,1.1479209363207274e-05,0.016001715593676014,0.07377304932884907,conflict_spike
2018-09-04,diesel,98.25720591399374,8173.427999999999,272.0913462915258,82.3445147349197,0.10811209071641155,0.75,61.758386051189774,61.758386051189774,20.586128683729925,7841.945676651131,0.04978861676431377,0.01615068873051468,0.0032038216549151143,0.010459238441284484,1.481719724938669e-05,0.06250733011830172,0.08636788977212734,conflict_spike
2018-09-18,diesel,100.0588045867131,8217.715199999999,148.3839350415909,168.9700637253208,0.10572676397313804,0.75,126.72754779399061,126.72754779399061,42.2425159313302,7968.673224445121,0.031755538153664824,0.016186867868814084,0.002601158159730222,0.00832704201654003,1.453997664988245e-05,0.016883967910248862,0.060944818510677214,conflict_spike
2018-10-01,diesel,103.92991311658974,8342.483999999999,220.17996100819704,262.42247693952726,0.10480809019889965,0.75,196.81685770464543,196.81685770464543,65.60561923488183,8165.490082149767,0.026925121719596552,0.016501068626841756,0.002122578727554121,0.006670944066179418,1.2242520754071035e-05,0.019650045455007262,0.04455411331632062,conflict_spike
2018-10-20,diesel,105.18998440374256,8399.6304,117.66534567510793,183.27096490998974,0.08787507386637308,0.75,137.4532236824923,137.4532236824923,45.817741227497436,8302.94330583226,0.019203382567031697,0.016954142034582995,0.001637998025602408,0.0051329942788970115,9.277250745494222e-06,0.014096164177264541,0.03343750837876381,conflict_spike
2018-11-03,diesel,97.93748427569763,8423.034,-395.2351059060968,-349.41736467859937,0.07425741534080722,0.25,-87.35434116964984,-87.35434116964984,-262.0630235089495,8215.58896466261,0.1121041620207639,0.01696143256780105,0.002224556947542233,0.007267591844673444,9.232892040020115e-06,0.20215376485900038,0.05002936617275382,conflict_spike
2018-11-17,diesel,87.61251220667877,8414.2176,-550.3341572709087,-812.3971807798582,0.08360631074449401,0.5,-406.1985903899291,-406.1985903899291,-406.1985903899291,7809.39037427268,0.2949967028865279,0.01595179545209486,0.0052650419087195005,0.01889214842112026,1.638796006167987e-05,0.40664662104337423,0.20964363618030066,conflict_spike
2018-12-01,diesel,77.59301817242834,8112.804,-566.2042924007153,-972.4028827906444,0.09739935363005461,0.5,-486.2014413953222,-486.2014413953222,-486.2014413953222,7323.188932877358,0.3535970048100886,0.01389124205627099,0.007513249812492888,0.028164874058659244,3.7316923615072295e-05,0.025601824675964512,0.3603560295493635,conflict_spike
2018-12-15,diesel,76.9314699481066,7935.4824,-128.4686306947775,-614.6700720900997,0.13715894715142246,0.5,-307.33503604504983,-307.33503604504983,-307.33503604504983,7015.853896832308,0.31888988318892203,0.011766305166572498,0.009727958578063394,0.036511042085032794,6.779373061001074e-05,0.12797276385171177,0.49885234719947913,conflict_spike
2018-12-29,diesel,69.18784665223316,7817.267999999999,-454.4646451904858,-761.7996812355357,0.16251843779280584,0.5,-380.89984061776784,-380.89984061776784,-380.89984061776784,6634.95405621454,0.4874573066482403,0.01015839183960349,0.01427182895776585,0.05673673637699949,9.685725118278319e-05,0.02164712188728877,0.8294148939415005,conflict_spike
2019-01-15,diesel,72.39220746643922,7646.321999999999,60.653511261426736,-320.2463293563411,0.19226855261725306,0.25,-80.06158233908528,-80.06158233908528,-240.18474701725583,6554.892473875455,0.4371627076872585,0.008656773255582263,0.01362960081411185,0.05130500949329465,0.00012866879297527382,0.3620146305766054,0.7419063033354532,conflict_spike
2019-01-29,diesel,77.74842614518296,7543.754399999999,186.81972795797526,-53.36501905928057,0.1910835260125309,0.0,-0.0,0.0,-53.36501905928057,6554.892473875455,0.28628963127089746,0.00840225759337254,0.012133528807522964,0.04446135076152279,0.0001345076289304849,0.025639427866552527,0.630201177715725,conflict_spike
2019-02-15,diesel,79.53422777854854,7447.481999999999,91.79318195440773,38.42816289512716,0.17985118273861483,0.0,0.0,0.0,38.42816289512716,6554.892473875455,0.23714163289998916,0.008467723187058681,0.010650312153005385,0.03848325655142831,0.000132993408490304,0.0,0.5315507101345692,conflict_spike
2019-03-01,diesel,83.90975265794034,7552.923599999998,219.5108928413157,257.93905573644287,0.19213838494600205,0.75,193.45429180233214,193.45429180233214,64.48476393411073,6748.346765677787,0.21821399590769588,0.008771483070843451,0.00930320141875296,0.032121876364238404,0.00012607959242835523,0.1496982520669675,0.4259667737265451,conflict_spike
2019-03-29,diesel,86.64883894767922,7615.0728,110.89664300437063,175.38140693848135,0.17381716985321713,0.75,131.536055203861,131.536055203861,43.84535173462035,6879.882820881648,0.16200375308906215,0.009732381009160183,0.00808239304360524,0.02784253613116966,0.00010542399974105446,0.015335472093857005,0.35502638450454577,conflict_spike
2019-04-13,diesel,91.405006964321,7724.495999999999,218.72474384424697,262.5700955788673,0.1693421731486885,0.75,196.9275716841505,196.9275716841505,65.64252389471682,7076.810392565798,0.12872778375081254,0.010467001896606399,0.00682714854518145,0.022958992137287453,9.0878052839306e-05,0.0171042017103679,0.2748686190940968,conflict_spike
2019-04-27,diesel,93.31064880716006,7760.8272,74.71301493850753,140.35553883322433,0.1481371005701818,0.75,105.26665412491825,105.26665412491825,35.08888470830608,7182.077046690716,0.10629703939529166,0.011287773171118008,0.005862061216058893,0.019763456127989857,7.590289631789118e-05,0.03360689523120149,0.2234409676985893,conflict_spike
2019-05-14,diesel,91.65535201957708,7885.643999999999,-34.96706687605294,0.12181783225314291,0.14922124221043753,0.0,0.0,0.0,0.12181783225314291,7182.077046690716,0.14432248472600498,0.011597362307429337,0.00716735905170823,0.024951831642119737,7.060432019260925e-05,0.04432427388262067,0.3074150521550745,conflict_spike
2019-05-28,diesel,91.80201173168312,7946.0016,72.74308397926406,72.8649018115172,0.15613949150341017,0.5,36.4324509057586,0.0,72.8649018115172,7182.077046690716,0.16085323548940245,0.011512697252028647,0.00788469545199706,0.02767744888406155,7.20343079357221e-05,0.0,0.3522980639286996,conflict_spike
2019-06-12,diesel,82.08521680411455,7993.0740000000005,-515.8203139921488,-442.95541218063164,0.16146246028865552,0.5,-221.47770609031582,-221.47770609031582,-221.47770609031582,6960.5993406004,0.34468288942623765,0.011179806911377353,0.011506742474387615,0.04340192519796765,7.779580612058673e-05,0.19620949718011324,0.6127816214789794,conflict_spike
2019-06-26,diesel,81.42095530599906,7997.1744,-125.79872090152958,-347.27642699184537,0.18961766338365718,0.25,-86.81910674796134,-86.81910674796134,-260.45732024388406,6873.780233852439,0.38578165043416907,0.010225569608824165,0.013294981421651458,0.04992176208225252,9.55394894719418e-05,0.07253175350737899,0.7194519441040552,conflict_spike
2019-07-10,diesel,84.01344824590201,7867.943999999999,60.19950852784243,-200.25781171604163,0.1863562331083648,0.25,-50.06445292901041,-50.06445292901041,-150.19335878703123,6823.715780923429,0.30526032469188347,0.009827401418391881,0.012269155367388387,0.045381468280468934,0.00010348176190253551,0.005403618309403698,0.6453046756630696,conflict_spike
2019-08-07,diesel,80.71040517864131,7753.551599999999,-172.20054449533322,-322.3939032823645,0.17992385774237576,0.25,-80.59847582059112,-80.59847582059112,-241.79542746177336,6743.117305102837,0.32391280410258405,0.009543381322227023,0.011886825225838706,0.04403566358047362,0.0001093408741723507,0.0037293062157743,0.6232055250385762,conflict_spike
2019-08-21,diesel,76.65478382261266,7679.6376,-188.66964083298535,-430.4650682947587,0.18194850117630074,0.5,-215.23253414737934,-215.23253414737934,-215.23253414737934,6527.8847709554575,0.41128340009506315,0.008992671421726507,0.014418050903601523,0.05590190615093827,0.00012116128243007637,0.07250531864616404,0.8160364008944719,conflict_spike
2019-09-04,diesel,78.05199752858647,7636.997999999999,120.99352064355529,-94.23901350382405,0.20522895371251137,0.25,-23.559753375956014,0.0,-94.23901350382405,6527.8847709554575,0.3789970953697003,0.008215610056890265,0.014167946060072207,0.05285581363943329,0.00013887184633126588,0.18530017502201124,0.7670007148750763,conflict_spike
2019-09-19,diesel,82.56752181642112,7619.865599999999,233.15775454088825,138.9187410370642,0.203307098362016,0.75,104.18905577779815,104.18905577779815,34.72968525926605,6632.073826733255,0.28218971247452024,0.008420378928638258,0.012126114833881698,0.0436565976416562,0.00013408762415632487,0.04342143737547653,0.6169718449266175,conflict_spike
2019-10-22,diesel,77.11958928214844,7653.708,-304.9156743298189,-270.18598907055286,0.19348225112151451,0.25,-67.54649726763822,-67.54649726763822,-202.63949180291465,6564.527329465617,0.3801829198418123,0.008809119738221294,0.013592359790448144,0.05103945379334776,0.00012523580103346825,0.11797240071928751,0.7376006655377917,conflict_spike
2019-11-05,diesel,79.4186583812605,7698.776400000001,79.34708658123975,-123.2924052216749,0.2073284859311389,0.25,-30.823101305418724,0.0,-123.2924052216749,6564.527329465617,0.364970875037818,0.00859548228220774,0.014486184917165738,0.05418865877188664,0.0001300630243754376,0.018250117172508226,0.7884988968366616,conflict_spike
2019-11-19,diesel,81.52158132616205,7727.628000000001,72.43185002006138,-50.86055520161352,0.2105119902943547,0.0,-0.0,0.0,-50.86055520161352,6564.527329465617,0.36644477782442936,0.00865186869053047,0.014976921405019097,0.05625418752193287,0.00012878008421696264,0.0,0.8216850727828771,conflict_spike
2019-12-03,diesel,83.22045166426423,7798.392,112.31824313912162,61.4576879375081,0.21822039601681764,0.5,30.72884396875405,0.0,61.4576879375081,6564.527329465617,0.40426853557741466,0.008705605630732822,0.01620663895286232,0.06148386800726483,0.00012756334416853414,0.0,0.9049792800501512,conflict_spike
2019-12-31,diesel,88.82358382867686,7836.551999999999,293.28749115662686,354.745179094135,0.22231943213474276,0.75,266.05888432060124,266.05888432060124,88.68629477353375,6830.586213786219,0.32353140311570483,0.009088288536068785,0.012241272685445559,0.04296239164823419,0.00011906544707208791,0.28314931970369234,0.6055457797913126,conflict_spike
2020-02-05,diesel,76.29191560141163,7810.032,-703.484435570548,-614.7981407970143,0.18540867773829628,0.5,-307.39907039850715,-307.39907039850715,-307.39907039850715,6523.187143387711,0.7346832108765149,0.009788055667812405,0.016519698319936257,0.06618909357470754,0.00010428380704369835,1.3154161033224916,0.9789995049837449,conflict_spike
2020-02-19,diesel,72.79139426102316,7778.856,-256.4598724091652,-563.8589428076723,0.2214207611777732,0.5,-281.92947140383615,-281.92947140383615,-281.92947140383615,6241.257671983875,0.6827156146683581,0.008286147407687997,0.022454736944597202,0.09385665457905189,0.00013721434255441463,0.0025948018917973845,1.3962843866470225,conflict_spike
2020-03-18,diesel,49.710150599315604,7460.405999999999,-110.29551599017753,-392.2249873940137,0.2234158151736145,0.25,-98.05624684850342,-98.05624684850342,-294.1687405455103,6143.201425135372,0.5887329678962173,0.007125321185739927,0.019071265800520806,0.07530448931098849,0.00016575735457035717,0.1352374508335033,1.1198623757365822,conflict_spike
2020-06-29,diesel,54.49575863100612,6583.712399999999,182.11079969766158,-112.0579408478487,0.1269092068579161,0.25,-28.014485211962175,0.0,-112.0579408478487,6143.201425135372,0.09938278355362246,0.006849736791578993,0.005115335227886323,0.017346752298633698,0.0001729294224507512,0.038460110184058545,0.1854894686824393,conflict_spike
2020-07-11,diesel,56.3952193131329,6251.151599999999,98.76932462082206,-13.288616227026637,0.07726884608983525,0.0,-0.0,0.0,-13.288616227026637,6143.201425135372,0.01790022882457197,0.006988151780215678,0.0018766170903302874,0.006017461637931884,0.00016930819409470443,0.0,0.039237456584604626,conflict_spike
2020-08-22,diesel,59.20861722141876,6227.413199999999,58.29448319070578,45.005866963679146,0.07352275369564798,0.0,0.0,0.0,45.005866963679146,6143.201425135372,0.017559182519632805,0.007120062965707524,0.001701263141197528,0.005432887734898131,0.00016589277800733887,0.0,0.035200270362960646,conflict_spike
2020-09-19,diesel,53.51410259111857,6428.1012,-105.60228316637014,-60.596416202690996,0.10432098468901335,0.0,-0.0,0.0,-60.596416202690996,6143.201425135372,0.046684085583027134,0.00724577594686116,0.00342437720405351,0.011315945690578099,0.00016267023119766535,0.0,0.09755223893313131,conflict_spike
2020-10-23,diesel,55.35804860338164,6421.4244,-72.75565439655085,-133.35207059924184,0.10332729898130208,0.25,-33.33801764981046,0.0,-133.35207059924184,6143.201425135372,0.05661800175782254,0.007365581963095554,0.0033585273891447395,0.011085894369931121,0.0001596285191312564,0.0,0.09450391929552972,conflict_spike
2020-11-06,diesel,51.76241336586406,6343.9716,-108.22105491938777,-241.5731255186296,0.09164739496384691,0.25,-60.3932813796574,-60.3932813796574,-181.17984413897221,6082.808143755715,0.06830734920283832,0.007399356906876184,0.0031861676616750704,0.010595549534329578,0.00015877620636028892,0.014589393743209894,0.08811580093332061,conflict_spike
2020-11-20,diesel,55.88445675496085,6284.774399999999,-54.34095501386925,-235.52079915284145,0.09213580049019493,0.25,-58.88019978821036,-58.88019978821036,-176.6405993646311,6023.927943967505,0.06494702916161361,0.007181829573235412,0.0032082010068761103,0.010671245866076122,0.0001643054930895823,9.157663609503632e-06,0.08909184028886971,conflict_spike
2020-12-04,diesel,61.86843410101034,6329.202,342.8711335711997,166.23053420656862,0.10823262964786012,0.75,124.67290065492647,124.67290065492647,41.557633551642155,6148.600844622431,0.05029543497587192,0.007226810602330178,0.0025111613974627416,0.007987483788851649,0.00016315436738874474,0.13476696272915312,0.057297789862814585,conflict_spike
2020-12-18,diesel,65.74069327167149,6366.242399999999,226.2397229745497,267.79735652619183,0.09418681566029727,0.75,200.84801739464388,200.84801739464388,66.94933913154796,6349.448862017075,0.02066607350837207,0.008142971180398926,0.0012840936837241958,0.003924381141695024,0.00014058913242885046,0.023210593641238304,0.029043548862010066,conflict_spike
2021-01-01,diesel,67.30333778049624,6562.212,72.72331423069386,139.67265336224182,0.09242247248076187,0.75,104.75449002168136,104.75449002168136,34.918163340560454,6454.203352038757,0.024620244784166512,0.00918939791857722,0.0018682572611920158,0.005888202083980755,0.00011686911736286256,0.03693586401191318,0.03828166463530793,conflict_spike
2021-01-16,diesel,71.91327165318738,6664.977599999999,195.07790385782792,229.99606719838837,0.09162414948870089,0.75,172.4970503987913,172.4970503987913,57.499016799597086,6626.700402437548,0.019321240218730037,0.009857603116945609,0.0014028218302859017,0.004326509492888043,0.00010286821453339144,0.01835621794578553,0.029954385660622983,conflict_spike
2021-01-30,diesel,73.27066827322854,6733.487999999999,44.8922301231325,102.39124692272958,0.07585917990237026,0.75,76.79343519204718,76.79343519204718,25.597811730682395,6703.493837629596,0.020107151730002566,0.010631697403873508,0.0013298217460527364,0.004156949208378137,8.776509353259038e-05,0.036636727854562165,0.02949448255292011,conflict_spike
2021-02-19,diesel,82.30225455682894,6853.344000000001,469.0435013064432,494.6413130371256,0.08186526203418434,1.0,494.6413130371256,494.6413130371256,0.0,7198.1351506667215,0.11991065622880423,0.011491699722246599,5.26527306888963e-05,0.00014640839650785332,7.239117361641861e-05,0.6983873960785424,0.0007511820562582673,conflict_spike
2021-03-04,diesel,85.7219776342821,7094.5536,210.66683790683126,210.66683790683126,0.0453998494469446,0.5,105.33341895341563,105.33341895341563,105.33341895341563,7303.468569620137,0.11602492762644885,0.013415261799573839,0.0003278310587991445,0.00098565246277649,4.3358777168151564e-05,0.6062425455835726,0.00746777279617053,conflict_spike
2021-03-18,diesel,90.47503793131854,7244.0736,289.13398056195064,394.46739951536625,0.051800888160476864,0.5,197.23369975768313,197.23369975768313,197.23369975768313,7500.70226937782,0.03908932980744484,0.013839584986019707,0.0002252430865176403,0.0006649202579336783,3.795071314447382e-05,0.03378264644761287,0.004831045402043609,conflict_spike
2021-04-01,diesel,83.76091216706209,7397.25,-288.1543129474614,-90.92061318977827,0.046014766382396176,0.5,-45.46030659488913,0.0,-90.92061318977827,7500.70226937782,0.04086818908762181,0.014338925521430483,0.0006886543473200429,0.0021351474306676864,3.204776425191114e-05,0.15560452928041557,0.016938869801811977,conflict_spike
2021-04-29,diesel,87.18360550940231,7448.524799999999,149.8129018084277,58.892288618649445,0.052994925736459926,0.25,14.723072154662361,0.0,58.892288618649445,7500.70226937782,0.01287488877523238,0.014125440692762338,0.0009007849807539153,0.0028136293831438515,3.451044705425264e-05,0.0,0.022467697230503222,conflict_spike
2021-05-15,diesel,90.94435230745883,7513.0740000000005,190.31491349214025,249.2072021107897,0.061646693566731935,0.75,186.90540158309227,186.90540158309227,62.301800527697424,7687.607670960912,0.03189732260321025,0.014125780880673504,0.00046433427286393067,0.0013910476371667105,3.450645026186096e-05,0.13973451656374797,0.01081587465293384,conflict_spike
2021-06-12,diesel,94.9320417356627,7576.401599999999,149.82922685378017,212.1310273814776,0.045322046423606606,0.5,106.0655136907388,106.0655136907388,106.0655136907388,7793.673184651651,0.01701272461346412,0.014671234593741924,0.0003426311749147371,0.0010318264812085574,2.8395740754932804e-05,0.026140349897793107,0.007848836516550042,conflict_spike
2021-06-29,diesel,99.65252647706667,7615.612799999999,284.06705150953894,390.1325652002777,0.0366190339073368,0.5,195.06628260013886,195.06628260013886,195.06628260013886,7988.73946725179,0.03631075412489913,0.01499902352885781,6.058493856807984e-05,0.0001767151210434104,2.5009765664917794e-05,0.031684547465857735,0.0009688867174341608,conflict_spike
2021-07-13,diesel,101.91866070270922,7742.105999999999,124.87829256676015,319.944575166899,0.028143878777713627,0.5,159.9722875834495,159.9722875834495,159.9722875834495,8148.71175483524,0.02152609777744931,0.015557197609523421,3.493992765100781e-05,0.00010204709229717131,1.9738493080824404e-05,0.004926353944925667,0.00044775242060096876,conflict_spike
2021-07-27,diesel,98.41983748368258,7807.1759999999995,-164.68576512330154,-4.713477539852022,0.016253611442186053,0.0,-0.0,0.0,-4.713477539852022,8148.71175483524,0.018500391217592033,0.01579763524249526,0.00010883458218184873,0.00032714490029270543,1.765986955511787e-05,0.10236453117872749,0.002113439079308491,conflict_spike
2021-08-24,diesel,92.47727471691613,7901.052,-274.2356274244617,-278.94910496431373,0.028654838009515765,0.5,-139.47455248215687,-139.47455248215687,-139.47455248215687,8009.237202353083,0.036594029707437636,0.015375625380551265,0.0006850242003807073,0.002161547554294505,2.138484062100164e-05,0.07781260316039172,0.01715507196352216,conflict_spike
2021-09-07,diesel,95.7692794052628,7911.5855999999985,132.03761129159065,-7.436941190566216,0.04765713887326398,0.0,-0.0,0.0,-7.436941190566216,8009.237202353083,0.021534135529585927,0.014676508610447505,0.0007358894819489296,0.002285569259819578,2.833956057463956e-05,0.07781260316039172,0.018169623084684547,conflict_spike
2021-09-19,diesel,97.32820527745068,7919.9256,35.61977925308414,28.182838062517924,0.048723176597380714,0.0,0.0,0.0,28.182838062517924,8009.237202353083,0.009174535999552522,0.014447161525981642,0.0007674274076995315,0.0023862175027255846,3.083401511853853e-05,0.0,0.018991583501916383,conflict_spike
2021-10-10,diesel,106.60636994751637,7998.701999999998,517.6051065908715,545.7879446533894,0.058682886004118584,0.75,409.3409584900421,409.3409584900421,136.44698616334733,8418.578160843126,0.12984154686915728,0.014646580271806481,3.616940150210004e-05,0.00010251664712416127,2.8659102786211574e-05,0.6702400811901854,0.0004508359357764742,conflict_spike
2021-10-23,diesel,112.94402111142064,8050.711199999999,319.4312037014283,455.8781898647756,0.014306277830072102,0.75,341.9086423985817,341.9086423985817,113.96954746619389,8760.486803241707,0.013551689352929603,0.0160554328987216,0.0001579972387696926,0.0004418450186031784,1.5559609616487893e-05,0.01818846901383451,0.0,conflict_spike
2021-11-20,diesel,110.39508259559608,8213.874,-154.2765514313115,-40.307003965117616,-0.006547502827740865,0.0,-0.0,0.0,-40.307003965117616,8760.486803241707,0.0813488668332698,0.0167980265686908,1.950561502794666e-06,5.7372439062597195e-06,1.0252633854810015e-05,0.4676060789873649,0.0,conflict_spike
2021-12-04,diesel,100.70224380885143,8253.725999999999,-444.83185904222586,-485.1388630073435,-0.0013978224188333833,0.75,-363.85414725550766,-363.85414725550766,-121.28471575183585,8396.6326559862,0.10897078632812787,0.016129314006363693,0.0005730855416588406,0.0018473216757213873,1.4982210061332288e-05,0.5295593619001305,0.014576620729429505,conflict_spike
2021-12-18,diesel,98.81350340597926,8282.7768,-134.45549442143908,-255.74021017327493,0.04625390267836279,0.5,-127.87010508663747,-127.87010508663747,-127.87010508663747,8268.762550899562,0.06421476087334946,0.014646938368709396,0.0011888890243513025,0.003806253574786116,2.8655268828395623e-05,0.22275387263343643,0.028900197247910268,conflict_spike
2022-01-01,diesel,101.15037392453209,8267.724,127.97914582762401,0.10904074098654348,0.059874384909370165,0.0,0.0,0.0,0.10904074098654348,8268.762550899562,0.024085211349719936,0.014030240423119946,0.0011393034372825723,0.0035849438575722603,3.563802940575112e-05,0.06540305509947082,0.02867953574620331,conflict_spike
2022-01-18,diesel,111.2779601757691,8267.630399999998,571.7222058489458,571.8312465899323,0.05986306222644343,0.75,428.87343494244925,428.87343494244925,142.95781164748308,8697.635985842011,0.1425355621116506,0.014255449370362742,3.935751274511042e-05,0.00011152704632720667,3.299986193646582e-05,0.7357296927973409,0.0005106260374762565,conflict_spike
2022-01-30,diesel,119.1736770885375,8267.568,398.40886066667093,541.366672314154,0.007981318588246047,0.75,406.0250042356155,406.0250042356155,135.34166807853853,9103.660990077626,0.01511580485400373,0.015751664107373387,0.0003669565281928563,0.0010138748912322663,1.8048357856579568e-05,0.002088203143059937,0.0,conflict_spike
2022-02-18,diesel,128.37978421419882,8483.771999999999,502.53930327463996,637.8809713531784,-0.013067615451903448,0.75,478.41072851488383,478.41072851488383,159.4702428382946,9582.07171859251,0.02423308143579307,0.017093233584440422,0.0011004886819809627,0.0029833747048574866,8.449290994625077e-06,0.020958772317737035,0.0,conflict_spike
2022-03-04,diesel,136.53011286496695,8935.184399999998,400.4972069454484,559.967449783743,-0.012397758080125429,0.75,419.9755873378072,419.9755873378072,139.99186244593574,10002.047305930317,0.018233643214844643,0.018450254729887025,0.000792850034495191,0.002177571184642422,2.401710402237539e-06,0.0136586628975395,0.0,conflict_spike
2022-03-18,diesel,153.23290307890915,9214.679999999998,911.9275552964375,1051.9194177423733,-0.025447059033012268,0.75,788.93956330678,788.93956330678,262.9798544355933,10790.986869237096,0.14930075793075973,0.01980750666339594,0.0028549585661119233,0.007409120392569984,3.7053684636963576e-08,0.5445376622513307,0.0,conflict_spike
2022-04-01,diesel,155.10736343725247,9642.24,80.61205656975166,343.59191100534497,-0.059136929721423266,0.5,171.79595550267248,171.79595550267248,171.79595550267248,10962.782824739768,0.28476429964638916,0.021480764186644657,0.001305855738489579,0.0036550366506060924,2.1926625764494128e-06,1.52346493061388,0.0,conflict_spike
2022-04-16,diesel,139.66200479173753,9821.570399999999,-713.9341746782044,-542.138219175532,-0.056194496222291355,0.75,-406.60366438164897,-406.60366438164897,-135.534554793883,10556.179160358119,0.24377975409202307,0.021034760514247165,3.023414141403772e-05,9.197582688347608e-05,1.070729321845057e-06,1.3381844811293107,0.0,conflict_spike
2022-04-29,diesel,141.7608475749774,9941.124,133.07023126452202,-2.4643235293609678,-0.0018697805558122534,0.0,-0.0,0.0,-2.4643235293609678,10556.179160358119,0.11320989105287736,0.019559880068275408,1.0200922892303547e-06,3.0104282889084536e-06,1.9370555430126e-07,0.6613061595543386,0.0,conflict_spike
2022-05-17,diesel,146.29335950290758,9861.989999999998,392.5115015381021,390.0471780087411,-0.010390373581611904,0.5,195.02358900437056,195.02358900437056,195.02358900437056,10751.20274936249,0.056521210494174426,0.01925217005523946,0.0001806465727864777,0.0005156628631451132,5.59249626280551e-07,0.15213680107258257,0.0,conflict_spike
2022-05-31,diesel,154.79201138727174,9814.5096,460.3713627622632,655.3949517666338,-0.035439628421423064,0.75,491.5462138249753,491.5462138249753,163.84873794165844,11242.748963187465,0.08213329303603611,0.01965334540982502,0.0016591762327379694,0.004493890955183651,1.2016940488938344e-07,0.3517026681220044,0.0,conflict_spike
2022-06-15,diesel,166.75694372900733,10031.184,685.3680733878855,849.2168113295439,-0.06077985641450359,0.75,636.912608497158,636.912608497158,212.30420283238595,11879.661571684623,0.0514564059175748,0.020820551814341413,0.0034693343016613458,0.009139395909488441,6.733052800189846e-07,0.08452555479995509,0.0,conflict_spike
2022-06-29,diesel,157.00772685118486,10180.1808,-413.50842105892093,-201.20421822653498,-0.10694013643496603,0.5,-100.60210911326749,-100.60210911326749,-100.60210911326749,11779.059462571355,0.3811052975911822,0.021679367203459615,0.0020187333002015563,0.005736407825884084,2.8202742040557673e-06,2.175711834767942,0.0,conflict_spike
2022-07-13,diesel,150.4405860860346,10302.6,-359.0380424037363,-459.6401515170038,-0.08330940370113889,0.75,-344.7301136377529,-344.7301136377529,-114.91003787925092,11434.329348933601,0.051518590434923066,0.02066544671245834,0.0005120715848389346,0.0015191638035318969,4.4281932712161126e-07,0.23839393037242862,0.0,conflict_spike
2022-07-27,diesel,144.33545513569536,10316.4528,-309.18438238798194,-424.09442026723286,-0.04835861614503799,0.75,-318.07081520042465,-318.07081520042465,-106.02360506680822,11116.258533733177,0.009493225839534993,0.01918011646794079,4.745137867462717e-05,0.00014278300492619748,6.72209006141885e-07,0.002842872772682126,0.0,conflict_spike
2022-08-10,diesel,137.01439851058365,10127.928,-431.8823637855643,-537.9059688523726,-0.0375846721790653,0.75,-403.4294766392794,-403.4294766392794,-134.47649221309314,10712.829057093897,0.01947771373453384,0.017732261548016146,9.489309506401284e-06,2.9179570641682947e-05,5.14263768660613e-06,0.02914440433053212,4.045304020387569e-05,conflict_spike
2022-08-24,diesel,131.43337606846293,10009.271999999999,-353.0610712707709,-487.53756348386406,-0.010290532327815486,0.75,-365.65317261289806,-365.65317261289806,-121.884390870966,10347.175884481,0.015344741792587581,0.01615376938152233,0.00023778371027596045,0.0007476599354040048,1.4793489970515128e-05,0.005708196583574384,0.005508684111094514,conflict_spike
2022-09-07,diesel,127.86094395398467,9777.624,-155.38311372814582,-277.2675045991118,0.001749459328667315,0.5,-138.6337522995559,-138.6337522995559,-138.6337522995559,10208.542132181443,0.05158859110035332,0.014874146213722603,0.00010389408885899078,0.0003164298401933466,2.6274377038294326e-05,0.20615126879762363,0.0020296436881086124,conflict_spike
2022-09-22,diesel,120.16049810326994,9686.0976,-377.7963094874763,-516.4300617870322,0.006062433628436276,0.75,-387.32254634027413,-387.32254634027413,-129.10751544675804,9821.219585841169,0.06331024199210322,0.013983200530457953,0.0006634818497727317,0.0021383070567152873,3.620187585668146e-05,0.24738446512570708,0.016964749689007845,conflict_spike
2022-10-25,diesel,121.8403076995615,9596.975999999999,192.49542601982955,63.38791057307151,0.03663393283038634,0.25,15.846977643267877,0.0,63.38791057307151,9821.219585841169,0.11077565054209981,0.012817918977729471,0.00044997286684101345,0.0013814185933207757,5.1582287810458485e-05,0.6000750196140552,0.010736360276970064,conflict_spike
2022-11-08,diesel,125.35720957167942,9552.7776,182.5474240971762,245.9353346702477,0.03189906464051167,0.5,122.96766733512385,122.96766733512385,122.96766733512385,9944.187253176293,0.023769452671957673,0.012778301986184019,0.00014308280219326854,0.00042598285489045426,5.2152922202753694e-05,0.06048418883936674,0.0028960960292774693,conflict_spike
2022-11-22,diesel,121.48049807449979,9525.134399999999,-291.16858951152744,-168.2009221764036,0.016005570569556038,0.5,-84.1004610882018,-84.1004610882018,-84.1004610882018,9860.086792088092,0.0372511198297233,0.01288859070004564,0.00022153077279856597,0.0006775332138946511,5.057214223147737e-05,0.17150883923495552,0.004934174376369216,conflict_spike
2022-12-06,diesel,111.84842928384721,9347.777999999998,-546.3123211663823,-630.412782254584,0.005194591475311838,0.75,-472.80958669093803,-472.80958669093803,-157.603195563646,9387.277205397153,0.13451631168617134,0.012135195533933132,0.0009459588465341437,0.00311277647074484,6.185514928946536e-05,0.6043791373073749,0.024886342624564472,conflict_spike
2022-12-20,diesel,104.49194270455902,9247.924799999999,-492.42400983350973,-650.0272053971557,0.044931494534086784,0.75,-487.5204040478668,-487.5204040478668,-162.50680134928893,8899.756801349286,0.05647825592830825,0.010376461960789177,0.002840033549990487,0.009824986291678769,9.261248439213769e-05,0.0008656325892356673,0.07840862242060809,conflict_spike
2023-01-04,diesel,108.0323845328285,8976.875999999998,179.6425395720873,17.135738222798352,0.06859087266558127,0.0,0.0,0.0,17.135738222798352,8899.756801349286,0.17717350387831704,0.009023453244875596,0.0014843814241562838,0.004714925523299527,0.00012048457866743208,0.9507045774519811,0.031383108260468084,conflict_spike
2023-01-18,diesel,106.14836835182902,8854.188,-180.48660011930468,-163.35086189650633,0.05485341836549156,0.5,-81.67543094825317,-81.67543094825317,-81.67543094825317,8818.081370401032,0.02316563943478923,0.008984674444931468,0.001287746551718916,0.004108119400859764,0.00012133739708414587,0.026683504082331482,0.02938202879031109,conflict_spike
2023-02-04,diesel,110.53477115581214,8655.75,259.5375267887195,177.86209584046634,0.04124583422568451,0.5,88.93104792023317,88.93104792023317,88.93104792023317,8907.012418321267,0.02973654712622429,0.00887098809541103,0.0003344878793621726,0.0010106355225798132,0.00012385490597248303,0.11642628252761311,0.007673928925085175,conflict_spike
2023-03-18,diesel,104.05445304147867,8580.800399999998,-245.6441981209044,-156.71315020067124,0.021983497679159695,0.5,-78.35657510033562,-78.35657510033562,-78.35657510033562,8828.655843220931,0.027583611197743645,0.009099921203408582,0.0003309903303790348,0.001019271218432385,0.00011881171777190182,0.11194059526348775,0.007745202444895644,conflict_spike
2023-04-01,diesel,100.56101342514205,8535.4908,-214.08681183026232,-292.44338693059797,0.025653405282689543,0.5,-146.22169346529898,-146.22169346529898,-146.22169346529898,8682.434149755632,0.026864704029443007,0.00877258880487341,0.0005905657425547584,0.0018555235760282555,0.0001260547621444539,0.01842269716276195,0.014644058769002754,conflict_spike
2023-04-18,diesel,114.30475741302745,8536.1016,798.9647886745181,652.7430952092191,0.04285721555192927,0.75,489.5573214069143,489.5573214069143,163.18577380230477,9171.991471162546,0.2981179955770528,0.008859015298038486,3.1384486439691644e-05,8.704015708355884e-05,0.0001241215401293405,1.6168598230075282,0.0,conflict_spike
2023-04-29,diesel,109.58573914311137,8537.831999999999,-258.66537920200005,-95.47960539969529,-0.014276405434371038,0.5,-47.739802699847644,0.0,-95.47960539969529,9171.991471162546,0.17142838281826275,0.010342340178187364,2.8516843557228074e-05,8.355550677624148e-05,9.327039323385408e-05,0.9586654837724513,0.0,conflict_spike
2023-05-17,diesel,99.58203825829786,8587.355999999998,-498.92762562325504,-594.4072310229503,-0.008080963589089373,0.75,-445.80542326721275,-445.80542326721275,-148.60180775573758,8726.186047895333,0.1606765336125056,0.009919131340809148,0.0005978931236058977,0.0019439641972813497,0.00010162391292385638,0.7949699016578348,0.015370796936634038,conflict_spike
2023-05-31,diesel,100.5691074496212,8617.070399999999,16.134830580815997,-132.4669771749216,0.04733726860403349,0.5,-66.2334885874608,-66.2334885874608,-66.2334885874608,8659.952559307872,0.11306863892499908,0.008610516091332012,0.0009607084736493717,0.0030303067867601973,0.00012972034370580703,0.5762994143861196,0.02422075507004689,conflict_spike
2023-06-14,diesel,98.87011066063388,8497.02,-0.26873023177827127,-66.50221881923908,0.040824740990621215,0.25,-16.62555470480977,0.0,-66.50221881923908,8659.952559307872,0.012562711451690429,0.0084724429069252,0.0005500979115075765,0.0016962465337665904,0.00013288457253409915,0.0175475000418612,0.013333275815610465,conflict_spike
2023-06-29,diesel,98.78771103553393,8413.104,-13.54530395665983,-80.0475227758989,0.0306590386487708,0.5,-40.02376138794945,0.0,-80.0475227758989,8659.952559307872,0.008537366631474032,0.008534610653553727,0.0003251345526782085,0.000991959671363572,0.00013145515286560371,0.0,0.007519813206934573,conflict_spike
2023-07-13,diesel,101.40627608570827,8441.946,114.41153107113486,34.36400829523596,0.03417579319888186,0.0,0.0,0.0,34.36400829523596,8659.952559307872,0.005174441813421445,0.00859385728022254,0.0003960790358252444,0.001212842928088181,0.00013010009174393237,0.0,0.009343878726181917,conflict_spike
2023-07-27,diesel,107.08715963786908,8492.8176,259.65667321322485,294.0206815084608,0.04032043460960802,0.5,147.0103407542304,147.0103407542304,147.0103407542304,8806.962900062103,0.034024262877150505,0.008789156502313163,0.00019888469336515118,0.0005919437427207753,0.00012568301192962726,0.08644816115469976,0.004235855195467703,conflict_spike
2023-08-10,diesel,113.96625348988255,8664.918,416.9649362333393,563.9752769875697,0.04360689621504755,0.75,422.9814577406773,422.9814577406773,140.99381924689243,9229.94435780278,0.06807529014861152,0.009662577225508692,5.270796711695794e-07,1.4802595077636017e-06,0.00010686230961857158,0.3046402296429886,0.0,conflict_spike
2023-08-24,diesel,113.66676131068436,8747.8296,76.85700517468199,217.85082442157443,0.0048875001174255054,0.5,108.92541221078721,108.92541221078721,108.92541221078721,9338.869770013567,0.0770459602922357,0.010991340822404739,3.721226261463748e-06,1.0812197436273703e-05,8.115594017807135e-05,0.3945247989354896,0.0,conflict_spike
2023-09-21,diesel,124.41650464368922,9026.562,624.8936167119965,733.8190289227837,0.025401249111946883,0.75,550.3642716920878,550.3642716920878,183.45475723069592,9889.234041705655,0.1604457491152694,0.011718378312901737,0.00027084800831944845,0.0007416610103442336,6.858525776821629e-05,0.7794730666406056,0.0,conflict_spike
2023-10-11,diesel,122.09385068907885,9273.3948,-159.5708682724549,23.883888958241016,-0.006409255185129663,0.0,0.0,0.0,23.883888958241016,9889.234041705655,0.2078732153816029,0.013132386411655352,1.7574966095144948e-06,5.169733652902625e-06,4.7164116398816066e-05,1.211603326220649,0.0,conflict_spike
2023-10-25,diesel,120.8700210997358,9430.432799999999,-101.41882819886125,-77.53493924062023,0.01134886686158719,0.25,-19.383734810155058,0.0,-77.53493924062023,9889.234041705655,0.00528813199506271,0.012975594091029986,6.189605224785188e-05,0.00018512291247210427,4.934227837397286e-05,0.0,0.001030374232336255,conflict_spike
2023-11-08,diesel,116.23528322244266,9412.313999999998,-292.93192608487414,-370.4668653254944,0.009330202784813986,0.5,-185.2334326627472,-185.2334326627472,-185.2334326627472,9704.000609042907,0.053984301971736474,0.012672979978311797,0.0002888363999902552,0.000896500168751199,5.36852223982198e-05,0.137245698304098,0.0067326902038208096,conflict_spike
2023-11-22,diesel,108.50685084107633,9374.380799999997,-481.39225579184483,-666.625688454592,0.02483823133759313,0.75,-499.96926634094405,-499.96926634094405,-166.65642211364798,9204.031342701963,0.10827692934861567,0.011638267007159515,0.0018213320493738075,0.006163527306608984,6.99185786435571e-05,0.39623458000443834,0.04035751246904032,conflict_spike
2023-12-06,diesel,105.874949455527,9175.793999999998,-229.63375702598702,-396.29017913963503,0.056922626782819674,0.5,-198.14508956981751,-198.14508956981751,-198.14508956981751,9005.886253132145,0.11222807345449883,0.010060424510026419,0.001895393660799113,0.006219893189000539,9.879516092088357e-05,0.364391334734273,0.0408007142834489,conflict_spike
2023-12-20,diesel,99.93067371355649,9071.8152,-331.3867227967357,-529.5318123665531,0.06726744818036581,0.5,-264.76590618327657,-264.76590618327657,-264.76590618327657,8741.120346948868,0.0929580569058539,0.009257994578387257,0.0028362075357122496,0.009571117864759886,0.00011539068047795758,0.01775333282497657,0.07530873487954254,conflict_spike
2024-01-04,diesel,104.0263498006397,8875.776,203.85074844981096,-60.915157733465605,0.07517114143609892,0.0,-0.0,0.0,-60.915157733465605,8741.120346948868,0.06764792874534704,0.008532784572073154,0.0017772875624730076,0.005685891494521838,0.00013149702967048347,0.2804039403082064,0.03685572363659411,conflict_spike
2024-01-18,diesel,102.91098930271222,8799.743999999999,0.2239711893870548,-60.69118654407855,0.06666197255864843,0.0,-0.0,0.0,-60.69118654407855,8741.120346948868,0.016667611878240108,0.008592117002126363,0.0014038370344110456,0.004449777433168092,0.0001301397944931744,0.0,0.0303533657430265,conflict_spike
2024-02-01,diesel,108.05069996208887,8774.616,247.49844562484304,186.80725908076448,0.0638173354880865,0.75,140.10544431057338,140.10544431057338,46.701814770191106,8881.225791259441,0.023443678561481083,0.008779748369334164,0.0007534356156988685,0.002303620805632236,0.00012589404665545935,0.0785181421018527,0.01831713645486288,conflict_spike
2024-03-05,diesel,111.60010559665686,8845.344,192.1544751927846,238.8562899629757,0.055943426139283825,0.5,119.42814498148785,119.42814498148785,119.42814498148785,9000.65393624093,0.018204431677933938,0.009346605303656321,0.0005994808553369485,0.001827100332318479,0.00011349481855608363,0.0017102028301784035,0.014410326942051327,conflict_spike
2024-04-02,diesel,114.54539488526511,8980.795199999999,166.22238333373866,285.6505283152265,0.05778875524954294,0.5,142.82526415761325,142.82526415761325,142.82526415761325,9143.479200398542,0.023024869787329944,0.009840741434613156,0.0005862542065620603,0.0017814855500577417,0.00010321053459838595,0.0021897007429672595,0.014035057474414137,conflict_spike
2024-04-17,diesel,121.08802747295064,9058.147199999998,413.06816071671426,555.8934248743275,0.050579530392424674,0.75,416.9200686557456,416.9200686557456,138.9733562185819,9560.399269054287,0.06698995993516693,0.010616600038550259,1.961851729388089e-05,5.5731701132180924e-05,8.804819483653502e-05,0.3005118474114776,0.00016579841385050913,conflict_spike
2024-04-30,diesel,117.82500711028835,9094.943999999998,-155.1690169485241,-16.195660729942205,0.008822634965724972,0.0,-0.0,0.0,-16.195660729942205,9560.399269054287,0.11953085874781778,0.011741975965971777,4.2911152648481586e-05,0.00012801211024164998,6.819496094658778e-05,0.6952893745916465,0.000622711101907463,conflict_spike
2024-05-16,diesel,110.7140752378639,9125.243999999999,-418.5566665239284,-434.7523272538706,0.012313026473123649,0.75,-326.06424544040294,-326.06424544040294,-108.68808181346765,9234.335023613885,0.09055928446235237,0.011371583869169538,0.0007218012022788214,0.002321926187517875,7.444956492677533e-05,0.42527156861847737,0.018466683051998622,conflict_spike
2024-06-14,diesel,105.44495334158282,9057.006,-306.9636158620771,-415.65169767554477,0.04042078987097001,0.5,-207.82584883777238,-207.82584883777238,-207.82584883777238,9026.509174776113,0.057290180007186664,0.010242856836799288,0.00124315030958386,0.004016844990592866,9.520184270719442e-05,0.055921273724643825,0.029196833196368017,conflict_spike
2024-06-28,diesel,113.46173257257126,9017.275199999998,456.6863902583244,248.86054142055204,0.058975968397181264,0.5,124.43027071027602,124.43027071027602,124.43027071027602,9150.939445486389,0.09533700443135129,0.009760077249561183,0.0006743559474246562,0.00206055944027309,0.00010485601793495447,0.4415765159085081,0.016327596427420255,conflict_spike
2024-07-12,diesel,116.37818881637459,8969.351999999999,165.54034401399787,289.9706147242739,0.03975467508841341,0.5,144.98530736213695,144.98530736213695,144.98530736213695,9295.924752848525,0.019132690416862812,0.010243205410301182,0.00020744499778469063,0.0006184798933892367,9.519504066557613e-05,0.001690038127037385,0.0044519617557206995,conflict_spike
2024-07-26,diesel,113.06784992373554,8961.338399999999,-184.48728479163088,-39.501977429493934,0.022663350281635773,0.0,-0.0,0.0,-39.501977429493934,9295.924752848525,0.017512764746321248,0.010626608997281685,0.00019047975511375662,0.0005763456910730842,8.786045888984067e-05,0.08408295740357329,0.004109019567904962,conflict_spike
2024-08-09,diesel,106.15682962571809,8916.258,-446.34480566711346,-485.8467830966074,0.01741859950121183,0.75,-364.38508732245555,-364.38508732245555,-121.46169577415185,8931.53966552607,0.11494097109733731,0.010266975402649701,0.0010392131864609916,0.003397610116360549,9.473176781262595e-05,0.5311059674519742,0.027178146114012917,conflict_spike
2024-09-06,diesel,104.16761799352045,8755.2012,-189.29324692681615,-310.754942700968,0.039859004779231114,0.5,-155.377471350484,-155.377471350484,-155.377471350484,8776.162194175586,0.061172816262821346,0.009101938421343209,0.0010389919895506642,0.003319096344393412,0.00011876774617219536,0.17473673413714852,0.0265475001395622,conflict_spike
2024-09-21,diesel,97.81398132558247,8656.977599999998,-383.7764567087442,-539.1539280592282,0.04623253984443861,0.75,-404.3654460444211,-404.3654460444211,-134.78848201480707,8371.796748131164,0.08702665529182668,0.008313625769468532,0.002587044413536507,0.00884812525111782,0.00013657134265602998,0.24798004616875466,0.06678185580959635,conflict_spike
2024-10-11,diesel,101.76632247907621,8494.037999999999,130.7293674541246,-4.059114560682474,0.07439141805921216,0.0,-0.0,0.0,-4.059114560682474,8371.796748131164,0.1282966722875585,0.00720709952621396,0.0017411043662933336,0.00556539202984334,0.0001636583025321951,0.6540456558188145,0.03604895198142563,conflict_spike
2024-10-24,diesel,100.7716330211333,8429.2056,-22.802440656437497,-26.86155521711997,0.06681070727101907,0.0,-0.0,0.0,-26.86155521711997,8371.796748131164,0.014337005499920709,0.007328722858829434,0.001409962600582121,0.004469913417736705,0.00016056126438835172,0.0,0.030423500673602888,conflict_spike
2024-11-07,diesel,98.15517381468285,8395.452,-224.62232149101573,-251.4838767081357,0.06281762695669448,0.25,-62.87096917703393,-62.87096917703393,-188.61290753110177,8308.92577895413,0.04588532178469702,0.007383212404700776,0.0015463279886266431,0.004958081701376656,0.00015918332922489637,0.0158110350610382,0.0325177086498401,conflict_spike
2025-01-03,diesel,98.43188401726684,8447.548799999999,77.08423282836536,-111.52867470273641,0.0764098514643525,0.25,-27.882168675684103,0.0,-111.52867470273641,8308.92577895413,0.029959307595271684,0.00730485836214022,0.0018355917636039688,0.005880378697480753,0.00016116662120532112,0.0158110350610382,0.03822491287787391,conflict_spike
2025-01-17,diesel,106.17514163237388,8479.185599999999,479.85049575558725,368.32182105285085,0.08007973749812364,0.75,276.24136578963817,276.24136578963817,92.08045526321268,8585.167144743767,0.06717982283566397,0.007693791850735052,0.0007556416290070594,0.0022710250436772006,0.00015144275901303502,0.30523716869329864,0.018050741729175777,conflict_spike
2025-02-20,diesel,100.48185365427683,8570.544,-329.5582387464922,-237.4777834832795,0.05829379036572621,0.5,-118.73889174163975,-118.73889174163975,-118.73889174163975,8466.428253002128,0.13347357723303896,0.008528104204470841,0.0016165505906267298,0.00522692586856819,0.0001316043931434796,0.6240376153578985,0.03396516388080535,conflict_spike
2025-03-06,diesel,97.8484989877509,8555.9352,-189.34129504580122,-308.080186787441,0.07046138673395667,0.25,-77.02004669686025,-77.02004669686025,-231.06014009058075,8389.408206305268,0.06292017742821024,0.008160203230630839,0.001965596477033892,0.006375969976223585,0.00014018078753996445,0.006961848127481291,0.04205874306165523,conflict_spike
2025-03-20,diesel,94.54899988137137,8550.0816,-225.16968999853253,-456.2298300891133,0.07879203044035646,0.5,-228.11491504455665,-228.11491504455665,-228.11491504455665,8161.293291260712,0.10259921392363114,0.007782443740918736,0.0034063166386674062,0.011585955369950067,0.00014926868094381577,0.09131863696403082,0.10116922449751345,conflict_spike
2025-04-03,diesel,98.71905400342831,8416.578,220.3447238021273,-7.770191242429348,0.0903311760123042,0.0,-0.0,0.0,-7.770191242429348,8161.293291260712,0.0631673862760954,0.007182939348751987,0.0025612504264469617,0.008332026199696,0.00016427704373777016,0.2081456578631412,0.060999308340128254,conflict_spike
2025-04-18,diesel,88.06598162644596,8350.463999999998,-508.10548359828834,-515.8756748407177,0.08265391584698609,0.5,-257.93783742035885,-257.93783742035885,-257.93783742035885,7903.355453840353,0.15653429135681188,0.007047217746036555,0.003940769699408469,0.013589028866086827,0.00016777456811859035,0.26612771189236595,0.12913969361245087,conflict_spike
2025-05-20,diesel,86.05246239778425,8195.094,-330.73874506702214,-588.676582487381,0.09559917020593615,0.5,-294.3382912436905,-294.3382912436905,-294.3382912436905,7609.017162596663,0.16283526015101354,0.006064996273321037,0.005301977161518006,0.018775572955343742,0.0001941843288625566,0.005299972154177998,0.20780669781286182,conflict_spike
2025-06-04,diesel,87.0947964134802,8088.201599999999,-106.91081150981363,-401.24910275350413,0.11924486815503417,0.25,-100.31227568837603,-100.31227568837603,-300.9368270651281,7508.704886908287,0.1911625296892896,0.005181792548152783,0.005445750992522482,0.01881743418511319,0.00021957927208598042,0.15058437884908454,0.20846606791070266,conflict_spike
2025-06-18,diesel,94.49782813194359,8019.6143999999995,366.09348022458107,65.15665315945296,0.12370749110976112,0.5,32.57832657972648,0.0,65.15665315945296,7508.704886908287,0.08656335543179768,0.0050620524064459394,0.004852590169652596,0.016394829312576183,0.00022314227830776752,0.040250210615123024,0.17085255482251016,conflict_spike
2025-07-02,diesel,96.29858684261369,8071.5779999999995,-3.828729096980905,61.32792406247205,0.12973520086056445,0.5,30.663962031236025,0.0,61.32792406247205,7508.704886908287,0.09176043701408601,0.005284466587948403,0.005353734382791566,0.018214941940263372,0.00021654692360120693,0.0,0.19900493836721395,conflict_spike
2025-07-16,diesel,94.88069449669392,8112.383999999999,-183.77422478636316,-122.44630072389111,0.13441451404318536,0.25,-30.61157518097278,0.0,-122.44630072389111,7508.704886908287,0.11120387888388114,0.005496430036713322,0.0057619941647590375,0.019711383661211297,0.00021035354167995155,0.0,0.2226131965099199,conflict_spike
2025-08-27,diesel,89.64313074085017,8132.441999999999,-281.3689181276073,-403.8152188514984,0.13669739459460165,0.25,-100.9538047128746,-100.9538047128746,-302.8614141386238,7407.751082195413,0.21680533498881058,0.005588475307519378,0.007060041522340225,0.02490990960186433,0.00020769204396197871,0.040766682744020885,0.3067276352511768,conflict_spike
2025-10-14,diesel,87.4735811158522,8089.358399999999,-213.9198089994803,-516.7812231381041,0.1442597501681452,0.5,-258.39061156905206,-258.39061156905206,-258.39061156905206,7149.36047062636,0.2929724586878903,0.00515767573540056,0.009837323091937529,0.036664591187183626,0.00022029458957551732,0.09914539261227728,0.5013999633327417,conflict_spike
2025-10-28,diesel,83.50849911309123,8063.222399999999,-303.41866064250985,-561.8092722115618,0.17333706104567304,0.5,-280.9046361057809,-280.9046361057809,-280.9046361057809,6868.45583452058,0.4169842406544353,0.004163856384552499,0.014041418306672375,0.054732512105179244,0.0002507834446090787,0.0020275252033617186,0.7972522534177986,conflict_spike
2025-11-11,diesel,85.40726746684695,7955.7,42.115646004020384,-238.78899010176053,0.19666228810531064,0.25,-59.69724752544013,-59.69724752544013,-179.0917425763204,6808.75858699514,0.3945844945174897,0.003354422874976429,0.013886699191079028,0.05218980707699703,0.0002770752378251079,0.19573083505013553,0.7562342023527391,conflict_spike
2025-11-25,diesel,84.0145013547091,7900.497599999999,-139.14311863911965,-318.23486121544005,0.1981861077971671,0.25,-79.55871530386001,-79.55871530386001,-238.67614591158002,6729.19987169128,0.39978604583173777,0.0033396453182494585,0.014457241960321346,0.05478500177368506,0.0002775674181217271,0.0015779116092528441,0.7980964978504842,conflict_spike
2025-12-09,diesel,84.02153090339819,7836.804,-75.59191399764063,-314.26805990922065,0.2013336518699102,0.25,-78.56701497730516,-78.56701497730516,-235.70104493191548,6650.632856713975,0.41279038763386755,0.0032492295567559198,0.014932760563417273,0.05681292827057388,0.00028058831044225954,3.933878150755975e-06,0.8306345824563488,conflict_spike
2025-12-23,diesel,81.03394784077317,7820.6687999999995,-245.9469187298594,-481.64796366177484,0.20960816948110952,0.5,-240.82398183088742,-240.82398183088742,-240.82398183088742,6409.808874883088,0.5820059386279363,0.0029626381315413096,0.01935717479327692,0.0784613406053672,0.0002902716994368102,0.10530929317009793,1.1678638035007782,conflict_spike
2026-01-21,diesel,85.4226910776322,7708.23,155.173713135532,-85.65026869535541,0.22844607972477626,0.25,-21.412567173838852,0.0,-85.65026869535541,6409.808874883088,0.4986260116839553,0.0023593574721138336,0.01793057597356274,0.06894186949781045,0.00031119226879666603,0.23198476089953435,1.0218928621125982,conflict_spike
2026-02-04,diesel,89.39117237945084,7673.698799999999,236.20040854980743,150.55013985445203,0.22470413526224306,0.75,112.91260489083902,112.91260489083902,37.63753496361301,6522.721479773927,0.3718764544269047,0.002852833419081802,0.015158158787962745,0.055911728407688085,0.00029402532175375786,0.05099702537293889,0.8161939598421961,conflict_spike
2026-02-25,diesel,92.85760126361768,7648.912799999998,178.0916078219617,215.7291427855747,0.2072354764230116,0.75,161.79685708918103,161.79685708918103,53.93228569639368,6684.518336863108,0.2637267412424947,0.0038315903010205767,0.011743227437921906,0.041727394301249346,0.00026141747219405193,0.009558680451964424,0.5851883671064224,conflict_spike
2026-03-10,diesel,105.8449427313028,7963.781999999999,777.8305174599188,831.7628031563125,0.22063519357221117,1.0,831.7628031563125,831.7628031563125,0.0,7516.2811400194205,0.3697039180097539,0.005762670206968477,0.004796950840772624,0.014289222545412617,0.00020270155963554302,1.7954174755585066,0.13931394102543765,conflict_spike
2026-03-24,diesel,135.7266428938631,8146.3488,2044.9617711147375,2044.9617711147375,0.13734356525227345,1.0,2044.9617711147375,2044.9617711147375,0.0,9561.242911134159,1.0087045456581347,0.011353609446918971,0.003521016518243921,0.007740873965763039,7.476006959640887e-05,5.88740694342155,0.0,conflict_spike
2026-04-08,diesel,156.8884127153132,8268.06,1084.5572955867106,1084.5572955867106,-0.09640705451268611,0.75,813.4179716900329,813.4179716900329,271.13932389667764,10374.660882824192,1.0994869689044253,0.01892126550657598,0.008218985475798326,0.020464019243066567,1.1636681073027808e-06,6.066800519605747,0.0,conflict_spike
2026-04-22,diesel,144.06224865729297,8268.06,-833.5335404487168,-562.3942165520392,-0.1947878078804692,0.75,-421.7956624140294,-421.7956624140294,-140.59855413800983,9952.865220410162,1.061712602951048,0.020331637500964332,0.004150695572703548,0.011941771352279128,1.0998343204586713e-07,6.103010887506257,0.0,conflict_spike
2026-05-09,diesel,154.50541644877967,8268.06,498.59443846251594,357.9958843245061,-0.14377273754788455,0.5,178.99794216225305,178.99794216225305,178.99794216225305,10131.863162572416,0.2743353405371145,0.018945830334211107,0.005719335345118556,0.015364750868322164,1.1112736842694671e-06,1.4438118211990494,0.0,conflict_spike
