simulation_id,fuel,historical_log_return_sigma,noise_sigma,mean_loss,mean_abs_action,std_action,max_abs_action,large_adjustment_count_abs_ge_500,no_adjustment_count,direction_reversal_count,price_below_inventory_cost_count,mean_expectation_loss,mean_security_loss,mean_carry_abs,mean_loss_baseline,mean_abs_action_baseline,mean_expectation_loss_baseline,mean_security_loss_baseline,large_adjustment_count_abs_ge_500_baseline,direction_reversal_count_baseline,mean_carry_abs_baseline,mean_loss_relative_change_pct,mean_loss_absolute_change,mean_abs_action_relative_change_pct,mean_abs_action_absolute_change,mean_expectation_loss_relative_change_pct,mean_expectation_loss_absolute_change,mean_security_loss_relative_change_pct,mean_security_loss_absolute_change,large_adjustment_count_abs_ge_500_relative_change_pct,large_adjustment_count_abs_ge_500_absolute_change,direction_reversal_count_relative_change_pct,direction_reversal_count_absolute_change,mean_carry_abs_relative_change_pct,mean_carry_abs_absolute_change
1,gasoline,0.06578724916238216,0.006578724916238216,0.05626072479067373,119.2223259943569,205.51667048721052,1307.1531810242868,5,87,28,39,0.1599342826944012,0.02262766665112586,131.14631288410936,0.052963072459243754,113.82647487879407,0.13871821963556316,0.023517174944997214,4,30,131.22558257585726,6.2263236974546645,0.003297652331429979,4.7404183616408115,5.39585111556282,15.294359396030533,0.021216063058838025,-3.782377330405408,-0.000889508293871355,25.0,1,-6.666666666666667,-2,-0.06040719362177195,-0.07926969174789633
2,gasoline,0.06578724916238216,0.006578724916238216,0.053477018166849834,114.06737930270832,197.58981885283725,1301.908078403856,4,86,27,41,0.13875850434354153,0.023252475936995202,134.7522152330462,0.052963072459243754,113.82647487879407,0.13871821963556316,0.023517174944997214,4,30,131.22558257585726,0.970384994189248,0.0005139457076060797,0.21164182073701837,0.2409044239142446,0.029040675467293938,4.0284707978371914e-05,-1.1255561461829477,-0.00026469900800201243,0.0,0,-10.0,-3,2.6874581830492605,3.526632657188941
3,gasoline,0.06578724916238216,0.006578724916238216,0.052372084448772956,115.99936100123924,201.85170135769138,1358.9506927087139,5,90,28,37,0.142490317991049,0.021403341134431205,130.12680700798722,0.052963072459243754,113.82647487879407,0.13871821963556316,0.023517174944997214,4,30,131.22558257585726,-1.115849181381191,-0.0005909880104707985,1.9089461610393532,2.1728861224451634,2.719252283799341,0.0037720983554858367,-8.98846828120264,-0.002113833810566009,25.0,1,-6.666666666666667,-2,-0.8373181100071464,-1.0987755678700353
4,gasoline,0.06578724916238216,0.006578724916238216,0.05386764854331758,113.21146772056225,196.56501036051955,1297.6956090375293,5,81,28,42,0.13519702770549957,0.02453215866078593,136.2905755952665,0.052963072459243754,113.82647487879407,0.13871821963556316,0.023517174944997214,4,30,131.22558257585726,1.707937327030866,0.0009045760840738284,-0.5403023847366771,-0.6150071582318191,-2.5383773950634394,-0.0035211919300635885,4.315925353119991,0.001014983715788717,25.0,1,-6.666666666666667,-2,3.8597603607370696,5.064993019409229
5,gasoline,0.06578724916238216,0.006578724916238216,0.058023103830915926,118.03118962731477,205.77748412297734,1328.4555640940773,7,86,29,44,0.1628256360149333,0.024528556880219266,133.54958036927923,0.052963072459243754,113.82647487879407,0.13871821963556316,0.023517174944997214,4,30,131.22558257585726,9.553885635252707,0.005060031371672172,3.6939690463031645,4.204714748520701,17.378695057292767,0.02410741637937014,4.30060982064175,0.0010113819352220513,75.0,3,-3.3333333333333335,-1,1.7709944568762257,2.3239977934219667
6,gasoline,0.06578724916238216,0.006578724916238216,0.057249108460907985,117.92473795455018,205.69536474191366,1331.7995250484398,5,89,30,41,0.16486821485645678,0.02407027744704373,130.62943746213432,0.052963072459243754,113.82647487879407,0.13871821963556316,0.023517174944997214,4,30,131.22558257585726,8.092498797086272,0.004286036001664231,3.6004480329554833,4.098263075756108,18.851161217029887,0.026149995220893618,2.3519087787548063,0.0005531025020465152,25.0,1,0.0,0,-0.4542903159742714,-0.5961451137229403
7,gasoline,0.06578724916238216,0.006578724916238216,0.05492662163123492,112.14645315643764,198.03906890063516,1329.9729883108669,5,87,28,43,0.13756250722652574,0.025949327830739742,135.11723370765552,0.052963072459243754,113.82647487879407,0.13871821963556316,0.023517174944997214,4,30,131.22558257585726,3.7073928698191754,0.0019635491719911663,-1.475949882613309,-1.6800217223564289,-0.8331367084105284,-0.0011557124090374182,10.342028289668855,0.002432152885742528,25.0,1,-6.666666666666667,-2,2.965619245430759,3.8916511317982554
8,gasoline,0.06578724916238216,0.006578724916238216,0.05172528307738526,114.19057222769466,197.43603243024222,1299.191153587817,4,87,27,40,0.13149127575316152,0.024083887145254616,130.50111891941103,0.052963072459243754,113.82647487879407,0.13871821963556316,0.023517174944997214,4,30,131.22558257585726,-2.337080015157728,-0.0012377893818584923,0.3198705303737886,0.36409734890058587,-5.209801496435056,-0.007226943882401637,2.4097800929867113,0.0005667122002574014,0.0,0,-10.0,-3,-0.5520750163387109,-0.7244636564462326
9,gasoline,0.06578724916238216,0.006578724916238216,0.05703342706182401,119.77404998807924,209.18817788311,1334.781040542995,6,87,28,37,0.1702111781532511,0.021505869256951308,129.0766245513394,0.052963072459243754,113.82647487879407,0.13871821963556316,0.023517174944997214,4,30,131.22558257585726,7.6852690253430485,0.004070354602580255,5.225124572836266,5.947575109285168,22.702827790340304,0.031492958517687936,-8.55249702717277,-0.0020113056880459064,50.0,2,-6.666666666666667,-2,-1.6376060081696526,-2.148958024517867
10,gasoline,0.06578724916238216,0.006578724916238216,0.05466450209843456,113.63412883096771,201.22229493647663,1364.0151945797847,4,89,27,41,0.14093018712216407,0.0250394795627953,133.37344008084062,0.052963072459243754,113.82647487879407,0.13871821963556316,0.023517174944997214,4,30,131.22558257585726,3.212482887015469,0.0017014296391908088,-0.1689818190637794,-0.1923460478263621,1.594576035081859,0.0022119674866009076,6.473161089112551,0.0015223046177980856,0.0,0,-10.0,-3,1.636767361075922,2.1478575049833637
11,gasoline,0.06578724916238216,0.006578724916238216,0.051664578867956806,114.67168538311127,199.3874399101927,1331.8896834065572,4,87,29,41,0.13410060236561888,0.023827451337023797,130.1144747537106,0.052963072459243754,113.82647487879407,0.13871821963556316,0.023517174944997214,4,30,131.22558257585726,-2.451696117679289,-0.0012984935912869477,0.7425429850280438,0.845210504317194,-3.3287748949457123,-0.00461761726994428,1.3193608192832185,0.000310276392026583,0.0,0,-3.3333333333333335,-1,-0.8467158615999046,-1.1111078221466641
12,gasoline,0.06578724916238216,0.006578724916238216,0.05650172461303774,114.42669847983527,200.74485594542705,1293.355221963539,4,90,27,43,0.15012839782193269,0.02778254185751864,131.1733270217449,0.052963072459243754,113.82647487879407,0.13871821963556316,0.023517174944997214,4,30,131.22558257585726,6.68135738635076,0.0035386521537939877,0.527314582728078,0.6002236010411934,8.225435862964535,0.011410178186369524,18.13724191999003,0.004265366912521426,0.0,0,-10.0,-3,-0.039821163744609214,-0.0522555541123495
13,gasoline,0.06578724916238216,0.006578724916238216,0.05607633157825486,116.05786334176236,201.01411334016043,1276.6255062560135,4,90,27,41,0.1496444828392128,0.025995561943203807,132.228607983588,0.052963072459243754,113.82647487879407,0.13871821963556316,0.023517174944997214,4,30,131.22558257585726,5.878169400777924,0.0031132591190111067,1.9603422361487817,2.231388462968283,7.8765884051531465,0.010926263203649644,10.538625510943088,0.002478386998206593,0.0,0,-10.0,-3,0.7643520326159952,1.003025407730746
14,gasoline,0.06578724916238216,0.006578724916238216,0.0546083671744988,114.64838755281431,201.0766627051647,1289.8115093814115,5,86,32,42,0.14847770718543415,0.023628512955727533,130.83836947947802,0.052963072459243754,113.82647487879407,0.13871821963556316,0.023517174944997214,4,30,131.22558257585726,3.1064940889166475,0.0016452947152550482,0.7220751366458793,0.8219126740202398,7.035476360286961,0.009759487549870993,0.47343276133600076,0.00011133801073031843,25.0,1,6.666666666666667,2,-0.2950743969114453,-0.3872130963792415
15,gasoline,0.06578724916238216,0.006578724916238216,0.05452137128278322,116.0284720951965,203.26189610822783,1342.2208008036487,5,88,25,42,0.14886076014024271,0.02473021786020224,129.8343902093944,0.052963072459243754,113.82647487879407,0.13871821963556316,0.023517174944997214,4,30,131.22558257585726,2.9422364511398214,0.0015582988235394654,1.934521137325202,2.2019972164024324,7.311613810590828,0.010142540504679554,5.158114943832047,0.0012130429152050273,25.0,1,-16.666666666666664,-5,-1.0601533170246413,-1.3911923664628603
16,gasoline,0.06578724916238216,0.006578724916238216,0.05376733024167802,114.77905992621828,200.08204042915432,1368.9326774269816,4,87,30,40,0.14454615705065232,0.023819179294481897,131.55702295447225,0.052963072459243754,113.82647487879407,0.13871821963556316,0.023517174944997214,4,30,131.22558257585726,1.5185255407022693,0.0008042577824342659,0.8368747678767611,0.9525850474242077,4.201277546958263,0.005827937415089163,1.2841863454731302,0.00030200434948468233,0.0,0,0.0,0,0.25257299080641565,0.3314403786149853
17,gasoline,0.06578724916238216,0.006578724916238216,0.05612075619126872,117.835592681678,205.94454112421988,1311.3010869637183,7,89,29,40,0.16059532556229905,0.022767489376166843,130.36682716723405,0.052963072459243754,113.82647487879407,0.13871821963556316,0.023517174944997214,4,30,131.22558257585726,5.962047867322784,0.003157683732024963,3.522131215214169,4.009117802883921,15.770895837771596,0.02187710592673589,-3.1878215414213753,-0.0007496855688303716,75.0,3,-3.3333333333333335,-1,-0.6544115802471607,-0.8587554086232103
18,gasoline,0.06578724916238216,0.006578724916238216,0.05408886138057647,116.86802221950879,205.45234166296328,1335.8083431025848,7,87,27,41,0.15160343193671072,0.021498255808571266,130.27189848126812,0.052963072459243754,113.82647487879407,0.13871821963556316,0.023517174944997214,4,30,131.22558257585726,2.1256110513585353,0.001125788921332714,2.6720913073636408,3.0415473407147147,9.288767066791404,0.012885212301147558,-8.58487101936294,-0.002018919136425948,75.0,3,-10.0,-3,-0.7267516560940712,-0.9536840945891356
19,gasoline,0.06578724916238216,0.006578724916238216,0.054263936818282364,117.08527193917693,201.25207798138453,1305.1858932880298,4,88,28,41,0.1502099699396512,0.02323631612731086,131.01348833653847,0.052963072459243754,113.82647487879407,0.13871821963556316,0.023517174944997214,4,30,131.22558257585726,2.4561723832008684,0.0013008643590386101,2.8629517551632238,3.258797060382861,8.284240047398857,0.011491750304088028,-1.1942710735589497,-0.00028085881768635454,0.0,0,-6.666666666666667,-2,-0.16162567934966693,-0.21209423931878746
20,gasoline,0.06578724916238216,0.006578724916238216,0.055332406260970225,118.84575567053933,206.13914618986595,1346.8486171140512,5,88,30,42,0.15091556368250822,0.02494229268384034,131.6126814382687,0.052963072459243754,113.82647487879407,0.13871821963556316,0.023517174944997214,4,30,131.22558257585726,4.473558069256132,0.002369333801726471,4.409589945651874,5.01928079174526,8.792892583965969,0.012197344046945058,6.059901931997532,0.0014251177388431256,25.0,1,0.0,0,0.2949873453125495,0.38709886241144886
21,gasoline,0.06578724916238216,0.006578724916238216,0.059306204711856235,118.73432836977166,208.87187143033273,1355.0564580540831,7,90,30,42,0.16944361582699394,0.025790381660892325,131.9681282453075,0.052963072459243754,113.82647487879407,0.13871821963556316,0.023517174944997214,4,30,131.22558257585726,11.976518653621653,0.006343132252612481,4.31169769265333,4.907853490977587,22.149502979602627,0.030725396191430776,9.66615557018122,0.0022732067158951104,75.0,3,0.0,0,0.5658543516246123,0.7425456694502373
22,gasoline,0.06578724916238216,0.006578724916238216,0.054495586285986546,116.12055231268201,203.67169368717097,1279.677325378154,7,85,27,40,0.14776620804357,0.023128202359383416,132.61619610861584,0.052963072459243754,113.82647487879407,0.13871821963556316,0.023517174944997214,4,30,131.22558257585726,2.893551592804769,0.0015325138267427915,2.0154163926544673,2.294077433887935,6.522566705208202,0.00904798840800683,-1.6539936728095146,-0.00038897258561379836,75.0,3,-10.0,-3,1.059712218808181,1.3906135327585787
23,gasoline,0.06578724916238216,0.006578724916238216,0.054032552488692126,114.36531858011723,201.06407712817284,1354.358034926186,4,93,26,41,0.14463978214145956,0.022914710216741997,133.88245987046372,0.052963072459243754,113.82647487879407,0.13871821963556316,0.023517174944997214,4,30,131.22558257585726,2.0192937829869297,0.001069480029448372,0.4733904848559501,0.5388437013231595,4.268770548997365,0.005921562505896399,-2.561807401034701,-0.000602464728255217,0.0,0,-13.333333333333334,-4,2.024664126044634,2.65687729460646
24,gasoline,0.06578724916238216,0.006578724916238216,0.05404270242372085,113.18971647256947,200.33204817197125,1327.2870765078906,6,88,28,42,0.1412199045675149,0.022789333798317005,136.3077252428745,0.052963072459243754,113.82647487879407,0.13871821963556316,0.023517174944997214,4,30,131.22558257585726,2.0384579563579757,0.001079629964477094,-0.5594115137999669,-0.636758406224601,1.8034292384404171,0.002501684931951742,-3.094934439967852,-0.0007278411466802095,50.0,2,-6.666666666666667,-2,3.8728291902071983,5.082142667017251
25,gasoline,0.06578724916238216,0.006578724916238216,0.05392623848776404,113.98796297428737,200.9061187206788,1355.0707232826448,5,86,30,42,0.14278732167109554,0.02377786365938169,132.16349758339345,0.052963072459243754,113.82647487879407,0.13871821963556316,0.023517174944997214,4,30,131.22558257585726,1.818561468958324,0.0009631660285202848,0.14187217487430284,0.16148809549329712,2.933358030561963,0.004069102035532374,1.1085035298422747,0.00026068871438447716,25.0,1,0.0,0,0.7147348780059806,0.9379150075361906
26,gasoline,0.06578724916238216,0.006578724916238216,0.053488157530470516,116.52148595924312,201.46376648961527,1378.4047444414878,5,89,27,38,0.14827995676492609,0.02133926213051179,131.19974513198423,0.052963072459243754,113.82647487879407,0.13871821963556316,0.023517174944997214,4,30,131.22558257585726,0.9914173155849797,0.0005250850712267621,2.3676487243576503,2.6950110804490492,6.892920882695343,0.009561737129362924,-9.260945753812702,-0.002177912814485424,25.0,1,-10.0,-3,-0.019689334477211565,-0.025837443873029997
27,gasoline,0.06578724916238216,0.006578724916238216,0.058010071319108125,118.41216012830814,205.69208700538084,1342.5333752186311,5,89,27,41,0.16144026557576807,0.02550907317810669,131.0979921517271,0.052963072459243754,113.82647487879407,0.13871821963556316,0.023517174944997214,4,30,131.22558257585726,9.52927884564882,0.005046998859864371,4.028663150991059,4.585685249514071,16.380001127393122,0.02272204594020491,8.469972425549395,0.001991898233109475,25.0,1,-10.0,-3,-0.09722984011626822,-0.12759042413014754
28,gasoline,0.06578724916238216,0.006578724916238216,0.05565076165411489,113.60342854565603,203.5119625638659,1311.628661860457,6,92,26,41,0.1588892807599061,0.02164540917435428,132.1135326987088,0.052963072459243754,113.82647487879407,0.13871821963556316,0.023517174944997214,4,30,131.22558257585726,5.07464742899757,0.002687689194871133,-0.1959529480075264,-0.22304633313804345,14.541032300829567,0.020171061124342943,-7.959143796058356,-0.0018717657706429358,50.0,2,-13.333333333333334,-4,0.6766593109527665,0.8879501228515494
29,gasoline,0.06578724916238216,0.006578724916238216,0.055580952112687446,113.24333786295496,200.36277567611273,1320.5917501854024,5,92,25,41,0.14763002224873034,0.025584690794425935,132.249909784093,0.052963072459243754,113.82647487879407,0.13871821963556316,0.023517174944997214,4,30,131.22558257585726,4.94283947642616,0.0026178796534436916,-0.5123035009737902,-0.5831370158391138,6.424392294379233,0.00891180261316718,8.791514517642101,0.0020675158494287207,25.0,1,-16.666666666666664,-5,0.7805849957980686,1.0243272082357464
30,gasoline,0.06578724916238216,0.006578724916238216,0.05425409752937575,115.79984063552158,203.71879253356698,1334.5221910522514,5,96,27,39,0.15243361969250985,0.022865560515651664,128.85199597641068,0.052963072459243754,113.82647487879407,0.13871821963556316,0.023517174944997214,4,30,131.22558257585726,2.4375947432533693,0.0012910250701319986,1.733661486775202,1.9733657567275031,9.887237662781011,0.013715400056946686,-2.7708023215780337,-0.0006516144293455504,25.0,1,-10.0,-3,-1.8087834344911284,-2.3735865994465826
31,gasoline,0.06578724916238216,0.006578724916238216,0.05356022292943898,113.09758890513072,201.78260352361022,1388.7968932294796,6,90,30,40,0.14187180293357593,0.024290933022752467,129.99719133155327,0.052963072459243754,113.82647487879407,0.13871821963556316,0.023517174944997214,4,30,131.22558257585726,1.1274845707917494,0.0005971504701952277,-0.640348367494902,-0.7288859736633526,2.273373538312256,0.0031535832980127687,3.2901829389156876,0.000773758077755253,50.0,2,0.0,0,-0.9360912866162353,-1.2283912443039924
32,gasoline,0.06578724916238216,0.006578724916238216,0.05683294088056367,120.24765605195299,207.15020018675787,1300.2982205766095,6,87,28,41,0.16233214915205946,0.023623047515344102,130.75240262136037,0.052963072459243754,113.82647487879407,0.13871821963556316,0.023517174944997214,4,30,131.22558257585726,7.3067294657005855,0.003869868421319915,5.6412018205750325,6.421181173158914,17.022947366635897,0.023613929516496296,0.4501925532913972,0.00010587257034688768,50.0,2,-6.666666666666667,-2,-0.36058514293381405,-0.4731799544968851
33,gasoline,0.06578724916238216,0.006578724916238216,0.05260077984912294,111.80112848360918,199.84091658242974,1341.1317692198002,5,92,25,39,0.13750933429058315,0.022645903989018574,134.84237811021225,0.052963072459243754,113.82647487879407,0.13871821963556316,0.023517174944997214,4,30,131.22558257585726,-0.6840475699358403,-0.00036229261012081515,-1.7793280494204429,-2.025346395184897,-0.8714683248934143,-0.0012088853449800097,-3.704828313844665,-0.0008712709559786404,25.0,1,-16.666666666666664,-5,2.7561664908321055,3.616795534354992
34,gasoline,0.06578724916238216,0.006578724916238216,0.05469707338987834,115.33307497420195,206.53295761387213,1385.800231467656,5,92,27,39,0.15762545705580386,0.02163224761742718,128.8736669624798,0.052963072459243754,113.82647487879407,0.13871821963556316,0.023517174944997214,4,30,131.22558257585726,3.273981002459656,0.0017340009306345827,1.323593739516356,1.506600095407876,13.629959690885086,0.018907237420240697,-8.015109518803039,-0.0018849273275700351,25.0,1,-10.0,-3,-1.792269134730563,-2.3519156133774572
35,gasoline,0.06578724916238216,0.006578724916238216,0.0538849637830022,116.2320249119876,204.18694814017337,1348.5690217798742,5,93,29,39,0.14783932849067632,0.022362271492088047,131.47506811591202,0.052963072459243754,113.82647487879407,0.13871821963556316,0.023517174944997214,4,30,131.22558257585726,1.740630369334899,0.0009218913237584447,2.1133484417882786,2.4055500331935207,6.575278199991248,0.009121108855113164,-4.910893657976758,-0.0011549034529091673,25.0,1,-3.3333333333333335,-1,0.19011959037068404,0.24948554005476353
36,gasoline,0.06578724916238216,0.006578724916238216,0.050947064468188204,112.84368768681634,197.89413172559392,1296.5857814314766,6,86,27,40,0.1246101005683677,0.023963387898984032,132.6714082227427,0.052963072459243754,113.82647487879407,0.13871821963556316,0.023517174944997214,4,30,131.22558257585726,-3.806440784958072,-0.0020160079910555503,-0.8634082651019783,-0.9827871919777351,-10.170343235560503,-0.01410811906719546,1.8973918212133745,0.000446212953986818,50.0,2,-10.0,-3,1.1017864188559938,1.445825646885453
37,gasoline,0.06578724916238216,0.006578724916238216,0.05237681593419553,115.20845491860545,199.1477751300338,1306.2240209904362,4,88,31,40,0.13381070387035313,0.024144268992311743,132.0361564658823,0.052963072459243754,113.82647487879407,0.13871821963556316,0.023517174944997214,4,30,131.22558257585726,-1.1069156259757489,-0.0005862565250482274,1.2141112524858177,1.3819800398113813,-3.537758614623898,-0.004907515765210035,2.6665364729445535,0.000627094047314529,0.0,0,3.3333333333333335,1,0.6176950211339116,0.8105738900250401
38,gasoline,0.06578724916238216,0.006578724916238216,0.05070440714730275,113.43366502484179,199.76506787340728,1297.692140023218,6,88,29,38,0.1334101693076585,0.021478221596174376,131.29591350577067,0.052963072459243754,113.82647487879407,0.13871821963556316,0.023517174944997214,4,30,131.22558257585726,-4.2646040100469875,-0.002258665311941001,-0.345095334253795,-0.3928098539522864,-3.8264983084773045,-0.0053080503279046565,-8.670060726220786,-0.0020389533488228383,50.0,2,-3.3333333333333335,-1,0.05359544117303078,0.0703309299134105
39,gasoline,0.06578724916238216,0.006578724916238216,0.05321694922686429,114.04296688619674,197.56091761370993,1289.520003633581,5,88,29,42,0.13988166014511536,0.02406713740537622,131.51578955459226,0.052963072459243754,113.82647487879407,0.13871821963556316,0.023517174944997214,4,30,131.22558257585726,0.479346752052386,0.0002538767676205367,0.19019477466309245,0.21649200740266394,0.8387077866258332,0.0011634405095521938,2.3385566576992267,0.0005499624603790068,25.0,1,-3.3333333333333335,-1,0.22115122146037408,0.2902069787350001
40,gasoline,0.06578724916238216,0.006578724916238216,0.05568178552315283,113.37748904838111,199.6189096867411,1294.9003712091717,4,91,28,40,0.15071543679812355,0.023811163246523305,134.40121134267469,0.052963072459243754,113.82647487879407,0.13871821963556316,0.023517174944997214,4,30,131.22558257585726,5.133223843841738,0.002718713063909077,-0.3944476281911211,-0.44898583041296547,8.648623947221322,0.011997217162560386,1.250100414755092,0.0002939883015260908,0.0,0,-6.666666666666667,-2,2.4199768859716793,3.1756287668174252
41,gasoline,0.06578724916238216,0.006578724916238216,0.05449603573213638,114.1930589875851,201.5310673089946,1362.0533209779805,4,90,27,41,0.1478240043603296,0.023595321898936938,130.76635794986313,0.052963072459243754,113.82647487879407,0.13871821963556316,0.023517174944997214,4,30,131.22558257585726,2.8944001956689207,0.0015329632728926235,0.32205522413074894,0.36658410879103087,6.564231251445501,0.009105784724766447,0.3322973704218144,7.814695393972351e-05,0.0,0,-10.0,-3,-0.34995053325723435,-0.45922462599412484
42,gasoline,0.06578724916238216,0.006578724916238216,0.05518700794486896,117.19105696623105,202.86089069355063,1304.766142966012,6,87,29,39,0.15413092794757494,0.023359027959118716,130.2111981220576,0.052963072459243754,113.82647487879407,0.13871821963556316,0.023517174944997214,4,30,131.22558257585726,4.199030347675865,0.002223935485625203,2.955887100096601,3.364582087436972,11.110803146481864,0.015412708312011775,-0.6724744202838051,-0.00015814698587849826,50.0,2,-3.3333333333333335,-1,-0.7730081542699812,-1.0143844537996642
43,gasoline,0.06578724916238216,0.006578724916238216,0.055514960888826785,118.36742771605826,204.59182224994822,1306.9563913594884,6,85,30,42,0.1541219296415006,0.022302005373708158,132.6653951283947,0.052963072459243754,113.82647487879407,0.13871821963556316,0.023517174944997214,4,30,131.22558257585726,4.818240919740382,0.002551888429583031,3.9893643742367777,4.540952837264186,11.10431639506739,0.015403710005937432,-5.167157935130972,-0.0012151695712890563,50.0,2,0.0,0,1.0972041611666106,1.4398125525374326
44,gasoline,0.06578724916238216,0.006578724916238216,0.05597914415287276,116.50496382419098,203.37752899100528,1368.7633154889859,6,87,28,39,0.15547185239546546,0.021775977506888235,134.93632971005783,0.052963072459243754,113.82647487879407,0.13871821963556316,0.023517174944997214,4,30,131.22558257585726,5.694669046909877,0.0030160716936290036,2.353133529127599,2.678488945396907,12.077456590718219,0.0167536327599023,-7.403939640630104,-0.0017411974381089795,50.0,2,-6.666666666666667,-2,2.827761981590374,3.710747134200574
45,gasoline,0.06578724916238216,0.006578724916238216,0.05421637815477433,116.38202428088044,200.36308201308464,1311.851879673687,4,85,28,38,0.1470617242892815,0.021641331945277443,130.39021602514728,0.052963072459243754,113.82647487879407,0.13871821963556316,0.023517174944997214,4,30,131.22558257585726,2.3663764908937637,0.0012533056955305738,2.2451274229546314,2.5555494020863705,6.014714343680423,0.008343504653718331,-7.976481036123846,-0.0018758429997197713,0.0,0,-6.666666666666667,-2,-0.6365881822068341,-0.8353665507099777
46,gasoline,0.06578724916238216,0.006578724916238216,0.05349714006844037,114.14450763982695,199.30485403311638,1282.4094235886523,4,89,29,43,0.13520747521584048,0.02587202194161298,133.4424778837197,0.052963072459243754,113.82647487879407,0.13871821963556316,0.023517174944997214,4,30,131.22558257585726,1.008377317247961,0.0005340676091966159,0.27940139705769923,0.3180327610328817,-2.5308459328169137,-0.0035107444197226834,10.013307304654425,0.0023548469966157663,0.0,0,-3.3333333333333335,-1,1.6893773792781057,2.216895307862444
47,gasoline,0.06578724916238216,0.006578724916238216,0.05339986531917203,113.91147926338923,200.6154753188689,1305.2718883516495,4,86,28,39,0.14337744711001385,0.023319948991923897,130.82140602407512,0.052963072459243754,113.82647487879407,0.13871821963556316,0.023517174944997214,4,30,131.22558257585726,0.8247120864530555,0.00043679285992827277,0.07467892218015808,0.0850043845951518,3.3587711020883115,0.004659227474450689,-0.8386464510920035,-0.00019722595307331697,0.0,0,-6.666666666666667,-2,-0.30800133925753526,-0.4041765517821432
48,gasoline,0.06578724916238216,0.006578724916238216,0.0533368655926597,117.97750968618311,203.01319639509754,1329.9827156834235,6,84,30,38,0.14692302010457747,0.02145564153410958,131.37454375850797,0.052963072459243754,113.82647487879407,0.13871821963556316,0.023517174944997214,4,30,131.22558257585726,0.7057617997966247,0.00037379313341594916,3.646809594876049,4.151034807389038,5.91472446126381,0.008204800469014312,-8.766075924124474,-0.0020615334108876338,50.0,2,0.0,0,0.11351535251489477,0.14896118265070868
49,gasoline,0.06578724916238216,0.006578724916238216,0.05782959929166378,117.98375807608332,207.6707765962946,1312.6981162147113,5,92,31,42,0.16880289458462602,0.02370012061703016,130.5582882944993,0.052963072459243754,113.82647487879407,0.13871821963556316,0.023517174944997214,4,30,131.22558257585726,9.188528169631631,0.004866526832420025,3.652298994338574,4.157283197289246,21.687616109910092,0.030084674949062862,0.7779236768907264,0.00018294567203294698,25.0,1,3.3333333333333335,1,-0.5085092923647054,-0.6672942813579539
50,gasoline,0.06578724916238216,0.006578724916238216,0.052578644713778135,109.94612077698883,197.9400069101159,1280.481635517616,4,94,29,42,0.13524940989129855,0.023893563079461853,132.40325058742295,0.052963072459243754,113.82647487879407,0.13871821963556316,0.023517174944997214,4,30,131.22558257585726,-0.7258410957208818,-0.0003844277454656195,-3.4090084103343785,-3.8803541018052385,-2.5006158191604366,-0.0034688097442646115,1.6004819258475935,0.00037638813446463915,0.0,0,-3.3333333333333335,-1,0.8974378230593216,1.177668011565686
51,gasoline,0.06578724916238216,0.006578724916238216,0.05537080204751609,121.0589315908584,206.11988629233133,1290.99775886599,4,91,32,39,0.1557007541058411,0.024689259624589618,129.12592907130073,0.052963072459243754,113.82647487879407,0.13871821963556316,0.023517174944997214,4,30,131.22558257585726,4.546053460408927,0.002407729588272338,6.3539319123830165,7.232456712064334,12.242468592009049,0.01698253447027795,4.983951866385804,0.0011720846795924035,0.0,0,6.666666666666667,2,-1.6000336697631246,-2.099653504556528
52,gasoline,0.06578724916238216,0.006578724916238216,0.05278915410880323,111.76455799894983,199.10053676483952,1349.8760304489508,4,89,27,42,0.1401053815846359,0.022608575646869605,132.62319847919326,0.052963072459243754,113.82647487879407,0.13871821963556316,0.023517174944997214,4,30,131.22558257585726,-0.32837662613769225,-0.0001739183504405259,-1.811456325990803,-2.0619168798442473,0.999985404020503,0.001387161949072735,-3.86355631683088,-0.0009085992981276089,0.0,0,-10.0,-3,1.0650483510165307,1.3976159033360034
53,gasoline,0.06578724916238216,0.006578724916238216,0.05658183405159887,116.45827114616826,203.4091921654445,1370.2431000218228,5,88,30,40,0.1586442834839677,0.022355638916040775,135.18452176756387,0.052963072459243754,113.82647487879407,0.13871821963556316,0.023517174944997214,4,30,131.22558257585726,6.832612656940987,0.0036187615923551145,2.3121125996185,2.6317962673741846,14.364417234270856,0.019926063848404535,-4.9390967736264235,-0.0011615360289564391,25.0,1,0.0,0,3.0168958780716943,3.9589391917066052
54,gasoline,0.06578724916238216,0.006578724916238216,0.05917565008858498,116.69004904998488,204.5081777817434,1309.838524745299,6,90,28,41,0.17098739674424387,0.025305405637692343,129.59014827885835,0.052963072459243754,113.82647487879407,0.13871821963556316,0.023517174944997214,4,30,131.22558257585726,11.7300174269949,0.006212577629341229,2.5157364964873303,2.8635741711908054,23.262392779735382,0.03226917710868071,7.603934983166578,0.0017882306926951287,50.0,2,-6.666666666666667,-2,-1.2462770329508863,-1.635434296998909
55,gasoline,0.06578724916238216,0.006578724916238216,0.0568107281279617,114.9407860643613,204.88401766624227,1320.9916956550755,5,92,26,40,0.1654427354855059,0.022641639292563305,130.42047392894642,0.052963072459243754,113.82647487879407,0.13871821963556316,0.023517174944997214,4,30,131.22558257585726,7.26478939015255,0.0038476556687179475,0.9789560704166447,1.1143111855672316,19.265325002117727,0.02672451584994273,-3.722962704838665,-0.0008755356524339092,25.0,1,-13.333333333333334,-4,-0.6135302515768456,-0.8051086469108384
56,gasoline,0.06578724916238216,0.006578724916238216,0.0541529823290077,116.01288747193986,202.46821915118682,1319.5083331156234,4,89,29,38,0.15005086288766606,0.020761940834224,133.33156519124427,0.052963072459243754,113.82647487879407,0.13871821963556316,0.023517174944997214,4,30,131.22558257585726,2.246678326072578,0.0011899098697639443,1.9208295745554347,2.186412593145789,8.169542026905852,0.011332643252102897,-11.7158379661556,-0.0027552341107732158,0.0,0,-3.3333333333333335,-1,1.604856746716751,2.1059826153870063
57,gasoline,0.06578724916238216,0.006578724916238216,0.05374190670742282,115.8173448601828,201.16242912167027,1332.5733055513515,5,89,25,40,0.1401446344891584,0.023093871613291614,134.97255447086198,0.052963072459243754,113.82647487879407,0.13871821963556316,0.023517174944997214,4,30,131.22558257585726,1.4705231626779143,0.0007788342481790667,1.7490394774226876,1.9908699813887267,1.0282822669889193,0.001426414853595237,-1.7999752635919786,-0.00042330333170560036,25.0,1,-16.666666666666664,-5,2.8553669349028925,3.7469718950047195
58,gasoline,0.06578724916238216,0.006578724916238216,0.05573800050620962,112.87423414129269,201.27393193506865,1301.2094842802694,7,87,26,40,0.15442519640558658,0.02311508180950298,133.0742419735391,0.052963072459243754,113.82647487879407,0.13871821963556316,0.023517174944997214,4,30,131.22558257585726,5.239363802206213,0.0027749280469658646,-0.8365722811985168,-0.9522407375013842,11.322937110415902,0.015706976770023418,-1.709785024921839,-0.0004020931354942331,75.0,3,-13.333333333333334,-4,1.4087644812803117,1.8486593976818426
59,gasoline,0.06578724916238216,0.006578724916238216,0.05107329691894493,114.8039639091288,199.32261722721773,1316.3893820118612,5,87,28,40,0.13159954866541912,0.020706225005861903,135.28800673579374,0.052963072459243754,113.82647487879407,0.13871821963556316,0.023517174944997214,4,30,131.22558257585726,-3.5681002867668723,-0.0018897755402988228,0.8587536698958514,0.9774890303347235,-5.131749087355667,-0.007118670970144042,-11.952753448106154,-0.0028109499391353113,25.0,1,-6.666666666666667,-2,3.095756239137386,4.062424159936484
60,gasoline,0.06578724916238216,0.006578724916238216,0.05478142779053743,114.34452383805642,200.32835163869618,1297.710182084535,5,88,24,40,0.14822011557255496,0.023113101494078404,135.01194539517593,0.052963072459243754,113.82647487879407,0.13871821963556316,0.023517174944997214,4,30,131.22558257585726,3.4332512198814333,0.0018183553312936737,0.45512167517616525,0.5180489592623445,6.849782214589352,0.0095018959369918,-1.7182057447966075,-0.00040407345091881056,25.0,1,-20.0,-6,2.8853846521351083,3.7863628193186685
61,gasoline,0.06578724916238216,0.006578724916238216,0.05872739817861484,114.09040130143936,205.33314968119672,1308.3130856994244,7,92,27,41,0.16679395366588884,0.024486293781638527,132.13314967659684,0.052963072459243754,113.82647487879407,0.13871821963556316,0.023517174944997214,4,30,131.22558257585726,10.883669416661693,0.005764325719371084,0.23186734274809156,0.26392642264528376,20.239399052327446,0.028075734030325677,4.120898189973592,0.0009691188366413132,75.0,3,-10.0,-3,0.6916083609039791,0.907567100739584
62,gasoline,0.06578724916238216,0.006578724916238216,0.05415292089534468,114.7537280330624,200.5013020924234,1295.3839271714774,6,91,27,39,0.14779993535906377,0.02309223921862616,130.3326966236181,0.052963072459243754,113.82647487879407,0.13871821963556316,0.023517174944997214,4,30,131.22558257585726,2.24656233268291,0.0011898484361009265,0.8146199337682168,0.9272531542683282,6.546880249299518,0.00908171572350061,-1.8069165508395855,-0.00042493572637105487,50.0,2,-10.0,-3,-0.6804206426159477,-0.892885952239169
63,gasoline,0.06578724916238216,0.006578724916238216,0.05355529751924428,115.33969993903727,200.17866600320437,1293.8810598978607,5,84,30,40,0.14387413924337364,0.022081067284816746,132.56788467825953,0.052963072459243754,113.82647487879407,0.13871821963556316,0.023517174944997214,4,30,131.22558257585726,1.118184864475635,0.0005922250600005272,1.329413971446036,1.513225060243201,3.7168294268452793,0.005155919607810477,-6.106633401075116,-0.0014361076601804683,25.0,1,0.0,0,1.0228966608902883,1.3423021024022717
64,gasoline,0.06578724916238216,0.006578724916238216,0.05655360446972238,114.6650000936236,201.24933373659115,1269.8230925055855,5,90,25,41,0.15494483109717694,0.022684985744100116,136.36712342841645,0.052963072459243754,113.82647487879407,0.13871821963556316,0.023517174944997214,4,30,131.22558257585726,6.7793121579976665,0.0035905320104786254,0.7366697560672226,0.8385252148295308,11.697534400487479,0.016226611461613777,-3.538644428352687,-0.0008321892008970981,25.0,1,-16.666666666666664,-5,3.9180933714560044,5.141540852559189
65,gasoline,0.06578724916238216,0.006578724916238216,0.05176095251829451,114.55859398696899,198.429247536033,1349.913606978792,5,87,28,40,0.1407398825064673,0.021309218322119416,128.30631576217937,0.052963072459243754,113.82647487879407,0.13871821963556316,0.023517174944997214,4,30,131.22558257585726,-2.26973225897025,-0.0012021199409492436,0.6431887739249558,0.7321191081749134,1.4573881327307927,0.002021662870904134,-9.388698379128634,-0.0022079566228777985,25.0,1,-6.666666666666667,-2,-2.224617148862997,-2.9192668136778934
66,gasoline,0.06578724916238216,0.006578724916238216,0.053855405624114575,116.67293370935323,201.6502023206472,1283.826441055949,5,89,27,40,0.15085896844555047,0.022851537850990856,128.91359264106922,0.052963072459243754,113.82647487879407,0.13871821963556316,0.023517174944997214,4,30,131.22558257585726,1.6848213735286797,0.0008923331648708205,2.500700152218677,2.8464588305591576,8.752093879148076,0.012140748809987306,-2.8304296564667037,-0.0006656370940063584,25.0,1,-10.0,-3,-1.7618439098577126,-2.311989934788045
67,gasoline,0.06578724916238216,0.006578724916238216,0.05297146145118429,117.23141220448134,201.2377419508509,1299.718667738064,5,82,28,41,0.14368964497738312,0.020856067410540993,134.24223888656982,0.052963072459243754,113.82647487879407,0.13871821963556316,0.023517174944997214,4,30,131.22558257585726,0.015839322665788,8.388991940534718e-06,2.991340397137795,3.4049373256872713,3.5838301233109533,0.004971425341819963,-11.315591862883668,-0.0026611075344562217,25.0,1,-6.666666666666667,-2,2.298832477248658,3.0166563107125626
68,gasoline,0.06578724916238216,0.006578724916238216,0.054961512406057116,115.27843367226004,201.47785916022903,1352.7920110137572,5,86,27,40,0.14760453841056165,0.0231539740386468,136.0619520790075,0.052963072459243754,113.82647487879407,0.13871821963556316,0.023517174944997214,4,30,131.22558257585726,3.7732704203503395,0.0019984399468133615,1.2755897035483643,1.4519587934659626,6.40602135634698,0.008886318774998486,-1.5444070437877118,-0.0003632009063504159,25.0,1,-10.0,-3,3.685538603232722,4.836369503150252
69,gasoline,0.06578724916238216,0.006578724916238216,0.05298861407852655,113.91361428231987,197.50167813408507,1344.5948208223413,4,82,30,41,0.1343478276087838,0.023602977525362123,134.87764087489722,0.052963072459243754,113.82647487879407,0.13871821963556316,0.023517174944997214,4,30,131.22558257585726,0.04822533530782314,2.5541619282795636e-05,0.07655460086819443,0.08713940352579641,-3.1505537183660053,-0.004370392026779357,0.3648507125774519,8.580258036490832e-05,0.0,0,0.0,0,2.7830383583390286,3.6520582990399646
70,gasoline,0.06578724916238216,0.006578724916238216,0.05592176221074986,115.39660009997787,206.14682359790942,1375.5492781480123,5,91,27,41,0.1569868047474294,0.024363430412885315,128.06026536247649,0.052963072459243754,113.82647487879407,0.13871821963556316,0.023517174944997214,4,30,131.22558257585726,5.586325743814966,0.002958689751506108,1.3794024833464436,1.570125221183801,13.169564286408079,0.018268585111866242,3.598457169567995,0.0008462554678881004,25.0,1,-10.0,-3,-2.412119002444517,-3.1653172133807743
71,gasoline,0.06578724916238216,0.006578724916238216,0.05178241396811061,116.97998355681221,202.85927031776103,1288.9755070411625,6,90,27,38,0.1452252037059272,0.018384037174556007,131.64114969900925,0.052963072459243754,113.82647487879407,0.13871821963556316,0.023517174944997214,4,30,131.22558257585726,-2.2292107242110717,-0.0011806584911331422,2.770452727606732,3.1535086780181416,4.690792664048759,0.006506984070364041,-21.827187076877934,-0.005133137770441207,50.0,2,-10.0,-3,0.31668148465773555,0.4155671231519875
72,gasoline,0.06578724916238216,0.006578724916238216,0.054277858947764226,118.68957264112541,204.66283643915108,1346.2200475256977,5,88,27,42,0.14996250106453876,0.02336455490683433,128.81341818126714,0.052963072459243754,113.82647487879407,0.13871821963556316,0.023517174944997214,4,30,131.22558257585726,2.482458867038406,0.0013147864885204724,4.272378431739814,4.863097762331336,8.105843239998523,0.0112442814289756,-0.6489726700585348,-0.0001526200381628852,25.0,1,-10.0,-3,-1.8381815094596565,-2.412164394590121
73,gasoline,0.06578724916238216,0.006578724916238216,0.05652280245982876,120.18015473439962,206.5145553991666,1274.2937691927636,6,87,30,40,0.16499223297282253,0.022337140684777,128.135898384253,0.052963072459243754,113.82647487879407,0.13871821963556316,0.023517174944997214,4,30,131.22558257585726,6.721154637175361,0.0035597300005850083,5.581899872038682,6.353679855605549,18.940564120766375,0.026274013337259372,-5.0177551639604605,-0.0011800342602202134,50.0,2,0.0,0,-2.354483120559364,-3.089684191604249
74,gasoline,0.06578724916238216,0.006578724916238216,0.05527948887674974,118.25597250746554,204.43044630214843,1342.3313785562063,6,87,30,38,0.16157994233444056,0.0213498852729027,129.08875553647903,0.052963072459243754,113.82647487879407,0.13871821963556316,0.023517174944997214,4,30,131.22558257585726,4.373644333584529,0.002316416417505983,3.8914476033700724,4.42949762867147,16.48069212460996,0.0228617226988774,-9.215773906361829,-0.002167289672094515,50.0,2,0.0,0,-1.6283616330245683,-2.1368270393782325
75,gasoline,0.06578724916238216,0.006578724916238216,0.055229176334268056,113.5921315858073,200.74740171091037,1303.2319591893352,6,87,24,42,0.15304597666148836,0.022152614292576995,132.93041639355198,0.052963072459243754,113.82647487879407,0.13871821963556316,0.023517174944997214,4,30,131.22558257585726,4.278648820398624,0.0022661038750243015,-0.20587766882556516,-0.2343432929867788,10.328677129483573,0.014327757025925203,-5.802400397206302,-0.0013645606524202193,50.0,2,-20.0,-6,1.2991626969605645,1.7048338176947198
76,gasoline,0.06578724916238216,0.006578724916238216,0.05496083373510935,115.77085551868794,201.17914760806715,1310.2820112977543,6,86,30,41,0.14740184243424329,0.02356129981132675,134.1105760004445,0.052963072459243754,113.82647487879407,0.13871821963556316,0.023517174944997214,4,30,131.22558257585726,3.771989016314935,0.001997761275865595,1.7081971852016862,1.9443806398938648,6.259900697610961,0.008683622798680124,0.18762826076149117,4.412486632953544e-05,50.0,2,0.0,0,2.1984992315957257,2.884993424587236
77,gasoline,0.06578724916238216,0.006578724916238216,0.05492790891798288,116.48345089789979,202.7297958373017,1331.2133005671867,4,89,27,43,0.1475295795629528,0.0242663329512094,133.77481184601564,0.052963072459243754,113.82647487879407,0.13871821963556316,0.023517174944997214,4,30,131.22558257585726,3.709823406206489,0.0019648364587391276,2.3342337728853875,2.656976019105713,6.351984584677196,0.008811359927389628,3.1855782336285867,0.0007491580062121868,0.0,0,-10.0,-3,1.94263132242888,2.549229270158378
78,gasoline,0.06578724916238216,0.006578724916238216,0.057358188579988256,118.49447498576696,205.79489642606174,1305.4402778504177,5,89,29,41,0.16373179181764277,0.025268213141157368,130.15031690477298,0.052963072459243754,113.82647487879407,0.13871821963556316,0.023517174944997214,4,30,131.22558257585726,8.298453840884402,0.004395116120744502,4.10097924225758,4.668000106972883,18.03192994243626,0.025013572182079613,7.445784624452312,0.001751038196160154,25.0,1,-3.3333333333333335,-1,-0.8194024747138807,-1.0752656710842814
79,gasoline,0.06578724916238216,0.006578724916238216,0.05378309120097574,116.157494024345,202.25354530112187,1381.2587899951284,4,83,28,40,0.1466477007821836,0.02204974072138104,132.35821213213742,0.052963072459243754,113.82647487879407,0.13871821963556316,0.023517174944997214,4,30,131.22558257585726,1.5482839337974765,0.0008200187417319871,2.047870803372472,2.3310191455509255,5.716250660837884,0.007929481146620426,-6.239840572042605,-0.0014674342236161743,0.0,0,-6.666666666666667,-2,0.8631164244406597,1.1326295562801647
80,gasoline,0.06578724916238216,0.006578724916238216,0.06034699230304458,116.6742491338299,205.8001285512945,1305.6640709586916,4,92,27,42,0.1657142396645823,0.025386841207740627,138.47244073771935,0.052963072459243754,113.82647487879407,0.13871821963556316,0.023517174944997214,4,30,131.22558257585726,13.941638014831772,0.0073839198438008236,2.501855792396477,2.84777425503583,19.461048519756353,0.02699602002901913,7.9502162445797735,0.0018696662627434128,0.0,0,-10.0,-3,5.522443123979213,7.246858161862093
81,gasoline,0.06578724916238216,0.006578724916238216,0.05297759705212849,113.44081229516325,198.5935967403617,1298.904389174836,6,84,28,39,0.14084188449553633,0.021586746783244938,132.87012662441856,0.052963072459243754,113.82647487879407,0.13871821963556316,0.023517174944997214,4,30,131.22558257585726,0.02742399979894147,1.4524592884736232e-05,-0.3388162411613675,-0.3856625836308183,1.5309199220927212,0.0021236648599731733,-8.208588685789126,-0.0019304281617522762,50.0,2,-6.666666666666667,-2,1.2532190875286402,1.6445440485613005
82,gasoline,0.06578724916238216,0.006578724916238216,0.051756520467278924,112.61216674035929,198.17719437299016,1312.047150502915,5,92,29,40,0.12787209884729162,0.025845978650093623,129.58920936535418,0.052963072459243754,113.82647487879407,0.13871821963556316,0.023517174944997214,4,30,131.22558257585726,-2.278100449880996,-0.0012065519919648299,-1.0668064171607006,-1.214308138434788,-7.818814872888498,-0.010846120788271546,9.90256572289442,0.002328803705096409,25.0,1,-3.3333333333333335,-1,-1.2469925287297896,-1.6363732105030806
83,gasoline,0.06578724916238216,0.006578724916238216,0.053084642283989424,113.83400850117297,197.49179210457336,1287.9156481586983,4,87,29,41,0.1327375032762591,0.02358418839364215,136.78094685702038,0.052963072459243754,113.82647487879407,0.13871821963556316,0.023517174944997214,4,30,131.22558257585726,0.22953695679045089,0.00012156982474566952,0.006618515057171809,0.007533622378900873,-4.311413724178724,-0.005980716359304056,0.2849553519998395,6.701344864493489e-05,0.0,0,-3.3333333333333335,-1,4.233446079732011,5.555364281163122
84,gasoline,0.06578724916238216,0.006578724916238216,0.053627813009540046,114.7332827194593,200.91136402963596,1317.076965217535,6,88,28,39,0.13958512449133065,0.02263343971662283,134.18838493166905,0.052963072459243754,113.82647487879407,0.13871821963556316,0.023517174944997214,4,30,131.22558257585726,1.2551019407112836,0.0006647405502962916,0.7966581075543455,0.9068078406652234,0.6249394333671495,0.0008669048557674863,-3.757829035338199,-0.0008837352283743855,50.0,2,-6.666666666666667,-2,2.2577932577278435,2.962802355811789
85,gasoline,0.06578724916238216,0.006578724916238216,0.05769847990806368,119.158534945869,208.20411966412468,1307.3799322036461,6,89,29,40,0.16884667097839676,0.0228191955636353,131.50525022629532,0.052963072459243754,113.82647487879407,0.13871821963556316,0.023517174944997214,4,30,131.22558257585726,8.940960614518582,0.004735407448819923,4.684375996667437,5.33206006707492,21.71917389221565,0.030128451342833595,-2.967955900291485,-0.0006979793813619156,50.0,2,-3.3333333333333335,-1,0.2131197628910432,0.2796676504380571
86,gasoline,0.06578724916238216,0.006578724916238216,0.05067030524317929,114.92037263698494,200.0282094533901,1344.8590659158062,5,87,27,38,0.13159257110133932,0.020765868903225473,133.56359655170397,0.052963072459243754,113.82647487879407,0.13871821963556316,0.023517174944997214,4,30,131.22558257585726,-4.328992087513051,-0.002292767216064466,0.9610222572171185,1.093897758190863,-5.136779114484138,-0.007125648534223844,-11.699134986266808,-0.002751306041771741,25.0,1,-10.0,-3,1.781675440072957,2.3380139758467067
87,gasoline,0.06578724916238216,0.006578724916238216,0.056459395978982155,115.61647180547335,204.37861168370694,1292.159817046615,6,91,28,41,0.16214727681011756,0.022518670820417013,131.07316362704478,0.052963072459243754,113.82647487879407,0.13871821963556316,0.023517174944997214,4,30,131.22558257585726,6.601436354412593,0.0034963235197384007,1.5725664249774258,1.7899969266792795,16.889675513502553,0.023429057174554402,-4.245850647093187,-0.000998504124580201,50.0,2,-6.666666666666667,-2,-0.11615033122400001,-0.15241894881248186
88,gasoline,0.06578724916238216,0.006578724916238216,0.05454042578107195,116.7542137741017,202.10231326799916,1273.7599143402786,5,88,30,40,0.15239738224208008,0.02331220648716885,127.43962275239602,0.052963072459243754,113.82647487879407,0.13871821963556316,0.023517174944997214,4,30,131.22558257585726,2.978213401501585,0.0015773533218281927,2.5721071467996994,2.927738895307627,9.861114597963013,0.013679162606516915,-0.8715692182745278,-0.00020496845782836531,25.0,1,0.0,0,-2.885077550539888,-3.7859598234612406
89,gasoline,0.06578724916238216,0.006578724916238216,0.0519410062027708,113.20243253141697,198.6233887383174,1301.6244226148142,5,90,30,39,0.14143621558884584,0.021196156510517893,130.83974957234568,0.052963072459243754,113.82647487879407,0.13871821963556316,0.023517174944997214,4,30,131.22558257585726,-1.9297714596513607,-0.001022066256472956,-0.5482400716016184,-0.6240423473770988,1.9593647903089608,0.002717995953282676,-9.869461106224707,-0.0023210184344793217,25.0,1,0.0,0,-0.2940227019289786,-0.38583300351157845
90,gasoline,0.06578724916238216,0.006578724916238216,0.056517763969071044,119.84205866481378,208.18493909034106,1348.7073410387866,6,88,29,41,0.16630542493481326,0.022843408327823972,127.25005397962963,0.052963072459243754,113.82647487879407,0.13871821963556316,0.023517174944997214,4,30,131.22558257585726,6.711641422545308,0.00355469150982729,5.284872251754509,6.015583786019704,19.887225608666604,0.0275872052992501,-2.86499810776197,-0.0006737666171732423,50.0,2,-3.3333333333333335,-1,-3.029537776240779,-3.975528596227633
91,gasoline,0.06578724916238216,0.006578724916238216,0.05337339417977667,111.68446071793886,196.88068865876195,1303.9701076764052,5,87,29,44,0.13205117729817362,0.025828705667955837,134.12450241158058,0.052963072459243754,113.82647487879407,0.13871821963556316,0.023517174944997214,4,30,131.22558257585726,0.7747317167988466,0.00041032172053291627,-1.8818242092940978,-2.1420141608552115,-4.806176401993207,-0.006667042337389545,9.82911735089317,0.0023115307229586227,25.0,1,-3.3333333333333335,-1,2.2091118048933387,2.8989198357233192
92,gasoline,0.06578724916238216,0.006578724916238216,0.05701141128923604,118.35699317711351,207.6110435339837,1339.035762067671,6,90,30,41,0.16533543721022118,0.02344061174753032,128.42818232031988,0.052963072459243754,113.82647487879407,0.13871821963556316,0.023517174944997214,4,30,131.22558257585726,7.643700869332258,0.004048338829992289,3.9801973162602735,4.530518298319436,19.18797519502922,0.026617217574658014,-0.32556290305261537,-7.656319746689524e-05,50.0,2,0.0,0,-2.131749160968896,-2.797400255537383
93,gasoline,0.06578724916238216,0.006578724916238216,0.05509145818406964,117.95618872931288,205.34947343875834,1298.0289531341227,5,94,27,41,0.15945710718380718,0.021555029093964735,130.11815315210248,0.052963072459243754,113.82647487879407,0.13871821963556316,0.023517174944997214,4,30,131.22558257585726,4.01862208138269,0.0021283857248258833,3.628078489574818,4.129713850518812,14.950370328229901,0.020738887548244017,-8.343459006541448,-0.001962145851032479,25.0,1,-10.0,-3,-0.8439127508651839,-1.1074294237547804
94,gasoline,0.06578724916238216,0.006578724916238216,0.05208441672898521,115.410104984283,198.93275159144164,1347.982398959593,5,78,25,39,0.13239891668715123,0.02248738717970454,134.49628111582274,0.052963072459243754,113.82647487879407,0.13871821963556316,0.023517174944997214,4,30,131.22558257585726,-1.6589969000282072,-0.0008786557302585471,1.391266932561357,1.583630105488922,-4.555496001184153,-0.006319302948411931,-4.378875301566524,-0.0010297877652926737,25.0,1,-16.666666666666664,-5,2.4924244768163213,3.2706985399654798
95,gasoline,0.06578724916238216,0.006578724916238216,0.05178341406633752,112.69021956870267,198.5001005935758,1288.9810657508547,4,92,28,39,0.1359363860201089,0.023081932284511827,129.57768042064743,0.052963072459243754,113.82647487879407,0.13871821963556316,0.023517174944997214,4,30,131.22558257585726,-2.2273224307634503,-0.0011796583929062354,-0.9982346473448462,-1.1362553100914,-2.005384456895867,-0.0027818336154542544,-1.8507438138439167,-0.0004352426604853875,0.0,0,-6.666666666666667,-2,-1.2557781210513854,-1.6479021552098345
96,gasoline,0.06578724916238216,0.006578724916238216,0.05219434183844319,112.96055945759386,201.23355052048598,1318.3355295411525,5,89,25,41,0.14063423631538283,0.023073743006279165,129.06116544344516,0.052963072459243754,113.82647487879407,0.13871821963556316,0.023517174944997214,4,30,131.22558257585726,-1.4514464231510003,-0.0007687306208005659,-0.7607328805730538,-0.8659154212002136,1.3812292897453369,0.0019160166798196654,-1.8855663563126217,-0.0004434319387180488,25.0,1,-16.666666666666664,-5,-1.649386567715116,-2.1644171324120975
97,gasoline,0.06578724916238216,0.006578724916238216,0.05212601154037585,110.75384887494361,197.67375780400425,1256.7249391346493,4,93,27,37,0.1374374477773498,0.022836847482212888,131.0148541139912,0.052963072459243754,113.82647487879407,0.13871821963556316,0.023517174944997214,4,30,131.22558257585726,-1.5804614045230152,-0.000837060918867906,-2.6993948526669964,-3.072626003850459,-0.9232902942224588,-0.0012807718582133476,-2.892896210431311,-0.0006803274627843262,0.0,0,-10.0,-3,-0.16058489337950033,-0.21072846186606853
98,gasoline,0.06578724916238216,0.006578724916238216,0.05680619967144853,119.53142362950278,206.85457755859662,1338.225087889467,4,89,27,40,0.16144439704859675,0.024456660404207495,130.16296641874436,0.052963072459243754,113.82647487879407,0.13871821963556316,0.023517174944997214,4,30,131.22558257585726,7.256239175252054,0.0038431272122047763,5.01196998043163,5.704948750708709,16.382979447645166,0.022726177413033594,3.994890803880919,0.0009394854592102812,0.0,0,-10.0,-3,-0.8097629564712618,-1.062616157112899
99,gasoline,0.06578724916238216,0.006578724916238216,0.057339612812264365,115.6614681285804,203.66946295832247,1365.683259125427,5,90,27,43,0.1571103489233649,0.024779064612422356,134.19023247299907,0.052963072459243754,113.82647487879407,0.13871821963556316,0.023517174944997214,4,30,131.22558257585726,8.263380785524584,0.004376540353020611,1.6120970553997032,1.8349932497863222,13.25862553320036,0.018392129287801734,5.365821661728048,0.0012618896674251416,25.0,1,-10.0,-3,2.259201170189542,2.964649897141811
100,gasoline,0.06578724916238216,0.006578724916238216,0.050479212956794015,114.17175544887996,199.05359599456773,1305.8124928076463,5,88,25,40,0.1271638431686036,0.023800288813478048,129.53286960074186,0.052963072459243754,113.82647487879407,0.13871821963556316,0.023517174944997214,4,30,131.22558257585726,-4.689794959235274,-0.0024838595024497395,0.30333942121422597,0.3452805700858903,-8.329386361297681,-0.01155437646695956,1.2038600263126435,0.0002831138684808339,25.0,1,-16.666666666666664,-5,-1.2899260509183839,-1.6927129751153984
101,gasoline,0.06578724916238216,0.006578724916238216,0.05662249158545159,117.51286792021011,205.52326894479097,1360.632480267394,4,88,29,42,0.15813845458266113,0.023901048847849587,133.48362291734023,0.052963072459243754,113.82647487879407,0.13871821963556316,0.023517174944997214,4,30,131.22558257585726,6.909378471243027,0.003659419126207833,3.238607753900333,3.6863930414160393,13.99977234289648,0.019420234947097964,1.6323129957156426,0.0003838739028523726,0.0,0,-3.3333333333333335,-1,1.7207318094226538,2.2580403414829675
102,gasoline,0.06578724916238216,0.006578724916238216,0.058903258788689315,118.18049219707547,207.68011773762873,1330.6369495249278,5,88,29,42,0.17209060514675564,0.02432683254964368,131.79345802822746,0.052963072459243754,113.82647487879407,0.13871821963556316,0.023517174944997214,4,30,131.22558257585726,11.215713238722442,0.005940186329445561,3.8251358683625094,4.354017318281393,24.05768009340628,0.03337238551119248,3.442835317337741,0.0008096576046464667,25.0,1,-3.3333333333333335,-1,0.43274751860364735,0.5678754523702025
103,gasoline,0.06578724916238216,0.006578724916238216,0.052931376925729794,113.83239966618709,198.43042126278428,1352.7446790473227,4,87,28,42,0.1402677715921846,0.023524785276439374,132.30211688353668,0.052963072459243754,113.82647487879407,0.13871821963556316,0.023517174944997214,4,30,131.22558257585726,-0.05984458990431652,-3.169553351396043e-05,0.00520510487504965,0.0059247873930132755,1.1170500606858802,0.001549551956621431,0.032360738311295434,7.610331442160084e-06,0.0,0,-6.666666666666667,-2,0.8203692348304983,1.0765343076794238
104,gasoline,0.06578724916238216,0.006578724916238216,0.05760823344449255,116.3720167114336,204.89669061205967,1263.8085374281898,6,92,25,40,0.16366859643831538,0.0238964880047505,133.29128585661198,0.052963072459243754,113.82647487879407,0.13871821963556316,0.023517174944997214,4,30,131.22558257585726,8.770565546066738,0.004645160985248795,2.2363354705924965,2.545541832639529,17.986373288455685,0.024950376802752222,1.6129193265791295,0.00037931305975328483,50.0,2,-16.666666666666664,-5,1.574162019483207,2.065703280754718
105,gasoline,0.06578724916238216,0.006578724916238216,0.05426078618425243,113.90825708018325,199.85933543606507,1290.7830235609867,5,85,29,41,0.13712945200805346,0.02514369863451432,136.42575586696847,0.052963072459243754,113.82647487879407,0.13871821963556316,0.023517174944997214,4,30,131.22558257585726,2.4502236459323545,0.001297713725008677,0.07184813680319842,0.08178220138917425,-1.145320082454684,-0.0015887676275097018,6.916322616646236,0.0016265236895171044,25.0,1,-3.3333333333333335,-1,3.9627740178674085,5.200173291111213
106,gasoline,0.06578724916238216,0.006578724916238216,0.05649007553332896,114.42947618982168,202.01195111972498,1318.6942285875352,6,90,28,43,0.1518047744485417,0.025391603674870426,131.91083554359116,0.052963072459243754,113.82647487879407,0.13871821963556316,0.023517174944997214,4,30,131.22558257585726,6.659362665939198,0.003527003074085204,0.529754884941931,0.6030013110276116,9.433912032146315,0.013086554812978546,7.970467261723359,0.0018744287298732114,50.0,2,-6.666666666666667,-2,0.5221946470214979,0.6852529677339021
107,gasoline,0.06578724916238216,0.006578724916238216,0.05567531948422145,115.92860785202043,201.89782811908046,1350.2059794719617,5,88,26,42,0.14730294832616964,0.024300163310613333,134.80843071444897,0.052963072459243754,113.82647487879407,0.13871821963556316,0.023517174944997214,4,30,131.22558257585726,5.1210152641065685,0.0027122470249776945,1.846787380057914,2.102132973226361,6.188609335644623,0.008584728690606475,3.3294320744196506,0.0007829883656161191,25.0,1,-13.333333333333334,-4,2.730296995649142,3.5828481385917144
108,gasoline,0.06578724916238216,0.006578724916238216,0.05689352406077568,117.70167438075066,204.22774602209142,1320.7798782231955,5,86,28,43,0.15280094829348753,0.024960312666392374,133.31857852198635,0.052963072459243754,113.82647487879407,0.13871821963556316,0.023517174944997214,4,30,131.22558257585726,7.4211170519922005,0.003930451601531923,3.404479938505535,3.875199501956587,10.15203964909739,0.01408272865792437,6.136526707695206,0.0014431377213951595,25.0,1,-6.666666666666667,-2,1.5949603004575728,2.0929959461290935
109,gasoline,0.06578724916238216,0.006578724916238216,0.05397262110170971,117.90173954758073,204.62458920946256,1252.4029786607316,6,87,31,42,0.15080927054921012,0.02396070582698702,125.97429571741759,0.052963072459243754,113.82647487879407,0.13871821963556316,0.023517174944997214,4,30,131.22558257585726,1.9061368526964222,0.0010095486424659544,3.5802432370203205,4.075264668786659,8.716267369500736,0.012091050913646956,1.8859870840232746,0.0004435308819898051,50.0,2,3.3333333333333335,1,-4.001724934544734,-5.25128685843967
110,gasoline,0.06578724916238216,0.006578724916238216,0.054292236198953514,118.10902893470092,202.50010725715535,1322.7715458502921,4,86,32,39,0.1542801635459904,0.02179382634003062,130.0203317249946,0.052963072459243754,113.82647487879407,0.13871821963556316,0.023517174944997214,4,30,131.22558257585726,2.5096046698057037,0.00132916373970976,3.7623532315017556,4.282554055906843,11.218384975896575,0.015561943910427228,-7.328042628407627,-0.0017233486049665937,0.0,0,6.666666666666667,2,-0.9184572300648298,-1.2052508508626545
111,gasoline,0.06578724916238216,0.006578724916238216,0.05316412733609094,114.26684673110401,200.18405613257173,1353.190198945106,4,88,29,41,0.13815004417265528,0.024346613146374863,131.69481339415495,0.052963072459243754,113.82647487879407,0.13871821963556316,0.023517174944997214,4,30,131.22558257585726,0.3796133183207987,0.00020105487684718426,0.386879987963133,0.44037185230993714,-0.40958964467723014,-0.0005681754629078828,3.526946596764143,0.000829438201377649,0.0,0,-3.3333333333333335,-1,0.3575757173921797,0.46923081829768876
112,gasoline,0.06578724916238216,0.006578724916238216,0.05473840802656061,113.70656514284642,200.84354901896356,1287.1625983422562,6,90,25,42,0.14659883727060438,0.023510198915044304,131.53216903103515,0.052963072459243754,113.82647487879407,0.13871821963556316,0.023517174944997214,4,30,131.22558257585726,3.3520252600205844,0.001775335567316856,-0.10534432879111977,-0.11990973594765819,5.6810256473482506,0.00788061763504122,-0.02966355427140495,-6.976029952910495e-06,50.0,2,-16.666666666666664,-5,0.23363314466572493,0.30658645517789296
113,gasoline,0.06578724916238216,0.006578724916238216,0.05343799575874256,112.50994998464837,197.73118286740953,1353.7366120536465,5,88,28,44,0.13752392807067412,0.026104429164383113,131.79129673179833,0.052963072459243754,113.82647487879407,0.13871821963556316,0.023517174944997214,4,30,131.22558257585726,0.8967064738630235,0.00047492329949880285,-1.1566069278237572,-1.3165248941457008,-0.8609478755037727,-0.0011942915648890384,11.001551952719913,0.002587254219385899,25.0,1,-6.666666666666667,-2,0.4311005101570382,0.5657141559410661
114,gasoline,0.06578724916238216,0.006578724916238216,0.05373030470986036,114.00994901045539,200.57143979512117,1285.5278136838308,6,91,29,42,0.1405109265143106,0.023702424267220717,132.59552413596816,0.052963072459243754,113.82647487879407,0.13871821963556316,0.023517174944997214,4,30,131.22558257585726,1.4486173384427528,0.0007672322506166035,0.16118757244892476,0.18347413166131332,1.292337000472752,0.001792706878747441,0.787719284551698,0.00018524932222350327,50.0,2,-3.3333333333333335,-1,1.0439592137600027,1.3699415601109024
115,gasoline,0.06578724916238216,0.006578724916238216,0.05698380946726852,120.44193553066725,206.92629682188252,1381.3704736247942,5,87,30,38,0.16724295558042307,0.02140337604741311,130.43888911186997,0.052963072459243754,113.82647487879407,0.13871821963556316,0.023517174944997214,4,30,131.22558257585726,7.591585648885476,0.004020737008024765,5.811882217135797,6.615460651873178,20.56307817372465,0.028524735944859908,-8.988319823822081,-0.0021137988975841043,25.0,1,0.0,0,-0.5994970253094734,-0.7866934639872909
116,gasoline,0.06578724916238216,0.006578724916238216,0.055447114370955244,119.69625159210463,205.1532416305331,1287.0894746487288,5,83,29,43,0.1493005968113895,0.02528331338275974,130.47705446202337,0.052963072459243754,113.82647487879407,0.13871821963556316,0.023517174944997214,4,30,131.22558257585726,4.690139367618854,0.0024840419117114904,5.156776329549761,5.869776713310557,7.628685837828709,0.01058237717582633,7.509994044323906,0.0017661384377625246,25.0,1,-3.3333333333333335,-1,-0.5704132526149654,-0.7485281138338848
117,gasoline,0.06578724916238216,0.006578724916238216,0.051758692315315574,113.20854959125037,198.31272130557687,1319.6734520585053,4,91,26,40,0.13174323311045186,0.0233425836296116,133.18671720185012,0.052963072459243754,113.82647487879407,0.13871821963556316,0.023517174944997214,4,30,131.22558257585726,-2.2739997662616283,-0.0012043801439281798,-0.5428660495738663,-0.6179252875436987,-5.028169005798809,-0.006974986525111304,-0.7423991861010322,-0.00017459131538561518,0.0,0,-13.333333333333334,-4,1.4944758388549633,1.9611346259928553
118,gasoline,0.06578724916238216,0.006578724916238216,0.057467238311314596,114.40162648215872,206.00210890063798,1346.3799011811611,5,95,26,41,0.16338985758873656,0.024475961206370044,128.66653092033968,0.052963072459243754,113.82647487879407,0.13871821963556316,0.023517174944997214,4,30,131.22558257585726,8.504351509321701,0.004504165852070842,0.5052880746566951,0.5751516033646453,17.785434399309676,0.024671637953173398,4.076961895360612,0.0009587862613728293,25.0,1,-13.333333333333334,-4,-1.950116437119472,-2.559051655517578
119,gasoline,0.06578724916238216,0.006578724916238216,0.053244324731305304,112.75614714707619,198.82111699203736,1317.7974639170245,6,89,25,40,0.13089633485401056,0.02526010702947956,134.86895692405517,0.052963072459243754,113.82647487879407,0.13871821963556316,0.023517174944997214,4,30,131.22558257585726,0.5310346605703047,0.00028125227206154957,-0.9403152762638037,-1.0703277317178816,-5.6386859650463,-0.007821884781552602,7.411315723758391,0.0017429320844823473,50.0,2,-16.666666666666664,-5,2.776420783723168,3.6433743481979093
120,gasoline,0.06578724916238216,0.006578724916238216,0.052389719329474664,113.67460601841684,198.7160552915382,1317.0090495849372,6,85,28,41,0.13810554442768747,0.022890687702083773,129.62351254570393,0.052963072459243754,113.82647487879407,0.13871821963556316,0.023517174944997214,4,30,131.22558257585726,-1.0825526223205757,-0.00057335312976909,-0.13342138596398537,-0.15186886037723468,-0.44166888061661974,-0.0006126752078756958,-2.6639562123371174,-0.0006264872429134413,50.0,2,-6.666666666666667,-2,-1.2208519091368661,-1.6020700301533282
121,gasoline,0.06578724916238216,0.006578724916238216,0.055419557058892434,113.91050040800376,201.43430996525825,1325.2106637721245,4,90,28,40,0.14812047329897166,0.025731155710421384,132.74411634322544,0.052963072459243754,113.82647487879407,0.13871821963556316,0.023517174944997214,4,30,131.22558257585726,4.638108186678555,0.0024564845996486798,0.07381896812596167,0.08402552920968276,6.777951510702665,0.009402253663408494,9.414314306894022,0.0022139807654241693,0.0,0,-6.666666666666667,-2,1.1571933898562559,1.518533767368183
122,gasoline,0.06578724916238216,0.006578724916238216,0.05660910168972357,118.16459489398531,205.8289608154849,1327.5572352153215,6,87,28,42,0.15915189567749283,0.024780852925070054,131.21306408105363,0.052963072459243754,113.82647487879407,0.13871821963556316,0.023517174944997214,4,30,131.22558257585726,6.884096902205811,0.003646029230479818,3.8111696069043695,4.338120015191237,14.73034767575051,0.020433676041929666,5.373425945201216,0.00126367798007284,50.0,2,-6.666666666666667,-2,-0.00953967554031827,-0.01251849480362921
123,gasoline,0.06578724916238216,0.006578724916238216,0.05870401837335264,118.18926467785215,206.87591310822756,1384.532380421877,5,92,25,42,0.17118069951756912,0.027015789911434336,127.23266653563641,0.052963072459243754,113.82647487879407,0.13871821963556316,0.023517174944997214,4,30,131.22558257585726,10.839525819667404,0.005740945914108883,3.832842757982016,4.362789799058078,23.401742011460733,0.03246247988200596,14.876850534215116,0.003498614966437122,25.0,1,-16.666666666666664,-5,-3.042787817621364,-3.992916040220848
124,gasoline,0.06578724916238216,0.006578724916238216,0.05147031623362162,115.85331869775696,199.216680682218,1298.347726967698,4,88,30,40,0.13599410098043765,0.02226006532458429,130.37378861723195,0.052963072459243754,113.82647487879407,0.13871821963556316,0.023517174944997214,4,30,131.22558257585726,-2.8184849486797536,-0.0014927562256221369,1.7806435814876405,2.026843818962888,-1.9637785593574077,-0.002724118655125507,-5.345495891207583,-0.0012571096204129252,0.0,0,0.0,0,-0.6491066314244887,-0.8517939586253078
125,gasoline,0.06578724916238216,0.006578724916238216,0.05329927217236012,112.96946001006037,198.83919593221583,1326.9209563598474,5,85,26,42,0.14130252309833707,0.02323985237455398,131.256142461313,0.052963072459243754,113.82647487879407,0.13871821963556316,0.023517174944997214,4,30,131.22558257585726,0.6347813627600247,0.00033619971311636687,-0.7529134761014741,-0.8570148687336996,1.8629877672618107,0.0025843034627739125,-1.1792342026278495,-0.0002773225704432343,25.0,1,-13.333333333333334,-4,0.02328805470387516,0.030559885455744507
126,gasoline,0.06578724916238216,0.006578724916238216,0.05681898388487865,115.94609011837669,204.12643885503854,1323.1883424894363,6,91,28,40,0.1593240164492027,0.02470255431364074,131.4166795886352,0.052963072459243754,113.82647487879407,0.13871821963556316,0.023517174944997214,4,30,131.22558257585726,7.28037715070648,0.003855911425634899,1.8621460796705216,2.1196152395826147,14.854427102492037,0.020605796813639526,5.040483695069379,0.0011853793686435257,50.0,2,-6.666666666666667,-2,0.14562481570044758,0.19109701277793079
127,gasoline,0.06578724916238216,0.006578724916238216,0.05497031876642253,114.2305665531477,201.1407378497282,1308.142848579741,5,87,28,42,0.14898168677997548,0.024681212594488425,131.85636136767417,0.052963072459243754,113.82647487879407,0.13871821963556316,0.023517174944997214,4,30,131.22558257585726,3.789897779671662,0.0020072463071787727,0.35500675460951603,0.4040916743536229,7.398788112604258,0.010263467144412314,4.949734193047006,0.0011640376494912105,25.0,1,-6.666666666666667,-2,0.480682790226727,0.6307787918169083
128,gasoline,0.06578724916238216,0.006578724916238216,0.05576064347863228,113.65604899601247,203.84312816491322,1299.0493592548037,8,90,25,42,0.15125361492251968,0.024767509991076082,131.9619127940671,0.052963072459243754,113.82647487879407,0.13871821963556316,0.023517174944997214,4,30,131.22558257585726,5.282116179232835,0.002797571019388524,-0.14972429126270953,-0.17042588278160054,9.036588935389437,0.012535395286956519,5.316688968820427,0.0012503350460788681,100.0,4,-16.666666666666664,-5,0.5611178885673417,0.7363302182098437
129,gasoline,0.06578724916238216,0.006578724916238216,0.05692488256828041,117.11251924286658,202.11860117463786,1290.6167343789702,6,84,30,43,0.15403063251976268,0.02497404190608635,134.60763079834152,0.052963072459243754,113.82647487879407,0.13871821963556316,0.023517174944997214,4,30,131.22558257585726,7.4803253003974755,0.003961810109036658,2.886889335342758,3.2860443640725094,11.038501592961532,0.015312412884199517,6.194906337587349,0.0014568669610891365,50.0,2,0.0,0,2.5772781161243503,3.382048222484258
130,gasoline,0.06578724916238216,0.006578724916238216,0.05155227211236075,114.77337540467802,200.6458454024357,1322.5274152613767,5,88,27,40,0.1398371613772759,0.020785836502926848,130.1670634140058,0.052963072459243754,113.82647487879407,0.13871821963556316,0.023517174944997214,4,30,131.22558257585726,-2.6637433996463233,-0.0014108003468830052,0.8318807438183745,0.9469005258839474,0.8066292550844333,0.0011189417417127312,-11.614228530673925,-0.0027313384420703662,25.0,1,-10.0,-3,-0.8066408554441389,-1.05851916185145
131,gasoline,0.06578724916238216,0.006578724916238216,0.055394548034101154,118.82165919946476,203.84743709823442,1304.6328427355875,5,84,30,40,0.15362469924707006,0.024850249308726268,129.7223797289891,0.052963072459243754,113.82647487879407,0.13871821963556316,0.023517174944997214,4,30,131.22558257585726,4.590888447282725,0.0024314755748574,4.388420467197736,4.995184320670688,10.74587004552741,0.014906479611506901,5.668514040682584,0.0013330743637290539,25.0,1,0.0,0,-1.1455105150698874,-1.503202846868163
132,gasoline,0.06578724916238216,0.006578724916238216,0.05562175293110586,120.70266649056038,204.95581418185063,1331.1458748141042,6,83,30,39,0.15886480389748106,0.0220705204674824,130.59613123645474,0.052963072459243754,113.82647487879407,0.13871821963556316,0.023517174944997214,4,30,131.22558257585726,5.019875827460768,0.0026586804718621085,6.040942249233566,6.876191611766302,14.523387277350064,0.0201465842619179,-6.151480698248409,-0.0014466544775148145,50.0,2,0.0,0,-0.4796712097190776,-0.6294513394025216
133,gasoline,0.06578724916238216,0.006578724916238216,0.053567196962409254,113.55557776761376,200.72933822062132,1290.91272666742,7,89,27,43,0.1405288009388901,0.02334709956908644,133.57062879386885,0.052963072459243754,113.82647487879407,0.13871821963556316,0.023517174944997214,4,30,131.22558257585726,1.140652298127883,0.0006041245031654999,-0.23799130340175917,-0.270897111180318,1.3052224200135092,0.0018105813033269524,-0.7231964566685906,-0.00017007537591077343,75.0,3,-10.0,-3,1.7870343358209089,2.345046218011589
134,gasoline,0.06578724916238216,0.006578724916238216,0.055628073400891244,117.63383999052374,206.58258560795343,1304.3609496766394,5,93,25,40,0.16051151957016047,0.02459776242869869,126.16640216486074,0.052963072459243754,113.82647487879407,0.13871821963556316,0.023517174944997214,4,30,131.22558257585726,5.031809556929059,0.00266500094164749,3.3448853755542074,3.8073651117296663,15.710481284904093,0.021793299934597304,4.59488644460396,0.0010805874837014756,25.0,1,-16.666666666666664,-5,-3.855330882659233,-5.059180410996518
135,gasoline,0.06578724916238216,0.006578724916238216,0.055871956956056755,110.85491121839827,201.1289209610099,1350.5948796981702,5,92,26,43,0.14652697417017368,0.026134313775391417,133.12974290364664,0.052963072459243754,113.82647487879407,0.13871821963556316,0.023517174944997214,4,30,131.22558257585726,5.492288044753165,0.002908884496813001,-2.6106085280775093,-2.9715636603958018,5.6292205559770565,0.007808754534610524,11.128627637100367,0.002617138830394203,25.0,1,-13.333333333333334,-4,1.4510587725443327,1.9041603277893842
136,gasoline,0.06578724916238216,0.006578724916238216,0.05391981137236545,115.10859936017269,202.72095083808813,1322.9733547703377,5,92,28,39,0.14570307821091627,0.023270057904665985,131.7211976108014,0.052963072459243754,113.82647487879407,0.13871821963556316,0.023517174944997214,4,30,131.22558257585726,1.8064263810562098,0.000956738913121695,1.1263851250281292,1.2821244813786166,5.035285627009592,0.006984858575353109,-1.0507939023679307,-0.0002471170403312295,25.0,1,-6.666666666666667,-2,0.3776817181647018,0.4956150349441373
137,gasoline,0.06578724916238216,0.006578724916238216,0.054075595835281515,116.90026640651777,203.24506817466076,1286.123140818106,7,89,29,41,0.15185045068975667,0.02340614700926456,126.88404940562259,0.052963072459243754,113.82647487879407,0.13871821963556316,0.023517174944997214,4,30,131.22558257585726,2.1005642693668722,0.0011125233760377606,2.7004188006320735,3.0737915277236993,9.466839387568667,0.013132231054193505,-0.47211425688812625,-0.00011102793573265421,75.0,3,-3.3333333333333335,-1,-3.308450292247679,-4.341533170234669
138,gasoline,0.06578724916238216,0.006578724916238216,0.05639916016708558,116.95471439573949,204.21132590675379,1348.3105748023672,5,88,28,41,0.1607713800196061,0.024101346220650716,129.40720213252658,0.052963072459243754,113.82647487879407,0.13871821963556316,0.023517174944997214,4,30,131.22558257585726,6.487704637010946,0.003436087707841824,2.748253005530092,3.1282395169454134,15.897811002751066,0.022053160384042952,2.484019772867198,0.0005841712756535014,25.0,1,-6.666666666666667,-2,-1.3856905091501766,-1.8183804433306818
139,gasoline,0.06578724916238216,0.006578724916238216,0.052818110305853344,116.24371944687806,201.81476813590984,1372.9579509658597,5,85,29,40,0.14120500150493434,0.023205323178292672,131.36570890586614,0.052963072459243754,113.82647487879407,0.13871821963556316,0.023517174944997214,4,30,131.22558257585726,-0.2737041992833054,-0.00014496215339040996,2.1236224443021214,2.417244568083987,1.7926858316841054,0.0024867818693711796,-1.3260596454885067,-0.000311851766704542,25.0,1,-3.3333333333333335,-1,0.10678278370597467,0.14012633000888286
140,gasoline,0.06578724916238216,0.006578724916238216,0.05250230294587169,113.37594605645172,199.8408182890648,1356.0105105479372,5,89,27,39,0.14226273488762975,0.022691255226943846,129.29437985135158,0.052963072459243754,113.82647487879407,0.13871821963556316,0.023517174944997214,4,30,131.22558257585726,-0.8699825972646112,-0.00046076951337206684,-0.39580319325718033,-0.45052882234234914,2.5551908475891953,0.003544515252066588,-3.511985261771696,-0.0008259197180533681,25.0,1,-10.0,-3,-1.4716663371559546,-1.931202724505681
141,gasoline,0.06578724916238216,0.006578724916238216,0.05575262836242386,116.5820550577689,202.71062635867975,1300.5994662756937,5,90,30,43,0.1530738288160137,0.025545236148638777,130.17875103893041,0.052963072459243754,113.82647487879407,0.13871821963556316,0.023517174944997214,4,30,131.22558257585726,5.266982774322111,0.002789555903180106,2.4208605088658426,2.7555801789748244,10.348755353237097,0.014355609180450535,8.623745022031189,0.002028061203641563,25.0,1,0.0,0,-0.797734341412968,-1.0468315369268453
142,gasoline,0.06578724916238216,0.006578724916238216,0.055532992733485394,116.15096871132592,205.2125301217943,1363.8203101924798,7,86,28,43,0.1534064526734963,0.0235202363283179,131.08822833456279,0.052963072459243754,113.82647487879407,0.13871821963556316,0.023517174944997214,4,30,131.22558257585726,4.852286989617624,0.0025699202742416397,2.042138118576575,2.324493832531843,10.588539181458419,0.014688233037933152,0.013017649134500249,3.0613833206863394e-06,75.0,3,-6.666666666666667,-2,-0.1046703231171211,-0.13735424129447438
143,gasoline,0.06578724916238216,0.006578724916238216,0.05675827202515382,114.40640602886593,203.77631908841983,1296.2387679103808,6,92,27,42,0.16040839034614213,0.02381531886002435,130.7832869128146,0.052963072459243754,113.82647487879407,0.13871821963556316,0.023517174944997214,4,30,131.22558257585726,7.165746603599247,0.003795199565910068,0.5094870509601442,0.5799311500718574,15.636136887831178,0.021690170710578965,1.2677709619647937,0.00029814391502713464,50.0,2,-10.0,-3,-0.33704987576412115,-0.4422956630426711
144,gasoline,0.06578724916238216,0.006578724916238216,0.05104077648710535,114.89316910297254,199.61821878395418,1321.7330945138765,4,89,28,40,0.13738086011047806,0.02199667415152586,129.21561300325695,0.052963072459243754,113.82647487879407,0.13871821963556316,0.023517174944997214,4,30,131.22558257585726,-3.629502373786284,-0.001922295972138402,0.9371231300225288,1.0666942241784625,-0.9640835418725617,-0.0013373595250850967,-6.465490846700574,-0.0015205007934713556,0.0,0,-6.666666666666667,-2,-1.531690340516045,-2.009969572600312
145,gasoline,0.06578724916238216,0.006578724916238216,0.05572911324770095,112.96957157055346,202.2200867043356,1366.423244907702,6,93,27,43,0.14562091043178937,0.026371207885924664,131.95200790914706,0.052963072459243754,113.82647487879407,0.13871821963556316,0.023517174944997214,4,30,131.22558257585726,5.222583698454658,0.0027660407884571928,-0.7528154668350002,-0.8569033082406179,4.97605203870175,0.006902690796226213,12.135951480577752,0.00285403294092745,50.0,2,-10.0,-3,0.5535699053725851,0.7264253332897965
146,gasoline,0.06578724916238216,0.006578724916238216,0.05517543772739939,114.23508008609069,199.3829204806108,1309.152236230631,5,85,27,43,0.1432652363413799,0.024302947185222433,136.82365484675677,0.052963072459243754,113.82647487879407,0.13871821963556316,0.023517174944997214,4,30,131.22558257585726,4.177184527687855,0.0022123652681556374,0.35897202977752957,0.40860520729661687,3.2778799481153436,0.0045470167058167255,3.3412696978400263,0.0007857722402252187,25.0,1,-10.0,-3,4.265991555162991,5.598072270899507
147,gasoline,0.06578724916238216,0.006578724916238216,0.05216376260946978,115.00188062835961,200.38811457836178,1279.0850575154193,4,89,29,42,0.14052468021278997,0.02305493421158838,128.94861548276668,0.052963072459243754,113.82647487879407,0.13871821963556316,0.023517174944997214,4,30,131.22558257585726,-1.509183309539034,-0.0007993098497739715,1.032629492231179,1.1754057495655417,1.3022518469258684,0.0018064605772268039,-1.965545327999377,-0.00046224073340883284,0.0,0,-3.3333333333333335,-1,-1.7351548748311598,-2.276967093090576
148,gasoline,0.06578724916238216,0.006578724916238216,0.05428431100797416,118.23031677619733,205.49787759139065,1328.4243699066228,4,89,29,42,0.1517196908092605,0.022502303740180415,129.089078446975,0.052963072459243754,113.82647487879407,0.13871821963556316,0.023517174944997214,4,30,131.22558257585726,2.494641053437989,0.0013212385487304038,3.8689082676878117,4.403841897403254,9.372576441547816,0.013001471173697349,-4.315446932679692,-0.0010148712048167995,0.0,0,-3.3333333333333335,-1,-1.6281155602012338,-2.136504128882251
149,gasoline,0.06578724916238216,0.006578724916238216,0.05321299437666036,113.94973602551043,197.71728963604343,1363.6180344587506,4,86,26,43,0.1369954066869076,0.02430690829080928,134.01275527751721,0.052963072459243754,113.82647487879407,0.13871821963556316,0.023517174944997214,4,30,131.22558257585726,0.47187956780439533,0.00024992191741660813,0.10828864448944027,0.12326114671635935,-1.2419514561113094,-0.001722812948655561,3.358113156274608,0.0007897333458120673,0.0,0,-13.333333333333334,-4,2.1239552890144577,2.787172701659955
150,gasoline,0.06578724916238216,0.006578724916238216,0.05326094808158611,111.73048143088421,197.56571717622376,1358.73118086245,4,88,27,41,0.1349944368300639,0.023350418774051813,135.06918169955975,0.052963072459243754,113.82647487879407,0.13871821963556316,0.023517174944997214,4,30,131.22558257585726,0.5624213409665312,0.00029787562234235426,-1.8413936214239615,-2.095993447909862,-2.6844222880615707,-0.0037237828054992594,-0.7090824953907766,-0.00016675617094540074,0.0,0,-10.0,-3,2.929001379346614,3.8435991237024894
151,gasoline,0.06578724916238216,0.006578724916238216,0.05688891767066643,115.76840658944734,204.707105212181,1319.7339511635505,5,92,26,42,0.15468829808342321,0.024677757718032104,134.6158609481514,0.052963072459243754,113.82647487879407,0.13871821963556316,0.023517174944997214,4,30,131.22558257585726,7.412419690046682,0.003925845211422675,1.7060457268145157,1.9419317106532645,11.512603383907479,0.015970078447860053,4.935043327905249,0.0011605827730348899,25.0,1,-13.333333333333334,-4,2.5835498732378177,3.390278372294148
152,gasoline,0.06578724916238216,0.006578724916238216,0.05048063810961986,112.84530918040517,195.74365959824684,1308.3788759916551,4,86,29,40,0.12979699735686315,0.021635007061015718,132.2031425832025,0.052963072459243754,113.82647487879407,0.13871821963556316,0.023517174944997214,4,30,131.22558257585726,-4.687104116805494,-0.002482434349623891,-0.8619837339544091,-0.9811656983889065,-6.431182797860016,-0.008921222278700014,-8.003375781247431,-0.0018821678839814962,0.0,0,-3.3333333333333335,-1,0.7449462125878821,0.9775600073452324
153,gasoline,0.06578724916238216,0.006578724916238216,0.05130640656145588,113.41259459474992,198.82524772994668,1369.329066381508,4,87,28,40,0.1353182054768904,0.023680721207078176,126.90728878114525,0.052963072459243754,113.82647487879407,0.13871821963556316,0.023517174944997214,4,30,131.22558257585726,-3.127964109451381,-0.0016566658977878734,-0.36360634420495463,-0.4138802840441542,-2.4510220557942395,-0.0034000141586727484,0.6954332842421307,0.00016354626208096162,0.0,0,-6.666666666666667,-2,-3.2907408067445534,-4.318293794712005
154,gasoline,0.06578724916238216,0.006578724916238216,0.053759025264122184,114.80047011100437,203.0479441279579,1324.3903722914158,6,93,30,39,0.14998248141336185,0.022626381260512862,127.84553490927068,0.052963072459243754,113.82647487879407,0.13871821963556316,0.023517174944997214,4,30,131.22558257585726,1.5028448462670543,0.0007959528048784303,0.855684262600102,0.9739952322102994,8.120246790502254,0.011264261777798684,-3.7878430830564094,-0.000890793684484352,50.0,2,0.0,0,-2.575753599442152,-3.3800476665865773
155,gasoline,0.06578724916238216,0.006578724916238216,0.05091463409787092,115.63325405629774,199.21640239041218,1232.9711864627639,4,89,25,39,0.13166513482118308,0.021836563420866022,132.4375643512416,0.052963072459243754,113.82647487879407,0.13871821963556316,0.023517174944997214,4,30,131.22558257585726,-3.8676728260981315,-0.002048438361372834,1.587310139778628,1.806779177503671,-5.084468956500275,-0.007053084814380078,-7.1463155249806345,-0.0016806115241311918,0.0,0,-16.666666666666664,-5,0.923586507748013,1.211981775384345
156,gasoline,0.06578724916238216,0.006578724916238216,0.05730174009277306,119.42301998709176,209.44802252479985,1354.6750552298215,6,88,30,38,0.17069575869702547,0.022470313134629983,128.76323500832797,0.052963072459243754,113.82647487879407,0.13871821963556316,0.023517174944997214,4,30,131.22558257585726,8.19187300145399,0.004338667633529303,4.916734102727035,5.59654510829769,23.052155041690163,0.03197753906146231,-4.4514777511145285,-0.0010468618103672313,50.0,2,0.0,0,-1.8764234223200258,-2.4623475675292923
157,gasoline,0.06578724916238216,0.006578724916238216,0.05475375390324721,115.65842844527249,204.32489129212638,1328.9401077329026,7,93,25,40,0.15148214732127216,0.02372223466907159,129.3732725013708,0.052963072459243754,113.82647487879407,0.13871821963556316,0.023517174944997214,4,30,131.22558257585726,3.3809999323234563,0.0017906814440034544,1.6094266017015273,1.8319535664784183,9.201334705161335,0.012763927685708998,0.8719573016485958,0.00020505972407437734,75.0,3,-16.666666666666664,-5,-1.4115464668756241,-1.8523100744864678
158,gasoline,0.06578724916238216,0.006578724916238216,0.05543546315474561,119.2022044514228,207.9591103961144,1291.1193294495733,5,90,29,41,0.16061065953841877,0.023879418190137062,126.19391903358006,0.052963072459243754,113.82647487879407,0.13871821963556316,0.023517174944997214,4,30,131.22558257585726,4.668140613262976,0.0024723906955018554,4.722740977749658,5.375729572628728,15.781949883995663,0.02189243990285561,1.5403348658462366,0.0003622432451398476,25.0,1,-3.3333333333333335,-1,-3.8343617483035817,-5.031663542277201
159,gasoline,0.06578724916238216,0.006578724916238216,0.05461589586844855,112.23387775890069,197.85856786350513,1289.0493381575538,5,91,28,41,0.14445991815053957,0.024834388200718958,133.0837110533856,0.052963072459243754,113.82647487879407,0.13871821963556316,0.023517174944997214,4,30,131.22558257585726,3.120709076076877,0.0016528234092047928,-1.3991447258550613,-1.5925971198933837,4.139109145187165,0.005741698514976412,5.601069255990516,0.0013172132557217435,25.0,1,-6.666666666666667,-2,1.4159803607305117,1.8581284775283393
160,gasoline,0.06578724916238216,0.006578724916238216,0.055293146406610115,116.36631950926429,201.87964982361194,1279.592564933371,4,91,28,41,0.15007553379919988,0.024922619323882532,131.9864256003401,0.052963072459243754,113.82647487879407,0.13871821963556316,0.023517174944997214,4,30,131.22558257585726,4.399431224764017,0.002330073947366361,2.231330306218055,2.5398446304702134,8.18732693763974,0.011357314163636723,5.976246646004122,0.0014054443788853177,0.0,0,-6.666666666666667,-2,0.579797787556427,0.7608430244828526
161,gasoline,0.06578724916238216,0.006578724916238216,0.05636577209228346,120.41858119315938,204.96698819413683,1275.5434666869091,5,86,31,41,0.1573009296161438,0.02485237286447295,130.86010711969152,0.052963072459243754,113.82647487879407,0.13871821963556316,0.023517174944997214,4,30,131.22558257585726,6.4246643463861695,0.003402699633039706,5.7913647254602125,6.59210631436531,13.396012455610123,0.018582709980580647,5.677543848691615,0.001335197919475735,25.0,1,3.3333333333333335,1,-0.2785093035913712,-0.36547545616573984
162,gasoline,0.06578724916238216,0.006578724916238216,0.05778944184215435,116.24354345530017,205.02759272420437,1298.6237576181718,6,91,30,41,0.16185165432722076,0.0253488817871143,132.43780240859934,0.052963072459243754,113.82647487879407,0.13871821963556316,0.023517174944997214,4,30,131.22558257585726,9.112706568571136,0.004826369382910596,2.1234678303794134,2.4170685765060966,16.676565452204585,0.0231334346916576,7.788804762481661,0.0018317068421170868,50.0,2,0.0,0,0.9237679185316887,1.212219832742079
163,gasoline,0.06578724916238216,0.006578724916238216,0.05428800495487701,113.58096339832359,199.33976328573044,1327.4048465688431,4,89,28,42,0.1465332066287915,0.023547066440943,131.93243962744583,0.052963072459243754,113.82647487879407,0.13871821963556316,0.023517174944997214,4,30,131.22558257585726,2.5016156240800083,0.0013249324956332575,-0.21568925922718032,-0.24551148047048343,5.633713447130201,0.007814986993228329,0.12710496059027646,2.989149594578508e-05,0.0,0,-6.666666666666667,-2,0.5386579641816106,0.706857051588571
164,gasoline,0.06578724916238216,0.006578724916238216,0.05282719499727693,115.35710083160414,199.20390619288546,1332.0105631508197,5,87,28,41,0.13747499721209133,0.024051968443985015,131.70353496026323,0.052963072459243754,113.82647487879407,0.13871821963556316,0.023517174944997214,4,30,131.22558257585726,-0.25655132086867904,-0.00013587746196682543,1.344701181724135,1.5306259528100696,-0.8962214384945181,-0.0012432224234718292,2.2740550267563804,0.0005347934989878012,25.0,1,-6.666666666666667,-2,0.3642219565911837,0.47795238440596677
165,gasoline,0.06578724916238216,0.006578724916238216,0.05393147797802185,112.33203965172906,198.83004590995677,1324.2230634351959,5,86,30,43,0.13710407984005618,0.02520173534577933,133.6463558082627,0.052963072459243754,113.82647487879407,0.13871821963556316,0.023517174944997214,4,30,131.22558257585726,1.8284541923494047,0.0009684055187780954,-1.3129065348429105,-1.4944352270650114,-1.163610519041843,-0.0016141397955069803,7.163106983394162,0.0016845604007821174,25.0,1,0.0,0,1.8447418444540578,2.420773232405452
166,gasoline,0.06578724916238216,0.006578724916238216,0.054214772564382036,114.05847137528443,201.84856471357273,1378.6398745158588,4,91,25,42,0.15029232463254005,0.022788633049124627,131.13286795422258,0.052963072459243754,113.82647487879407,0.13871821963556316,0.023517174944997214,4,30,131.22558257585726,2.3633449628540566,0.0012517001051382814,0.20381593714238305,0.23199649649035337,8.343608379190618,0.011574104996976892,-3.0979141736901914,-0.0007285418958725871,0.0,0,-16.666666666666664,-5,-0.0706528558035464,-0.09271462163468414
167,gasoline,0.06578724916238216,0.006578724916238216,0.05458701080612807,115.7826943318528,203.47164336882875,1309.1020927956897,4,93,25,40,0.15366399334002082,0.023678107984891943,128.90180374287993,0.052963072459243754,113.82647487879407,0.13871821963556316,0.023517174944997214,4,30,131.22558257585726,3.0661709592735096,0.0016239383468843183,1.7185979405421845,1.956219453058722,10.774196600650438,0.014945773704457654,0.6843213110040819,0.0001609330398947284,0.0,0,-16.666666666666664,-5,-1.770827598828928,-2.3237788329773252
168,gasoline,0.06578724916238216,0.006578724916238216,0.057417540412730866,114.44853085387177,205.6642299720795,1262.924300250771,6,94,24,43,0.16498494449541246,0.022930785497376708,131.94952533294307,0.052963072459243754,113.82647487879407,0.13871821963556316,0.023517174944997214,4,30,131.22558257585726,8.410516510187211,0.004454467953487112,0.5464949834738222,0.6220559750776999,18.93530996062128,0.026266724859849294,-2.4934519090493406,-0.0005863894476205063,50.0,2,-20.0,-6,0.5516780667880217,0.7239427570858084
169,gasoline,0.06578724916238216,0.006578724916238216,0.05577014403897765,115.55476488022745,204.06896104680726,1309.6858924531916,7,90,27,43,0.15431041415933341,0.024771042644447388,129.75108985839003,0.052963072459243754,113.82647487879407,0.13871821963556316,0.023517174944997214,4,30,131.22558257585726,5.300054263079238,0.002807071579733894,1.5183550252906586,1.728290001433379,11.240192214644662,0.015592194523770253,5.331710557848734,0.0012538676994501737,75.0,3,-10.0,-3,-1.123632060551053,-1.4744927174672284
170,gasoline,0.06578724916238216,0.006578724916238216,0.055154518325548525,117.1004564698095,202.23528083552813,1362.3580827605135,4,84,30,41,0.14484034295994921,0.024982282012679668,131.7729044358189,0.052963072459243754,113.82647487879407,0.13871821963556316,0.023517174944997214,4,30,131.22558257585726,4.13768643801988,0.002191445866304771,2.8762918244649707,3.2739815910154277,4.413352002692894,0.006122123324386053,6.229945012991981,0.0014651070676824536,0.0,0,0.0,0,0.4170847248060435,0.5473218599616416
171,gasoline,0.06578724916238216,0.006578724916238216,0.05697878520171009,118.16403273832579,205.1715469177127,1325.0344086984564,5,89,26,41,0.1570022245403534,0.025428299895635633,131.3313856408334,0.052963072459243754,113.82647487879407,0.13871821963556316,0.023517174944997214,4,30,131.22558257585726,7.582099292967784,0.004015712742466336,3.8106757361593413,4.337557859531714,13.180680196751005,0.018284004904790235,8.126507350939152,0.0019111249506384188,25.0,1,-13.333333333333334,-4,0.08062685865004099,0.10580306497612924
172,gasoline,0.06578724916238216,0.006578724916238216,0.055338902508714975,117.25994888936344,205.00384540564602,1329.3523130285257,5,85,27,40,0.1554667349370693,0.022986169278242482,130.81707122559476,0.052963072459243754,113.82647487879407,0.13871821963556316,0.023517174944997214,4,30,131.22558257585726,4.485823686493027,0.002375830049471221,3.016410737682458,3.4334740105693697,12.073767487434168,0.016748515301506145,-2.2579483632565003,-0.0005310056667547323,25.0,1,-10.0,-3,-0.3113046574027236,-0.4085113502625006
173,gasoline,0.06578724916238216,0.006578724916238216,0.05711073000413135,116.62687942935143,204.38744403995682,1343.091355876905,5,85,29,42,0.15616611079992462,0.024767976011905876,133.90726652213945,0.052963072459243754,113.82647487879407,0.13871821963556316,0.023517174944997214,4,30,131.22558257585726,7.831225327947719,0.004147657544887599,2.46024007467447,2.80040455055736,12.577937642366013,0.017447891164361462,5.318670587917464,0.001250801066908662,25.0,1,-3.3333333333333335,-1,2.0435679489035583,2.6816839462821918
174,gasoline,0.06578724916238216,0.006578724916238216,0.055769507687619874,118.07207356186264,207.47822326089135,1333.8124067801696,5,91,29,39,0.16480318302657157,0.02251596622355919,127.57702504761883,0.052963072459243754,113.82647487879407,0.13871821963556316,0.023517174944997214,4,30,131.22558257585726,5.298852762999603,0.0028064352283761196,3.7298868190281818,4.245598683068565,18.804280691850096,0.02608496339100841,-4.257351164753784,-0.0010012087214380239,25.0,1,-3.3333333333333335,-1,-2.780370608093368,-3.6485575282384275
175,gasoline,0.06578724916238216,0.006578724916238216,0.05335407245851496,114.33924756004211,201.36416555199628,1319.2641536295725,5,92,26,42,0.1417170616557899,0.023166094713095765,133.18723738177414,0.052963072459243754,113.82647487879407,0.13871821963556316,0.023517174944997214,4,30,131.22558257585726,0.7382502206081163,0.0003909999992712035,0.45048630539955986,0.5127726812480375,2.1618227426110406,0.0029988420202267385,-1.4928673734092985,-0.0003510802319014496,25.0,1,-13.333333333333334,-4,1.4948722401616392,1.9616548059168792
176,gasoline,0.06578724916238216,0.006578724916238216,0.059465009281683245,122.33284295219958,209.89014116782127,1241.5351218976052,6,89,28,41,0.17785439889550092,0.023921966795637566,129.840670416629,0.052963072459243754,113.82647487879407,0.13871821963556316,0.023517174944997214,4,30,131.22558257585726,12.27635882990526,0.006501936822439491,7.473101563114691,8.506368073405511,28.212717379703466,0.03913617925993776,1.7212605323007235,0.0004047918506403514,50.0,2,-6.666666666666667,-2,-1.0553675068866175,-1.3849121592282643
177,gasoline,0.06578724916238216,0.006578724916238216,0.054778901490723564,116.25384112121881,202.3347608238233,1309.696617386233,5,85,28,41,0.15224514631944658,0.024105401523315653,130.1133495763832,0.052963072459243754,113.82647487879407,0.13871821963556316,0.023517174944997214,4,30,131.22558257585726,3.4284812930313477,0.0018158290314798098,2.132514641263795,2.427366242424739,9.751369877310276,0.013526926683883417,2.5012637771934925,0.000588226578318439,25.0,1,-6.666666666666667,-2,-0.8475732990791743,-1.1122329994740596
178,gasoline,0.06578724916238216,0.006578724916238216,0.0542178177904451,112.39065240747172,197.9768807606311,1315.137881628341,4,89,26,43,0.13943577625399825,0.024508910498149433,136.29197212202632,0.052963072459243754,113.82647487879407,0.13871821963556316,0.023517174944997214,4,30,131.22558257585726,2.3690946784986835,0.0012547453312013457,-1.2614134566244466,-1.4358224713223535,0.5172764041524139,0.000717556618435089,4.21706925033183,0.000991735553152219,0.0,0,-13.333333333333334,-4,3.860824579110058,5.066389546169063
179,gasoline,0.06578724916238216,0.006578724916238216,0.05573798037364528,116.29454289932548,204.36794387942214,1348.844609703832,7,89,28,40,0.15172521595838148,0.0250255084839931,132.92467767806806,0.052963072459243754,113.82647487879407,0.13871821963556316,0.023517174944997214,4,30,131.22558257585726,5.239325789750735,0.002774907914401527,2.1682723840472784,2.4680680205314047,9.37655944330165,0.01300699632281832,6.41375310820126,0.0015083335389958867,75.0,3,-6.666666666666667,-2,1.2947895287327935,1.699095102210805
180,gasoline,0.06578724916238216,0.006578724916238216,0.05242121399347037,114.12589945476911,199.04252264728802,1295.4875221618408,5,87,28,40,0.1369634435370816,0.022956051469416452,132.55774798157222,0.052963072459243754,113.82647487879407,0.13871821963556316,0.023517174944997214,4,30,131.22558257585726,-1.0230872957575419,-0.0005418584657733844,0.26305354382086854,0.29942457597503847,-1.2649932381569422,-0.0017547760984815697,-2.386015654061925,-0.0005611234755807624,25.0,1,-6.666666666666667,-2,1.015172026342408,1.3321654057149601
181,gasoline,0.06578724916238216,0.006578724916238216,0.054953454697486866,115.4288867155607,202.30741650578986,1342.997541689952,5,82,32,41,0.1471375343550959,0.02437993200999526,131.8833794571027,0.052963072459243754,113.82647487879407,0.13871821963556316,0.023517174944997214,4,30,131.22558257585726,3.758056596461156,0.0019903822382431116,1.4077672513999206,1.6024118367666205,6.069364746499596,0.00841931471953275,3.668625449340295,0.0008627570649980473,25.0,1,6.666666666666667,2,0.50127183155403,0.6577968812454458
182,gasoline,0.06578724916238216,0.006578724916238216,0.05247827242363743,115.33214753346051,199.89217634847898,1320.9295610749282,4,84,28,42,0.13380476426813956,0.023030912698725783,132.98576847946748,0.052963072459243754,113.82647487879407,0.13871821963556316,0.023517174944997214,4,30,131.22558257585726,-0.9153548181695618,-0.00048480003560632395,1.3227789547815896,1.5056726546664407,-3.542040389742676,-0.0049134553674236026,-2.067689879454988,-0.0004862622462714315,0.0,0,-6.666666666666667,-2,1.3413435620243597,1.7601859036102212
183,gasoline,0.06578724916238216,0.006578724916238216,0.058309609806665955,117.99680437075574,205.76750796370052,1337.8521071378827,7,90,28,41,0.16580207938450894,0.024671824948169333,132.44745897592193,0.052963072459243754,113.82647487879407,0.13871821963556316,0.023517174944997214,4,30,131.22558257585726,10.094839855706027,0.0053465373474222005,3.663760558694593,4.170329491961667,19.52437092986039,0.027083859748945782,4.909815936109054,0.001154650003172119,75.0,3,-6.666666666666667,-2,0.9311266721626826,1.221876400064673
184,gasoline,0.06578724916238216,0.006578724916238216,0.055467618316601096,114.01074062556887,200.01594819511217,1325.3531625517248,6,88,30,43,0.14534007218074216,0.026297123659526137,133.02378832107834,0.052963072459243754,113.82647487879407,0.13871821963556316,0.023517174944997214,4,30,131.22558257585726,4.728853031108882,0.0025045458573573418,0.16188303026252038,0.18426574677479834,4.773599720769019,0.006621852545178997,11.820929686625895,0.002779948714528923,50.0,2,0.0,0,1.3703164504387686,1.7982057452210825
185,gasoline,0.06578724916238216,0.006578724916238216,0.057061298982075265,119.11329190078388,205.8939525668543,1350.490471870582,4,85,29,42,0.15969620191239736,0.023537434008015824,135.2373383784134,0.052963072459243754,113.82647487879407,0.13871821963556316,0.023517174944997214,4,30,131.22558257585726,7.737894220515976,0.004098226522831511,4.644628613527186,5.286817021989805,15.122730331997483,0.0209779822768342,0.08614581924058451,2.025906301860933e-05,0.0,0,-3.3333333333333335,-1,3.057144593156652,4.011755802556138
186,gasoline,0.06578724916238216,0.006578724916238216,0.05227772413944162,116.6648138999777,202.02142262971876,1324.0944084631399,5,88,28,39,0.14415197771140142,0.020288707979670875,131.02405767528973,0.052963072459243754,113.82647487879407,0.13871821963556316,0.023517174944997214,4,30,131.22558257585726,-1.2940116348603492,-0.0006853483198021315,2.493566654160185,2.8383390211836286,3.917119243682401,0.005433758075838263,-13.728124117276796,-0.003228466965326339,25.0,1,-6.666666666666667,-2,-0.15357135141773087,-0.20152490056753436
187,gasoline,0.06578724916238216,0.006578724916238216,0.05796352036760382,120.12282261139518,209.26229586735977,1314.6722657836685,7,89,29,42,0.1703638507313776,0.024279086892218586,128.12360339028433,0.052963072459243754,113.82647487879407,0.13871821963556316,0.023517174944997214,4,30,131.22558257585726,9.441385622422152,0.005000447908360066,5.53153186840377,6.296347732601106,22.812887289754016,0.03164563109581445,3.2398106873098382,0.0007619119472213713,75.0,3,-3.3333333333333335,-1,-2.3638524780637002,-3.1019791855729295
188,gasoline,0.06578724916238216,0.006578724916238216,0.05311376424851177,114.09214542431656,198.89326620058677,1289.6993940983393,4,87,27,41,0.14271164964268995,0.022525154809118035,132.3346542606522,0.052963072459243754,113.82647487879407,0.13871821963556316,0.023517174944997214,4,30,131.22558257585726,0.2845223705327407,0.00015069178926801347,0.23339960743348726,0.26567054552248237,2.8788071369559276,0.003993430007126791,-4.218279356254951,-0.0009920201358791791,0.0,0,-10.0,-3,0.84516423019408,1.109071684794941
189,gasoline,0.06578724916238216,0.006578724916238216,0.051959468820686416,112.5460881382399,196.82372040359465,1261.9617751634908,6,86,26,38,0.1303571374232102,0.02108501266505791,137.05367438725014,0.052963072459243754,113.82647487879407,0.13871821963556316,0.023517174944997214,4,30,131.22558257585726,-1.8949120433480002,-0.0010036036385573377,-1.1248584671690598,-1.280386740554178,-6.027385756765748,-0.00836108221235296,-10.342068235779715,-0.0024321622799393025,50.0,2,-13.333333333333334,-4,4.44127714809256,5.828091811392881
190,gasoline,0.06578724916238216,0.006578724916238216,0.053326657468126655,115.45501467428116,201.98324918265564,1333.2185535643534,5,88,26,44,0.1418697698867558,0.02479491829252421,128.6684321800807,0.052963072459243754,113.82647487879407,0.13871821963556316,0.023517174944997214,4,30,131.22558257585726,0.68648775835784,0.00036358500888290096,1.4307214531779229,1.628539795487086,2.2719079436517386,0.0031515502511926252,5.433234861395662,0.0012777433475269946,25.0,1,-13.333333333333334,-4,-1.9486675887290041,-2.557150395776546
191,gasoline,0.06578724916238216,0.006578724916238216,0.055836947919133274,115.04231606945068,202.81709066628326,1301.007842448796,5,87,29,43,0.14901403258271106,0.02614939279158796,131.4752445400223,0.052963072459243754,113.82647487879407,0.13871821963556316,0.023517174944997214,4,30,131.22558257585726,5.426187202604287,0.0028738754598895203,1.068153249893111,1.2158411906566045,7.422105743713256,0.010295812947147903,11.192746802058782,0.0026322178465907446,25.0,1,-3.3333333333333335,-1,0.19025403375192249,0.2496619641650284
192,gasoline,0.06578724916238216,0.006578724916238216,0.05422111167069057,117.85244906872398,202.5340732369806,1293.8769249199515,6,83,30,41,0.14944543991097986,0.02289753217194899,129.31922066834505,0.052963072459243754,113.82647487879407,0.13871821963556316,0.023517174944997214,4,30,131.22558257585726,2.375313880090515,0.001258039211446814,3.5369400609277344,4.0259741899299115,7.7331011770472315,0.010727220275416699,-2.6348520793737547,-0.0006196427730482228,50.0,2,0.0,0,-1.4527364787351584,-1.9063619075122062
193,gasoline,0.06578724916238216,0.006578724916238216,0.05279377317334385,114.61068484055716,200.03631823310087,1318.3421175957665,4,83,32,40,0.14373592341283237,0.02143041527282663,132.59064738519922,0.052963072459243754,113.82647487879407,0.13871821963556316,0.023517174944997214,4,30,131.22558257585726,-0.31965533349709874,-0.00016929928589990567,0.6889521638952038,0.7842099617630822,3.617191592028491,0.005017703777269206,-8.87334332057813,-0.0020867596721705836,0.0,0,6.666666666666667,2,1.0402429027532487,1.365064809341959
194,gasoline,0.06578724916238216,0.006578724916238216,0.051372159164759415,111.65873106701943,197.78847806706113,1329.1561681056824,5,93,27,40,0.13541288392894557,0.023090725609079547,128.5580614163448,0.052963072459243754,113.82647487879407,0.13871821963556316,0.023517174944997214,4,30,131.22558257585726,-3.0038160941448058,-0.001590913294484339,-1.9044284856250906,-2.167743811774642,-2.382769700549272,-0.0033053357066175904,-1.813352738647657,-0.00042644933591766757,25.0,1,-10.0,-3,-2.0327752463742756,-2.667521159512461
195,gasoline,0.06578724916238216,0.006578724916238216,0.05577336550207173,116.26467312884634,201.88483215903833,1287.2857803187694,6,84,30,40,0.15205413897070144,0.024535024595572854,130.94032591240938,0.052963072459243754,113.82647487879407,0.13871821963556316,0.023517174944997214,4,30,131.22558257585726,5.306136733269313,0.0028102930428279757,2.142030887496547,2.4381982500522668,9.613675384656792,0.01333591933513828,4.3281119137660955,0.0010178496505756397,50.0,2,0.0,0,-0.21737885086772946,-0.2852566634478819
196,gasoline,0.06578724916238216,0.006578724916238216,0.056285888588834675,117.74563277552221,205.60412728049792,1282.0853596287388,5,89,28,40,0.15876552817407677,0.023908937929974207,130.37494342819716,0.052963072459243754,113.82647487879407,0.13871821963556316,0.023517174944997214,4,30,131.22558257585726,6.273835665685559,0.0033228161295909206,3.443098717500807,3.9191578967281373,14.451820814296326,0.02004730853851361,1.665859040863801,0.0003917629849769927,25.0,1,-6.666666666666667,-2,-0.6482266117343216,-0.8506391476601038
197,gasoline,0.06578724916238216,0.006578724916238216,0.05635746392299243,117.69451568126505,206.05467057883513,1339.9769705551746,5,89,27,40,0.15834878059398563,0.02397315553983745,130.34668909565613,0.052963072459243754,113.82647487879407,0.13871821963556316,0.023517174944997214,4,30,131.22558257585726,6.408977625610247,0.003394391463748675,3.3981908045468163,3.868040802470972,14.151393385811438,0.01963056095842247,1.938925895251864,0.0004559805948402343,25.0,1,-10.0,-3,-0.6697577278371528,-0.8788934802011283
198,gasoline,0.06578724916238216,0.006578724916238216,0.05603908178643092,116.13160037743906,203.899858799935,1345.5242942977752,5,85,29,40,0.16128383957297587,0.021548427782176152,131.47447916712883,0.052963072459243754,113.82647487879407,0.13871821963556316,0.023517174944997214,4,30,131.22558257585726,5.80783777140992,0.003076009327187164,2.0251224516085133,2.3051254986449834,16.267235837294127,0.022565619937412712,-8.371529179953104,-0.001968747162821062,25.0,1,-3.3333333333333335,-1,0.18967078399342988,0.24889659127157415
199,gasoline,0.06578724916238216,0.006578724916238216,0.054293921543322236,114.18533605272093,202.3254906125811,1322.011795683925,6,88,27,39,0.1572872829033468,0.02070084390161457,129.20156480760252,0.052963072459243754,113.82647487879407,0.13871821963556316,0.023517174944997214,4,30,131.22558257585726,2.5127867819651133,0.0013308490840784823,0.3152703923309413,0.35886117392685435,13.386174733620267,0.018569063267783625,-11.975635041069243,-0.002816331043382643,50.0,2,-10.0,-3,-1.5423957192834086,-2.024017768254737
200,gasoline,0.06578724916238216,0.006578724916238216,0.05396995243414949,115.83017908431516,200.89178469169786,1341.7821128033002,4,88,30,43,0.14803500966382427,0.022886772872836324,132.07129465018116,0.052963072459243754,113.82647487879407,0.13871821963556316,0.023517174944997214,4,30,131.22558257585726,1.9010981201676904,0.0010068799749057347,1.760314731396799,2.003704205521089,6.716341986465752,0.009316790028261107,-2.6806028939925683,-0.0006304020721608905,0.0,0,0.0,0,0.6444719525897475,0.8457120743238988
201,gasoline,0.06578724916238216,0.006578724916238216,0.05147096085571946,113.41076724440325,196.913263795732,1273.4689349788218,5,83,27,39,0.1328799704131839,0.022637235776645517,132.50108888933246,0.052963072459243754,113.82647487879407,0.13871821963556316,0.023517174944997214,4,30,131.22558257585726,-2.8172678325497635,-0.0014921116035242973,-0.36521172673886765,-0.41570763439082725,-4.208711182797304,-0.0058382492223792715,-3.74168738553729,-0.0008799391683516969,25.0,1,-10.0,-3,0.971995161643025,1.275506313475205
202,gasoline,0.06578724916238216,0.006578724916238216,0.052818149848615444,113.10762898061581,201.21130613359253,1371.588935394429,4,91,25,42,0.13842708054633215,0.023913234488377476,132.6713110760799,0.052963072459243754,113.82647487879407,0.13871821963556316,0.023517174944997214,4,30,131.22558257585726,-0.2736295382784517,-0.00014492261062831052,-0.6315278575952633,-0.7188458981782588,-0.20987804629837392,-0.0002911390892310073,1.6841289155971304,0.0003960595433802616,0.0,0,-16.666666666666664,-5,1.101712388578576,1.4457285002226286
203,gasoline,0.06578724916238216,0.006578724916238216,0.052759184232357155,114.44580303576677,199.91611812330217,1322.8364078005372,5,85,29,40,0.13647224236149363,0.023671368481855845,131.76739657464066,0.052963072459243754,113.82647487879407,0.13871821963556316,0.023517174944997214,4,30,131.22558257585726,-0.38496298915342486,-0.00020388822688659908,0.544098512786396,0.6193281569726992,-1.6190932092194517,-0.002245977274069527,0.6556635191908214,0.00015419353685863085,25.0,1,-3.3333333333333335,-1,0.4128874783011092,0.5418139987833968
204,gasoline,0.06578724916238216,0.006578724916238216,0.05416571065418562,114.18768396320371,199.85235114180233,1287.020186271649,5,87,28,41,0.14882328575839462,0.021673368594005676,134.37905343106334,0.052963072459243754,113.82647487879407,0.13871821963556316,0.023517174944997214,4,30,131.22558257585726,2.2707107784717806,0.0012026381949418671,0.3173331026848224,0.36120908440963717,7.284599059430856,0.010105066122831463,-7.84025443236229,-0.0018438063509915378,25.0,1,-6.666666666666667,-2,2.4030915262907375,3.1534708552060806
205,gasoline,0.06578724916238216,0.006578724916238216,0.05316937044574814,114.56540903589678,200.7657326568881,1307.9418791334783,4,90,30,40,0.14530010746015704,0.021642435655838472,131.03404327468775,0.052963072459243754,113.82647487879407,0.13871821963556316,0.023517174944997214,4,30,131.22558257585726,0.38951287552876973,0.00020629798650438624,0.6491760004775202,0.7389341571027046,4.7447897196818385,0.006581887824593874,-7.9717878254656345,-0.0018747392891587424,0.0,0,0.0,0,-0.14596186003502049,-0.191539301169513
206,gasoline,0.06578724916238216,0.006578724916238216,0.052795008568694166,116.57699489231786,204.31621326095433,1347.6965058370247,5,87,24,40,0.14467461988258054,0.02185217867716327,130.9051082387864,0.052963072459243754,113.82647487879407,0.13871821963556316,0.023517174944997214,4,30,131.22558257585726,-0.31732277367200956,-0.00016806389054958848,2.416415000510752,2.750520013523783,4.293884583197418,0.005956400247017379,-7.07991615373911,-0.0016649962678339444,25.0,1,-20.0,-6,-0.24421635688727603,-0.3204743370708627
207,gasoline,0.06578724916238216,0.006578724916238216,0.05212295402670108,115.38087637189393,198.68105688920028,1315.3950106677814,6,85,32,42,0.1358911048635824,0.021735018863882988,134.38439529510114,0.052963072459243754,113.82647487879407,0.13871821963556316,0.023517174944997214,4,30,131.22558257585726,-1.5862343205054155,-0.0008401184325426761,1.365588712779724,1.55440149309986,-2.0380270013615154,-0.002827114771980749,-7.578104450395913,-0.0017821560811142265,50.0,2,6.666666666666667,2,2.4071622752506174,3.1588127192438833
208,gasoline,0.06578724916238216,0.006578724916238216,0.05581702459104393,118.69845297815858,204.37762619740548,1342.0632397789564,5,86,32,42,0.15425225228728948,0.024216579461538133,131.5356371456193,0.052963072459243754,113.82647487879407,0.13871821963556316,0.023517174944997214,4,30,131.22558257585726,5.388569807758705,0.002853952131800175,4.280180076341944,4.871978099364512,11.19826414477991,0.015534032651726315,2.9740158763827287,0.0006994045165409184,25.0,1,6.666666666666667,2,0.23627600935419588,0.3100545697620305
209,gasoline,0.06578724916238216,0.006578724916238216,0.056662237875231905,115.68190340030392,205.09107350728047,1318.989861084118,5,92,27,40,0.167541567985111,0.022055578140428772,130.2665545346704,0.052963072459243754,113.82647487879407,0.13871821963556316,0.023517174944997214,4,30,131.22558257585726,6.984423758336036,0.003699165415988151,1.630050059518726,1.8554285215098503,20.778343627298398,0.028823348349547834,-6.215018632071563,-0.0014615968045684422,25.0,1,-10.0,-3,-0.7308239920615112,-0.9590280411868548
210,gasoline,0.06578724916238216,0.006578724916238216,0.055392268570476626,116.85566567721287,201.7472647990414,1309.4247254460445,4,86,30,40,0.14986488639115436,0.024882307296595817,131.81972752641758,0.052963072459243754,113.82647487879407,0.13871821963556316,0.023517174944997214,4,30,131.22558257585726,4.586584573812615,0.0024291961112328717,2.6612357113267113,3.029190798418796,8.035474204380238,0.0111466667555912,5.804831382984654,0.0013651323515986025,0.0,0,0.0,0,0.4527660985744638,0.5941449505603202
211,gasoline,0.06578724916238216,0.006578724916238216,0.05532547703219321,113.71651699312766,202.7279488389931,1327.4151704462072,6,90,27,41,0.15192103701756518,0.023756302017404467,132.72528549926142,0.052963072459243754,113.82647487879407,0.13871821963556316,0.023517174944997214,4,30,131.22558257585726,4.460474937075033,0.002362404572949457,-0.0966013274007691,-0.10995788566641806,9.517724071638254,0.013202817382002019,1.0168188694710618,0.0002391270724072525,50.0,2,-10.0,-3,1.1428434105348537,1.4997029234041577
212,gasoline,0.06578724916238216,0.006578724916238216,0.05262358376381071,114.29325412371696,201.18239848636216,1302.8432712118065,4,89,29,41,0.1403627953774163,0.022923105422562963,130.89285610034992,0.052963072459243754,113.82647487879407,0.13871821963556316,0.023517174944997214,4,30,131.22558257585726,-0.6409913165333967,-0.0003394886954330434,0.4100796808650454,0.4667792449228898,1.1855513617271976,0.0016445757418531437,-2.526109210922152,-0.0005940695224342513,0.0,0,-3.3333333333333335,-1,-0.25355305648195886,-0.3327264755073429
213,gasoline,0.06578724916238216,0.006578724916238216,0.05214330018379923,114.08153998616301,199.4198052903624,1323.770109220916,5,86,26,41,0.137808220222459,0.02369470681843365,128.85613808466402,0.052963072459243754,113.82647487879407,0.13871821963556316,0.023517174944997214,4,30,131.22558257585726,-1.5478185788321805,-0.0008197722754445247,0.22408240933450355,0.2550651073689352,-0.6560056894435952,-0.0009099994131041567,0.7549030606425032,0.0001775318734364359,25.0,1,-13.333333333333334,-4,-1.8056269552650193,-2.369444491193235
214,gasoline,0.06578724916238216,0.006578724916238216,0.057327145298260156,116.81287181249623,204.76998990170074,1354.3594197222958,5,89,28,41,0.15888052825741833,0.024462222372970386,133.24095559245637,0.052963072459243754,113.82647487879407,0.13871821963556316,0.023517174944997214,4,30,131.22558257585726,8.239840772784946,0.004364072839016402,2.6236400071970603,2.986396933702153,14.534722745739566,0.02016230862185517,4.0185414710035605,0.0009450474279731717,25.0,1,-6.666666666666667,-2,1.5358080162715921,2.0153730165991135
215,gasoline,0.06578724916238216,0.006578724916238216,0.052233433209523776,112.92698325043457,199.05219406119926,1357.5952843862342,4,88,27,42,0.13716077593284307,0.023722165650071778,130.7883013003497,0.052963072459243754,113.82647487879407,0.13871821963556316,0.023517174944997214,4,30,131.22558257585726,-1.3776376932842245,-0.000729639249719978,-0.7902305938203789,-0.8994916283594989,-1.122739108685053,-0.001557443702720096,0.8716638182690001,0.00020499070507456335,0.0,0,-10.0,-3,-0.3332286791371495,-0.4372812755075586
216,gasoline,0.06578724916238216,0.006578724916238216,0.05749644086959069,117.94074466360009,205.0216449720086,1362.0852734111068,4,89,30,40,0.16598515443412712,0.02294837319479014,132.66456713596082,0.052963072459243754,113.82647487879407,0.13871821963556316,0.023517174944997214,4,30,131.22558257585726,8.55948909277395,0.004533368410346933,3.6145104108574153,4.114269784806012,19.65634714041092,0.027266934798563958,-2.4186653011571653,-0.0005688017502070743,0.0,0,0.0,0,1.0965731924045623,1.4389845601035631
217,gasoline,0.06578724916238216,0.006578724916238216,0.05390442120262647,114.26725470582407,199.50969081822507,1313.9901325172987,3,87,23,41,0.14448941183609623,0.021678313512864894,133.73419504504167,0.052963072459243754,113.82647487879407,0.13871821963556316,0.023517174944997214,4,30,131.22558257585726,1.777368078687479,0.0009413487433827181,0.38723840609081067,0.4407798270299992,4.160370725413716,0.005771192200533071,-7.819227591890239,-0.0018388614321323202,-25.0,-1,-23.333333333333332,-7,1.9116794301402822,2.5086124691844134
218,gasoline,0.06578724916238216,0.006578724916238216,0.04915447876528043,111.49384028758963,196.57423181426418,1327.392299841658,5,90,27,40,0.1194336664721289,0.02401397562654168,130.37814935444834,0.052963072459243754,113.82647487879407,0.13871821963556316,0.023517174944997214,4,30,131.22558257585726,-7.191036163723545,-0.0038085936939633233,-2.0492900212259935,-2.332634591204439,-13.901961266586415,-0.019284553163434262,2.112501534331398,0.0004968006815444653,25.0,1,-10.0,-3,-0.6457835467554861,-0.8474332214089202
219,gasoline,0.06578724916238216,0.006578724916238216,0.05431556573044184,114.81002755700054,201.45017312661514,1269.4894252981408,6,87,28,41,0.14954079663267156,0.022455034344549932,131.07090519745046,0.052963072459243754,113.82647487879407,0.13871821963556316,0.023517174944997214,4,30,131.22558257585726,2.553653344486125,0.001352493271198088,0.8640807679002462,0.9835526782064647,7.8018424872674865,0.010822576997108396,-4.5164463968629445,-0.0010621406004472818,50.0,2,-6.666666666666667,-2,-0.1178713596621972,-0.1546773784068023
220,gasoline,0.06578724916238216,0.006578724916238216,0.05191635436597208,114.50426318718961,201.42403445983692,1265.6251147984758,5,90,25,40,0.1418485854937301,0.022630487622124374,127.71914253474199,0.052963072459243754,113.82647487879407,0.13871821963556316,0.023517174944997214,4,30,131.22558257585726,-1.9763167895464329,-0.0010467180932716771,0.595457523495535,0.6777883083955345,2.2566364147341025,0.0031303658581669502,-3.7703819652941104,-0.0008866873228728402,25.0,1,-16.666666666666664,-5,-2.6720704700154863,-3.506440041115269
221,gasoline,0.06578724916238216,0.006578724916238216,0.05283735220945574,113.14961899737752,198.4310761550071,1260.6002247250856,4,90,28,41,0.14250226960191062,0.021770156818087784,132.9720355650419,0.052963072459243754,113.82647487879407,0.13871821963556316,0.023517174944997214,4,30,131.22558257585726,-0.23737340745244145,-0.0001257202497880125,-0.594638358200317,-0.6768558814165573,2.727868030810094,0.003784049966347458,-7.428690440052502,-0.0017470181269094304,0.0,0,-6.666666666666667,-2,1.3308784422237672,1.7464529891846325
222,gasoline,0.06578724916238216,0.006578724916238216,0.05313340094357079,115.88249371297923,201.58942206010144,1321.5238338962909,5,89,28,40,0.14308619772442355,0.023850920655465898,129.4669870920661,0.052963072459243754,113.82647487879407,0.13871821963556316,0.023517174944997214,4,30,131.22558257585726,0.32159857126511243,0.00017032848432703418,1.8062747145376021,2.056018834185153,3.148813544706544,0.004367978088860386,1.4191573233148105,0.00033374571046868376,25.0,1,-6.666666666666667,-2,-1.3401315881181792,-1.7585954837911686
223,gasoline,0.06578724916238216,0.006578724916238216,0.05228269089923396,119.55135703669708,205.0164161698391,1348.3646894940755,6,86,30,39,0.14624766466620887,0.021355030412989487,126.94225841087908,0.052963072459243754,113.82647487879407,0.13871821963556316,0.023517174944997214,4,30,131.22558257585726,-1.28463385603878,-0.0006803815600097962,5.029482081386638,5.724882157903011,5.427870290165822,0.007529445030645704,-9.193895682898248,-0.0021621445320077273,50.0,2,0.0,0,-3.2640923217103124,-4.283324164978183
224,gasoline,0.06578724916238216,0.006578724916238216,0.05484651700301044,118.83985581393678,205.34826291664984,1325.2787963980975,5,85,32,41,0.154500407144083,0.023863512443409295,128.13133684599393,0.052963072459243754,113.82647487879407,0.13871821963556316,0.023517174944997214,4,30,131.22558257585726,3.5561466816639733,0.0018834445437666825,4.404406743230086,5.013380935142706,11.377155466659236,0.01578218750851984,1.4727002678770187,0.0003463374984120811,25.0,1,6.666666666666667,2,-2.3579592249664034,-3.0942457298633315
225,gasoline,0.06578724916238216,0.006578724916238216,0.053488279838123896,115.09230115912574,200.05334920906355,1285.2185868951774,5,90,25,42,0.1414435092145251,0.022765843598807553,133.88636772604931,0.052963072459243754,113.82647487879407,0.13871821963556316,0.023517174944997214,4,30,131.22558257585726,0.9916482456419063,0.0005252073788801423,1.1120666625928253,1.265826280331666,1.9646226617683924,0.002725289578961926,-3.1948197347126133,-0.0007513313461896612,25.0,1,-16.666666666666664,-5,2.0276420938378696,2.660785150192055
226,gasoline,0.06578724916238216,0.006578724916238216,0.05427796881604229,112.98255529034073,200.91649319375148,1334.6675540443066,6,92,27,43,0.14459933717263407,0.024957881766782437,131.2159357792452,0.052963072459243754,113.82647487879407,0.13871821963556316,0.023517174944997214,4,30,131.22558257585726,2.4826663102114774,0.001314896356798538,-0.7414088764076878,-0.8439195884533461,4.2396143437550045,0.005881117537070907,6.12619000859924,0.0014407068217852231,50.0,2,-10.0,-3,-0.007351307894924692,-0.009646796612059916
227,gasoline,0.06578724916238216,0.006578724916238216,0.05333913797490155,113.38673523134007,201.48050454236167,1339.6068677889214,5,90,30,41,0.13966831293626836,0.022936123905036368,133.43154042003277,0.052963072459243754,113.82647487879407,0.13871821963556316,0.023517174944997214,4,30,131.22558257585726,0.7100523028515514,0.00037606551565779606,-0.3863245768809522,-0.4397396474540045,0.6849088052032789,0.0009500933007051959,-2.4707518710041856,-0.0005810510399608462,25.0,1,0.0,0,1.6810425230159083,2.205957844175515
228,gasoline,0.06578724916238216,0.006578724916238216,0.056586083591691205,117.12059991364417,207.18786337537648,1350.3445602399015,5,92,29,42,0.16075681209629292,0.022805578248285652,132.03025215461616,0.052963072459243754,113.82647487879407,0.13871821963556316,0.023517174944997214,4,30,131.22558257585726,6.840636247520266,0.003623011132447451,2.8939884489595085,3.2941250348500972,15.88730919314634,0.022038592460729756,-3.0258596042078563,-0.0007115966967115618,25.0,1,-3.3333333333333335,-1,0.6131956612147261,0.8046695787589044
229,gasoline,0.06578724916238216,0.006578724916238216,0.05161942032540759,112.22131962038559,197.3800184342028,1273.7089854729604,4,92,25,41,0.13251315452276655,0.023025211699592863,131.77819482840547,0.052963072459243754,113.82647487879407,0.13871821963556316,0.023517174944997214,4,30,131.22558257585726,-2.5369603224400072,-0.001343652133836165,-1.4101774302662944,-1.6051552584084874,-4.4731435633317655,-0.006205065112796615,-2.0919317331055787,-0.0004919632454043511,0.0,0,-16.666666666666664,-5,0.4211162501250607,0.5526122525482151
230,gasoline,0.06578724916238216,0.006578724916238216,0.05302325711531736,116.37452706821004,202.36500608575025,1298.9568265078287,3,92,25,39,0.1457409309838973,0.021555878192738787,132.56676525889904,0.052963072459243754,113.82647487879407,0.13871821963556316,0.023517174944997214,4,30,131.22558257585726,0.113635129683831,6.0184656073603016e-05,2.2385408949273122,2.5480521894159693,5.062573154978494,0.007022711348334126,-8.339848459032924,-0.001961296752258427,-25.0,-1,-16.666666666666664,-5,1.0220436112497235,1.3411826830417795
231,gasoline,0.06578724916238216,0.006578724916238216,0.055231404736155926,117.17846103334668,203.49316669140396,1328.4544729335482,5,86,29,40,0.1489623301905688,0.024893494543122587,131.95153854690795,0.052963072459243754,113.82647487879407,0.13871821963556316,0.023517174944997214,4,30,131.22558257585726,4.282856283796041,0.0022683322769121717,2.944821192189166,3.3519861545526055,7.384834221430092,0.010244110555005626,5.852401920487291,0.001376319598125373,25.0,1,-3.3333333333333335,-1,0.5532122295064251,0.7259559710506949
232,gasoline,0.06578724916238216,0.006578724916238216,0.05620274435521299,114.76000820747271,200.4817501194424,1261.9008591049542,5,89,27,44,0.14571515145237982,0.02766837110785051,133.88738606076,0.052963072459243754,113.82647487879407,0.13871821963556316,0.023517174944997214,4,30,131.22558257585726,6.116850374309825,0.003239671895969236,0.8201372568839457,0.9335333286786351,5.043989055798733,0.006996931816816654,17.651763753776795,0.004151196162853296,25.0,1,-10.0,-3,2.0284181122717024,2.661803484902748
233,gasoline,0.06578724916238216,0.006578724916238216,0.05702706592443208,115.84711984941572,203.63305728871563,1283.9824659354872,6,89,30,43,0.15424306162398474,0.0261083175425307,131.71689974009587,0.052963072459243754,113.82647487879407,0.13871821963556316,0.023517174944997214,4,30,131.22558257585726,7.673258511042122,0.004063993465188327,1.7751977057826756,2.020644970621646,11.19163872576222,0.015524841988421578,11.018086158706307,0.0025911425975334856,50.0,2,0.0,0,0.37440654070222507,0.49131716423860894
234,gasoline,0.06578724916238216,0.006578724916238216,0.053951920444832976,113.46236833284341,197.9430174674182,1317.4028627618275,4,89,29,42,0.13419382611338754,0.026626966680877925,133.73228214155608,0.052963072459243754,113.82647487879407,0.13871821963556316,0.023517174944997214,4,30,131.22558257585726,1.867051777160705,0.0009888479855892224,-0.3198786102603756,-0.36410654595066205,-3.26157121541928,-0.004524393522175624,13.223491950687105,0.003109791735880711,0.0,0,-3.3333333333333335,-1,1.910221708674665,2.506699565698824
235,gasoline,0.06578724916238216,0.006578724916238216,0.05766011263267993,116.97706711138783,204.83964428583334,1283.6932634207265,6,87,32,41,0.16056899625577906,0.024179113726281617,134.77559213798287,0.052963072459243754,113.82647487879407,0.13871821963556316,0.023517174944997214,4,30,131.22558257585726,8.868519055518636,0.004697040173436175,2.7678905421156186,3.150592232593752,15.75191541357846,0.021850776620215895,2.8147036488547967,0.0006619387812844026,50.0,2,6.666666666666667,2,2.70527247236526,3.5500095621256094
236,gasoline,0.06578724916238216,0.006578724916238216,0.05469681097308314,116.6942633939938,204.79856169471705,1298.4028264412045,5,91,27,41,0.15400250312488103,0.022182926340563305,130.96754181944928,0.052963072459243754,113.82647487879407,0.13871821963556316,0.023517174944997214,4,30,131.22558257585726,3.2734855312133484,0.0017337385138393863,2.519438925130054,2.8677885151997202,11.018223510561437,0.015284283489317874,-5.673507160424225,-0.0013342486044339089,25.0,1,-10.0,-3,-0.19663906331588524,-0.2580407564079792
237,gasoline,0.06578724916238216,0.006578724916238216,0.05337469278629205,114.53054614808124,199.39916917402883,1330.659208381939,4,86,26,40,0.13997074175721602,0.02397353328928664,133.45206112116665,0.052963072459243754,113.82647487879407,0.13871821963556316,0.023517174944997214,4,30,131.22558257585726,0.7771836261294008,0.00041162032704829266,0.6185478993677754,0.7040712692871693,0.9029254592103716,0.0012525221216528604,1.9405321657757535,0.0004563583442894273,0.0,0,-13.333333333333334,-4,1.6966802521317332,2.2264785453093907
238,gasoline,0.06578724916238216,0.006578724916238216,0.057960864689252344,115.50724455195628,205.8604082280149,1272.3065060401711,7,91,28,40,0.17031768821499932,0.022089584666617056,133.0302520839898,0.052963072459243754,113.82647487879407,0.13871821963556316,0.023517174944997214,4,30,131.22558257585726,9.43637141492216,0.0049977922300085895,1.4766069800122845,1.680769673162203,22.779609385453075,0.03159946857943616,-6.070415692867261,-0.0014275902783801586,75.0,3,-6.666666666666667,-2,1.3752421385436235,1.8046695081325481
239,gasoline,0.06578724916238216,0.006578724916238216,0.0538449897503938,116.5242267888748,202.92385720474107,1297.1432626581977,4,88,25,38,0.1505232796221948,0.021091538997822214,131.0924443230638,0.052963072459243754,113.82647487879407,0.13871821963556316,0.023517174944997214,4,30,131.22558257585726,1.665155079189749,0.0008819172911500445,2.370056626064696,2.6977519100807257,8.510100560435093,0.011805059986631644,-10.31431688903179,-0.0024256359471750005,0.0,0,-16.666666666666664,-5,-0.1014575437045555,-0.13313825279345792
240,gasoline,0.06578724916238216,0.006578724916238216,0.05651166885872073,115.86737394517773,204.84500660686018,1350.4987919948512,5,92,25,42,0.1559369752290945,0.025380307913625288,130.98671209958357,0.052963072459243754,113.82647487879407,0.13871821963556316,0.023517174944997214,4,30,131.22558257585726,6.700133196025771,0.0035485963994769734,1.7929915413412136,2.040899066383659,12.4127570543855,0.017218755593531337,7.922435296695431,0.0018631329686280736,25.0,1,-16.666666666666664,-5,-0.18203041783838605,-0.2388704762736893
241,gasoline,0.06578724916238216,0.006578724916238216,0.05313582548245852,116.86577132147369,204.4022189367836,1281.7375161743144,5,90,27,39,0.1512609293253766,0.02218204401177556,126.87864361234034,0.052963072459243754,113.82647487879407,0.13871821963556316,0.023517174944997214,4,30,131.22558257585726,0.3261763624980506,0.0001727530232147681,2.6701138253784547,3.039296442679614,9.041861784822006,0.012542709689813442,-5.677259008976646,-0.001335130933221653,25.0,1,-10.0,-3,-3.3125697582665294,-4.346938963516919
242,gasoline,0.06578724916238216,0.006578724916238216,0.056023996292256,113.28854948504605,201.57423354516283,1351.9810608054281,6,93,23,42,0.15304820391617896,0.02534778548892898,131.6349883760574,0.052963072459243754,113.82647487879407,0.13871821963556316,0.023517174944997214,4,30,131.22558257585726,5.779354729406401,0.0030609238330122426,-0.4725837238839428,-0.5379253937480257,10.330282725847516,0.014329984280615798,7.784143070812117,0.001830610543931764,50.0,2,-23.333333333333332,-7,0.3119862698749943,0.4094058002001475
243,gasoline,0.06578724916238216,0.006578724916238216,0.053903512839676974,114.37678519602531,201.92177001876553,1336.8890438341225,6,88,28,42,0.1429018152076164,0.023573106093893178,131.8760235350326,0.052963072459243754,113.82647487879407,0.13871821963556316,0.023517174944997214,4,30,131.22558257585726,1.7756529913496046,0.0009404403804332204,0.4834642536520821,0.5503103172312365,3.0158947995759187,0.00418359557205325,0.2378310703848458,5.593114889596365e-05,50.0,2,-6.666666666666667,-2,0.4956662766571013,0.6504409591753415
244,gasoline,0.06578724916238216,0.006578724916238216,0.058161104493966095,116.28540175576842,205.21901857556665,1362.6221237499115,7,86,30,42,0.16498296040905858,0.024614687604271487,133.48157553426321,0.052963072459243754,113.82647487879407,0.13871821963556316,0.023517174944997214,4,30,131.22558257585726,9.81444578903979,0.005198032034722341,2.1602416130278006,2.4589268769743455,18.93387966086751,0.026264740773495415,4.666855869555647,0.0010975126592742725,75.0,3,0.0,0,1.719171608250882,2.2559929584059546
245,gasoline,0.06578724916238216,0.006578724916238216,0.052690981212395294,112.23471195687326,198.20780290394455,1288.6137246793892,5,89,28,42,0.13855182081039408,0.0234896993270557,130.89671093358217,0.052963072459243754,113.82647487879407,0.13871821963556316,0.023517174944997214,4,30,131.22558257585726,-0.5137376557182187,-0.0002720912468484604,-1.3984118577121678,-1.591762921920818,-0.11995455651481297,-0.000166398825169084,-0.1168321365375471,-2.747561794151296e-05,25.0,1,-6.666666666666667,-2,-0.2506154941891604,-0.32887164227508947
246,gasoline,0.06578724916238216,0.006578724916238216,0.05406235140869398,113.69233124812762,200.15474579074797,1300.442828941665,5,87,28,41,0.14130108744687234,0.02566909908156638,130.1224397962586,0.052963072459243754,113.82647487879407,0.13871821963556316,0.023517174944997214,4,30,131.22558257585726,2.0755573617753162,0.001099278949450229,-0.11784923569784435,-0.13414363066645763,1.8619528264526588,0.002582867811309175,9.150436400639789,0.002151924136569165,25.0,1,-6.666666666666667,-2,-0.8406461285557479,-1.1031427795986701
247,gasoline,0.06578724916238216,0.006578724916238216,0.055316799536202874,118.87179896516885,204.9889357720429,1317.1668014054517,5,85,29,41,0.15494011856417994,0.023762246135667492,130.82992320078867,0.052963072459243754,113.82647487879407,0.13871821963556316,0.023517174944997214,4,30,131.22558257585726,4.444090887609218,0.0023537270769591195,4.432469767465955,5.045324086374777,11.694137202189102,0.01622189892861678,1.0420945170644802,0.00024507119067027766,25.0,1,-3.3333333333333335,-1,-0.3015108542877848,-0.3956593750685897
248,gasoline,0.06578724916238216,0.006578724916238216,0.05647320063545113,111.21480402822948,200.20279621135475,1333.351950022462,4,99,23,44,0.15291338438989052,0.025462346398855633,133.52437054613011,0.052963072459243754,113.82647487879407,0.13871821963556316,0.023517174944997214,4,30,131.22558257585726,6.627501036516521,0.0035101281762073763,-2.294431812410584,-2.611670850564593,10.233093238667943,0.01419516475432736,8.27128028093448,0.0019451714538584186,0.0,0,-23.333333333333332,-7,1.7517833985945537,2.298787970272855
249,gasoline,0.06578724916238216,0.006578724916238216,0.05005073712232447,115.1138291266044,197.7986641687649,1272.944232970514,5,83,27,41,0.12368179313931207,0.02320555486922439,131.8192221660089,0.052963072459243754,113.82647487879407,0.13871821963556316,0.023517174944997214,4,30,131.22558257585726,-5.498803603511469,-0.002912335336919286,1.1309796329730335,1.2873542478103275,-10.839546914424355,-0.015036426496251087,-1.3250744466614375,-0.0003116200757728241,25.0,1,-10.0,-3,0.452380990428048,0.5936395901516391
250,gasoline,0.06578724916238216,0.006578724916238216,0.05368310955936055,114.87698908612909,202.92713070136026,1305.9727721015377,5,88,29,41,0.1473145251417612,0.021952543530198064,132.31073906832782,0.052963072459243754,113.82647487879407,0.13871821963556316,0.023517174944997214,4,30,131.22558257585726,1.3595077979489973,0.0007200371001167966,0.9229084959835863,1.0505142073350129,6.196954898053055,0.008596305506198026,-6.653143578931417,-0.0015646314147991502,25.0,1,-3.3333333333333335,-1,0.8269397408415131,1.08515649247056
251,gasoline,0.06578724916238216,0.006578724916238216,0.053505102419373854,117.08206558457843,201.38323107687643,1336.8043116299675,4,88,29,42,0.1384379907577541,0.025068201753197846,130.06657596282523,0.052963072459243754,113.82647487879407,0.13871821963556316,0.023517174944997214,4,30,131.22558257585726,1.0234110956217728,0.0005420299601300999,2.860134875696546,3.255590705784357,-0.2020130293953302,-0.0002802288778090689,6.595293915311798,0.001551026808200632,0.0,0,-3.3333333333333335,-1,-0.8832169690403543,-1.1590066130320338
252,gasoline,0.06578724916238216,0.006578724916238216,0.0522373160290252,115.82804250062095,201.66499931774584,1340.67357200908,4,87,30,42,0.14277124250703557,0.02203891511762478,129.4913564893387,0.052963072459243754,113.82647487879407,0.13871821963556316,0.023517174944997214,4,30,131.22558257585726,-1.3703065107807741,-0.0007257564302185562,1.7584376780166566,2.0015676218268794,2.9217667889051677,0.0040530228714724115,-6.285873328024472,-0.0014782598273724336,0.0,0,0.0,0,-1.321560973460385,-1.7342260865185608
253,gasoline,0.06578724916238216,0.006578724916238216,0.05229466448575131,115.03726275374083,198.8259970370078,1313.5708724147494,5,80,29,43,0.12980618635931462,0.02608497911235392,129.7088745885953,0.052963072459243754,113.82647487879407,0.13871821963556316,0.023517174944997214,4,30,131.22558257585726,-1.262026431730895,-0.0006684079734924422,1.063713759242781,1.2107878749467602,-6.42455857612792,-0.008912033276248538,10.918846219251991,0.002567804167356705,25.0,1,-3.3333333333333335,-1,-1.1558020604596613,-1.5167079872619524
254,gasoline,0.06578724916238216,0.006578724916238216,0.052657183549588746,115.03369961442385,198.8570999624194,1275.1007512004098,5,86,28,42,0.13847604723790852,0.02292934716805951,132.9722468725148,0.052963072459243754,113.82647487879407,0.13871821963556316,0.023517174944997214,4,30,131.22558257585726,-0.577551292724561,-0.00030588890965500826,1.0605834336126716,1.2072247356297794,-0.1745786518100312,-0.00024217239765464416,-2.4995679894057696,-0.0005878277769377042,25.0,1,-6.666666666666667,-2,1.331039468350504,1.746664296657542
255,gasoline,0.06578724916238216,0.006578724916238216,0.052258599628476086,115.1739123417757,200.56392755216825,1339.5299308727886,4,85,30,42,0.13557460838136753,0.024035237393802387,128.72200617274814,0.052963072459243754,113.82647487879407,0.13871821963556316,0.023517174944997214,4,30,131.22558257585726,-1.3301207767162202,-0.0007044728307676676,1.183764554262463,1.347437462981631,-2.266184833149128,-0.0031436112541956274,2.2029110640067766,0.0005180624488051733,0.0,0,0.0,0,-1.9078417134569667,-2.503576403109122
256,gasoline,0.06578724916238216,0.006578724916238216,0.053315814843720825,118.59056240482045,205.18303384435143,1335.37464789416,5,90,31,41,0.1443837343327668,0.023198014636352578,130.99376068951494,0.052963072459243754,113.82647487879407,0.13871821963556316,0.023517174944997214,4,30,131.22558257585726,0.6660157126430201,0.00035274238447707135,4.18539494533176,4.764087526026373,4.084189309874311,0.0056655146972036385,-1.3571371110309796,-0.0003191603086446365,25.0,1,3.3333333333333335,1,-0.17665906433168868,-0.23182188634231693
257,gasoline,0.06578724916238216,0.006578724916238216,0.05470953965716469,117.28891133636822,202.07046329401498,1302.9245506683465,4,83,29,43,0.14328980373432074,0.02619189529740487,131.1372542605326,0.052963072459243754,113.82647487879407,0.13871821963556316,0.023517174944997214,4,30,131.22558257585726,3.2975186612613587,0.0017464671979209381,3.041855123125838,3.4624364575741424,3.2955902337615925,0.004571584098757575,11.373476442911983,0.002674720352407657,0.0,0,-3.3333333333333335,-1,-0.0673102862954439,-0.08832831532467367
258,gasoline,0.06578724916238216,0.006578724916238216,0.05374735291778905,115.53379222135274,201.14126276444782,1266.4313335590305,7,90,30,40,0.1491720641245285,0.022692076188628018,127.9711487493798,0.052963072459243754,113.82647487879407,0.13871821963556316,0.023517174944997214,4,30,131.22558257585726,1.480806195956283,0.0007842804585452973,1.4999299103101202,1.7073173425586674,7.536028444157799,0.01045384448896533,-3.508494359118244,-0.0008250987563691962,75.0,3,0.0,0,-2.4800300083226405,-3.2544338264774666
259,gasoline,0.06578724916238216,0.006578724916238216,0.056788611629126434,114.94599231638573,204.25433437593693,1319.1703104003323,5,93,24,40,0.16213980087067045,0.023271624276380118,131.18844540642323,0.052963072459243754,113.82647487879407,0.13871821963556316,0.023517174944997214,4,30,131.22558257585726,7.223031052109971,0.00382553916988268,0.9835299202437309,1.1195174375916537,16.88428621462981,0.02342158123510729,-1.0441333586682873,-0.00024555066861709635,25.0,1,-20.0,-6,-0.028300251143914535,-0.03713716943403256
260,gasoline,0.06578724916238216,0.006578724916238216,0.053146690393161444,117.16479508408682,202.34113365286294,1361.3083209863332,5,82,30,42,0.1398510158050132,0.024810946107854077,128.78045706243094,0.052963072459243754,113.82647487879407,0.13871821963556316,0.023517174944997214,4,30,131.22558257585726,0.3466904871483584,0.0001836179339176902,2.932815242541326,3.338320205292746,0.8166167158330615,0.0011327961694500288,5.5013885208694475,0.0012937711628568625,25.0,1,0.0,0,-1.863299415731587,-2.4451255134263192
261,gasoline,0.06578724916238216,0.006578724916238216,0.053102048744380924,115.49930964002317,200.6694392797781,1296.2972355181926,4,87,30,40,0.14439747177768106,0.021221235885413154,132.82642159738396,0.052963072459243754,113.82647487879407,0.13871821963556316,0.023517174944997214,4,30,131.22558257585726,0.26240223363951387,0.0001389762851371698,1.469635919947783,1.6728347612290975,4.0940924393625275,0.0056792521421178965,-9.762818301747052,-0.0022959390595840602,0.0,0,0.0,0,1.2199138232831257,1.6008390215266957
262,gasoline,0.06578724916238216,0.006578724916238216,0.055992367942061784,116.83832327378951,205.19753397418785,1323.6689003364393,6,87,28,41,0.1570806588843347,0.023664788836144736,130.22287079253988,0.052963072459243754,113.82647487879407,0.13871821963556316,0.023517174944997214,4,30,131.22558257585726,5.719636988864532,0.00302929548281803,2.645999885529749,3.0118483949954395,13.237222404535506,0.01836243924877154,0.6276854745213495,0.00014761389114752166,50.0,2,-6.666666666666667,-2,-0.7641130362197059,-1.0027117833173804
263,gasoline,0.06578724916238216,0.006578724916238216,0.05313106169680493,118.5706754736371,201.63192896342383,1298.9535038046913,6,84,32,39,0.14175821509502526,0.022563011700306203,132.30545781145113,0.052963072459243754,113.82647487879407,0.13871821963556316,0.023517174944997214,4,30,131.22558257585726,0.31718182076851903,0.0001679892375611794,4.167923674957687,4.744200594843022,2.1914896741384746,0.003039995459462097,-4.057303851005241,-0.0009541632446910114,50.0,2,6.666666666666667,2,0.8229151773585259,1.0798752355938745
264,gasoline,0.06578724916238216,0.006578724916238216,0.05674574930332514,117.31748419365354,204.4760975370438,1374.1347375992398,4,85,27,42,0.14814719175378002,0.02537559591032914,136.52061099407518,0.052963072459243754,113.82647487879407,0.13871821963556316,0.023517174944997214,4,30,131.22558257585726,7.142102352525412,0.003782676844081387,3.066957242220496,3.4910093148594683,6.797212466385748,0.00942897211821686,7.902398862441872,0.001858420965331925,0.0,0,-10.0,-3,4.035058038440821,5.295028418217925
265,gasoline,0.06578724916238216,0.006578724916238216,0.05481812192452996,115.04721211726995,200.9766156564931,1332.9416950637433,5,86,32,43,0.14067041534080107,0.0226552091292629,138.1238956290799,0.052963072459243754,113.82647487879407,0.13871821963556316,0.023517174944997214,4,30,131.22558257585726,3.5025337072612324,0.001855049465286203,1.0724545759461983,1.220737238475877,1.4073102367999464,0.0019521957052379135,-3.6652608901805097,-0.0008619658157343127,25.0,1,6.666666666666667,2,5.256835532991401,6.898313053222637
266,gasoline,0.06578724916238216,0.006578724916238216,0.05580366083422817,117.44832444854937,205.33937413298963,1336.268824281497,8,88,29,43,0.15676274674452992,0.025066264065306525,127.69572121872811,0.052963072459243754,113.82647487879407,0.13871821963556316,0.023517174944997214,4,30,131.22558257585726,5.363337591810429,0.0028405883749844166,3.1819043624182815,3.621849569755298,13.008044045239956,0.018044527108966757,6.587054456720991,0.0015490891203093111,100.0,4,-3.3333333333333335,-1,-2.6899186026388198,-3.5298613571291497
267,gasoline,0.06578724916238216,0.006578724916238216,0.05480838647363868,117.34186202836186,204.42690490340632,1358.8369261678629,6,86,29,40,0.14985780231172988,0.02253135625441892,132.50111592957222,0.052963072459243754,113.82647487879407,0.13871821963556316,0.023517174944997214,4,30,131.22558257585726,3.4841521246995875,0.0018453140143949234,3.088373907134591,3.515387149567786,8.03036739184826,0.011139582676166715,-4.1919094996910236,-0.0009858186905782954,50.0,2,-3.3333333333333335,-1,0.9720157675639336,1.2755333537149625
268,gasoline,0.06578724916238216,0.006578724916238216,0.05361387166397838,115.96108382282611,200.40482451032213,1282.672182856382,5,86,28,41,0.14120805666265343,0.02337929877421832,132.00086134515547,0.052963072459243754,113.82647487879407,0.13871821963556316,0.023517174944997214,4,30,131.22558257585726,1.2287791748400356,0.0006507992047346256,1.8753185024002856,2.1346089440320384,1.7948882516164808,0.0024898370270902692,-0.5862786287101349,-0.00013787617077889308,25.0,1,-6.666666666666667,-2,0.5907984968175298,0.775278769298211
269,gasoline,0.06578724916238216,0.006578724916238216,0.052963334870846486,114.63815264659861,199.82180727890403,1304.7217100589994,5,88,28,41,0.14324283347418387,0.023378474098632505,129.56707060750713,0.052963072459243754,113.82647487879407,0.13871821963556316,0.023517174944997214,4,30,131.22558257585726,0.0004954614423735884,2.6241160273193787e-07,0.713083462058224,0.8116777678045395,3.2617300384244095,0.004524613838620711,-0.5897853236585936,-0.0001387008463647095,25.0,1,-6.666666666666667,-2,-1.2638632923510886,-1.6585119683501262
270,gasoline,0.06578724916238216,0.006578724916238216,0.05658405719464607,114.5830490601268,203.9642232039297,1339.5105791627125,6,91,28,41,0.16088676323505904,0.024401345078566585,129.9093531079226,0.052963072459243754,113.82647487879407,0.13871821963556316,0.023517174944997214,4,30,131.22558257585726,6.836810191079347,0.003620984735402316,0.6646732951524212,0.7565741813327236,15.980989128707456,0.022168543599495882,3.7596783441773884,0.0008841701335693709,50.0,2,-6.666666666666667,-2,-1.003028100236307,-1.3162294679346473
271,gasoline,0.06578724916238216,0.006578724916238216,0.05462560378266506,116.39053435519904,203.3697282067815,1251.0933188167605,5,90,27,41,0.15411735543244412,0.022671485356808452,129.92010203247528,0.052963072459243754,113.82647487879407,0.13871821963556316,0.023517174944997214,4,30,131.22558257585726,3.1390386664230245,0.0016625313234213054,2.2526037805662114,2.564059476404964,11.101018912538786,0.015399135796880958,-3.5960509294449263,-0.0008456895881887617,25.0,1,-10.0,-3,-0.9948369195673558,-1.3054805433819752
272,gasoline,0.06578724916238216,0.006578724916238216,0.056339825915278655,116.49890157202492,205.0982095906184,1349.3810885199941,7,88,28,44,0.15676624409446813,0.024790354514194615,131.42746529915507,0.052963072459243754,113.82647487879407,0.13871821963556316,0.023517174944997214,4,30,131.22558257585726,6.375675162413182,0.0033767534560349005,2.3478076572928477,2.6724266932308467,13.010565235280744,0.018048024458904965,5.413828711038452,0.0012731795691974003,75.0,3,-6.666666666666667,-2,0.1538440289881069,0.20188272329781398
273,gasoline,0.06578724916238216,0.006578724916238216,0.05574982978943569,114.1794899725476,200.91980776341555,1294.008123122983,5,89,28,41,0.15054252728457995,0.02439789549469793,133.95879681787747,0.052963072459243754,113.82647487879407,0.13871821963556316,0.023517174944997214,4,30,131.22558257585726,5.261698766317623,0.002786757330191937,0.3101344341282888,0.3530150937535268,8.523975927662061,0.011824307649016791,3.7450099842373787,0.000880720549700717,25.0,1,-6.666666666666667,-2,2.0828364320198216,2.7332142420202103
274,gasoline,0.06578724916238216,0.006578724916238216,0.05771205551945629,114.66409612330419,201.96962291896497,1351.7446511856197,4,89,27,43,0.15019861586207012,0.029502922211410713,131.45377201406117,0.052963072459243754,113.82647487879407,0.13871821963556316,0.023517174944997214,4,30,131.22558257585726,8.966592834784993,0.004748983060212535,0.7358755908078874,0.8376212445101174,8.27605505366775,0.011480396226506956,25.45266291726439,0.0059857472664134985,0.0,0,-10.0,-3,0.17389096982823737,0.2281894382039127
275,gasoline,0.06578724916238216,0.006578724916238216,0.05336410853655937,113.88691448387824,200.90189982142851,1337.3647543040572,5,90,27,41,0.14066551398788257,0.02388665966384246,132.37560428222415,0.052963072459243754,113.82647487879407,0.13871821963556316,0.023517174944997214,4,30,131.22558257585726,0.7571994196979769,0.0004010360773156127,0.0530980206041942,0.06043960508417001,1.4037769208942361,0.001947294352319412,1.5711271430748408,0.000369484718845247,25.0,1,-10.0,-3,0.8763700520834763,1.1500217063668856
276,gasoline,0.06578724916238216,0.006578724916238216,0.05322077267582065,114.43854070365909,201.4550217988394,1294.5919241053923,6,87,27,41,0.1429318465210499,0.023562625056937216,128.66874178302274,0.052963072459243754,113.82647487879407,0.13871821963556316,0.023517174944997214,4,30,131.22558257585726,0.4865658365556509,0.0002577002165768949,0.5377183344356044,0.612065824865013,3.0375439481249593,0.004213626885486738,0.19326348528809975,4.545011194000137e-05,50.0,2,-10.0,-3,-1.9484316568810005,-2.556840792834521
277,gasoline,0.06578724916238216,0.006578724916238216,0.0534301318930144,117.26205051280438,202.4639606794318,1343.8985538242432,6,85,28,39,0.14707232431438808,0.0218735198796096,129.86390249693994,0.052963072459243754,113.82647487879407,0.13871821963556316,0.023517174944997214,4,30,131.22558257585726,0.8818586461917512,0.00046705943377064324,3.0182570774229913,3.4355756340103056,6.022355751661604,0.008354104678824914,-6.989168848859824,-0.0016436550653876128,50.0,2,-6.666666666666667,-2,-1.0376635806742742,-1.361680078917317
278,gasoline,0.06578724916238216,0.006578724916238216,0.05798519236604502,117.98413481345253,207.01256503689433,1349.9573690853,5,91,27,43,0.16081594271774213,0.025672253661198165,132.6535856234683,0.052963072459243754,113.82647487879407,0.13871821963556316,0.023517174944997214,4,30,131.22558257585726,9.482304695721526,0.0050221199068012645,3.65262996950899,4.157659934658454,15.92993562073787,0.02209772308217897,9.163850340193171,0.0021550787162009505,25.0,1,-10.0,-3,1.0882047689028627,1.4280030476110426
279,gasoline,0.06578724916238216,0.006578724916238216,0.05534551398599552,115.08747884009559,202.5692656253457,1311.541034898014,6,86,28,42,0.14928439950080147,0.023837757615863587,131.72362917885832,0.052963072459243754,113.82647487879407,0.13871821963556316,0.023517174944997214,4,30,131.22558257585726,4.49830686953652,0.0023824415267517662,1.1078301095103469,1.2610039613015118,7.617009426013031,0.010566179865238307,1.3631852959216513,0.0003205826708663727,50.0,2,-6.666666666666667,-2,0.3795346861677317,0.4980466030010575
280,gasoline,0.06578724916238216,0.006578724916238216,0.054565629288905404,120.39564112724645,206.77748815840934,1315.8295273879694,6,84,28,41,0.15110866548834292,0.023040357904071298,129.84848876156786,0.052963072459243754,113.82647487879407,0.13871821963556316,0.023517174944997214,4,30,131.22558257585726,3.0258003458822227,0.00160255682966165,5.7712111839072815,6.569166248452376,8.932096941073505,0.012390445852779763,-2.027526869367229,-0.00047681704092591634,50.0,2,-6.666666666666667,-2,-1.0494095642466224,-1.3770938142893954
281,gasoline,0.06578724916238216,0.006578724916238216,0.053392570304697996,110.27171698177324,196.25775712023182,1315.413621321884,7,87,28,44,0.13136541034859925,0.025296012431836545,134.31302038398138,0.052963072459243754,113.82647487879407,0.13871821963556316,0.023517174944997214,4,30,131.22558257585726,0.8109383113767622,0.00042949784545424224,-3.1229622992419386,-3.554757897020835,-5.300536084071018,-0.007352809286963913,7.563993085903125,0.0017788374868393311,75.0,3,-6.666666666666667,-2,2.3527712718207017,3.087437808124122
282,gasoline,0.06578724916238216,0.006578724916238216,0.05520861807702641,114.39868246638792,203.65075000093086,1387.1988762417022,4,92,27,43,0.1474736795486142,0.025222070758121752,132.35172414431838,0.052963072459243754,113.82647487879407,0.13871821963556316,0.023517174944997214,4,30,131.22558257585726,4.2398326107509146,0.002245545617782653,0.50270166778261,0.5722075875938515,6.311687055999679,0.008755459913051045,7.249577456101795,0.0017048958131245379,0.0,0,-10.0,-3,0.8581722758290186,1.1261415684611222
283,gasoline,0.06578724916238216,0.006578724916238216,0.055044816548628014,114.76232540413771,200.43849918661448,1330.718925573502,8,85,28,43,0.14267199444620857,0.024422357736626942,133.62559214971623,0.052963072459243754,113.82647487879407,0.13871821963556316,0.023517174944997214,4,30,131.22558257585726,3.9305576370898954,0.0020817440893842604,0.8221729842202014,0.9358505253436391,2.8502202674116335,0.003953774810645405,3.849028608864802,0.000905182791629728,100.0,4,-6.666666666666667,-2,1.8289189704847366,2.4000095738589664
284,gasoline,0.06578724916238216,0.006578724916238216,0.05510029454611616,114.42504272140344,199.9308128846709,1326.4133122123965,4,87,27,42,0.14667410558695765,0.024497670999194313,133.5631057497557,0.052963072459243754,113.82647487879407,0.13871821963556316,0.023517174944997214,4,30,131.22558257585726,4.035306087117672,0.0021372220868724062,0.5258599488798571,0.5985678426093699,5.735285510653164,0.007955885951394487,4.1692765244563486,0.000980496054197099,0.0,0,-10.0,-3,1.7813014261507936,2.3375231738984326
285,gasoline,0.06578724916238216,0.006578724916238216,0.05446090917233721,117.03319763167252,203.15296965907197,1295.8707396361908,5,88,29,41,0.1484013938954736,0.02290123988630114,130.87523490561927,0.052963072459243754,113.82647487879407,0.13871821963556316,0.023517174944997214,4,30,131.22558257585726,2.828077457640081,0.0014978367130934547,2.8172029014278666,3.2067227528784485,6.980463190307533,0.009683174259910443,-2.6190860940425202,-0.0006159350586960738,25.0,1,-3.3333333333333335,-1,-0.26698122680116093,-0.3503476702379942
286,gasoline,0.06578724916238216,0.006578724916238216,0.05342716540154343,115.51054380165623,200.6367206499861,1280.4982290087514,4,88,30,42,0.14211092580040202,0.023627574592695738,131.3638707629123,0.052963072459243754,113.82647487879407,0.13871821963556316,0.023517174944997214,4,30,131.22558257585726,0.8762575899591263,0.00046409294229967507,1.479505470634491,1.6840689228621528,2.445753826535612,0.00339270616483886,0.4694426433308015,0.0001103996476985239,0.0,0,0.0,0,0.10538203324425212,0.1382881870550534
287,gasoline,0.06578724916238216,0.006578724916238216,0.05649753883536957,114.68677465684749,205.1520888745222,1339.4392149135026,6,91,27,40,0.15832990261249422,0.024031848924181594,132.35251388060217,0.052963072459243754,113.82647487879407,0.13871821963556316,0.023517174944997214,4,30,131.22558257585726,6.673454186113668,0.003534466376125818,0.7557993682660298,0.8602997780534167,14.137784516305322,0.019611682976931055,2.1885025747697884,0.0005146739791843796,50.0,2,-10.0,-3,0.8587740916246053,1.1269313047449145
288,gasoline,0.06578724916238216,0.006578724916238216,0.05314923508096729,111.1393681511737,197.27433843161762,1273.0943190371568,4,89,29,41,0.13782542479596147,0.02307895612232447,134.44661715677128,0.052963072459243754,113.82647487879407,0.13871821963556316,0.023517174944997214,4,30,131.22558257585726,0.35149513251292885,0.00018616262172353737,-2.36070451139042,-2.6871067276203746,-0.6436031560578149,-0.000892794839601696,-1.8633990847015618,-0.00043821882267274306,0.0,0,-3.3333333333333335,-1,2.4545782290980087,3.221034580914022
289,gasoline,0.06578724916238216,0.006578724916238216,0.0524737752084871,111.43423201886992,198.0128741945868,1347.28147529223,5,92,26,41,0.1376964055385569,0.024201471234199533,131.34988768476535,0.052963072459243754,113.82647487879407,0.13871821963556316,0.023517174944997214,4,30,131.22558257585726,-0.9238460460034228,-0.0004892972507566512,-2.1016576876965454,-2.3922428599241528,-0.7366113115427497,-0.001021814097006274,2.9097724994723015,0.0006842962892023192,25.0,1,-13.333333333333334,-4,0.09472627704756621,0.12430510890808932
290,gasoline,0.06578724916238216,0.006578724916238216,0.051882905201720904,113.03298493252508,199.0617505520378,1298.3526823838797,6,87,28,40,0.13390517106244182,0.022141552094318066,134.05515566231188,0.052963072459243754,113.82647487879407,0.13871821963556316,0.023517174944997214,4,30,131.22558257585726,-2.0394724236477457,-0.0010801672575228502,-0.6971049108864381,-0.7934899462689913,-3.4696585536968803,-0.004813048573121342,-5.849439203035667,-0.0013756228506791486,50.0,2,-6.666666666666667,-2,2.1562663551666317,2.829573086454616
291,gasoline,0.06578724916238216,0.006578724916238216,0.05414847469390756,112.37575851021901,198.48219445888074,1296.247237853039,5,90,27,43,0.14342024124435682,0.024662337930422034,132.04826909085,0.052963072459243754,113.82647487879407,0.13871821963556316,0.023517174944997214,4,30,131.22558257585726,2.2381674242482767,0.0011854022346638043,-1.2744981957139812,-1.4507163685750584,3.389620787483203,0.004702021608793655,4.869475130848696,0.0011451629854248198,25.0,1,-10.0,-3,0.6269254049736611,0.8226865149927391
292,gasoline,0.06578724916238216,0.006578724916238216,0.057474419521257085,117.74316695039967,205.58393041494753,1384.168325680239,4,86,28,42,0.16177502547378494,0.023390496534060685,134.45690685131783,0.052963072459243754,113.82647487879407,0.13871821963556316,0.023517174944997214,4,30,131.22558257585726,8.517910409153306,0.004511347062013331,3.4409324155704635,3.9166920716055955,16.62132479698486,0.023056805838221783,-0.5386633863668121,-0.00012667841093652946,0.0,0,-6.666666666666667,-2,2.4624194551337895,3.2313242754605653
293,gasoline,0.06578724916238216,0.006578724916238216,0.05629316577447645,115.51530870358921,205.09896978092513,1321.2350909091747,6,92,28,39,0.16098177811219355,0.021573286536917403,133.58891994677313,0.052963072459243754,113.82647487879407,0.13871821963556316,0.023517174944997214,4,30,131.22558257585726,6.28757577800131,0.0033300933152326934,1.483691581060963,1.6888338247951395,16.049484008027655,0.02226355847663039,-8.265824499015057,-0.0019438884080798108,50.0,2,-6.666666666666667,-2,1.800973045442342,2.363337370915872
294,gasoline,0.06578724916238216,0.006578724916238216,0.05610578499298757,116.11753091613048,204.67358555389828,1306.2714307759597,6,87,28,41,0.16112107383640417,0.024422080089819737,127.86392946859308,0.052963072459243754,113.82647487879407,0.13871821963556316,0.023517174944997214,4,30,131.22558257585726,5.933780628308913,0.003142712533743819,2.012762004424709,2.2910560373364035,16.149900322897164,0.02240285420084101,3.847847995938911,0.000904905144822523,50.0,2,-6.666666666666667,-2,-2.5617360893184924,-3.361653107264175
295,gasoline,0.06578724916238216,0.006578724916238216,0.057647644954354677,120.2228761237135,207.8554882996285,1336.5804235693047,6,88,30,39,0.172970615215352,0.02178174395825554,130.4426893947804,0.052963072459243754,113.82647487879407,0.13871821963556316,0.023517174944997214,4,30,131.22558257585726,8.844978732523124,0.0046845724951109224,5.6194319043355385,6.396401244919431,24.692066889105003,0.03425239557978885,-7.379419470240624,-0.001735430986741674,50.0,2,0.0,0,-0.5966010329002023,-0.7828931810768722
296,gasoline,0.06578724916238216,0.006578724916238216,0.055742910971349584,117.80812185394765,204.68973757347143,1332.1180947811713,5,87,27,39,0.15801813620163593,0.02277895514122157,131.37019332406257,0.052963072459243754,113.82647487879407,0.13871821963556316,0.023517174944997214,4,30,131.22558257585726,5.24863529064515,0.0027798385121058297,3.4979972624060975,3.9816469751535806,13.91303652597114,0.019299916566072772,-3.13906668425191,-0.000738219803775645,25.0,1,-10.0,-3,0.11020011903678506,0.1446107482053094
297,gasoline,0.06578724916238216,0.006578724916238216,0.05464378032095137,116.93285123709315,200.25487932549095,1347.2841439886054,5,80,27,42,0.14400109780846201,0.025721865711435338,131.7218463484184,0.052963072459243754,113.82647487879407,0.13871821963556316,0.023517174944997214,4,30,131.22558257585726,3.1733579334940587,0.0016807078617076185,2.7290455595737617,3.106376358299073,3.8083520584231048,0.005282878172898853,9.374811267061332,0.0022046907664381235,25.0,1,-10.0,-3,0.3781760864153726,0.49626377256115006
298,gasoline,0.06578724916238216,0.006578724916238216,0.05605689863080869,120.13972754751205,206.72023545089334,1298.2275077109944,6,83,27,42,0.1533117351942323,0.023154666950772,133.3165065973726,0.052963072459243754,113.82647487879407,0.13871821963556316,0.023517174944997214,4,30,131.22558257585726,5.841477897540223,0.0030938261715649368,5.546383365944104,6.313252668717979,10.520258692051296,0.01459351555866914,-1.5414606349319608,-0.00036250799422521407,50.0,2,-10.0,-3,1.5933813974928657,2.090924021515349
299,gasoline,0.06578724916238216,0.006578724916238216,0.05650697214332048,116.5516421339315,205.29801638197515,1292.3740989017347,6,90,27,42,0.15885532033808863,0.02308747707387355,131.93818802550032,0.052963072459243754,113.82647487879407,0.13871821963556316,0.023517174944997214,4,30,131.22558257585726,6.6912652901771095,0.003543899684076729,2.394141835666318,2.7251672551374213,14.516550713690771,0.020137100702525473,-1.8271661971671973,-0.0004296978711236625,50.0,2,-10.0,-3,0.5430385109787033,0.712605449643064
300,gasoline,0.06578724916238216,0.006578724916238216,0.054164954598221106,116.23981214951871,200.81968873412248,1323.171622356203,5,83,30,42,0.14247733846102212,0.02442341767555191,132.4358813211201,0.052963072459243754,113.82647487879407,0.13871821963556316,0.023517174944997214,4,30,131.22558257585726,2.269283263168364,0.0012018821389773518,2.1201897654253417,2.4133372707246394,2.709895524419802,0.003759118825458957,3.8535356932720304,0.0009062427305546947,25.0,1,0.0,0,0.9223039604820944,1.2102987452628327
301,gasoline,0.06578724916238216,0.006578724916238216,0.05325095364388515,112.56226017118874,200.48757118202312,1317.9581026396713,7,89,29,41,0.13911785079616482,0.023297785178870996,132.34609185639516,0.052963072459243754,113.82647487879407,0.13871821963556316,0.023517174944997214,4,30,131.22558257585726,0.5435507633416228,0.00028788118464139617,-1.1106508472229402,-1.2642147076053334,0.28808844407861844,0.0003996311606016545,-0.932891670191402,-0.0002193897661262184,75.0,3,-3.3333333333333335,-1,0.8538802103546939,1.1205092805379024
302,gasoline,0.06578724916238216,0.006578724916238216,0.05375625510912402,114.36365061046861,198.29045677701055,1307.2086849471077,4,86,27,45,0.13643040327754474,0.025562093204567767,132.67193537197343,0.052963072459243754,113.82647487879407,0.13871821963556316,0.023517174944997214,4,30,131.22558257585726,1.4976144944963976,0.0007931826498802641,0.471925123084536,0.5371757316745374,-1.6492544123107327,-0.0022878163580184185,8.695424787855167,0.0020449182595705523,0.0,0,-10.0,-3,1.1021881310986625,1.446352796116173
303,gasoline,0.06578724916238216,0.006578724916238216,0.05439852182351096,117.57321007663144,204.4477712332441,1281.4267371608657,6,85,29,42,0.14811162724050897,0.022210551516316082,132.50356915838847,0.052963072459243754,113.82647487879407,0.13871821963556316,0.023517174944997214,4,30,131.22558257585726,2.710283406182326,0.001435449364267205,3.2916201629076243,3.746735197837367,6.771574512435295,0.009393407604945808,-5.556039072452828,-0.001306623428681132,50.0,2,-3.3333333333333335,-1,0.9738852420734732,1.277986582531213
304,gasoline,0.06578724916238216,0.006578724916238216,0.05258481567859499,114.56012895388118,197.99237952512362,1319.6307574844714,4,88,27,41,0.13123054202907414,0.02508021687557544,131.37106952932402,0.052963072459243754,113.82647487879407,0.13871821963556316,0.023517174944997214,4,30,131.22558257585726,-0.7141896477773986,-0.00037825678064876134,0.6445372887707537,0.7336540750871023,-5.397760745603896,-0.007487677606489024,6.646384755966324,0.0015630419305782267,0.0,0,-10.0,-3,0.1108678282168469,0.145486953466758
305,gasoline,0.06578724916238216,0.006578724916238216,0.05260314615778246,113.33792679685443,198.56841012012157,1281.027460330792,5,89,28,43,0.13966667060759627,0.023454574022123777,130.99368271342462,0.052963072459243754,113.82647487879407,0.13871821963556316,0.023517174944997214,4,30,131.22558257585726,-0.679579723661742,-0.0003599263014612969,-0.4292042624177386,-0.4885480819396406,0.6837248737223239,0.0009484509720331102,-0.26619235949832437,-6.260092287343685e-05,25.0,1,-6.666666666666667,-2,-0.17671848574083285,-0.23189986243264116
306,gasoline,0.06578724916238216,0.006578724916238216,0.05437115343867937,112.61590796545646,200.27615460551638,1334.2219841694637,4,95,25,41,0.14299432001111595,0.02435261548734952,132.64065132504064,0.052963072459243754,113.82647487879407,0.13871821963556316,0.023517174944997214,4,30,131.22558257585726,2.658608940255806,0.001408080979435615,-1.0635196377878382,-1.2105669133376153,3.082580202360473,0.004276100375552788,3.5524698196371913,0.0008354405423523052,0.0,0,-16.666666666666664,-5,1.0783482316532076,1.4150687491833764
307,gasoline,0.06578724916238216,0.006578724916238216,0.05399458260628811,111.84875947137851,197.91649783772047,1317.3785242436493,5,91,28,40,0.14110595979862825,0.02279828622441439,135.13618693216537,0.052963072459243754,113.82647487879407,0.13871821963556316,0.023517174944997214,4,30,131.22558257585726,1.9476025448450427,0.0010315101470443552,-1.7374827864268756,-1.977715407415559,1.7212880682422944,0.0023877401630650885,-3.056866831429308,-0.0007188887205828234,25.0,1,-6.666666666666667,-2,2.980062484422593,3.910604356308113
308,gasoline,0.06578724916238216,0.006578724916238216,0.05790355543862993,114.13423908656452,204.06254046271712,1318.5181599121297,5,92,28,41,0.16242340496936436,0.025618060772788828,130.6401325217218,0.052963072459243754,113.82647487879407,0.13871821963556316,0.023517174944997214,4,30,131.22558257585726,9.32816536122973,0.004940482979386179,0.27038016252208774,0.3077642077704468,17.08873239296095,0.0237051853338012,8.933410720910304,0.0021008858277916133,25.0,1,-6.666666666666667,-2,-0.4461401829151981,-0.5854500541354639
309,gasoline,0.06578724916238216,0.006578724916238216,0.05188423506567864,113.1505615387818,198.8455871452276,1346.1692460463205,4,93,27,41,0.13456001881142607,0.023215780572287455,131.60563853684562,0.052963072459243754,113.82647487879407,0.13871821963556316,0.023517174944997214,4,30,131.22558257585726,-2.036961496890699,-0.0010788373935651172,-0.5938103070766316,-0.6759133400122721,-2.997588085445018,-0.004158200824137093,-1.2815925952614227,-0.00030139437270975886,0.0,0,-10.0,-3,0.28962032671385535,0.3800559609883578
310,gasoline,0.06578724916238216,0.006578724916238216,0.049590244201345356,114.64449644901264,197.89831191049038,1326.788121990135,5,87,29,40,0.12775169470203912,0.021754489832783153,128.2598942559685,0.052963072459243754,113.82647487879407,0.13871821963556316,0.023517174944997214,4,30,131.22558257585726,-6.36826396447046,-0.0033728282578983984,0.7186566842991637,0.818021570218562,-7.905612516030702,-0.010966524933524041,-7.495309773970258,-0.001762685112214061,25.0,1,-3.3333333333333335,-1,-2.259992496641718,-2.9656883198887556
311,gasoline,0.06578724916238216,0.006578724916238216,0.05401898661879815,114.77419739616732,201.3143330290443,1289.1404095187577,5,90,27,41,0.14243030466671602,0.024917581623129622,132.1255497087919,0.052963072459243754,113.82647487879407,0.13871821963556316,0.023517174944997214,4,30,131.22558257585726,1.9936799557218752,0.0010559141595543955,0.8326028881966298,0.9477225173732506,2.675989528199795,0.003712085031152862,5.95482527730362,0.0014004066781324077,25.0,1,-10.0,-3,0.6858168318013802,0.8999671329346484
312,gasoline,0.06578724916238216,0.006578724916238216,0.05644874078469076,117.52304211446364,204.56749038254532,1359.006557877797,6,86,30,40,0.15932270673609078,0.022887743732747014,132.07385384996888,0.052963072459243754,113.82647487879407,0.13871821963556316,0.023517174944997214,4,30,131.22558257585726,6.581318196993396,0.003485668325447007,3.247546091193442,3.696567235669562,14.853482948857897,0.02060448710052762,-2.676474592387629,-0.0006294312122501998,50.0,2,0.0,0,0.6464221819105024,0.8482712741116245
313,gasoline,0.06578724916238216,0.006578724916238216,0.051955474595214504,112.9808427733316,198.04309259656037,1314.150356033323,5,85,27,43,0.12981124747891115,0.023552933596399414,132.34338705618666,0.052963072459243754,113.82647487879407,0.13871821963556316,0.023517174944997214,4,30,131.22558257585726,-1.902453572353867,-0.0010075978640292499,-0.7429133743823008,-0.8456321054624709,-6.4209100866866455,-0.00890697215665201,0.1520533460580764,3.575865140219986e-05,25.0,1,-10.0,-3,0.8518190267383501,1.1178044803293972
314,gasoline,0.06578724916238216,0.006578724916238216,0.05663261864192989,114.59629819230238,202.09032981490427,1306.2401279721812,5,90,27,41,0.15905211993895144,0.023895741388786557,131.38534080489546,0.052963072459243754,113.82647487879407,0.13871821963556316,0.023517174944997214,4,30,131.22558257585726,6.928499447440345,0.003669546182686133,0.6763130583882554,0.7698233135083115,14.65842075886568,0.020333900303388275,1.609744557646685,0.0003785664437893424,25.0,1,-10.0,-3,0.12174320426114513,0.15975822903820358
315,gasoline,0.06578724916238216,0.006578724916238216,0.051589901221272445,113.65908795153555,197.7078938480573,1296.7223180898784,4,85,30,42,0.13406958526413615,0.022788616362715855,130.94103240799174,0.052963072459243754,113.82647487879407,0.13871821963556316,0.023517174944997214,4,30,131.22558257585726,-2.592695578656231,-0.0013731712379713087,-0.1470544769455068,-0.16738692725851934,-3.351134684138668,-0.004648634371427013,-3.097985127828225,-0.0007285585822813592,0.0,0,0.0,0,-0.21684046835991677,-0.28455016786551823
316,gasoline,0.06578724916238216,0.006578724916238216,0.05421533720737645,113.65878592518897,200.15056967534832,1347.132739118218,5,89,25,42,0.13795216230534005,0.023354673270322063,136.96565276659803,0.052963072459243754,113.82647487879407,0.13871821963556316,0.023517174944997214,4,30,131.22558257585726,2.3644110698002705,0.0012522647481326976,-0.14731981622348242,-0.16768895360510783,-0.5522398804105754,-0.0007660573302231133,-0.6909914777400603,-0.00016250167467515148,25.0,1,-16.666666666666664,-5,4.3742005774084625,5.7400701907407665
317,gasoline,0.06578724916238216,0.006578724916238216,0.050619137466319214,113.47441950925374,197.47404491703614,1332.4116769051516,5,86,28,41,0.1294898612482654,0.02209478989788708,131.4927061587518,0.052963072459243754,113.82647487879407,0.13871821963556316,0.023517174944997214,4,30,131.22558257585726,-4.425602375557516,-0.00234393499292454,-0.3092912873874178,-0.3520553695403379,-6.652592868869185,-0.00922835838729777,-6.0482819489877375,-0.0014223850471101335,25.0,1,-6.666666666666667,-2,0.20356059973299154,0.2671235828945271
318,gasoline,0.06578724916238216,0.006578724916238216,0.05208596750228283,110.18535560812086,195.20803503478822,1261.6326598654982,4,90,25,40,0.13367655244812862,0.02259559969469999,134.4642577308105,0.052963072459243754,113.82647487879407,0.13871821963556316,0.023517174944997214,4,30,131.22558257585726,-1.6560688725826382,-0.0008771049569609238,-3.198833377340721,-3.641119270673215,-3.6344664750455093,-0.00504166718743454,-3.9187328089051383,-0.0009215752502972248,0.0,0,-16.666666666666664,-5,2.4680211673520707,3.2386751549532278
319,gasoline,0.06578724916238216,0.006578724916238216,0.05409724244050216,113.23868903616383,200.49382959418867,1288.8982158421209,6,90,27,41,0.14123229442666513,0.025230159497658687,131.6178651032035,0.052963072459243754,113.82647487879407,0.13871821963556316,0.023517174944997214,4,30,131.22558257585726,2.141435397523763,0.0011341699812584052,-0.5163876358783245,-0.5877858426302396,1.812360912435928,0.0025140747911019667,7.283972486779813,0.0017129845526614729,50.0,2,-10.0,-3,0.2989375391947586,0.3922825273462536
320,gasoline,0.06578724916238216,0.006578724916238216,0.05558827740453867,119.84481718466137,204.14828184439992,1311.708053066315,6,86,32,42,0.15057292558602797,0.026285834183129263,128.32772477649604,0.052963072459243754,113.82647487879407,0.13871821963556316,0.023517174944997214,4,30,131.22558257585726,4.95667041846009,0.0026252049452949178,5.28729569485114,6.018342305867293,8.545889632673473,0.011854705950464811,11.77292444610156,0.0027686592381320485,50.0,2,6.666666666666667,2,-2.2083024837676457,-2.897857799361219
321,gasoline,0.06578724916238216,0.006578724916238216,0.05304951206490826,113.90153894119052,199.6430720004003,1303.3452499769708,5,90,25,41,0.14278862136193404,0.022696372622329784,132.24637759123,0.052963072459243754,113.82647487879407,0.13871821963556316,0.023517174944997214,4,30,131.22558257585726,0.16320730964205765,8.643960566450531e-05,0.06594604855889682,0.07506406239645003,2.9342949592811483,0.004070401726370881,-3.4902250146420686,-0.0008208023226674299,25.0,1,-16.666666666666664,-5,0.7778933004794536,1.0207950153727268
322,gasoline,0.06578724916238216,0.006578724916238216,0.05379077215578868,114.71506232307951,200.28746717874245,1291.2341911098335,4,88,29,43,0.14169464252952044,0.024095650225993505,132.5315473242855,0.052963072459243754,113.82647487879407,0.13871821963556316,0.023517174944997214,4,30,131.22558257585726,1.5627864059092496,0.0008276996965449271,0.7806509383969149,0.8885874442854345,2.1456611119843196,0.0029764228939572757,2.4597991993053956,0.0005784752809962906,0.0,0,-3.3333333333333335,-1,0.9952059063432255,1.305964748428238
323,gasoline,0.06578724916238216,0.006578724916238216,0.056552920070353924,117.31895872379602,205.81967608132135,1340.2827362002415,5,89,28,40,0.1644387738106343,0.023071992264203346,128.89629239100384,0.052963072459243754,113.82647487879407,0.13871821963556316,0.023517174944997214,4,30,131.22558257585726,6.77801993808542,0.0035898476111101696,3.068252661536647,3.492483845001942,18.54158324886485,0.02572055417507113,-1.8930108817707771,-0.000445182680793868,25.0,1,-6.666666666666667,-2,-1.77502750540805,-2.32929018485342
324,gasoline,0.06578724916238216,0.006578724916238216,0.05243928020294368,109.20616419776215,195.16373625693637,1308.631584600811,4,93,27,41,0.1303823843208322,0.0243722093824059,133.4957096247181,0.052963072459243754,113.82647487879407,0.13871821963556316,0.023517174944997214,4,30,131.22558257585726,-0.9889763413992706,-0.0005237922563000735,-4.059082639563224,-4.620310681031924,-6.009185625818033,-0.00833583531473095,3.6357872040688175,0.0008550344374086867,0.0,0,-10.0,-3,1.7299424428529826,2.270127048860843
325,gasoline,0.06578724916238216,0.006578724916238216,0.052545228552814634,118.10088108529548,205.82207272739078,1341.5457368865377,7,88,28,39,0.15219039929986206,0.01896609122468784,129.92454922393546,0.052963072459243754,113.82647487879407,0.13871821963556316,0.023517174944997214,4,30,131.22558257585726,-0.7889344160512222,-0.00041784390642912034,3.755195099429135,4.274406206501411,9.711903526222185,0.013472179664298894,-19.352170194564646,-0.0045510837203093756,75.0,3,-6.666666666666667,-2,-0.9914479527417734,-1.3010333519218023
326,gasoline,0.06578724916238216,0.006578724916238216,0.05649917974519872,116.82981757409839,204.23341165998102,1319.7498305257486,7,84,30,39,0.1603695711061136,0.022000989126763678,135.044553202143,0.052963072459243754,113.82647487879407,0.13871821963556316,0.023517174944997214,4,30,131.22558257585726,6.6765524010641135,0.0035361072859549647,2.6385273711606754,3.003342695304312,15.608152647454892,0.021651351470550445,-6.447142659692945,-0.0015161858182335362,75.0,3,0.0,0,2.9102333183227516,3.818970626285733
327,gasoline,0.06578724916238216,0.006578724916238216,0.052134978861703145,114.53379094039778,200.21091239189266,1294.3190857238267,4,87,30,43,0.13533555958890442,0.023342613744540396,132.07589614071844,0.052963072459243754,113.82647487879407,0.13871821963556316,0.023517174944997214,4,30,131.22558257585726,-1.5635301335243446,-0.0008280935975406092,0.6213985475320022,0.7073160616037057,-2.4385117222132586,-0.003382660046658742,-0.7422711310567183,-0.00017456120045681797,0.0,0,0.0,0,0.647978502491801,0.8503135648611817
328,gasoline,0.06578724916238216,0.006578724916238216,0.05662075060322623,115.03701989701389,203.60083674932133,1328.1089676377796,5,87,28,41,0.15785644809119145,0.025111103165091714,130.54109373009237,0.052963072459243754,113.82647487879407,0.13871821963556316,0.023517174944997214,4,30,131.22558257585726,6.90609130880226,0.0036576781439824763,1.0635004022648016,1.2105450182198183,13.796477856987885,0.019138228455628292,6.777719789143187,0.0015939282200944996,25.0,1,-6.666666666666667,-2,-0.5216123505256366,-0.6844888457648892
329,gasoline,0.06578724916238216,0.006578724916238216,0.057165857216446625,119.45275908975464,205.33492729265436,1343.4163373745769,3,84,30,39,0.16273986044492303,0.023102639477337376,132.8278766245434,0.052963072459243754,113.82647487879407,0.13871821963556316,0.023517174944997214,4,30,131.22558257585726,7.935311457689706,0.004202784757202871,4.94286080365012,5.626284210960563,17.31686066363084,0.024021640809359868,-1.7626924519180915,-0.00041453546765983854,-25.0,-1,0.0,0,1.2210226216827034,1.602294048686133
330,gasoline,0.06578724916238216,0.006578724916238216,0.054671728371616546,116.21340697803123,203.82184135068172,1337.5378765272121,6,88,28,42,0.15576667175984701,0.02298268884087655,127.53093945819113,0.052963072459243754,113.82647487879407,0.13871821963556316,0.023517174944997214,4,30,131.22558257585726,3.2261268711093756,0.0017086559123727918,2.096992023849316,2.386932099237157,12.289987695252357,0.017048452124283853,-2.272747918790156,-0.0005344861041206642,50.0,2,-6.666666666666667,-2,-2.815489971652729,-3.694643117666132
331,gasoline,0.06578724916238216,0.006578724916238216,0.056176715655918,117.3039135425011,206.48440130498713,1365.0235881754004,6,88,31,42,0.15634309867039842,0.024763717153618595,129.42242850781483,0.052963072459243754,113.82647487879407,0.13871821963556316,0.023517174944997214,4,30,131.22558257585726,6.067705379341837,0.0032136431966742485,3.0550350148415975,3.4774386637070336,12.705525691678332,0.017624879034835256,5.300561022048084,0.0012465422086213804,50.0,2,3.3333333333333335,1,-1.3740873026797853,-1.8031540680424314
332,gasoline,0.06578724916238216,0.006578724916238216,0.051493833541705225,110.33616648881112,197.14282778124738,1323.1867549085298,5,91,26,41,0.13174114863912081,0.02300251338277465,132.1630322349118,0.052963072459243754,113.82647487879407,0.13871821963556316,0.023517174944997214,4,30,131.22558257585726,-2.7740817315104604,-0.001469238917538529,-3.06634145852232,-3.490308389982957,-5.029671671660957,-0.006977070996442347,-2.188449775222881,-0.0005146615622225632,25.0,1,-13.333333333333334,-4,0.714380260809771,0.9374496590545505
333,gasoline,0.06578724916238216,0.006578724916238216,0.05248304482466512,113.66387113991395,199.3062309368467,1311.147130322639,7,86,26,41,0.13268317573345126,0.02341891380098041,132.60720983347446,0.052963072459243754,113.82647487879407,0.13871821963556316,0.023517174944997214,4,30,131.22558257585726,-0.9063440096833986,-0.0004800276345786336,-0.14285230132380689,-0.16260373888012225,-4.350577680399165,-0.006035043902111903,-0.4178271592851641,-9.826114401680422e-05,75.0,3,-13.333333333333334,-4,1.0528642590087363,1.3816272576171968
334,gasoline,0.06578724916238216,0.006578724916238216,0.053669213758913516,116.49932301965131,203.43723531801078,1319.3521495251591,6,89,27,42,0.14554665201436529,0.024211592324853717,128.40756524395306,0.052963072459243754,113.82647487879407,0.13871821963556316,0.023517174944997214,4,30,131.22558257585726,1.3332710261723446,0.0007061412996697616,2.3481779117761237,2.6728481408572407,4.922520197232635,0.006828432378802124,2.9528095167920068,0.0006944173798565031,50.0,2,-10.0,-3,-2.1474603324966735,-2.8180173319042012
335,gasoline,0.06578724916238216,0.006578724916238216,0.05569725284126124,114.342456509691,202.60719723916182,1333.7380174160776,5,92,30,44,0.14996912956127073,0.02737742350742268,129.8347834680855,0.052963072459243754,113.82647487879407,0.13871821963556316,0.023517174944997214,4,30,131.22558257585726,5.162427810662787,0.002734180382017483,0.45330546469647265,0.5159816308969312,8.110621629419454,0.01125090992570757,16.414593042973703,0.0038602485624254675,25.0,1,0.0,0,-1.0598536356032404,-1.3907991077717554
336,gasoline,0.06578724916238216,0.006578724916238216,0.05611786174047204,114.0394205339317,203.12345627538852,1375.0978341458874,6,89,25,41,0.1527062535549895,0.023676718875265054,135.07782619840742,0.052963072459243754,113.82647487879407,0.13871821963556316,0.023517174944997214,4,30,131.22558257585726,5.9565828316625105,0.0031547892812282888,0.18707919696571632,0.21294565513763075,10.083775553186411,0.013988033919426351,0.6784145231771542,0.00015954393026784003,50.0,2,-16.666666666666664,-5,2.935588889707009,3.852243622550162
337,gasoline,0.06578724916238216,0.006578724916238216,0.05145273710573488,111.3698049069366,196.34477652179527,1331.4522662687332,5,85,27,41,0.1257552319559825,0.022776236094496367,135.92097087699682,0.052963072459243754,113.82647487879407,0.13871821963556316,0.023517174944997214,4,30,131.22558257585726,-2.851676240405261,-0.0015103353535088765,-2.158258853639645,-2.4566699718574796,-9.34483423564451,-0.012962987679580651,-3.1506286458036747,-0.0007409388505008468,25.0,1,-10.0,-3,3.578104367283191,4.695388301139559
338,gasoline,0.06578724916238216,0.006578724916238216,0.05631579977958738,119.31854670374965,204.66345541294953,1323.6969107895047,4,86,28,39,0.15926461413203305,0.022251326237717625,133.10074603467282,0.052963072459243754,113.82647487879407,0.13871821963556316,0.023517174944997214,4,30,131.22558257585726,6.330311223775062,0.0033527273203436264,4.824951164308391,5.492071824955573,14.811604813303425,0.02054639449646989,-5.382656336231712,-0.001265848707279589,0.0,0,-6.666666666666667,-2,1.4289618091286376,1.875163458815564
339,gasoline,0.06578724916238216,0.006578724916238216,0.05418220021568065,115.55915425875361,200.58810231376316,1340.0006090483218,5,83,28,40,0.1518177742661995,0.021435092002918106,130.49122492808522,0.052963072459243754,113.82647487879407,0.13871821963556316,0.023517174944997214,4,30,131.22558257585726,2.3018448511933256,0.0012191277564368927,1.5222112270493708,1.732679379959535,9.443283416591662,0.013099554630636334,-8.8534568754485,-0.002082082942079108,25.0,1,-6.666666666666667,-2,-0.5596146981077679,-0.7343576477720433
340,gasoline,0.06578724916238216,0.006578724916238216,0.05806052382839166,113.62916196671813,202.79488973764623,1326.8524495235115,6,91,31,44,0.15168321753094172,0.027534761055941756,137.32786853523993,0.052963072459243754,113.82647487879407,0.13871821963556316,0.023517174944997214,4,30,131.22558257585726,9.624538631270878,0.005097451369147903,-0.17334535949219956,-0.1973129120759438,9.346283371744429,0.012964997895378555,17.083625564469422,0.004017586110944542,50.0,2,3.3333333333333335,1,4.650225847429662,6.1022859593826695
341,gasoline,0.06578724916238216,0.006578724916238216,0.05179043017477403,113.3013085821921,196.83534629228566,1300.386332559864,5,86,30,37,0.13806780375025351,0.021734273815796845,130.76199763539827,0.052963072459243754,113.82647487879407,0.13871821963556316,0.023517174944997214,4,30,131.22558257585726,-2.2140752604035594,-0.001172642284469727,-0.4613744712389449,-0.5251662966019666,-0.4688756004931449,-0.0006504158853096464,-7.581272552380463,-0.001782901129200369,25.0,1,0.0,0,-0.3532732957699028,-0.46358494045898624
342,gasoline,0.06578724916238216,0.006578724916238216,0.053901481858569855,114.29976073812902,200.47651037928375,1338.331055036565,4,87,26,40,0.14620650080407596,0.022454469438440806,132.7410621216722,0.052963072459243754,113.82647487879407,0.13871821963556316,0.023517174944997214,4,30,131.22558257585726,1.7718182797046522,0.0009384093993261011,0.4157959383692764,0.4732858593349505,5.398195844919157,0.0074882811685128,-4.51884849707459,-0.0010627055065564085,0.0,0,-13.333333333333334,-4,1.154865930916246,1.5154795458149408
343,gasoline,0.06578724916238216,0.006578724916238216,0.05678953933699124,117.0029939803583,203.58886176574575,1276.1598585958773,5,90,26,40,0.15860129132524203,0.02344492094199198,133.17556415148675,0.052963072459243754,113.82647487879407,0.13871821963556316,0.023517174944997214,4,30,131.22558257585726,7.2247826647369005,0.0038264668777474864,2.790668080467817,3.1765191015642245,14.33342479590291,0.01988307168967887,-0.3072392971274224,-7.225400300523571e-05,25.0,1,-13.333333333333334,-4,1.485976695513828,1.9499815756294936
344,gasoline,0.06578724916238216,0.006578724916238216,0.05366382880187477,116.3516281447931,202.55879875857084,1275.5133033296709,5,88,29,39,0.1423741230454271,0.02425168159794921,132.09825215104797,0.052963072459243754,113.82647487879407,0.13871821963556316,0.023517174944997214,4,30,131.22558257585726,1.3231036457906873,0.0007007563426310176,2.2184234983011497,2.5251532659990232,2.635488993059909,0.0036559034098639365,3.1232775818944543,0.0007345066529519974,25.0,1,-3.3333333333333335,-1,0.6650148226137621,0.872669575190713
345,gasoline,0.06578724916238216,0.006578724916238216,0.05445625773920941,115.50706291579345,201.62948181147726,1355.4188228115374,6,85,28,43,0.14225993736944237,0.025250311428299903,131.41416485678124,0.052963072459243754,113.82647487879407,0.13871821963556316,0.023517174944997214,4,30,131.22558257585726,2.819295049611585,0.0014931852799656559,1.476447407151037,1.6805880369993815,2.553174156346523,0.003541717733879207,7.369662756501191,0.0017331364833026892,50.0,2,-6.666666666666667,-2,0.14370847301437426,0.18858228092398122
346,gasoline,0.06578724916238216,0.006578724916238216,0.055413337001921255,117.35358223962808,203.30560293510692,1316.5925234778774,6,84,30,42,0.14793551352008355,0.024225838580693868,132.4766716806954,0.052963072459243754,113.82647487879407,0.13871821963556316,0.023517174944997214,4,30,131.22558257585726,4.626364047446517,0.0024502645426775008,3.0986704671209235,3.527107360834009,6.644616625513086,0.009217293884520389,3.0133876086481495,0.0007086636356966533,50.0,2,0.0,0,0.9533881125007998,1.2510891048381438
347,gasoline,0.06578724916238216,0.006578724916238216,0.053035194702607924,115.18516478347476,199.61099721335972,1248.2315724582502,5,89,28,43,0.137368556014221,0.024162629746049026,131.793964747502,0.052963072459243754,113.82647487879407,0.13871821963556316,0.023517174944997214,4,30,131.22558257585726,0.13617458356417972,7.212224336416995e-05,1.193650164539895,1.3586899046806877,-0.9729533906129805,-0.001349663621342173,2.7446102797696748,0.0006454548010518119,25.0,1,-6.666666666666667,-2,0.43313366226907724,0.5683821716447426
348,gasoline,0.06578724916238216,0.006578724916238216,0.05354780739775549,118.9976475489586,201.87108669434102,1266.7704141818426,6,84,30,41,0.14347472874622813,0.02224525367547801,134.1315552374571,0.052963072459243754,113.82647487879407,0.13871821963556316,0.023517174944997214,4,30,131.22558257585726,1.1040427062869198,0.000584734938511737,4.5430315536617885,5.171172670164523,3.4289000559271483,0.004756509110664969,-5.408478154769941,-0.0012719212695192043,50.0,2,0.0,0,2.214486386387337,2.905972661599833
349,gasoline,0.06578724916238216,0.006578724916238216,0.051503631850638734,114.79476973595995,198.96282338189133,1347.5598249287611,6,83,29,39,0.13198141583770337,0.02196823596079868,132.32002645715195,0.052963072459243754,113.82647487879407,0.13871821963556316,0.023517174944997214,4,30,131.22558257585726,-2.7555814661773854,-0.00145944060860502,0.8506763107589361,0.9682948571658727,-4.856466450880457,-0.006736803797859792,-6.586416046235345,-0.0015489389841985349,50.0,2,-3.3333333333333335,-1,0.834017163278381,1.0944438812946942
350,gasoline,0.06578724916238216,0.006578724916238216,0.05688927844765148,119.08534068138643,206.17662417840114,1349.9120709808335,5,87,29,42,0.15979257169915273,0.02463647516792635,132.66234216617224,0.052963072459243754,113.82647487879407,0.13871821963556316,0.023517174944997214,4,30,131.22558257585726,7.4131008759528205,0.003926205988407726,4.620072622113753,5.258865802592354,15.192201946475056,0.02107435206358957,4.759501196665821,0.0011193002229291371,25.0,1,-3.3333333333333335,-1,1.0948776618952585,1.4367595903149777
351,gasoline,0.06578724916238216,0.006578724916238216,0.05433585362837625,113.94215445219423,201.84790140865852,1355.7388942245639,4,91,28,42,0.15051243505079806,0.023402407503640293,130.88294236598983,0.052963072459243754,113.82647487879407,0.13871821963556316,0.023517174944997214,4,30,131.22558257585726,2.59195908656712,0.0013727811691324962,0.10162800308393703,0.11567957340015766,8.502282862496614,0.011794215415234899,-0.4880154254298978,-0.00011476744135692149,0.0,0,-6.666666666666667,-2,-0.2611077833617974,-0.34264020986742594
352,gasoline,0.06578724916238216,0.006578724916238216,0.053912415263149965,118.80186453287914,202.92978786386453,1325.449538155677,4,84,32,39,0.15123278899399853,0.0213881041098255,133.43220275136287,0.052963072459243754,113.82647487879407,0.13871821963556316,0.023517174944997214,4,30,131.22558257585726,1.792461728191376,0.0009493428039062113,4.371030254062608,4.975389654085063,9.021575818456517,0.012514569358435368,-9.053259331323844,-0.0021290708351717133,0.0,0,6.666666666666667,2,1.6815472503084756,2.2066201755056056
353,gasoline,0.06578724916238216,0.006578724916238216,0.05698739786136445,117.17403389379875,203.53936884094497,1302.8721190679805,4,90,30,41,0.1616235655103624,0.024655153739398205,131.2162936958202,0.052963072459243754,113.82647487879407,0.13871821963556316,0.023517174944997214,4,30,131.22558257585726,7.598360924429941,0.004024325402120693,2.940931816231031,3.347559015004677,16.512139454338115,0.022905345874799227,4.838926431693157,0.0011379787944009907,0.0,0,0.0,0,-0.007078558810495522,-0.00928888003704742
354,gasoline,0.06578724916238216,0.006578724916238216,0.05712503259645855,120.60107122216876,206.90179000181473,1305.6895351499647,5,84,30,41,0.16030808052100617,0.023835764513175057,133.16055379023635,0.052963072459243754,113.82647487879407,0.13871821963556316,0.023517174944997214,4,30,131.22558257585726,7.858230166721378,0.004161960137214794,5.9516877339726815,6.774596343374682,15.563824955484092,0.021589860885443013,1.3547102018970008,0.00031858956817784265,25.0,1,0.0,0,1.4745381017916575,1.9349712143790896
355,gasoline,0.06578724916238216,0.006578724916238216,0.05616738904941969,118.51853504206707,205.20234057263602,1334.3046572840317,6,86,32,41,0.15767970195002698,0.025212001951535702,128.69099070123923,0.052963072459243754,113.82647487879407,0.13871821963556316,0.023517174944997214,4,30,131.22558257585726,6.050095739143016,0.0032043165901759346,4.122116729231269,4.692060163272998,13.669064066911272,0.018961482314463818,7.206762761693988,0.001694827006538488,50.0,2,6.666666666666667,2,-1.9314769459322954,-2.5345918746180303
356,gasoline,0.06578724916238216,0.006578724916238216,0.05462709008740672,112.66048192432977,198.95730956412302,1296.7721368741427,5,88,28,42,0.14672117189312073,0.023490053572161173,133.05094987539474,0.052963072459243754,113.82647487879407,0.13871821963556316,0.023517174944997214,4,30,131.22558257585726,3.1418449702733184,0.001664017628162963,-1.0243600671160955,-1.1659929544643006,5.769214944210437,0.008002952257557566,-0.11532581145258179,-2.7121372836041296e-05,25.0,1,-6.666666666666667,-2,1.391014818686204,1.8253672995374757
357,gasoline,0.06578724916238216,0.006578724916238216,0.053863797094610345,116.33268650053353,202.54883322941396,1350.6755846271276,5,87,29,41,0.14557596753326646,0.024727659171425255,130.36168300261792,0.052963072459243754,113.82647487879407,0.13871821963556316,0.023517174944997214,4,30,131.22558257585726,1.7006653759743993,0.0009007246353665913,2.2017826910726566,2.506211621739453,4.943653339640454,0.006857747897703298,5.147234858179877,0.0012104842264280408,25.0,1,-3.3333333333333335,-1,-0.6583316730485418,-0.8638995732393369
358,gasoline,0.06578724916238216,0.006578724916238216,0.056043177612922886,115.72496796473777,203.05547416342876,1306.4990029955457,6,86,32,42,0.1555695593025739,0.026961695067737653,127.70976098518196,0.052963072459243754,113.82647487879407,0.13871821963556316,0.023517174944997214,4,30,131.22558257585726,5.815571134112999,0.0030801051536791316,1.6678835815352029,1.8984930859436986,12.147892116321952,0.016851339667010745,14.646827821779624,0.003444520122740439,50.0,2,6.666666666666667,2,-2.6792196473145156,-3.5158215906753014
359,gasoline,0.06578724916238216,0.006578724916238216,0.05476988953214756,117.71013536229064,203.96338780958186,1316.4767359173552,5,89,27,39,0.1514472147072656,0.022742097854397847,131.5789867600897,0.052963072459243754,113.82647487879407,0.13871821963556316,0.023517174944997214,4,30,131.22558257585726,3.411465742086977,0.0018068170729038033,3.4119131666266664,3.88366048349657,9.176152278441666,0.012728995071702442,-3.295791660402002,-0.0007750770905993673,25.0,1,-10.0,-3,0.26931043268803156,0.35340418423243136
360,gasoline,0.06578724916238216,0.006578724916238216,0.05657906482063426,118.58021635079422,206.05027098114294,1322.7888352522828,5,88,27,42,0.16466556848148087,0.023951501828178717,129.3944895942647,0.052963072459243754,113.82647487879407,0.13871821963556316,0.023517174944997214,4,30,131.22558257585726,6.8273840498454685,0.0036159923613905062,4.176305624031732,4.753741472000144,18.705076315199182,0.025947348845917706,1.8468497351289908,0.0004343268831815024,25.0,1,-10.0,-3,-1.3953780548347363,-1.8310929815925476
361,gasoline,0.06578724916238216,0.006578724916238216,0.05584345301413138,117.54967846016889,204.02210646119573,1343.5380988176203,5,86,29,41,0.14963027193558873,0.02174161083914578,136.9167513364365,0.052963072459243754,113.82647487879407,0.13871821963556316,0.023517174944997214,4,30,131.22558257585726,5.4384695244108805,0.002880380554887624,3.2709469263098936,3.7232035813748183,7.86634396598617,0.010912052300025565,-7.550073977865907,-0.0017755641058514356,25.0,1,-3.3333333333333335,-1,4.3369354121856265,5.691168760579245
362,gasoline,0.06578724916238216,0.006578724916238216,0.0554056863425451,117.05355793239109,204.15602491446296,1274.4967262830073,4,92,28,42,0.15724735445692803,0.023441572798833663,130.16213727375845,0.052963072459243754,113.82647487879407,0.13871821963556316,0.023517174944997214,4,30,131.22558257585726,4.611918776390834,0.002442613883301345,2.8350900412520996,3.2270830535970134,13.357390882065904,0.018529134821364868,-0.3214763097199045,-7.560214616355102e-05,0.0,0,-6.666666666666667,-2,-0.8103948035315979,-1.0634453020988133
363,gasoline,0.06578724916238216,0.006578724916238216,0.05086013370795248,115.47058372708825,201.16703453993102,1280.3725849755979,6,90,28,38,0.14106329546054025,0.019137443354369215,128.57151248319985,0.052963072459243754,113.82647487879407,0.13871821963556316,0.023517174944997214,4,30,131.22558257585726,-3.970575447467721,-0.002102938751291271,1.4443993368369517,1.6441088482941808,1.6905319511294263,0.0023450758249770887,-18.623544710924964,-0.004379731590627999,50.0,2,-6.666666666666667,-2,-2.0225249075371217,-2.654070092657406
364,gasoline,0.06578724916238216,0.006578724916238216,0.05499962431641923,117.0084462445823,202.47807507135707,1300.987225570867,4,90,31,43,0.15114410753493548,0.02374789264622848,131.1343128132238,0.052963072459243754,113.82647487879407,0.13871821963556316,0.023517174944997214,4,30,131.22558257585726,3.8452298226139456,0.002036551857175474,2.795458059451011,3.181971365788229,8.95764661052981,0.012425887899372323,0.9810604452740451,0.00023071770123126584,0.0,0,3.3333333333333335,1,-0.06955180601366277,-0.0912697626334591
365,gasoline,0.06578724916238216,0.006578724916238216,0.05705121224184698,118.60828739826916,205.99185307638191,1359.6022205262452,4,87,31,41,0.16587302680827493,0.02373620859403801,130.65626395107864,0.052963072459243754,113.82647487879407,0.13871821963556316,0.023517174944997214,4,30,131.22558257585726,7.718849365752216,0.004088139782603223,4.2009668880345306,4.781812519475082,19.575515922891856,0.027154807172711765,0.9313773850519067,0.00021903364904079722,0.0,0,3.3333333333333335,1,-0.4338472831313304,-0.5693186247786173
366,gasoline,0.06578724916238216,0.006578724916238216,0.05642683854495076,120.60522864382219,207.09975311843925,1316.886007587309,5,86,29,41,0.15992717798715472,0.024662361073154494,128.8156186525642,0.052963072459243754,113.82647487879407,0.13871821963556316,0.023517174944997214,4,30,131.22558257585726,6.539964403259361,0.003463766085707004,5.955340154604928,6.778753765028114,15.289237713193824,0.02120895835159156,4.869573538640081,0.0011451861281572794,25.0,1,-3.3333333333333335,-1,-1.8365046479408282,-2.4099639232930485
367,gasoline,0.06578724916238216,0.006578724916238216,0.058527504694371985,118.05964305069567,205.5475420598557,1312.2612969384372,6,91,26,44,0.16946505956220292,0.024847941936293357,131.17653675358008,0.052963072459243754,113.82647487879407,0.13871821963556316,0.023517174944997214,4,30,131.22558257585726,10.5062489329904,0.0055644322351282305,3.7189662391014076,4.233168171901596,22.164961464627392,0.030746839926639763,5.658702605260143,0.001330766991296143,50.0,2,-13.333333333333334,-4,-0.037375198733697705,-0.04904582227717924
368,gasoline,0.06578724916238216,0.006578724916238216,0.056393807201604015,115.32012613291732,203.60998359021266,1299.7629373422008,5,91,27,41,0.15430406619407433,0.02373200174045076,134.83274800215307,0.052963072459243754,113.82647487879407,0.13871821963556316,0.023517174944997214,4,30,131.22558257585726,6.477597660143843,0.0034307347423602613,1.312217790908254,1.4936512541232503,11.235616056389631,0.015585846558511168,0.9134889541621772,0.0002148267954535446,25.0,1,-10.0,-3,2.7488279003910097,3.6071654262958077
369,gasoline,0.06578724916238216,0.006578724916238216,0.0531210293691022,112.46176905952163,199.19011263164424,1257.9544442274669,4,91,27,42,0.13699363819183413,0.023790021017658747,133.55380105087212,0.052963072459243754,113.82647487879407,0.13871821963556316,0.023517174944997214,4,30,131.22558257585726,0.2982397027287222,0.0001579569098584463,-1.198935327414492,-1.3647058192724444,-1.2432263391642449,-0.0017245814437290286,1.1601991876136275,0.00027284607266153324,0.0,0,-10.0,-3,1.7742108126431801,2.3282184750148645
370,gasoline,0.06578724916238216,0.006578724916238216,0.05780147155167734,117.01948182749004,206.00409002602782,1281.7279304411081,7,90,28,40,0.16854556309553864,0.02185741216499868,132.44253352765142,0.052963072459243754,113.82647487879407,0.13871821963556316,0.023517174944997214,4,30,131.22558257585726,9.135419959174088,0.004838399092433589,2.8051531527230185,3.1930069486959667,21.502109483770113,0.02982734345997548,-7.057662256969402,-0.0016597627799985332,75.0,3,-6.666666666666667,-2,0.9273732513937826,1.2169509517941606
371,gasoline,0.06578724916238216,0.006578724916238216,0.054905087448100784,117.19532477532499,203.8812010014301,1348.7120666419391,5,85,28,42,0.1538073053952,0.022892296457045793,131.01632620546718,0.052963072459243754,113.82647487879407,0.13871821963556316,0.023517174944997214,4,30,131.22558257585726,3.6667340067014673,0.0019420149888570298,2.9596364994331705,3.368849896530918,10.877508231635668,0.015089085759636828,-2.6571154461065527,-0.0006248784879514212,25.0,1,-6.666666666666667,-2,-0.15946309117668808,-0.20925637039007938
372,gasoline,0.06578724916238216,0.006578724916238216,0.054134879829516695,112.11576912325214,199.2800311630428,1359.851411724766,3,90,26,42,0.13960767369207547,0.025060947853127433,132.56051544715766,0.052963072459243754,113.82647487879407,0.13871821963556316,0.023517174944997214,4,30,131.22558257585726,2.2124988522421405,0.0011718073702729412,-1.5029067335727908,-1.7107057555419374,0.6411948328410333,0.0008894540565123066,6.564448798551904,0.0015437729081302191,-25.0,-1,-13.333333333333334,-4,1.0172809638918647,1.3349328713003956
373,gasoline,0.06578724916238216,0.006578724916238216,0.056770501292977046,115.52826738955545,203.32173864667547,1347.2464118057746,6,87,30,40,0.1618633614696869,0.023834560835893956,130.4346068654595,0.052963072459243754,113.82647487879407,0.13871821963556316,0.023517174944997214,4,30,131.22558257585726,7.188836781822264,0.0038074288337332923,1.4950761785195406,1.7017925107613792,16.685004965411217,0.02314514183412375,1.3495919116095145,0.0003173858908967417,50.0,2,0.0,0,-0.6027602963320984,-0.7909757103977597
374,gasoline,0.06578724916238216,0.006578724916238216,0.05095006358554692,113.78443160851256,200.90058055630232,1291.7557651640657,5,87,27,39,0.1345653075249955,0.020819326313233556,131.81056524333928,0.052963072459243754,113.82647487879407,0.13871821963556316,0.023517174944997214,4,30,131.22558257585726,-3.800778127526284,-0.002013008873696834,-0.036936284222347675,-0.04204327028151056,-2.9937755267318855,-0.004152912110567675,-11.47182277664507,-0.002697848631763658,25.0,1,-10.0,-3,0.44578401253723826,0.5849826674820235
375,gasoline,0.06578724916238216,0.006578724916238216,0.05712494171953326,118.1963740112447,206.12643653401074,1337.6017345717894,6,87,26,42,0.157862933262143,0.026684587318360552,127.96055668016714,0.052963072459243754,113.82647487879407,0.13871821963556316,0.023517174944997214,4,30,131.22558257585726,7.85805858127312,0.004161869260289504,3.839088522335273,4.369899132450627,13.801152924883505,0.01914471362657985,13.468507083743656,0.003167412373363338,50.0,2,-13.333333333333334,-4,-2.488101657923835,-3.2650258956901155
376,gasoline,0.06578724916238216,0.006578724916238216,0.053498752617170464,114.45233407224491,201.56987760258278,1381.7773770468489,4,85,27,42,0.13488484459359118,0.025411296242348155,132.8953875614202,0.052963072459243754,113.82647487879407,0.13871821963556316,0.023517174944997214,4,30,131.22558257585726,1.0114219833808316,0.0005356801579267101,0.549836225814135,0.625859193450836,-2.7634257792833004,-0.0038333750419719814,8.054204222152439,0.001894121297350941,0.0,0,-10.0,-3,1.2724690969443198,1.6698049855629336
377,gasoline,0.06578724916238216,0.006578724916238216,0.0554325053859243,116.71725533913097,203.52938907493598,1294.398965981534,4,91,26,41,0.15635529210764676,0.024231249240419795,128.98773106525513,0.052963072459243754,113.82647487879407,0.13871821963556316,0.023517174944997214,4,30,131.22558257585726,4.6625560263348165,0.0024694329266805454,2.5396380441501774,2.8907804603368987,12.714315767906514,0.017637072472083598,3.036394877755013,0.0007140742954225808,0.0,0,-13.333333333333334,-4,-1.7053469808819461,-2.237851510602127
378,gasoline,0.06578724916238216,0.006578724916238216,0.05202191299276114,112.3228534989384,197.79410965951791,1323.8869296982018,4,86,27,43,0.13055117890848897,0.023841526736274897,132.54002556901725,0.052963072459243754,113.82647487879407,0.13871821963556316,0.023517174944997214,4,30,131.22558257585726,-1.7770107034610885,-0.0009411594664826134,-1.3209768478350712,-1.503621379855673,-5.887503998054781,-0.008167040727074193,1.3792123927992541,0.00032435179127768277,0.0,0,-10.0,-3,1.0016667233312901,1.314442993159986
379,gasoline,0.06578724916238216,0.006578724916238216,0.05425540201485829,115.30450403983417,201.8353531100194,1315.9283314776667,5,87,27,41,0.14181543120799303,0.02375698770822389,133.66819761043237,0.052963072459243754,113.82647487879407,0.13871821963556316,0.023517174944997214,4,30,131.22558257585726,2.4400577527087597,0.0012923295556145353,1.2984933097629077,1.478029161040098,2.232735959679112,0.00309721157242987,1.0197345718078712,0.00023981276322667527,25.0,1,-10.0,-3,1.8613863140315008,2.4426150345751125
380,gasoline,0.06578724916238216,0.006578724916238216,0.05563702797973822,115.66981432870435,201.90033680976566,1298.4918287009768,6,89,26,43,0.14639489093390387,0.02540609299235359,133.64149207516786,0.052963072459243754,113.82647487879407,0.13871821963556316,0.023517174944997214,4,30,131.22558257585726,5.048716768748892,0.0026739555204944657,1.619429444576158,1.8433394499102747,5.534003621520416,0.007676671298340709,8.032078903075062,0.0018889180473563756,50.0,2,-13.333333333333334,-4,1.8410354535206896,2.415909499310601
381,gasoline,0.06578724916238216,0.006578724916238216,0.05690058918452553,116.00721879888702,205.91931834391153,1343.4919103650104,6,94,25,41,0.16149704163538978,0.022966884304711437,132.31383960640528,0.052963072459243754,113.82647487879407,0.13871821963556316,0.023517174944997214,4,30,131.22558257585726,7.434456768556581,0.003937516725281774,1.9158494738724658,2.180743920092951,16.420930184708638,0.022778821999826615,-2.339952148048465,-0.0005502906402857777,50.0,2,-16.666666666666664,-5,0.8293024951281397,1.0882570305480215
382,gasoline,0.06578724916238216,0.006578724916238216,0.051394809864976854,115.34760964267797,201.5770201812783,1344.4906802954115,5,86,29,40,0.13824404927937745,0.022798056829994397,126.03763516865274,0.052963072459243754,113.82647487879407,0.13871821963556316,0.023517174944997214,4,30,131.22558257585726,-2.9610491262071563,-0.0015682625942669004,1.3363628852634188,1.521134763883893,-0.3418226945468617,-0.0004741703561857158,-3.057842265002986,-0.0007191181150028175,25.0,1,-3.3333333333333335,-1,-3.953457325446076,-5.187947407204518
383,gasoline,0.06578724916238216,0.006578724916238216,0.053818218767734675,112.18613611431486,198.84538344062105,1293.498455604652,6,95,26,42,0.1452193903873906,0.02310753836047527,132.73298714829457,0.052963072459243754,113.82647487879407,0.13871821963556316,0.023517174944997214,4,30,131.22558257585726,1.6146085730750899,0.0008551463084909214,-1.4410872042078906,-1.6403387644792105,4.686601925044265,0.006501170751827434,-1.7418613650662333,-0.0004096365845219427,50.0,2,-13.333333333333334,-4,1.1487124254646974,1.5074045724373093
384,gasoline,0.06578724916238216,0.006578724916238216,0.05680529885786795,116.15090495844326,205.81321240928168,1327.5635548754428,5,91,27,42,0.15828485503534043,0.024903047756147757,131.51637480753269,0.052963072459243754,113.82647487879407,0.13871821963556316,0.023517174944997214,4,30,131.22558257585726,7.254538341937905,0.0038422263986241934,2.0420821097414414,2.32443007964919,14.10531035590149,0.019566635399777266,5.893024202064534,0.0013858728111505424,25.0,1,-10.0,-3,0.22159721143347003,0.29079223167542523
385,gasoline,0.06578724916238216,0.006578724916238216,0.05476509789676335,115.83259539573235,203.61079822278558,1364.7486631940062,4,89,31,42,0.14961242952446857,0.024609580873247792,129.9251719811465,0.052963072459243754,113.82647487879407,0.13871821963556316,0.023517174944997214,4,30,131.22558257585726,3.4024186170586947,0.0018020254375195957,1.7624375340398273,2.0061205169382816,7.853481624494886,0.01089420988890541,4.645140969549001,0.0010924059282505783,0.0,0,3.3333333333333335,1,-0.9909733827693572,-1.300410594710769
386,gasoline,0.06578724916238216,0.006578724916238216,0.054890694339754555,116.2507534944987,200.91911877658254,1318.2639998169384,5,85,26,42,0.14269124091165702,0.02576304255908999,131.49306472849443,0.052963072459243754,113.82647487879407,0.13871821963556316,0.023517174944997214,4,30,131.22558257585726,3.6395582639095343,0.0019276218805108006,2.1298020678283054,2.4242786157046226,2.864094771783894,0.003973021276093863,9.549903929130469,0.0022458676140927752,25.0,1,-13.333333333333334,-4,0.2038338465615489,0.26748215263717157
387,gasoline,0.06578724916238216,0.006578724916238216,0.05617325127612791,117.93583031301895,202.6408746449821,1326.3598852007933,6,81,30,41,0.15678167546219102,0.025087231731549114,130.5460512992419,0.052963072459243754,113.82647487879407,0.13871821963556316,0.023517174944997214,4,30,131.22558257585726,6.061164256198433,0.0032101788168841586,3.6101930052746067,4.109355434224881,13.021689489732271,0.018063455826627856,6.676213406686831,0.0015700567865519002,50.0,2,0.0,0,-0.5178344521523074,-0.6795312766153643
388,gasoline,0.06578724916238216,0.006578724916238216,0.05344470617717732,114.52426372672281,200.40458475500932,1316.2674559453758,4,88,27,42,0.14028008965092606,0.02543680109842652,128.26284206099584,0.052963072459243754,113.82647487879407,0.13871821963556316,0.023517174944997214,4,30,131.22558257585726,0.9093764684898078,0.0004816337179335689,0.6130286022401742,0.6977888479287344,1.1259299747835592,0.0015618700153628984,8.162656262578277,0.0019196261534293046,0.0,0,-10.0,-3,-2.257746132046134,-2.962740514861423
389,gasoline,0.06578724916238216,0.006578724916238216,0.05640161517397493,115.58133854866311,202.758672438271,1300.9461050107438,6,91,29,40,0.15507991285883357,0.023436534513893253,133.9575679229487,0.052963072459243754,113.82647487879407,0.13871821963556316,0.023517174944997214,4,30,131.22558257585726,6.492339955121008,0.003438542714731173,1.5417007965305711,1.7548636698690387,11.794912929430193,0.016361693223270413,-0.34290016250917077,-8.064043110396144e-05,50.0,2,-3.3333333333333335,-1,2.081899956902204,2.731985347091438
390,gasoline,0.06578724916238216,0.006578724916238216,0.05683523097430184,114.05897501971933,201.35639375157876,1299.0104067269494,4,91,29,42,0.15277284997104235,0.02592196519804048,132.3368837077986,0.052963072459243754,113.82647487879407,0.13871821963556316,0.023517174944997214,4,30,131.22558257585726,7.311053409973142,0.003872158515058087,0.20425840400735146,0.23250014092525362,10.131783966376688,0.014054630335479185,10.225676590269343,0.0024047902530432673,0.0,0,-3.3333333333333335,-1,0.8468631726583683,1.1113011319413317
391,gasoline,0.06578724916238216,0.006578724916238216,0.05000913732361447,113.54735643037962,197.7103244564825,1322.757632656587,5,86,27,40,0.1289164073540335,0.02108527014717337,131.13349492050008,0.052963072459243754,113.82647487879407,0.13871821963556316,0.023517174944997214,4,30,131.22558257585726,-5.57734851561416,-0.0029539351356292834,-0.2452139967539755,-0.2791184484144509,-7.0659876599344456,-0.009801812281529654,-10.340973367386463,-0.002431904797823844,25.0,1,-10.0,-3,-0.07017507832662354,-0.09208765535717589
392,gasoline,0.06578724916238216,0.006578724916238216,0.05705375437052474,121.0432347348967,208.04936122286426,1305.6140079838813,5,89,32,40,0.16793307125368134,0.022856544818806904,129.26993658895088,0.052963072459243754,113.82647487879407,0.13871821963556316,0.023517174944997214,4,30,131.22558257585726,7.723649179206618,0.004090681911280987,6.3401417497882235,7.216759856102627,21.060572789119313,0.02921485161811818,-2.8091389707114702,-0.0006606301261903105,25.0,1,6.666666666666667,2,-1.4902932404783802,-1.9556459869063758
393,gasoline,0.06578724916238216,0.006578724916238216,0.05721304422780879,112.56305008900074,199.6215533152213,1268.7562155883081,4,91,28,42,0.15935330244517598,0.024173068336441145,132.93091949428464,0.052963072459243754,113.82647487879407,0.13871821963556316,0.023517174944997214,4,30,131.22558257585726,8.024405630612693,0.004249971768565036,-1.109956880540021,-1.2634247897933335,14.875538962239254,0.02063508280961282,2.7889973731026654,0.0006558933914439305,0.0,0,-6.666666666666667,-2,1.2995460831287051,1.7053369184273777
394,gasoline,0.06578724916238216,0.006578724916238216,0.05609937976586992,115.6901291453704,205.75070148587017,1336.6018536798886,6,92,30,40,0.15936521227028205,0.02343646582269265,129.38511477624417,0.052963072459243754,113.82647487879407,0.13871821963556316,0.023517174944997214,4,30,131.22558257585726,5.921686867844807,0.003136307306626167,1.6372766252849429,1.863654266576333,14.884124586490602,0.02064699263471889,-0.34319225201721437,-8.070912230456403e-05,50.0,2,0.0,0,-1.4025221023874512,-1.8404677996130943
395,gasoline,0.06578724916238216,0.006578724916238216,0.0578287055244078,120.05943115692956,208.65610578894206,1322.7087669992934,7,91,30,40,0.17137620973507642,0.024613029266920508,125.9862513071065,0.052963072459243754,113.82647487879407,0.13871821963556316,0.023517174944997214,4,30,131.22558257585726,9.186840640539238,0.004865633065164049,5.475840558861664,6.2329562781354895,23.54268255843498,0.03265799009951326,4.659804268524242,0.0010958543219232939,75.0,3,0.0,0,-3.992614218894454,-5.23933126875076
396,gasoline,0.06578724916238216,0.006578724916238216,0.053057684036351783,113.40637815149461,197.94447252513493,1297.28087200878,4,89,28,42,0.13416996778726686,0.02520169753811464,132.97430689472802,0.052963072459243754,113.82647487879407,0.13871821963556316,0.023517174944997214,4,30,131.22558257585726,0.17863687417461496,9.461157710802942e-05,-0.3690676775739545,-0.420096727299466,-3.2787703448367087,-0.0045482518482962975,7.162946217210389,0.0016845225931174275,0.0,0,-6.666666666666667,-2,1.332609301132175,1.7487243188707566
397,gasoline,0.06578724916238216,0.006578724916238216,0.05558079431893539,113.5266928760135,201.1439150066853,1350.2480248377292,4,91,27,41,0.15185793340955844,0.02339596970304151,132.99782196130428,0.052963072459243754,113.82647487879407,0.13871821963556316,0.023517174944997214,4,30,131.22558257585726,4.942541544782977,0.002617721859691634,-0.2633675540771965,-0.29978200278057443,9.472233574303065,0.013139713773995282,-0.5153903146920654,-0.0001212052419557047,0.0,0,-10.0,-3,1.3505288760463674,1.7722393854470226
398,gasoline,0.06578724916238216,0.006578724916238216,0.05674165441487283,115.3400150072074,202.5401410261074,1214.3326711096252,5,89,27,44,0.14628924114881842,0.02789398468519087,134.4039320791094,0.052963072459243754,113.82647487879407,0.13871821963556316,0.023517174944997214,4,30,131.22558257585726,7.134370760942504,0.003778581955629079,1.3296907683603392,1.5135401284133252,5.457842187670547,0.007571021513255255,18.61112038512402,0.004376809740193655,25.0,1,-10.0,-3,2.4220502137339337,3.17834950325215
399,gasoline,0.06578724916238216,0.006578724916238216,0.05394072052709102,115.93836009973523,203.37153211773733,1333.2509377803212,6,89,27,41,0.1523405755053201,0.02126637548918071,128.29125145568523,0.052963072459243754,113.82647487879407,0.13871821963556316,0.023517174944997214,4,30,131.22558257585726,1.8459051230450965,0.000977648067847267,1.8553550245581811,2.1118852209411614,9.820163425932966,0.013622355869756936,-9.570875162857579,-0.002250799455816504,50.0,2,-10.0,-3,-2.236096851371028,-2.9343311201720326
400,gasoline,0.06578724916238216,0.006578724916238216,0.05745056769065768,117.49198412880331,206.9231875290709,1387.4937343806203,8,83,30,40,0.16411187831108162,0.023637656699468344,130.39980877380876,0.052963072459243754,113.82647487879407,0.13871821963556316,0.023517174944997214,4,30,131.22558257585726,8.472875577350898,0.004487495231413924,3.220260711677475,3.6655092500092366,18.3059289127499,0.02539365867551846,0.5123138929438463,0.00012048175447113008,100.0,4,0.0,0,-0.629278061365168,-0.8257738020485021
401,gasoline,0.06578724916238216,0.006578724916238216,0.05740883824071783,117.63885577049285,205.30595209205154,1340.3116737302014,5,91,31,40,0.16002617913977965,0.024903953036295823,133.02202968565547,0.052963072459243754,113.82647487879407,0.13871821963556316,0.023517174944997214,4,30,131.22558257585726,8.394085869725915,0.004445765781474077,3.3492918899213215,3.81238089169878,15.360606242061206,0.02130795950421649,5.896873644653552,0.0013867780912986093,25.0,1,3.3333333333333335,1,1.3689762884152108,1.7964471097982084
402,gasoline,0.06578724916238216,0.006578724916238216,0.05335720435721259,116.71305075124988,201.1074967866347,1319.3342017372913,5,85,28,42,0.14661349681678926,0.02320470533703132,128.7091360818111,0.052963072459243754,113.82647487879407,0.13871821963556316,0.023517174944997214,4,30,131.22558257585726,0.7441635835461212,0.00039413189796883713,2.5359441865607475,2.8865758724558077,5.6915935065836045,0.007895277181226096,-1.3286868371592693,-0.0003124696079658956,25.0,1,-6.666666666666667,-2,-1.9176493216111181,-2.516446494046164
403,gasoline,0.06578724916238216,0.006578724916238216,0.058187046844461764,117.10845648195567,204.95081579324582,1336.7210281946263,7,87,30,40,0.1632880515338081,0.025027964878432694,132.2578509356521,0.052963072459243754,113.82647487879407,0.13871821963556316,0.023517174944997214,4,30,131.22558257585726,9.863427748150322,0.0052239743852180096,2.8833200770351115,3.281981603161597,17.71204385609486,0.024569831898244937,6.424198216703189,0.0015107899334354802,75.0,3,0.0,0,0.7866365227970089,1.0322683597948412
404,gasoline,0.06578724916238216,0.006578724916238216,0.05269105117695494,113.37525182670078,198.55270301787925,1347.4800052323683,4,90,25,41,0.13081208205691883,0.02483248236842728,134.22837626822331,0.052963072459243754,113.82647487879407,0.13871821963556316,0.023517174944997214,4,30,131.22558257585726,-0.5136055550745114,-0.0002720212822888146,-0.3964130950851052,-0.4512230520932974,-5.69942261327685,-0.007906137578644334,5.592965254144486,0.001315307423430067,0.0,0,-16.666666666666664,-5,2.2882685170250525,3.0027936923660548
405,gasoline,0.06578724916238216,0.006578724916238216,0.05711560295785869,114.43645437743886,202.97922296476358,1363.9322400579651,5,89,31,40,0.1579011587088879,0.025287618463591212,132.3162607333926,0.052963072459243754,113.82647487879407,0.13871821963556316,0.023517174944997214,4,30,131.22558257585726,7.840425990788957,0.0041525304986149356,0.5358854337660156,0.6099794986447904,13.828709108090958,0.019182939073324745,7.528300158223819,0.0017704435185939976,25.0,1,3.3333333333333335,1,0.8311475065502952,1.0906781575353364
406,gasoline,0.06578724916238216,0.006578724916238216,0.05516022252516171,116.93064149590154,201.70714454029593,1279.3734596349154,4,86,30,40,0.15302056493856486,0.023996346950337758,130.3066976655403,0.052963072459243754,113.82647487879407,0.13871821963556316,0.023517174944997214,4,30,131.22558257585726,4.1484565828553635,0.0021971500659179535,2.727104235120062,3.1041666171074667,10.31035817831028,0.014302345303001701,2.0375406759580947,0.0004791720053405439,0.0,0,0.0,0,-0.70023305843263,-0.9188849103169616
407,gasoline,0.06578724916238216,0.006578724916238216,0.054914047502807095,116.97602790765676,203.68483773919456,1326.8600339070376,5,88,28,40,0.1551095711854988,0.021929402874398325,132.13016243644054,0.052963072459243754,113.82647487879407,0.13871821963556316,0.023517174944997214,4,30,131.22558257585726,3.6836515575350335,0.001950975043563341,2.7669775702150354,3.149553028862684,11.816293197100263,0.01639135154993565,-6.751542539919976,-0.001587772070598889,25.0,1,-6.666666666666667,-2,0.6893319449051595,0.9045798605832829
408,gasoline,0.06578724916238216,0.006578724916238216,0.05288438521795149,113.75008730163349,199.61909842059663,1314.627572024526,4,88,27,41,0.144482372873426,0.021047325477038283,134.19114412431364,0.052963072459243754,113.82647487879407,0.13871821963556316,0.023517174944997214,4,30,131.22558257585726,-0.14857000857119157,-7.868724129226484e-05,-0.0671087962988646,-0.0763875771605882,4.15529643691093,0.005764153237862835,-10.502322127277198,-0.0024698494679589317,0.0,0,-10.0,-3,2.2598958909114257,2.965561548456378
409,gasoline,0.06578724916238216,0.006578724916238216,0.05295516564679659,116.05460545346254,204.02563884789396,1368.6858434541205,5,88,28,40,0.14423075618727918,0.02180056176789196,130.64803291979058,0.052963072459243754,113.82647487879407,0.13871821963556316,0.023517174944997214,4,30,131.22558257585726,-0.014928915714343294,-7.906812447167066e-06,1.9574800827672574,2.2281305746684694,3.9739095312774406,0.0055125365517160185,-7.299402165099028,-0.0017166131771052529,25.0,1,-6.666666666666667,-2,-0.44011971197218097,-0.5775496560666795
410,gasoline,0.06578724916238216,0.006578724916238216,0.05476608656675916,115.76648908027073,200.5566379411039,1310.8081379822395,5,85,30,40,0.14811249008797264,0.022634483711878185,132.6002130620913,0.052963072459243754,113.82647487879407,0.13871821963556316,0.023517174944997214,4,30,131.22558257585726,3.4042853327719307,0.001803014107515405,1.7043611370223353,1.9400142014766573,6.772196526952162,0.009394270452409481,-3.753389746785053,-0.000882691233119029,25.0,1,0.0,0,1.0475323936469663,1.3746304862340537
411,gasoline,0.06578724916238216,0.006578724916238216,0.05645736928825087,116.20505002133909,204.69130138133323,1383.9435060581147,6,89,30,41,0.15830880778914297,0.024213664544358787,131.71219095278698,0.052963072459243754,113.82647487879407,0.13871821963556316,0.023517174944997214,4,30,131.22558257585726,6.597609743460506,0.003494296829007114,2.089650184702458,2.3785751425450172,14.12257755689749,0.019590588153579808,2.9616210322479053,0.0006964895993615723,50.0,2,0.0,0,0.37081822566756817,0.48660837692972336
412,gasoline,0.06578724916238216,0.006578724916238216,0.053208256001398405,116.79386295614522,204.96971325348596,1345.1700152692783,5,91,25,41,0.15284538466294675,0.020683111302933925,127.3287850216801,0.052963072459243754,113.82647487879407,0.13871821963556316,0.023517174944997214,4,30,131.22558257585726,0.4629330036381946,0.00024518354215465055,2.6069401521139186,2.9673880773511456,10.184073198530163,0.014127165027383592,-12.051037799785458,-0.002834063642063289,25.0,1,-16.666666666666664,-5,-2.9695410587524296,-3.896797554177155
413,gasoline,0.06578724916238216,0.006578724916238216,0.05293284943820971,115.47565725682442,200.39035367117157,1284.605027110057,5,87,27,40,0.1365585350452184,0.023136848332578796,133.3291849745232,0.052963072459243754,113.82647487879407,0.13871821963556316,0.023517174944997214,4,30,131.22558257585726,-0.05706432733354485,-3.0223021034045394e-05,1.4488565861206246,1.6491823780303463,-1.5568860356041436,-0.002159684590344768,-1.6172291668023027,-0.00038032661241841834,25.0,1,-10.0,-3,1.6030429108210797,2.1036023986659416
414,gasoline,0.06578724916238216,0.006578724916238216,0.0537419145156063,113.42894937750197,201.37900060538493,1361.8143911049451,6,90,27,41,0.144082494567268,0.023657666446473227,131.0808074336758,0.052963072459243754,113.82647487879407,0.13871821963556316,0.023517174944997214,4,30,131.22558257585726,1.4705379053714915,0.0007788420563625484,-0.3492381730308397,-0.3975255012921082,3.867029829100826,0.005364274931704827,0.5973995677822673,0.00014049150147601303,50.0,2,-10.0,-3,-0.11032539489605152,-0.1447751421814587
415,gasoline,0.06578724916238216,0.006578724916238216,0.05465438377700682,114.7535953292279,202.58826965280917,1309.824040800132,6,88,28,42,0.14515482131029786,0.0243915815044818,130.49493462090442,0.052963072459243754,113.82647487879407,0.13871821963556316,0.023517174944997214,4,30,131.22558257585726,3.193378403536857,0.0016913113177630668,0.8145033494369909,0.9271204504338328,4.640054991799036,0.006436601674734699,3.7181615628989335,0.0008744065594845848,50.0,2,-6.666666666666667,-2,-0.5567877395632664,-0.7306479549528433
416,gasoline,0.06578724916238216,0.006578724916238216,0.05391798955757734,116.36588049526831,202.2001955403982,1336.5660122019244,5,88,28,41,0.150031466106668,0.022059586069007285,131.38101850151045,0.052963072459243754,113.82647487879407,0.13871821963556316,0.023517174944997214,4,30,131.22558257585726,1.8029865980082889,0.0009549170983335839,2.2309446191479427,2.539405616474241,8.15555916218267,0.011313246471104849,-6.197976072376842,-0.0014575888759899291,25.0,1,-6.666666666666667,-2,0.11844940796002287,0.15543592565319386
417,gasoline,0.06578724916238216,0.006578724916238216,0.05339550600003297,115.55279690112367,203.60042031363693,1313.0263350748276,5,88,27,41,0.14580833322496856,0.023739072954244454,128.98964497606002,0.052963072459243754,113.82647487879407,0.13871821963556316,0.023517174944997214,4,30,131.22558257585726,0.8164812211791187,0.0004324335407892149,1.516626096141375,1.7263220223295974,5.111162476012418,0.007090113589405395,0.9435572502489045,0.00022189800924724,25.0,1,-10.0,-3,-1.703888491792152,-2.2359375997972393
418,gasoline,0.06578724916238216,0.006578724916238216,0.054147727744243576,117.23137520279914,203.6887804003835,1311.019880723954,5,88,30,41,0.14696778954557346,0.024173849925467453,129.5089526325169,0.052963072459243754,113.82647487879407,0.13871821963556316,0.023517174944997214,4,30,131.22558257585726,2.236757102623607,0.001184655284999822,2.991307890041145,3.4049003240050695,5.946998117250462,0.008249569910010301,2.7923208548904936,0.0006566749804702392,25.0,1,0.0,0,-1.3081518935898317,-1.7166299433403651
419,gasoline,0.06578724916238216,0.006578724916238216,0.05491293425137889,119.51665134774724,205.9827512935041,1278.243007131717,5,89,28,42,0.1529412086219527,0.024605844644292444,128.22219857543195,0.052963072459243754,113.82647487879407,0.13871821963556316,0.023517174944997214,4,30,131.22558257585726,3.6815496186245635,0.0019498617921351394,4.998992084233693,5.690176468953169,10.253151333513223,0.014222988986389545,4.629253734096244,0.0010886696992952298,25.0,1,-6.666666666666667,-2,-2.28871835923392,-3.0033840004253136
420,gasoline,0.06578724916238216,0.006578724916238216,0.05582928297400626,117.53091004020804,206.21036980347202,1282.8230244577878,6,90,30,39,0.16030441672909515,0.0228459192962017,130.72732711957488,0.052963072459243754,113.82647487879407,0.13871821963556316,0.023517174944997214,4,30,131.22558257585726,5.411714958508338,0.0028662105147625044,3.2544583018656823,3.7044351614139686,15.561183779782265,0.02158619709353199,-2.854320939336757,-0.0006712556487955129,50.0,2,0.0,0,-0.3796938420862822,-0.4982554562823793
421,gasoline,0.06578724916238216,0.006578724916238216,0.05297843944148541,114.9076668028732,199.63259618120836,1333.1425006417576,5,85,29,42,0.13495853243629133,0.024095583489375322,133.64438675656768,0.052963072459243754,113.82647487879407,0.13871821963556316,0.023517174944997214,4,30,131.22558257585726,0.02901452186990108,1.5366982241658833e-05,0.949859797758305,1.0811919240791212,-2.7103052570521617,-0.003759687199271833,2.459515421095049,0.0005784085443781076,25.0,1,-3.3333333333333335,-1,1.843241335440208,2.418804180710424
422,gasoline,0.06578724916238216,0.006578724916238216,0.05611073954016879,112.14287907869058,200.03629712420548,1265.0464799236136,6,90,28,43,0.14710579698430717,0.025521110614442934,135.2262272011777,0.052963072459243754,113.82647487879407,0.13871821963556316,0.023517174944997214,4,30,131.22558257585726,5.94313534840192,0.0031476670809250373,-1.4790898179849936,-1.6835958001034896,6.046485725364436,0.008387577348744013,8.521158149873841,0.0020039356694457194,50.0,2,-6.666666666666667,-2,3.0486773590871965,4.000644625320433
423,gasoline,0.06578724916238216,0.006578724916238216,0.053699817953765425,114.66945596095324,201.22160200970106,1328.22006280424,5,90,29,42,0.1461809317487685,0.023177111060987857,130.6398879056238,0.052963072459243754,113.82647487879407,0.13871821963556316,0.023517174944997214,4,30,131.22558257585726,1.3910550508349235,0.0007367454945216706,0.7405843702502447,0.8429810821591701,5.379763475058421,0.007462712113205344,-1.4460235330336664,-0.00034006388400935686,25.0,1,-3.3333333333333335,-1,-0.4463265917641434,-0.5856946702334653
424,gasoline,0.06578724916238216,0.006578724916238216,0.057113207846240306,118.42247416086813,204.61044538198476,1321.2189939535997,6,88,30,42,0.15807132981226205,0.024875845529112876,131.53852303900706,0.052963072459243754,113.82647487879407,0.13871821963556316,0.023517174944997214,4,30,131.22558257585726,7.835903761418245,0.004150135386996552,4.037724340464749,4.595999282074061,13.951383046540581,0.019353110176698884,5.777354581463834,0.0013586705841156614,50.0,2,0.0,0,0.23847519439961318,0.3129404631498005
425,gasoline,0.06578724916238216,0.006578724916238216,0.054321378391911306,116.3223059799373,205.42543610502142,1380.236196044837,3,93,29,40,0.15570047764204753,0.022286316744141187,129.02408013923014,0.052963072459243754,113.82647487879407,0.13871821963556316,0.023517174944997214,4,30,131.22558257585726,2.5646282770184787,0.0013583059326675515,2.192663089848703,2.4958311011432244,12.242269293175552,0.01698225800648437,-5.233869305028352,-0.0012308582008560276,-25.0,-1,-3.3333333333333335,-1,-1.6776472951487993,-2.2015024366271234
426,gasoline,0.06578724916238216,0.006578724916238216,0.05248061698722438,114.66143776705192,200.321622234055,1308.8066755062296,4,84,30,40,0.14239200937453383,0.020973549828215764,131.64310011010159,0.052963072459243754,113.82647487879407,0.13871821963556316,0.023517174944997214,4,30,131.22558257585726,-0.9109280289406071,-0.00048245547201937466,0.7335401444584335,0.8349628882578486,2.6483829944057504,0.003673789738970673,-10.816031784134653,-0.00254362511678145,0.0,0,0.0,0,0.3181677886649671,0.41751753424432536
427,gasoline,0.06578724916238216,0.006578724916238216,0.053822005583769046,113.60517201676704,199.33501615912385,1303.1405905706279,4,88,28,42,0.13923493079552965,0.02417614613108272,134.9594541499951,0.052963072459243754,113.82647487879407,0.13871821963556316,0.023517174944997214,4,30,131.22558257585726,1.6217584906658502,0.0008589331245252921,-0.1944212559184327,-0.22130286202703076,0.37248975752714925,0.0005167111599664875,2.80208480664336,0.0006589711860855059,0.0,0,-6.666666666666667,-2,2.84538388082935,3.7338715741378508
428,gasoline,0.06578724916238216,0.006578724916238216,0.053009141730580814,115.20662632961053,199.85171493619097,1318.7699009183416,4,89,30,41,0.13593362018013766,0.023942660023442225,133.61452201430086,0.052963072459243754,113.82647487879407,0.13871821963556316,0.023517174944997214,4,30,131.22558257585726,0.08698375905686184,4.6069271337059736e-05,1.2125047817619614,1.3801514508164558,-2.007378311761157,-0.0027845994554255016,1.809252512005162,0.00042548507844501066,0.0,0,0.0,0,1.820483012192102,2.3889394384436002
429,gasoline,0.06578724916238216,0.006578724916238216,0.05325857805572509,118.21270882663015,202.09288151220395,1334.9609117033453,4,86,28,40,0.13862890604027958,0.023293262178267094,130.96142730013133,0.052963072459243754,113.82647487879407,0.13871821963556316,0.023517174944997214,4,30,131.22558257585726,0.5579464762146041,0.000295505596481338,3.853439151574071,4.386233947836075,-0.06438490597574152,-8.931359528357996e-05,-0.95212442503751,-0.0002239127667301201,0.0,0,-6.666666666666667,-2,-0.20129861155177317,-0.26415527572592623
430,gasoline,0.06578724916238216,0.006578724916238216,0.05239631988775593,111.20581085769248,196.53101153164042,1299.0346677045131,5,91,25,40,0.13660316002175804,0.022304092681618756,133.696465419706,0.052963072459243754,113.82647487879407,0.13871821963556316,0.023517174944997214,4,30,131.22558257585726,-1.0700900555268098,-0.000566752571487826,-2.302332584657614,-2.6206640211015895,-1.524716521998155,-0.0021150596138051203,-5.15828226058469,-0.0012130822633784587,25.0,1,-16.666666666666664,-5,1.8829277000316533,2.4708828438487274
431,gasoline,0.06578724916238216,0.006578724916238216,0.05350930142890229,116.26164141455276,199.7675794798802,1304.3243649700792,5,89,27,41,0.14149789847019306,0.023638131047519568,132.5054186835962,0.052963072459243754,113.82647487879407,0.13871821963556316,0.023517174944997214,4,30,131.22558257585726,1.0313392790398856,0.0005462289696585368,2.1393674348184133,2.4351665357586825,2.003831105915719,0.0027796788346299006,0.5143309211469914,0.00012095610252235364,25.0,1,-10.0,-3,0.9752946663422876,1.2798361077389302
432,gasoline,0.06578724916238216,0.006578724916238216,0.0545145069937169,116.31702758539711,201.79359717745507,1331.1228806194133,4,91,28,41,0.1484873416246691,0.023867418418177726,130.9886793395293,0.052963072459243754,113.82647487879407,0.13871821963556316,0.023517174944997214,4,30,131.22558257585726,2.929275932144999,0.0015514345344731437,2.1880258606401166,2.49055270660304,7.042421691087952,0.009769121989105928,1.4893092984156209,0.0003502434731805122,0.0,0,-6.666666666666667,-2,-0.1805312894617947,-0.2369032363279473
433,gasoline,0.06578724916238216,0.006578724916238216,0.057260458149565,117.06836351765857,205.85428662261597,1317.9946015377723,6,91,27,42,0.15637853617112976,0.02553178873220353,132.3392276118448,0.052963072459243754,113.82647487879407,0.13871821963556316,0.023517174944997214,4,30,131.22558257585726,8.113928234862465,0.004297385690321245,2.8480971955922887,3.241888638864495,12.73107208408767,0.0176603165355666,8.56656376421983,0.002014613787206316,50.0,2,-10.0,-3,0.8486493366061217,1.1136450359875312
434,gasoline,0.06578724916238216,0.006578724916238216,0.05640691283506809,118.40207778476473,207.19289861740086,1311.559865003896,5,92,28,40,0.16455269337063685,0.024090529770810575,126.42292034468777,0.052963072459243754,113.82647487879407,0.13871821963556316,0.023517174944997214,4,30,131.22558257585726,6.5023425113307844,0.0034438403758243336,4.019805507324107,4.575602905970655,18.62370624633544,0.025834473735073693,2.438025941272038,0.0005733548258133603,25.0,1,-6.666666666666667,-2,-3.6598520935452723,-4.802662231169492
435,gasoline,0.06578724916238216,0.006578724916238216,0.05393439806582014,116.10073999941531,201.00185874624927,1361.3935033816433,6,84,28,43,0.13863301070846276,0.025103537269998998,133.91618420356536,0.052963072459243754,113.82647487879407,0.13871821963556316,0.023517174944997214,4,30,131.22558257585726,1.8339676334371364,0.0009713256065763884,1.9980106763764267,2.274265120621237,-0.06142590881303002,-8.520892710039973e-05,6.74554800358471,0.0015863623250017833,50.0,2,-6.666666666666667,-2,2.0503636371000717,2.690601627708105
436,gasoline,0.06578724916238216,0.006578724916238216,0.053042506478461655,116.28321717308641,201.81822791394097,1344.9137475616012,5,86,27,40,0.14215536851175664,0.02219015658183027,130.98396034777375,0.052963072459243754,113.82647487879407,0.13871821963556316,0.023517174944997214,4,30,131.22558257585726,0.14998000593531946,7.943401921790133e-05,2.158322391085514,2.45674229429234,2.4777919477509633,0.00343714887619348,-5.642762645898669,-0.0013270183631669437,25.0,1,-10.0,-3,-0.18412738075964746,-0.2416222280835143
437,gasoline,0.06578724916238216,0.006578724916238216,0.05612739020997266,116.44290185932604,202.87617758062555,1289.2939336405232,5,89,25,41,0.15431937943458365,0.023415938491984242,133.8565360851921,0.052963072459243754,113.82647487879407,0.13871821963556316,0.023517174944997214,4,30,131.22558257585726,5.974573611007773,0.0031643177507289025,2.2986102164000255,2.616426980531969,11.246655154605824,0.015601159799020492,-0.43047880219349177,-0.00010123645301297196,25.0,1,-16.666666666666664,-5,2.004908995404125,2.63095350933483
438,gasoline,0.06578724916238216,0.006578724916238216,0.05305101728020455,114.5902925213938,201.4325368792295,1333.3826463518574,5,90,27,40,0.1458196320792582,0.022967166591316385,129.18144579807213,0.052963072459243754,113.82647487879407,0.13871821963556316,0.023517174944997214,4,30,131.22558257585726,0.16604931866155298,8.794482096079886e-05,0.6710368948990728,0.763817642599733,5.119307660054799,0.0071014124436950266,-2.3387518057215946,-0.0005500083536808288,25.0,1,-10.0,-3,-1.5577273407062053,-2.044136777785127
439,gasoline,0.06578724916238216,0.006578724916238216,0.0533131798218174,116.91111337860981,201.79892343554394,1293.261779680894,5,86,30,41,0.14215819709457872,0.023306020949162808,131.45633318859203,0.052963072459243754,113.82647487879407,0.13871821963556316,0.023517174944997214,4,30,131.22558257585726,0.6610405067475311,0.000350107362573647,2.709948193599386,3.084638499815739,2.4798310330488498,0.0034399774590155585,-0.8978714336575756,-0.00021115399583440664,25.0,1,0.0,0,0.1758427039951429,0.2307506127347665
440,gasoline,0.06578724916238216,0.006578724916238216,0.05521507087890112,113.74852102595112,199.77319544164715,1275.075949733742,6,86,29,42,0.14680086417654314,0.02383521749243048,134.73203371359912,0.052963072459243754,113.82647487879407,0.13871821963556316,0.023517174944997214,4,30,131.22558257585726,4.2520161974936865,0.0022519984196573625,-0.06848481684595811,-0.07795385284295264,5.826663982723028,0.008082644540979983,1.352384154036849,0.0003180425474332664,50.0,2,-3.3333333333333335,-1,2.6720789261612894,3.5064511377418626
441,gasoline,0.06578724916238216,0.006578724916238216,0.053404524401555804,115.23823002442037,202.1198038865037,1344.0585013853126,4,87,28,40,0.1470284122962188,0.02195596543746617,131.07418756681608,0.052963072459243754,113.82647487879407,0.13871821963556316,0.023517174944997214,4,30,131.22558257585726,0.8335089371028414,0.00044145194231205026,1.2402695832666186,1.4117551456263016,5.990700199647858,0.008310192660655635,-6.638592905748488,-0.0015612095075310459,0.0,0,-6.666666666666667,-2,-0.11537004147317428,-0.15139500904118108
442,gasoline,0.06578724916238216,0.006578724916238216,0.05255038303815755,113.28638859629936,198.83936289564969,1313.8020057940812,5,89,27,39,0.13582298568509313,0.023990007782871813,131.58280663799493,0.052963072459243754,113.82647487879407,0.13871821963556316,0.023517174944997214,4,30,131.22558257585726,-0.7792021911186799,-0.00041268942108620144,-0.4744821299876088,-0.5400862824947126,-2.0871331524267793,-0.002895233950470033,2.010585195630329,0.000472832837874599,25.0,1,-10.0,-3,0.272221357395137,0.357224062137675
443,gasoline,0.06578724916238216,0.006578724916238216,0.0564492816165665,117.42447092702663,205.61619830532828,1337.5033282672484,5,84,31,41,0.1595349200838881,0.022050875288786215,133.33358049129322,0.052963072459243754,113.82647487879407,0.13871821963556316,0.023517174944997214,4,30,131.22558257585726,6.58233934597632,0.003486209157322749,3.160948322491596,3.5979960482325595,15.006464545907534,0.020816700448324926,-6.235016151559156,-0.0014662996562109995,25.0,1,3.3333333333333335,1,1.6063924991282805,2.107997915435959
444,gasoline,0.06578724916238216,0.006578724916238216,0.05686226331645316,116.11445725276398,203.4886291997639,1306.325837871561,5,86,28,43,0.157845167897065,0.02635665870853722,130.00938201992827,0.052963072459243754,113.82647487879407,0.13871821963556316,0.023517174944997214,4,30,131.22558257585726,7.36209339103187,0.0038991908572094044,2.0100616982175934,2.2879823739699106,13.788346124792863,0.019126948261501825,12.074085302257135,0.002839483763540006,25.0,1,-6.666666666666667,-2,-0.9268014148277424,-1.2162005559289923
445,gasoline,0.06578724916238216,0.006578724916238216,0.0569247720140811,120.02629148229336,207.51778197453035,1327.9073913261564,5,90,30,42,0.16223902706337864,0.025399616449069108,128.76209656666805,0.052963072459243754,113.82647487879407,0.13871821963556316,0.023517174944997214,4,30,131.22558257585726,7.480116562131027,0.003961699554837349,5.446726352635484,6.199816603499286,16.955816971706188,0.023520807427815482,8.004539271722107,0.001882441504071894,25.0,1,0.0,0,-1.8772909678378826,-2.463486009189211
446,gasoline,0.06578724916238216,0.006578724916238216,0.0543451555677684,114.54894152917763,202.9061442295974,1266.6064582471213,5,90,30,40,0.150494247879415,0.024146598551896794,128.6694607071979,0.052963072459243754,113.82647487879407,0.13871821963556316,0.023517174944997214,4,30,131.22558257585726,2.609522152605837,0.0013820831085246468,0.6347087978898204,0.7224666503835522,8.489171988214324,0.01177602824385185,2.676442252828826,0.0006294236068995797,25.0,1,0.0,0,-1.947883803207149,-2.5561218686593463
447,gasoline,0.06578724916238216,0.006578724916238216,0.05700504943382411,118.35674145725153,205.50659362215592,1344.556856341149,5,87,28,41,0.16267729403041095,0.024078376809895774,128.58640525323594,0.052963072459243754,113.82647487879407,0.13871821963556316,0.023517174944997214,4,30,131.22558257585726,7.631688999332028,0.004041976974580357,3.979976172750166,4.530266578457457,17.271757421478185,0.02395907439484779,2.3863489820147117,0.0005612018648985598,25.0,1,-6.666666666666667,-2,-2.011175923791917,-2.6391773226213218
448,gasoline,0.06578724916238216,0.006578724916238216,0.05236907319418597,113.48244807559368,198.57035230686873,1283.7533672675952,5,89,28,40,0.13759408920237245,0.02210851986482062,133.1320499661548,0.052963072459243754,113.82647487879407,0.13871821963556316,0.023517174944997214,4,30,131.22558257585726,-1.1215347552105885,-0.000593999265057786,-0.30223794909463997,-0.3440268032003928,-0.8103697092883633,-0.0011241304331907065,-5.9898992267192135,-0.0014086550801765928,25.0,1,-6.666666666666667,-2,1.4528168615258148,1.9064673902975358
449,gasoline,0.06578724916238216,0.006578724916238216,0.05325945509708989,118.80188475683616,203.2213745144763,1326.4314680658078,5,87,28,40,0.14437804305242785,0.02436968994671015,126.9704837238743,0.052963072459243754,113.82647487879407,0.13871821963556316,0.023517174944997214,4,30,131.22558257585726,0.5596024250183139,0.00029638263784613483,4.371048021420373,4.975409878042086,4.0800865464781975,0.00565982341686469,3.6250740308171734,0.000852515001712937,25.0,1,-6.666666666666667,-2,-3.2425833198516987,-4.2550988519829644
450,gasoline,0.06578724916238216,0.006578724916238216,0.05591974701972427,118.29122621661227,202.95562253833327,1293.756591427685,5,85,31,41,0.15399654402620674,0.024605886619368907,130.841900860601,0.052963072459243754,113.82647487879407,0.13871821963556316,0.023517174944997214,4,30,131.22558257585726,5.582520845549022,0.0029566745604805156,3.922419052836701,4.4647513378182,11.013927680720235,0.015278324390643583,4.629432220995973,0.001088711674371693,25.0,1,3.3333333333333335,1,-0.2923833201765205,-0.38368171525627304
451,gasoline,0.06578724916238216,0.006578724916238216,0.05667422548072109,121.47591490813635,207.97946517852168,1304.3981131255293,5,85,32,41,0.16577719844113695,0.02242120276685999,130.99320561034156,0.052963072459243754,113.82647487879407,0.13871821963556316,0.023517174944997214,4,30,131.22558257585726,7.007057651976571,0.0037111530214773356,6.7202643651115705,7.649440029342273,19.506434610148844,0.027058978805573786,-4.660305418063701,-0.0010959721781372243,25.0,1,6.666666666666667,2,-0.17708206049027703,-0.23237696551569798
452,gasoline,0.06578724916238216,0.006578724916238216,0.05298983182002265,112.87833690646136,197.72277149740572,1302.1902389174238,5,85,31,39,0.13759910488633106,0.022599336509297335,135.12522559463184,0.052963072459243754,113.82647487879407,0.13871821963556316,0.023517174944997214,4,30,131.22558257585726,0.05052456274980267,2.675936077889407e-05,-0.8329678779408067,-0.9481379723327166,-0.8067539737550021,-0.0011191147492320974,-3.9028430831787917,-0.0009178384356998796,25.0,1,3.3333333333333335,1,2.9717094351784077,3.899643018774583
453,gasoline,0.06578724916238216,0.006578724916238216,0.05299823214189117,116.42467386673441,203.24028381852526,1348.234878259559,5,89,30,39,0.14845241390642105,0.02074525821213261,130.5235122140831,0.052963072459243754,113.82647487879407,0.13871821963556316,0.023517174944997214,4,30,131.22558257585726,0.06638527754309154,3.5159682647417645e-05,2.2825963737407995,2.5981989879403358,7.017242793651267,0.009734194270857893,-11.786776002422314,-0.002771916732864605,25.0,1,0.0,0,-0.5350102838128515,-0.7020703617741617
454,gasoline,0.06578724916238216,0.006578724916238216,0.053585658967015816,113.1317953741618,197.80205321666702,1322.6612714586586,4,83,28,41,0.13537391611018282,0.024459121895093874,131.89759947349154,0.052963072459243754,113.82647487879407,0.13871821963556316,0.023517174944997214,4,30,131.22558257585726,1.1755105564375175,0.0006225865077720619,-0.6102969501357152,-0.6946795046322762,-2.410861049230886,-0.0033443035253803433,4.005357583552099,0.0009419469500966601,0.0,0,-6.666666666666667,-2,0.512108145716029,0.6720168976342791
455,gasoline,0.06578724916238216,0.006578724916238216,0.05838297492283668,118.5193613253757,204.8539329629793,1347.9831401437177,5,83,28,42,0.1676773006050261,0.026461196208165186,127.59408301164851,0.052963072459243754,113.82647487879407,0.13871821963556316,0.023517174944997214,4,30,131.22558257585726,10.233361117340124,0.005419902463592925,4.1228426441025725,4.692886446581625,20.876191350742143,0.028959080969462925,12.518600852583486,0.0029440212631679716,25.0,1,-6.666666666666667,-2,-2.767371645776082,-3.6314995642087524
456,gasoline,0.06578724916238216,0.006578724916238216,0.054404335112501326,114.22774511837402,200.33272096738472,1310.7960689381803,4,87,32,41,0.14439222534840404,0.023361170904848814,133.745768921618,0.052963072459243754,113.82647487879407,0.13871821963556316,0.023517174944997214,4,30,131.22558257585726,2.721259523541907,0.0014412626532575717,0.3525280388479293,0.4012702395799437,4.090310362796954,0.005674005712840879,-0.6633621619657438,-0.00015600404014839975,0.0,0,6.666666666666667,2,1.9204992626372306,2.5201863457607487
457,gasoline,0.06578724916238216,0.006578724916238216,0.055464275420272234,114.53918078201525,202.15747047031155,1330.5858174901612,5,89,28,40,0.16120547485483772,0.022321933388539553,129.1994540716578,0.052963072459243754,113.82647487879407,0.13871821963556316,0.023517174944997214,4,30,131.22558257585726,4.7225412818586205,0.00250120296102848,0.6261336863678584,0.7127059032211776,16.210743821793905,0.022487255219274555,-5.082419802774497,-0.0011952415564576609,25.0,1,-6.666666666666667,-2,-1.5440041982882486,-2.0261285041994483
458,gasoline,0.06578724916238216,0.006578724916238216,0.05423456294146257,114.53650926535569,200.86019538374768,1370.218644878708,4,93,27,41,0.14492956178818925,0.022874480507866855,134.4254536205255,0.052963072459243754,113.82647487879407,0.13871821963556316,0.023517174944997214,4,30,131.22558257585726,2.4007113318383357,0.0012714904822188136,0.6237866782026616,0.7100343865616168,4.477668592449039,0.006211342152626087,-2.732872628763935,-0.0006426944371303589,0.0,0,-10.0,-3,2.438450629715056,3.1998710446682423
459,gasoline,0.06578724916238216,0.006578724916238216,0.05289099982311336,116.1531458070514,199.04174985591123,1289.014090787844,4,86,30,38,0.14108214228933277,0.022598213504259387,132.89606815811618,0.052963072459243754,113.82647487879407,0.13871821963556316,0.023517174944997214,4,30,131.22558257585726,-0.13608091974998676,-7.207263613039083e-05,2.044050763001173,2.326670928257329,1.7041183630961003,0.0023639226537696123,-3.907618338032211,-0.0009189614407378276,0.0,0,0.0,0,1.2729877432956078,1.6704855822589195
460,gasoline,0.06578724916238216,0.006578724916238216,0.0526339977602605,111.08246298161994,196.00671346313663,1297.4117196436591,5,89,29,43,0.1340257549695041,0.024123600033010374,132.75784234006522,0.052963072459243754,113.82647487879407,0.13871821963556316,0.023517174944997214,4,30,131.22558257585726,-0.6213285666848012,-0.00032907469898325187,-2.410697423508934,-2.7440118971741327,-3.382731322811789,-0.0046924646660590486,2.5786476880470888,0.00060642508801316,25.0,1,-3.3333333333333335,-1,1.1676532381345799,1.5322597642079643
461,gasoline,0.06578724916238216,0.006578724916238216,0.054838345582501564,115.03126686956381,201.83654864703487,1318.4313776730282,5,88,28,43,0.14294770394873196,0.026577754810710376,130.56917854836738,0.052963072459243754,113.82647487879407,0.13871821963556316,0.023517174944997214,4,30,131.22558257585726,3.5407181573555317,0.0018752731232578104,1.0584461936931935,1.2047919907697349,3.048975343167171,0.004229484313168802,13.014232674083312,0.0030605798657131617,25.0,1,-6.666666666666667,-2,-0.5002104121812059,-0.6564040274898844
462,gasoline,0.06578724916238216,0.006578724916238216,0.054202653168215494,113.69386946585895,200.36184569543823,1332.6580152081635,4,90,27,42,0.14273070584382253,0.024011511000920926,132.45913562946618,0.052963072459243754,113.82647487879407,0.13871821963556316,0.023517174944997214,4,30,131.22558257585726,2.3404622341833057,0.0012395807089717395,-0.11649786490912852,-0.13260541293512063,2.8925444824774003,0.004012486208259364,2.102021425106893,0.0004943360559237116,0.0,0,-10.0,-3,0.9400248254915067,1.2335530536089152
463,gasoline,0.06578724916238216,0.006578724916238216,0.05606960618492161,117.60303422010884,206.4755129501181,1316.5135095953124,6,85,31,43,0.15452933784625406,0.02626937406447296,127.43655489312434,0.052963072459243754,113.82647487879407,0.13871821963556316,0.023517174944997214,4,30,131.22558257585726,5.865471131925737,0.0031065337256778527,3.3178215747576845,3.7765593413147656,11.398011200136107,0.015811118210690894,11.702932541483763,0.0027521991194757456,50.0,2,3.3333333333333335,1,-2.887415402055927,-3.7890276827329217
464,gasoline,0.06578724916238216,0.006578724916238216,0.0537444311498756,116.37959513888185,202.22008857801643,1266.8781750469745,6,86,30,41,0.1445625498709437,0.024529380154278854,129.88703650043442,0.052963072459243754,113.82647487879407,0.13871821963556316,0.023517174944997214,4,30,131.22558257585726,1.4752895826297066,0.0007813586906318462,2.2429933482578823,2.5531202600877805,4.21309489895026,0.005844330235380529,4.304110556004367,0.0010122052092816393,50.0,2,0.0,0,-1.020034393559709,-1.3385460754228404
465,gasoline,0.06578724916238216,0.006578724916238216,0.05589190866263584,118.24707028230603,205.51619885878304,1342.5872203928782,4,90,27,42,0.15151639033817366,0.024945420462200316,131.90792114175815,0.052963072459243754,113.82647487879407,0.13871821963556316,0.023517174944997214,4,30,131.22558257585726,5.529959021251814,0.002928836203392085,3.883626729387112,4.420595403511953,9.22602001109408,0.012798170702610495,6.0732019068767045,0.0014282455172031014,0.0,0,-10.0,-3,0.5199737372142769,0.682338565900892
466,gasoline,0.06578724916238216,0.006578724916238216,0.05546465655896924,114.03807450213284,201.58944677348282,1382.1164210903155,5,87,27,42,0.14642073428760485,0.023945012982351487,136.41412070296815,0.052963072459243754,113.82647487879407,0.13871821963556316,0.023517174944997214,4,30,131.22558257585726,4.723260912875682,0.002501584099725486,0.1858966673298881,0.21159962333877047,5.552633729208416,0.007702514652041692,1.8192577907631964,0.0004278380373542723,25.0,1,-10.0,-3,3.953907481501606,5.188538127110888
467,gasoline,0.06578724916238216,0.006578724916238216,0.05604925658491353,115.94844537673424,204.73036698231624,1387.4624173506218,7,86,29,40,0.1555879836720803,0.02190745649465667,133.9413741763276,0.052963072459243754,113.82647487879407,0.13871821963556316,0.023517174944997214,4,30,131.22558257585726,5.827048889666787,0.003086184125669779,1.8642152453545697,2.1219704979401683,12.16117398337214,0.016869764036517132,-6.8448631866089835,-0.0016097184503405457,75.0,3,-3.3333333333333335,-1,2.069559568463282,2.7157916004703395
468,gasoline,0.06578724916238216,0.006578724916238216,0.058514436458088855,120.89082684455643,209.0939416838735,1304.9037656741427,5,86,32,41,0.17905457391040622,0.021542292992542525,128.6342423860536,0.052963072459243754,113.82647487879407,0.13871821963556316,0.023517174944997214,4,30,131.22558257585726,10.481574691719398,0.0055513639988451005,6.206246809702835,7.064351965762356,29.077906551002208,0.040336354274843056,-8.39761560252714,-0.0019748819524546893,25.0,1,6.666666666666667,2,-1.9747218026680917,-2.591340189803674
469,gasoline,0.06578724916238216,0.006578724916238216,0.05208693527456781,112.194131960917,197.1697058490897,1318.4554474531078,5,88,25,40,0.1308769758567628,0.022945951737654045,136.5216593660916,0.052963072459243754,113.82647487879407,0.13871821963556316,0.023517174944997214,4,30,131.22558257585726,-1.6542416140040854,-0.0008761371846759472,-1.434062611194133,-1.632342917877068,-5.652641591998991,-0.007841243778800355,-2.4289618488579783,-0.0005712232073431696,25.0,1,-16.666666666666664,-5,4.0358569466992815,5.296076790234338
470,gasoline,0.06578724916238216,0.006578724916238216,0.05890401503931243,118.82016912850584,206.14045402357686,1284.774821888656,5,90,27,41,0.16542471330820693,0.026547839123962448,130.83956946748822,0.052963072459243754,113.82647487879407,0.13871821963556316,0.023517174944997214,4,30,131.22558257585726,11.21714112156232,0.005940942580068678,4.38711139480442,4.993694249711766,19.252333069734,0.026706493672643772,12.88702484908777,0.003030664178965234,25.0,1,-10.0,-3,-0.2941599502108518,-0.3860131083690419
471,gasoline,0.06578724916238216,0.006578724916238216,0.05690800331561992,114.06037411077665,202.33971826469127,1290.8770156383853,6,88,28,41,0.15261652926647476,0.02473288267560217,133.42313604876028,0.052963072459243754,113.82647487879407,0.13871821963556316,0.023517174944997214,4,30,131.22558257585726,7.448455448674875,0.003944930856376164,0.20548754780611406,0.23389923198257634,10.01909458427658,0.013898309630911598,5.169446302322853,0.001215707730604955,50.0,2,-6.666666666666667,-2,1.6746380010412145,2.1975534729030244
472,gasoline,0.06578724916238216,0.006578724916238216,0.054228887210711216,113.60257880759785,198.78396771072386,1307.5565601582252,5,90,29,41,0.14602218269878,0.022828183397016772,133.8313167891242,0.052963072459243754,113.82647487879407,0.13871821963556316,0.023517174944997214,4,30,131.22558257585726,2.389994939288188,0.0012658147514674617,-0.19669946858552328,-0.22389607119622212,5.265323533134741,0.007303963063216845,-2.929737732494994,-0.0006889915479804422,25.0,1,-3.3333333333333335,-1,1.9856907183175592,2.605734213266942
473,gasoline,0.06578724916238216,0.006578724916238216,0.05169310931951035,113.31834328591856,196.6272490875886,1320.7040729322134,5,85,27,38,0.12997507210067424,0.023283327769874417,134.22816590915514,0.052963072459243754,113.82647487879407,0.13871821963556316,0.023517174944997214,4,30,131.22558257585726,-2.397827544296394,-0.0012699631397334044,-0.4464089689297579,-0.5081315928755146,-6.3028112369511975,-0.008743147534888918,-0.9943676299118706,-0.00023384717512279704,25.0,1,-10.0,-3,2.2881082136268525,3.0025833332978777
474,gasoline,0.06578724916238216,0.006578724916238216,0.06044331772381856,120.51280767845293,210.93330928952827,1342.4508182162895,7,83,29,41,0.1821741167386162,0.024651161367102235,129.56907392124603,0.052963072459243754,113.82647487879407,0.13871821963556316,0.023517174944997214,4,30,131.22558257585726,14.123510810916448,0.007480245264574803,5.874145541956446,6.686332799658857,31.326740796716695,0.04345589710305303,4.8219500206008075,0.001133986422105021,75.0,3,-3.3333333333333335,-1,-1.2623366740655586,-1.6565086546112298
475,gasoline,0.06578724916238216,0.006578724916238216,0.05129840195620408,113.70521383456644,198.455881084643,1295.628983595922,5,87,29,41,0.13128731409738403,0.023922019039037175,130.23959824425535,0.052963072459243754,113.82647487879407,0.13871821963556316,0.023517174944997214,4,30,131.22558257585726,-3.1430776685409874,-0.0016646705030396725,-0.10653149397515795,-0.12126104422763717,-5.356834565568536,-0.007430905538179128,1.721482682281459,0.00040484409403996127,25.0,1,-3.3333333333333335,-1,-0.7513659396649633,-0.9859843316019123
476,gasoline,0.06578724916238216,0.006578724916238216,0.05152186395637612,112.66208970000494,197.69820241649612,1366.528395019024,5,86,29,41,0.13620496617215885,0.021754335755390083,131.71446033466367,0.052963072459243754,113.82647487879407,0.13871821963556316,0.023517174944997214,4,30,131.22558257585726,-2.7211572817582996,-0.0014412085028676358,-1.022947587570471,-1.1643851787891322,-1.8117688289303748,-0.002513253463404308,-7.495964943621504,-0.0017628391896071308,25.0,1,-3.3333333333333335,-1,0.3725476002545508,0.48887775880641016
477,gasoline,0.06578724916238216,0.006578724916238216,0.052308732877095344,112.9440282576843,197.9225659702375,1351.1625213634397,4,88,30,41,0.13749316666780945,0.023168642254913937,131.0842933021009,0.052963072459243754,113.82647487879407,0.13871821963556316,0.023517174944997214,4,30,131.22558257585726,-1.2354637897035492,-0.0006543395821484096,-0.7752560395544488,-0.8824466211097786,-0.8831233351841895,-0.0012250529677537147,-1.4820346869827592,-0.00034853269008327734,0.0,0,0.0,0,-0.10766900095466991,-0.1412892737563709
478,gasoline,0.06578724916238216,0.006578724916238216,0.05255774169599636,114.27051857654489,199.9749521493918,1321.8980457571936,5,88,27,40,0.13916344895484456,0.02077744496154713,133.56757713012226,0.052963072459243754,113.82647487879407,0.13871821963556316,0.023517174944997214,4,30,131.22558257585726,-0.7653082504971783,-0.00040533076324739126,0.390105815210078,0.4440436977508142,0.3209595109071418,0.0004452293192813983,-11.649911138807534,-0.002739729983450085,25.0,1,-10.0,-3,1.784708826048586,2.341994554265
479,gasoline,0.06578724916238216,0.006578724916238216,0.053507419550188784,117.73119034465277,201.52298256643923,1302.8638713533915,4,89,30,40,0.1465519498220975,0.022188129244234925,130.86533915395958,0.052963072459243754,113.82647487879407,0.13871821963556316,0.023517174944997214,4,30,131.22558257585726,1.0277860888148378,0.0005443470909450299,3.430410605280153,3.9047154658587004,5.64722514974233,0.007833730186534327,-5.651383313985237,-0.0013290457007622894,0.0,0,0.0,0,-0.27452225002653974,-0.3602434218976782
480,gasoline,0.06578724916238216,0.006578724916238216,0.05454998655930002,113.24631297380722,200.90801918806983,1329.5505431795445,7,89,30,43,0.14054310367337147,0.02472438951672302,132.67905463307048,0.052963072459243754,113.82647487879407,0.13871821963556316,0.023517174944997214,4,30,131.22558257585726,2.996265183213132,0.0015869141000562637,-0.5096897761304005,-0.580161904986852,1.3155330587449852,0.0018248840378083109,5.133331595097125,0.0012072145717258072,75.0,3,0.0,0,1.1076133393220133,1.4534720572132187
481,gasoline,0.06578724916238216,0.006578724916238216,0.05363499660672319,115.59173258333249,200.19481291128952,1313.3165697025925,4,87,32,41,0.14337979579342444,0.022893250540085334,132.87596272260498,0.052963072459243754,113.82647487879407,0.13871821963556316,0.023517174944997214,4,30,131.22558257585726,1.2686653479110301,0.0006719241474794357,1.5508322702764132,1.7652577045384135,3.3604642346968197,0.00466157615786128,-2.6530584833048008,-0.0006239244049118797,0.0,0,6.666666666666667,2,1.25766646590705,1.6503801467477217
482,gasoline,0.06578724916238216,0.006578724916238216,0.054928657993737036,112.36438922906353,198.05780525393246,1313.7897979291165,4,86,28,44,0.14141884174765984,0.024899090512257402,135.63800706334948,0.052963072459243754,113.82647487879407,0.13871821963556316,0.023517174944997214,4,30,131.22558257585726,3.711237742118988,0.001965585534493282,-1.2844864529868059,-1.4620856497305397,1.9468402342472977,0.002700622112096679,5.876197164379905,0.0013819155672601877,0.0,0,-6.666666666666667,-2,3.36247277465241,4.412424487492217
483,gasoline,0.06578724916238216,0.006578724916238216,0.05638800479877514,113.736012913658,201.61389679406494,1274.7769526841794,6,94,27,41,0.15425510729917405,0.024443558218735218,132.37032186095564,0.052963072459243754,113.82647487879407,0.13871821963556316,0.023517174944997214,4,30,131.22558257585726,6.4666420970326985,0.0034249323395313877,-0.0794735717085138,-0.09046196513607185,11.20032228241466,0.015536887663610888,3.9391775411147862,0.0009263832737380039,50.0,2,-10.0,-3,0.8723446012797429,1.1447392850983817
484,gasoline,0.06578724916238216,0.006578724916238216,0.05590567647894584,114.8842252435711,202.38923611624526,1315.3315028126394,5,90,27,42,0.15056361618776973,0.024837433539702147,132.0359673048251,0.052963072459243754,113.82647487879407,0.13871821963556316,0.023517174944997214,4,30,131.22558257585726,5.5559541451574335,0.0029426040197020886,0.9292656790991257,1.0577503647770214,8.53917861930933,0.011845396552206566,5.614018681209792,0.0013202585947049324,25.0,1,-10.0,-3,0.617550871606449,0.810384728967847
485,gasoline,0.06578724916238216,0.006578724916238216,0.05446440854493412,116.66435923661889,201.11965427719048,1285.970332694632,5,85,29,42,0.1430108243448717,0.02338718211522669,133.6349860874217,0.052963072459243754,113.82647487879407,0.13871821963556316,0.023517174944997214,4,30,131.22558257585726,2.8346846509814445,0.0015013360856903635,2.493167218651624,2.8378843578248194,3.0944779428296814,0.004292604709308534,-0.5527569960021017,-0.0001299928297705255,25.0,1,-3.3333333333333335,-1,1.8360775881270335,2.4094035115644488
486,gasoline,0.06578724916238216,0.006578724916238216,0.05561548317140336,117.68079840765124,206.42583481318874,1349.7642772247564,5,92,30,38,0.16060172253839755,0.02244383551195897,130.5873389868584,0.052963072459243754,113.82647487879407,0.13871821963556316,0.023517174944997214,4,30,131.22558257585726,5.008037844104854,0.002652410712159603,3.386139764902117,3.854323528857165,15.775507327246666,0.02188350290283439,-4.564066200760113,-0.0010733394330382437,25.0,1,0.0,0,-0.4863713130249578,-0.6382435889988471
487,gasoline,0.06578724916238216,0.006578724916238216,0.05299675839409133,115.39417719739157,201.1893114850887,1312.3817254606636,5,87,27,41,0.1410967611120569,0.022793210075993286,132.7415697428404,0.052963072459243754,113.82647487879407,0.13871821963556316,0.023517174944997214,4,30,131.22558257585726,0.06360268255489708,3.368593484757293e-05,1.3772738901620516,1.5677023185974974,1.7146568653653331,0.002378541476493745,-3.078451687743798,-0.0007239648690039284,25.0,1,-10.0,-3,1.1552527618666082,1.5159871669831375
488,gasoline,0.06578724916238216,0.006578724916238216,0.0561055997072505,116.35334521848115,205.32220188720174,1353.231442820641,5,89,28,40,0.15512034047729495,0.02420918245736998,133.04813807825994,0.052963072459243754,113.82647487879407,0.13871821963556316,0.023517174944997214,4,30,131.22558257585726,5.933430788829311,0.003142527248006746,2.219931999455986,2.526870339687079,11.824056627040779,0.016402120841731788,2.9425622507433755,0.0006920075123727672,25.0,1,-6.666666666666667,-2,1.388872098433336,1.822555502402679
489,gasoline,0.06578724916238216,0.006578724916238216,0.05339636188439343,113.75160371042095,199.10735399885095,1306.226175746707,4,89,29,41,0.1469034002981772,0.023372960564384572,127.61624323891125,0.052963072459243754,113.82647487879407,0.13871821963556316,0.023517174944997214,4,30,131.22558257585726,0.8180972232740114,0.0004332894251496758,-0.06577658532678508,-0.07487116837312158,5.900580820686658,0.008185180662614033,-0.613230036983336,-0.00014421438061264225,0.0,0,-3.3333333333333335,-1,-2.7504845214610234,-3.6093393369460074
490,gasoline,0.06578724916238216,0.006578724916238216,0.056714977135978756,118.75467109336704,206.33168833136506,1341.022734600358,7,83,28,42,0.15834060195530283,0.023907961753592735,132.57763826085002,0.052963072459243754,113.82647487879407,0.13871821963556316,0.023517174944997214,4,30,131.22558257585726,7.084001177654817,0.0037519046767350017,4.329569390443355,4.928196214572964,14.145497521011356,0.019622382319739673,1.6617081325010625,0.000390786808595521,75.0,3,-6.666666666666667,-2,1.0303293446696518,1.352055684992763
491,gasoline,0.06578724916238216,0.006578724916238216,0.05608530217776511,118.51726880920219,205.14812027315745,1340.9554111799498,5,87,30,41,0.15855939337935868,0.023961141466108726,130.31623495458186,0.052963072459243754,113.82647487879407,0.13871821963556316,0.023517174944997214,4,30,131.22558257585726,5.895106861340007,0.0031222297185213577,4.121004305371858,4.69079393040812,14.303221160076681,0.019841173743795515,1.887839513674055,0.0004439665211115121,25.0,1,0.0,0,-0.6929652004019391,-0.9093476212754013
492,gasoline,0.06578724916238216,0.006578724916238216,0.052998065243600186,116.92058242673055,203.01137467142232,1308.3335024951737,5,87,30,39,0.14336890211976466,0.02265927925489645,130.17458432608936,0.052963072459243754,113.82647487879407,0.13871821963556316,0.023517174944997214,4,30,131.22558257585726,0.06607015554726223,3.499278435643155e-05,2.718267038693041,3.094107547936474,3.3526111396323075,0.0046506824842015015,-3.647953855457732,-0.0008578956901007656,25.0,1,0.0,0,-0.80090957047979,-1.0509982497679005
493,gasoline,0.06578724916238216,0.006578724916238216,0.05285061352202838,117.71985341187059,201.9349673253829,1289.0005426919365,5,87,32,40,0.1459165074762921,0.020755746507820406,132.4273543135554,0.052963072459243754,113.82647487879407,0.13871821963556316,0.023517174944997214,4,30,131.22558257585726,-0.21233461729758435,-0.00011245893721537753,3.4204507670313995,3.8933785330765147,5.1891437618216845,0.007198287840728929,-11.74217755166313,-0.0027614284371768084,25.0,1,6.666666666666667,2,0.9158059839463445,1.2017717376981523
494,gasoline,0.06578724916238216,0.006578724916238216,0.05567938599908456,117.69445813002012,203.64850533933424,1308.0690877640927,5,88,30,42,0.1520353128912494,0.02519941167858554,130.3360875768206,0.052963072459243754,113.82647487879407,0.13871821963556316,0.023517174944997214,4,30,131.22558257585726,5.1286932832891665,0.002716313539840809,3.3981402440379513,3.8679832512260504,9.600103930595827,0.013317093255686252,7.153226259203324,0.0016822367335883257,25.0,1,0.0,0,-0.6778365784906832,-0.889494999036657
495,gasoline,0.06578724916238216,0.006578724916238216,0.05429833996914704,115.59209803264254,199.25936583211592,1307.0856126199083,4,86,28,42,0.14546546615201073,0.02410302801448297,130.65462747272227,0.052963072459243754,113.82647487879407,0.13871821963556316,0.023517174944997214,4,30,131.22558257585726,2.5211292470443536,0.0013352675099032874,1.5511533285455392,1.7656231538484661,4.86399445882001,0.006747246516447564,2.491171115816284,0.0005858530694857547,0.0,0,-6.666666666666667,-2,-0.4350943557861068,-0.5709551031349918
496,gasoline,0.06578724916238216,0.006578724916238216,0.055913771729269916,118.85423750011073,207.11665126506583,1351.9915204231552,6,87,30,41,0.15761692600639637,0.023819585511905664,130.84312192126384,0.052963072459243754,113.82647487879407,0.13871821963556316,0.023517174944997214,4,30,131.22558257585726,5.571238851931768,0.0029506992700261622,4.417041489398991,5.027762621316654,13.623809778184434,0.018898706370833213,1.285913667843772,0.0003024105669084502,50.0,2,0.0,0,-0.2914528151340672,-0.38246065459341594
497,gasoline,0.06578724916238216,0.006578724916238216,0.057415358731453384,114.19956010358742,205.0846452476766,1314.987902771902,5,97,28,42,0.15731710012037511,0.024668318526396015,133.78285510804864,0.052963072459243754,113.82647487879407,0.13871821963556316,0.023517174944997214,4,30,131.22558257585726,8.406397260347314,0.00445228627220963,0.3277666511157578,0.3730852247933427,13.407669543102873,0.018598880484811953,4.894905889381422,0.001151143581398801,25.0,1,-6.666666666666667,-2,1.948760662360253,2.5572725321913765
498,gasoline,0.06578724916238216,0.006578724916238216,0.051775660019427745,113.21939731964386,199.01726099702176,1304.0527578257859,6,88,30,40,0.13945942022266242,0.021303591724904054,131.1347256827127,0.052963072459243754,113.82647487879407,0.13871821963556316,0.023517174944997214,4,30,131.22558257585726,-2.2419629086468666,-0.0011874124398160088,-0.5333359921728644,-0.6070775591502127,0.5343210063151893,0.0007412005870992555,-9.412623860095296,-0.0022135832200931606,50.0,2,0.0,0,-0.06923718025182006,-0.09085689314454726
499,gasoline,0.06578724916238216,0.006578724916238216,0.05228494977682348,114.20438471920203,197.74409113842412,1309.8583645862973,4,84,26,41,0.13867658638525435,0.022224919475723925,132.37594179744553,0.052963072459243754,113.82647487879407,0.13871821963556316,0.023517174944997214,4,30,131.22558257585726,-1.2803688512257414,-0.0006781226824202763,0.3320052218171229,0.37790984040795195,-0.030012820535177263,-4.1633250308814596e-05,-5.494943471295602,-0.0012922554692732895,0.0,0,-13.333333333333334,-4,0.8766272543871462,1.1503592215882747
500,gasoline,0.06578724916238216,0.006578724916238216,0.057390190532402074,116.50316411087687,206.10744911479827,1348.1123783132866,6,91,28,40,0.16451479590426474,0.023530368129838067,129.10345031343724,0.052963072459243754,113.82647487879407,0.13871821963556316,0.023517174944997214,4,30,131.22558257585726,8.358876982760178,0.00442711807315832,2.351552426562462,2.6766892320827935,18.596386499533846,0.025796576268701576,0.05610021132091443,1.3193184840852579e-05,50.0,2,-6.666666666666667,-2,-1.6171635292175504,-2.122132262420024
1,diesel,0.06578724916238216,0.006578724916238216,0.05346531018742121,105.46872622037739,189.38182492030197,1298.5452106622283,4,91,27,43,0.13089268665737822,0.028605481665096178,128.90306266401984,0.049917886512207216,108.44833796252156,0.12009678604604898,0.026993362140562825,4,28,126.4601428112065,7.106518170288497,0.0035474236752139968,-2.747494150785317,-2.979611742144172,8.98933349239649,0.010795900611329234,5.9722813191574495,0.001612119524533353,0.0,0,-3.571428571428571,-1,1.9317705946769366,2.442919852813347
2,diesel,0.06578724916238216,0.006578724916238216,0.052422483648715226,106.31284068926742,192.70561079305733,1279.483023804059,5,98,25,44,0.1314330492604893,0.026509370511109825,129.29441690552983,0.049917886512207216,108.44833796252156,0.12009678604604898,0.026993362140562825,4,28,126.4601428112065,5.017434253542608,0.0025045971365080105,-1.9691378525249024,-2.1354972732541455,9.439272762964384,0.011336263214440312,-1.793002394191227,-0.00048399162945299973,25.0,1,-10.714285714285714,-3,2.2412390428458138,2.8342740943233338
3,diesel,0.06578724916238216,0.006578724916238216,0.0527047712945813,107.99938456246444,193.92216160765113,1225.9151255634183,6,93,26,41,0.13829451529375142,0.024189302562098156,133.50667613274945,0.049917886512207216,108.44833796252156,0.12009678604604898,0.026993362140562825,4,28,126.4601428112065,5.582938255393814,0.0027868847823740855,-0.4139790507552767,-0.44895340005712114,15.152553075587585,0.018197729247702438,-10.387959691212455,-0.0028040595784646696,50.0,2,-7.142857142857142,-2,5.572137722525576,7.046533321542952
4,diesel,0.06578724916238216,0.006578724916238216,0.05170453720745328,108.84695163204346,193.32511771540874,1248.0054839560676,6,92,26,43,0.13277622085341367,0.024892734444857973,129.70089525241366,0.049917886512207216,108.44833796252156,0.12009678604604898,0.026993362140562825,4,28,126.4601428112065,3.5791793685198283,0.0017866506952460628,0.36756088383728774,0.39861366952189314,10.557680371648736,0.012679434807364692,-7.782015759156755,-0.002100627695704852,50.0,2,-7.142857142857142,-2,2.5626670737240214,3.2407524412071638
5,diesel,0.06578724916238216,0.006578724916238216,0.055443690704252556,109.55773382512554,193.6440919145056,1234.1804969517382,5,95,26,43,0.1474446072821956,0.027772627369324093,129.33539249046018,0.049917886512207216,108.44833796252156,0.12009678604604898,0.026993362140562825,4,28,126.4601428112065,11.069787962064515,0.00552580419204534,1.022971751754618,1.109395862603975,22.771484680414837,0.027347821236146624,2.8868772430177163,0.0007792652287612681,25.0,1,-7.142857142857142,-2,2.273641018693274,2.8752496792536846
6,diesel,0.06578724916238216,0.006578724916238216,0.05052997055635143,107.72088496672066,190.04825828879316,1269.3643038083947,4,87,28,43,0.12344508037266683,0.025160355720812082,129.85627805477458,0.049917886512207216,108.44833796252156,0.12009678604604898,0.026993362140562825,4,28,126.4601428112065,1.226181809589499,0.0006120840441442149,-0.670782982448566,-0.7274529958009026,2.7879966124439015,0.0033482943266178455,-6.790582107577814,-0.0018330064197507427,0.0,0,0.0,0,2.6855380423207365,3.3961352435680823
7,diesel,0.06578724916238216,0.006578724916238216,0.053932879253527764,104.96412594431403,190.36238715107953,1298.0082543593276,4,93,27,43,0.13538072621829741,0.025647874016316196,135.55476804873,0.049917886512207216,108.44833796252156,0.12009678604604898,0.026993362140562825,4,28,126.4601428112065,8.04319457783674,0.0040149927413205486,-3.2127850769014374,-3.484212018207529,12.726352365822743,0.015283940172248434,-4.984514775300144,-0.0013454881242466292,0.0,0,-3.571428571428571,-1,7.191692999351555,9.094625237523516
8,diesel,0.06578724916238216,0.006578724916238216,0.05349985435111798,109.20283103822865,193.74687274306513,1268.8554259365676,5,90,25,44,0.13683974750378028,0.02705730790119615,128.79973618393103,0.049917886512207216,108.44833796252156,0.12009678604604898,0.026993362140562825,4,28,126.4601428112065,7.175720145993782,0.0035819678389107656,0.695716587162297,0.7544930757070887,13.94122358221269,0.016742961457731298,0.23689439018504246,6.394576063332644e-05,25.0,1,-10.714285714285714,-3,1.8500638388629187,2.3395933727245364
9,diesel,0.06578724916238216,0.006578724916238216,0.050359662086493326,110.89671393906518,191.65652623965613,1270.9711123098664,4,86,28,44,0.12526317823590005,0.02561822569834433,127.47609422919955,0.049917886512207216,108.44833796252156,0.12009678604604898,0.026993362140562825,4,28,126.4601428112065,0.8850045648027901,0.00044177557428611014,2.257642691942172,2.448375976543616,4.301857160332426,0.005166392189851071,-5.094350363091974,-0.0013751364422184935,0.0,0,0.0,0,0.803376775803404,1.015951417993051
10,diesel,0.06578724916238216,0.006578724916238216,0.05167580236240514,108.31986920296866,191.7330463312405,1295.5877089327937,5,85,28,43,0.1319176080388138,0.02589415447211656,127.55225804534653,0.049917886512207216,108.44833796252156,0.12009678604604898,0.026993362140562825,4,28,126.4601428112065,3.521615142436035,0.0017579158501979247,-0.11846079153126293,-0.12846875955290216,9.842746323146683,0.011820821992764824,-4.072140634880342,-0.001099207668446265,25.0,1,0.0,0,0.8636043024010084,1.0921152341400386
11,diesel,0.06578724916238216,0.006578724916238216,0.054439191293642164,109.83175375258809,194.85832033763285,1288.9386449432313,6,89,28,43,0.14410594999628798,0.026417157928569933,130.38279178611506,0.049917886512207216,108.44833796252156,0.12009678604604898,0.026993362140562825,4,28,126.4601428112065,9.057484395556854,0.004521304781434948,1.275644990100829,1.3834157900665218,19.99151246315044,0.024009163950239,-2.1346144618533174,-0.0005762042119928923,50.0,2,0.0,0,3.1018856121052525,3.9226489749085687
12,diesel,0.06578724916238216,0.006578724916238216,0.05226385079871178,108.46370514279873,191.21436997211538,1270.4125111968983,5,91,27,43,0.12763331889702248,0.026818675780636677,129.90879969183635,0.049917886512207216,108.44833796252156,0.12009678604604898,0.026993362140562825,4,28,126.4601428112065,4.699646660583008,0.002345964286504562,0.014170046831402425,0.01536718027716688,6.275382630209396,0.0075365328509734986,-0.6471456168242475,-0.0001746863599261482,25.0,1,-3.571428571428571,-1,2.7270702088154257,3.448656880629855
13,diesel,0.06578724916238216,0.006578724916238216,0.054165992072407645,108.44145887556272,190.9411146096661,1276.8323989432827,5,87,32,43,0.13273627625004122,0.029478835679772834,130.63416900975093,0.049917886512207216,108.44833796252156,0.12009678604604898,0.026993362140562825,4,28,126.4601428112065,8.510187143363076,0.00424810556020043,-0.006343192609576183,-0.0068790869588468695,10.524420028314376,0.012639490203992243,9.207721240012175,0.0024854735392100084,25.0,1,14.285714285714285,4,3.300665415802891,4.174026198544439
14,diesel,0.06578724916238216,0.006578724916238216,0.05008813126918765,109.13043686504244,193.2550495802009,1297.3506246026611,5,90,27,42,0.12406350364391917,0.025591833424115328,126.79642078894717,0.049917886512207216,108.44833796252156,0.12009678604604898,0.026993362140562825,4,28,126.4601428112065,0.34104960941966955,0.00017024475698043662,0.6289620618774283,0.6820989025208775,3.302934015527464,0.003966717597870192,-5.192123564116622,-0.0014015287164474977,25.0,1,-3.571428571428571,-1,0.265916177433637,0.3362779777406786
15,diesel,0.06578724916238216,0.006578724916238216,0.05414577484299647,107.95681361933475,193.3362225951806,1296.6673206885796,4,90,26,44,0.14146069309117065,0.028380275624403924,127.23058510747913,0.049917886512207216,108.44833796252156,0.12009678604604898,0.026993362140562825,4,28,126.4601428112065,8.469686171018767,0.004227888330789256,-0.4532336340245947,-0.4915243431868106,17.788908220183394,0.02136390704512167,5.137979761909649,0.0013869134838410992,0.0,0,-7.142857142857142,-2,0.6092372498921137,0.770442296272634
16,diesel,0.06578724916238216,0.006578724916238216,0.052754500597462506,110.20254421712536,191.60802737859112,1247.2932056797813,5,84,30,42,0.13058307318428122,0.026147709658432987,132.66675874597644,0.049917886512207216,108.44833796252156,0.12009678604604898,0.026993362140562825,4,28,126.4601428112065,5.682560467702509,0.00283661408525529,1.617550151123601,1.754206254603801,8.731530196163169,0.010486287138232242,-3.132816422519963,-0.0008456524821298383,25.0,1,7.142857142857142,2,4.907962142693336,6.2066159347699426
17,diesel,0.06578724916238216,0.006578724916238216,0.053704611561271154,108.67789036424438,193.22112251984242,1281.1365468228446,5,91,27,43,0.13375863550131656,0.028308213482305774,131.00591690926476,0.049917886512207216,108.44833796252156,0.12009678604604898,0.026993362140562825,4,28,126.4601428112065,7.585908205744868,0.003786725049063938,0.21166981996731363,0.22955240172281322,11.375699471282424,0.013661849455267577,4.87101730749993,0.0013148513417429487,25.0,1,-3.571428571428571,-1,3.594629894451952,4.54577409805826
18,diesel,0.06578724916238216,0.006578724916238216,0.05300211737923885,108.94077814859105,192.75820194584293,1274.6020138560425,4,88,28,43,0.13374497973999971,0.027550581389572004,129.20605362557862,0.049917886512207216,108.44833796252156,0.12009678604604898,0.026993362140562825,4,28,126.4601428112065,6.178608676225501,0.0030842308670316343,0.45407813095270166,0.49244018606948714,11.364328841171133,0.013648193693950733,2.064282493257288,0.000557219249009179,0.0,0,0.0,0,2.1713646318362296,2.745910814372124
19,diesel,0.06578724916238216,0.006578724916238216,0.052928759192685304,108.07345213121316,193.01626911069476,1237.316384215786,6,92,29,43,0.13020093370906652,0.027872694360435667,131.29533282677764,0.049917886512207216,108.44833796252156,0.12009678604604898,0.026993362140562825,4,28,126.4601428112065,6.031650958903862,0.0030108726804780883,-0.34568149070017123,-0.37488583130840425,8.413337272109247,0.010104147663017538,3.2575868663336047,0.0008793322198728422,50.0,2,3.571428571428571,1,3.823489289261394,4.835190015571143
20,diesel,0.06578724916238216,0.006578724916238216,0.05182567573521626,108.4790711326335,191.0228974748634,1289.8286018122653,4,89,28,43,0.125612398607953,0.028325532194133106,128.09397145676314,0.049917886512207216,108.44833796252156,0.12009678604604898,0.026993362140562825,4,28,126.4601428112065,3.821854962834814,0.0019077892230090418,0.028338995958208945,0.030733170111943764,4.592639606349801,0.005515612561904026,4.935176457950133,0.0013321700535702807,0.0,0,0.0,0,1.2919712165720112,1.6338286455566475
21,diesel,0.06578724916238216,0.006578724916238216,0.053516328712328226,111.08899103940809,195.16369602860263,1270.6087320761744,4,92,26,44,0.13752717662778483,0.02758781538369634,129.96079549732798,0.049917886512207216,108.44833796252156,0.12009678604604898,0.026993362140562825,4,28,126.4601428112065,7.208723068115125,0.0035984422001210103,2.434941029524215,2.6406530768865224,14.51361951938703,0.017430390581735844,2.202220086693952,0.000594453243133515,0.0,0,-7.142857142857142,-2,2.7681865671681556,3.5006526861214837
22,diesel,0.06578724916238216,0.006578724916238216,0.05216793994460099,108.62773982880135,190.54373094821844,1234.0657083344436,4,90,30,43,0.13084065174865991,0.027031128704559676,129.43933604158417,0.049917886512207216,108.44833796252156,0.12009678604604898,0.026993362140562825,4,28,126.4601428112065,4.507509411167746,0.0022500534323937754,0.16542610947323944,0.1794018662797896,8.946006014258689,0.010743865702610933,0.1399105594930656,3.77665639968508e-05,0.0,0,7.142857142857142,2,2.355835731440964,2.9791932303776747
23,diesel,0.06578724916238216,0.006578724916238216,0.05256449827260573,103.94440200949913,187.88469704448733,1300.196265216916,4,91,27,43,0.11974645394863234,0.029718430957177883,134.42869697790135,0.049917886512207216,108.44833796252156,0.12009678604604898,0.026993362140562825,4,28,126.4601428112065,5.301930721268211,0.002646611760398515,-4.153070519696614,-4.5039359530224345,-0.29170813720386357,-0.00035033209741663907,10.095329371809179,0.0027250688166150575,0.0,0,-3.571428571428571,-1,6.30123767817595,7.968554166694858
24,diesel,0.06578724916238216,0.006578724916238216,0.05464926572322747,110.00813664275343,192.26489066857542,1265.1747230700794,3,87,28,44,0.13657986112316325,0.03068834519267353,128.30098963230253,0.049917886512207216,108.44833796252156,0.12009678604604898,0.026993362140562825,4,28,126.4601428112065,9.478324387518326,0.004731379211020258,1.438287307612692,1.5597986802318644,13.724826133810216,0.016483075077114273,13.688487684008308,0.0036949830521107035,-25.0,-1,0.0,0,1.4556735269896488,1.8408468210960365
25,diesel,0.06578724916238216,0.006578724916238216,0.05103174117318496,109.62842594832684,191.59350784397682,1270.7118279841777,4,86,28,42,0.12725815977034205,0.026481662501506884,127.8251936846521,0.049917886512207216,108.44833796252156,0.12009678604604898,0.026993362140562825,4,28,126.4601428112065,2.2313738397264746,0.0011138546609777422,1.0881568200824772,1.1800879858052724,5.963001975379397,0.007161373724293069,-1.8956498875218357,-0.000511699639055941,0.0,0,0.0,0,1.0794317032232899,1.365050873445611
26,diesel,0.06578724916238216,0.006578724916238216,0.050831679943546086,109.41099684938418,192.46878219711817,1287.2093514189055,4,90,28,42,0.1312649865229562,0.022343855875060284,130.74846060576428,0.049917886512207216,108.44833796252156,0.12009678604604898,0.026993362140562825,4,28,126.4601428112065,1.8305931905097903,0.0009137934313388704,0.8876658738608758,0.9626588868626129,9.29933334987414,0.011168200476907225,-17.224628193002108,-0.004649506265502541,0.0,0,0.0,0,3.391042979415145,4.288317794557784
27,diesel,0.06578724916238216,0.006578724916238216,0.0543175966703054,110.26250117144606,194.61726537240492,1227.0254941824505,5,88,25,44,0.13515814967425185,0.029944392057945364,129.2379322713256,0.049917886512207216,108.44833796252156,0.12009678604604898,0.026993362140562825,4,28,126.4601428112065,8.813895109566088,0.0043997101580981815,1.6728363412553644,1.814163208924498,12.541021391220127,0.015061363628202873,10.932428135537949,0.002951029917382539,25.0,1,-10.714285714285714,-3,2.196573084901617,2.7777894601191093
28,diesel,0.06578724916238216,0.006578724916238216,0.05279902607251569,105.18914573236292,188.19944636996013,1229.2036454343588,5,93,28,44,0.1308550416698628,0.027206235337599693,132.99427441547675,0.049917886512207216,108.44833796252156,0.12009678604604898,0.026993362140562825,4,28,126.4601428112065,5.771757904060902,0.002881139560308471,-3.005294771124094,-3.2591922301586465,8.957987951225245,0.010758255623813828,0.7886131261766186,0.0002128731970368683,25.0,1,0.0,0,5.166949411108227,6.534131604270257
29,diesel,0.06578724916238216,0.006578724916238216,0.05417080573190725,114.30827964176194,195.84891325188178,1253.3798557959958,6,86,28,43,0.14117383568034608,0.028272758632114918,127.75727422953207,0.049917886512207216,108.44833796252156,0.12009678604604898,0.026993362140562825,4,28,126.4601428112065,8.519830299025186,0.004252919219700037,5.40344074361518,5.859941679240379,17.550053026577647,0.0210770496342971,4.739670756424775,0.0012793964915520928,50.0,2,0.0,0,1.0257235121599353,1.297131418325577
30,diesel,0.06578724916238216,0.006578724916238216,0.0505481627172239,108.25954117856138,189.8792700683529,1282.786753064555,3,89,27,41,0.1277241756329685,0.023775288909040702,128.8026431039954,0.049917886512207216,108.44833796252156,0.12009678604604898,0.026993362140562825,4,28,126.4601428112065,1.2626259824973796,0.0006302762050166832,-0.1740891446629929,-0.18879678396018562,6.3510355589323915,0.007627389586919525,-11.921720661415259,-0.0032180732315221228,-25.0,-1,-3.571428571428571,-1,1.8523625236498733,2.3425002927888983
31,diesel,0.06578724916238216,0.006578724916238216,0.05174391676112359,108.5446660070223,190.00096808011963,1283.5212975198103,5,89,26,41,0.13097244753607312,0.025111095497862997,129.81950106432515,0.049917886512207216,108.44833796252156,0.12009678604604898,0.026993362140562825,4,28,126.4601428112065,3.658068032327099,0.001826030248916373,0.08882390114086108,0.09632804450073706,9.055747325206573,0.010875661490024141,-6.973072242347139,-0.0018822666426998279,25.0,1,-7.142857142857142,-2,2.6564561595773886,3.359358253118657
32,diesel,0.06578724916238216,0.006578724916238216,0.050346436898441184,107.46805845925184,189.2029077385741,1252.769621513752,5,88,27,44,0.11731293801105411,0.02642728563399574,132.09076257571394,0.049917886512207216,108.44833796252156,0.12009678604604898,0.026993362140562825,4,28,126.4601428112065,0.8585106785904646,0.0004285503862339682,-0.9039138097335345,-0.9802795032697276,-2.318003775660954,-0.0027838480349948735,-2.097095217777427,-0.0005660765065670856,25.0,1,-3.571428571428571,-1,4.452485691806823,5.630619764507443
33,diesel,0.06578724916238216,0.006578724916238216,0.05237589556596722,107.19030678743704,191.11156691391764,1237.3711410111607,4,87,28,44,0.13071246095035646,0.02754144606160011,128.25009050466832,0.049917886512207216,108.44833796252156,0.12009678604604898,0.026993362140562825,4,28,126.4601428112065,4.9241048159338865,0.0024580090537600074,-1.160028082236987,-1.2580311750845254,8.839266439850512,0.010615674904307482,2.0304396250576073,0.0005480839210372859,0.0,0,0.0,0,1.4154243808929234,1.7899476934618264
34,diesel,0.06578724916238216,0.006578724916238216,0.050322482030219884,108.57181408938251,190.57564998226857,1268.7761575097657,4,91,28,41,0.12849162455673166,0.02502383885856089,127.52922528820433,0.049917886512207216,108.44833796252156,0.12009678604604898,0.026993362140562825,4,28,126.4601428112065,0.8105221320091865,0.00040459551801266813,0.11385709470588862,0.12347612686095033,6.990060922582747,0.008394838510682678,-7.296324450974343,-0.0019695232820019365,0.0,0,0.0,0,0.8453908506128116,1.0690824769978349
35,diesel,0.06578724916238216,0.006578724916238216,0.05317740822442563,108.35712455903342,193.86368087278393,1306.810112734759,4,90,27,44,0.13141660489030926,0.02851063728349431,129.70441139397965,0.049917886512207216,108.44833796252156,0.12009678604604898,0.026993362140562825,4,28,126.4601428112065,6.529767063397836,0.0032595217122184175,-0.08410770068201755,-0.09121340348814044,9.4255801649179,0.011319818844260282,5.6209194506062685,0.0015172751429314846,0.0,0,-3.571428571428571,-1,2.5654475083240715,3.2442685827731594
36,diesel,0.06578724916238216,0.006578724916238216,0.05321865426335021,108.45425868889971,192.54355070793144,1279.6273137118706,6,92,26,42,0.13672544585259389,0.02651164739407492,129.31040685139268,0.049917886512207216,108.44833796252156,0.12009678604604898,0.026993362140562825,4,28,126.4601428112065,6.6123948383427695,0.003300767751142991,0.005459490195411157,0.005920726378150221,13.846048969344556,0.016628659806544904,-1.7845674206105393,-0.0004817147464879039,50.0,2,-7.142857142857142,-2,2.2538833001646807,2.8502640401861896
37,diesel,0.06578724916238216,0.006578724916238216,0.05144871543047369,110.50394363903126,191.64511770874145,1235.9965366897745,5,86,27,44,0.12463943272777453,0.02892919109394064,127.86212413407864,0.049917886512207216,108.44833796252156,0.12009678604604898,0.026993362140562825,4,28,126.4601428112065,3.066694175628042,0.0015308289182664747,1.8954699676633977,2.0556056765096997,3.782488134181835,0.004542646681725548,7.17149995357137,0.0019358289533778147,25.0,1,-3.571428571428571,-1,1.1086349356454364,1.401981322872146
38,diesel,0.06578724916238216,0.006578724916238216,0.051469024406213926,111.09075366882135,192.61776188263715,1261.1864766913852,5,87,28,44,0.12742271829328222,0.025852542808954534,128.93127161645248,0.049917886512207216,108.44833796252156,0.12009678604604898,0.026993362140562825,4,28,126.4601428112065,3.107378942470622,0.00155113789400671,2.436566346653439,2.6424157062997864,6.100023563015452,0.007325932247233241,-4.226295804382166,-0.0011408193316082907,25.0,1,0.0,0,1.9540771901034089,2.471128805245982
39,diesel,0.06578724916238216,0.006578724916238216,0.05253173098359113,109.26716105390952,191.1925705833909,1240.0645986541967,5,90,28,41,0.13037693141416376,0.027180388950692132,130.221010243927,0.049917886512207216,108.44833796252156,0.12009678604604898,0.026993362140562825,4,28,126.4601428112065,5.236288340742772,0.002613844471383915,0.7550351686080523,0.8188230913879551,8.559883829175112,0.01028014536811478,0.6928622272223836,0.00018702681012930725,25.0,1,0.0,0,2.973954756903237,3.7608674327205023
40,diesel,0.06578724916238216,0.006578724916238216,0.05426813066494189,110.62714867965217,192.17809678972887,1250.4509859709292,4,83,28,44,0.13337167083322238,0.029537448045523846,129.76260809356427,0.049917886512207216,108.44833796252156,0.12009678604604898,0.026993362140562825,4,28,126.4601428112065,8.714800358526478,0.004350244152734675,2.009077094278359,2.1788107171306024,11.053488793682936,0.013274884787173397,9.424857458337996,0.002544085904961021,0.0,0,0.0,0,2.611467304198804,3.3024652823577725
41,diesel,0.06578724916238216,0.006578724916238216,0.054891448357916824,106.81013147071747,190.84659026987873,1299.2604676252936,4,89,27,44,0.13338480022945806,0.02846758197852633,134.779431983103,0.049917886512207216,108.44833796252156,0.12009678604604898,0.026993362140562825,4,28,126.4601428112065,9.96348642383596,0.004973561845709608,-1.5105869970734291,-1.6382064918040982,11.064421139724779,0.01328801418340908,5.461416144779541,0.0014742198379635064,0.0,0,-3.571428571428571,-1,6.578585937797368,8.3192891718965
42,diesel,0.06578724916238216,0.006578724916238216,0.05314033331468619,109.31963096168636,192.40465792141865,1214.5414937706837,5,89,29,43,0.1307589432154915,0.027903276824870406,131.07428033949907,0.049917886512207216,108.44833796252156,0.12009678604604898,0.026993362140562825,4,28,126.4601428112065,6.455495269598282,0.003222446802478976,0.8034175677878092,0.871292999164794,8.877970444066927,0.010662157169442521,3.370883106629593,0.0009099146843075806,25.0,1,3.571428571428571,1,3.648689164601895,4.614137528292574
43,diesel,0.06578724916238216,0.006578724916238216,0.050790235151942566,105.37378003622824,188.4730799447052,1308.151704196369,6,89,25,43,0.11902174933368162,0.026723492987478056,132.2948791577277,0.049917886512207216,108.44833796252156,0.12009678604604898,0.026993362140562825,4,28,126.4601428112065,1.7475672563220814,0.00087234863973535,-2.8350438412028534,-3.0745579262933234,-0.8951419498896142,-0.001075036712367361,-0.9997611697256421,-0.0002698691530847695,50.0,2,-10.714285714285714,-3,4.61389352946718,5.834736346521211
44,diesel,0.06578724916238216,0.006578724916238216,0.0511994326619257,108.33454857811175,191.8309343949857,1272.6323165726221,5,91,25,42,0.12443763736181115,0.026697169276397557,128.6112584261704,0.049917886512207216,108.44833796252156,0.12009678604604898,0.026993362140562825,4,28,126.4601428112065,2.567308512561094,0.0012815461497184821,-0.1049249684666788,-0.11378938440981301,3.614460851681535,0.004340851315762173,-1.0972803707181769,-0.0002961928641652678,25.0,1,-10.714285714285714,-3,1.7010226045492607,2.1511156149638992
45,diesel,0.06578724916238216,0.006578724916238216,0.050857721570818394,108.0156286655104,189.86354761689128,1270.141222818549,5,85,25,42,0.12022831825410873,0.025738279683789996,133.95036774601544,0.049917886512207216,108.44833796252156,0.12009678604604898,0.026993362140562825,4,28,126.4601428112065,1.8827621205103415,0.0009398350586111784,-0.3990003951565371,-0.4327092970111579,0.10952183850225597,0.00013153220805975363,-4.649596631339307,-0.001255082456772829,25.0,1,-10.714285714285714,-3,5.922992627005946,7.49022493480895
46,diesel,0.06578724916238216,0.006578724916238216,0.051611387915699226,108.28504173434521,192.61310904248145,1246.6034643867954,5,93,25,42,0.12312170546563873,0.028001426762842625,129.92634846691016,0.049917886512207216,108.44833796252156,0.12009678604604898,0.026993362140562825,4,28,126.4601428112065,3.3925743291993578,0.0016935014034920107,-0.15057513212676704,-0.1632962281763497,2.518734696555411,0.0030249194195897527,3.734490787144241,0.0010080646222798,25.0,1,-10.714285714285714,-3,2.74094713057409,3.4662056557036607
47,diesel,0.06578724916238216,0.006578724916238216,0.05105248908105569,108.85872746211189,193.6091700186816,1267.8537050461446,5,92,28,42,0.1327208108442624,0.024674023193898595,125.9145819000532,0.049917886512207216,108.44833796252156,0.12009678604604898,0.026993362140562825,4,28,126.4601428112065,2.272937914891511,0.0011346025688484737,0.3784193536761706,0.4103894995903232,10.511542576479078,0.012624024798213423,-8.592256624375695,-0.0023193389466642303,25.0,1,0.0,0,-0.4314093745471845,-0.5455609111533022
48,diesel,0.06578724916238216,0.006578724916238216,0.05335550538327562,109.2380329104,192.37857246020204,1237.3994767053402,4,91,28,43,0.13779017169779864,0.02700386976651969,127.21198076588607,0.049917886512207216,108.44833796252156,0.12009678604604898,0.026993362140562825,4,28,126.4601428112065,6.886547310507119,0.0034376188710684014,0.7281761645359099,0.7896949478784308,14.732605454541844,0.01769338565174966,0.03892670317298603,1.0507625956866079e-05,0.0,0,0.0,0,0.5945256252019251,0.7518379546795728
49,diesel,0.06578724916238216,0.006578724916238216,0.05486830039344577,110.08986963277674,195.03906789797458,1310.9999896638665,5,89,28,42,0.14443912063102035,0.027256793203600135,129.11012301979383,0.049917886512207216,108.44833796252156,0.12009678604604898,0.026993362140562825,4,28,126.4601428112065,9.917114339422106,0.004950413881238555,1.5136531376096054,1.6415316702551763,20.268930906808556,0.02434233458497137,0.9759105281718596,0.0002634310630373095,25.0,1,0.0,0,2.095506259662791,2.649980208587337
50,diesel,0.06578724916238216,0.006578724916238216,0.055059767084640436,108.70670755660802,195.44890577715606,1219.1441659974473,6,92,25,44,0.14450643980331826,0.028124728522445422,129.18180073579234,0.049917886512207216,108.44833796252156,0.12009678604604898,0.026993362140562825,4,28,126.4601428112065,10.300677636213212,0.00514188057243322,0.23824209659695245,0.2583695940864601,20.324985006601118,0.02440965375726928,4.191276270037131,0.0011313663818825967,50.0,2,-10.714285714285714,-3,2.1521863443164295,2.721657924585841
51,diesel,0.06578724916238216,0.006578724916238216,0.05165697209820874,106.3809970143653,186.5847643286219,1206.4377768087277,5,89,25,45,0.1193653594366393,0.028133873916403457,131.63811649668395,0.049917886512207216,108.44833796252156,0.12009678604604898,0.026993362140562825,4,28,126.4601428112065,3.4838926635570604,0.0017390855860015264,-1.9062910386609202,-2.0673409481562572,-0.6090309603532855,-0.0007314266094096827,4.225156428834735,0.0011405117758406316,25.0,1,-10.714285714285714,-3,4.094549927250753,5.177973685477454
52,diesel,0.06578724916238216,0.006578724916238216,0.05383563268850182,109.73487613308394,192.8049662918428,1286.6624546282833,6,89,28,43,0.13353101354474614,0.028063770897932078,130.88216552658784,0.049917886512207216,108.44833796252156,0.12009678604604898,0.026993362140562825,4,28,126.4601428112065,7.848381512179076,0.003917746176294604,1.18631432692587,1.2865381705623804,11.186167374659005,0.01343422749869716,3.9654517721627323,0.0010704087573692525,50.0,2,0.0,0,3.496771881701117,4.422022715381345
53,diesel,0.06578724916238216,0.006578724916238216,0.053120572056585054,107.60643161135722,191.00836054380312,1257.4594985205272,5,85,28,43,0.13258638901664493,0.027382712039895504,131.18068198991705,0.049917886512207216,108.44833796252156,0.12009678604604898,0.026993362140562825,4,28,126.4601428112065,6.415907739993427,0.003202685544377838,-0.776320197230955,-0.8419063511643401,10.399614662299985,0.012489602970595953,1.4423912712511042,0.0003893498993326784,25.0,1,0.0,0,3.732827651284475,4.720539178710553
54,diesel,0.06578724916238216,0.006578724916238216,0.05177335535790856,108.95700811577568,193.889171090465,1277.4071777521174,5,91,27,42,0.1343180842343703,0.025663005844079042,127.37458355629828,0.049917886512207216,108.44833796252156,0.12009678604604898,0.026993362140562825,4,28,126.4601428112065,3.71704207718729,0.0018554688457013413,0.4690437519013946,0.5086701532541156,11.841531032202992,0.014221298188321324,-4.928457187201078,-0.0013303562964837833,25.0,1,-3.571428571428571,-1,0.7231058931010049,0.9144407450917811
55,diesel,0.06578724916238216,0.006578724916238216,0.05368127410674356,107.77398150167892,190.47708765505593,1253.0859165151069,4,88,27,44,0.132610223456736,0.027127642682044355,133.13789437758973,0.049917886512207216,108.44833796252156,0.12009678604604898,0.026993362140562825,4,28,126.4601428112065,7.539156517806543,0.0037633875945363437,-0.621822771572299,-0.6743564608426453,10.419460688888854,0.012513437410687028,0.4974576371120047,0.00013428054148153026,0.0,0,-3.571428571428571,-1,5.280518761039605,6.677751566383236
56,diesel,0.06578724916238216,0.006578724916238216,0.051175962045876065,109.09473197686538,190.10370866722423,1245.4649687610954,4,86,27,44,0.12497234959713154,0.026894385946536356,129.6878298054137,0.049917886512207216,108.44833796252156,0.12009678604604898,0.026993362140562825,4,28,126.4601428112065,2.520290063484944,0.0012580755336688496,0.5960386544302765,0.6463940143438123,4.059695277118495,0.004875563551082554,-0.3666686406497617,-9.897619402646912e-05,0.0,0,-3.571428571428571,-1,2.5523354018553195,3.227686994207218
57,diesel,0.06578724916238216,0.006578724916238216,0.05460728154697308,106.50212663867752,191.43669009586543,1305.5464866059378,3,94,26,43,0.13029206434918714,0.031030905413330298,132.5133716274563,0.049917886512207216,108.44833796252156,0.12009678604604898,0.026993362140562825,4,28,126.4601428112065,9.39421790948439,0.004689395034765863,-1.794597649358745,-1.9462113238440395,8.489218270361503,0.010195278303138156,14.95754123455511,0.004037543272767473,-25.0,-1,-7.142857142857142,-2,4.786669287007475,6.053228816249813
58,diesel,0.06578724916238216,0.006578724916238216,0.0548069001823736,112.19424714030845,194.06496657537255,1253.2718402495223,4,82,34,44,0.144845514098047,0.025933875657715898,131.59250768559392,0.049917886512207216,108.44833796252156,0.12009678604604898,0.026993362140562825,4,28,126.4601428112065,9.794111914114787,0.004889013670166385,3.45409551512115,3.745909177786885,20.607319202121325,0.024748728051998015,-3.9249889559138733,-0.0010594864828469275,0.0,0,21.428571428571427,6,4.058484167655555,5.13236487438742
59,diesel,0.06578724916238216,0.006578724916238216,0.050563361153009814,108.81338118213725,191.87256441195066,1257.155796343006,4,88,27,41,0.1243932880894731,0.026480406389643277,126.95374503628176,0.049917886512207216,108.44833796252156,0.12009678604604898,0.026993362140562825,4,28,126.4601428112065,1.2930728560488038,0.0006454746408025985,0.3366056377386255,0.36504321961568564,3.5775329089795136,0.004296502043424119,-1.9003032977086283,-0.0005129557509195477,0.0,0,-3.571428571428571,-1,0.390322368852744,0.4936022250752643
60,diesel,0.06578724916238216,0.006578724916238216,0.05147664658501214,109.04189105868365,189.60200971684583,1249.0259860505103,6,87,28,43,0.1216218582135684,0.02776547553148394,131.11359239189136,0.049917886512207216,108.44833796252156,0.12009678604604898,0.026993362140562825,4,28,126.4601428112065,3.1226483765968993,0.0015587600728049211,0.5473141472829279,0.5935530961620827,1.2698692593943817,0.0015250721675194173,2.8603824410626655,0.0007721133909211163,50.0,2,0.0,0,3.6797756804940835,4.653449580684864
61,diesel,0.06578724916238216,0.006578724916238216,0.0512798550334591,107.61410335438568,188.06094048975135,1245.1896430238553,4,83,25,43,0.12561307584086875,0.02515593530647831,133.0099756960591,0.049917886512207216,108.44833796252156,0.12009678604604898,0.026993362140562825,4,28,126.4601428112065,2.7284178406047364,0.001361968521251887,-0.7692460980122982,-0.8342346081358869,4.593203512294367,0.005516289794819773,-6.806958038485401,-0.0018374268340845164,0.0,0,-10.714285714285714,-3,5.179365402608233,6.5498328848525915
62,diesel,0.06578724916238216,0.006578724916238216,0.05406556338200259,111.93809122715415,195.4028898032296,1236.875372851375,5,90,31,41,0.14863916660969967,0.02543883382875142,125.47353075592991,0.049917886512207216,108.44833796252156,0.12009678604604898,0.026993362140562825,4,28,126.4601428112065,8.30899935793772,0.0041476768697953775,3.217894649375447,3.489753264632583,23.766148540150457,0.028542380563650688,-5.758928079119948,-0.001554528311811406,25.0,1,10.714285714285714,3,-0.7801762937667269,-0.9866120552765807
63,diesel,0.06578724916238216,0.006578724916238216,0.051163087610156935,109.77161780745715,192.92745689884728,1292.9051956767598,3,94,28,41,0.1335275988962954,0.02424459558780757,128.3116287489625,0.049917886512207216,108.44833796252156,0.12009678604604898,0.026993362140562825,4,28,126.4601428112065,2.4944988358936437,0.0012452010979497191,1.220193752893561,1.323279844935584,11.183324127505468,0.013430812850246415,-10.183120348038058,-0.0027487665527552545,-25.0,-1,0.0,0,1.4640865466363662,1.85148593775601
64,diesel,0.06578724916238216,0.006578724916238216,0.05297702240997979,110.2052018873271,194.9933704218283,1285.5610398200681,6,88,28,43,0.13455108998685192,0.026861779702367184,129.64810778713766,0.049917886512207216,108.44833796252156,0.12009678604604898,0.026993362140562825,4,28,126.4601428112065,6.128336176701866,0.003059135897772576,1.6200007836106205,1.7568639248055433,12.035546009749746,0.014454303940802937,-0.487462204635534,-0.0001315824381956411,50.0,2,0.0,0,2.520924700117181,3.187964975931166
65,diesel,0.06578724916238216,0.006578724916238216,0.051584289230794056,108.41682605272268,190.47066149159392,1226.412649486368,5,90,27,44,0.12283895819000364,0.029014311486569758,127.70847172698168,0.049917886512207216,108.44833796252156,0.12009678604604898,0.026993362140562825,4,28,126.4601428112065,3.3382878062742662,0.0016664027185868402,-0.02905707029808976,-0.031511909798879856,2.283301855307949,0.002742172143954655,7.48683819186073,0.0020209493460069325,25.0,1,-3.571428571428571,-1,0.9871322995727053,1.2483289157751898
66,diesel,0.06578724916238216,0.006578724916238216,0.05449634962691258,107.94133919892394,193.46145345274493,1243.4095516433504,5,92,25,44,0.1413676049473041,0.02721382894410337,130.81744935344202,0.049917886512207216,108.44833796252156,0.12009678604604898,0.026993362140562825,4,28,126.4601428112065,9.171989109726663,0.004578463114705361,-0.4675025667731621,-0.5069987635976219,17.711397283437048,0.021270818901255123,0.816744510715288,0.00022046680354054563,25.0,1,-10.714285714285714,-3,3.445596727453157,4.35730654223552
67,diesel,0.06578724916238216,0.006578724916238216,0.05065676550384447,106.56182899788729,189.45902619496124,1269.1134863532254,5,87,26,45,0.12116117242031348,0.026504785565076645,130.33158505574187,0.049917886512207216,108.44833796252156,0.12009678604604898,0.026993362140562825,4,28,126.4601428112065,1.480188852660192,0.0007388789916372568,-1.739546220880055,-1.8865089646342739,0.8862738207302024,0.001064386374264495,-1.8099878516133354,-0.0004885765754861805,25.0,1,-7.142857142857142,-2,3.061393225148484,3.8714422445353733
68,diesel,0.06578724916238216,0.006578724916238216,0.05014800691778405,106.59729623890547,187.53397237417752,1295.3198357775861,4,86,28,41,0.11928095478737155,0.02488210289660136,131.8381050665895,0.049917886512207216,108.44833796252156,0.12009678604604898,0.026993362140562825,4,28,126.4601428112065,0.46099789405258834,0.00023012040557683633,-1.7068419474125918,-1.8510417236160919,-0.6793114832936609,-0.0008158312586774297,-7.821401546674636,-0.0021112592439614664,0.0,0,0.0,0,4.252693485734715,5.377962255382997
69,diesel,0.06578724916238216,0.006578724916238216,0.05436531560153965,107.26109679284652,193.9922068078619,1299.3844280708734,5,94,26,44,0.13761079980444207,0.02976869306304706,129.47432517544007,0.049917886512207216,108.44833796252156,0.12009678604604898,0.026993362140562825,4,28,126.4601428112065,8.909489964573785,0.004447429089332433,-1.0947527569167024,-1.1872411696750476,14.583249339976224,0.017514013758393093,10.281531096542269,0.0027753309224842343,25.0,1,-7.142857142857142,-2,2.3835038433678486,3.0141823642335765
70,diesel,0.06578724916238216,0.006578724916238216,0.050435991159219394,109.54919221228002,190.75389069411082,1247.1732142325716,4,88,27,41,0.12078760970884952,0.025797574058568286,130.5308577513803,0.049917886512207216,108.44833796252156,0.12009678604604898,0.026993362140562825,4,28,126.4601428112065,1.0379138285141098,0.0005181046470121783,1.0150955472815983,1.1008542497584557,0.5752224397875724,0.0006908236628005437,-4.429933832501854,-0.0011957880819945393,0.0,0,-3.571428571428571,-1,3.2189706967601706,4.070714940173801
71,diesel,0.06578724916238216,0.006578724916238216,0.0501493339629182,107.67206988750895,189.4379635807222,1276.5671475992563,5,91,29,42,0.12126006593555598,0.02687315430447491,126.74272900200008,0.049917886512207216,108.44833796252156,0.12009678604604898,0.026993362140562825,4,28,126.4601428112065,0.463656350223052,0.0002314474507109851,-0.7157952713677164,-0.7762680750126094,0.9686186681639922,0.001163279889506999,-0.4453236890682801,-0.00012020783608791483,25.0,1,3.571428571428571,1,0.22345869972284926,0.28258619079358027
72,diesel,0.06578724916238216,0.006578724916238216,0.05067889898489902,105.60470645482417,187.86157420218197,1234.5689042857086,5,91,27,42,0.12580247071097295,0.024880084763197665,131.35353593738364,0.049917886512207216,108.44833796252156,0.12009678604604898,0.026993362140562825,4,28,126.4601428112065,1.5245286326489507,0.0007610124726918077,-2.622107042968349,-2.8436315076973955,4.750905376215665,0.005705684664923966,-7.828877952885854,-0.00211327737736516,25.0,1,-3.571428571428571,-1,3.8695141547345364,4.893393126177145
73,diesel,0.06578724916238216,0.006578724916238216,0.05252284018484492,108.72000464239791,192.32654090682576,1240.7597262294564,4,94,29,44,0.13444327633136438,0.02732802883726997,126.2113517721628,0.049917886512207216,108.44833796252156,0.12009678604604898,0.026993362140562825,4,28,126.4601428112065,5.218477493033828,0.0026049536726377026,0.25050331335666176,0.27166667987634696,11.945773702732138,0.0143464902853154,1.2398110874978474,0.0003346666967071442,0.0,0,3.571428571428571,1,-0.1967347446500338,-0.24879103904369515
74,diesel,0.06578724916238216,0.006578724916238216,0.05002487376162288,106.37666184551628,190.16998385024095,1271.4062041184357,5,89,23,42,0.11754497071558251,0.024603533691427874,133.2789022873373,0.049917886512207216,108.44833796252156,0.12009678604604898,0.026993362140562825,4,28,126.4601428112065,0.21432648072850854,0.00010698724941566456,-1.910288489364612,-2.071676117005282,-2.1247990179254455,-0.0025518153304664726,-8.853393055264371,-0.0023898284491349515,25.0,1,-17.857142857142858,-5,5.392022596645804,6.818759476130808
75,diesel,0.06578724916238216,0.006578724916238216,0.056983167088209344,109.37839665518324,197.42248366308655,1340.2211959523006,5,95,26,44,0.15638655664697396,0.027458157336608544,128.81550442509334,0.049917886512207216,108.44833796252156,0.12009678604604898,0.026993362140562825,4,28,126.4601428112065,14.153805518737943,0.007065280576002128,0.8576052986474458,0.9300586926616745,30.217103884037584,0.036289770600924975,1.721887009203912,0.00046479519604571834,25.0,1,-7.142857142857142,-2,1.862532780311013,2.355361613886842
76,diesel,0.06578724916238216,0.006578724916238216,0.050661280535588805,105.60756471811983,190.0072106674675,1251.7831950165264,4,96,27,41,0.1206221890264675,0.02637362006155909,130.72914203205085,0.049917886512207216,108.44833796252156,0.12009678604604898,0.026993362140562825,4,28,126.4601428112065,1.4892337703436136,0.0007433940233815897,-2.6194714439823583,-2.8407732444017313,0.4374829649621614,0.0005254029804185184,-2.295905474007069,-0.0006197420790037336,0.0,0,-3.571428571428571,-1,3.3757665664015404,4.26899922084435
77,diesel,0.06578724916238216,0.006578724916238216,0.05045852514381437,107.47739918176877,191.60237244589217,1259.3162983039028,5,93,25,41,0.1253563527711169,0.024588278705056046,128.16889506106406,0.049917886512207216,108.44833796252156,0.12009678604604898,0.026993362140562825,4,28,126.4601428112065,1.083055933217326,0.0005406386316071515,-0.8953007477978442,-0.9709387807527889,4.379440031851667,0.005259566725067916,-8.909906898528467,-0.0024050834355067788,25.0,1,-10.714285714285714,-3,1.3512180295483138,1.708752249857568
78,diesel,0.06578724916238216,0.006578724916238216,0.0542758333979772,105.35864656700669,190.06118595399602,1279.6390376205823,5,91,26,44,0.12955787407721325,0.029872452117296566,132.49678096713114,0.049917886512207216,108.44833796252156,0.12009678604604898,0.026993362140562825,4,28,126.4601428112065,8.730231166145764,0.004357946885769987,-2.848998383527681,-3.089691395514876,7.877886113901987,0.009461088031164272,10.665918390385844,0.0028790899767337404,25.0,1,-7.142857142857142,-2,4.773550006927322,6.036638155924649
79,diesel,0.06578724916238216,0.006578724916238216,0.055392346395586614,107.92768008212005,194.98320138547064,1305.96654617848,6,93,27,43,0.14353143300592072,0.029359853119488646,128.5023997469803,0.049917886512207216,108.44833796252156,0.12009678604604898,0.026993362140562825,4,28,126.4601428112065,10.966930424910199,0.005474459883379398,-0.4800976116217182,-0.5206578804015152,19.51313414073058,0.02343464695987174,8.76693672541704,0.0023664909789258212,50.0,2,-3.571428571428571,-1,1.614941190460864,2.042256935773807
80,diesel,0.06578724916238216,0.006578724916238216,0.050863153255398,107.97346578716953,191.475597191536,1312.072859885895,5,89,28,43,0.12690733260965095,0.02719402756548817,124.81048394104269,0.049917886512207216,108.44833796252156,0.12009678604604898,0.026993362140562825,4,28,126.4601428112065,1.8936433595994209,0.0009452667431907869,-0.43787870268343154,-0.47487217535203285,5.670881617923221,0.006810546563601971,0.7433880369567039,0.0002006654249253441,25.0,1,0.0,0,-1.3044891722339704,-1.6496588701638046
81,diesel,0.06578724916238216,0.006578724916238216,0.053972212463394065,110.35879839080792,194.3924295827141,1248.41244308017,5,88,27,43,0.1399600681614643,0.025069430775149334,131.57573494290207,0.049917886512207216,108.44833796252156,0.12009678604604898,0.026993362140562825,4,28,126.4601428112065,8.121990401567542,0.004054325951186849,1.7616318185960476,1.9104604282863562,16.53939524060128,0.019863282115415326,-7.127423977031771,-0.0019239313654134914,25.0,1,-3.571428571428571,-1,4.04522090357963,5.115592131695578
82,diesel,0.06578724916238216,0.006578724916238216,0.0487571752219242,104.3646091335595,183.66399105019397,1243.887746646937,4,87,27,42,0.10580452304643159,0.02815530080993791,130.2036398873489,0.049917886512207216,108.44833796252156,0.12009678604604898,0.026993362140562825,4,28,126.4601428112065,-2.325241253952463,-0.0011607112902830147,-3.7655983537279782,-4.083728828962066,-11.900620716142457,-0.014292262999617389,4.30453480868559,0.0011619386693750844,0.0,0,-3.571428571428571,-1,2.9602189218868107,3.7434970761424182
83,diesel,0.06578724916238216,0.006578724916238216,0.05627129605693898,108.92529781253697,195.24835175995202,1188.954056057003,6,93,28,43,0.15236379095683356,0.028930880739571306,125.84090491623861,0.049917886512207216,108.44833796252156,0.12009678604604898,0.026993362140562825,4,28,126.4601428112065,12.727721441447773,0.006353409544731764,0.43980374340106176,0.47695985001540464,26.867500765934203,0.032267004910784575,7.177759439225167,0.0019375185990084809,50.0,2,0.0,0,-0.4896704061866727,-0.6192378949678812
84,diesel,0.06578724916238216,0.006578724916238216,0.05387675550635432,106.59533050986718,190.05409590976825,1240.9903226339657,4,91,28,42,0.13376331871828936,0.027133668478294962,133.7473368713136,0.049917886512207216,108.44833796252156,0.12009678604604898,0.026993362140562825,4,28,126.4601428112065,7.930762439589619,0.003958868994147102,-1.7086545423082082,-1.8530074526543814,11.37959900692113,0.013666532672240383,0.5197808890997663,0.00014030633773213716,0.0,0,0.0,0,5.762443326500284,7.2871940601070975
85,diesel,0.06578724916238216,0.006578724916238216,0.0528731280827298,109.0018075127499,189.83719902958805,1290.998391269997,5,86,27,44,0.12173960171709637,0.028539236847681247,134.51540969454527,0.049917886512207216,108.44833796252156,0.12009678604604898,0.026993362140562825,4,28,126.4601428112065,5.920205715840739,0.002955241570522585,0.510353188095529,0.5534695502283427,1.36790977105539,0.0016428156710473901,5.72686980995021,0.001545874707118422,25.0,1,-3.571428571428571,-1,6.369806884817895,8.055266883338774
86,diesel,0.06578724916238216,0.006578724916238216,0.05185620494515687,107.49550836085396,191.8543480346347,1275.4471422619974,6,90,23,42,0.13157028454607592,0.025756892105563586,127.67425954731458,0.049917886512207216,108.44833796252156,0.12009678604604898,0.026993362140562825,4,28,126.4601428112065,3.883013822060853,0.0019383184329496567,-0.878602309236762,-0.9528296016676023,9.553543335978722,0.011473498500026935,-4.580644784301251,-0.0012364700349992395,50.0,2,-17.857142857142858,-5,0.9600785742592809,1.2141167361080818
87,diesel,0.06578724916238216,0.006578724916238216,0.05224641653549341,108.43138391153317,192.3122036809477,1248.914953903073,4,92,27,43,0.13224642867786854,0.027712635331491313,128.3868341896815,0.049917886512207216,108.44833796252156,0.12009678604604898,0.026993362140562825,4,28,126.4601428112065,4.66472077642302,0.0023285300232861947,-0.015633297205760656,-0.016954050988388758,10.11654269179276,0.012149642631819557,2.6646298715328927,0.0007192731909284877,0.0,0,-3.571428571428571,-1,1.5235562254198844,1.926691378475013
88,diesel,0.06578724916238216,0.006578724916238216,0.04980545722259746,105.85257305141094,187.24836048482197,1317.220439943424,4,89,24,43,0.11481506377148952,0.028360129536254927,129.51714950982026,0.049917886512207216,108.44833796252156,0.12009678604604898,0.026993362140562825,4,28,126.4601428112065,-0.22522846511593173,-0.00011242928960975701,-2.393549739791942,-2.5957649111106207,-4.397888110456409,-0.005281722274559461,5.063346272223962,0.001366767395692102,0.0,0,-14.285714285714285,-4,2.417367741848588,3.057006698613762
89,diesel,0.06578724916238216,0.006578724916238216,0.0516830372600856,105.80977561989745,189.1827620047614,1252.3670146202146,4,96,25,42,0.12639122929400337,0.026809267766187847,130.81649148018502,0.049917886512207216,108.44833796252156,0.12009678604604898,0.026993362140562825,4,28,126.4601428112065,3.5361087401942064,0.0017651507478783843,-2.4330131675563047,-2.6385623426241125,5.241142128100662,0.00629444324795439,-0.6819986832923648,-0.00018409437437497816,0.0,0,-10.714285714285714,-3,3.4448392767373033,4.3563486689785265
90,diesel,0.06578724916238216,0.006578724916238216,0.052023649513479056,110.01604868051203,195.7462150709545,1320.9708785974583,5,89,27,43,0.13562524495310424,0.023819646755765804,128.95892220933,0.049917886512207216,108.44833796252156,0.12009678604604898,0.026993362140562825,4,28,126.4601428112065,4.2184538417043855,0.0021057630012718404,1.445582982131314,1.5677107179904652,12.929953763376439,0.01552845890705526,-11.757391940546343,-0.003173715384797021,25.0,1,-3.571428571428571,-1,1.9759422554614443,2.498779398123517
91,diesel,0.06578724916238216,0.006578724916238216,0.05256240552713177,109.94644857989697,192.39287057143838,1285.2916790031115,4,86,28,42,0.13101507784618666,0.026888570995042004,128.92836936955428,0.049917886512207216,108.44833796252156,0.12009678604604898,0.026993362140562825,4,28,126.4601428112065,5.2977383453080416,0.0026445190149245526,1.3814048656911015,1.4981106173754029,9.091243953815093,0.010918291800137675,-0.3882107941024202,-0.000104791145520821,0.0,0,0.0,0,1.9517822006832761,2.46822655834778
92,diesel,0.06578724916238216,0.006578724916238216,0.051556960079618255,107.48617426299262,191.02960394911847,1248.1356940400117,6,88,28,44,0.1256418482494046,0.02677810492440371,129.08413723042148,0.049917886512207216,108.44833796252156,0.12009678604604898,0.026993362140562825,4,28,126.4601428112065,3.2835395925871396,0.0016390735674110396,-0.8872092625905026,-0.9621636995289435,4.617161196328328,0.005545062203355627,-0.797444997915427,-0.00021525721615911486,50.0,2,0.0,0,2.074957659293779,2.6239944192149807
93,diesel,0.06578724916238216,0.006578724916238216,0.05200056729791741,108.6051771377928,190.69353798537574,1242.866851742385,5,89,25,43,0.12821474142781614,0.024536577255050273,133.73546192695608,0.049917886512207216,108.44833796252156,0.12009678604604898,0.026993362140562825,4,28,126.4601428112065,4.172213471419475,0.0020826807857101948,0.1446210962914267,0.15683917527123015,6.7595109320031845,0.008117955381767156,-9.101440838378377,-0.0024567848855125522,25.0,1,-10.714285714285714,-3,5.753053060054639,7.275319115749582
94,diesel,0.06578724916238216,0.006578724916238216,0.05181916643789236,107.32268901494615,188.448297227573,1290.2056825798336,5,87,28,43,0.1246727092750278,0.0262765577331872,132.37815708514208,0.049917886512207216,108.44833796252156,0.12009678604604898,0.026993362140562825,4,28,126.4601428112065,3.808814952973209,0.0019012799256851454,-1.0379586895692439,-1.1256489475754137,3.8101962422410383,0.004575923228978818,-2.6554839802578165,-0.0007168044073756243,25.0,1,0.0,0,4.679746631925476,5.918014273935583
95,diesel,0.06578724916238216,0.006578724916238216,0.05193894610152063,109.03031229347891,190.25734307905734,1270.3107783554524,5,89,25,43,0.12126552310421623,0.028797428481066253,132.01184482338758,0.049917886512207216,108.44833796252156,0.12009678604604898,0.026993362140562825,4,28,126.4601428112065,4.0487683484339305,0.002021059589313416,0.5366373905688387,0.5819743309573511,0.9731626437689352,0.0011687370581672518,6.6833702712136915,0.0018040663405034275,25.0,1,-10.714285714285714,-3,4.3900804544157985,5.551702012181082
96,diesel,0.06578724916238216,0.006578724916238216,0.053230034438268695,109.53372913750322,191.6578544786364,1235.0189132501655,4,92,29,42,0.13543621445254098,0.028328667387969922,127.00204534753252,0.049917886512207216,108.44833796252156,0.12009678604604898,0.026993362140562825,4,28,126.4601428112065,6.635192628300693,0.003312147926061479,1.0008370763199248,1.0853911749816518,12.772555296034618,0.015339428406491995,4.946791142406594,0.0013353052474070967,0.0,0,3.571428571428571,1,0.42851646714888786,0.5419025363260204
97,diesel,0.06578724916238216,0.006578724916238216,0.054478873029202915,107.92950597387745,194.33073073256617,1269.6681630479195,5,94,23,44,0.13851103498509929,0.027062320849374554,131.91243164279015,0.049917886512207216,108.44833796252156,0.12009678604604898,0.026993362140562825,4,28,126.4601428112065,9.136978417306047,0.004560986516995699,-0.47841396040888273,-0.5188319886441093,15.332840740625386,0.018414248939050304,0.25546543054784926,6.895870881172897e-05,25.0,1,-17.857142857142858,-5,4.311468190988389,5.452288831583658
98,diesel,0.06578724916238216,0.006578724916238216,0.05266034829370818,110.0113672048905,192.44437226348376,1289.9748205789115,5,86,27,44,0.13500683680520056,0.026644402855902236,128.60367705294834,0.049917886512207216,108.44833796252156,0.12009678604604898,0.026993362140562825,4,28,126.4601428112065,5.493946104529695,0.0027424617815009628,1.4412662026310676,1.5630292423689411,12.415028952926841,0.014910050759151583,-1.2927596156545829,-0.0003489592846605896,25.0,1,-3.571428571428571,-1,1.6950275352305657,2.143534241741847
99,diesel,0.06578724916238216,0.006578724916238216,0.0539564899697986,108.99424366042807,191.0512079994564,1288.4507392885948,4,84,30,44,0.1314987957354066,0.02854971711614932,132.95344906947875,0.049917886512207216,108.44833796252156,0.12009678604604898,0.026993362140562825,4,28,126.4601428112065,8.090493688276965,0.004038603457591383,0.5033785746860997,0.5459056979065053,9.494017337804292,0.011402009689357617,5.765695164174335,0.0015563549755864964,0.0,0,7.142857142857142,2,5.13466623864736,6.493306258272256
100,diesel,0.06578724916238216,0.006578724916238216,0.051093625415182614,108.18621126868591,188.92272344883725,1264.5476812746851,4,84,30,42,0.12367880210587687,0.026225953563147667,131.53030653948227,0.049917886512207216,108.44833796252156,0.12009678604604898,0.026993362140562825,4,28,126.4601428112065,2.355345919318672,0.0011757389029753984,-0.24170651091604736,-0.2621266938356541,2.9826077597567227,0.003582016059827886,-2.842952920866334,-0.000767408577415158,0.0,0,7.142857142857142,2,4.00929780369224,5.070163728275773
101,diesel,0.06578724916238216,0.006578724916238216,0.05187806811894359,107.03888987778329,190.12394673214246,1256.024180933694,6,91,27,43,0.12604979331849533,0.028436888387739244,128.83282611118358,0.049917886512207216,108.44833796252156,0.12009678604604898,0.026993362140562825,4,28,126.4601428112065,3.926812098218582,0.0019601816067363748,-1.2996493180239985,-1.4094480847382727,4.956841451330578,0.005953007272446353,5.3477082241905585,0.0014435262471764188,50.0,2,-3.571428571428571,-1,1.876230128507196,2.3726832999770835
102,diesel,0.06578724916238216,0.006578724916238216,0.054968258407294204,111.62003397020891,195.7384448049083,1262.6104955116343,3,90,27,43,0.14370247865820812,0.028553157928730435,129.3143489757788,0.049917886512207216,108.44833796252156,0.12009678604604898,0.026993362140562825,4,28,126.4601428112065,10.117359223235423,0.005050371895086989,2.924614675776262,3.171696007687345,19.655557312839292,0.02360569261215914,5.778442048253451,0.0015597957881676103,-25.0,-1,-3.571428571428571,-1,2.2570005862110945,2.854206164572318
103,diesel,0.06578724916238216,0.006578724916238216,0.05290716525740596,104.3359097097775,190.82763276856986,1277.0163526653814,5,93,26,44,0.1328510842180722,0.028043598256671697,128.81708136525384,0.049917886512207216,108.44833796252156,0.12009678604604898,0.026993362140562825,4,28,126.4601428112065,5.988392045540079,0.002989278745198741,-3.792062036179174,-4.112428252744067,10.620016231852214,0.012754298172023226,3.8907199134363712,0.001050236116108872,25.0,1,-7.142857142857142,-2,1.8637797662193387,2.356938554047346
104,diesel,0.06578724916238216,0.006578724916238216,0.05148064642849197,111.26468543352766,192.88550200105482,1304.2612720160314,5,89,29,44,0.12420159493391995,0.02701245153933995,130.28020231033912,0.049917886512207216,108.44833796252156,0.12009678604604898,0.026993362140562825,4,28,126.4601428112065,3.1306612228115602,0.0015627599162847533,2.596948486180943,2.8163474710060967,3.417917350675027,0.004104808887870973,0.0707188629475698,1.9089398777125816e-05,25.0,1,3.571428571428571,1,3.02076165202156,3.8200594991326255
105,diesel,0.06578724916238216,0.006578724916238216,0.052104299227316894,105.80464994050965,186.37451327336493,1213.0335964634392,5,87,27,43,0.11923012933552685,0.02835850931655916,132.28504607469165,0.049917886512207216,108.44833796252156,0.12009678604604898,0.026993362140562825,4,28,126.4601428112065,4.3800186023,0.0021864127151096785,-2.437739546479303,-2.643688022011915,-0.7216318929549292,-0.0008666567105221346,5.057343982893241,0.0013651471759963361,25.0,1,-3.571428571428571,-1,4.606117891374839,5.8249032634851545
106,diesel,0.06578724916238216,0.006578724916238216,0.05264583568140521,112.7578131973479,194.31476143914514,1304.980339562067,4,86,28,41,0.13811246369525582,0.023904780977631573,130.9400033925378,0.049917886512207216,108.44833796252156,0.12009678604604898,0.026993362140562825,4,28,126.4601428112065,5.464873134263983,0.0027279491691979962,3.9737586723695477,4.309475234826337,15.000965673052269,0.018015677649206835,-11.442002470266765,-0.003088581162931252,0.0,0,0.0,0,3.5425079252198217,4.479860581331295
107,diesel,0.06578724916238216,0.006578724916238216,0.049277306436046164,107.28626412785634,188.68313836642852,1252.3125917108282,4,87,28,42,0.12102290837673038,0.025182563646118865,128.25630619887016,0.049917886512207216,108.44833796252156,0.12009678604604898,0.026993362140562825,4,28,126.4601428112065,-1.283267623929551,-0.0006405800761610514,-1.0715460066034581,-1.1620738346652217,0.7711466402825261,0.0009261223306814004,-6.708310306121075,-0.0018107984944439603,0.0,0,0.0,0,1.4203395217931842,1.7961633876636682
108,diesel,0.06578724916238216,0.006578724916238216,0.05248485121727382,110.34715396314692,192.3802581135,1296.5421914288559,4,87,31,44,0.12471010656673728,0.028449060879964162,133.05250159680324,0.049917886512207216,108.44833796252156,0.12009678604604898,0.026993362140562825,4,28,126.4601428112065,5.142374576373274,0.0025669647050666072,1.7508945146596597,1.8988160006253594,3.841335536589136,0.004613320520688302,5.392802615032027,0.001455698739401337,0.0,0,10.714285714285714,3,5.212993310816149,6.592358785596744
109,diesel,0.06578724916238216,0.006578724916238216,0.05041899114632807,107.60952557490933,190.11148455238228,1303.4033533499412,3,89,25,42,0.123611774713586,0.026056719508135248,128.2520058582761,0.049917886512207216,108.44833796252156,0.12009678604604898,0.026993362140562825,4,28,126.4601428112065,1.0038578736668111,0.0005011046341208553,-0.7734672595002055,-0.8388123876122364,2.9267966140153514,0.0035149886675370223,-3.4698998500082645,-0.000936642632427577,-25.0,-1,-10.714285714285714,-3,1.4169389716289507,1.7918630470696115
110,diesel,0.06578724916238216,0.006578724916238216,0.05394034053967908,107.86462735231572,193.78060102614654,1307.9947608403916,5,95,27,43,0.13580471899040986,0.02816778266604549,130.92954110498948,0.049917886512207216,108.44833796252156,0.12009678604604898,0.026993362140562825,4,28,126.4601428112065,8.058141697341677,0.004022454027471867,-0.5382384102627416,-0.5837106102058414,13.079394929301394,0.015707932944360875,4.350775273443489,0.0011744205254826633,25.0,1,-3.571428571428571,-1,3.5342347354892625,4.469398293782987
111,diesel,0.06578724916238216,0.006578724916238216,0.05321197244254122,108.87381368253749,192.30257509336568,1196.4779018474576,5,88,32,43,0.1312701891250864,0.029072131461555916,128.80372974121966,0.049917886512207216,108.44833796252156,0.12009678604604898,0.026993362140562825,4,28,126.4601428112065,6.599009213918644,0.0032940859303340064,0.39233032797880585,0.4254757200159247,9.30366535766675,0.011173403079037414,7.701038907892589,0.002078769320993091,25.0,1,14.285714285714285,4,1.8532217961448314,2.34358693001316
112,diesel,0.06578724916238216,0.006578724916238216,0.05259608874717459,106.63140597064564,191.22485024243366,1246.4070109654463,5,94,26,42,0.1297562363492913,0.02545615910123182,133.14294227307258,0.049917886512207216,108.44833796252156,0.12009678604604898,0.026993362140562825,4,28,126.4601428112065,5.365215601250331,0.0026782022349673765,-1.6753894305912078,-1.8169319918759186,8.043054790440904,0.009659450303242306,-5.694744623979446,-0.0015372030393310046,25.0,1,-7.142857142857142,-2,5.284510449939073,6.682799461866082
113,diesel,0.06578724916238216,0.006578724916238216,0.05441358314112171,107.99876260155477,194.23826552693362,1310.7245348555807,6,93,27,44,0.12829855726904016,0.029526870968153512,135.75641660567462,0.049917886512207216,108.44833796252156,0.12009678604604898,0.026993362140562825,4,28,126.4601428112065,9.006183841167019,0.004495696628914497,-0.41455255969174737,-0.44957536096679007,6.829301177007646,0.008201771222991178,9.385673464453665,0.0025335088275906872,50.0,2,-3.571428571428571,-1,7.351149214141419,9.29627379446812
114,diesel,0.06578724916238216,0.006578724916238216,0.05208379948135358,112.34217215805137,193.26903180481455,1233.2279490871167,6,87,29,43,0.1285636375598569,0.025778866698872794,131.13708956369751,0.049917886512207216,108.44833796252156,0.12009678604604898,0.026993362140562825,4,28,126.4601428112065,4.338951667388204,0.0021659129691463663,3.59049688421732,3.8938341955298057,7.0500233957646845,0.00846685151380791,-4.499237387939213,-0.0012144954416900312,50.0,2,3.571428571428571,1,3.6983563742081773,4.67694675249102
115,diesel,0.06578724916238216,0.006578724916238216,0.056045426605958765,110.79607806156477,199.02761613289047,1235.8763950313548,7,92,27,44,0.15432638540612342,0.0289963990505447,123.59094776237961,0.049917886512207216,108.44833796252156,0.12009678604604898,0.026993362140562825,4,28,126.4601428112065,12.275239441984557,0.006127540093751549,2.1648465464307605,2.3477400990432074,28.501678093991384,0.03422959936007444,7.420479522155997,0.0020030369099818743,75.0,3,-3.571428571428571,-1,-2.268853241064522,-2.8691950488268816
116,diesel,0.06578724916238216,0.006578724916238216,0.05248385644819487,106.10175803326788,188.89277591011663,1233.2970793122543,5,91,27,44,0.1223528668809028,0.02977586044680238,131.45427041153525,0.049917886512207216,108.44833796252156,0.12009678604604898,0.026993362140562825,4,28,126.4601428112065,5.140381765482317,0.0025659699359876567,-2.1637767561404475,-2.3465799292536786,1.8785522153679988,0.0022560808348538186,10.308083490119618,0.002782498306239556,25.0,1,-3.571428571428571,-1,3.949171248196779,4.994127600328753
117,diesel,0.06578724916238216,0.006578724916238216,0.05201580105550027,106.65578752845154,187.9954460997154,1287.397618835099,4,89,26,43,0.12440773670241242,0.02666537591035309,133.60800118674572,0.049917886512207216,108.44833796252156,0.12009678604604898,0.026993362140562825,4,28,126.4601428112065,4.2027311047714715,0.0020979145432930557,-1.6529072438984789,-1.792550434070023,3.5895637163100154,0.004310950656363444,-1.2150625346402175,-0.00032798623020973555,0.0,0,-7.142857142857142,-2,5.652261824668609,7.147858375539229
118,diesel,0.06578724916238216,0.006578724916238216,0.05215173579746844,109.22533150711838,191.77234719673018,1288.8427060559288,4,90,28,43,0.13048209835540456,0.025648785754365626,131.53693942115098,0.049917886512207216,108.44833796252156,0.12009678604604898,0.026993362140562825,4,28,126.4601428112065,4.47504780619057,0.0022338492852612274,0.7164642254502229,0.7769935445968201,8.647452318477127,0.010385312309355577,-4.981137137328696,-0.0013445763861971993,0.0,0,0.0,0,4.014542840999062,5.076796609944481
119,diesel,0.06578724916238216,0.006578724916238216,0.05259702832042248,112.91275568498094,193.99657882004547,1222.0227896636188,5,86,31,42,0.13403519083726853,0.026000288470295577,130.100559550226,0.049917886512207216,108.44833796252156,0.12009678604604898,0.026993362140562825,4,28,126.4601428112065,5.367097838888047,0.0026791418082152615,4.116630836705144,4.464417722459373,11.605976521199423,0.01393840479121955,-3.6789550893882925,-0.0009930736702672485,25.0,1,10.714285714285714,3,2.878706806819214,3.6404167390195
120,diesel,0.06578724916238216,0.006578724916238216,0.05366852008967503,110.53278359271279,196.6038461686865,1287.5648308464747,5,89,27,43,0.13973060594964054,0.026109761791286434,130.7490852457827,0.049917886512207216,108.44833796252156,0.12009678604604898,0.026993362140562825,4,28,126.4601428112065,7.513606523686876,0.003750633577467813,1.9220632324596667,2.084445630191226,16.34833083381875,0.01963381990359156,-3.2733986402850053,-0.0008836003492763908,25.0,1,-3.571428571428571,-1,3.3915369216206055,4.288942434576214
121,diesel,0.06578724916238216,0.006578724916238216,0.05214126775372385,107.22263706485552,190.85569086748285,1316.9872671709736,3,92,28,43,0.12538062979542428,0.028788052890129135,128.72998935544956,0.049917886512207216,108.44833796252156,0.12009678604604898,0.026993362140562825,4,28,126.4601428112065,4.454077279439541,0.0022233812415166365,-1.1302163967599317,-1.2257008976660444,4.3996545813884635,0.005283843749375294,6.648637321356256,0.0017946907495663099,-25.0,-1,0.0,0,1.7949106285857517,2.269846544243066
122,diesel,0.06578724916238216,0.006578724916238216,0.05293714359588861,105.84095641286291,188.63558845799815,1219.3495455263323,4,94,24,44,0.12644858523902786,0.03069484377264808,129.67633303395792,0.049917886512207216,108.44833796252156,0.12009678604604898,0.026993362140562825,4,28,126.4601428112065,6.048447349514778,0.0030192570836813926,-2.404261419441702,-2.6073815496586548,5.2889002296392755,0.006351799192978874,13.712562417421328,0.003701481632085255,0.0,0,-14.285714285714285,-4,2.5432441805422457,3.216190222751422
123,diesel,0.06578724916238216,0.006578724916238216,0.05293936093889443,106.85003668971682,190.34852676254565,1278.9173084958593,5,94,27,44,0.12204375984197487,0.030004540183740724,132.13504321613178,0.049917886512207216,108.44833796252156,0.12009678604604898,0.026993362140562825,4,28,126.4601428112065,6.0528893304573845,0.0030214744266872165,-1.4737904728029125,-1.598301272804747,1.6211706074959846,0.0019469737959258854,11.155253752747653,0.0030111780431778985,25.0,1,-3.571428571428571,-1,4.487501183196821,5.674900404925282
124,diesel,0.06578724916238216,0.006578724916238216,0.05468272642011564,112.82948489084902,199.6454873043955,1291.1932052300033,5,90,28,42,0.146411167758446,0.026731523180634792,126.66063056745038,0.049917886512207216,108.44833796252156,0.12009678604604898,0.026993362140562825,4,28,126.4601428112065,9.545355865062916,0.004764839907908422,4.039847000552028,4.381146928327453,21.91097911838144,0.026314381712397028,-0.9700123999543162,-0.00026183895992803324,25.0,1,0.0,0,0.1585382965628924,0.20048775624388782
125,diesel,0.06578724916238216,0.006578724916238216,0.049346573136457704,106.77901111787432,188.3596429509756,1258.740538580898,4,90,25,42,0.11564157114369293,0.024329288797618483,131.79376927462118,0.049917886512207216,108.44833796252156,0.12009678604604898,0.026993362140562825,4,28,126.4601428112065,-1.1445063396460093,-0.0005713133757495117,-1.5392830134696427,-1.6693268446472445,-3.7096870357944276,-0.00445521490235605,-9.869364657398677,-0.0026640733429443425,0.0,0,-10.714285714285714,-3,4.217634382540045,5.333626463414689
126,diesel,0.06578724916238216,0.006578724916238216,0.05194719726066709,106.63701361394072,189.92782852722746,1294.6717959710718,4,90,25,43,0.13092878394963897,0.02563878877576754,129.51002454486513,0.049917886512207216,108.44833796252156,0.12009678604604898,0.026993362140562825,4,28,126.4601428112065,4.065297812565877,0.002029310748459877,-1.6702186336934104,-1.8113243485808397,9.019390326929026,0.01083199790358999,-5.0181720889068995,-0.0013545733647952855,0.0,0,-10.714285714285714,-3,2.411733583293381,3.049881733658637
127,diesel,0.06578724916238216,0.006578724916238216,0.05427342172791736,107.93269866528077,191.1646421173103,1300.9040741724484,4,88,26,44,0.12869850399198393,0.030483886739826237,131.6695961332835,0.049917886512207216,108.44833796252156,0.12009678604604898,0.026993362140562825,4,28,126.4601428112065,8.725399891770289,0.004355535215710145,-0.47546998591992656,-0.5156392972407957,7.162321515112631,0.00860171794593495,12.931047940924016,0.0034905245992634115,0.0,0,-7.142857142857142,-2,4.119442858651718,5.20945332207701
128,diesel,0.06578724916238216,0.006578724916238216,0.05390474093545041,107.81676759202074,194.91401524054928,1286.1642037602687,6,90,27,42,0.13908043360580227,0.027109991470546352,129.2599375896681,0.049917886512207216,108.44833796252156,0.12009678604604898,0.026993362140562825,4,28,126.4601428112065,7.9868253682339425,0.0039868544232431954,-0.5823698014801183,-0.6315703705008247,15.806957192405092,0.01898364755975329,0.4320667035703129,0.00011662932998352665,50.0,2,-3.571428571428571,-1,2.2139740761177666,2.7997947784616173
129,diesel,0.06578724916238216,0.006578724916238216,0.049970240882297484,106.4215023010417,187.720845099794,1218.0504774240667,5,91,27,43,0.1189587161640926,0.025658258641755687,131.8804988364383,0.049917886512207216,108.44833796252156,0.12009678604604898,0.026993362140562825,4,28,126.4601428112065,0.10488098304695932,5.235437009026844e-05,-1.868941193160853,-2.026835661479865,-0.9476272591674533,-0.0011380698819563745,-4.946043741623736,-0.0013351034988071386,25.0,1,-3.571428571428571,-1,4.286216909721437,5.420356025231811
130,diesel,0.06578724916238216,0.006578724916238216,0.053375040367294437,104.63002171957339,190.77110704987282,1235.6231222601587,5,97,27,44,0.13004477895278957,0.029834291564613064,129.6642830248144,0.049917886512207216,108.44833796252156,0.12009678604604898,0.026993362140562825,4,28,126.4601428112065,6.92568154751862,0.003457153855087221,-3.520861928070982,-3.818316242948171,8.28331317952689,0.009947992906740588,10.5245482547029,0.0028409294240502383,25.0,1,-3.571428571428571,-1,2.5337154793438788,3.2041402136079142
131,diesel,0.06578724916238216,0.006578724916238216,0.048819353638315445,106.56584122111843,186.8956605580756,1258.8506503086523,4,87,27,44,0.11473190280506959,0.025532723913977966,128.43223279039805,0.049917886512207216,108.44833796252156,0.12009678604604898,0.026993362140562825,4,28,126.4601428112065,-2.2006798577562554,-0.0010985328738917707,-1.735846557698006,-1.8824967414031306,-4.467133066260675,-0.00536488324097939,-5.4111015107301625,-0.0014606382265848587,0.0,0,-3.571428571428571,-1,1.5594557584326807,1.9720899791915514
132,diesel,0.06578724916238216,0.006578724916238216,0.05377756615849794,108.7799272760743,193.4254854706549,1255.5270074101625,4,91,26,42,0.13763914209870898,0.027240421777992355,130.09120439080084,0.049917886512207216,108.44833796252156,0.12009678604604898,0.026993362140562825,4,28,126.4601428112065,7.73205741662732,0.003859679646290727,0.3057578564895422,0.33158931355274035,14.606848884310436,0.017542356052659996,0.9152607079585486,0.00024705963742953016,0.0,0,-7.142857142857142,-2,2.8713090930279828,3.631061579594345
133,diesel,0.06578724916238216,0.006578724916238216,0.05526867162108355,109.38361963514774,194.32088843139366,1240.518482633228,7,87,28,43,0.1397069285158528,0.027882409021183597,132.87428911579627,0.049917886512207216,108.44833796252156,0.12009678604604898,0.026993362140562825,4,28,126.4601428112065,10.719173993009145,0.005350785108876335,0.862421398241619,0.935281672626175,16.328615540373136,0.019610142469803832,3.293575939118767,0.0008890468806207717,75.0,3,0.0,0,5.072069477389027,6.414146304589778
134,diesel,0.06578724916238216,0.006578724916238216,0.05728184763301927,110.72415050600107,196.33876491074662,1246.6317519203933,6,90,26,44,0.15296200696571455,0.028787399775381025,129.01710790273663,0.049917886512207216,108.44833796252156,0.12009678604604898,0.026993362140562825,4,28,126.4601428112065,14.75214925017154,0.007363961120812057,2.0985222883415666,2.2758125434795033,27.365612354575404,0.032865220919665566,6.646217783009351,0.0017940376348181998,50.0,2,-7.142857142857142,-2,2.0219533480580103,2.556965091530131
135,diesel,0.06578724916238216,0.006578724916238216,0.052322679808233845,103.37292810030497,189.85165254907807,1296.7011872987714,5,98,25,44,0.12762096825769256,0.028027421702752006,129.84747857432455,0.049917886512207216,108.44833796252156,0.12009678604604898,0.026993362140562825,4,28,126.4601428112065,4.817498223684905,0.002404793296026629,-4.680025491926478,-5.075409862216588,6.265098725255284,0.007524182211643582,3.83079201769869,0.001034059562189181,25.0,1,-10.714285714285714,-3,2.678579738894526,3.3873357631180596
136,diesel,0.06578724916238216,0.006578724916238216,0.051723076094847345,108.94795838982598,193.60879751594072,1271.1834221631293,5,91,24,43,0.13493146002209067,0.024462286217645998,128.4536802015781,0.049917886512207216,108.44833796252156,0.12009678604604898,0.026993362140562825,4,28,126.4601428112065,3.6163181351812193,0.0018051895826401293,0.4606990173303386,0.49962042730442136,12.352265588817332,0.014834673976041685,-9.37666049059294,-0.002531075922916827,25.0,1,-14.285714285714285,-4,1.5764155773157478,1.9935373903715998
137,diesel,0.06578724916238216,0.006578724916238216,0.05104935959674838,106.86468699562765,189.0562712325008,1264.2684715195453,4,93,25,43,0.12021177102194508,0.027871887721353437,131.10321001918138,0.049917886512207216,108.44833796252156,0.12009678604604898,0.026993362140562825,4,28,126.4601428112065,2.266668650453519,0.0011314730845411666,-1.4602814544204483,-1.583650966893913,0.09574359121651235,0.00011498497589609857,3.2545985795169043,0.0008785255807906116,0.0,0,-10.714285714285714,-3,3.671565684459615,4.64306720797488
138,diesel,0.06578724916238216,0.006578724916238216,0.05355193626001048,107.49308020141187,193.2907333768222,1310.0385042315006,5,91,28,44,0.13969338596768707,0.024669739420852287,132.37179346630145,0.049917886512207216,108.44833796252156,0.12009678604604898,0.026993362140562825,4,28,126.4601428112065,7.28005531026353,0.003634049747803264,-0.8808413103018856,-0.9552577611096922,16.31733917852233,0.01959659992163809,-8.608126351992437,-0.0023236227197105386,25.0,1,0.0,0,4.674714517696312,5.9116506550949595
139,diesel,0.06578724916238216,0.006578724916238216,0.05142892756757508,110.47667530548489,192.71297206917635,1205.3390510509475,5,86,27,43,0.12362101373649477,0.0268588289683454,131.19658056139735,0.049917886512207216,108.44833796252156,0.12009678604604898,0.026993362140562825,4,28,126.4601428112065,3.0270533488999956,0.0015110410553678677,1.8703258907151668,2.028337342963326,2.9344895949958945,0.0035242276904457887,-0.4983935365919499,-0.00013453317221742353,25.0,1,-3.571428571428571,-1,3.7453996531238545,4.736437750190859
140,diesel,0.06578724916238216,0.006578724916238216,0.05455545060613286,111.19294877558528,198.94680610882017,1246.2060415137134,7,90,29,43,0.14921221623159137,0.024801229621530297,127.49605788333938,0.049917886512207216,108.44833796252156,0.12009678604604898,0.026993362140562825,4,28,126.4601428112065,9.290385506989653,0.004637564093925642,2.5308002544144292,2.7446108130637157,24.243305040968032,0.029115430185542385,-8.121005851799465,-0.002192132519032528,75.0,3,3.571428571428571,1,0.819163294540484,1.0359150721328803
141,diesel,0.06578724916238216,0.006578724916238216,0.051383449764248,106.80757510437739,189.36752576431277,1278.3037919063518,4,92,25,41,0.12595983471728733,0.02654310404464153,129.00911584779413,0.049917886512207216,108.44833796252156,0.12009678604604898,0.026993362140562825,4,28,126.4601428112065,2.935948122888555,0.0014655632520407871,-1.5129442174680439,-1.6407628581441713,4.881936365049994,0.005863048671238352,-1.668032657720294,-0.00045025809592129373,0.0,0,-10.714285714285714,-3,2.015633526836218,2.5489730365876397
142,diesel,0.06578724916238216,0.006578724916238216,0.052134621358879564,108.90059747044381,191.79576614107148,1282.0360439179708,4,86,29,43,0.1273894231351164,0.027768941814373588,128.84000200589148,0.049917886512207216,108.44833796252156,0.12009678604604898,0.026993362140562825,4,28,126.4601428112065,4.440762623494195,0.0022167348466723483,0.41702760634150543,0.4522595079222498,6.072299958361232,0.007292637089067411,2.8732236828153463,0.0007755796738107626,0.0,0,3.571428571428571,1,1.8819045604257272,2.3798591946849825
143,diesel,0.06578724916238216,0.006578724916238216,0.05425308097597926,108.247735518637,191.41012533465417,1257.9743182423729,4,92,27,43,0.13805289087041064,0.028618818615135745,128.75220351136878,0.049917886512207216,108.44833796252156,0.12009678604604898,0.026993362140562825,4,28,126.4601428112065,8.684651467990111,0.004335194463772042,-0.184975120553612,-0.20060244388456283,14.95136166048333,0.017956104824361663,6.021689577269638,0.00162545647457292,0.0,0,-3.571428571428571,-1,1.812476760827417,2.2920607001622813
144,diesel,0.06578724916238216,0.006578724916238216,0.0580096835058762,115.67919164164537,200.80454790602164,1222.8390385682144,8,83,32,44,0.16363715424164935,0.026943923614319694,129.28828686649254,0.049917886512207216,108.44833796252156,0.12009678604604898,0.026993362140562825,4,28,126.4601428112065,16.210215534045435,0.008091796993668986,6.667556013281371,7.230853679123811,36.25439916344271,0.043540368195600365,-0.18315067973263022,-4.9438526243131276e-05,100.0,4,14.285714285714285,4,2.2363916348791477,2.828144055286046
145,diesel,0.06578724916238216,0.006578724916238216,0.05345424303709088,110.35763287677116,192.7819910239615,1258.8083211237972,5,87,28,42,0.13566435347985448,0.026952585426697127,130.34457948383795,0.049917886512207216,108.44833796252156,0.12009678604604898,0.026993362140562825,4,28,126.4601428112065,7.084347459339771,0.0035363565248836618,1.7605571003858345,1.9092949142495996,12.962517937687682,0.015567567433805496,-0.15106200425631117,-4.0776713865698505e-05,25.0,1,0.0,0,3.07166873789678,3.884436672631452
146,diesel,0.06578724916238216,0.006578724916238216,0.049500239543295396,108.41347947802738,188.96662844444646,1240.0540213612776,4,88,27,43,0.121611127363096,0.025642830356746697,126.97622245562816,0.049917886512207216,108.44833796252156,0.12009678604604898,0.026993362140562825,4,28,126.4601428112065,-0.8366679723302902,-0.0004176469689118195,-0.032142940269150454,-0.03485848449417972,1.260934090664482,0.001514341317047016,-5.003199589526825,-0.0013505317838161286,0.0,0,-3.571428571428571,-1,0.4080966800679055,0.5160796444216658
147,diesel,0.06578724916238216,0.006578724916238216,0.052389781861009406,111.31037276403855,194.362950030765,1266.620146631999,5,86,29,44,0.13081670612874308,0.026585787933364798,129.65555027350234,0.049917886512207216,108.44833796252156,0.12009678604604898,0.026993362140562825,4,28,126.4601428112065,4.951923091130267,0.0024718953488021903,2.6390766841498934,2.862034801516984,8.926067412481574,0.010719920082694095,-1.5099053058883936,-0.0004075742071980269,25.0,1,3.571428571428571,1,2.5268099428499777,3.1954074622958473
148,diesel,0.06578724916238216,0.006578724916238216,0.050924303230852654,110.36994313197447,192.27240539337572,1216.5695988014281,5,85,29,44,0.12746166056733185,0.025548892452637206,127.75650424437684,0.049917886512207216,108.44833796252156,0.12009678604604898,0.026993362140562825,4,28,126.4601428112065,2.0161444904109125,0.0010064167186454379,1.771908362594719,1.9216051694529028,6.13244930506212,0.0073648745212828715,-5.351203308442338,-0.0014444696879256196,25.0,1,3.571428571428571,1,1.0251146364002583,1.2963614331703468
149,diesel,0.06578724916238216,0.006578724916238216,0.054700150875215944,110.908583148996,195.3570487275984,1265.6379093791425,6,86,29,43,0.1437829637996827,0.025710181390306133,131.26922238133503,0.049917886512207216,108.44833796252156,0.12009678604604898,0.026993362140562825,4,28,126.4601428112065,9.580262100718638,0.004782264363008729,2.268587267169248,2.460245186474438,19.722574211562723,0.023686177753633714,-4.753689975982877,-0.001283180750256692,50.0,2,3.571428571428571,1,3.8028421154861816,4.809079570128532
150,diesel,0.06578724916238216,0.006578724916238216,0.05294403429431437,108.21451756009412,192.13234221700802,1253.0779079009103,3,93,27,43,0.13311305667375684,0.026781909926457684,130.38090652121923,0.049917886512207216,108.44833796252156,0.12009678604604898,0.026993362140562825,4,28,126.4601428112065,6.062251416367808,0.0030261477821071567,-0.21560533505662938,-0.2338204024274404,10.838150675170438,0.013016270627707854,-0.7833489322450584,-0.00021145221410514073,-25.0,-1,-3.571428571428571,-1,3.1003948144089,3.9207637100127357
151,diesel,0.06578724916238216,0.006578724916238216,0.05344696654142057,105.73786510591161,192.09731818186626,1265.343836566995,6,93,26,43,0.13885316207280954,0.026079241553783526,130.1282671937257,0.049917886512207216,108.44833796252156,0.12009678604604898,0.026993362140562825,4,28,126.4601428112065,7.069770528746902,0.003529080029213351,-2.4993217116399338,-2.710472856609954,15.617716880090995,0.018756376026760557,-3.3864643537888672,-0.0009141205867792997,50.0,2,-7.142857142857142,-2,2.900616985697519,3.6681243825191956
152,diesel,0.06578724916238216,0.006578724916238216,0.05318648596871843,107.11425383434315,190.8300302689402,1259.9199003826088,5,88,29,42,0.13303031248482183,0.02706155752128099,132.40506664325912,0.049917886512207216,108.44833796252156,0.12009678604604898,0.026993362140562825,4,28,126.4601428112065,6.547952417240046,0.0032685994565112148,-1.2301563613076867,-1.334084128178418,10.769252754036,0.012933526438772852,0.25263759424650717,6.819538071816539e-05,25.0,1,3.571428571428571,1,4.701025714424389,5.944923832052623
153,diesel,0.06578724916238216,0.006578724916238216,0.05190452726969772,108.10198479962095,189.9784925713176,1193.4397462909196,5,88,30,43,0.12621802954879205,0.026477263079717504,131.4225619499856,0.049917886512207216,108.44833796252156,0.12009678604604898,0.026993362140562825,4,28,126.4601428112065,3.9798174488110205,0.0019866407574905057,-0.31937157305288366,-0.3463531629006127,5.096925325208941,0.006121243502743068,-1.9119480491456853,-0.0005160990608453209,25.0,1,7.142857142857142,2,3.9240973704952657,4.9624191387791114
154,diesel,0.06578724916238216,0.006578724916238216,0.054862795713904025,113.77932122101583,195.6219665083045,1298.3436820603129,4,83,27,44,0.14033333529567105,0.026439183923890372,132.096517869438,0.049917886512207216,108.44833796252156,0.12009678604604898,0.026993362140562825,4,28,126.4601428112065,9.906086870259525,0.004944909201696809,4.91568922000132,5.330983258494271,16.850200505667754,0.020236549249622066,-2.0530166408566486,-0.0005541782166724532,0.0,0,-3.571428571428571,-1,4.457036765051027,5.636375058231508
155,diesel,0.06578724916238216,0.006578724916238216,0.05459831805404331,109.71545271242292,196.2995459987298,1258.6704514646976,5,94,29,42,0.15110553388006198,0.025177149365636718,128.1537867750466,0.049917886512207216,108.44833796252156,0.12009678604604898,0.026993362140562825,4,28,126.4601428112065,9.376261434248653,0.004680431541836096,1.1684040287821214,1.2671147499013529,25.819798226842845,0.031008747834013,-6.728368127943909,-0.001816212774926107,25.0,1,3.571428571428571,1,1.3392709562004521,1.6936439638401026
156,diesel,0.06578724916238216,0.006578724916238216,0.05149466734090696,107.83738158428217,190.43873503343445,1249.4305950863848,5,91,25,43,0.12083172882188595,0.02784595445551065,130.98941067687608,0.049917886512207216,108.44833796252156,0.12009678604604898,0.026993362140562825,4,28,126.4601428112065,3.1587491756369777,0.0015767808286997476,-0.5633616795958022,-0.6109563782393934,0.6119587376427923,0.0007349427758369664,3.158525827602026,0.000852592314947824,25.0,1,-10.714285714285714,-3,3.5815773768588626,4.529267865669581
157,diesel,0.06578724916238216,0.006578724916238216,0.04847915332004367,107.4756056960119,189.27321654310057,1257.862874925635,4,89,25,43,0.12058374383828237,0.024573157647114322,125.25832337611988,0.049917886512207216,108.44833796252156,0.12009678604604898,0.026993362140562825,4,28,126.4601428112065,-2.8821997337802157,-0.0014387331921635466,-0.8969545175010714,-0.9727322665096665,0.40547112730116763,0.0004869577922333862,-8.965924588592358,-0.002420204493448503,0.0,0,-10.714285714285714,-3,-0.9503543237973618,-1.2018194350866196
158,diesel,0.06578724916238216,0.006578724916238216,0.05418838826338576,108.27591719258777,191.37994011851407,1212.7482404501927,4,91,25,44,0.13187128175753718,0.029851291032665567,129.40828253976085,0.049917886512207216,108.44833796252156,0.12009678604604898,0.026993362140562825,4,28,126.4601428112065,8.555053207499505,0.004270501751178546,-0.15898885420759548,-0.17242076993379385,9.804172200722737,0.011774495711488198,10.587524730045178,0.0028579288921027415,0.0,0,-10.714285714285714,-3,2.3312797716476226,2.9481397285543522
159,diesel,0.06578724916238216,0.006578724916238216,0.05163779150811511,109.74258892260576,192.82399445694313,1271.8301582087745,4,88,30,43,0.13029337693868792,0.025493110255249682,129.69418086628505,0.049917886512207216,108.44833796252156,0.12009678604604898,0.026993362140562825,4,28,126.4601428112065,3.44546838033156,0.0017199049959078921,1.1934262750356546,1.2942509600841987,8.49031121343184,0.01019659089263894,-5.557854844094135,-0.0015002518853131433,0.0,0,7.142857142857142,2,2.5573575857072073,3.234038055078557
160,diesel,0.06578724916238216,0.006578724916238216,0.05635122026783401,110.50040001729178,195.2733356040193,1244.4217770815353,5,90,25,43,0.14488943405263918,0.029948496617169106,130.44692695355377,0.049917886512207216,108.44833796252156,0.12009678604604898,0.026993362140562825,4,28,126.4601428112065,12.887832809294823,0.006433333755626797,1.8922024009988845,2.052062054770218,20.643889668357904,0.0247926480065902,10.947633945034251,0.0029551344766062804,25.0,1,-10.714285714285714,-3,3.1526013285460084,3.9867841423472754
161,diesel,0.06578724916238216,0.006578724916238216,0.053967633932575525,103.9675635828102,191.70835439097908,1253.4382655142253,5,95,29,43,0.1358255123489025,0.028295599755915016,131.16512011091692,0.049917886512207216,108.44833796252156,0.12009678604604898,0.026993362140562825,4,28,126.4601428112065,8.112818276827404,0.004049747420368309,-4.1317132783167825,-4.480774379711363,13.096708763565596,0.01572872630285352,4.824288314182704,0.0013022376153521906,25.0,1,3.571428571428571,1,3.720521893395712,4.704977299710421
162,diesel,0.06578724916238216,0.006578724916238216,0.05189373327083695,110.68897668610064,190.83477125718727,1288.4101873523098,4,85,28,42,0.12399440180682376,0.028492344585130544,130.89516529020722,0.049917886512207216,108.44833796252156,0.12009678604604898,0.026993362140562825,4,28,126.4601428112065,3.9581939394540404,0.001975846758629732,2.0660885779120184,2.2406387235790817,3.2453955589455257,0.0038976157607747836,5.553152055538882,0.0014989824445677188,0.0,0,0.0,0,3.507051613583742,4.435022479000722
163,diesel,0.06578724916238216,0.006578724916238216,0.05458945108151461,111.35809803818157,194.48497028956285,1273.5556075010868,5,87,30,43,0.14182845083949785,0.026473612410334402,131.4067969969932,0.049917886512207216,108.44833796252156,0.12009678604604898,0.026993362140562825,4,28,126.4601428112065,9.358498317361622,0.004671564569307396,2.6830840659499833,2.909760075660003,18.095126030363755,0.021731664793448874,-1.9254723717702316,-0.0005197497302284228,25.0,1,7.142857142857142,2,3.911631029210211,4.946654185786699
164,diesel,0.06578724916238216,0.006578724916238216,0.050741099959186416,107.15621614312971,188.76127222166457,1287.5664352001247,5,87,28,43,0.12387201109883968,0.02703012796575659,127.52642477137078,0.049917886512207216,108.44833796252156,0.12009678604604898,0.026993362140562825,4,28,126.4601428112065,1.6491352188516364,0.0008232134469791999,-1.1914629985739327,-1.292121819391852,3.1434854978909694,0.0037752250527906955,0.13620320804171795,3.676582519376512e-05,25.0,1,0.0,0,0.8431763055622604,1.0662819601642894
165,diesel,0.06578724916238216,0.006578724916238216,0.052730486488522015,106.28369432566186,190.9764470754458,1249.088539227661,5,93,27,43,0.13208388114448108,0.02670612170425254,129.31300763300405,0.049917886512207216,108.44833796252156,0.12009678604604898,0.026993362140562825,4,28,126.4601428112065,5.634453244784289,0.002812599976314799,-1.9960136573119107,-2.164643636859708,9.981195578236257,0.011987095098432099,-1.0641150769383003,-0.00028724043631028415,25.0,1,-3.571428571428571,-1,2.25593990199475,2.852864821797553
166,diesel,0.06578724916238216,0.006578724916238216,0.053409908886244445,109.92668461207175,194.75195365178942,1272.5568785907608,4,89,27,42,0.13743333583821724,0.02818276146801315,126.48548750099664,0.049917886512207216,108.44833796252156,0.12009678604604898,0.026993362140562825,4,28,126.4601428112065,6.995533300840511,0.003492022374037229,1.3631805496743423,1.4783466495501898,14.435481883354365,0.017336549792168254,4.406265959967316,0.0011893993274503245,0.0,0,-3.571428571428571,-1,0.020041642549765898,0.02534468979014548
167,diesel,0.06578724916238216,0.006578724916238216,0.05332779634041142,107.67566216410154,191.0589278460889,1247.1708502778756,5,92,27,43,0.13187943596243756,0.028085928344696313,130.47372750031826,0.049917886512207216,108.44833796252156,0.12009678604604898,0.026993362140562825,4,28,126.4601428112065,6.831038063621389,0.0034099098282042023,-0.7124828401584653,-0.7726757984200248,9.810961895242338,0.011782649916388582,4.047536570080288,0.0010925662041334876,25.0,1,-3.571428571428571,-1,3.1737942089023927,4.013584689111767
168,diesel,0.06578724916238216,0.006578724916238216,0.052073894437054936,106.43233044392177,189.87025911934393,1261.5489569963183,5,91,25,43,0.12762962998371855,0.027175179392024927,129.19694450179006,0.049917886512207216,108.44833796252156,0.12009678604604898,0.026993362140562825,4,28,126.4601428112065,4.319108991764861,0.0021560079248477207,-1.8589565838219673,-2.0160075185997925,6.272311013203325,0.007532843937669564,0.6735628207976576,0.00018181725146210193,25.0,1,-10.714285714285714,-3,2.1641614739193815,2.7368016905835617
169,diesel,0.06578724916238216,0.006578724916238216,0.052866829127867006,109.27761163056235,194.09121665483414,1271.9484497863427,6,88,26,42,0.14201114664776415,0.02300216352561594,129.26553226965018,0.049917886512207216,108.44833796252156,0.12009678604604898,0.026993362140562825,4,28,126.4601428112065,5.907587082915937,0.00294894261565979,0.7646716248683969,0.8292736680407842,18.247249841733897,0.02191436060171517,-14.785852144551223,-0.0039911986149468864,50.0,2,-7.142857142857142,-2,2.2183981419599346,2.8053894584436847
170,diesel,0.06578724916238216,0.006578724916238216,0.054085628831660716,109.120055886339,193.37715163885568,1319.8105488468411,5,87,27,42,0.13796085687843967,0.027687960872338317,129.92370117357694,0.049917886512207216,108.44833796252156,0.12009678604604898,0.026993362140562825,4,28,126.4601428112065,8.349196271429273,0.0041677423194535,0.6193897817498846,0.6717179238174396,14.874728475698786,0.017864070832390694,2.5732205130968886,0.000694598731775492,25.0,1,-3.571428571428571,-1,2.7388537489960196,3.463558362370449
171,diesel,0.06578724916238216,0.006578724916238216,0.05252281825492656,108.20667638938227,191.2487591219098,1255.8463441911672,5,89,29,43,0.1270941156064079,0.027634550367894275,130.83746489016468,0.049917886512207216,108.44833796252156,0.12009678604604898,0.026993362140562825,4,28,126.4601428112065,5.218433561048937,0.002604931742719342,-0.2228356632102669,-0.2416615731392966,5.826408674813263,0.0069973295603589225,2.375355185443678,0.0006411882273314497,25.0,1,3.571428571428571,1,3.4614242730163065,4.377322078958187
172,diesel,0.06578724916238216,0.006578724916238216,0.05152561283956771,110.73489972185587,193.9526903802008,1260.4660848042843,5,87,27,44,0.12234580370574513,0.027112534138870683,128.55431151588746,0.049917886512207216,108.44833796252156,0.12009678604604898,0.026993362140562825,4,28,126.4601428112065,3.2207419818692316,0.0016077263273604966,2.108434119225057,2.2865617593343046,1.8726709795829217,0.002249017659696151,0.4414863094389359,0.00011917199830785777,25.0,1,-3.571428571428571,-1,1.6559910957932185,2.0941687046809676
173,diesel,0.06578724916238216,0.006578724916238216,0.05279629492604779,109.31497214305728,194.10401615424433,1300.0977996309846,5,91,25,43,0.1266098724503286,0.0301067769698784,127.57591839709421,0.049917886512207216,108.44833796252156,0.12009678604604898,0.026993362140562825,4,28,126.4601428112065,5.766286625810308,0.002878408413840572,0.7991216802559117,0.8666341805357121,5.423197921201891,0.006513086404279611,11.534001630115796,0.0031134148293155764,25.0,1,-10.714285714285714,-3,0.8823140327727366,1.115775585887718
174,diesel,0.06578724916238216,0.006578724916238216,0.054893563711620706,109.30956343284744,195.7430548947708,1307.0478410720411,7,88,25,44,0.14121746927856463,0.027754680326989335,129.87097534324437,0.049917886512207216,108.44833796252156,0.12009678604604898,0.026993362140562825,4,28,126.4601428112065,9.967724090635746,0.0049756771994134905,0.7941343191663354,0.861225470325877,17.586385054815118,0.021120683232515647,2.8203903702772917,0.0007613181864265101,75.0,3,-10.714285714285714,-3,2.6971601140210124,3.4108325320378725
175,diesel,0.06578724916238216,0.006578724916238216,0.05064037775868247,108.1902010590027,191.7451378700219,1294.270952906029,4,88,26,42,0.12663580432451133,0.02573217329651145,128.3591405560175,0.049917886512207216,108.44833796252156,0.12009678604604898,0.026993362140562825,4,28,126.4601428112065,1.447359447597152,0.0007224912464752556,-0.23802753308037705,-0.2581369035188601,5.444790400931357,0.006539018278462344,-4.67221844201538,-0.0012611888440513738,0.0,0,-7.142857142857142,-2,1.5016571250010713,1.8989977448110125
176,diesel,0.06578724916238216,0.006578724916238216,0.052540971715401695,108.14831534104397,190.51972853204552,1284.9491626862768,5,87,28,43,0.12686894176100405,0.028780035504788123,131.22717742544395,0.049917886512207216,108.44833796252156,0.12009678604604898,0.026993362140562825,4,28,126.4601428112065,5.254800205840074,0.0026230852031944793,-0.2766502715618188,-0.30002262147759495,5.638915026717207,0.006772155714955069,6.6189359996044015,0.0017866733642252983,25.0,1,0.0,0,3.7695945206658585,4.76703461423746
177,diesel,0.06578724916238216,0.006578724916238216,0.0537021085032298,106.67011671479462,192.33508050378123,1204.9027803235936,5,93,29,44,0.13948719017722494,0.026615956960845146,129.95792019071277,0.049917886512207216,108.44833796252156,0.12009678604604898,0.026993362140562825,4,28,126.4601428112065,7.580893854745176,0.0037842219910225877,-1.6396943292404154,-1.7782212477269468,16.145647830859563,0.01939040413117596,-1.398140690116381,-0.00037740517971767903,25.0,1,3.571428571428571,1,2.765912881126616,3.4977773795062745
178,diesel,0.06578724916238216,0.006578724916238216,0.05293908814169008,106.80272708183904,191.24378958819503,1257.950589202536,5,92,27,44,0.12554986411170574,0.030093063454306367,130.58810804628277,0.049917886512207216,108.44833796252156,0.12009678604604898,0.026993362140562825,4,28,126.4601428112065,6.0523428385615645,0.003021201629482863,-1.5174145695540568,-1.6456108806825256,4.540569523289218,0.005453078065656758,11.483198341882844,0.0030997013137435414,25.0,1,-3.571428571428571,-1,3.264242110843534,4.1279652350762746
179,diesel,0.06578724916238216,0.006578724916238216,0.0548664798544894,110.40318183061716,194.86970206053334,1330.7512822971823,6,83,26,42,0.14314854297873056,0.026793344337764795,129.80448341525525,0.049917886512207216,108.44833796252156,0.12009678604604898,0.026993362140562825,4,28,126.4601428112065,9.913467272040903,0.004948593342282183,1.8025577015031473,1.954843868095594,19.194316260755546,0.023051756932681577,-0.74098884665228,-0.0002000178027980297,50.0,2,-7.142857142857142,-2,2.6445807585727223,3.344340604048753
180,diesel,0.06578724916238216,0.006578724916238216,0.05177268699506566,108.19779321919874,190.1531576111156,1225.672013796205,4,91,28,43,0.1320560972928445,0.025232343328408985,129.54714907478692,0.049917886512207216,108.44833796252156,0.12009678604604898,0.026993362140562825,4,28,126.4601428112065,3.7157031526261846,0.0018548004828584444,-0.23102681703559633,-0.25054474332281984,9.958061027719712,0.011959311246795529,-6.523895774759987,-0.0017610188121538403,0.0,0,0.0,0,2.44109028738726,3.0870062635804203
181,diesel,0.06578724916238216,0.006578724916238216,0.05530207321057635,107.54438732024111,192.68150990961803,1276.6106041906485,4,93,29,43,0.14039307407552884,0.028200991340267257,133.0493787341772,0.049917886512207216,108.44833796252156,0.12009678604604898,0.026993362140562825,4,28,126.4601428112065,10.78608706130307,0.0053841866983691325,-0.8335311165329649,-0.9039506422804493,16.899942702627868,0.02029628802947986,4.4738006085197215,0.0012076291997044318,0.0,0,3.571428571428571,1,5.210523866644554,6.589235922970701
182,diesel,0.06578724916238216,0.006578724916238216,0.05271352262979612,107.47742674089031,189.21597459293284,1228.1780155362644,4,93,28,42,0.13441781155402144,0.026422573641105326,130.62196878786003,0.049917886512207216,108.44833796252156,0.12009678604604898,0.026993362140562825,4,28,126.4601428112065,5.600469717212967,0.002795636117588901,-0.8952753355858621,-0.9709112216312548,11.924570156674562,0.014321025507972457,-2.1145513348253013,-0.0005707884994574988,0.0,0,0.0,0,3.2910179319240207,4.161825976653532
183,diesel,0.06578724916238216,0.006578724916238216,0.051608620825049814,105.67842149584678,190.33677140004306,1226.2440827069463,4,94,23,42,0.12673394739959576,0.025685553676331453,132.3747967893049,0.049917886512207216,108.44833796252156,0.12009678604604898,0.026993362140562825,4,28,126.4601428112065,3.3870310443314464,0.0016907343128425983,-2.554134548038934,-2.769916466674786,5.526510385550098,0.006637161353546778,-4.844926161554858,-0.0013078084642313727,0.0,0,-17.857142857142858,-5,4.677089434359125,5.9146539780984
184,diesel,0.06578724916238216,0.006578724916238216,0.049694762866483756,105.6338145247423,187.7773694352367,1239.249107869911,4,89,25,43,0.11550714903666635,0.02620457539019432,128.55932338642768,0.049917886512207216,108.44833796252156,0.12009678604604898,0.026993362140562825,4,28,126.4601428112065,-0.4469813554083375,-0.0002231236457234595,-2.595266548715503,-2.8145234377792576,-3.821615182626796,-0.004589637009382627,-2.922150809747407,-0.0007887867503685066,0.0,0,-10.714285714285714,-3,1.6599542975015213,2.099180575221183
185,diesel,0.06578724916238216,0.006578724916238216,0.051224534338499765,106.59491864818236,189.98013904679064,1233.9777486949372,5,89,27,44,0.12513322312562392,0.02467698749934531,132.28142778453793,0.049917886512207216,108.44833796252156,0.12009678604604898,0.026993362140562825,4,28,126.4601428112065,2.617594448781428,0.0013066478262925493,-1.709034319161005,-1.853419314339206,4.193648510830092,0.005036437079574935,-8.581275015522088,-0.002316374641217516,25.0,1,-3.571428571428571,-1,4.603256681452653,5.82128497333143
186,diesel,0.06578724916238216,0.006578724916238216,0.05114842866260874,106.95916383142139,189.50386445698646,1212.205819263343,5,92,27,43,0.12255466290670103,0.02603766339868035,130.94529539416354,0.049917886512207216,108.44833796252156,0.12009678604604898,0.026993362140562825,4,28,126.4601428112065,2.465132713702936,0.0012305421504015257,-1.3731645492020463,-1.489174131100171,2.046580047287542,0.0024578768606520474,-3.5404953888509816,-0.0009556987418824735,25.0,1,-3.571428571428571,-1,3.546692644221482,4.485152582957042
187,diesel,0.06578724916238216,0.006578724916238216,0.05628152748584094,109.43641826893781,196.50763744640483,1307.4521443020433,6,91,26,43,0.14763408004438117,0.02952045479867068,127.4102624688458,0.049917886512207216,108.44833796252156,0.12009678604604898,0.026993362140562825,4,28,126.4601428112065,12.748217960064324,0.006363640973633726,0.9111069150342528,0.9880803064162507,22.92925140209289,0.027537293998332185,9.36190403014081,0.0025270926581078546,50.0,2,-7.142857142857142,-2,0.7513194564849954,0.9501196576393056
188,diesel,0.06578724916238216,0.006578724916238216,0.054623896685217964,110.74268825890773,193.74963774993788,1201.119460586321,4,86,27,44,0.13759156796601812,0.02772954537906135,133.32486684362615,0.049917886512207216,108.44833796252156,0.12009678604604898,0.026993362140562825,4,28,126.4601428112065,9.427502848823362,0.004706010173010748,2.1156159139839192,2.2943502963861704,14.56723572374458,0.017494781919969143,2.7272750784618434,0.0007361832384985244,0.0,0,-3.571428571428571,-1,5.428369666376281,6.864724032419659
189,diesel,0.06578724916238216,0.006578724916238216,0.05092386481104622,103.50496374710227,188.7352910695459,1293.8603405247454,4,92,25,44,0.12415313197558835,0.025696389643068977,131.68881416795355,0.049917886512207216,108.44833796252156,0.12009678604604898,0.026993362140562825,4,28,126.4601428112065,2.015266208422103,0.0010059782988390067,-4.5582756806542,-4.943374215419297,3.3775640989959803,0.004056345929539365,-4.80478308237451,-0.0012969724974938486,0.0,0,-10.714285714285714,-3,4.134639769111275,5.228671356747057
190,diesel,0.06578724916238216,0.006578724916238216,0.055812155498541856,110.83721866288496,193.74039080687774,1268.8197533961545,4,87,28,44,0.1387899130035697,0.02993054370556091,132.16876981859323,0.049917886512207216,108.44833796252156,0.12009678604604898,0.026993362140562825,4,28,126.4601428112065,11.807929778623983,0.00589426898633464,2.2027822143193836,2.3888807003634014,15.565051799432133,0.018693126957520706,10.881125328898515,0.0029371815649980836,0.0,0,0.0,0,4.514170932029707,5.708627007386738
191,diesel,0.06578724916238216,0.006578724916238216,0.05231331390042993,109.18771207819617,192.36357364476333,1270.6083161006661,4,88,27,43,0.13208251268587773,0.027437350693531818,127.15042412351687,0.049917886512207216,108.44833796252156,0.12009678604604898,0.026993362140562825,4,28,126.4601428112065,4.798735594779087,0.0023954273882227164,0.6817754237322902,0.7393741156746074,9.980056115101227,0.011985726639828748,1.6448064181742403,0.00044398855296899284,0.0,0,-3.571428571428571,-1,0.5458489109417682,0.6902813123103755
192,diesel,0.06578724916238216,0.006578724916238216,0.055945268124030834,107.91777256011476,195.99490053383585,1262.8713613677414,5,95,27,44,0.1511416682177406,0.029306615036769835,125.12595375355788,0.049917886512207216,108.44833796252156,0.12009678604604898,0.026993362140562825,4,28,126.4601428112065,12.074592962483791,0.006027381611823618,-0.4892333182553379,-0.5305654024068076,25.849885907677844,0.03104488217169163,8.56971015378219,0.0023132528962070097,25.0,1,-3.571428571428571,-1,-1.0550273216442891,-1.334189057648615
193,diesel,0.06578724916238216,0.006578724916238216,0.04942835528869324,105.90009773279377,188.15246018175642,1269.5031421988983,4,89,29,43,0.11881163342761003,0.026432732937777134,127.62660516460504,0.049917886512207216,108.44833796252156,0.12009678604604898,0.026993362140562825,4,28,126.4601428112065,-0.9806729765977967,-0.0004895312235139726,-2.3497273241830934,-2.5482402297277957,-1.0700974278746989,-0.0012851526184389506,-2.0769150573623265,-0.000560629202785691,0.0,0,3.571428571428571,1,0.922395252344421,1.1664623533985434
194,diesel,0.06578724916238216,0.006578724916238216,0.054778790495599576,112.05657116510937,195.8275491873344,1233.9558546956507,5,87,34,43,0.15250465791854964,0.024044748447225123,130.11206039057274,0.049917886512207216,108.44833796252156,0.12009678604604898,0.026993362140562825,4,28,126.4601428112065,9.737800061313987,0.00486090398339236,3.32714476807821,3.6082332025878117,26.98479529674877,0.03240787187250066,-10.923476956976884,-0.0029486136933377025,25.0,1,21.428571428571427,6,2.8878012456606363,3.6519175793662413
195,diesel,0.06578724916238216,0.006578724916238216,0.049830144835761384,110.32736087009245,192.2427144527512,1260.005107216183,6,86,31,42,0.1251499208946723,0.02489043897309047,127.00218688323599,0.049917886512207216,108.44833796252156,0.12009678604604898,0.026993362140562825,4,28,126.4601428112065,-0.17577201796068695,-8.77416764458322e-05,1.7326433423260508,1.879022907570885,4.20755210442167,0.005053134848623325,-7.790519597083834,-0.002102923167472355,50.0,2,10.714285714285714,3,0.4286283883442392,0.5420440720294977
196,diesel,0.06578724916238216,0.006578724916238216,0.05401707571827101,107.77163394141081,192.97311070479455,1291.0211793580688,4,93,27,44,0.13271247996626104,0.02915280127180083,129.38698318526684,0.049917886512207216,108.44833796252156,0.12009678604604898,0.026993362140562825,4,28,126.4601428112065,8.211864508849656,0.004099189206063794,-0.6239874522969748,-0.6767040211107513,10.504605773026093,0.012615693920212057,7.999889454278184,0.0021594391312380057,0.0,0,-3.571428571428571,-1,2.314437030511546,2.9268403740603475
197,diesel,0.06578724916238216,0.006578724916238216,0.05333521615760792,108.27687623452078,191.53983070064822,1230.77722077932,5,91,26,43,0.12912318135848208,0.028524434617628297,131.3454436511364,0.049917886512207216,108.44833796252156,0.12009678604604898,0.026993362140562825,4,28,126.4601428112065,6.845902108786212,0.003417329645400702,-0.1581045235197922,-0.17146172800077863,7.515934114150307,0.0090263953124331,5.672033254296747,0.0015310724770654718,25.0,1,-7.142857142857142,-2,3.863115074307026,4.885300839929911
198,diesel,0.06578724916238216,0.006578724916238216,0.05292841657764054,105.49990019890107,189.04093781298667,1267.0287165042967,4,94,27,43,0.1254721307913515,0.029856756226169595,129.0860658972672,0.049917886512207216,108.44833796252156,0.12009678604604898,0.026993362140562825,4,28,126.4601428112065,6.03096460163054,0.003010530065433323,-2.718748686254126,-2.9484377636204897,4.475843960754652,0.005375344745302518,10.607771164985627,0.00286339408560677,0.0,0,-3.571428571428571,-1,2.0764827776455697,2.625923086060695
199,diesel,0.06578724916238216,0.006578724916238216,0.049966946326437604,107.89709474769853,190.0099873075118,1299.5666316470622,4,89,29,42,0.12079073524091136,0.02623316367862357,128.7603102050017,0.049917886512207216,108.44833796252156,0.12009678604604898,0.026993362140562825,4,28,126.4601428112065,0.09828103242790777,4.9059814230388576e-05,-0.5083002885793738,-0.5512432148230317,0.5778249507828569,0.0006939491948623755,-2.816242222738556,-0.0007601984619392543,0.0,0,3.571428571428571,1,1.8188872340822413,2.3001673937952063
200,diesel,0.06578724916238216,0.006578724916238216,0.05145167889179641,107.79751015993271,189.41849914415025,1211.3369585292553,4,90,27,44,0.12141106433086751,0.02771703466199277,131.33458026780664,0.049917886512207216,108.44833796252156,0.12009678604604898,0.026993362140562825,4,28,126.4601428112065,3.0726308478907853,0.0015337923795891925,-0.6001270418858501,-0.6508278025888501,1.0943492562029056,0.001314278284818532,2.680927694970187,0.000723672521429946,0.0,0,-3.571428571428571,-1,3.8545247128790936,4.874437456600148
201,diesel,0.06578724916238216,0.006578724916238216,0.051744270273935994,106.36214388251666,189.46878311168035,1242.862773628377,4,91,27,42,0.12626367602196553,0.025576425902907395,132.81150491306482,0.049917886512207216,108.44833796252156,0.12009678604604898,0.026993362140562825,4,28,126.4601428112065,3.65877622098873,0.0018263837617287781,-1.9236754746078863,-2.0861940800049013,5.134933397428276,0.006166889975916551,-5.249202490141848,-0.0014169362376554306,0.0,0,-3.571428571428571,-1,5.022422053832672,6.351362101858328
202,diesel,0.06578724916238216,0.006578724916238216,0.05255084279776313,111.96978634508346,195.61014799672841,1245.3197668372632,5,89,31,43,0.13666491354853638,0.02575169485426426,128.544075775569,0.049917886512207216,108.44833796252156,0.12009678604604898,0.026993362140562825,4,28,126.4601428112065,5.274574845856169,0.002632956285555911,3.2471206555317336,3.5214483825619,13.7956460351359,0.0165681275024874,-4.599898596672839,-0.0012416672862985666,25.0,1,10.714285714285714,3,1.6478970512263615,2.0839329643625177
203,diesel,0.06578724916238216,0.006578724916238216,0.05332415078207513,109.36288486846854,194.06364028825007,1326.1331617030803,5,88,28,42,0.1393642571061851,0.025530825671439442,129.64923459364834,0.049917886512207216,108.44833796252156,0.12009678604604898,0.026993362140562825,4,28,126.4601428112065,6.823734953271557,0.003406264269867912,0.843301910503261,0.9145469059469775,16.04328616483405,0.019267471060136127,-5.4181337675073635,-0.001462536469123383,25.0,1,0.0,0,2.521815736996971,3.1890917824418494
204,diesel,0.06578724916238216,0.006578724916238216,0.05338224284400689,110.40733790054394,192.87922453628397,1251.07616229578,5,89,28,43,0.13775719711748613,0.027607688803210174,127.85004608109473,0.049917886512207216,108.44833796252156,0.12009678604604898,0.026993362140562825,4,28,126.4601428112065,6.940110196677655,0.003464356331799673,1.8063900054414666,1.958999938022373,14.705148782803878,0.01766041107143715,2.2758434442080935,0.0006143266626473486,25.0,1,0.0,0,1.0990840584161257,1.3899032698882365
205,diesel,0.06578724916238216,0.006578724916238216,0.054551209119917426,107.42005260570852,192.59198273435737,1269.1630330041783,4,92,25,44,0.1347661483754905,0.029621286238778678,130.01991116029797,0.049917886512207216,108.44833796252156,0.12009678604604898,0.026993362140562825,4,28,126.4601428112065,9.281888580313092,0.004633322607710211,-0.9481799132490223,-1.0282853568130434,12.214616903916825,0.014669362329441521,9.735445642270996,0.0026279240982158523,0.0,0,-10.714285714285714,-3,2.814933045272518,3.5597683490914704
206,diesel,0.06578724916238216,0.006578724916238216,0.05235033890687765,106.84997572056187,190.5725041292174,1263.7339537057492,5,91,26,44,0.1320391314670645,0.02762089477343297,126.83649885832172,0.049917886512207216,108.44833796252156,0.12009678604604898,0.026993362140562825,4,28,126.4601428112065,4.872907417816238,0.002432452394670437,-1.4738466923412565,-1.5983622419596912,9.943934233540972,0.011942345421015521,2.324766472595699,0.0006275326328701453,25.0,1,-7.142857142857142,-2,0.2976084312011956,0.3763560471152232
207,diesel,0.06578724916238216,0.006578724916238216,0.05279599294903422,107.09309918577881,190.29284556294036,1243.9029568737956,4,90,27,43,0.13356123996189517,0.027426279975689728,130.51389767515872,0.049917886512207216,108.44833796252156,0.12009678604604898,0.026993362140562825,4,28,126.4601428112065,5.765681678296164,0.0028781064368270035,-1.2496630213098388,-1.3552387767427518,11.211335756048864,0.013464453915846192,1.6037936766548953,0.00043291783512690307,0.0,0,-3.571428571428571,-1,3.2055592962630994,4.053754863952221
208,diesel,0.06578724916238216,0.006578724916238216,0.054809977983734035,110.57416806104163,192.15512290980257,1235.3888043971606,4,91,25,44,0.13315923475829372,0.03150829338721318,129.18926610527782,0.049917886512207216,108.44833796252156,0.12009678604604898,0.026993362140562825,4,28,126.4601428112065,9.800277642625108,0.004892091471526819,1.960223769639264,2.125830098520069,10.876601399837774,0.01306244871224474,16.726079630761454,0.004514931246650353,0.0,0,-10.714285714285714,-3,2.158089682174139,2.7291232940713286
209,diesel,0.06578724916238216,0.006578724916238216,0.05448869582159551,111.20601536661364,194.78662732504262,1305.4665048368317,5,89,27,42,0.14296821667966292,0.027254091070157055,128.88432600524703,0.049917886512207216,108.44833796252156,0.12009678604604898,0.026993362140562825,4,28,126.4601428112065,9.156656318513248,0.004570809309388295,2.542848932406044,2.757677404092078,19.04416544906064,0.022871430633613937,0.9659001655167414,0.0002607289295942297,25.0,1,-3.571428571428571,-1,1.9169543384587369,2.4241831940405376
210,diesel,0.06578724916238216,0.006578724916238216,0.05313493584209627,105.73963738840212,189.77106004016335,1233.2228030678107,6,91,28,42,0.1334818774956384,0.026872218151830607,130.84639503389397,0.049917886512207216,108.44833796252156,0.12009678604604898,0.026993362140562825,4,28,126.4601428112065,6.444682567044054,0.003217049329889053,-2.497687493427093,-2.7087005741194474,11.145253666036602,0.013385091449589409,-0.44879177370119316,-0.00012114398873221827,50.0,2,0.0,0,3.4684859001272446,4.3862522226874745
211,diesel,0.06578724916238216,0.006578724916238216,0.05442349125340433,111.57195530653675,192.75399367995072,1222.795848930586,5,86,30,44,0.13212088068901445,0.02943391400752752,133.089512752276,0.049917886512207216,108.44833796252156,0.12009678604604898,0.026993362140562825,4,28,126.4601428112065,9.026032662851796,0.004505604741197114,2.880281434183594,3.1236173440151873,10.012003683724762,0.012024094642965472,9.0413037629621,0.0024405518669646936,25.0,1,7.142857142857142,2,5.242260362592304,6.629369941069498
212,diesel,0.06578724916238216,0.006578724916238216,0.05618291604335237,107.84224334756236,196.18548107503977,1257.4214749871785,5,95,24,42,0.1482181735364709,0.028181225189409645,130.89075293219878,0.049917886512207216,108.44833796252156,0.12009678604604898,0.026993362140562825,4,28,126.4601428112065,12.550670649113052,0.006265029531145154,-0.5588786571986591,-0.6060946149592041,23.4156037111928,0.028121387490421923,4.400574640021675,0.0011878630488468198,25.0,1,-14.285714285714285,-4,3.503562484194552,4.430610120992284
213,diesel,0.06578724916238216,0.006578724916238216,0.05270259895104695,111.96900658619063,193.1794173180281,1239.5320800175687,5,82,30,43,0.1317589349920666,0.02727651333877913,128.012853069217,0.049917886512207216,108.44833796252156,0.12009678604604898,0.026993362140562825,4,28,126.4601428112065,5.578586421439832,0.002784712438839737,3.2464016413840917,3.520668623669067,9.710625346415153,0.011662148946017609,1.0489660263210157,0.00028315119821630333,25.0,1,7.142857142857142,2,1.227825798305912,1.5527102580104923
214,diesel,0.06578724916238216,0.006578724916238216,0.05081597347732519,108.44089292892862,191.70120615077835,1226.1618179856537,6,87,25,43,0.12470411866062703,0.026157950059864744,129.06845979844312,0.049917886512207216,108.44833796252156,0.12009678604604898,0.026993362140562825,4,28,126.4601428112065,1.799128584697486,0.000898086965117971,-0.0068650508922663625,-0.007445033592944128,3.836349636210454,0.004607332614578047,-3.094879683189632,-0.0008354120806980808,50.0,2,-10.714285714285714,-3,2.0625605263870375,2.60831698723662
215,diesel,0.06578724916238216,0.006578724916238216,0.05292943298373801,107.38617717064913,190.09318476419355,1290.0987948326424,5,92,26,44,0.13356557547117479,0.028034227958906463,128.7664384079162,0.049917886512207216,108.44833796252156,0.12009678604604898,0.026993362140562825,4,28,126.4601428112065,6.033000757743091,0.0030115464715307974,-0.9794163855600068,-1.0621607918724294,11.214945768791377,0.013468789425125804,3.8560065727400907,0.0010408658183436378,25.0,1,-7.142857142857142,-2,1.8237331901109792,2.3062955967097167
216,diesel,0.06578724916238216,0.006578724916238216,0.04912298279894227,108.89607623682515,187.54176657785814,1286.0997334219633,3,85,26,42,0.11435075263135391,0.025834878522890764,130.7115159480667,0.049917886512207216,108.44833796252156,0.12009678604604898,0.026993362140562825,4,28,126.4601428112065,-1.5924226140274513,-0.0007949037132649467,0.4128585856782073,0.4477382743035889,-4.784502236797455,-0.0057460334146950676,-4.291735174149396,-0.0011584836176720612,-25.0,-1,-7.142857142857142,-2,3.361828511618181,4.2513731368602095
217,diesel,0.06578724916238216,0.006578724916238216,0.05016948063512025,109.12887556054773,190.35437962237802,1291.0862029727061,3,87,29,44,0.1237705553348401,0.02497112624820363,129.9783610343352,0.049917886512207216,108.44833796252156,0.12009678604604898,0.026993362140562825,4,28,126.4601428112065,0.5040159760199552,0.00025159412291303473,0.6275223860612309,0.680537598026163,3.0590071639240053,0.0036737692887911233,-7.491604350094602,-0.002022235892359194,-25.0,-1,3.571428571428571,1,2.7820767436433145,3.5182182231286987
218,diesel,0.06578724916238216,0.006578724916238216,0.054605431259807456,111.9115207620845,194.2398677350192,1287.2891095608252,5,85,27,42,0.14265805393550404,0.025627880809444323,131.45453108711004,0.049917886512207216,108.44833796252156,0.12009678604604898,0.026993362140562825,4,28,126.4601428112065,9.39051124781479,0.0046875447476002405,3.1933940755825856,3.4631827995629436,18.785904795823882,0.02256126788945506,-5.058581898794292,-0.0013654813311185024,25.0,1,-3.571428571428571,-1,3.9493773807923924,4.994388275903546
219,diesel,0.06578724916238216,0.006578724916238216,0.052759680299514014,108.72796879052268,191.2929792805565,1266.0663980523775,3,90,27,43,0.12841843635405895,0.029054643815687134,128.64500281483635,0.049917886512207216,108.44833796252156,0.12009678604604898,0.026993362140562825,4,28,126.4601428112065,5.692936912727363,0.0028417937873067983,0.25784703874185194,0.2796308280011175,6.9291199056893795,0.008321650308009965,7.636253921947827,0.0020612816751243088,-25.0,-1,-3.571428571428571,-1,1.727706418054302,2.1848600036298507
220,diesel,0.06578724916238216,0.006578724916238216,0.05229410508223092,109.67268472983791,193.2126292809373,1250.0759822925525,5,91,29,43,0.13079791605434024,0.02653525903329122,129.92672518862994,0.049917886512207216,108.44833796252156,0.12009678604604898,0.026993362140562825,4,28,126.4601428112065,4.7602547624739815,0.0023762185700237012,1.1289677558170301,1.224346767316348,8.910421636252698,0.01070113000829126,-1.6970954002918233,-0.00045810310727160616,25.0,1,3.571428571428571,1,2.741245028165706,3.4665823774234497
221,diesel,0.06578724916238216,0.006578724916238216,0.050462093636296626,106.552171491746,188.65435473665207,1268.8563618405578,3,90,27,42,0.12010072876563846,0.02738971808101442,128.97989641636633,0.049917886512207216,108.44833796252156,0.12009678604604898,0.026993362140562825,4,28,126.4601428112065,1.0902046583168674,0.0005442071240894103,-1.748451388375229,-1.8961664707755688,0.003282951791870892,3.942719589478116e-06,1.468345952562884,0.0003963559404515961,-25.0,-1,-3.571428571428571,-1,1.9925278820233487,2.519753605159835
222,diesel,0.06578724916238216,0.006578724916238216,0.052161587309832586,107.50083848410121,188.2989165255129,1252.7585743491868,4,88,30,44,0.12098978821322837,0.029896771705522296,130.15155437360016,0.049917886512207216,108.44833796252156,0.12009678604604898,0.026993362140562825,4,28,126.4601428112065,4.49478324182792,0.0022437007976253698,-0.8736874130314463,-0.9474994784203545,0.7435687469912637,0.0008930021671793853,10.756013088849455,0.0029034095649594707,0.0,0,7.142857142857142,2,2.9190316255649105,3.691411562393668
223,diesel,0.06578724916238216,0.006578724916238216,0.048526276246350204,106.03023046838473,187.1130893717083,1245.4394925603083,4,90,27,41,0.1185214219377131,0.02400817200348545,128.71963713251392,0.049917886512207216,108.44833796252156,0.12009678604604898,0.026993362140562825,4,28,126.4601428112065,-2.7877988494498838,-0.0013916102658570115,-2.2297321836066337,-2.4181074941368337,-1.3117454348293986,-0.0015753641083358777,-11.058978579743284,-0.002985190137077376,0.0,0,-3.571428571428571,-1,1.786724473876839,2.2594943213074288
224,diesel,0.06578724916238216,0.006578724916238216,0.05399260272505005,110.40759776527837,195.98586875776454,1272.8167631186764,6,89,28,42,0.1434493377606666,0.026796024356691074,127.42079274376873,0.049917886512207216,108.44833796252156,0.12009678604604898,0.026993362140562825,4,28,126.4601428112065,8.162838007667608,0.004074716212842833,1.8066296262040464,1.9592598027568044,19.4447765701769,0.023352551714617614,-0.7310604097561166,-0.00019733778387175105,50.0,2,0.0,0,0.7596464081148452,0.9606499325622337
225,diesel,0.06578724916238216,0.006578724916238216,0.05368891026645804,107.83118803290108,195.69698356752778,1307.4504931740398,6,90,27,42,0.14196462066075352,0.025324334263955153,129.59611113902753,0.049917886512207216,108.44833796252156,0.12009678604604898,0.026993362140562825,4,28,126.4601428112065,7.554453959761774,0.003771023754250827,-0.5690727411919959,-0.6171499296204814,18.208509431984055,0.02186783461470454,-6.183104823758245,-0.0016690278766076719,50.0,2,-3.571428571428571,-1,2.479807675452928,3.1359683278210326
226,diesel,0.06578724916238216,0.006578724916238216,0.051393109113402426,105.3591186982057,188.6278284631828,1270.1456309328953,4,92,27,43,0.1206372803912498,0.028040439050464605,131.7444013772191,0.049917886512207216,108.44833796252156,0.12009678604604898,0.026993362140562825,4,28,126.4601428112065,2.955298599900559,0.00147522260119521,-2.848563032273906,-3.089219264315858,0.4500489671668415,0.0005404943452008149,3.8790162724055084,0.0010470769099017799,0.0,0,-3.571428571428571,-1,4.178596076632247,5.2842585660126105
227,diesel,0.06578724916238216,0.006578724916238216,0.05050437240254405,108.15737882057932,191.1784685451415,1301.9824250143342,4,87,25,41,0.12382483803120113,0.024591509411782758,131.9129449898041,0.049917886512207216,108.44833796252156,0.12009678604604898,0.026993362140562825,4,28,126.4601428112065,1.1749012855210006,0.0005864858903368367,-0.2682928548363649,-0.2909591419422384,3.1042062888533044,0.0037280519851521504,-8.897938375637956,-0.002401852728780067,0.0,0,-10.714285714285714,-3,4.311874126805417,5.452802178597594
228,diesel,0.06578724916238216,0.006578724916238216,0.04946656856024242,103.84790374134606,186.61616778974746,1283.9063728263918,5,88,29,43,0.11534715217706543,0.025396063034870315,131.77222820297143,0.049917886512207216,108.44833796252156,0.12009678604604898,0.026993362140562825,4,28,126.4601428112065,-0.9041207140338972,-0.00045131795196479835,-4.2420513837338465,-4.6004342211755045,-3.9548384476853458,-0.004749633868983555,-5.917377381057156,-0.0015972991056925102,25.0,1,3.571428571428571,1,4.2006005004243905,5.312085391764938
229,diesel,0.06578724916238216,0.006578724916238216,0.05144034500043205,107.0983344035826,191.01550947610465,1293.2067756960591,4,89,27,44,0.12399322223676873,0.027521864746842914,128.22714707968214,0.049917886512207216,108.44833796252156,0.12009678604604898,0.026993362140562825,4,28,126.4601428112065,3.0499257773113486,0.001522458488224833,-1.2448356372280323,-1.3500035589389654,3.2444133760796308,0.0038964361907197487,1.957898403051874,0.0005285026062800888,0.0,0,-3.571428571428571,-1,1.3972815696670706,1.7670042684756453
230,diesel,0.06578724916238216,0.006578724916238216,0.05106529766293912,107.66151692391907,187.6238701575684,1242.5798818509409,5,84,27,44,0.11883532622127876,0.027486662874672083,131.9427287419113,0.049917886512207216,108.44833796252156,0.12009678604604898,0.026993362140562825,4,28,126.4601428112065,2.298597218156086,0.001147411150731907,-0.7255261384221608,-0.786821038602497,-1.0503693448436935,-0.001261459824770217,1.8274890380104853,0.0004933007341092581,25.0,1,-3.571428571428571,-1,4.335426015523181,5.482585930704815
231,diesel,0.06578724916238216,0.006578724916238216,0.05110902715540595,106.049825558374,186.95959521273423,1235.0322475044945,4,89,26,44,0.11811234401351318,0.027302334586453952,132.98188996949722,0.049917886512207216,108.44833796252156,0.12009678604604898,0.026993362140562825,4,28,126.4601428112065,2.38620007060485,0.0011911406431987376,-2.211663589511592,-2.398512404147567,-1.6523689749490027,-0.0019844420325357964,1.1446237941098691,0.0003089724458911272,0.0,0,-7.142857142857142,-2,5.157156249639144,6.521747158290722
232,diesel,0.06578724916238216,0.006578724916238216,0.05038079106767345,108.36022663029249,190.07962995230199,1238.9001942996779,4,87,25,43,0.11941226577151888,0.02697639468115312,129.58803113409988,0.049917886512207216,108.44833796252156,0.12009678604604898,0.026993362140562825,4,28,126.4601428112065,0.927332040295885,0.0004629045554662356,-0.08124728685056111,-0.08811133222907586,-0.5699738494813956,-0.000684520274530101,-0.06285789566097608,-1.69674594097044e-05,0.0,0,-10.714285714285714,-3,2.473418306638351,3.1278883228933836
233,diesel,0.06578724916238216,0.006578724916238216,0.05322373907402438,112.489496839276,193.76386529459916,1234.8428667026337,5,83,28,42,0.13547539848891738,0.02678675951504835,129.9570170704187,0.049917886512207216,108.44833796252156,0.12009678604604898,0.026993362140562825,4,28,126.4601428112065,6.622581188425785,0.003305852561817167,3.726344684185951,4.041158876754437,12.8051823443233,0.015378612442868395,-0.7653830761749116,-0.00020660262551447373,25.0,1,0.0,0,2.7651987270271445,3.4968742592121913
234,diesel,0.06578724916238216,0.006578724916238216,0.05136348355056091,105.09821061913291,189.8382437560527,1252.118888994496,6,89,25,43,0.12432811624971574,0.025255270984574522,132.32330211519587,0.049917886512207216,108.44833796252156,0.12009678604604898,0.026993362140562825,4,28,126.4601428112065,2.8959500078197022,0.001445597038353695,-3.0891458609042153,-3.3501273433886496,3.523266810857309,0.0042313302036667555,-6.438957647948862,-0.0017380911559883028,50.0,2,-10.714285714285714,-3,4.636369352154332,5.863159303989377
235,diesel,0.06578724916238216,0.006578724916238216,0.05392271415099985,109.29088961369074,192.9850487247959,1314.4319727475654,3,87,28,43,0.1337243729950892,0.02912383517090948,130.0794808822546,0.049917886512207216,108.44833796252156,0.12009678604604898,0.026993362140562825,4,28,126.4601428112065,8.022830930178241,0.004004827638792632,0.7769152271013592,0.842551651169174,11.347170392898756,0.013627586949040232,7.892581217755022,0.0021304730303466565,-25.0,-1,0.0,0,2.862038576416471,3.619338071048091
236,diesel,0.06578724916238216,0.006578724916238216,0.05312965766615188,110.14857500998117,194.7557257242217,1280.1396081853186,5,90,27,44,0.13800007902540762,0.025324328321591413,129.27363903471567,0.049917886512207216,108.44833796252156,0.12009678604604898,0.026993362140562825,4,28,126.4601428112065,6.434108850259995,0.0032117711539446647,1.5677852509341272,1.7002370474596091,14.907387257219304,0.017903292979358637,-6.183126837924947,-0.0016690338189714118,25.0,1,-3.571428571428571,-1,2.2248086717009885,2.8134962235091763
237,diesel,0.06578724916238216,0.006578724916238216,0.051165187495045374,106.99099630506133,190.0299719736737,1305.3578572702104,5,90,23,43,0.1187215479285734,0.027132083460051068,134.20375846988594,0.049917886512207216,108.44833796252156,0.12009678604604898,0.026993362140562825,4,28,126.4601428112065,2.4987055141710286,0.0012473009828381579,-1.3438118876140575,-1.4573416574602334,-1.1451081771233038,-0.0013752381174755857,0.5139090075770397,0.0001387213194882428,25.0,1,-17.857142857142858,-5,6.12336463215921,7.743615658679445
238,diesel,0.06578724916238216,0.006578724916238216,0.05224690382438755,111.07169868859455,192.913812345269,1275.4487861521302,4,86,29,43,0.13050499818055067,0.0273106371093618,129.23119512763228,0.049917886512207216,108.44833796252156,0.12009678604604898,0.026993362140562825,4,28,126.4601428112065,4.665696957363732,0.002329017312180333,2.41899578671237,2.6233607260729883,8.666520126950644,0.010408212134501688,1.175381440617975,0.0003172749687989744,0.0,0,3.571428571428571,1,2.191245601044995,2.7710523164257808
239,diesel,0.06578724916238216,0.006578724916238216,0.05217714734857783,107.59529697548703,191.16648664549948,1276.4018745792025,4,91,26,44,0.12944999848294775,0.02736885433077016,130.34573869753433,0.049917886512207216,108.44833796252156,0.12009678604604898,0.026993362140562825,4,28,126.4601428112065,4.525954510950949,0.0022592608363706176,-0.7865874231556531,-0.8530409870345323,7.788062232833144,0.009353212436898767,1.3910538014939733,0.0003754921902073341,0.0,0,-7.142857142857142,-2,3.0725854011794658,3.8855958863278346
240,diesel,0.06578724916238216,0.006578724916238216,0.05230678660429378,110.8724514971424,192.5479794829909,1245.8635449908916,5,90,30,43,0.13320080468394896,0.026261864839017015,128.60418040535149,0.049917886512207216,108.44833796252156,0.12009678604604898,0.026993362140562825,4,28,126.4601428112065,4.785659528077919,0.002388900092086567,2.235270341771926,2.4241135346208296,10.911215086867916,0.013104018637899978,-2.7099154886178183,-0.0007314973015458102,25.0,1,7.142857142857142,2,1.6954255676793306,2.14403759414499
241,diesel,0.06578724916238216,0.006578724916238216,0.053837662027671894,108.08768709360908,193.26022856809246,1261.4430021049761,6,91,26,42,0.13179522385084966,0.029417850420417117,129.44634566087308,0.049917886512207216,108.44833796252156,0.12009678604604898,0.026993362140562825,4,28,126.4601428112065,7.852446866928377,0.003919775515464678,-0.332555459759211,-0.36065086891248654,9.740841691063338,0.011698437804800677,8.981794365700825,0.0024244882798542915,50.0,2,-7.142857142857142,-2,2.361378678912859,2.986202849666583
242,diesel,0.06578724916238216,0.006578724916238216,0.05136820091879734,111.40016004356374,190.04457526909982,1225.0806646752524,4,83,26,44,0.1163893635961172,0.029674360754192542,130.377369831506,0.049917886512207216,108.44833796252156,0.12009678604604898,0.026993362140562825,4,28,126.4601428112065,2.9054002641627372,0.0014503144065901238,2.7218693587192595,2.951822081042181,-3.0870288639616295,-0.0037074224499317743,9.932066260100997,0.002680998613629717,0.0,0,-7.142857142857142,-2,3.0975981310946095,3.9172270202995065
243,diesel,0.06578724916238216,0.006578724916238216,0.05138669260127157,105.93638286899431,191.39913415595308,1217.988369449381,6,90,27,41,0.12459535090238136,0.026837122724768694,132.36114683481904,0.049917886512207216,108.44833796252156,0.12009678604604898,0.026993362140562825,4,28,126.4601428112065,2.9424444656829882,0.0014688060890643562,-2.316268871170114,-2.5119550935272486,3.7457828843208856,0.004498564856332377,-0.5788068006517438,-0.00015623941579413075,50.0,2,-3.571428571428571,-1,4.66629555560617,5.901004023612543
244,diesel,0.06578724916238216,0.006578724916238216,0.05051238107458702,106.43644841887571,188.9638102683464,1258.3246002987073,5,90,27,43,0.12347344784912906,0.023022256356743345,133.9609211073247,0.049917886512207216,108.44833796252156,0.12009678604604898,0.026993362140562825,4,28,126.4601428112065,1.1909449776773346,0.0005944945623798034,-1.8551594071834783,-2.01188954364585,2.8116171250289383,0.0033766618030800777,-14.711415951598392,-0.003971105783819481,25.0,1,-3.571428571428571,-1,5.931337834495564,7.500778296118213
245,diesel,0.06578724916238216,0.006578724916238216,0.05495699429142075,110.22491012029651,194.95798178595214,1301.756380991611,5,90,27,44,0.14075474146236622,0.027205659470158995,130.63045778456865,0.049917886512207216,108.44833796252156,0.12009678604604898,0.026993362140562825,4,28,126.4601428112065,10.094793933195152,0.005039107779213535,1.6381737066260178,1.7765721577749503,17.201089301753928,0.020657955416317236,0.7864797593225765,0.00021229732959616998,25.0,1,-3.571428571428571,-1,3.297730716300119,4.170314973362153
246,diesel,0.06578724916238216,0.006578724916238216,0.05366489464444195,106.55468650292201,192.65019850767695,1311.1776952332457,5,93,27,44,0.13666857959847672,0.026772089814867707,130.94582651616724,0.049917886512207216,108.44833796252156,0.12009678604604898,0.026993362140562825,4,28,126.4601428112065,7.506343705714419,0.003747008132234733,-1.746132301496383,-1.8936514595995533,13.798698614693638,0.016571793552427744,-0.8197286597456237,-0.00022127232569511823,25.0,1,-3.571428571428571,-1,3.547112635842478,4.485683704960749
247,diesel,0.06578724916238216,0.006578724916238216,0.05498178367398001,110.81479431858551,195.4361134295163,1250.723656447558,5,92,28,43,0.1431451817818629,0.026920951503722354,131.02756761284311,0.049917886512207216,108.44833796252156,0.12009678604604898,0.026993362140562825,4,28,126.4601428112065,10.144454253956523,0.005063897161772794,2.1821047703670367,2.3664563560639493,19.191517520690695,0.02304839573581391,-0.26825349307509927,-7.241063684047117e-05,25.0,1,0.0,0,3.611750469438715,4.567424801636619
248,diesel,0.06578724916238216,0.006578724916238216,0.05316715426915483,109.049325741483,191.45027329495824,1231.2403913743028,4,90,30,42,0.13226049679028795,0.028995504976264918,127.81180951750663,0.049917886512207216,108.44833796252156,0.12009678604604898,0.026993362140562825,4,28,126.4601428112065,6.509225417933151,0.003249267756947616,0.554169653728703,0.6009877789614393,10.128256670894599,0.01216371074423897,7.417167321641198,0.0020021428357020928,0.0,0,7.142857142857142,2,1.0688479992609623,1.3516667063001364
249,diesel,0.06578724916238216,0.006578724916238216,0.055040183482873505,112.31003491231642,195.30163414423112,1237.0187443112861,5,89,30,44,0.14716388053363746,0.02791815552096304,128.3547988768097,0.049917886512207216,108.44833796252156,0.12009678604604898,0.026993362140562825,4,28,126.4601428112065,10.261446003755893,0.005122296970666289,3.5608631928775316,3.8616969497948617,22.537734254778545,0.027067094487588483,3.426002939480189,0.0009247933804002149,25.0,1,7.142857142857142,2,1.498223885791233,1.8946560656032005
250,diesel,0.06578724916238216,0.006578724916238216,0.05583820182568547,108.98152401093441,194.55635213610182,1236.2765939021854,7,90,30,42,0.1475279245769814,0.027305746241494594,129.20430527448195,0.049917886512207216,108.44833796252156,0.12009678604604898,0.026993362140562825,4,28,126.4601428112065,11.860108123829448,0.005920315313478253,0.4916498108040224,0.5331860484128441,22.840859804869755,0.02743113853093243,1.1572626607426215,0.00031238410093176877,75.0,3,7.142857142857142,2,2.169982100504381,2.744162463275458
251,diesel,0.06578724916238216,0.006578724916238216,0.05286874601689795,109.84176288906056,193.92669273185953,1293.5462058636267,4,89,27,43,0.13214987681339177,0.027690132421249875,128.3662851177495,0.049917886512207216,108.44833796252156,0.12009678604604898,0.026993362140562825,4,28,126.4601428112065,5.911427167432485,0.0029508595046907338,1.28487439523559,1.393424926538998,10.036147647382707,0.012053090767342789,2.581265264618575,0.0006967702806870493,0.0,0,-3.571428571428571,-1,1.5073067799620476,1.9061423065430034
252,diesel,0.06578724916238216,0.006578724916238216,0.0528050374262743,108.17732995066196,189.48886373494867,1197.5540454148163,4,87,30,43,0.12528689288872913,0.02900777130006683,129.63805027484588,0.049917886512207216,108.44833796252156,0.12009678604604898,0.026993362140562825,4,28,126.4601428112065,5.78380038858625,0.002887150914067084,-0.24989595686866484,-0.27100801185960677,4.321603444650129,0.005190106842680148,7.462609322300612,0.0020144091595040055,0.0,0,7.142857142857142,2,2.5129715916766857,3.177907463639386
253,diesel,0.06578724916238216,0.006578724916238216,0.05119473021670853,106.3950440302894,190.46642257168446,1275.7246287353023,5,93,27,43,0.11908520680945321,0.027820680735589295,130.2960953586563,0.049917886512207216,108.44833796252156,0.12009678604604898,0.026993362140562825,4,28,126.4601428112065,2.5578881513524503,0.0012768437045013112,-1.8933383127934693,-2.0532939322321653,-0.8423033370833897,-0.0010115792365957693,3.0648964390518105,0.0008273185950264696,25.0,1,-3.571428571428571,-1,3.0333292863479695,3.835952547449793
254,diesel,0.06578724916238216,0.006578724916238216,0.04885274821706955,107.5544104456915,187.7474984163748,1219.5752126329712,4,88,27,41,0.1215305530222558,0.023377159840506017,129.22040488200392,0.049917886512207216,108.44833796252156,0.12009678604604898,0.026993362140562825,4,28,126.4601428112065,-2.1337808340046394,-0.0010651382951376645,-0.8242888121890736,-0.8939275168300611,1.1938429190411977,0.0014337669762068128,-13.396635369933241,-0.003616202300056808,0.0,0,-3.571428571428571,-1,2.1827130742041345,2.760262070797424
255,diesel,0.06578724916238216,0.006578724916238216,0.04998839346873758,105.59510741070459,188.1922178666408,1316.7465664400333,4,86,25,43,0.11359734947417881,0.02713234098750543,131.4611556570004,0.049917886512207216,108.44833796252156,0.12009678604604898,0.026993362140562825,4,28,126.4601428112065,0.14124587689249338,7.050695653036676e-05,-2.6309583027478207,-2.853230551816978,-5.411832227865015,-0.0064994365718701735,0.5148630475110815,0.00013897884694260426,0.0,0,-10.714285714285714,-3,3.9546158454525604,5.001012845793909
256,diesel,0.06578724916238216,0.006578724916238216,0.04995863152248363,106.35828088249487,189.73361696536935,1269.1309185979483,4,90,28,43,0.12218513465664252,0.025378519512412465,129.12119450329982,0.049917886512207216,108.44833796252156,0.12009678604604898,0.026993362140562825,4,28,126.4601428112065,0.08162406929317689,4.074501027641342e-05,-1.9272375393609025,-2.090057080026696,1.7388880080377818,0.002088348610593538,-5.9823693682223515,-0.0016148426281503599,0.0,0,0.0,0,2.1042611790072323,2.6610516920933236
257,diesel,0.06578724916238216,0.006578724916238216,0.05244240081517491,110.44439153886458,194.65046492450782,1302.7970577910446,4,89,28,40,0.13912671834262733,0.024776961408852306,127.70002153244884,0.049917886512207216,108.44833796252156,0.12009678604604898,0.026993362140562825,4,28,126.4601428112065,5.057334112794081,0.002524514302967691,1.8405570927539967,1.9960535763430158,15.845496722353298,0.019029932296578345,-8.210910223665476,-0.002216400731710519,0.0,0,0.0,0,0.9804501985209481,1.2398787212423485
258,diesel,0.06578724916238216,0.006578724916238216,0.05527566274190833,108.92128623310589,192.9525237480687,1303.6281058679112,4,90,27,43,0.1344859868572888,0.029933761533270414,132.4747622326405,0.049917886512207216,108.44833796252156,0.12009678604604898,0.026993362140562825,4,28,126.4601428112065,10.733179235044119,0.005357776229701114,0.4361046738657909,0.4729482705843253,11.981337123978099,0.014389200811239816,10.89304613999551,0.0029403993927075885,0.0,0,-3.571428571428571,-1,4.756138406717827,6.014619421434006
259,diesel,0.06578724916238216,0.006578724916238216,0.05165491977809622,105.9544912370141,184.38712448947632,1246.0384308539662,3,86,29,42,0.11122779203693804,0.02853292114810924,137.7808586639254,0.049917886512207216,108.44833796252156,0.12009678604604898,0.026993362140562825,4,28,126.4601428112065,3.4797812713168854,0.0017370332658890042,-2.299571180490853,-2.493846725507467,-7.384872069524226,-0.00886899400911094,5.703472577922869,0.0015395590075464143,-25.0,-1,3.571428571428571,1,8.952003058876576,11.320715852718891
260,diesel,0.06578724916238216,0.006578724916238216,0.05547165925910203,109.58319649985145,195.03283916608484,1274.3366609377258,5,90,26,44,0.1400183931294117,0.02862088813526797,131.97274273651092,0.049917886512207216,108.44833796252156,0.12009678604604898,0.026993362140562825,4,28,126.4601428112065,11.125817086700302,0.005553772746894815,1.0464508342415386,1.1348585373298903,16.587960210462356,0.019921607083362713,6.02935635149898,0.0016275259947051458,25.0,1,-7.142857142857142,-2,4.359159971481481,5.512599925304428
261,diesel,0.06578724916238216,0.006578724916238216,0.056812985322809206,112.46606444200151,200.4193009435286,1252.4963599852563,6,88,28,43,0.15527864072299555,0.028659753255251413,128.23008449611268,0.049917886512207216,108.44833796252156,0.12009678604604898,0.026993362140562825,4,28,126.4601428112065,13.812882099717546,0.006895098810601991,3.7047377165599573,4.017726479479947,29.29458467227983,0.03518185467694657,6.173336637396897,0.0016663911146885882,50.0,2,0.0,0,1.399604369851573,1.7699416849061862
262,diesel,0.06578724916238216,0.006578724916238216,0.05318967770190845,108.57460757641522,193.0960692578096,1308.4729849600233,4,88,24,44,0.131471833175423,0.025851867699386296,134.09185279021162,0.049917886512207216,108.44833796252156,0.12009678604604898,0.026993362140562825,4,28,126.4601428112065,6.554346384238712,0.003271791189701237,0.11643296362669202,0.12626961389365476,9.471566645432503,0.01137504712937401,-4.2287968250580015,-0.0011414944411765292,0.0,0,-14.285714285714285,-4,6.034873762872918,7.631709979005123
263,diesel,0.06578724916238216,0.006578724916238216,0.05259758624989453,106.5589346788863,188.37540548109806,1243.001051788654,5,91,26,43,0.12380441995191398,0.027442740555725105,133.5429990585169,0.049917886512207216,108.44833796252156,0.12009678604604898,0.026993362140562825,4,28,126.4601428112065,5.368215533388027,0.0026796997376873147,-1.742215066761296,-1.8894032836352608,3.0872049352289657,0.003707633905864996,1.6647737796508146,0.00044937841516227983,25.0,1,-7.142857142857142,-2,5.600860547725669,7.082856247310403
264,diesel,0.06578724916238216,0.006578724916238216,0.0495579135052183,110.76869473486867,191.0424219839354,1285.0230640760542,5,85,29,43,0.12079674458215649,0.02505150088393403,129.16831119656078,0.049917886512207216,108.44833796252156,0.12009678604604898,0.026993362140562825,4,28,126.4601428112065,-0.7211303044668887,-0.00035997300698891593,2.139596434524426,2.320356772347111,0.5828286993784492,0.0006999585361075061,-7.193847311486873,-0.0019418612566287942,25.0,1,3.571428571428571,1,2.1415193160087864,2.708168385354284
265,diesel,0.06578724916238216,0.006578724916238216,0.05227570343412207,108.05676609167054,189.34777646086857,1303.3106699613077,4,85,28,43,0.11838120871111198,0.028237445097658177,135.270695285342,0.049917886512207216,108.44833796252156,0.12009678604604898,0.026993362140562825,4,28,126.4601428112065,4.723390925892387,0.0023578169219148556,-0.3610676550767856,-0.3915718708510241,-1.4284956254193153,-0.0017155773349370046,4.608847725663164,0.0012440829570953514,0.0,0,0.0,0,6.967058773046656,8.810552474135491
266,diesel,0.06578724916238216,0.006578724916238216,0.05174148335160761,108.06552339901573,191.041621543638,1208.9457363810939,6,89,27,42,0.12712458384930672,0.02668873592129063,130.7188262560081,0.049917886512207216,108.44833796252156,0.12009678604604898,0.026993362140562825,4,28,126.4601428112065,3.65319320751779,0.0018235968394003932,-0.35299255912813354,-0.382814563505832,5.851778415255056,0.00702779780325774,-1.1285227000842395,-0.00030462621927219644,50.0,2,-3.571428571428571,-1,3.3676092325464415,4.258683444801605
267,diesel,0.06578724916238216,0.006578724916238216,0.05148101222091766,105.72617033755263,188.70716256960162,1234.7946787907895,3,94,26,43,0.1302804466443381,0.025703747588206403,129.79142767682552,0.049917886512207216,108.44833796252156,0.12009678604604898,0.026993362140562825,4,28,126.4601428112065,3.1313940110989815,0.001563125708710443,-2.5101054346353195,-2.7221676249689324,8.47954465191465,0.010183660598289124,-4.77752473234345,-0.0012896145523564224,-25.0,-1,-7.142857142857142,-2,2.6342567638819854,3.3312848656190255
268,diesel,0.06578724916238216,0.006578724916238216,0.05504255585698879,106.6092747220393,191.3980904132015,1290.4372316126105,7,87,27,43,0.1319560562528494,0.0310468723925827,130.9802725903739,0.049917886512207216,108.44833796252156,0.12009678604604898,0.026993362140562825,4,28,126.4601428112065,10.266198556960859,0.005124669344781577,-1.695796611579072,-1.839063240482261,9.874760680317614,0.011859270206800415,15.016692736947645,0.0040535102520198735,75.0,3,-3.571428571428571,-1,3.574351316300136,4.520129779167391
269,diesel,0.06578724916238216,0.006578724916238216,0.05107291843319418,107.64895121731159,189.01157250163908,1278.9232440018943,4,86,25,43,0.11887252778046725,0.028213521609019816,131.4007648342177,0.049917886512207216,108.44833796252156,0.12009678604604898,0.026993362140562825,4,28,126.4601428112065,2.3138638305620227,0.0011550319209869611,-0.7371129518704386,-0.7993867452099721,-1.019393029478998,-0.0012242582655817291,4.52022042346278,0.0012201594684569904,0.0,0,-10.714285714285714,-3,3.9068610181684797,4.9406220230112154
270,diesel,0.06578724916238216,0.006578724916238216,0.05097486618462796,106.7338371931802,188.4464415188124,1271.8384058439822,4,90,28,43,0.11778378547209009,0.028407600962364672,132.18355271098034,0.049917886512207216,108.44833796252156,0.12009678604604898,0.026993362140562825,4,28,126.4601428112065,2.1174367471713045,0.0010569796724207436,-1.5809378009406478,-1.7145007693413703,-1.9259471049225338,-0.00231300057395889,5.239209604337044,0.001414238821801847,0.0,0,0.0,0,4.525860696139157,5.723409899773841
271,diesel,0.06578724916238216,0.006578724916238216,0.05472217261036842,110.44229336397842,195.08715856089236,1279.8681408000666,5,92,26,43,0.14327055458378346,0.028110491340594627,128.85325435937727,0.049917886512207216,108.44833796252156,0.12009678604604898,0.026993362140562825,4,28,126.4601428112065,9.62437802126566,0.004804286098161206,1.8386223698015045,1.9939554014568586,19.295910657300112,0.02317376853773448,4.1385330001300416,0.0011171292000318016,25.0,1,-7.142857142857142,-2,1.8923840310250775,2.393111548170779
272,diesel,0.06578724916238216,0.006578724916238216,0.05099947025241521,108.9001677627533,191.61218462621326,1268.9831200976892,5,90,29,44,0.1241275218362731,0.026415060237681354,129.5197094152281,0.049917886512207216,108.44833796252156,0.12009678604604898,0.026993362140562825,4,28,126.4601428112065,2.1667258287137203,0.0010815837402079961,0.4166313737218196,0.45182980023173513,3.356239515584207,0.004030735790224116,-2.142385597874296,-0.0005783019028814708,25.0,1,3.571428571428571,1,2.4193920202899557,3.0595666040216116
273,diesel,0.06578724916238216,0.006578724916238216,0.05072085711211713,105.23805587256948,187.84559482174438,1287.2839737941542,5,88,26,44,0.12359801071176411,0.025874288748694584,130.9748421551218,0.049917886512207216,108.44833796252156,0.12009678604604898,0.026993362140562825,4,28,126.4601428112065,1.6085829269104779,0.0008029705999099135,-2.960194826647802,-3.210282089952088,2.9153358561757434,0.003501224665715133,-4.14573548134122,-0.001119073391868241,25.0,1,-7.142857142857142,-2,3.570057129110895,4.5146993439152965
274,diesel,0.06578724916238216,0.006578724916238216,0.051483995367201274,109.97772175369575,191.566611403974,1249.7765387802697,4,86,27,41,0.12749766486986577,0.024041585456572784,132.4275817386155,0.049917886512207216,108.44833796252156,0.12009678604604898,0.026993362140562825,4,28,126.4601428112065,3.137370118045909,0.0015661088549940583,1.4102417979911501,1.5293837911741832,6.162428710606008,0.007400878823816792,-10.935194617918372,-0.0029517766839900414,0.0,0,-3.571428571428571,-1,4.718829818433652,5.967438927408992
275,diesel,0.06578724916238216,0.006578724916238216,0.053742029555838365,109.46800552428195,190.95959576226875,1243.3047621524133,5,88,25,41,0.13547952870576746,0.026996752806447314,131.615347992286,0.049917886512207216,108.44833796252156,0.12009678604604898,0.026993362140562825,4,28,126.4601428112065,7.660867297929312,0.0038241430436311494,0.940233461312031,1.0196675617603859,12.80862141791225,0.015382742659718479,0.012561109901140167,3.390665884488858e-06,25.0,1,-10.714285714285714,-3,4.076545436751363,5.155205181079495
276,diesel,0.06578724916238216,0.006578724916238216,0.055704282791633676,108.42550211070338,195.49658802038925,1323.9295166296072,5,91,28,43,0.14663945593888705,0.027853397317947993,128.3473877157353,0.049917886512207216,108.44833796252156,0.12009678604604898,0.026993362140562825,4,28,126.4601428112065,11.59182946980622,0.00578639627942646,-0.02105689422928562,-0.02283585181818637,22.101065954138654,0.026542669892838072,3.186098763491177,0.0008600351773851676,25.0,1,0.0,0,1.4923634139384805,1.8872449045287993
277,diesel,0.06578724916238216,0.006578724916238216,0.05385636392656894,107.28990913922632,191.68325543332952,1294.0997119742929,4,92,30,43,0.13711674650290184,0.027503242359110232,129.74191903641483,0.049917886512207216,108.44833796252156,0.12009678604604898,0.026993362140562825,4,28,126.4601428112065,7.88991219289419,0.003938477414361721,-1.068184948759268,-1.1584288232952389,14.171870053480747,0.017019960456852862,1.8889096359775486,0.0005098802185474066,0.0,0,7.142857142857142,2,2.5951071636125906,3.2817762252083327
278,diesel,0.06578724916238216,0.006578724916238216,0.05217464126013836,108.44549775472143,191.7022292205979,1273.3550390941755,5,87,29,44,0.12820935877616052,0.02742016294912462,130.6722094443344,0.049917886512207216,108.44833796252156,0.12009678604604898,0.026993362140562825,4,28,126.4601428112065,4.520934089185181,0.0022567547479311473,-0.0026189500489302475,-0.0028402078001334985,6.755029003857703,0.008112572730111539,1.5811324515238634,0.0004268008085617954,25.0,1,3.571428571428571,1,3.330746383400935,4.212066633127918
279,diesel,0.06578724916238216,0.006578724916238216,0.051703263494678006,106.48536146480346,187.7839760438793,1277.8201259166894,5,88,30,44,0.12670363172762386,0.02566022076525928,133.01605720857765,0.049917886512207216,108.44833796252156,0.12009678604604898,0.026993362140562825,4,28,126.4601428112065,3.5766277525275108,0.0017853769824707905,-1.8100567833473702,-1.9629764977181026,5.501267685083264,0.00660684568157488,-4.938774830498933,-0.0013331413753035447,25.0,1,7.142857142857142,2,5.184174437600105,6.555914397371154
280,diesel,0.06578724916238216,0.006578724916238216,0.0522975684467799,107.00849149476613,191.36142299249926,1247.4989776702214,5,90,26,44,0.12624605761393798,0.028607897705855444,129.30695475267345,0.049917886512207216,108.44833796252156,0.12009678604604898,0.026993362140562825,4,28,126.4601428112065,4.767192885842118,0.0023796819345726847,-1.3276796074579065,-1.4398464677554301,5.120263222973485,0.0061492715678889975,5.981231818716135,0.0016145355652926185,25.0,1,-7.142857142857142,-2,2.2511535082772953,2.846811941466953
281,diesel,0.06578724916238216,0.006578724916238216,0.05323916810622608,107.89901297788779,191.52234607803453,1227.6505866521327,5,90,28,44,0.13509947874451436,0.026769379585983542,130.34644998878488,0.049917886512207216,108.44833796252156,0.12009678604604898,0.026993362140562825,4,28,126.4601428112065,6.653490013457717,0.003321281594018864,-0.5065314922794026,-0.5493249846337704,12.492168352209578,0.01500269269846538,-0.8297690128889321,-0.00022398255457928284,25.0,1,0.0,0,3.073147863971885,3.886307177578388
282,diesel,0.06578724916238216,0.006578724916238216,0.04804226040961936,105.00707363860133,183.71726911003046,1236.4065688009985,5,88,25,44,0.104338392008375,0.02717413382748559,130.31342884510542,0.049917886512207216,108.44833796252156,0.12009678604604898,0.026993362140562825,4,28,126.4601428112065,-3.757422907176121,-0.0018756261025878532,-3.173183092127697,-3.4412643239202367,-13.121411951550233,-0.015758394037673984,0.6696894072751314,0.0001807716869227649,25.0,1,-10.714285714285714,-3,3.047035965831172,3.853286033898925
283,diesel,0.06578724916238216,0.006578724916238216,0.05022120222991994,108.88919245117792,193.61563969423176,1296.9241194997442,4,88,27,41,0.12626921613896552,0.02564529575130214,125.48907463630621,0.049917886512207216,108.44833796252156,0.12009678604604898,0.026993362140562825,4,28,126.4601428112065,0.6076293266914384,0.00030331571771272103,0.4065110604172746,0.4408544886563561,5.139546440942919,0.006172430092916542,-4.99406625318063,-0.0013480663892606846,0.0,0,-3.571428571428571,-1,-0.7678847685234693,-0.9710681749002816
284,diesel,0.06578724916238216,0.006578724916238216,0.053354411409428516,109.45816951696165,191.6984900722893,1275.019297622895,5,89,27,44,0.13323357587367157,0.027830540376704488,130.70410930308034,0.049917886512207216,108.44833796252156,0.12009678604604898,0.026993362140562825,4,28,126.4601428112065,6.88435576370188,0.0034365248972213006,0.9311636982293531,1.0098315544400833,10.93850240304143,0.013136789827622591,3.101422608203511,0.0008371782361416627,25.0,1,-3.571428571428571,-1,3.3559716109206876,4.243966491873849
285,diesel,0.06578724916238216,0.006578724916238216,0.051886850705137724,111.98816400448624,192.47871000899698,1274.13046153589,4,87,30,42,0.1305217494680655,0.025433250982397477,130.79862672206298,0.049917886512207216,108.44833796252156,0.12009678604604898,0.026993362140562825,4,28,126.4601428112065,3.9444061648102955,0.0019689641929305085,3.2640666592677468,3.539826041964673,8.680468283322126,0.010424963422016514,-5.779610372510711,-0.0015601111581653483,0.0,0,7.142857142857142,2,3.430712487280237,4.338483910856482
286,diesel,0.06578724916238216,0.006578724916238216,0.05604702540791186,110.96809896443173,197.4428393766746,1270.2941405178321,4,95,28,43,0.14909116493303123,0.029536269415303396,127.01417003595382,0.049917886512207216,108.44833796252156,0.12009678604604898,0.026993362140562825,4,28,126.4601428112065,12.278442305857212,0.006129138895704642,2.323466683999314,2.519761001910169,24.142510254907965,0.028994378886982253,9.420491087767662,0.002542907274740571,0.0,0,0.0,0,0.43810422195587906,0.5540272247473297
287,diesel,0.06578724916238216,0.006578724916238216,0.05343392243021846,111.64774547785274,194.66686628110455,1242.2477063062015,6,90,27,43,0.13914049712019338,0.025786594223644804,130.50318677292526,0.049917886512207216,108.44833796252156,0.12009678604604898,0.026993362140562825,4,28,126.4601428112065,7.04363939196707,0.003516035918011244,2.95016740269164,3.199407515331174,15.856969783389898,0.019043711074144404,-4.470609887845782,-0.0012067679169180216,50.0,2,-3.571428571428571,-1,3.197089511242023,4.043043961718766
288,diesel,0.06578724916238216,0.006578724916238216,0.050816752828778934,109.13842107148122,190.66980315006452,1248.7336372329205,4,90,27,43,0.12248977458692137,0.02703437594212517,129.6896457196045,0.049917886512207216,108.44833796252156,0.12009678604604898,0.026993362140562825,4,28,126.4601428112065,1.8006898516264394,0.0008988663165717184,0.636324282994673,0.6900831089596551,1.9925500254060406,0.002392988540872387,0.15194032276813882,4.1013801562343744e-05,0.0,0,-3.571428571428571,-1,2.5537713595811433,3.229502908398004
289,diesel,0.06578724916238216,0.006578724916238216,0.05337738286587657,104.81581301459046,190.16049411257802,1275.8507445331147,6,93,25,43,0.12953619318480583,0.029682719912935113,129.24816895003275,0.049917886512207216,108.44833796252156,0.12009678604604898,0.026993362140562825,4,28,126.4601428112065,6.930374251368497,0.003459496353669357,-3.349544138875101,-3.6325249479311026,7.859833264095408,0.00943940713875685,9.963033720541983,0.0026893577723722875,50.0,2,-10.714285714285714,-3,2.204667871511519,2.788026138826254
290,diesel,0.06578724916238216,0.006578724916238216,0.0505765201426967,107.82860835249618,191.33202852553194,1277.6144371893436,6,91,25,43,0.1274865848626003,0.024133557183436936,129.17493230359864,0.049917886512207216,108.44833796252156,0.12009678604604898,0.026993362140562825,4,28,126.4601428112065,1.3194341277418058,0.0006586336304894858,-0.5714514594401244,-0.619729610025388,6.153202812369885,0.0073897988165513295,-10.594474827677992,-0.0028598049571258895,50.0,2,-10.714285714285714,-3,2.146755042373372,2.7147894923921427
291,diesel,0.06578724916238216,0.006578724916238216,0.05305215632706311,109.84066123401394,191.51503885775682,1298.589020869842,3,89,26,44,0.13411249492604452,0.028160535832126424,128.61668029051035,0.049917886512207216,108.44833796252156,0.12009678604604898,0.026993362140562825,4,28,126.4601428112065,6.278851197134358,0.003134269814855893,1.2838585612750866,1.3923232714923728,11.670344679017024,0.014015708879995536,4.323928547639833,0.0011671736915635986,-25.0,-1,-7.142857142857142,-2,1.7053100141784314,2.15653747930385
292,diesel,0.06578724916238216,0.006578724916238216,0.050750052604683946,108.53784623943739,188.80771956206618,1267.0439900774402,3,87,28,44,0.12240306528140808,0.02698719368408713,127.61026475013405,0.049917886512207216,108.44833796252156,0.12009678604604898,0.026993362140562825,4,28,126.4601428112065,1.6670699635354698,0.0008321660924767299,0.08253540680978917,0.0895082769158222,1.9203505033638448,0.0023062792353591016,-0.02285175312202244,-6.168456475694889e-06,-25.0,-1,0.0,0,0.9094738574228737,1.1501219389275548
293,diesel,0.06578724916238216,0.006578724916238216,0.05337850921312408,108.45736762541357,194.7894608080855,1253.2556873086041,6,93,27,44,0.13579244353968042,0.026924174692780092,129.9576827505477,0.049917886512207216,108.44833796252156,0.12009678604604898,0.026993362140562825,4,28,126.4601428112065,6.932630651481171,0.0034606227009168627,0.008326234464860952,0.009029662892004353,13.069173631018922,0.015695657493631443,-0.25631282024985363,-6.918744778273284e-05,50.0,2,-3.571428571428571,-1,2.7657251222329426,3.497539939341195
294,diesel,0.06578724916238216,0.006578724916238216,0.05106489995850739,108.49995566886633,189.25449539883792,1216.6770430140032,5,90,27,43,0.12691298963487693,0.025297589631200167,129.7407960990697,0.049917886512207216,108.44833796252156,0.12009678604604898,0.026993362140562825,4,28,126.4601428112065,2.2978005008679108,0.0011470134463001727,0.04759658590859163,0.051617706344771364,5.675592006445867,0.0068162035888279515,-6.2821833772771365,-0.0016957725093626579,25.0,1,-3.571428571428571,-1,2.594219186325714,3.280653287863217
295,diesel,0.06578724916238216,0.006578724916238216,0.05426819622721246,108.13297336353453,192.45153407384907,1278.0459198505084,4,92,26,44,0.1350416431441174,0.028543232311638907,132.57882983232105,0.049917886512207216,108.44833796252156,0.12009678604604898,0.026993362140562825,4,28,126.4601428112065,8.71493169876372,0.004350309715005246,-0.29079707897046564,-0.3153645989870313,12.444010859989275,0.01494485709806842,5.741671463545099,0.0015498701710760822,0.0,0,-7.142857142857142,-2,4.838431212472373,6.118687021114553
296,diesel,0.06578724916238216,0.006578724916238216,0.051514340501838334,109.56146279164874,189.90479375038538,1254.7802697133347,4,87,26,43,0.12518952033678465,0.025244851744196897,132.60993047021054,0.049917886512207216,108.44833796252156,0.12009678604604898,0.026993362140562825,4,28,126.4601428112065,3.198160221067676,0.0015964539896311178,1.0264102244811308,1.1131248291271731,4.240525045177274,0.005092734290735673,-6.477556916625987,-0.001748510396365928,0.0,0,-7.142857142857142,-2,4.863024445722097,6.149787659004048
297,diesel,0.06578724916238216,0.006578724916238216,0.050821339935192826,106.6967895235496,189.9722760260046,1227.1141347747935,5,90,27,44,0.12176599574752857,0.026840386538303097,128.91359175972454,0.049917886512207216,108.44833796252156,0.12009678604604898,0.026993362140562825,4,28,126.4601428112065,1.809879155770496,0.0009034534229856103,-1.615099384535778,-1.751548438971966,1.3898870706161601,0.0016692097014795876,-0.5667156298023801,-0.00015297560225972784,25.0,1,-3.571428571428571,-1,1.9400966138246583,2.4534489485180444
298,diesel,0.06578724916238216,0.006578724916238216,0.05566476892361994,111.31603009118462,194.67433179707996,1279.637576570221,5,87,28,44,0.1363698748698612,0.03180080159921659,130.9406183116672,0.049917886512207216,108.44833796252156,0.12009678604604898,0.026993362140562825,4,28,126.4601428112065,11.512671735425634,0.005746882411412725,2.6442932944293633,2.8676921286630517,13.549978612727076,0.016273088823812232,17.809709785761154,0.004807439458653764,25.0,1,0.0,0,3.542994180506071,4.480475500460713
299,diesel,0.06578724916238216,0.006578724916238216,0.049978077394833995,108.02827240233105,190.46905932094234,1215.1609749999323,4,89,29,43,0.12316787554153223,0.024382851796168222,129.8648173427637,0.049917886512207216,108.44833796252156,0.12009678604604898,0.026993362140562825,4,28,126.4601428112065,0.12057978979550629,6.019088262677885e-05,-0.3873416302015416,-0.42006556019050834,2.557178752731731,0.0030710894954832507,-9.670934397874797,-0.002610510344394603,0.0,0,3.571428571428571,1,2.6922905951799176,3.4046745315572053
300,diesel,0.06578724916238216,0.006578724916238216,0.052948683423364284,110.75859988064191,194.36045740672805,1270.6174314301506,3,89,28,42,0.13774399241118715,0.026198929182127306,127.9082442973063,0.049917886512207216,108.44833796252156,0.12009678604604898,0.026993362140562825,4,28,126.4601428112065,6.07156496983481,0.0030307969111570687,2.130287989216345,2.3102619181203465,14.694153728952964,0.01764720636513817,-2.943067833857303,-0.0007944329584355196,-25.0,-1,0.0,0,1.145105053583314,1.4481014860998016
301,diesel,0.06578724916238216,0.006578724916238216,0.052542222070795556,107.91490818226737,193.20433788583034,1275.404605870116,4,95,25,43,0.1331725518815513,0.02660246604576346,129.31770233155703,0.049917886512207216,108.44833796252156,0.12009678604604898,0.026993362140562825,4,28,126.4601428112065,5.257305030225128,0.0026243355585883407,-0.4918745554574956,-0.5334297802541954,10.887690058990133,0.013075765835502323,-1.4481193293515904,-0.0003908960947993645,0.0,0,-10.714285714285714,-3,2.2596522958357017,2.8575595203505344
302,diesel,0.06578724916238216,0.006578724916238216,0.05352867713318504,106.17730222803479,190.77423173084983,1276.546390353959,6,92,28,41,0.13582159298246194,0.026598933785566194,132.34330596595348,0.049917886512207216,108.44833796252156,0.12009678604604898,0.026993362140562825,4,28,126.4601428112065,7.233460535423156,0.0036107906209778273,-2.0941176021264756,-2.271035734486773,13.09344525704756,0.015724806936412955,-1.461204991592824,-0.00039442835499663154,50.0,2,0.0,0,4.6521876568888665,5.883163154746981
303,diesel,0.06578724916238216,0.006578724916238216,0.05367816147362816,109.89740609508277,193.2280930034486,1296.3827396059078,5,84,28,44,0.13397655967927918,0.027304355550780007,131.25056476860323,0.049917886512207216,108.44833796252156,0.12009678604604898,0.026993362140562825,4,28,126.4601428112065,7.532921011191817,0.003760274961420944,1.3361828865113536,1.4490681325612087,11.557156598602273,0.013879773633230202,1.1521106877970324,0.00031099341021718213,25.0,1,0.0,0,3.788088365951315,4.790421957396731
304,diesel,0.06578724916238216,0.006578724916238216,0.05243224996617781,105.90792553017768,191.4912018021174,1316.3208295185368,4,93,25,42,0.13467046935417934,0.02544917930398629,130.24375188833247,0.049917886512207216,108.44833796252156,0.12009678604604898,0.026993362140562825,4,28,126.4601428112065,5.036999019090519,0.002514363453970596,-2.3425093275489575,-2.540412432343885,12.13494864262424,0.014573683308130359,-5.720602081858108,-0.0015441828365765353,0.0,0,-10.714285714285714,-3,2.991938007514793,3.7836090771259734
305,diesel,0.06578724916238216,0.006578724916238216,0.05311531793504732,113.3414829804151,198.02170323060784,1311.6691211309503,4,86,30,43,0.14588948259458998,0.024820828525032958,126.22304793406656,0.049917886512207216,108.44833796252156,0.12009678604604898,0.026993362140562825,4,28,126.4601428112065,6.405382211160291,0.003197431422840104,4.511959436007717,4.893145017893531,21.476591837063186,0.025792696548540994,-8.048399470272765,-0.0021725336155298675,0.0,0,7.142857142857142,2,-0.18748585275117036,-0.23709487713993838
306,diesel,0.06578724916238216,0.006578724916238216,0.051409461005211356,106.75248907737755,188.98860198803865,1265.6052714498667,3,90,30,43,0.12433389513316265,0.027846665570202607,128.29254592385908,0.049917886512207216,108.44833796252156,0.12009678604604898,0.026993362140562825,4,28,126.4601428112065,2.988056180301988,0.00149157449300414,-1.5637389350587203,-1.6958488851440165,3.528078666059408,0.004237109087113666,3.1611602333802127,0.0008533034296397818,-25.0,-1,7.142857142857142,2,1.448996554897298,1.8324031126525853
307,diesel,0.06578724916238216,0.006578724916238216,0.051093030122655196,112.42423069599755,195.44449765197658,1281.271614681734,4,88,27,41,0.13739163962401216,0.023059861699674746,126.46113867489325,0.049917886512207216,108.44833796252156,0.12009678604604898,0.026993362140562825,4,28,126.4601428112065,2.354153375785659,0.0011751436104479804,3.6661629013162083,3.9758927334759875,14.40076304067935,0.017294853577963176,-14.57210265399738,-0.003933500440888079,0.0,0,-3.571428571428571,-1,0.0007874921414887889,0.0009958636867537507
308,diesel,0.06578724916238216,0.006578724916238216,0.05315129143599052,107.86858924015898,189.56556438620996,1216.7199208510683,5,89,28,44,0.13451702746358957,0.025799999084019976,130.799833815205,0.049917886512207216,108.44833796252156,0.12009678604604898,0.026993362140562825,4,28,126.4601428112065,6.477447563795767,0.003233404923783302,-0.5345851612432594,-0.5797487223625808,12.007183449531613,0.014420241417540586,-4.420950048121599,-0.0011933630565428496,25.0,1,0.0,0,3.4316670118562773,4.33969100399851
309,diesel,0.06578724916238216,0.006578724916238216,0.054612678983213814,107.134971364902,193.03493443484265,1270.255052019029,3,93,27,43,0.130425225788333,0.03210170866131177,130.80668115483994,0.049917886512207216,108.44833796252156,0.12009678604604898,0.026993362140562825,4,28,126.4601428112065,9.405030539220657,0.004694792471006598,-1.2110527669621334,-1.313366597619563,8.600096707270541,0.010328439742284007,18.92445444234844,0.005108346520748944,-25.0,-1,-3.571428571428571,-1,3.4370816345846036,4.346538343633441
310,diesel,0.06578724916238216,0.006578724916238216,0.05234285649321766,108.01448074538231,191.45685764635869,1295.2030830110948,5,85,25,43,0.13000533085303223,0.02720581373899428,128.33232559674263,0.049917886512207216,108.44833796252156,0.12009678604604898,0.026993362140562825,4,28,126.4601428112065,4.857917973785667,0.0024249699810104455,-0.4000588900580333,-0.4338572171392485,8.25046625576141,0.00990854480698325,0.7870512658821623,0.00021245159843145608,25.0,1,-10.714285714285714,-3,1.4804528477649581,1.8721827855361397
311,diesel,0.06578724916238216,0.006578724916238216,0.049622151323580256,106.8868800765014,189.0511136786308,1277.875937518774,3,86,28,43,0.12263681418429005,0.024616612150303335,128.79212507318266,0.049917886512207216,108.44833796252156,0.12009678604604898,0.026993362140562825,4,28,126.4601428112065,-0.5924433290152195,-0.00029573518862695963,-1.43981725801993,-1.5614578860201647,2.114984273823233,0.002540028138241071,-8.80494240725929,-0.00237674999025949,-25.0,-1,0.0,0,1.8440452542091486,2.331982261976165
312,diesel,0.06578724916238216,0.006578724916238216,0.05380419991755499,109.05897278909092,191.7167200296653,1248.4599234504665,5,89,23,43,0.13468530085810138,0.027131002052366505,133.05403715490007,0.049917886512207216,108.44833796252156,0.12009678604604898,0.026993362140562825,4,28,126.4601428112065,7.78541255827686,0.0038863134053477716,0.5630651774307326,0.6106348265693526,12.147298268630342,0.014588514812052394,0.5099028090200317,0.0001376399118036796,25.0,1,-17.857142857142858,-5,5.214207573320285,6.593894343693577
313,diesel,0.06578724916238216,0.006578724916238216,0.051747634943247904,106.94198868139637,189.60685328087786,1231.7708462978162,4,91,27,43,0.12842357240512528,0.02712253262127814,129.52102549446263,0.049917886512207216,108.44833796252156,0.12009678604604898,0.026993362140562825,4,28,126.4601428112065,3.665516629181067,0.0018297484310406884,-1.3890017213963872,-1.5063492811251962,6.933396498956718,0.0083267863590763,0.47852683205109947,0.00012917048071531614,0.0,0,-3.571428571428571,-1,2.4204327270338126,3.060882683256139
314,diesel,0.06578724916238216,0.006578724916238216,0.05181735263623069,107.5067155200239,189.91511633599475,1292.5128859820993,4,92,28,43,0.12650692363029548,0.027290448643830498,129.9958924285172,0.049917886512207216,108.44833796252156,0.12009678604604898,0.026993362140562825,4,28,126.4601428112065,3.805181382346722,0.0018994661240234745,-0.8682682097194278,-0.9416224424976605,5.337476376585666,0.006410137584246495,1.1005909590685696,0.00029708650326767255,0.0,0,0.0,0,2.795939921236106,3.5357496173107137
315,diesel,0.06578724916238216,0.006578724916238216,0.05466893416292,113.73367489377222,197.4534492394609,1292.335003843312,5,84,28,43,0.14110997350634477,0.027435402847114262,128.77424716830564,0.049917886512207216,108.44833796252156,0.12009678604604898,0.026993362140562825,4,28,126.4601428112065,9.517725974938731,0.0047510476507127836,4.8735988310647995,5.285336931250654,17.496877437035373,0.02101318746029579,1.637590398148972,0.0004420407065514366,25.0,1,0.0,0,1.829908068784872,2.31410435709914
316,diesel,0.06578724916238216,0.006578724916238216,0.05434871553373776,111.62624573879133,193.93034963448028,1268.3052673199836,4,87,30,43,0.1485011294238077,0.023248367853035058,131.44486534725772,0.049917886512207216,108.44833796252156,0.12009678604604898,0.026993362140562825,4,28,126.4601428112065,8.876235215701698,0.004430829021530545,2.930342535418117,3.1779077762697625,23.651210255424797,0.028404343377758712,-13.873760030434216,-0.003744994287527767,0.0,0,7.142857142857142,2,3.9417340714955227,4.984722536051223
317,diesel,0.06578724916238216,0.006578724916238216,0.056669327226402846,111.13378177953206,194.91143290675177,1240.1022231274883,5,91,26,44,0.13840846935404294,0.03136341748928852,133.28249539547457,0.049917886512207216,108.44833796252156,0.12009678604604898,0.026993362140562825,4,28,126.4601428112065,13.525093280030182,0.006751440714195631,2.4762424832536865,2.685443817010494,15.247438262813018,0.01831168330799396,16.189370282847523,0.004370055348725692,25.0,1,-7.142857142857142,-2,5.394863893561489,6.822352584268074
318,diesel,0.06578724916238216,0.006578724916238216,0.055585490960959064,110.80173998643309,194.9514683307712,1254.5540958932506,7,88,27,44,0.14626232672104408,0.028263558081305352,128.15396883470194,0.049917886512207216,108.44833796252156,0.12009678604604898,0.026993362140562825,4,28,126.4601428112065,11.353854990166418,0.005667604448751848,2.170067396260914,2.353402023911528,21.787044879754227,0.026165540674995102,4.70558626275683,0.0012701959407425273,75.0,3,-3.571428571428571,-1,1.3394149222369418,1.693826023495447
319,diesel,0.06578724916238216,0.006578724916238216,0.05141024886931296,110.79727666839361,193.73527570932228,1313.0888745028847,4,86,27,43,0.13274808005238742,0.02536777763814178,128.11144745741905,0.049917886512207216,108.44833796252156,0.12009678604604898,0.026993362140562825,4,28,126.4601428112065,2.9896345005327776,0.0014923623571057448,2.1659517794397263,2.348938705872044,10.53424860302883,0.012651294006338437,-6.02216387108846,-0.001625584502421045,0.0,0,-3.571428571428571,-1,1.3057905910147511,1.6513046462125516
320,diesel,0.06578724916238216,0.006578724916238216,0.051500361792361594,108.19778510389877,191.309839096375,1230.2368808605204,6,88,27,42,0.1270627120740791,0.025435927659734812,129.15766191519168,0.049917886512207216,108.44833796252156,0.12009678604604898,0.026993362140562825,4,28,126.4601428112065,3.170156812964008,0.0015824752801543787,-0.2310343001378083,-0.25055285862279675,5.800260154638241,0.006965926028030117,-5.769694314913301,-0.0015574344808280127,50.0,2,-3.571428571428571,-1,2.1330982584863416,2.6975191039851865
321,diesel,0.06578724916238216,0.006578724916238216,0.05053166038981074,108.3273382555729,190.8468936627359,1308.4838819840197,4,88,29,42,0.12621493400588746,0.023974957463413354,130.2178150024148,0.049917886512207216,108.44833796252156,0.12009678604604898,0.026993362140562825,4,28,126.4601428112065,1.2295670359630042,0.0006137738776035226,-0.11157359275573422,-0.12099970694866613,5.094347785037796,0.006118147959838477,-11.18202564553352,-0.0030184046771494707,0.0,0,3.571428571428571,1,2.971428078187578,3.7576721912083
322,diesel,0.06578724916238216,0.006578724916238216,0.053126832064097594,109.45594918077717,193.58682058728084,1238.29037413053,4,97,27,41,0.14334988634220633,0.02322804575250835,131.8147433868279,0.049917886512207216,108.44833796252156,0.12009678604604898,0.026993362140562825,4,28,126.4601428112065,6.428448350083178,0.0032089455518903784,0.9291163305829757,1.0076112182556045,19.36196717807366,0.023253100296157347,-13.949045578121403,-0.003765316388054475,0.0,0,-3.571428571428571,-1,4.23421993411421,5.354600575621404
323,diesel,0.06578724916238216,0.006578724916238216,0.05150303287222682,109.27996162597753,192.98402065676441,1251.5508556397763,4,89,29,43,0.1305293048794972,0.025827371444020066,128.05269604874368,0.049917886512207216,108.44833796252156,0.12009678604604898,0.026993362140562825,4,28,126.4601428112065,3.1755077603935935,0.001585146360019607,0.7668385510374264,0.8316236634559715,8.686759385424407,0.010432518833448229,-4.319546007166813,-0.0011659906965427597,0.0,0,3.571428571428571,1,1.2593321517236669,1.5925532375371887
324,diesel,0.06578724916238216,0.006578724916238216,0.050579596500320616,105.9658147935366,188.74012742780477,1271.3594116471738,5,96,27,44,0.11842665136356482,0.027153216863256464,131.17066284599167,0.049917886512207216,108.44833796252156,0.12009678604604898,0.026993362140562825,4,28,126.4601428112065,1.3255969640292795,0.0006617099881134,-2.289129751202733,-2.4825231689849687,-1.3906572669178445,-0.0016701346824841562,0.592200118907846,0.0001598547226936385,25.0,1,-3.571428571428571,-1,3.7249048831279232,4.710520034785176
325,diesel,0.06578724916238216,0.006578724916238216,0.05310261063992289,107.22857996228525,189.1432563865122,1265.7103769276785,3,92,28,42,0.1354819240726631,0.026838771037606225,129.75711888669846,0.049917886512207216,108.44833796252156,0.12009678604604898,0.026993362140562825,4,28,126.4601428112065,6.379925814641331,0.0031847241277156713,-1.1247364626812857,-1.219758000236311,12.810615948302697,0.01538513802661412,-0.5727004370615143,-0.00015459110295660064,-25.0,-1,0.0,0,2.60712664259288,3.296976075491969
326,diesel,0.06578724916238216,0.006578724916238216,0.05189273277896766,108.25177164955878,192.49121474444567,1307.0352920592256,5,92,25,43,0.12715355368544587,0.02719187397942795,129.74620750328907,0.049917886512207216,108.44833796252156,0.12009678604604898,0.026993362140562825,4,28,126.4601428112065,3.956189664154755,0.0019748462667604424,-0.1812534121368628,-0.19656631296278704,5.875900489702611,0.007056767639396888,0.735409830874021,0.0001985118388651251,25.0,1,-10.714285714285714,-3,2.598498324478703,3.286064692082576
327,diesel,0.06578724916238216,0.006578724916238216,0.05412682651034382,110.25921120817321,192.1910050859377,1290.4337925464056,4,88,26,43,0.13335804168595974,0.029367105830743218,131.40615518929798,0.049917886512207216,108.44833796252156,0.12009678604604898,0.026993362140562825,4,28,126.4601428112065,8.43172716678885,0.004208939998136603,1.669802672566052,1.8108732456516492,11.042140324076591,0.013261255639910763,8.793805224482863,0.002373743690180393,0.0,0,-7.142857142857142,-2,3.9111235114414096,4.946012378091481
328,diesel,0.06578724916238216,0.006578724916238216,0.05530317034887023,109.85254862252195,194.69157938327783,1254.8174247794975,4,90,25,42,0.1450404283403692,0.02777570651040509,129.1749645552569,0.049917886512207216,108.44833796252156,0.12009678604604898,0.026993362140562825,4,28,126.4601428112065,10.788284947412716,0.005385283836663014,1.294819898932583,1.4042106600003876,20.76961683617081,0.024943642294320223,2.898284273623845,0.0007823443698422652,0.0,0,-10.714285714285714,-3,2.146780545790932,2.714821744050411
329,diesel,0.06578724916238216,0.006578724916238216,0.05318368287728441,110.48596152981801,192.05118377979204,1239.5154064555322,4,86,27,43,0.1353593167768908,0.02667937056290943,130.80214006321899,0.049917886512207216,108.44833796252156,0.12009678604604898,0.026993362140562825,4,28,126.4601428112065,6.5423370123624025,0.003265796365077192,1.878888699982316,2.03762356729645,12.708525542881457,0.015262530730841828,-1.1632177422669514,-0.0003139915776533969,0.0,0,-3.571428571428571,-1,3.4334907074197263,4.34199725201249
330,diesel,0.06578724916238216,0.006578724916238216,0.05494091873996679,109.0893053259187,192.40929920977567,1285.5320015247726,5,88,27,44,0.13068182131780848,0.029450320882777846,135.24330143697637,0.049917886512207216,108.44833796252156,0.12009678604604898,0.026993362140562825,4,28,126.4601428112065,10.062589942647532,0.005023032227759572,0.5910347502224041,0.640967363397138,8.813753989803567,0.010585035271759496,9.102084910434177,0.0024569587422150208,25.0,1,-3.571428571428571,-1,6.945396731745218,8.783158625769872
331,diesel,0.06578724916238216,0.006578724916238216,0.05165756382262531,111.10766651893692,194.17404465097601,1298.3435605183058,6,87,27,43,0.13034843514593006,0.025926354378944937,128.78003755823215,0.049917886512207216,108.44833796252156,0.12009678604604898,0.026993362140562825,4,28,126.4601428112065,3.485078059129496,0.001739677310418096,2.452161652615084,2.6593285564153604,8.536156076608298,0.010251649099881077,-3.9528523940872855,-0.0010670077616178886,50.0,2,-3.571428571428571,-1,1.834486894806887,2.319894747025657
332,diesel,0.06578724916238216,0.006578724916238216,0.05117497726623627,107.21465272891845,188.53426423832911,1275.6566394900506,4,86,27,44,0.11823554323795651,0.028547172671958766,130.76833896767974,0.049917886512207216,108.44833796252156,0.12009678604604898,0.026993362140562825,4,28,126.4601428112065,2.5183172643369836,0.0012570907540290568,-1.1375787372872954,-1.2336852336031114,-1.54978569316485,-0.001861242808092467,5.756268979405997,0.0015538105313959404,0.0,0,-3.571428571428571,-1,3.406762052218294,4.308196156473244
333,diesel,0.06578724916238216,0.006578724916238216,0.0536076897680363,109.57516715024836,190.88974951975163,1268.6520707631175,5,83,28,44,0.13032724454956038,0.02706310235222033,133.56514205590338,0.049917886512207216,108.44833796252156,0.12009678604604898,0.026993362140562825,4,28,126.4601428112065,7.391745752149902,0.0036898032558290855,1.0390469867009091,1.1268291877267984,8.518511477558366,0.010230458503511397,0.25836059729924427,6.974021165750618e-05,25.0,1,0.0,0,5.618370410433588,7.104999244696884
334,diesel,0.06578724916238216,0.006578724916238216,0.05388252108176953,112.79565381434965,196.37272470056672,1295.6486291226647,5,88,30,41,0.14504287727957021,0.025080609698041892,130.03031424005184,0.049917886512207216,108.44833796252156,0.12009678604604898,0.026993362140562825,4,28,126.4601428112065,7.942312558831553,0.003964634569562316,4.008651431182344,4.347315851828085,20.77165597417078,0.024946091233521234,-7.086010377516653,-0.0019127524425209333,25.0,1,7.142857142857142,2,2.82315941567082,3.5701714288453417
335,diesel,0.06578724916238216,0.006578724916238216,0.053287230311036674,110.00796525664133,193.9393056209407,1293.3216661661759,5,90,30,43,0.13848038044998734,0.026603032937069206,128.47925799621834,0.049917886512207216,108.44833796252156,0.12009678604604898,0.026993362140562825,4,28,126.4601428112065,6.7497725449684225,0.0033693437988294578,1.438129272814446,1.559627294119764,15.30731588178346,0.018383594403938358,-1.446019215616988,-0.00039032920349361955,25.0,1,7.142857142857142,2,1.59664155055257,2.0191151850118416
336,diesel,0.06578724916238216,0.006578724916238216,0.05152431939087203,108.73346388672365,190.98736524496334,1283.0379973634772,4,85,27,44,0.1287345122838498,0.02548979379622163,131.02484646622014,0.049917886512207216,108.44833796252156,0.12009678604604898,0.026993362140562825,4,28,126.4601428112065,3.218150829106048,0.0016064328786648124,0.2629140561846394,0.2851259242020916,7.192304242420638,0.008637726237800819,-5.570141046201089,-0.0015035683443411947,0.0,0,-3.571428571428571,-1,3.6095986874127863,4.564703655013645
337,diesel,0.06578724916238216,0.006578724916238216,0.05170927071645386,107.56589549808974,191.757740278007,1329.1756004271692,4,90,26,44,0.13062008308717374,0.025245917341669498,129.22574627788498,0.049917886512207216,108.44833796252156,0.12009678604604898,0.026993362140562825,4,28,126.4601428112065,3.5886619594933604,0.0017913842042466474,-0.8136984678702774,-0.8824424644318185,8.762346926661122,0.010523297041124757,-6.473609288809001,-0.0017474447988933273,0.0,0,-7.142857142857142,-2,2.186936852354563,2.765603466678485
338,diesel,0.06578724916238216,0.006578724916238216,0.052738533271542584,108.58648067781989,190.73349506672324,1283.3440558433217,5,86,28,42,0.13317285267779663,0.024730208759275927,134.06735131568266,0.049917886512207216,108.44833796252156,0.12009678604604898,0.026993362140562825,4,28,126.4601428112065,5.650573284278754,0.0028206467593353685,0.1273811271741847,0.13814271529832922,10.887940520518065,0.013076066631747651,-8.384110765831819,-0.0022631533812868983,25.0,1,0.0,0,6.0154989037399975,7.607208504476162
339,diesel,0.06578724916238216,0.006578724916238216,0.05194871075645265,108.19271224835651,189.82042810431898,1288.087335981186,4,91,25,42,0.12523322205914073,0.02654239824995057,132.75252699712152,0.049917886512207216,108.44833796252156,0.12009678604604898,0.026993362140562825,4,28,126.4601428112065,4.068329783451082,0.002030824244245437,-0.23571197029629928,-0.2556257141650491,4.276913797778293,0.005136436013091744,-1.670647354945809,-0.0004509638906122562,0.0,0,-10.714285714285714,-3,4.975784500978291,6.292384185915026
340,diesel,0.06578724916238216,0.006578724916238216,0.055171413705719416,109.58006875213253,194.6138070874311,1258.6671489868204,6,88,28,44,0.14700141763941796,0.026523096741949085,130.18830930409385,0.049917886512207216,108.44833796252156,0.12009678604604898,0.026993362140562825,4,28,126.4601428112065,10.52433818933314,0.0052535271935122,1.0435667441967456,1.1317307896109696,22.40245761701972,0.026904631593368977,-1.7421520007953144,-0.0004702653986137402,50.0,2,0.0,0,2.948096064111811,3.728166492887354
341,diesel,0.06578724916238216,0.006578724916238216,0.05439543214246148,109.64175186914603,194.3228531576946,1206.0727354899955,6,91,27,44,0.13398248510941949,0.02537360060836421,138.26743462258557,0.049917886512207216,108.44833796252156,0.12009678604604898,0.026993362140562825,4,28,126.4601428112065,8.969822128104923,0.004477545630254265,1.100444625566231,1.193413906624471,11.5620904776305,0.013885699063370505,-6.000592011339729,-0.0016197615321986158,50.0,2,-3.571428571428571,-1,9.336769316326242,11.807291811379073
342,diesel,0.06578724916238216,0.006578724916238216,0.05134753164114832,108.96692415190722,191.30685418312837,1228.0085399892905,5,92,29,43,0.13276166201631237,0.02543424649336858,127.7413218444166,0.049917886512207216,108.44833796252156,0.12009678604604898,0.026993362140562825,4,28,126.4601428112065,2.863993708130025,0.001429645128941101,0.47818730939415166,0.5185861893856583,10.545557784874665,0.01266487597026339,-5.775922388161379,-0.001559115647194246,25.0,1,3.571428571428571,1,1.0131089564897868,1.2811790332101083
343,diesel,0.06578724916238216,0.006578724916238216,0.05457256301567051,110.00999001740588,195.57999678494792,1303.2181419568492,3,92,27,44,0.14072771924721955,0.0265362248796409,132.75197643059792,0.049917886512207216,108.44833796252156,0.12009678604604898,0.026993362140562825,4,28,126.4601428112065,9.324666624908113,0.004654676503463295,1.4399963007492176,1.5616520548843198,17.17858893680969,0.02063093320117057,-1.6935173119282825,-0.00045713726092192625,-25.0,-1,-3.571428571428571,-1,4.975349133350704,6.291833619391426
344,diesel,0.06578724916238216,0.006578724916238216,0.05215312803432419,106.50689334202572,189.64391944784657,1218.6484666886358,4,92,26,44,0.12715755866867656,0.027106762455752026,132.72077159750134,0.049917886512207216,108.44833796252156,0.12009678604604898,0.026993362140562825,4,28,126.4601428112065,4.4778368602812435,0.0022352415221169736,-1.7902022815386838,-1.9414446204958438,5.879235286046916,0.007060772622627581,0.42010444863700214,0.00011340031518920074,0.0,0,-7.142857142857142,-2,4.9506735063880125,6.260628786294845
345,diesel,0.06578724916238216,0.006578724916238216,0.05222479320300763,111.58838771368542,193.61280296145728,1217.7097091169612,4,88,29,43,0.13818237367313863,0.025504825862661996,127.59650261079886,0.049917886512207216,108.44833796252156,0.12009678604604898,0.026993362140562825,4,28,126.4601428112065,4.621402971931253,0.0023069066908004143,2.895433724626578,3.1400497511638576,15.059177037556232,0.018085587627089644,-5.514453035340905,-0.0014885362779008295,0.0,0,3.571428571428571,1,0.8985912670436027,1.1363597995923698
346,diesel,0.06578724916238216,0.006578724916238216,0.0530729670534962,109.05106304766932,194.7064746416024,1307.4637969828473,3,89,28,43,0.13437742784467555,0.026689511259346186,130.55152271130638,0.049917886512207216,108.44833796252156,0.12009678604604898,0.026993362140562825,4,28,126.4601428112065,6.32054111609357,0.0031550805412889835,0.5557716203599614,0.6027250851477532,11.890944186592058,0.014280641798626564,-1.1256503715039023,-0.0003038508812166392,-25.0,-1,0.0,0,3.235311782154113,4.091379900099881
347,diesel,0.06578724916238216,0.006578724916238216,0.05674215563663917,111.99795693704387,196.31837771295199,1280.829900104443,5,89,25,44,0.1429646499675649,0.030454816581432963,131.17447846148502,0.049917886512207216,108.44833796252156,0.12009678604604898,0.026993362140562825,4,28,126.4601428112065,13.670989701783757,0.006824269124431952,3.273096703196142,3.5496189745223035,19.041195584324488,0.022867863921515907,12.823354211473434,0.0034614544408701382,25.0,1,-10.714285714285714,-3,3.727922130624669,4.714335650278528
348,diesel,0.06578724916238216,0.006578724916238216,0.05390693868818858,113.54639839965114,194.4311070786513,1232.6011191421348,5,84,28,43,0.13791669522169017,0.02671670009183926,131.81791164999007,0.049917886512207216,108.44833796252156,0.12009678604604898,0.026993362140562825,4,28,126.4601428112065,7.9912281041903785,0.003989052175981361,4.700911542684411,5.0980604371295755,14.837956753320993,0.01781990917564119,-1.0249262292073826,-0.0002766620487235638,25.0,1,0.0,0,4.236725279349267,5.357768838783571
349,diesel,0.06578724916238216,0.006578724916238216,0.05286189880165668,110.89346083646461,195.28205693438255,1266.5009320500408,6,89,27,44,0.13535077440221938,0.02629309107714254,128.68295773514643,0.049917886512207216,108.44833796252156,0.12009678604604898,0.026993362140562825,4,28,126.4601428112065,5.897710210005628,0.002944012289449467,2.2546430124065653,2.445122873943049,12.701412634241121,0.015253988356170395,-2.5942343149910565,-0.0007002710634202852,50.0,2,-3.571428571428571,-1,1.7577197641302655,2.2228149239399357
350,diesel,0.06578724916238216,0.006578724916238216,0.053115652009390814,109.91486675863318,194.50714109765892,1247.6771918998802,5,91,27,42,0.14399360927971494,0.024416697110489355,126.69457301370407,0.049917886512207216,108.44833796252156,0.12009678604604898,0.026993362140562825,4,28,126.4601428112065,6.406051458932656,0.003197765497183598,1.3522833301681696,1.4665287961116178,19.89797064552847,0.02389682323366596,-9.545550556673803,-0.0025766650300734703,25.0,1,-3.571428571428571,-1,0.18537872667719546,0.2344302024975775
351,diesel,0.06578724916238216,0.006578724916238216,0.05145823648423109,112.01772085498955,194.51539283588522,1221.2058548215916,6,90,29,42,0.12991660995157983,0.02522200747048926,129.49292355368902,0.049917886512207216,108.44833796252156,0.12009678604604898,0.026993362140562825,4,28,126.4601428112065,3.0857676068620976,0.0015403499720238745,3.291320973219083,3.569382892467985,8.176591754724905,0.00981982390553085,-6.56218614357697,-0.0017713546700735654,50.0,2,3.571428571428571,1,2.39821075246625,3.0327807424825295
352,diesel,0.06578724916238216,0.006578724916238216,0.05205835424098093,109.7957405750727,190.2098288724663,1263.960540154234,4,85,29,43,0.12112062734230115,0.02830133110048798,132.35298311033938,0.049917886512207216,108.44833796252156,0.12009678604604898,0.026993362140562825,4,28,126.4601428112065,4.287977473265565,0.002140467728773715,1.2424373096587076,1.3474026125511358,0.8525134851315666,0.0010238412962521731,4.845520736224541,0.0013079689599251564,0.0,0,3.571428571428571,1,4.659839984468752,5.892840299132885
353,diesel,0.06578724916238216,0.006578724916238216,0.0530181683685036,104.62756330118492,188.2055589445621,1233.4520550452562,4,92,27,43,0.12473199124524062,0.02993641877530389,131.0848729150019,0.049917886512207216,108.44833796252156,0.12009678604604898,0.026993362140562825,4,28,126.4601428112065,6.210763461586506,0.0031002818562963844,-3.5231288308512907,-3.8207746613366425,3.8595580712828994,0.004635205199191639,10.902890197285,0.0029430566347410647,0.0,0,-3.571428571428571,-1,3.6570653812242773,4.6247301037954145
354,diesel,0.06578724916238216,0.006578724916238216,0.051731286150604745,108.50611752620112,190.6014604711921,1233.444097573763,4,87,28,43,0.13084284734037827,0.025733939085609635,129.7505957629147,0.049917886512207216,108.44833796252156,0.12009678604604898,0.026993362140562825,4,28,126.4601428112065,3.6327652573072586,0.0018133996383975295,0.05327842248677694,0.05777956367955994,8.947834199500475,0.010746061294329284,-4.665676874169965,-0.0012594230549531904,0.0,0,0.0,0,2.6019683977587826,3.290452951708218
355,diesel,0.06578724916238216,0.006578724916238216,0.05256279897052076,111.46819385672748,193.93439214808157,1274.7513235154627,4,89,28,42,0.13457035168370501,0.027162941844054735,126.6613323843577,0.049917886512207216,108.44833796252156,0.12009678604604898,0.026993362140562825,4,28,126.4601428112065,5.298526526492149,0.002644912458313546,2.7846032045687448,3.019855894205918,12.051584487953242,0.014473565637656033,0.628227423500844,0.00016957970349191012,0.0,0,0.0,0,0.15909326739537924,0.20118957315121122
356,diesel,0.06578724916238216,0.006578724916238216,0.05201825780333105,108.18841023605752,190.92713396894936,1316.785502897898,5,89,27,44,0.12473228038361625,0.027531318813536557,133.01079525471158,0.049917886512207216,108.44833796252156,0.12009678604604898,0.026993362140562825,4,28,126.4601428112065,4.207652682992097,0.002100371291123837,-0.23967884741015574,-0.25992772646404205,3.8597988257486526,0.00463549433756727,1.9929220753325352,0.0005379566729737315,25.0,1,-3.571428571428571,-1,5.180013479254578,6.550652443505086
357,diesel,0.06578724916238216,0.006578724916238216,0.05308932913730633,109.9865375009282,193.83826647758391,1243.1300979533733,5,90,30,43,0.14207237474261927,0.025448919056406016,128.6030470054459,0.049917886512207216,108.44833796252156,0.12009678604604898,0.026993362140562825,4,28,126.4601428112065,6.353319114028498,0.003171442625099115,1.4183707812453643,1.53819953840663,18.298232134325513,0.021975588696570292,-5.721566198809968,-0.0015444430841568095,25.0,1,7.142857142857142,2,1.6945293169868973,2.1429041942393923
358,diesel,0.06578724916238216,0.006578724916238216,0.0506208252823546,108.83913944491316,190.4102257830835,1260.7490106282833,5,88,28,43,0.12243400465344229,0.02653631406952841,128.25276970888038,0.049917886512207216,108.44833796252156,0.12009678604604898,0.026993362140562825,4,28,126.4601428112065,1.4081901684188547,0.0007029387701473835,0.36035728138742995,0.39080148239159485,1.9461125350158326,0.0023372186073933043,-1.6931868977803681,-0.000457048071034416,25.0,1,0.0,0,1.417542996412801,1.792626897673884
359,diesel,0.06578724916238216,0.006578724916238216,0.05304621525181712,107.70551189139256,191.26404676165853,1252.1071856040724,5,92,27,43,0.1366365091555518,0.02494303619765151,130.57958878967167,0.049917886512207216,108.44833796252156,0.12009678604604898,0.026993362140562825,4,28,126.4601428112065,6.266949500846531,0.0031283287396099077,-0.684958465094886,-0.7428260711290022,13.771994783574778,0.01653972310950283,-7.595667157853954,-0.0020503259429113137,25.0,1,-3.571428571428571,-1,3.2575053980566335,4.11944597846518
360,diesel,0.06578724916238216,0.006578724916238216,0.05034253230023003,105.50476725370139,188.88288161799505,1241.8503547770001,4,95,25,43,0.11636190335780068,0.028392883842228284,128.86628872603632,0.049917886512207216,108.44833796252156,0.12009678604604898,0.026993362140562825,4,28,126.4601428112065,0.8506886362646173,0.00042464578802281494,-2.714260784556641,-2.9435707088201752,-3.1098939540448867,-0.0037348826882483005,5.184688348112084,0.0013995217016654592,0.0,0,-10.714285714285714,-3,1.9026911257106347,2.406145914829821
361,diesel,0.06578724916238216,0.006578724916238216,0.05296390172654361,110.27659487777407,193.4779374631221,1255.4805270790653,4,91,30,43,0.1351842897713847,0.025353607618702968,131.5279172175884,0.049917886512207216,108.44833796252156,0.12009678604604898,0.026993362140562825,4,28,126.4601428112065,6.102051643535638,0.003046015214336395,1.6858321202528097,1.8282569152525099,12.562787250235552,0.01508750372533571,-6.074658330152229,-0.0016397545218598576,0.0,0,7.142857142857142,2,4.007408416379561,5.067774406381901
362,diesel,0.06578724916238216,0.006578724916238216,0.054385478064899254,108.99278297214211,192.84872075254935,1280.4352682919036,6,93,25,44,0.12985600273530276,0.028725886100743406,131.8764370897241,0.049917886512207216,108.44833796252156,0.12009678604604898,0.026993362140562825,4,28,126.4601428112065,8.949881224637798,0.004467591552692038,0.5020316768789019,0.5444450096205458,8.12612644397643,0.00975921668925378,6.418333333798102,0.0017325239601805806,50.0,2,-10.714285714285714,-3,4.283005030765817,5.416294278517611
363,diesel,0.06578724916238216,0.006578724916238216,0.05036462717264433,107.62973360505595,189.11758159744574,1252.9324299752425,5,88,27,40,0.12053512904179442,0.02435264415563827,132.57849230123844,0.049917886512207216,108.44833796252156,0.12009678604604898,0.026993362140562825,4,28,126.4601428112065,0.89495107195267,0.00044674066043711574,-0.7548334744867335,-0.8186043574656168,0.36499144579719556,0.0004383429957454388,-9.782842060109136,-0.002640717984924556,25.0,1,-3.571428571428571,-1,4.838164305385995,6.118349490031946
364,diesel,0.06578724916238216,0.006578724916238216,0.05531660791326238,109.60619918987013,194.88945367824408,1242.9639058585153,6,89,27,43,0.14324832528246814,0.026834155218489485,132.86764884630782,0.049917886512207216,108.44833796252156,0.12009678604604898,0.026993362140562825,4,28,126.4601428112065,10.815204285011001,0.0053987214010551635,1.0676615696486789,1.1578612273485618,19.277401168372744,0.02315153923641916,-0.5898002673557297,-0.00015920692207333983,50.0,2,-3.571428571428571,-1,5.066818598067808,6.407506035101321
365,diesel,0.06578724916238216,0.006578724916238216,0.05014163798556954,109.40772973530362,192.5171008303132,1298.1893807224135,4,91,27,42,0.12665634713907667,0.023529337006059053,129.86195255106313,0.049917886512207216,108.44833796252156,0.12009678604604898,0.026993362140562825,4,28,126.4601428112065,0.4482390762028862,0.00022375147336232276,0.8846532743670166,0.9593917727820553,5.461895616850679,0.006559561093027688,-12.832877640308446,-0.0034640251345037718,0.0,0,-3.571428571428571,-1,2.6900252239436613,3.401809739856631
366,diesel,0.06578724916238216,0.006578724916238216,0.05325723515322202,108.98267217137546,191.35912226502924,1283.9932810380014,4,87,25,44,0.13233179464357675,0.02790662989497977,131.49103774890358,0.049917886512207216,108.44833796252156,0.12009678604604898,0.026993362140562825,4,28,126.4601428112065,6.68968354699508,0.0033393486410148027,0.49270852729762554,0.5343342088538918,10.18762366616245,0.012235008597527769,3.3833049386781657,0.0009132677544169444,0.0,0,-10.714285714285714,-3,3.978245497640908,5.030894937697084
367,diesel,0.06578724916238216,0.006578724916238216,0.051706731477393894,107.55875669320336,191.06490260620487,1277.0734261846255,3,90,26,43,0.12826769965602816,0.026834243876199523,128.7490090912458,0.049917886512207216,108.44833796252156,0.12009678604604898,0.026993362140562825,4,28,126.4601428112065,3.5835751274229604,0.0017888449651866783,-0.8202811458720816,-0.8895812693181995,6.80360722296614,0.00817091360997918,-0.5894718247201797,-0.00015911826436330184,-25.0,-1,-7.142857142857142,-2,1.8099507316359513,2.2888662800393007
368,diesel,0.06578724916238216,0.006578724916238216,0.054328255670342836,108.86916952911484,193.68975004699257,1276.0446070543574,6,88,27,43,0.1407604593401008,0.025170991633458272,131.61238519373336,0.049917886512207216,108.44833796252156,0.12009678604604898,0.026993362140562825,4,28,126.4601428112065,8.835248177138034,0.00441036915813562,0.38804796320503593,0.4208315665932787,17.205850359832873,0.020663673294051832,-6.751180151679155,-0.001822370507104553,50.0,2,-3.571428571428571,-1,4.074202565324233,5.152242382526865
369,diesel,0.06578724916238216,0.006578724916238216,0.05443340213366003,106.9276457343869,192.8008991649042,1268.054689937709,4,96,25,43,0.1324295597591831,0.031722946879282454,130.0734792992296,0.049917886512207216,108.44833796252156,0.12009678604604898,0.026993362140562825,4,28,126.4601428112065,9.045887029589217,0.0045155156214528175,-1.4022273247379746,-1.5206922281346635,10.269028938380869,0.012332773713134126,17.52128806367733,0.004729584738719629,0.0,0,-10.714285714285714,-3,2.8572927467095237,3.6133364880231085
370,diesel,0.06578724916238216,0.006578724916238216,0.05381118012590852,106.80476263945827,190.53567850021614,1253.0653668978161,6,89,27,43,0.13181411898906295,0.030457570722946078,128.3860712172676,0.049917886512207216,108.44833796252156,0.12009678604604898,0.026993362140562825,4,28,126.4601428112065,7.79939593946794,0.003893293613701304,-1.5155375858607332,-1.6435753230632884,9.756574949908456,0.01171733294301397,12.833557243977397,0.0034642085823832526,50.0,2,-3.571428571428571,-1,1.5229528950764781,1.925928406061118
371,diesel,0.06578724916238216,0.006578724916238216,0.052591719221136674,108.50316817216843,190.0919215036561,1239.7783275225809,4,88,28,42,0.1285026697103251,0.027135946698413703,131.25835922818135,0.049917886512207216,108.44833796252156,0.12009678604604898,0.026993362140562825,4,28,126.4601428112065,5.356462173685143,0.002673832708929458,0.05055882891060505,0.054830209646866024,6.999257799499333,0.00840588366427611,0.528220816319196,0.00014258455785087776,0.0,0,0.0,0,3.794251936072976,4.798216416974853
372,diesel,0.06578724916238216,0.006578724916238216,0.052949469559472204,107.06657337789909,189.76654958627716,1260.9147195077585,4,90,26,43,0.12971490293716342,0.028789945714575032,127.99843032821926,0.049917886512207216,108.44833796252156,0.12009678604604898,0.026993362140562825,4,28,126.4601428112065,6.073139828393229,0.003031583047264988,-1.2741224167953544,-1.3817645846224735,8.00863803917829,0.009618116891114442,6.655649506189105,0.0017965835740122067,0.0,0,-7.142857142857142,-2,1.2164208285841378,1.538287517012762
373,diesel,0.06578724916238216,0.006578724916238216,0.04790789732033758,106.39216518517736,188.80164388745825,1291.943703922361,4,90,25,42,0.11216406845079024,0.024719795610385665,128.01690081681562,0.049917886512207216,108.44833796252156,0.12009678604604898,0.026993362140562825,4,28,126.4601428112065,-4.026591132575495,-0.002009989191869635,-1.8959928902320198,-2.0561727773442016,-6.605270512582308,-0.007932717595258737,-8.42268746789671,-0.0022735665301771603,0.0,0,-10.714285714285714,-3,1.2310266072791205,1.556758005609126
374,diesel,0.06578724916238216,0.006578724916238216,0.05265493915065317,109.9174285053556,192.42641547937797,1310.3327022282606,4,89,26,42,0.12814369155682737,0.027631927750716417,130.38009383871264,0.049917886512207216,108.44833796252156,0.12009678604604898,0.026993362140562825,4,28,126.4601428112065,5.483110022650132,0.0027370526384459526,1.3546455118028076,1.4690905428340386,6.700350422111165,0.008046905510778385,2.3656393998953593,0.0006385656101535915,0.0,0,-7.142857142857142,-2,3.099752175164214,3.919951027506144
375,diesel,0.06578724916238216,0.006578724916238216,0.054503557809982305,108.46233372145329,194.55190537793138,1281.1510770995326,5,92,25,43,0.14157466900445995,0.027218585600143657,129.52121741547984,0.049917886512207216,108.44833796252156,0.12009678604604898,0.026993362140562825,4,28,126.4601428112065,9.18642919037384,0.004585671297775089,0.012905461895196984,0.013995758931727664,17.88381160356419,0.021477882958410965,0.8343660875144907,0.00022522345958083181,25.0,1,-10.714285714285714,-3,2.420584491070242,3.061074604273344
376,diesel,0.06578724916238216,0.006578724916238216,0.05487902118376264,112.60414567665593,196.41702295873884,1230.2647235653017,6,86,30,42,0.1453646841910376,0.027714244202719406,127.761816174466,0.049917886512207216,108.44833796252156,0.12009678604604898,0.026993362140562825,4,28,126.4601428112065,9.938591190839372,0.004961134671555421,3.8320621525528273,4.155807714134369,21.0396122801322,0.025267898144988615,2.6705901191660533,0.000720882062156581,50.0,2,7.142857142857142,2,1.0293151140931343,1.3016733632595106
377,diesel,0.06578724916238216,0.006578724916238216,0.05267683559861796,108.8476855041294,193.42516732400583,1275.220464138104,6,89,27,42,0.14101906438106487,0.025218027778178116,126.96025958693554,0.049917886512207216,108.44833796252156,0.12009678604604898,0.026993362140562825,4,28,126.4601428112065,5.526974956634138,0.0027589490864107433,0.3682375858501842,0.39934754160783825,17.42118088571797,0.020922278335015893,-6.576929369301947,-0.001775334362384709,50.0,2,-3.571428571428571,-1,0.39547383437299233,0.5001167757290403
378,diesel,0.06578724916238216,0.006578724916238216,0.05501334264838996,110.32363709582651,194.4351669629284,1290.1609228712384,5,88,30,42,0.14307352142599297,0.02852673461652309,128.68929700125747,0.049917886512207216,108.44833796252156,0.12009678604604898,0.026993362140562825,4,28,126.4601428112065,10.207676029987109,0.005095456136182744,1.7292096573697884,1.8752991333049494,19.13184868338939,0.02297673537994399,5.6805538634851,0.0015333724759602659,25.0,1,7.142857142857142,2,1.7627326211222945,2.229154190050977
379,diesel,0.06578724916238216,0.006578724916238216,0.05170936367620995,108.44777496804421,190.1603810848729,1259.2991564196236,4,90,27,42,0.12514108029475424,0.027160420061956955,130.82278101209212,0.049917886512207216,108.44833796252156,0.12009678604604898,0.026993362140562825,4,28,126.4601428112065,3.588848184837786,0.0017914771640027347,-0.0005191361047353534,-0.000562994477348866,4.200190875025673,0.0050442942487052556,0.6188851930493388,0.00016705792139412937,0.0,0,-3.571428571428571,-1,3.449812805761772,4.362638200885627
380,diesel,0.06578724916238216,0.006578724916238216,0.05705308962911987,111.52633496448958,197.05074428735693,1285.5025666100842,6,92,29,43,0.14885735499050898,0.028107352627857365,134.12096547516182,0.049917886512207216,108.44833796252156,0.12009678604604898,0.026993362140562825,4,28,126.4601428112065,14.293880641696976,0.007135203116912653,2.8382150061458145,3.077997001968015,23.947825659074894,0.028760568944459997,4.12690527950407,0.0011139904872945403,50.0,2,3.571428571428571,1,6.057894996522535,7.660822663955329
381,diesel,0.06578724916238216,0.006578724916238216,0.05348423352920113,112.0960435154921,194.70608391676183,1267.3467120779583,4,85,29,44,0.13722816404577123,0.02779146805432456,129.0590168602188,0.049917886512207216,108.44833796252156,0.12009678604604898,0.026993362140562825,4,28,126.4601428112065,7.144427110554415,0.0035663470169939177,3.363542145045264,3.6477055529705353,14.264643179671378,0.017131377999722253,2.9566747173091956,0.0007981059137617333,0.0,0,3.571428571428571,1,2.0550934003705756,2.5988740490123092
382,diesel,0.06578724916238216,0.006578724916238216,0.052457590374852606,110.97941131083917,192.79637950696542,1258.6822592534686,5,85,26,43,0.13334483685902732,0.027544497381989972,128.15901246814144,0.049917886512207216,108.44833796252156,0.12009678604604898,0.026993362140562825,4,28,126.4601428112065,5.087763204927187,0.00253970386264539,2.3338977764622943,2.531073348317605,11.031145169778819,0.013248050812978335,2.0417435907287667,0.0005511352414271468,25.0,1,-7.142857142857142,-2,1.3434032408702905,1.6988696569349457
383,diesel,0.06578724916238216,0.006578724916238216,0.051828009739764196,111.07621438129895,191.99804536072796,1256.8033298423225,3,87,28,42,0.12617311019719074,0.027970595519052833,129.99370327489282,0.049917886512207216,108.44833796252156,0.12009678604604898,0.026993362140562825,4,28,126.4601428112065,3.8265306506714123,0.0019101232275569799,2.423159698109484,2.62787641877739,5.059522699310123,0.00607632415114176,3.6202729152494966,0.0009772333784900077,-25.0,-1,0.0,0,2.7942088195816868,3.533560463686328
384,diesel,0.06578724916238216,0.006578724916238216,0.05364358677618892,111.01300721167016,192.87493405724612,1251.895503200081,5,85,27,42,0.13619495675293403,0.026607373954106374,130.79834123909512,0.049917886512207216,108.44833796252156,0.12009678604604898,0.026993362140562825,4,28,126.4601428112065,7.463657867547334,0.003725700263981703,2.364876490808842,2.5646692491485936,13.404330987435822,0.016098170706885045,-1.429937421083342,-0.0003859881864564513,25.0,1,-3.571428571428571,-1,3.430486737916439,4.338198427888628
385,diesel,0.06578724916238216,0.006578724916238216,0.0510174043903327,108.125357720746,192.74530742124682,1258.7132023856993,5,90,28,43,0.13196070996251888,0.02510298176827601,126.32857934224938,0.049917886512207216,108.44833796252156,0.12009678604604898,0.026993362140562825,4,28,126.4601428112065,2.2026531068309563,0.0010995178781254833,-0.29781944826778806,-0.32298024177556783,9.878635646353507,0.011863923916469898,-7.003130482386812,-0.0018903803722868165,25.0,1,0.0,0,-0.10403552141604296,-0.13156346895711124
386,diesel,0.06578724916238216,0.006578724916238216,0.051525633306237266,109.79322132382796,192.10062981124344,1251.6409420038854,5,85,28,44,0.12698815642380917,0.027109062247931207,128.24429583832617,0.049917886512207216,108.44833796252156,0.12009678604604898,0.026993362140562825,4,28,126.4601428112065,3.220782982542505,0.0016077467940300502,1.2401143130208012,1.344883361306401,5.738180516435984,0.006891370377760192,0.42862429202370184,0.00011570010736838138,25.0,1,0.0,0,1.410842173239714,1.7841530271196717
387,diesel,0.06578724916238216,0.006578724916238216,0.050896393018312364,106.44766852469644,189.41755114880579,1268.669492582641,4,90,25,41,0.12244272016959692,0.026551490370706345,131.44466863320307,0.049917886512207216,108.44833796252156,0.12009678604604898,0.026993362140562825,4,28,126.4601428112065,1.9602322423363376,0.0009785065061051479,-1.8448133695848166,-2.000669437825124,1.9533696119465154,0.0023459341235479436,-1.636964552824198,-0.0004418717698564806,0.0,0,-10.714285714285714,-3,3.9415785173024944,4.98452582199657
388,diesel,0.06578724916238216,0.006578724916238216,0.05148895720869448,106.57452317239436,187.87918353303616,1247.0133392188,4,92,28,44,0.12252218447793563,0.028205078726431146,130.9113157638223,0.049917886512207216,108.44833796252156,0.12009678604604898,0.026993362140562825,4,28,126.4601428112065,3.147310125205452,0.0015710706964872645,-1.7278409474332068,-1.8738147901271986,2.019536501964899,0.0024253984318866467,4.488942798449989,0.0012117165858683207,0.0,0,0.0,0,3.51982281030712,4.451172952615806
389,diesel,0.06578724916238216,0.006578724916238216,0.051544378229365695,107.33093662021261,189.2417901258044,1265.0632060668763,4,89,28,43,0.1261897626773883,0.02300811289861051,135.2700524917261,0.049917886512207216,108.44833796252156,0.12009678604604898,0.026993362140562825,4,28,126.4601428112065,3.2583344985183365,0.0016264917171584792,-1.0303535889089535,-1.117401342308952,5.073388582607923,0.006092976631339314,-14.763812011263674,-0.0039852492419523156,0.0,0,0.0,0,6.966550475648277,8.809909680519596
390,diesel,0.06578724916238216,0.006578724916238216,0.05289323393185306,110.01344027412192,192.01292017001848,1264.7063237493126,5,86,28,43,0.13010007435969861,0.028553373582811865,129.35341381775388,0.049917886512207216,108.44833796252156,0.12009678604604898,0.026993362140562825,4,28,126.4601428112065,5.960483561174476,0.002975347419645842,1.4431777757085003,1.5651023116003557,8.329355549793023,0.010003288313649633,5.77924096348419,0.0015600114422490395,25.0,1,0.0,0,2.287891617255858,2.89327100654738
391,diesel,0.06578724916238216,0.006578724916238216,0.05206128079607393,109.3526383339069,192.00474709556087,1232.8033829231251,4,91,26,44,0.1265617647780363,0.027639728111492526,130.50434206832762,0.049917886512207216,108.44833796252156,0.12009678604604898,0.026993362140562825,4,28,126.4601428112065,4.293840211649498,0.0021433942838667147,0.833853601055507,0.9043003713853324,5.383140502617975,0.006464978731987314,2.394536729303568,0.0006463659709297007,0.0,0,-7.142857142857142,-2,3.198003076082828,4.044199257121122
392,diesel,0.06578724916238216,0.006578724916238216,0.051886239789276145,108.7058073749538,192.24657297272782,1249.9039730404152,6,91,27,43,0.1294484615424891,0.026739067154003614,128.31213930908683,0.049917886512207216,108.44833796252156,0.12009678604604898,0.026993362140562825,4,28,126.4601428112065,3.94318232320909,0.0019683532770689294,0.23741204085693016,0.2574694124322434,7.786782481301691,0.009351675496440115,-0.9420648870452611,-0.00025429498655921146,50.0,2,-3.571428571428571,-1,1.4644902786842477,1.8519964978803358
393,diesel,0.06578724916238216,0.006578724916238216,0.05454795033695269,109.13416517337342,195.42099281016988,1260.8913883878308,5,94,26,43,0.14249282542195854,0.026892421677260962,132.62444519586202,0.049917886512207216,108.44833796252156,0.12009678604604898,0.026993362140562825,4,28,126.4601428112065,9.2753602931751,0.004630063824745477,0.632399927686184,0.6858272108518548,18.648325332638123,0.02239603937590956,-0.37394550103182606,-0.0001009404633018629,25.0,1,-7.142857142857142,-2,4.874502153503236,6.164302384655528
394,diesel,0.06578724916238216,0.006578724916238216,0.051952637841550346,109.80144565065177,191.57883840730065,1264.236582541283,7,85,30,42,0.12807493905093165,0.026297202686605497,129.35986779070126,0.049917886512207216,108.44833796252156,0.12009678604604898,0.026993362140562825,4,28,126.4601428112065,4.076196873530574,0.0020347513293431305,1.2476979486747193,1.3531076881302084,6.6431028402571775,0.007978153004882665,-2.5790023870765326,-0.0006961594539573283,75.0,3,7.142857142857142,2,2.292995180168181,2.8997249794947635
395,diesel,0.06578724916238216,0.006578724916238216,0.05215732697848158,108.13105488794183,188.76298530168017,1253.308256936578,4,87,27,45,0.11874107127090103,0.03045377887422305,130.9939569639544,0.049917886512207216,108.44833796252156,0.12009678604604898,0.026993362140562825,4,28,126.4601428112065,4.486248562880793,0.0022394404662743617,-0.29256610155646956,-0.31728307457973415,-1.1288518367411837,-0.0013557147751479537,12.819509906327188,0.0034604167336602237,0.0,0,-3.571428571428571,-1,3.5851724123991118,4.533814152747894
396,diesel,0.06578724916238216,0.006578724916238216,0.049533505928570726,106.6223928156077,189.87466954215753,1306.2594621824512,5,90,27,41,0.12441096036357001,0.024118890804436178,127.47551550568927,0.049917886512207216,108.44833796252156,0.12009678604604898,0.026993362140562825,4,28,126.4601428112065,-0.7700257572853997,-0.00038438058363648997,-1.6837004431961802,-1.8259451469138668,3.592247935649863,0.004314174317521027,-10.648808107557635,-0.0028744713361266473,25.0,1,-3.571428571428571,-1,0.8029191426729901,1.0153726944827781
397,diesel,0.06578724916238216,0.006578724916238216,0.052136736008241084,109.18058952774592,192.34375442587123,1290.3204111794994,4,87,30,43,0.1291657120156635,0.02697441356983331,129.74424110168695,0.049917886512207216,108.44833796252156,0.12009678604604898,0.026993362140562825,4,28,126.4601428112065,4.444998879292011,0.0022188494960338687,0.6752077339142042,0.7322515652243595,7.551347765573999,0.009068925969614505,-0.0701971493244985,-1.894857072951353e-05,0.0,0,7.142857142857142,2,2.596943366878304,3.2840982904804576
398,diesel,0.06578724916238216,0.006578724916238216,0.05650098657448442,110.87487644924425,196.9128145538183,1355.9127052799233,4,92,25,43,0.14352854469658446,0.031444116549835435,130.74332429828317,0.049917886512207216,108.44833796252156,0.12009678604604898,0.026993362140562825,4,28,126.4601428112065,13.187858145130674,0.006583100062277206,2.2375063853549086,2.4265384867226913,19.510729156025032,0.023431758650535484,16.488329190325192,0.00445075440927261,0.0,0,-10.714285714285714,-3,3.38698137758003,4.283181487076675
399,diesel,0.06578724916238216,0.006578724916238216,0.05305774577620331,108.27969795717257,192.73665860472613,1297.895767729467,6,84,30,44,0.13296181384106823,0.02740997254798269,129.536694940728,0.049917886512207216,108.44833796252156,0.12009678604604898,0.026993362140562825,4,28,126.4601428112065,6.29004848438096,0.0031398592639960976,-0.15550261858994135,-0.16864000534899048,10.712216553477443,0.012865027795019246,1.543380943990773,0.0004166104074198665,50.0,2,7.142857142857142,2,2.4328235451343194,3.0765521295215166
400,diesel,0.06578724916238216,0.006578724916238216,0.05353657865708913,108.0156696399083,191.78915677740318,1265.08573636208,4,86,26,42,0.13193000115232884,0.02655238593164032,133.83805561867038,0.049917886512207216,108.44833796252156,0.12009678604604898,0.026993362140562825,4,28,126.4601428112065,7.249289578790511,0.0036186921448819118,-0.39896261274450534,-0.43266832261326726,9.853065594730086,0.011833215106279854,-1.6336468448287522,-0.00044097620892250347,0.0,0,-7.142857142857142,-2,5.834180353946334,7.377912807463886
401,diesel,0.06578724916238216,0.006578724916238216,0.050911786882534324,107.40065677468209,188.5082854203544,1240.7778382344118,3,90,27,43,0.11593786005606306,0.026995174136550074,133.1110070811956,0.049917886512207216,108.44833796252156,0.12009678604604898,0.026993362140562825,4,28,126.4601428112065,1.9910706157081668,0.0009939003703271082,-0.966064771044752,-1.0476811878394727,-3.4629785916096485,-0.0041589259899859204,0.006712746555293033,1.8119959872484048e-06,-25.0,-1,-3.571428571428571,-1,5.259257282287145,6.6508642699891
402,diesel,0.06578724916238216,0.006578724916238216,0.05106522782337902,109.84803516026749,192.41694511948776,1207.3348247106596,5,86,30,42,0.12728182369761198,0.024430241413239864,132.64827272829874,0.049917886512207216,108.44833796252156,0.12009678604604898,0.026993362140562825,4,28,126.4601428112065,2.298457309267749,0.0011473413111718067,1.2906580442289868,1.3996971977459225,5.982706022464272,0.007185037651563003,-9.49537413670811,-0.002563120727322961,25.0,1,7.142857142857142,2,4.893344084175641,6.18812991709224
403,diesel,0.06578724916238216,0.006578724916238216,0.04963220972588456,107.20609884407143,188.13152587846935,1192.3242320013685,5,90,27,41,0.12136622174258463,0.025069279137100473,128.27109229572778,0.049917886512207216,108.44833796252156,0.12009678604604898,0.026993362140562825,4,28,126.4601428112065,-0.5722934328415472,-0.00028567678632265836,-1.1454662577488575,-1.2422391184501294,1.0570105481831173,0.001269435696535648,-7.127985737541896,-0.001924083003462352,25.0,1,-3.571428571428571,-1,1.4320318198793045,1.810949484521288
404,diesel,0.06578724916238216,0.006578724916238216,0.05209252659616182,109.04066056410713,190.75557609698936,1227.9036333216386,5,89,27,43,0.12843395337451785,0.02618473044623678,132.37359496352218,0.049917886512207216,108.44833796252156,0.12009678604604898,0.026993362140562825,4,28,126.4601428112065,4.35643460871046,0.0021746400839546057,0.5461795106442888,0.5923226015855647,6.9420403350945055,0.00833716732846887,-2.995668676303636,-0.0008086316943260452,25.0,1,-3.571428571428571,-1,4.6761390750158585,5.913452152315685
405,diesel,0.06578724916238216,0.006578724916238216,0.0516555396485796,108.36895841191327,191.42159331560424,1307.1633917919032,4,89,27,42,0.12750961438743283,0.02607138123002125,131.1017491580967,0.049917886512207216,108.44833796252156,0.12009678604604898,0.026993362140562825,4,28,126.4601428112065,3.4810230516218836,0.0017376531363723843,-0.07319572812238671,-0.07937955060829438,6.17237861681122,0.007412828341383848,-3.415583822943338,-0.0009219809105415755,0.0,0,-3.571428571428571,-1,3.670410489587783,4.641606346890214
406,diesel,0.06578724916238216,0.006578724916238216,0.04968900441616281,108.35477428378434,188.75303856877355,1219.7492874081997,4,89,25,43,0.1188298283871823,0.02403280141440283,131.96093263185637,0.049917886512207216,108.44833796252156,0.12009678604604898,0.026993362140562825,4,28,126.4601428112065,-0.45851720102059224,-0.00022888209604440823,-0.08627488488533638,-0.09356367873722604,-1.0549471810019047,-0.0012669576588666825,-10.967736107652817,-0.002960560726159994,0.0,0,-10.714285714285714,-3,4.349820977872886,5.500789820649871
407,diesel,0.06578724916238216,0.006578724916238216,0.05144979459598529,108.79313794369664,190.60995902960352,1278.4296669751488,3,87,26,43,0.13089425067631788,0.02517286263782468,129.19361198484216,0.049917886512207216,108.44833796252156,0.12009678604604898,0.026993362140562825,4,28,126.4601428112065,3.068856057043704,0.0015319080837780732,0.31793938722622994,0.34479998117507193,8.990635791143323,0.0107974646302689,-6.744248801828536,-0.001820499502738146,-25.0,-1,-7.142857142857142,-2,2.161526242870443,2.733469173635669
408,diesel,0.06578724916238216,0.006578724916238216,0.053617370397598216,109.42293844010372,192.43114362065353,1279.7507527565504,3,89,27,43,0.1337066292542315,0.028510288562060344,130.26223603221854,0.049917886512207216,108.44833796252156,0.12009678604604898,0.026993362140562825,4,28,126.4601428112065,7.411138859988206,0.003699483885391,0.8986771912714492,0.9746004775821575,11.332395858590301,0.01360984320818251,5.619627572135742,0.0015169264214975192,-25.0,-1,-3.571428571428571,-1,3.0065545843074233,3.8020932210120435
409,diesel,0.06578724916238216,0.006578724916238216,0.05062145203270355,109.7251858135947,191.62200143703203,1270.3460724184342,5,84,28,42,0.1268498091116724,0.02530990231801065,126.99923592341553,0.049917886512207216,108.44833796252156,0.12009678604604898,0.026993362140562825,4,28,126.4601428112065,1.4094457310893613,0.0007035655204963367,1.1773789023068348,1.2768478510731427,5.622984001448709,0.00675302306562342,-6.2365696195452625,-0.001683459822552174,25.0,1,0.0,0,0.4262948785482931,0.5390931122090308
410,diesel,0.06578724916238216,0.006578724916238216,0.05201227520579888,107.4174295614909,189.6744114289464,1269.797604360122,4,87,28,42,0.1291618682654194,0.02510682284159587,131.5099367508469,0.049917886512207216,108.44833796252156,0.12009678604604898,0.026993362140562825,4,28,126.4601428112065,4.195667805525964,0.002094388693591666,-0.9505986171839049,-1.0309084010306577,7.548147221770421,0.009065082219370413,-6.988900786582859,-0.001886539298966955,0.0,0,0.0,0,3.99319012882919,5.049793939640395
411,diesel,0.06578724916238216,0.006578724916238216,0.05590294723939957,109.11238754145526,195.5384689798673,1261.0884152301537,6,89,27,42,0.1544725257553546,0.025815056451953554,129.32283939926316,0.049917886512207216,108.44833796252156,0.12009678604604898,0.026993362140562825,4,28,126.4601428112065,11.989811959944925,0.005985060727192355,0.6123188159538112,0.6640495789336995,28.62336357288101,0.03437573970930563,-4.365168304983526,-0.0011783056886092713,50.0,2,-3.571428571428571,-1,2.263714498828623,2.8626965880566644
412,diesel,0.06578724916238216,0.006578724916238216,0.054097820243176144,110.05941597779078,193.6091966727483,1276.7552898383524,5,95,25,44,0.1390628549101097,0.028620144955210102,126.66922178856413,0.049917886512207216,108.44833796252156,0.12009678604604898,0.026993362140562825,4,28,126.4601428112065,8.373619203502821,0.004179933730968928,1.485571882001533,1.6110780152692143,15.792320084892623,0.018966068864060714,6.0266031559022295,0.001626782814647277,25.0,1,-10.714285714285714,-3,0.16533191621471646,0.2090789773576347
413,diesel,0.06578724916238216,0.006578724916238216,0.051279452309880805,108.50460775764404,190.81380562870638,1273.6576088634747,5,86,28,43,0.12860926481106982,0.02342999630163066,132.5296645254299,0.049917886512207216,108.44833796252156,0.12009678604604898,0.026993362140562825,4,28,126.4601428112065,2.7276110685107304,0.001361565797673589,0.05188626785771585,0.056269795122474875,7.088015462592716,0.008512478765020842,-13.200896651467914,-0.0035633658389321657,25.0,1,0.0,0,4.799553107641704,6.069521714223399
414,diesel,0.06578724916238216,0.006578724916238216,0.05242027983201137,111.19784218943506,192.07198160298486,1228.7280546542331,5,88,27,44,0.13293973272048906,0.025863359030379406,130.17166172077938,0.049917886512207216,108.44833796252156,0.12009678604604898,0.026993362140562825,4,28,126.4601428112065,5.0130193697046925,0.002502393319804154,2.5353124617397977,2.7495042269135013,10.693830448981108,0.012842946674440081,-4.186225873972799,-0.001130003110183419,25.0,1,-3.571428571428571,-1,2.9349317714387277,3.711518909572888
415,diesel,0.06578724916238216,0.006578724916238216,0.05375655338465805,106.38294252235828,190.90463526351178,1271.7489953580048,5,91,27,43,0.13366921345358482,0.028614847731408304,129.86266519594813,0.049917886512207216,108.44833796252156,0.12009678604604898,0.026993362140562825,4,28,126.4601428112065,7.689962738130152,0.0038386668724508313,-1.9044970895515811,-2.065395440163286,11.301241152558179,0.013572427407535836,6.006978983951313,0.001621485590845479,25.0,1,-3.571428571428571,-1,2.690588757140095,3.40252238474163
416,diesel,0.06578724916238216,0.006578724916238216,0.05109358272748753,107.6582150916718,190.54205578544958,1217.67499180988,6,94,27,44,0.11922104256792675,0.027830240247318522,130.4694946348119,0.049917886512207216,108.44833796252156,0.12009678604604898,0.026993362140562825,4,28,126.4601428112065,2.355260403488436,0.0011756962152803113,-0.7285707514695282,-0.790122870849757,-0.7291980967637604,-0.0008757434781222345,3.1003107445371674,0.0008368781067556973,50.0,2,-3.571428571428571,-1,3.170447015539906,4.0093518236053995
417,diesel,0.06578724916238216,0.006578724916238216,0.0586958394634058,113.06297008387327,199.61054988076714,1284.5199899066783,6,92,28,43,0.16216467321980663,0.029133071210058946,129.6485881425203,0.049917886512207216,108.44833796252156,0.12009678604604898,0.026993362140562825,4,28,126.4601428112065,17.584784862740474,0.008777952951198584,4.255143239674605,4.614632121351704,35.028320539425145,0.042067887173757645,7.926797182040499,0.0021397090694961207,50.0,2,0.0,0,2.5213045473733766,3.1884453313138152
418,diesel,0.06578724916238216,0.006578724916238216,0.054359298170219575,109.99593902839044,193.12945819217583,1264.54526760322,3,90,27,43,0.1363844414506451,0.02725917876517188,134.27518536327315,0.049917886512207216,108.44833796252156,0.12009678604604898,0.026993362140562825,4,28,126.4601428112065,8.897435304930688,0.004441411658012359,1.427039911302013,1.547601065868875,13.562107647369437,0.01628765540459612,0.9847481140913987,0.00026581662460905403,-25.0,-1,-3.571428571428571,-1,6.179846375576062,7.815042552066657
419,diesel,0.06578724916238216,0.006578724916238216,0.052237637793685086,107.25803998980213,190.517476405215,1264.061511516883,5,89,27,43,0.12240189444200673,0.029632015177713487,130.89554096394824,0.049917886512207216,108.44833796252156,0.12009678604604898,0.026993362140562825,4,28,126.4601428112065,4.647134411250735,0.0023197512814778706,-1.097571429016079,-1.190297972719435,1.9193755901793241,0.002305108395957753,9.775192224704636,0.0026386530371506622,25.0,1,-3.571428571428571,-1,3.507348682472537,4.43539815274174
420,diesel,0.06578724916238216,0.006578724916238216,0.052845183305798675,110.60716120169945,194.39336401595705,1240.1896659511838,4,91,27,42,0.1422226134099647,0.024090708186182853,129.61613374845285,0.049917886512207216,108.44833796252156,0.12009678604604898,0.026993362140562825,4,28,126.4601428112065,5.864224225269635,0.0029272967935914593,1.990646680010859,2.1588232391778917,18.423330125946887,0.022125827363915718,-10.753213842962396,-0.0029026539543799725,0.0,0,-3.571428571428571,-1,2.495640813847542,3.155990937246358
421,diesel,0.06578724916238216,0.006578724916238216,0.050743581756577616,109.1235434466855,192.74257480845645,1263.1037987780257,5,89,27,44,0.121913820557549,0.026427199417491762,130.2763142473545,0.049917886512207216,108.44833796252156,0.12009678604604898,0.026993362140562825,4,28,126.4601428112065,1.654106978604713,0.0008256952443704002,0.6226056543137454,0.6752054841639392,1.5129751355738266,0.001817034511500018,-2.0974146166856804,-0.0005661627230710634,25.0,1,-3.571428571428571,-1,3.017687115730364,3.8161714361479966
422,diesel,0.06578724916238216,0.006578724916238216,0.05150934511034535,104.6784521815997,189.78450791123848,1287.3761669817482,4,94,23,44,0.123704824830618,0.02701710268315484,132.36695655040918,0.049917886512207216,108.44833796252156,0.12009678604604898,0.026993362140562825,4,28,126.4601428112065,3.188153003531006,0.0015914585981381332,-3.4762042939050803,-3.769885780921868,3.0042758872711017,0.003608038784569015,0.08794955762972342,2.3740542592014247e-05,0.0,0,-17.857142857142858,-5,4.670889663647642,5.90681373920269
423,diesel,0.06578724916238216,0.006578724916238216,0.052189530560484344,108.81081170195912,189.20777115314053,1245.6211189983474,4,90,28,43,0.12300672607244291,0.029005099419426666,130.77749497589625,0.049917886512207216,108.44833796252156,0.12009678604604898,0.026993362140562825,4,28,126.4601428112065,4.5507616748189195,0.0022716440482771286,0.33423632509963225,0.36247373943756145,2.4229957538398765,0.0029099400263939285,7.452711034616956,0.0020117372788638413,0.0,0,0.0,0,3.414002284605329,4.317352164689751
424,diesel,0.06578724916238216,0.006578724916238216,0.05119878462025586,110.26985051509884,192.93094842662995,1273.3723182644044,5,89,25,42,0.12161319092788203,0.026422550500348425,131.99126221186705,0.049917886512207216,108.44833796252156,0.12009678604604898,0.026993362140562825,4,28,126.4601428112065,2.566010297201592,0.001280898108048642,1.6796131566412458,1.8215125525772748,1.2626523421297982,0.00151640488183305,-2.114637062408181,-0.0005708116402143998,25.0,1,-10.714285714285714,-3,4.373804487092835,5.5311194006605575
425,diesel,0.06578724916238216,0.006578724916238216,0.0508810132495158,111.24714353578594,193.42023645846135,1285.9680562328479,5,87,27,43,0.12382944787592648,0.025491147859856306,130.01663233353133,0.049917886512207216,108.44833796252156,0.12009678604604898,0.026993362140562825,4,28,126.4601428112065,1.9294221061884405,0.0009631267373085839,2.5807731366354436,2.7988055732643744,3.108044730228064,0.0037326618298774983,-5.565124762465758,-0.0015022142807065188,25.0,1,-3.571428571428571,-1,2.8123402704315734,3.5564895223248385
426,diesel,0.06578724916238216,0.006578724916238216,0.05197539678065218,108.14174349427249,191.36221663809567,1255.9208420854739,5,89,26,43,0.12537731096913313,0.027946702671432032,130.86469812120552,0.049917886512207216,108.44833796252156,0.12009678604604898,0.026993362140562825,4,28,126.4601428112065,4.121789627334904,0.002057510268444966,-0.2827101585964638,-0.30659446824907377,4.396891121681993,0.0052805249230841456,3.5317591262061625,0.0009533405308692067,25.0,1,-7.142857142857142,-2,3.482959304082573,4.404555309999026
427,diesel,0.06578724916238216,0.006578724916238216,0.05163783452594394,105.76866507002389,187.59546527958753,1250.451147774767,4,87,29,44,0.12091339282225076,0.02821227453342322,132.15530281694134,0.049917886512207216,108.44833796252156,0.12009678604604898,0.026993362140562825,4,28,126.4601428112065,3.4455545575154103,0.001719948013736726,-2.470921125064858,-2.6796728924976776,0.6799572270723944,0.0008166067762017809,4.515600489161522,0.001218912392860396,0.0,0,3.571428571428571,1,4.503521725605833,5.695160005734849
428,diesel,0.06578724916238216,0.006578724916238216,0.05411878536869619,110.84858405930373,195.7575885374068,1233.0735523617645,5,90,28,42,0.1418568018817875,0.02554526024602972,131.41507810304105,0.049917886512207216,108.44833796252156,0.12009678604604898,0.026993362140562825,4,28,126.4601428112065,8.415618428600055,0.0042008988564889715,2.2132622240938953,2.400246096782169,18.1187328588419,0.021760015835738528,-5.364659233601163,-0.001448101894533104,25.0,1,0.0,0,3.918179421346872,4.954935291834559
429,diesel,0.06578724916238216,0.006578724916238216,0.05309207906001978,110.04740961608451,195.2029520903402,1280.5854124752814,6,86,27,43,0.13089977825329416,0.028023460679047117,130.5004415725911,0.049917886512207216,108.44833796252156,0.12009678604604898,0.026993362140562825,4,28,126.4601428112065,6.358828006542964,0.0031741925478125654,1.4745008393909775,1.5990716535629446,8.995238393059878,0.010802992207245177,3.816117951962593,0.001030098538484292,50.0,2,-3.571428571428571,-1,3.194918708431628,4.040298761384591
430,diesel,0.06578724916238216,0.006578724916238216,0.049361866901613906,106.53450464368281,185.90882452156794,1241.2352613583425,4,88,30,42,0.11952317453776067,0.024522094018473002,130.9571709459191,0.049917886512207216,108.44833796252156,0.12009678604604898,0.026993362140562825,4,28,126.4601428112065,-1.1138684937258663,-0.0005560196105933099,-1.76474195436739,-1.9138333188387548,-0.4776243621277048,-0.0005736115082883159,-9.155095646185762,-0.002471268122089823,0.0,0,7.142857142857142,2,3.556083390975022,4.4970281347126075
431,diesel,0.06578724916238216,0.006578724916238216,0.05171966729046872,107.02087401925942,188.39528793836428,1298.429715999192,3,88,29,44,0.12254624601722658,0.027788423809035016,131.18060891825507,0.049917886512207216,108.44833796252156,0.12009678604604898,0.026993362140562825,4,28,126.4601428112065,3.6094893116536264,0.0018017807782615067,-1.3162617058782904,-1.4274639432621399,2.0395716253708867,0.0024494599711775977,2.9453969621570564,0.0007950616684721905,-25.0,-1,3.571428571428571,1,3.732769868918942,4.72046610704858
432,diesel,0.06578724916238216,0.006578724916238216,0.055359207836625714,108.39773271127362,192.6265790425801,1275.5998510096924,3,94,27,43,0.1415128205039194,0.027650438149650593,132.55263675249728,0.049917886512207216,108.44833796252156,0.12009678604604898,0.026993362140562825,4,28,126.4601428112065,10.90054428303539,0.005441321324418498,-0.04666300304706634,-0.05060525124794424,17.83231272288903,0.02141603445787041,2.4342132916461803,0.0006570760090877682,-25.0,-1,-3.571428571428571,-1,4.817718694487261,6.092493941290783
433,diesel,0.06578724916238216,0.006578724916238216,0.048573299756219324,105.90897467488206,185.31364789837028,1218.398519135153,4,89,25,44,0.10531712383130026,0.025995438980305267,133.64485081128103,0.049917886512207216,108.44833796252156,0.12009678604604898,0.026993362140562825,4,28,126.4601428112065,-2.6935971250687447,-0.0013445867559878921,-2.341541913272176,-2.539363287639503,-12.306459399406174,-0.014779662214748718,-3.6969205801821294,-0.0009979231602575585,0.0,0,-10.714285714285714,-3,5.681401143758515,7.1847080000745365
434,diesel,0.06578724916238216,0.006578724916238216,0.05353473472726963,108.3936391856546,190.71179863472005,1291.4899925605246,5,85,29,45,0.1307595610031209,0.027718932528222318,131.42765066692206,0.049917886512207216,108.44833796252156,0.12009678604604898,0.026993362140562825,4,28,126.4601428112065,7.245595652728458,0.0036168482150624112,-0.05043763500170922,-0.05469877686695668,8.87848485219534,0.010662774957071908,2.687958557667706,0.0007255703876594931,25.0,1,3.571428571428571,1,3.928121339489237,4.967507855715567
435,diesel,0.06578724916238216,0.006578724916238216,0.052137745818948616,111.5164552871903,191.6358990928767,1255.9035554293864,4,86,27,44,0.12986932744523516,0.027124226927523698,127.67014890926221,0.049917886512207216,108.44833796252156,0.12009678604604898,0.026993362140562825,4,28,126.4601428112065,4.4470218229262235,0.0022198593067414008,2.8291049750610635,3.0681173246687337,8.137221420262714,0.00977254139918618,0.48480358348626307,0.00013086478696087284,0.0,0,-3.571428571428571,-1,0.9568280338431563,1.2100060980557146
436,diesel,0.06578724916238216,0.006578724916238216,0.05219878081038086,107.568845522935,190.95654421745044,1256.8760832637445,4,91,28,43,0.12912263315353478,0.026963624501007474,130.34409230065057,0.049917886512207216,108.44833796252156,0.12009678604604898,0.026993362140562825,4,28,126.4601428112065,4.56929260740208,0.002280894298173644,-0.8109782557391506,-0.8794924395865564,7.515477644859706,0.009025847107485802,-0.1101664898225661,-2.9737639555351553e-05,0.0,0,0.0,0,3.0712834914653397,3.8839494894440776
437,diesel,0.06578724916238216,0.006578724916238216,0.053190731517438444,111.28644020492708,196.41338008161418,1338.0180368407923,4,88,27,42,0.13781058718610364,0.02591382233410742,132.50492370901168,0.049917886512207216,108.44833796252156,0.12009678604604898,0.026993362140562825,4,28,126.4601428112065,6.556457482291178,0.0032728450052312286,2.617008518273766,2.838102242405512,14.749604650754453,0.017713801140054664,-3.9992787887403862,-0.0010795398064554068,0.0,0,-3.571428571428571,-1,4.779988985802026,6.0447808978051825
438,diesel,0.06578724916238216,0.006578724916238216,0.05135919341644834,107.3703557593563,189.63500734300257,1260.8222447411429,5,89,27,44,0.12818491306778548,0.024141015333906824,132.4148021979873,0.049917886512207216,108.44833796252156,0.12009678604604898,0.026993362140562825,4,28,126.4601428112065,2.8873556253000756,0.0014413069042411228,-0.9940052779211799,-1.0779822031652628,6.7346739975499865,0.008088127021736502,-10.566845255522246,-0.002852346806656001,25.0,1,-3.571428571428571,-1,4.708724230740893,5.954659386780818
439,diesel,0.06578724916238216,0.006578724916238216,0.054003952763157004,112.09582075711859,193.22556161717736,1242.483786466722,5,84,27,44,0.13380908011550038,0.027178880305657654,132.03991560277908,0.049917886512207216,108.44833796252156,0.12009678604604898,0.026993362140562825,4,28,126.4601428112065,8.18557542485409,0.004086066250949788,3.363336739985403,3.6474827945970247,11.41770277199064,0.013712294069451403,0.6872732789964382,0.00018551816509482927,25.0,1,-3.571428571428571,-1,4.412277787715829,5.57977279157258
440,diesel,0.06578724916238216,0.006578724916238216,0.05187671565536401,108.82687252345556,190.9284616284649,1273.2745243245668,5,91,28,40,0.1254979762911241,0.027284893690255874,131.4180567234398,0.049917886512207216,108.44833796252156,0.12009678604604898,0.026993362140562825,4,28,126.4601428112065,3.9241027215320314,0.001958829143156794,0.34904597714057806,0.37853456093399984,4.497364519816656,0.005401190245075127,1.0800119976717009,0.00029153154969304915,25.0,1,0.0,0,3.920534804104266,4.957913912233309
441,diesel,0.06578724916238216,0.006578724916238216,0.05170360234628902,110.35047787171676,192.33271611282805,1265.6079223239058,5,88,27,44,0.12841984617831137,0.02650228455315165,129.69599349889617,0.049917886512207216,108.44833796252156,0.12009678604604898,0.026993362140562825,4,28,126.4601428112065,3.577306570551849,0.0017857158340818038,1.7539594842408333,1.9021399091951992,6.930293812418144,0.008323060132262389,-1.8192531365821756,-0.0004910775874111747,25.0,1,-3.571428571428571,-1,2.5587909484813,3.235850687689677
442,diesel,0.06578724916238216,0.006578724916238216,0.051823671508845474,107.38346413860596,193.55773248022683,1320.3357410040276,5,91,27,43,0.1343798071071322,0.02563428447218046,126.4436288375209,0.049917886512207216,108.44833796252156,0.12009678604604898,0.026993362140562825,4,28,126.4601428112065,3.817839916303761,0.0019057849966382587,-0.9819180670925653,-1.0648738239156046,11.892925307432172,0.014283021061083229,-5.034858797156218,-0.0013590776683823635,25.0,1,-3.571428571428571,-1,-0.013058639124142426,-0.0165139736855906
443,diesel,0.06578724916238216,0.006578724916238216,0.05241120282592423,110.44236178690346,191.85386589604136,1268.7191671232724,4,90,30,42,0.13192966657830216,0.02704851092174318,127.85984500392365,0.049917886512207216,108.44833796252156,0.12009678604604898,0.026993362140562825,4,28,126.4601428112065,4.994835494702451,0.002493316313717013,1.8386854624466524,1.9940238243818982,9.852787007735635,0.011832880532253176,0.20430497280471246,5.5148781180354434e-05,0.0,0,7.142857142857142,2,1.1068326838811067,1.3997021927171573
444,diesel,0.06578724916238216,0.006578724916238216,0.050682959270560685,107.85312199844901,188.41927096798008,1246.9076609035656,4,86,30,43,0.11966835216100917,0.02700033307938956,131.18456256191,0.049917886512207216,108.44833796252156,0.12009678604604898,0.026993362140562825,4,28,126.4601428112065,1.5326625620785717,0.0007650727583534689,-0.5488474745258435,-0.5952159640725512,-0.3567405083392788,-0.00042843388503981117,0.02582464085219827,6.970938826733608e-06,0.0,0,7.142857142857142,2,3.7358962639767435,4.724419750703518
445,diesel,0.06578724916238216,0.006578724916238216,0.05293018749604023,107.94138023119176,192.80012892385002,1302.7584046430736,6,87,27,44,0.12865749327863868,0.028236533510952688,128.97818320767564,0.049917886512207216,108.44833796252156,0.12009678604604898,0.026993362140562825,4,28,126.4601428112065,6.034512264649609,0.0030123009838330175,-0.4674647309993851,-0.5069577313298055,7.128173462782965,0.008560707232589698,4.605470648362671,0.0012431713703898624,50.0,2,-3.571428571428571,-1,1.9911731400053472,2.5180403964691465
446,diesel,0.06578724916238216,0.006578724916238216,0.052855863784068896,110.60226822424502,194.10995539776758,1266.9666854273455,5,86,27,43,0.13117346124075316,0.028729614351589113,127.3037470356121,0.049917886512207216,108.44833796252156,0.12009678604604898,0.026993362140562825,4,28,126.4601428112065,5.885620319969296,0.0029379772718616803,1.986134875084791,2.1539302617234597,9.22312374825503,0.011076675194704177,6.4321450658316754,0.0017362522110262874,25.0,1,-3.571428571428571,-1,0.6670909945634287,0.8436042244056097
447,diesel,0.06578724916238216,0.006578724916238216,0.052825099570027116,107.76170237361288,191.15802397282127,1246.9756671878422,5,93,27,41,0.12888318667153154,0.028696174081911892,129.2922561125993,0.049917886512207216,108.44833796252156,0.12009678604604898,0.026993362140562825,4,28,126.4601428112065,5.82399067939095,0.0029072130578199004,-0.6331453315088877,-0.6866355889086861,7.316099718200257,0.008786400625482554,6.308261758879816,0.0017028119413490667,25.0,1,-3.571428571428571,-1,2.2395303677783147,2.832113301392795
448,diesel,0.06578724916238216,0.006578724916238216,0.05275262288351756,110.44848893013244,192.76518615730134,1216.9740893269307,4,85,29,44,0.13574691284800205,0.02629378481028705,129.51461044272426,0.049917886512207216,108.44833796252156,0.12009678604604898,0.026993362140562825,4,28,126.4601428112065,5.678798862241729,0.002834736371310341,1.8443352892158718,2.000150967610878,13.031261965621887,0.015650126801953074,-2.5916643011450695,-0.0006995773302757753,0.0,0,3.571428571428571,1,2.415359941572903,3.054467631517767
449,diesel,0.06578724916238216,0.006578724916238216,0.05323099564334011,108.65024405167009,190.92350180776668,1254.672556412099,4,91,26,43,0.12679831568858443,0.02971972908178227,131.26053655763414,0.049917886512207216,108.44833796252156,0.12009678604604898,0.026993362140562825,4,28,126.4601428112065,6.6371182007529175,0.003313109131132891,0.1861772092978491,0.20190608914852248,5.580107397683291,0.006701529642535453,10.100138423003417,0.0027263669412194436,0.0,0,-7.142857142857142,-2,3.795973687610172,4.800393746427645
450,diesel,0.06578724916238216,0.006578724916238216,0.05235653717421104,111.7722643710535,193.089803610392,1303.4507610941664,3,87,30,43,0.13210144488779219,0.027043211768403835,126.8011978130004,0.049917886512207216,108.44833796252156,0.12009678604604898,0.026993362140562825,4,28,126.4601428112065,4.885324344426051,0.0024386506620038273,3.0649860301968306,3.323926408531932,9.995820235472605,0.012004658841743204,0.1846736526610763,4.9849627841009464e-05,-25.0,-1,7.142857142857142,2,0.2696936712328948,0.34105500179390447
451,diesel,0.06578724916238216,0.006578724916238216,0.052748463566874036,110.44921435148204,194.76558023575987,1266.0534367498012,5,92,29,44,0.1321512274015708,0.026785097414998425,130.6527902956583,0.049917886512207216,108.44833796252156,0.12009678604604898,0.026993362140562825,4,28,126.4601428112065,5.670466545042155,0.0028305770546668205,1.845004198821338,2.000876388960478,10.037272230498944,0.012054441355521806,-0.7715405160716948,-0.0002082647255643999,25.0,1,3.571428571428571,1,3.3153904394296303,4.192647484451797
452,diesel,0.06578724916238216,0.006578724916238216,0.05156469749671399,104.14663079058853,187.1930035383622,1246.4662656535127,5,93,25,43,0.11806387352683355,0.02905620980047913,131.73020891313826,0.049917886512207216,108.44833796252156,0.12009678604604898,0.026993362140562825,4,28,126.4601428112065,3.299039882435833,0.0016468109845067733,-3.966595756792188,-4.301707171933032,-1.6927284951954902,-0.0020329125192154324,7.642055291869225,0.0020628476599163052,25.0,1,-10.714285714285714,-3,4.167373201372618,5.270066101931761
453,diesel,0.06578724916238216,0.006578724916238216,0.052659547277086084,108.77524901509365,190.83871397077675,1258.3226689190553,5,90,28,44,0.1273205828394622,0.029148830405336227,129.43203261494546,0.049917886512207216,108.44833796252156,0.12009678604604898,0.026993362140562825,4,28,126.4601428112065,5.492341435986891,0.0027416607648788685,0.3014440412033449,0.3269110525720862,6.01497927733336,0.0072237967934132286,7.985178924912016,0.0021554682647734018,25.0,1,0.0,0,2.350060451992152,2.9718898037389607
454,diesel,0.06578724916238216,0.006578724916238216,0.05530010174599887,109.67368304747292,194.73415550387222,1283.669447669517,6,93,25,42,0.1430438078415052,0.02828677588260736,130.06468623338674,0.049917886512207216,108.44833796252156,0.12009678604604898,0.026993362140562825,4,28,126.4601428112065,10.782137646143045,0.005382215233791655,1.1298883025527062,1.225345084951357,19.10710731814054,0.022947021795456213,4.791599265439134,0.0012934137420445337,50.0,2,-10.714285714285714,-3,2.8503395157172156,3.6045434221802424
455,diesel,0.06578724916238216,0.006578724916238216,0.04886335196383256,108.23052738024117,189.04310881016642,1232.4620686643093,4,85,30,43,0.11539569196218537,0.02462631112258022,131.64657122138541,0.049917886512207216,108.44833796252156,0.12009678604604898,0.026993362140562825,4,28,126.4601428112065,-2.1125384547616455,-0.001054534548374654,-0.20084271126005226,-0.21781058228039285,-3.9144212252783035,-0.004701094083863613,-8.769011454210977,-0.0023670510179826035,0.0,0,7.142857142857142,2,4.101235610592173,5.1864284101789195
456,diesel,0.06578724916238216,0.006578724916238216,0.053560121327802385,109.92053356280863,193.2332887798668,1268.5560510744563,4,87,31,43,0.1396040611091489,0.025267954548505733,131.29566043964326,0.049917886512207216,108.44833796252156,0.12009678604604898,0.026993362140562825,4,28,126.4601428112065,7.2964523742496095,0.003642234815595169,1.357508679197867,1.4721956002870655,16.242961785522063,0.019507275063099933,-6.391969933468676,-0.0017254075920570926,0.0,0,10.714285714285714,3,3.8237483533889014,4.835517628436762
457,diesel,0.06578724916238216,0.006578724916238216,0.05316606716831445,107.70484541221391,191.4754461955201,1248.5157478998844,4,94,25,42,0.1359498281552844,0.02753671025432598,126.9342237781352,0.049917886512207216,108.44833796252156,0.12009678604604898,0.026993362140562825,4,28,126.4601428112065,6.5070476397531465,0.0032481806561072343,-0.6855730242399768,-0.7434925503076499,13.200221780420371,0.01585304210923541,2.0128952848991974,0.0005433481137631542,0.0,0,-10.714285714285714,-3,0.3748856804918132,0.47408096692871027
458,diesel,0.06578724916238216,0.006578724916238216,0.05424654885591776,108.53776852688671,193.31203686136192,1280.2122522412074,5,93,25,43,0.1369336669609259,0.028212448744831708,129.71285343200844,0.049917886512207216,108.44833796252156,0.12009678604604898,0.026993362140562825,4,28,126.4601428112065,8.671565737567809,0.004328662343710543,0.08246374821903779,0.08943056436514496,14.019426721728523,0.016836880914876923,4.51624587526637,0.0012190866042688826,25.0,1,-10.714285714285714,-3,2.572123159514338,3.252710620801949
459,diesel,0.06578724916238216,0.006578724916238216,0.052271628910069395,108.68967357945542,191.78100129944846,1280.59311313268,5,88,25,44,0.1305328203580201,0.02595241991107222,131.96928000091395,0.049917886512207216,108.44833796252156,0.12009678604604898,0.026993362140562825,4,28,126.4601428112065,4.71522847283725,0.0023537423978621796,0.22253509963173013,0.24133561693385275,8.689686589922244,0.010436034311971126,-3.856289646580878,-0.0010409422294906066,25.0,1,-10.714285714285714,-3,4.356421768344909,5.5091371897074595
460,diesel,0.06578724916238216,0.006578724916238216,0.05538735277883453,107.84408038331003,192.64559635791073,1267.5317045258025,4,92,30,45,0.1332716048384912,0.03263714395587071,129.23836851354338,0.049917886512207216,108.44833796252156,0.12009678604604898,0.026993362140562825,4,28,126.4601428112065,10.956926762694131,0.005469466266627317,-0.5571847301342309,-0.6042575792115343,10.97016766742665,0.013174818792442228,20.908035782719317,0.005643781815307884,0.0,0,7.142857142857142,2,2.196918049099882,2.778225702336883
461,diesel,0.06578724916238216,0.006578724916238216,0.05456101613270449,108.8247807288211,194.03009642659327,1288.2350611166707,5,94,29,44,0.14222592110449594,0.02764032791303311,127.6170841995522,0.049917886512207216,108.44833796252156,0.12009678604604898,0.026993362140562825,4,28,126.4601428112065,9.301534870395235,0.004643129620497274,0.3471171374056716,0.3764427662995331,18.426084316662678,0.022129135058446964,2.3967587627703923,0.000646965772470285,25.0,1,3.571428571428571,1,0.9148664256001267,1.1569413883457003
462,diesel,0.06578724916238216,0.006578724916238216,0.0525779954040061,106.54608776389135,192.42144139817609,1286.0353278586028,6,92,26,42,0.1368948397885102,0.024772494298589406,129.84159677718083,0.049917886512207216,108.44833796252156,0.12009678604604898,0.026993362140562825,4,28,126.4601428112065,5.328969388854969,0.002660108891798886,-1.7540611819128182,-1.9022501986302132,13.987096820409745,0.01679805374246121,-8.227459144987833,-0.0022208678419734194,50.0,2,-7.142857142857142,-2,2.673928631428587,3.3814539659743303
463,diesel,0.06578724916238216,0.006578724916238216,0.05015445234412999,108.31912259645345,190.84532303460915,1278.3798163603856,4,86,28,43,0.12665935013554697,0.02374646778592139,128.7917498814778,0.049917886512207216,108.44833796252156,0.12009678604604898,0.026993362140562825,4,28,126.4601428112065,0.4739099518264332,0.0002365658319227748,-0.11914923593643707,-0.12921536606810946,5.464396097145919,0.006562564089497985,-12.028491811186196,-0.0032468943546414344,0.0,0,0.0,0,1.8437485664967144,2.3316070702713176
464,diesel,0.06578724916238216,0.006578724916238216,0.05327369259904215,107.84015882059401,190.78071706226135,1257.8237195313086,4,90,27,43,0.12451719023797655,0.030120410769618692,131.94850832378606,0.049917886512207216,108.44833796252156,0.12009678604604898,0.026993362140562825,4,28,126.4601428112065,6.722652582685532,0.003355806086834931,-0.5608007954328722,-0.6081791419275504,3.680701488741463,0.004420404191927574,11.584509601924921,0.0031270486290558668,0.0,0,-3.571428571428571,-1,4.339996294937919,5.488365512579563
465,diesel,0.06578724916238216,0.006578724916238216,0.05672790103354262,109.41161061933941,196.2116244729386,1293.024818918827,5,93,28,43,0.14817553418282825,0.030475695314640526,130.14271900953597,0.049917886512207216,108.44833796252156,0.12009678604604898,0.026993362140562825,4,28,126.4601428112065,13.642433598766326,0.006810014521335402,0.8882318299343096,0.9632726568178498,23.380099552383502,0.02807874813677927,12.900701868645001,0.003482333174077701,25.0,1,0.0,0,2.9120449467048464,3.682576198329471
466,diesel,0.06578724916238216,0.006578724916238216,0.05135798991228281,107.4364298676938,188.57232878881584,1291.5527611160778,4,89,25,43,0.11761828672691674,0.02991237053049683,131.03592083764062,0.049917886512207216,108.44833796252156,0.12009678604604898,0.026993362140562825,4,28,126.4601428112065,2.884944657509537,0.0014401034000755958,-0.9330784720531754,-1.01190809482776,-2.063751579648357,-0.0024784993191322435,10.813800721576742,0.002919008389934006,0.0,0,-10.714285714285714,-3,3.6183558904131106,4.575778026434122
467,diesel,0.06578724916238216,0.006578724916238216,0.05277640628471865,111.14874545031229,193.25401387760903,1279.2821318084605,6,83,30,41,0.1331036552630889,0.025793544881943166,131.04793468889812,0.049917886512207216,108.44833796252156,0.12009678604604898,0.026993362140562825,4,28,126.4601428112065,5.7264439106659575,0.0028585197725114336,2.490040454768385,2.700407487790727,10.83032248011422,0.013006869217039918,-4.4448603785324625,-0.0011998172586196593,50.0,2,7.142857142857142,2,3.6278559992936157,4.587791877691629
468,diesel,0.06578724916238216,0.006578724916238216,0.05278439596923516,108.74713767952568,193.33261975081078,1272.8392911132569,5,95,25,43,0.14132858135590967,0.024662907049398202,128.59664596502495,0.049917886512207216,108.44833796252156,0.12009678604604898,0.026993362140562825,4,28,126.4601428112065,5.742449565301514,0.0028665094570279465,0.27552263374232344,0.29879971700411545,17.67890383154778,0.02123179530986069,-8.633437654150747,-0.002330455091164623,25.0,1,-10.714285714285714,-3,1.689467611157183,2.1365031538184525
469,diesel,0.06578724916238216,0.006578724916238216,0.05352753338867524,110.47815771996032,193.48604739043566,1304.5959753859943,5,90,23,43,0.1343686972547467,0.02714166004283696,131.59936532555534,0.049917886512207216,108.44833796252156,0.12009678604604898,0.026993362140562825,4,28,126.4601428112065,7.231169283549894,0.0036096468764680242,1.8716928221991194,2.0298197574387586,11.883674558306176,0.014271911208697724,0.5493865547459509,0.00014829790227413597,25.0,1,-17.857142857142858,-5,4.063906935500806,5.139222514348845
470,diesel,0.06578724916238216,0.006578724916238216,0.05306604763334432,111.33830922532154,193.6417710382864,1248.7219611714136,5,90,29,42,0.13746004286676755,0.02705039588612024,127.08410179319927,0.049917886512207216,108.44833796252156,0.12009678604604898,0.026993362140562825,4,28,126.4601428112065,6.306679511295483,0.003148161121137104,2.664836840375289,2.8899712627999747,14.457719804475813,0.01736325682071857,0.2112880391128139,5.703374555741589e-05,25.0,1,3.571428571428571,1,0.49340366705443756,0.6239589819927716
471,diesel,0.06578724916238216,0.006578724916238216,0.05566067584151546,108.37908437533945,192.7949401884335,1260.2064021929134,6,91,28,44,0.1385473348718048,0.030330437514921753,130.08086406433875,0.049917886512207216,108.44833796252156,0.12009678604604898,0.026993362140562825,4,28,126.4601428112065,11.504472105211965,0.0057427893293082455,-0.06385859708246615,-0.06925358718211783,15.363066267802763,0.018450548825755808,12.362577721818198,0.0033370753743589276,50.0,2,0.0,0,2.8631323456100057,3.6207212531322597
472,diesel,0.06578724916238216,0.006578724916238216,0.054314245397013086,111.46945211218716,193.18634079581,1238.2815261757785,5,85,28,42,0.13789631740252697,0.027683738292320112,130.00332218901957,0.049917886512207216,108.44833796252156,0.12009678604604898,0.026993362140562825,4,28,126.4601428112065,8.807181537485082,0.0043963588848058704,2.7857634394633632,3.0211141496655927,14.820988922761913,0.017799531356477993,2.557577482057565,0.0006903761517572868,25.0,1,0.0,0,2.8018151008280294,3.5431793778130753
473,diesel,0.06578724916238216,0.006578724916238216,0.056410479625268295,110.27452676447086,195.87586982419433,1279.9680091828243,5,91,28,44,0.15330112068387525,0.028303476882465654,129.07604899759122,0.049917886512207216,108.44833796252156,0.12009678604604898,0.026993362140562825,4,28,126.4601428112065,13.00654648404103,0.006492593113061079,1.6839251170270666,1.8261888019493,27.64797937647944,0.033204334637826266,4.85347003119009,0.0013101147419028285,25.0,1,0.0,0,2.068561784158373,2.61590618638472
474,diesel,0.06578724916238216,0.006578724916238216,0.05065135570557728,109.74491991397666,191.2294850381161,1254.141673353081,5,85,26,44,0.12329385503694618,0.025925504373004546,129.9460235734237,0.049917886512207216,108.44833796252156,0.12009678604604898,0.026993362140562825,4,28,126.4601428112065,1.4693514582006524,0.0007334691933700635,1.1955756776126703,1.2965819514550958,2.662077059806859,0.003197068990897195,-3.9560013383942763,-0.0010678577675582793,25.0,1,-7.142857142857142,-2,2.7565054765289245,3.4858807622172066
475,diesel,0.06578724916238216,0.006578724916238216,0.052003029656487246,108.72318603687137,192.86820597383382,1257.239064844156,5,89,29,44,0.13206021628880263,0.026630086032102037,127.80500481172287,0.049917886512207216,108.44833796252156,0.12009678604604898,0.026993362140562825,4,28,126.4601428112065,4.177146289577218,0.00208514314428003,0.2534368709687272,0.27484807434980496,9.961490758101123,0.011963430242753648,-1.3457979282799102,-0.00036327610846078814,25.0,1,3.571428571428571,1,1.063467089804041,1.3448620005163718
476,diesel,0.06578724916238216,0.006578724916238216,0.052321254077210375,109.74730449856385,192.33728627519145,1271.186902460033,4,89,27,41,0.13192852115429207,0.025234843270463284,130.41464226697406,0.049917886512207216,108.44833796252156,0.12009678604604898,0.026993362140562825,4,28,126.4601428112065,4.814642071064898,0.002403367565003159,1.1977744983894483,1.2989665360422862,9.851833256975272,0.011831735108243091,-6.5146344532496085,-0.0017585188700995416,0.0,0,-3.571428571428571,-1,3.127071793419741,3.954499455767561
477,diesel,0.06578724916238216,0.006578724916238216,0.05790161148175672,110.03527873709463,194.62650721595338,1246.901980266633,6,89,28,43,0.15174018051163016,0.028689950513564585,133.15987743609534,0.049917886512207216,108.44833796252156,0.12009678604604898,0.026993362140562825,4,28,126.4601428112065,15.993715935062916,0.007983724969549508,1.463314979637118,1.5869407745730655,26.348244201512667,0.031643394465581176,6.285205837520712,0.0016965883730017603,50.0,2,0.0,0,5.297902150000686,6.699734624888848
478,diesel,0.06578724916238216,0.006578724916238216,0.057275264492112316,109.45061447161991,194.81105030512933,1271.158291267891,6,91,29,43,0.14390735771895524,0.03321570597658689,128.76700757334132,0.049917886512207216,108.44833796252156,0.12009678604604898,0.026993362140562825,4,28,126.4601428112065,14.738961310202672,0.0073573779799051,0.9241972057190271,1.0022765090983512,19.826152270033703,0.02381057167290626,23.051385016888187,0.006222343836024068,50.0,2,3.571428571428571,1,1.8241832650614365,2.306864762134822
479,diesel,0.06578724916238216,0.006578724916238216,0.05178207532150716,108.21127590858414,190.3985210691234,1262.3917725422955,4,87,26,44,0.12528107704655622,0.0274958298748038,129.4328872495454,0.049917886512207216,108.44833796252156,0.12009678604604898,0.026993362140562825,4,28,126.4601428112065,3.7345106925632012,0.0018641888092999423,-0.21859445556403762,-0.23706205393742152,4.316760815330575,0.005184291000507241,1.8614492393517743,0.0005024677342409765,0.0,0,-7.142857142857142,-2,2.3507362653993913,2.972744438338893
480,diesel,0.06578724916238216,0.006578724916238216,0.052354326621604524,108.69474201210215,193.24792334376167,1229.0000423354118,5,91,27,43,0.1309852008770647,0.02614716942602808,131.73970126411731,0.049917886512207216,108.44833796252156,0.12009678604604898,0.026993362140562825,4,28,126.4601428112065,4.880895966622079,0.0024364401093973087,0.22720869144693084,0.24640404958059037,9.066366544430876,0.010888414831015714,-3.134817775304751,-0.0008461927145347464,25.0,1,-3.571428571428571,-1,4.174879401166517,5.27955845291082
481,diesel,0.06578724916238216,0.006578724916238216,0.05375188256408541,108.69562094600826,192.8886544815822,1263.7686269373417,5,92,28,43,0.13628620875566275,0.025550194080614735,134.6425699038557,0.049917886512207216,108.44833796252156,0.12009678604604898,0.026993362140562825,4,28,126.4601428112065,7.680605730253838,0.0038339960518781954,0.22801915468004366,0.24728298348669853,13.480313039689687,0.016189422709613766,-5.346381278601255,-0.0014431680599480898,25.0,1,0.0,0,6.470360471492451,8.182427092649206
482,diesel,0.06578724916238216,0.006578724916238216,0.049870182686531,107.45215213659421,189.56417448006405,1226.7105341989686,5,88,25,42,0.1251373402703881,0.023254709275686805,129.897854064878,0.049917886512207216,108.44833796252156,0.12009678604604898,0.026993362140562825,4,28,126.4601428112065,-0.09556459419521343,-4.7703825676218004e-05,-0.9185809986978549,-0.9961858259273555,4.197076699793111,0.0050405542243391055,-13.85026750431344,-0.00373865286487602,25.0,1,-10.714285714285714,-3,2.718414812170266,3.437711253671509
483,diesel,0.06578724916238216,0.006578724916238216,0.0531115732353667,111.3680579200768,193.56186758989622,1284.4832557939744,4,88,28,41,0.1357239617807631,0.026749522724229383,130.1956032732132,0.049917886512207216,108.44833796252156,0.12009678604604898,0.026993362140562825,4,28,126.4601428112065,6.397880491952482,0.003193686723159485,2.6922680535355465,2.9197199575552304,13.01215148981768,0.015627175734714116,-0.9033310302869831,-0.00024383941633344258,0.0,0,0.0,0,2.9538638649043887,3.7354604620067136
484,diesel,0.06578724916238216,0.006578724916238216,0.04996226466064639,105.30273087816184,189.61736714267005,1271.8366827741168,4,91,25,40,0.12066633658548032,0.02466813023431043,130.8798761069389,0.049917886512207216,108.44833796252156,0.12009678604604898,0.026993362140562825,4,28,126.4601428112065,0.08890229843429533,4.437814843917531e-05,-2.9005581306804427,-3.1456070843597246,0.4742429486938567,0.0005695505394313349,-8.614087767741534,-0.0023252319062523966,0.0,0,-10.714285714285714,-3,3.4949614933858326,4.419733295732399
485,diesel,0.06578724916238216,0.006578724916238216,0.054638030685911526,110.01303378636086,195.06559226716223,1291.9773056422036,5,90,28,44,0.14214717543267558,0.02827200709076116,128.11801533907027,0.049917886512207216,108.44833796252156,0.12009678604604898,0.026993362140562825,4,28,126.4601428112065,9.45581735025985,0.00472014417370431,1.442802954140285,1.5646958238393012,18.360515807785035,0.022050389386626595,4.736886585450282,0.0012786449501983356,25.0,1,0.0,0,1.3109842287137272,1.6578725278637734
486,diesel,0.06578724916238216,0.006578724916238216,0.0518249286881229,107.8239432935172,189.26278810291998,1268.340467393777,3,87,28,42,0.12265284477145019,0.027678212863703006,132.47640922967597,0.049917886512207216,108.44833796252156,0.12009678604604898,0.026993362140562825,4,28,126.4601428112065,3.8203584109061253,0.0019070421759156825,-0.5757531011864315,-0.62439466900436,2.128332330576387,0.0025560587254012113,2.5371078992455622,0.0006848507231401804,-25.0,-1,0.0,0,4.757440791009709,6.0162664184694705
487,diesel,0.06578724916238216,0.006578724916238216,0.05408282224384433,108.99822496432552,195.59750816758083,1295.5544246132756,6,93,25,45,0.1346099434575783,0.027941872912364153,130.91096496015194,0.049917886512207216,108.44833796252156,0.12009678604604898,0.026993362140562825,4,28,126.4601428112065,8.343573862284003,0.0041649357316371136,0.5070497272111141,0.5498870018039526,12.084551043659483,0.01451315741152931,3.513866730873083,0.0009485107718013273,50.0,2,-10.714285714285714,-3,3.519545407749635,4.4508221489454485
488,diesel,0.06578724916238216,0.006578724916238216,0.052137676406395536,109.15315564873895,194.59408298948057,1261.5988808809045,5,88,26,43,0.13708308683011328,0.025508559330815483,128.93381336639658,0.049917886512207216,108.44833796252156,0.12009678604604898,0.026993362140562825,4,28,126.4601428112065,4.446882769456755,0.0022197898941883204,0.6499110078210312,0.7048176862173818,14.143842931442979,0.016986300784064295,-5.50062197519343,-0.0014848028097473424,25.0,1,-7.142857142857142,-2,1.9560871118760699,2.4736705551900826
489,diesel,0.06578724916238216,0.006578724916238216,0.05131300992075571,109.71755733034152,195.01306121688756,1302.3984068185025,5,95,25,41,0.13245069815691726,0.02425199839093289,128.49315931735882,0.049917886512207216,108.44833796252156,0.12009678604604898,0.026993362140562825,4,28,126.4601428112065,2.7948366928702404,0.0013951234085484918,1.1703446928422123,1.2692193678199573,10.286630073623613,0.012353912110868281,-10.15569581645592,-0.0027413637496299346,25.0,1,-10.714285714285714,-3,1.6076342007516398,2.0330165061523218
490,diesel,0.06578724916238216,0.006578724916238216,0.05466066859472198,111.38956161249826,195.36155283682427,1255.06607969127,5,91,30,43,0.13963195802187714,0.02995959074464889,127.01991511658649,0.049917886512207216,108.44833796252156,0.12009678604604898,0.026993362140562825,4,28,126.4601428112065,9.501167645298722,0.004742782082514767,2.7120965661946275,2.941223649976692,16.266190477685008,0.01953517197582816,10.988733410236152,0.0029662286040860637,25.0,1,7.142857142857142,2,0.44264721906544346,0.5597723053799939
491,diesel,0.06578724916238216,0.006578724916238216,0.05716772618752887,110.8247918071822,196.10286185594967,1278.8935623180319,6,86,30,44,0.15311397965607385,0.02855664324102176,130.9917820295671,0.049917886512207216,108.44833796252156,0.12009678604604898,0.026993362140562825,4,28,126.4601428112065,14.523530906198792,0.007249839675321654,2.1913234350183446,2.376453844660631,27.49215420083349,0.033017193610024864,5.791353786602964,0.001563281100458936,50.0,2,7.142857142857142,2,3.583452554791066,4.53163921836061
492,diesel,0.06578724916238216,0.006578724916238216,0.05318930863637645,109.69214439635651,193.65885248752977,1302.2324428576583,4,88,27,42,0.13774250405708824,0.026253233994198783,130.27701114676856,0.049917886512207216,108.44833796252156,0.12009678604604898,0.026993362140562825,4,28,126.4601428112065,6.553607038970331,0.0032714221241692334,1.1469114761950454,1.2438064338349477,14.692914433424823,0.017645718011039258,-2.741889441226198,-0.000740128146364042,0.0,0,-3.571428571428571,-1,3.018238197991205,3.816868335562063
493,diesel,0.06578724916238216,0.006578724916238216,0.05345199034295052,109.44705261554437,195.52531451064212,1251.1880715538732,5,95,29,43,0.1414948455498871,0.0279186519538358,125.21343462762128,0.049917886512207216,108.44833796252156,0.12009678604604898,0.026993362140562825,4,28,126.4601428112065,7.079834659824898,0.0035341038307433043,0.9209128252089446,0.9987146530228017,17.81734566621408,0.021398059503838107,3.427842031884374,0.000925289813272976,25.0,1,3.571428571428571,1,-0.9858506845484388,-1.2467081835852127
494,diesel,0.06578724916238216,0.006578724916238216,0.05367263692828409,110.35706858525023,195.29302593559274,1241.986510708572,6,93,28,43,0.14117457401097736,0.026640878780220943,128.22323416398754,0.049917886512207216,108.44833796252156,0.12009678604604898,0.026993362140562825,4,28,126.4601428112065,7.5218537450672445,0.0037547504160768755,1.7600367682797529,1.908730622728669,17.550667806252925,0.021077787964928374,-1.3058149574195004,-0.000352483360341882,50.0,2,0.0,0,1.3941873807727558,1.7630913527810463
495,diesel,0.06578724916238216,0.006578724916238216,0.05309093442576644,106.79971773965795,194.88208739711777,1313.7097342333348,4,94,23,43,0.13348623070507804,0.02699852250529661,131.04373364931573,0.049917886512207216,108.44833796252156,0.12009678604604898,0.026993362140562825,4,28,126.4601428112065,6.356534972255427,0.0031730479135592266,-1.5201894780843541,-1.648620222863613,11.148878417025339,0.013389444659029054,0.019117161867105693,5.160364733785422e-06,0.0,0,-17.857142857142858,-5,3.624533972693764,4.583590838109231
496,diesel,0.06578724916238216,0.006578724916238216,0.05141552576173426,107.66180106569476,188.85565648931401,1246.1445181312342,5,88,29,41,0.12326556729605607,0.024847483742251982,132.9543260141766,0.049917886512207216,108.44833796252156,0.12009678604604898,0.026993362140562825,4,28,126.4601428112065,3.0002056460479456,0.0014976392495270469,-0.7252641318473876,-0.786536896826803,2.6385229399828245,0.003168781250007094,-7.949652166842306,-0.002145878398310843,25.0,1,3.571428571428571,1,5.135359694054211,6.494183202970092
497,diesel,0.06578724916238216,0.006578724916238216,0.052526825434171726,105.11835863921024,189.19874000860642,1255.50943449338,5,94,25,42,0.127299731040646,0.027572692617069613,132.29006806377404,0.049917886512207216,108.44833796252156,0.12009678604604898,0.026993362140562825,4,28,126.4601428112065,5.226461102928515,0.00260893892196451,-3.070567411058085,-3.3299793233113206,5.9976167820471,0.0072029449945970325,2.146196066610875,0.0005793304765067883,25.0,1,-10.714285714285714,-3,4.610089094451757,5.8299252525675485
498,diesel,0.06578724916238216,0.006578724916238216,0.05247248706575387,109.41913313946006,192.33943147572813,1238.1486918512185,5,89,25,42,0.1358825256131511,0.02526819782200014,130.24102023619653,0.049917886512207216,108.44833796252156,0.12009678604604898,0.026993362140562825,4,28,126.4601428112065,5.117605595985999,0.002554600553546657,0.8951683310019837,0.9707951769384948,13.14418152792977,0.01578573956710211,-6.391068698960943,-0.0017251643185626844,25.0,1,-10.714285714285714,-3,2.989777918118078,3.780877424990038
499,diesel,0.06578724916238216,0.006578724916238216,0.05350513140387079,109.89486626946473,193.17742697318522,1239.047449574788,4,91,25,44,0.13202268390315938,0.028119111084471914,130.86768750530055,0.049917886512207216,108.44833796252156,0.12009678604604898,0.026993362140562825,4,28,126.4601428112065,7.186291612699441,0.0035872448916635727,1.3338409182841213,1.446528306943165,9.930238976201768,0.011925897857110401,4.17046582803196,0.0011257489439090891,0.0,0,-10.714285714285714,-3,3.4853231983725657,4.407544694094057
500,diesel,0.06578724916238216,0.006578724916238216,0.04958170602966509,106.77054901842536,187.45555116386058,1214.5859928147165,5,89,28,42,0.11651619281941014,0.026443155783155793,129.7557111437921,0.049917886512207216,108.44833796252156,0.12009678604604898,0.026993362140562825,4,28,126.4601428112065,-0.6734669795363054,-0.00033618048254212274,-1.547085898795453,-1.677788944096207,-2.981423020984029,-0.0035805932266388396,-2.038302433546205,-0.000550206357407032,25.0,1,0.0,0,2.6060134516102726,3.295568332585603
