date,usd_cny,brent,wti,dubai,brent_m3,brent_m6,wti_m3,wti_m6,dubai_m3,dubai_m6,state_x,state_delta,state_space_multifutures_index_usd
2016-01-29,6.5752,33.14,33.66,26.81,38.37,39.73,38.06,40.34,39.65,42.21,3.6893197608610815,-0.10583241048382686,40.017616147855584
2016-02-01,6.5778,32.45,31.62,29.95,38.38645161290322,39.732903225806446,38.042580645161294,40.278064516129035,39.62870967741935,42.14322580645161,3.6894096855795078,-0.10434311928047507,40.021214882524944
2016-02-02,6.5795,30.98,29.9,28.48,38.39193548387097,39.733870967741936,38.03677419354839,40.25741935483871,39.6216129032258,42.12096774193549,3.690045177684459,-0.11392260984194796,40.04665613161362
2016-02-03,6.5765,32.38,32.29,30.93,38.39741935483871,39.73483870967742,38.030967741935484,40.23677419354839,39.61451612903225,42.09870967741936,3.6898044993346626,-0.10688588277976105,40.03701892828061
2016-02-04,6.5638,32.76,31.63,30.4,38.40290322580645,39.7358064516129,38.025161290322586,40.21612903225807,39.60741935483871,42.07645161290323,3.6894816914654713,-0.10298494989353113,40.02409674931434
2016-02-05,6.571,32.35,30.86,30.07,38.40838709677419,39.736774193548385,38.01935483870968,40.19548387096774,39.60032258064516,42.0541935483871,3.6894661084965024,-0.1037235952280012,40.023473059916164
2016-02-08,6.571,31.64,29.71,30.07,38.42483870967742,39.739677419354834,38.00193548387097,40.13354838709678,39.579032258064515,41.987419354838714,3.689786864271132,-0.10776062688703623,40.03631287913385
2016-02-09,6.571,30.15,27.96,30.07,38.43032258064516,39.74064516129032,37.99612903225807,40.112903225806456,39.571935483870966,41.965161290322584,3.6904978736644853,-0.11749655180785255,40.06478919593088
2016-02-10,6.571,29.64,27.54,27.47,38.435806451612905,39.74161290322581,37.99032258064516,40.09225806451613,39.56483870967742,41.942903225806454,3.691395421189462,-0.1290174167468941,40.10076539106967
2016-02-11,6.571,28.82,26.19,26.91,38.44129032258064,39.74258064516129,37.98451612903226,40.07161290322581,39.55774193548387,41.920645161290324,3.6923457708566505,-0.1403691020699245,40.138893254644664
2016-02-12,6.571,31.8,29.32,28.94,38.446774193548386,39.74354838709677,37.97870967741936,40.05096774193549,39.55064516129032,41.898387096774194,3.6917857414828754,-0.12696941794078723,40.11642058865512
2016-02-16,6.5154,31.09,29.05,28.51,38.468709677419355,39.747419354838705,37.95548387096775,39.968387096774194,39.52225806451613,41.80935483870968,3.6915101587523096,-0.12434268635882227,40.1053667191265
2016-02-17,6.527,33.21,30.68,29.57,38.47419354838709,39.74838709677419,37.94967741935484,39.947741935483876,39.51516129032258,41.78709677419355,3.6906581789060664,-0.11120966572498413,40.07121230645721
2016-02-18,6.5163,33.2,30.77,29.55,38.479677419354836,39.74935483870968,37.94387096774194,39.92709677419355,39.50806451612903,41.76483870967742,3.690042814579744,-0.10476779065780575,40.046561497283506
2016-02-19,6.5202,31.66,29.59,29.18,38.48516129032258,39.75032258064516,37.93806451612903,39.906451612903226,39.50096774193548,41.74258064516129,3.6902116835302943,-0.10944734354996954,40.05332468912718
2016-02-22,6.5197,33.59,31.37,29.56,38.501612903225805,39.75322580645161,37.920645161290324,39.844516129032264,39.479677419354836,41.67580645161291,3.689866579959532,-0.10181886587546794,40.03950452858659
2016-02-23,6.5263,31.9,31.84,29.3,38.50709677419355,39.75419354838709,37.91483870967742,39.82387096774194,39.47258064516129,41.65354838709678,3.6900059169862045,-0.10546487000248014,40.04508390279473
2016-02-24,6.529,31.5,30.35,29.35,38.512580645161286,39.755161290322576,37.90903225806452,39.803225806451614,39.465483870967745,41.63129032258065,3.690341842162379,-0.10970977015938058,40.05853831437096
2016-02-25,6.532,32.83,31.4,29.26,38.51806451612903,39.75612903225806,37.903225806451616,39.782580645161296,39.458387096774196,41.609032258064516,3.690185442009693,-0.10555679920062606,40.05227364277278
2016-02-26,6.539,35.76,31.65,29.36,38.523548387096774,39.75709677419355,37.89741935483871,39.76193548387097,39.45129032258065,41.58677419354839,3.689245471595549,-0.09123332463841921,40.01464337896737
2016-02-29,6.5525,35.92,32.74,29.3,38.54,39.76,37.88,39.7,39.43,41.52,3.6885433947592667,-0.08304907838529212,39.986559884278016
2016-03-01,6.55,35.73,34.39,32.17,38.637419354838705,39.850967741935484,37.98677419354839,39.79161290322581,39.53806451612903,41.61451612903226,3.68986794562777,-0.07487743567502603,40.039559209303526
2016-03-02,6.5499,36.38,34.57,32.1,38.73483870967742,39.941935483870964,38.093548387096774,39.88322580645161,39.64612903225807,41.70903225806452,3.6915646425987596,-0.0687082394996677,40.10755187329591
2016-03-03,6.5312,35.75,34.56,32.3,38.832258064516125,40.03290322580645,38.200322580645164,39.97483870967742,39.7541935483871,41.803548387096775,3.693689689364112,-0.06823330671920495,40.192872920169904
2016-03-04,6.5064,37.61,35.91,33.65,38.92967741935484,40.12387096774194,38.30709677419355,40.06645161290323,39.862258064516126,41.89806451612903,3.695365914478223,-0.05877809030554977,40.260301720303005
2016-03-07,6.5155,39.02,37.9,35.37,39.221935483870965,40.39677419354839,38.627419354838715,40.34129032258065,40.18645161290323,42.18161290322581,3.7006209266601036,-0.046572216838651856,40.47242696851539
2016-03-08,6.5044,39.16,36.67,34.37,39.31935483870968,40.48774193548387,38.7341935483871,40.432903225806456,40.29451612903226,42.27612903225807,3.702950908952116,-0.042687621636422715,40.56683695074899
2016-03-09,6.5105,40.26,37.62,35.26,39.416774193548385,40.578709677419354,38.840967741935486,40.52451612903226,40.402580645161294,42.37064516129033,3.7047581344736615,-0.03573656206025545,40.640216660685134
2016-03-10,6.507,38.63,37.77,34.6,39.5141935483871,40.669677419354834,38.94774193548387,40.616129032258065,40.51064516129032,42.465161290322584,3.7071092085367714,-0.03930898432703137,40.73587722847109
2016-03-11,6.494,39.41,38.51,34.99,39.611612903225804,40.76064516129032,39.05451612903226,40.707741935483874,40.61870967741935,42.55967741935484,3.709311020229645,-0.03780969526905711,40.82566877503518
2016-03-14,6.4984,38.06,37.2,34.51,39.90387096774194,41.03354838709677,39.37483870967742,40.98258064516129,40.942903225806454,42.84322580645161,3.715741695529147,-0.04391321864399819,41.089051351074964
2016-03-15,6.511,37.49,36.32,34.17,40.001290322580644,41.12451612903226,39.48161290322581,41.0741935483871,41.05096774193549,42.93774193548387,3.7190383879445674,-0.050628600580789315,41.22473284220801
2016-03-16,6.5189,38.38,38.43,35.03,40.09870967741936,41.21548387096774,39.58838709677419,41.1658064516129,41.159032258064514,43.032258064516135,3.7213817649476977,-0.04902224883623041,41.32145121265311
2016-03-17,6.4745,39.29,40.17,35.61,40.196129032258064,41.306451612903224,39.69516129032258,41.25741935483871,41.26709677419355,43.12677419354839,3.7232882941916974,-0.04387989228445667,41.40030691425938
2016-03-18,6.4682,39.26,39.47,35.56,40.29354838709678,41.39741935483871,39.80193548387097,41.34903225806452,41.37516129032258,43.22129032258065,3.725306153278062,-0.04220822838158107,41.483931242425
2016-03-21,6.4812,39.91,39.91,35.68,40.5858064516129,41.67032258064516,40.12225806451613,41.62387096774194,41.69935483870968,43.50483870967742,3.731071798030951,-0.039477360587286486,41.723803698105336
2016-03-22,6.4876,40.54,41.45,35.77,40.68322580645162,41.76129032258064,40.229032258064514,41.715483870967745,41.80741935483871,43.59935483870968,3.733533881009144,-0.03594652619038234,41.82665773060006
2016-03-23,6.5035,38.84,38.28,35.31,40.78064516129032,41.85225806451613,40.3358064516129,41.807096774193546,41.91548387096774,43.69387096774194,3.7361376373602733,-0.04255817357476455,41.93570606234762
2016-03-24,6.5124,38.33,38.14,35.23,40.87806451612904,41.94322580645161,40.442580645161286,41.898709677419355,42.023548387096774,43.788387096774194,3.7387909851385404,-0.04820440656717667,42.04712382452664
2016-03-25,6.5131,38.33,38.14,35.23,40.97548387096774,42.034193548387094,40.549354838709675,41.99032258064516,42.13161290322581,43.88290322580645,3.7412835163340836,-0.05136981421577871,42.15205831425941
2016-03-28,6.5051,38.33,37.99,35.22,41.267741935483876,42.307096774193546,40.869677419354836,42.26516129032258,42.4558064516129,44.16645161290323,3.747390795216189,-0.05374123286653956,42.41028040438312
2016-03-29,6.5063,36.75,36.91,35.11,41.36516129032258,42.39806451612903,40.976451612903226,42.35677419354839,42.563870967741934,44.26096774193549,3.7506638616158696,-0.06217401315571362,42.54931948612238
2016-03-30,6.4648,36.75,36.91,35.18,41.462580645161296,42.48903225806451,41.08322580645161,42.44838709677419,42.67193548387097,44.355483870967745,3.753331868049685,-0.06665778117830755,42.662992917559315
2016-03-31,6.448,36.75,36.94,35.14,41.56,42.58,41.19,42.54,42.78,44.45,3.7557593002556686,-0.06929810271189386,42.76668023662571
2016-04-01,6.4776,36.42,35.36,34.74,41.79241379310345,42.794137931034484,41.40965517241379,42.73620689655172,43.003793103448274,44.657931034482765,3.760718900317635,-0.07373084600648475,42.97931271675372
2016-04-04,6.4776,36.05,34.3,34.05,42.4896551724138,43.43655172413793,42.06862068965517,43.324827586206894,43.675172413793106,45.281724137931036,3.774705570486333,-0.08042961627005549,43.584673812074044
2016-04-05,6.476,35.88,34.52,34.15,42.722068965517245,43.650689655172414,42.288275862068964,43.52103448275862,43.89896551724138,45.4896551724138,3.781338842022311,-0.08585272291308306,43.87474378111496
2016-04-06,6.478,37.77,37.74,35.73,42.95448275862069,43.86482758620689,42.50793103448276,43.717241379310344,44.12275862068966,45.69758620689655,3.7861230131741643,-0.0787940701429274,44.08515097530016
2016-04-07,6.4599,37.15,37.3,35.39,43.18689655172414,44.07896551724138,42.727586206896554,43.913448275862066,44.34655172413793,45.905517241379314,3.7909616142496527,-0.0791869634484184,44.29897832967767
2016-04-08,6.4628,40.71,39.74,37.14,43.419310344827586,44.29310344827586,42.94724137931034,44.10965517241379,44.57034482758621,46.11344827586207,3.7949012713204824,-0.06416899498757847,44.47384534474653
2016-04-11,6.458,41.58,40.46,37.73,44.116551724137935,44.93551724137931,43.606206896551726,44.69827586206896,45.24172413793104,46.73724137931035,3.807130654856113,-0.05448837264420267,45.02107236114769
2016-04-12,6.4639,43.02,42.12,39.03,44.34896551724138,45.149655172413794,43.82586206896552,44.89448275862069,45.46551724137931,46.9451724137931,3.81226910032484,-0.04439137010168047,45.25300606544108
2016-04-13,6.4768,42.81,41.7,38.64,44.58137931034483,45.36379310344827,44.04551724137931,45.09068965517241,45.68931034482759,47.153103448275864,3.816818287319575,-0.04169652069450601,45.45933942077426
2016-04-14,6.481,43.02,41.45,38.49,44.813793103448276,45.57793103448276,44.2651724137931,45.28689655172413,45.91310344827586,47.36103448275862,3.8214417492543027,-0.040812256572165286,45.670005574361575
2016-04-15,6.473,41.32,40.4,38.04,45.04620689655172,45.79206896551724,44.4848275862069,45.48310344827586,46.13689655172414,47.56896551724138,3.826567486330197,-0.04783486882195751,45.90469898971566
2016-04-18,6.4717,41.64,39.74,37.94,45.743448275862065,46.43448275862069,45.143793103448274,46.071724137931035,46.80827586206897,48.19275862068965,3.8396214456343234,-0.05221115885711737,46.50786535153376
2016-04-19,6.4571,43.02,40.88,38.32,45.97586206896552,46.648620689655175,45.36344827586207,46.26793103448276,47.03206896551724,48.400689655172414,3.8453801110349146,-0.05048309293052637,46.776461221190296
2016-04-20,6.4675,43.09,42.72,38.93,46.208275862068966,46.862758620689654,45.583103448275864,46.46413793103448,47.25586206896552,48.60862068965517,3.85004145432985,-0.048912480192819505,46.99501133790157
2016-04-21,6.481,43.48,43.18,38.57,46.44068965517241,47.07689655172414,45.80275862068966,46.6603448275862,47.47965517241379,48.81655172413793,3.8545559388551696,-0.047966587753368234,47.207649203390424
2016-04-22,6.5004,43.97,42.76,38.76,46.67310344827586,47.29103448275862,46.02241379310345,46.85655172413793,47.70344827586207,49.024482758620685,3.8590189994843342,-0.04669278012429219,47.418810666643274
2016-04-25,6.49,42.97,41.67,38.63,47.3703448275862,47.93344827586207,46.68137931034483,47.4451724137931,48.3748275862069,49.648275862068964,3.8715543024631685,-0.05145412310586713,48.01696099056427
2016-04-26,6.4905,43.94,42.52,38.8,47.602758620689656,48.14758620689655,46.901034482758625,47.641379310344824,48.59862068965518,49.85620689655172,3.87723886954504,-0.05168301910314564,48.290693915847235
2016-04-27,6.494,44.17,45.29,38.97,47.8351724137931,48.361724137931034,47.12068965517241,47.837586206896546,48.82241379310345,50.06413793103448,3.88182034034992,-0.050744532192649974,48.512443902840545
2016-04-28,6.4735,45.6,46.03,39.0,48.06758620689655,48.57586206896551,47.34034482758621,48.033793103448275,49.04620689655173,50.272068965517235,3.8859915246926717,-0.04633537610367249,48.71522086531629
2016-04-29,6.4738,45.64,45.98,39.03,48.3,48.79,47.56,48.23,49.27,50.48,3.8902414256977247,-0.044835109450146855,48.92269629417088
2016-05-02,6.4738,45.82,44.75,42.45,48.5109375,49.0159375,47.791562500000005,48.4765625,49.515625,50.751875,3.894582742309961,-0.04113130860363886,49.13554689994349
2016-05-03,6.49,43.09,43.65,41.88,48.58125,49.09125,47.868750000000006,48.558749999999996,49.597500000000004,50.8425,3.8970138983591536,-0.049574326116332806,49.25514840807576
2016-05-04,6.4945,43.08,43.77,41.8,48.6515625,49.1665625,47.9459375,48.6409375,49.679375,50.933125,3.8990313433329375,-0.054152228849555166,49.3546182634069
2016-05-05,6.5032,44.39,44.33,41.92,48.721875,49.241875,48.023125,48.723124999999996,49.761250000000004,51.02375,3.9005452499648574,-0.052201010131164884,49.42939313411662
2016-05-06,6.497,44.6,44.58,42.28,48.7921875,49.3171875,48.1003125,48.8053125,49.843125,51.114374999999995,3.901944995502723,-0.05043494569230095,49.49863015239459
2016-05-09,6.514,42.43,43.45,40.97,49.003125,49.543125,48.331875000000004,49.051874999999995,50.088750000000005,51.38625,3.906575128256063,-0.05909508426682882,49.7283467799582
2016-05-10,6.515,44.01,44.68,42.35,49.0734375,49.6184375,48.409062500000005,49.1340625,50.170625,51.476875,3.908478182610349,-0.056818829636009115,49.82307263246392
2016-05-11,6.491,46.08,46.21,43.67,49.14375,49.69375,48.48625,49.216249999999995,50.252500000000005,51.567499999999995,3.909464831165846,-0.04767672686286911,49.87225475385188
2016-05-12,6.514,46.43,46.64,43.98,49.2140625,49.769062500000004,48.5634375,49.2984375,50.334375,51.658125,3.9104695149000395,-0.041980985845934175,49.92238577568491
2016-05-13,6.5285,47.05,46.22,43.7,49.284375,49.844375,48.640625,49.380624999999995,50.416250000000005,51.74875,3.911609257546158,-0.03807223852206173,49.979316884993175
2016-05-16,6.5184,48.49,47.72,44.27,49.4953125,50.0703125,48.8721875,49.6271875,50.661875,52.020625,3.915198839460745,-0.03146692897680156,50.15904411681386
2016-05-17,6.517,48.71,48.29,44.48,49.565625,50.145625,48.949375,49.709375,50.74375,52.11125,3.9167107586338896,-0.027739469260161152,50.2349378954931
2016-05-18,6.537,48.93,48.12,44.32,49.6359375,50.2209375,49.026562500000004,49.7915625,50.825625,52.201875,3.918058462249888,-0.025842691629984902,50.30268534443109
2016-05-19,6.544,47.01,48.16,44.33,49.70625,50.29625,49.103750000000005,49.87375,50.9075,52.292500000000004,3.919832912672926,-0.03081727360053707,50.392024205969214
2016-05-20,6.5485,48.54,47.67,44.28,49.7765625,50.3715625,49.1809375,49.9559375,50.989375,52.383125,3.921309626040997,-0.029300687446626197,50.46649375331351
2016-05-23,6.5533,47.77,48.12,44.16,49.9875,50.597500000000004,49.4125,50.2025,51.235,52.655,3.925472221871438,-0.031437151783469924,50.67700319869624
2016-05-24,6.5552,48.42,48.04,44.21,50.0578125,50.6728125,49.4896875,50.2846875,51.316875,52.745625000000004,3.927337732499292,-0.031126197952690806,50.77162992288825
2016-05-25,6.5538,48.87,49.1,44.39,50.128125,50.748125,49.566875,50.366875,51.39875,52.83625,3.92877215699269,-0.029484257974980527,50.84451025058656
2016-05-26,6.554,49.52,49.0,44.34,50.1984375,50.823437500000004,49.644062500000004,50.4490625,51.480625,52.926875,3.9300890174818375,-0.02723017912550516,50.91150948186378
2016-05-27,6.5615,49.09,49.36,44.31,50.26875,50.89875,49.72125,50.53125,51.5625,53.0175,3.9315476115805827,-0.027569018566502887,50.98582289252824
2016-05-31,6.5798,49.26,49.1,44.27,50.55,51.2,50.03,50.86,51.89,53.38,3.936846284144942,-0.02820019627008343,51.25669707651024
2016-06-01,6.5748,48.81,49.07,45.96,50.56833333333333,51.21933333333334,50.03566666666667,50.87766666666666,51.88966666666667,53.39966666666667,3.9379731688115993,-0.028666280444524787,51.31449001938406
2016-06-02,6.5815,49.05,49.14,46.36,50.586666666666666,51.23866666666667,50.041333333333334,50.89533333333333,51.88933333333333,53.419333333333334,3.9384167976650293,-0.027951135670780114,51.337259658016606
2016-06-03,6.5638,48.5,48.69,46.03,50.605,51.258,50.047000000000004,50.913,51.889,53.439,3.9389060127255355,-0.029761539495225732,51.362380762916835
2016-06-06,6.5611,48.94,49.71,46.54,50.66,51.316,50.064,50.966,51.888,53.498000000000005,3.9398933279013972,-0.028743296676585213,51.41311666295307
2016-06-07,6.571,49.76,50.37,47.29,50.678333333333335,51.33533333333334,50.06966666666667,50.983666666666664,51.88766666666667,53.51766666666667,3.9401243243667596,-0.025125431398068554,51.424994282966786
2016-06-08,6.56,50.73,51.23,48.2,50.696666666666665,51.35466666666667,50.07533333333333,51.001333333333335,51.88733333333334,53.537333333333336,3.9401062813093493,-0.019596103514635786,51.42406642721331
2016-06-09,6.559,50.59,50.52,47.9,50.714999999999996,51.374,50.081,51.019,51.887,53.557,3.9402654335076446,-0.017872588361301657,51.43225133173598
2016-06-10,6.559,49.7,49.09,46.96,50.733333333333334,51.39333333333334,50.086666666666666,51.03666666666667,51.88666666666667,53.57666666666667,3.9407799253036537,-0.020973364030042938,51.458719611368956
2016-06-13,6.5823,49.36,48.89,46.93,50.788333333333334,51.45133333333334,50.10366666666667,51.089666666666666,51.885666666666665,53.635666666666665,3.942012507797766,-0.02375200037035216,51.5221858339737
2016-06-14,6.593,47.88,48.49,46.64,50.806666666666665,51.470666666666666,50.10933333333333,51.10733333333334,51.885333333333335,53.65533333333333,3.9429207842602647,-0.0299601628346632,51.56900348112807
2016-06-15,6.5785,47.47,47.92,46.2,50.825,51.49,50.115,51.125,51.885000000000005,53.675,3.943731421110462,-0.03494441442833067,51.61082416408104
2016-06-16,6.5899,45.66,46.14,45.37,50.843333333333334,51.50933333333334,50.12066666666667,51.14266666666666,51.88466666666667,53.69466666666667,3.944795091118524,-0.04439573169853256,51.665750256275594
2016-06-17,6.5849,46.57,48.0,46.14,50.861666666666665,51.528666666666666,50.126333333333335,51.160333333333334,51.88433333333334,53.714333333333336,3.945388478958128,-0.04494805607943685,51.69641718199226
2016-06-20,6.5768,48.68,49.4,46.69,50.916666666666664,51.586666666666666,50.14333333333334,51.21333333333333,51.88333333333333,53.77333333333333,3.9460141998114917,-0.038210786308278094,51.72877483063923
2016-06-21,6.5893,48.18,48.95,46.61,50.935,51.606,50.149,51.231,51.883,53.793,3.9462722154664154,-0.036738719646179106,51.74212338634968
2016-06-22,6.575,48.43,49.16,46.38,50.95333333333333,51.62533333333334,50.15466666666667,51.248666666666665,51.882666666666665,53.812666666666665,3.9465376256292926,-0.035533918540983235,51.75585809433018
2016-06-23,6.574,48.63,49.34,46.63,50.971666666666664,51.644666666666666,50.160333333333334,51.266333333333336,51.882333333333335,53.83233333333333,3.9467984629364143,-0.03414824872977173,51.76935971376976
2016-06-24,6.615,46.69,46.7,46.16,50.99,51.664,50.166000000000004,51.284,51.882000000000005,53.852,3.947544060049922,-0.04063647247818832,51.8079731922007
2016-06-27,6.6481,45.07,45.8,46.03,51.045,51.722,50.183,51.337,51.881,53.911,3.949210440286632,-0.04942138994118809,51.8943769455917
2016-06-28,6.645,46.29,47.93,46.19,51.06333333333333,51.74133333333334,50.18866666666667,51.35466666666667,51.88066666666667,53.93066666666667,3.94983239771457,-0.04923950811482152,51.92666307806041
2016-06-29,6.635,48.4,49.85,46.31,51.08166666666667,51.760666666666665,50.19433333333333,51.37233333333334,51.88033333333333,53.95033333333333,3.949799346276795,-0.04224788244309151,51.92494685554878
2016-06-30,6.6459,48.05,48.27,46.26,51.1,51.78,50.2,51.39,51.88,53.97,3.9499410966997397,-0.04051104692056375,51.93230776042031
2016-07-01,6.6547,47.65,49.02,45.77,50.88793103448276,51.577241379310344,49.974137931034484,51.182758620689654,51.65034482758621,53.75793103448276,3.946585755441582,-0.0407326842446143,51.758349154011775
2016-07-04,6.6547,48.02,49.02,45.77,50.251724137931035,50.96896551724138,49.296551724137935,50.56103448275862,50.96137931034483,53.12172413793103,3.935758249039129,-0.038369273224992125,51.200958319044155
2016-07-05,6.677,45.64,46.73,44.02,50.039655172413795,50.76620689655172,49.070689655172416,50.353793103448275,50.73172413793104,52.90965517241379,3.931197170227917,-0.04551718130576411,50.9679584821839
2016-07-06,6.69,45.7,47.37,44.73,49.827586206896555,50.56344827586207,48.8448275862069,50.14655172413793,50.502068965517246,52.69758620689655,3.927266786987824,-0.04704778066956738,50.76802803140584
2016-07-07,6.679,45.93,45.22,42.73,49.615517241379315,50.360689655172415,48.61896551724138,49.93931034482759,50.27241379310345,52.48551724137931,3.9233768029694516,-0.04919545234785809,50.570924826424736
2016-07-08,6.6878,44.53,45.37,43.14,49.40344827586207,50.15793103448276,48.393103448275866,49.73206896551724,50.04275862068965,52.273448275862066,3.9196367489385326,-0.05335433978993329,50.38214008780179
2016-07-11,6.6917,44.04,44.73,42.84,48.76724137931035,49.54965517241379,47.71551724137931,49.11034482758621,49.353793103448275,51.637241379310346,3.9088097406624707,-0.056026639626925986,49.839594612223
2016-07-12,6.686,46.72,46.82,44.29,48.5551724137931,49.346896551724136,47.48965517241379,48.903103448275864,49.12413793103448,51.425172413793106,3.9030989944685044,-0.04536100015033356,49.55578449207973
2016-07-13,6.6832,44.67,44.87,42.82,48.34310344827586,49.144137931034486,47.26379310344828,48.69586206896552,48.89448275862069,51.21310344827586,3.898793010048073,-0.0478071631067564,49.34285681674073
2016-07-14,6.6801,46.01,45.64,43.52,48.13103448275862,48.94137931034483,47.03793103448276,48.48862068965517,48.6648275862069,51.00103448275862,3.8943483364686458,-0.043047088654187396,49.12403059053177
2016-07-15,6.6865,46.25,45.93,43.67,47.91896551724138,48.73862068965517,46.81206896551724,48.28137931034483,48.435172413793104,50.78896551724138,3.8898465661493398,-0.038953145818998225,48.903382513772634
2016-07-18,6.7013,45.35,45.23,43.18,47.282758620689656,48.13034482758621,46.13448275862069,47.65965517241379,47.746206896551726,50.15275862068965,3.878363107250207,-0.03894651426919544,48.345014663751215
2016-07-19,6.6931,45.7,44.64,43.06,47.070689655172416,47.92758620689655,45.90862068965517,47.45241379310345,47.51655172413793,49.94068965517241,3.8729477720102197,-0.036729518557599705,48.08391780375215
2016-07-20,6.676,45.82,44.96,43.27,46.858620689655176,47.7248275862069,45.682758620689654,47.24517241379311,47.28689655172414,49.72862068965517,3.8683423264377534,-0.03405218535178156,47.86297908852137
2016-07-21,6.6735,44.99,43.96,43.18,46.646551724137936,47.52206896551724,45.456896551724135,47.03793103448276,47.05724137931034,49.51655172413793,3.8640551820146447,-0.03496583761340696,47.658222808133004
2016-07-22,6.676,44.24,43.41,42.77,46.43448275862069,47.319310344827585,45.231034482758616,46.830689655172414,46.827586206896555,49.30448275862069,3.8599355546526515,-0.03761846871513988,47.462292546362036
2016-07-25,6.6783,43.76,42.4,42.59,45.79827586206897,46.71103448275862,44.55344827586207,46.20896551724138,46.13862068965517,48.66827586206897,3.848354410914487,-0.039479915881485646,46.91579555249176
2016-07-26,6.669,43.56,42.16,42.56,45.58620689655173,46.50827586206896,44.32758620689655,46.001724137931035,45.90896551724138,48.45620689655173,3.842982275533256,-0.039653073204074914,46.66443332773864
2016-07-27,6.668,42.78,41.9,42.51,45.37413793103448,46.305517241379306,44.101724137931036,45.79448275862069,45.679310344827584,48.24413793103448,3.838575167067617,-0.04152622431663235,46.45923061601057
2016-07-28,6.6538,41.87,41.13,42.51,45.16206896551724,46.102758620689656,43.87586206896552,45.58724137931035,45.44965517241379,48.03206896551724,3.834400553515919,-0.04494716386933178,46.265685551286694
2016-07-29,6.6371,40.76,41.54,42.51,44.95,45.9,43.65,45.38,45.22,47.82,3.8303247939116174,-0.04942155150961582,46.07750149604322
2016-08-01,6.6421,40.17,40.05,38.92,45.24727272727273,46.18272727272727,43.919090909090905,45.60909090909091,45.484545454545454,48.083636363636366,3.835585330932841,-0.05842190278317791,46.320532575048134
2016-08-02,6.6239,40.0,39.5,38.68,45.34636363636364,46.276969696969694,44.00878787878788,45.68545454545455,45.57272727272727,48.17151515151515,3.83854797898096,-0.06458238708141865,46.45796749559355
2016-08-03,6.632,40.45,40.8,39.76,45.445454545454545,46.37121212121212,44.098484848484844,45.761818181818185,45.660909090909094,48.25939393939394,3.840788806298358,-0.06468419595803802,46.5621885053008
2016-08-04,6.6388,41.33,41.92,40.86,45.54454545454546,46.46545454545454,44.18818181818182,45.83818181818182,45.74909090909091,48.347272727272724,3.8425967837363886,-0.06042942087273767,46.646448038298836
2016-08-05,6.653,42.47,41.83,40.72,45.64363636363637,46.559696969696965,44.277878787878784,45.914545454545454,45.837272727272726,48.43515151515152,3.844221484327281,-0.05510353192345485,46.722296148540075
2016-08-08,6.6597,43.24,43.06,41.62,45.940909090909095,46.842424242424244,44.5469696969697,46.14363636363637,46.10181818181818,48.698787878787876,3.8492486036882076,-0.049243801382183594,46.957766079922756
2016-08-09,6.653,43.37,42.78,41.17,46.04,46.93666666666667,44.63666666666666,46.22,46.19,48.78666666666667,3.851514621373072,-0.04725449658422913,47.064293859634404
2016-08-10,6.6345,42.19,41.75,40.7,46.13909090909091,47.03090909090909,44.72636363636364,46.29636363636364,46.27818181818182,48.874545454545455,3.853806094303013,-0.05148727026617761,47.17226407314671
2016-08-11,6.6274,44.23,43.51,41.97,46.23818181818182,47.125151515151515,44.8160606060606,46.372727272727275,46.36636363636364,48.96242424242424,3.855507150407002,-0.04524180431017126,47.252575028241914
2016-08-12,6.6324,45.12,44.47,42.52,46.337272727272726,47.21939393939394,44.905757575757576,46.44909090909091,46.45454545454545,49.05030303030303,3.8570148665326136,-0.0388165321341606,47.3238722320545
2016-08-15,6.637,47.31,45.72,43.27,46.63454545454545,47.50212121212121,45.17484848484848,46.67818181818182,46.71909090909091,49.31393939393939,3.8616594752187012,-0.028498641694542397,47.54418433578337
2016-08-16,6.624,48.27,46.57,43.84,46.733636363636364,47.596363636363634,45.264545454545456,46.75454545454546,46.807272727272725,49.40181818181818,3.863435595171277,-0.02041188046811559,47.62870354612033
2016-08-17,6.6328,48.58,46.81,44.16,46.832727272727276,47.69060606060606,45.35424242424242,46.83090909090909,46.89545454545455,49.48969696969697,3.8650161312528133,-0.01553327332906388,47.70404195244298
2016-08-18,6.6297,49.46,48.2,44.5,46.93181818181818,47.78484848484848,45.443939393939395,46.907272727272726,46.983636363636364,49.57757575757576,3.866562419133514,-0.010153533540895219,47.777863194111234
2016-08-19,6.6515,49.39,48.48,44.45,47.03090909090909,47.879090909090905,45.53363636363636,46.983636363636364,47.07181818181818,49.665454545454544,3.868297066506677,-0.00803153349414875,47.86081286240871
2016-08-22,6.6475,48.1,46.8,43.81,47.32818181818182,48.16181818181818,45.802727272727275,47.21272727272727,47.336363636363636,49.92909090909091,3.873867722159618,-0.012669198801290884,48.12817296426901
2016-08-23,6.6378,48.7,47.54,43.96,47.42727272727273,48.2560606060606,45.89242424242424,47.28909090909091,47.42454545454546,50.016969696969696,3.8764348075843813,-0.013480837259869871,48.25188081197699
2016-08-24,6.6562,47.56,46.29,43.7,47.526363636363634,48.35030303030303,45.982121212121214,47.36545454545455,47.512727272727275,50.10484848484848,3.8787861574003335,-0.018334341129230602,48.3654713562609
2016-08-25,6.656,49.25,46.97,43.82,47.625454545454545,48.444545454545455,46.07181818181818,47.44181818181818,47.60090909090909,50.192727272727275,3.880677736300618,-0.015830396266139808,48.45704504350327
2016-08-26,6.669,49.66,47.64,43.84,47.724545454545456,48.53878787878788,46.161515151515154,47.518181818181816,47.68909090909091,50.28060606060606,3.8824542968779117,-0.013561623639771227,48.5432084339989
2016-08-29,6.6775,49.66,46.97,43.74,48.02181818181818,48.82151515151515,46.43060606060606,47.74727272727273,47.95363636363636,50.54424242424243,3.8876706748600194,-0.013509709864618745,48.797089752426324
2016-08-30,6.6778,47.94,46.32,43.72,48.12090909090909,48.915757575757574,46.520303030303026,47.82363636363636,48.041818181818186,50.63212121212121,3.8904408863170667,-0.019360789876045073,48.93245541872176
2016-08-31,6.6776,47.94,44.68,43.7,48.22,49.01,46.61,47.9,48.13,50.72,3.892780260170071,-0.02325838355866563,49.0470607255543
2016-09-01,6.6713,45.05,43.17,41.89,48.33166666666666,49.120333333333335,46.714666666666666,47.99933333333333,48.243,50.829,3.895914158251546,-0.03680577153942308,49.20101032023485
2016-09-02,6.679,45.96,44.39,43.17,48.443333333333335,49.230666666666664,46.81933333333333,48.09866666666667,48.356,50.938,3.8985665892846586,-0.03926005192561007,49.331685834150164
2016-09-05,6.679,46.72,44.39,43.17,48.778333333333336,49.56166666666667,47.13333333333333,48.39666666666667,48.695,51.265,3.9047004484752894,-0.03906463123481669,49.635209382393576
2016-09-06,6.6722,46.21,44.85,43.53,48.89,49.672,47.238,48.496,48.808,51.374,3.9075952533890415,-0.04077122038256892,49.77910180016425
2016-09-07,6.66,47.0,45.47,44.12,49.001666666666665,49.782333333333334,47.342666666666666,48.595333333333336,48.921,51.483,3.9098125112601267,-0.038879256747855605,49.88959735875123
2016-09-08,6.664,49.23,47.63,45.43,49.11333333333333,49.89266666666666,47.44733333333333,48.69466666666666,49.034000000000006,51.592,3.911452924176082,-0.029795336457989423,49.971504060668934
2016-09-09,6.6778,48.37,45.88,44.11,49.225,50.003,47.552,48.794,49.147000000000006,51.701,3.9135186044034125,-0.030199743462729182,50.07483589705929
2016-09-12,6.6788,47.82,46.28,44.89,49.56,50.333999999999996,47.866,49.092,49.486000000000004,52.028,3.9195913231159842,-0.03190879854581812,50.379851489627676
2016-09-13,6.6782,46.48,44.91,43.57,49.67166666666667,50.44433333333333,47.970666666666666,49.19133333333333,49.599000000000004,52.137,3.9228103731030908,-0.03937765181189258,50.54228805536042
2016-09-14,6.6707,45.65,43.62,42.86,49.78333333333333,50.55466666666666,48.07533333333333,49.29066666666667,49.712,52.246,3.9256967493027664,-0.04727858467804913,50.688382853526385
2016-09-15,6.6707,45.83,43.85,43.29,49.894999999999996,50.665,48.18,49.39,49.825,52.355000000000004,3.928252404586567,-0.05050795586781822,50.81809056048918
2016-09-16,6.6707,45.26,43.04,42.93,50.00666666666667,50.775333333333336,48.284666666666666,49.489333333333335,49.938,52.464,3.9307878315552136,-0.05497689778206248,50.947099595174215
2016-09-19,6.665,46.04,43.34,43.01,50.34166666666667,51.10633333333333,48.59866666666667,49.787333333333336,50.277,52.791000000000004,3.936789559893205,-0.055432382876851656,51.25378966118332
2016-09-20,6.67,45.24,43.85,42.98,50.45333333333333,51.21666666666667,48.70333333333333,49.88666666666667,50.39,52.9,3.9397114247974465,-0.058740928402124346,51.403765307994334
2016-09-21,6.6695,45.99,45.33,43.33,50.565,51.327,48.808,49.986000000000004,50.503,53.009,3.941936776433741,-0.05761483938076386,51.51828413630525
2016-09-22,6.663,47.21,46.1,43.59,50.67666666666667,51.437333333333335,48.91266666666667,50.08533333333334,50.616,53.118,3.943816177190211,-0.05327312235307591,51.61519868059061
2016-09-23,6.669,46.71,44.36,43.14,50.788333333333334,51.547666666666665,49.01733333333333,50.18466666666667,50.729,53.227000000000004,3.9459355436171157,-0.05416273825440536,51.724706202084846
2016-09-26,6.6683,46.61,45.6,43.4,51.123333333333335,51.87866666666667,49.33133333333333,50.48266666666667,51.068000000000005,53.554,3.9517932646053215,-0.05500232187749195,52.028584246702685
2016-09-27,6.6691,44.95,44.65,43.14,51.235,51.989,49.436,50.582,51.181000000000004,53.663000000000004,3.9548915622008045,-0.0618906692274976,52.19003426511999
2016-09-28,6.673,45.49,47.07,43.39,51.346666666666664,52.099333333333334,49.54066666666667,50.681333333333335,51.294000000000004,53.772000000000006,3.9572820952239987,-0.06292700397373346,52.31494550825292
2016-09-29,6.665,48.43,47.72,43.4,51.458333333333336,52.209666666666664,49.64533333333333,50.78066666666667,51.407000000000004,53.881,3.958936212011266,-0.054847952074673204,52.40155214684343
2016-09-30,6.6685,48.24,47.72,43.4,51.57,52.32,49.75,50.88,51.52,53.99,3.960727366231558,-0.05185207805192825,52.49549551653662
2016-10-03,6.6685,48.61,48.8,48.01,51.46354838709677,52.2241935483871,49.62612903225806,50.773548387096774,51.38935483870968,53.85354838709677,3.9589408049461743,-0.04440990728187858,52.40179282431425
2016-10-04,6.6685,48.81,48.67,48.15,51.428064516129034,52.19225806451613,49.58483870967742,50.738064516129036,51.34580645161291,53.808064516129036,3.9578116939150094,-0.03992309682364061,52.342658772720945
2016-10-05,6.6685,49.57,49.75,48.95,51.39258064516129,52.160322580645165,49.54354838709678,50.70258064516129,51.30225806451613,53.76258064516129,3.9567370540795,-0.03431710498730466,52.28643947966363
2016-10-06,6.6685,50.14,50.44,49.42,51.35709677419355,52.12838709677419,49.50225806451613,50.66709677419355,51.25870967741936,53.71709677419355,3.955687487014884,-0.029187210543571915,52.23159014392303
2016-10-07,6.6685,50.49,49.76,49.07,51.321612903225805,52.09645161290322,49.460967741935484,50.63161290322581,51.215161290322584,53.67161290322581,3.9547672187929193,-0.0261279170503708,52.18354518184754
2016-10-10,6.6685,51.54,49.76,49.93,51.215161290322584,52.00064516129032,49.33709677419355,50.525161290322586,51.08451612903226,53.535161290322584,3.9526828696350123,-0.020747985444155872,52.07488973067813
2016-10-11,6.719,50.48,50.72,49.49,51.17967741935484,51.968709677419355,49.295806451612904,50.48967741935484,51.04096774193549,53.48967741935484,3.9518173086499995,-0.020897149726851753,52.02983523934625
2016-10-12,6.718,49.53,50.14,49.1,51.14419354838709,51.93677419354839,49.25451612903226,50.454193548387096,50.99741935483871,53.4441935483871,3.951358666013901,-0.024056423519927622,52.005977610037505
2016-10-13,6.7248,49.29,50.47,49.28,51.108709677419355,51.90483870967742,49.21322580645161,50.41870967741936,50.953870967741935,53.398709677419355,3.9509056088309524,-0.02590572574671151,51.98242126491363
2016-10-14,6.7277,48.87,50.35,49.37,51.07322580645161,51.87290322580645,49.17193548387097,50.38322580645161,50.910322580645165,53.35322580645161,3.95044805846087,-0.02787084657423771,51.9586421293171
2016-10-17,6.735,49.31,49.97,49.08,50.96677419354839,51.777096774193545,49.04806451612903,50.27677419354839,50.77967741935484,53.21677419354839,3.948789745839849,-0.027782811436853797,51.872549860979994
2016-10-18,6.7401,49.81,50.3,49.06,50.931290322580644,51.74516129032258,49.00677419354839,50.241290322580646,50.73612903225807,53.171290322580646,3.9479073521760744,-0.02603108976944268,51.826798040185814
2016-10-19,6.737,51.85,51.59,49.51,50.895806451612906,51.71322580645161,48.96548387096774,50.20580645161291,50.69258064516129,53.1258064516129,3.9467670124051932,-0.01858982045703801,51.76773156550898
2016-10-20,6.7439,50.42,50.31,49.08,50.86032258064516,51.681290322580644,48.924193548387095,50.17032258064516,50.649032258064516,53.08032258064516,3.9460643286278403,-0.019563915183965618,51.73136799788832
2016-10-21,6.7654,50.28,50.61,49.25,50.824838709677415,51.64935483870968,48.88290322580645,50.13483870967742,50.605483870967745,53.034838709677416,3.9454699267354862,-0.020058682761622853,51.70062791174407
2016-10-24,6.7728,49.8,50.18,49.19,50.718387096774194,51.553548387096775,48.759032258064515,50.028387096774196,50.47483870967742,52.898387096774194,3.943881090394962,-0.021650519583461834,51.61854929729928
2016-10-25,6.778,49.08,49.45,49.05,50.68290322580645,51.52161290322581,48.71774193548387,49.99290322580645,50.431290322580644,52.85290322580645,3.9433172004896266,-0.024639088871740735,51.58945032350233
2016-10-26,6.7706,48.98,48.75,48.96,50.64741935483871,51.489677419354834,48.67645161290322,49.95741935483871,50.387741935483874,52.80741935483871,3.942845849936315,-0.026594098359900474,51.565139337495744
2016-10-27,6.7819,49.13,49.71,49.06,50.611935483870965,51.45774193548387,48.63516129032258,49.92193548387097,50.344193548387096,52.761935483870964,3.9422609245215274,-0.02660800370904618,51.53498639645067
2016-10-28,6.776,47.78,48.72,49.03,50.57645161290323,51.4258064516129,48.593870967741935,49.88645161290323,50.300645161290326,52.71645161290323,3.9419020693868996,-0.030782286185209864,51.51649611983311
2016-10-31,6.7735,46.2,46.83,44.92,50.47,51.33,48.47,49.78,50.17,52.58,3.940943694783342,-0.04198845843023449,51.46714766921561
2016-11-01,6.763,45.77,46.66,44.68,50.55433333333333,51.40866666666666,48.568666666666665,49.870666666666665,50.26533333333334,52.683,3.942665859387364,-0.04906897516401179,51.55585893497708
2016-11-02,6.7606,44.26,45.32,43.62,50.638666666666666,51.48733333333333,48.66733333333333,49.961333333333336,50.36066666666667,52.786,3.9449111177759084,-0.05907126304279133,51.671745208359496
2016-11-03,6.7612,43.84,44.66,43.13,50.723,51.565999999999995,48.766,50.052,50.456,52.888999999999996,3.9470869471702468,-0.06635477899394171,51.78429651225462
2016-11-04,6.7534,43.06,44.07,42.55,50.80733333333333,51.644666666666666,48.864666666666665,50.14266666666667,50.55133333333333,52.992,3.9492238606609495,-0.07357372843799524,51.89507339222857
2016-11-07,6.774,42.83,44.88,43.04,51.06033333333333,51.88066666666666,49.160666666666664,50.41466666666667,50.83733333333333,53.301,3.953782874648046,-0.07758623890214518,52.132203887585774
2016-11-08,6.784,43.47,44.96,42.97,51.144666666666666,51.95933333333333,49.25933333333333,50.50533333333333,50.93266666666667,53.403999999999996,3.955804451822505,-0.0780601179806995,52.23769975911395
2016-11-09,6.7769,43.88,45.2,43.38,51.229,52.038,49.358,50.596000000000004,51.028,53.507,3.957325353919806,-0.07677393083658539,52.3172086335164
2016-11-10,6.7987,43.67,44.62,43.04,51.31333333333333,52.11666666666667,49.45666666666666,50.68666666666667,51.123333333333335,53.61,3.958888035997877,-0.0776667951725663,52.39902770977476
2016-11-11,6.7987,41.61,43.39,42.45,51.397666666666666,52.19533333333333,49.55533333333333,50.77733333333333,51.21866666666667,53.713,3.960955453573811,-0.08624219690804004,52.5074704402016
2016-11-14,6.8447,41.83,43.29,42.33,51.650666666666666,52.431333333333335,49.85133333333333,51.04933333333334,51.504666666666665,54.022,3.965475627413212,-0.09040029670614709,52.74535055917402
2016-11-15,6.8556,44.15,45.86,43.55,51.735,52.51,49.95,51.14,51.6,54.125,3.9670072303214616,-0.0831601065742994,52.82619738830214
2016-11-16,6.877,45.07,45.56,43.37,51.81933333333333,52.58866666666666,50.04866666666667,51.230666666666664,51.69533333333334,54.228,3.968087035724774,-0.0773279758014174,52.883270209903564
2016-11-17,6.8674,44.57,45.37,43.3,51.903666666666666,52.66733333333333,50.147333333333336,51.321333333333335,51.79066666666667,54.331,3.9694260516842554,-0.0764375018328673,52.95412918276467
2016-11-18,6.8873,44.41,45.69,43.48,51.988,52.745999999999995,50.246,51.412,51.886,54.434,3.970901601216231,-0.07645918913393451,53.03232329875478
2016-11-21,6.8918,45.96,47.48,44.15,52.241,52.982,50.542,51.684,52.172000000000004,54.743,3.9746181795871727,-0.07084300796984955,53.2297888052044
2016-11-22,6.888,46.1,48.07,44.19,52.32533333333333,53.06066666666666,50.64066666666667,51.77466666666667,52.26733333333333,54.846000000000004,3.9762009162763676,-0.06793147026498435,53.31410425187871
2016-11-23,6.9195,46.54,46.72,44.15,52.409666666666666,53.13933333333333,50.739333333333335,51.86533333333333,52.36266666666667,54.949,3.977554415669855,-0.06597659677417576,53.3863137163574
2016-11-24,6.9195,47.54,46.72,44.15,52.494,53.217999999999996,50.838,51.956,52.458,55.052,3.9787753643891905,-0.06230177841601041,53.451535475829026
2016-11-25,6.9176,46.32,46.72,43.95,52.57833333333333,53.29666666666667,50.93666666666667,52.04666666666667,52.553333333333335,55.155,3.980339106328298,-0.06461484757281186,53.535185269862176
2016-11-28,6.9055,46.64,45.66,44.02,52.83133333333333,53.532666666666664,51.23266666666667,52.318666666666665,52.839333333333336,55.464,3.9844536162311694,-0.06559824149544233,53.755910095656866
2016-11-29,6.8933,44.68,45.29,43.88,52.91566666666667,53.611333333333334,51.33133333333333,52.409333333333336,52.934666666666665,55.567,3.986776933192454,-0.07289498207083625,53.88094730764525
2016-11-30,6.8837,47.95,49.41,43.87,53.0,53.69,51.43,52.5,53.03,55.67,3.98797035663919,-0.06544293544790436,53.94528847898924
2016-12-01,6.883,52.28,51.08,50.86,53.18666666666667,53.85966666666666,51.589666666666666,52.65,53.193666666666665,55.82066666666667,3.9894193117418757,-0.042811914025292226,54.023509435638644
2016-12-02,6.883,52.35,51.7,51.03,53.373333333333335,54.029333333333334,51.74933333333333,52.8,53.35733333333334,55.971333333333334,3.9914467367791895,-0.03170653021970572,54.13314915687424
2016-12-05,6.8775,53.3,51.72,51.51,53.93333333333334,54.538333333333334,52.22833333333333,53.25,53.848333333333336,56.42333333333333,3.9992502498416496,-0.024346157515643868,54.5572304031776
2016-12-06,6.879,52.31,50.95,51.03,54.12,54.708,52.388,53.4,54.012,56.574,4.0030204053897815,-0.025092864820573792,54.76330787603672
2016-12-07,6.878,51.9,49.85,50.35,54.306666666666665,54.87766666666666,52.547666666666665,53.55,54.175666666666665,56.724666666666664,4.006415915020043,-0.028150592253137995,54.94957326932116
2016-12-08,6.8771,51.6,50.84,50.99,54.49333333333333,55.047333333333334,52.70733333333333,53.7,54.339333333333336,56.87533333333334,4.00971418560553,-0.030131203283313694,55.1311110463025
2016-12-09,6.9042,52.19,51.51,51.31,54.68,55.217,52.867,53.85,54.503,57.026,4.012817510544216,-0.029570720281088415,55.30246654648681
2016-12-12,6.9045,53.99,52.74,52.26,55.24,55.726,53.346,54.3,54.994,57.478,4.020830959046459,-0.024387082772026288,55.74741040051797
2016-12-13,6.8984,53.28,52.99,52.37,55.42666666666667,55.89566666666666,53.50566666666666,54.45,55.157666666666664,57.62866666666667,4.024563264178115,-0.024584758530753092,55.95586551349291
2016-12-14,6.9025,53.15,51.01,51.41,55.61333333333334,56.065333333333335,53.665333333333336,54.6,55.321333333333335,57.779333333333334,4.027854634421982,-0.02710777380047552,56.14034040526213
2016-12-15,6.941,51.72,50.9,51.52,55.8,56.235,53.825,54.75,55.485,57.93,4.03129765575334,-0.03266521871549818,56.3339659319604
2016-12-16,6.958,54.15,51.93,52.01,55.986666666666665,56.404666666666664,53.98466666666667,54.9,55.648666666666664,58.080666666666666,4.034183666180896,-0.028742666981441588,56.49678117530255
2016-12-19,6.9506,53.53,52.13,51.81,56.54666666666667,56.913666666666664,54.46366666666667,55.35,56.13966666666666,58.532666666666664,4.042345015700887,-0.029603691812166533,56.95975784060936
2016-12-20,6.947,54.56,52.22,51.95,56.733333333333334,57.083333333333336,54.623333333333335,55.5,56.303333333333335,58.68333333333333,4.045993646688245,-0.028234063004236205,57.16796257825057
2016-12-21,6.939,53.01,51.44,51.7,56.92,57.253,54.783,55.65,56.467,58.833999999999996,4.049335308587382,-0.03268268037455831,57.35931812535254
2016-12-22,6.9473,54.04,51.98,51.94,57.10666666666667,57.422666666666665,54.94266666666667,55.8,56.63066666666666,58.98466666666666,4.0523748382031854,-0.03232851476637708,57.53392870411771
2016-12-23,6.9432,53.93,52.01,51.96,57.29333333333334,57.592333333333336,55.102333333333334,55.95,56.794333333333334,59.135333333333335,4.055384162344369,-0.0329580802001234,57.70732772076869
2016-12-27,6.9491,53.93,52.82,52.09,58.04,58.271,55.741,56.55,57.449,59.738,4.0659749652222255,-0.03417762716926329,58.32174248310311
2016-12-28,6.9559,54.95,54.01,52.14,58.22666666666667,58.440666666666665,55.900666666666666,56.7,57.61266666666666,59.888666666666666,4.069927444394823,-0.032995962828850374,58.55271411016163
2016-12-29,6.9535,54.97,53.8,52.12,58.413333333333334,58.61033333333334,56.06033333333333,56.85,57.77633333333333,60.03933333333333,4.072980974805967,-0.03308130479019794,58.73177985556684
2016-12-30,6.943,54.96,53.75,52.1,58.6,58.78,56.22,57.0,57.94,60.19,4.075944509549148,-0.033721113127350294,58.90609168770804
2017-01-03,6.9575,55.05,52.36,53.16,58.260740740740744,58.437777777777775,55.94444444444444,56.71111111111111,57.69259259259259,59.89222222222222,4.07134071983802,-0.03293690616789822,58.63552372576083
2017-01-04,6.9322,54.57,53.26,54.33,58.17592592592593,58.352222222222224,55.87555555555556,56.638888888888886,57.63074074074074,59.81777777777778,4.069368915077687,-0.03190280902752603,58.52001983393905
2017-01-05,6.887,54.99,53.77,54.76,58.09111111111111,58.266666666666666,55.806666666666665,56.56666666666666,57.568888888888885,59.74333333333333,4.067673908549431,-0.029452736071492007,58.42091203619739
2017-01-06,6.9176,55.9,53.98,54.82,58.0062962962963,58.181111111111115,55.73777777777778,56.49444444444445,57.50703703703704,59.66888888888889,4.0659079154791575,-0.025517912731083094,58.31783215634901
2017-01-09,6.935,54.39,51.95,53.19,57.75185185185185,57.92444444444445,55.53111111111111,56.27777777777778,57.321481481481484,59.44555555555555,4.062038305873482,-0.02878172542484374,58.09260097227997
2017-01-10,6.918,53.2,50.82,52.32,57.66703703703704,57.83888888888889,55.46222222222222,56.205555555555556,57.25962962962963,59.37111111111111,4.060573671106502,-0.03403757556856943,58.007578807599614
2017-01-11,6.9365,53.61,52.19,53.38,57.58222222222222,57.75333333333333,55.39333333333333,56.13333333333333,57.19777777777778,59.29666666666667,4.059140770914795,-0.03384599098168889,57.924519259038824
2017-01-12,6.889,54.51,53.01,53.9,57.49740740740741,57.66777777777778,55.324444444444445,56.06111111111111,57.135925925925925,59.22222222222222,4.057455685193953,-0.03041212676768274,57.82699367131352
2017-01-13,6.8985,54.37,52.36,53.72,57.412592592592596,57.58222222222222,55.25555555555555,55.98888888888889,57.074074074074076,59.147777777777776,4.055834954390178,-0.029132493169468098,57.7333475894244
2017-01-16,6.8985,54.3,52.36,53.72,57.15814814814815,57.32555555555555,55.04888888888889,55.77222222222222,56.88851851851852,58.92444444444445,4.051706781659749,-0.028025673156271556,57.4955056224019
2017-01-17,6.852,54.68,52.45,53.69,57.07333333333334,57.24,54.98,55.699999999999996,56.82666666666667,58.85,4.049699578304115,-0.025939678777821492,57.38021619395372
2017-01-18,6.836,53.77,51.12,53.11,56.98851851851852,57.154444444444444,54.91111111111111,55.62777777777777,56.76481481481482,58.775555555555556,4.048231381727314,-0.027836287047630005,57.29603257113727
2017-01-19,6.868,53.18,51.39,53.31,56.903703703703705,57.068888888888885,54.84222222222222,55.55555555555556,56.702962962962964,58.70111111111111,4.046879421756448,-0.029732026087591,57.21862296774497
2017-01-20,6.868,55.04,52.33,53.74,56.81888888888889,56.983333333333334,54.77333333333333,55.483333333333334,56.641111111111115,58.626666666666665,4.045116457400065,-0.024862380859648446,57.11783744168035
2017-01-23,6.8514,54.8,52.77,53.64,56.56444444444445,56.72666666666667,54.56666666666666,55.266666666666666,56.455555555555556,58.403333333333336,4.040811256324618,-0.02237487730382597,56.872462240287064
2017-01-24,6.8555,54.7,52.38,53.7,56.479629629629635,56.64111111111111,54.49777777777778,55.19444444444444,56.39370370370371,58.32888888888889,4.038793043155362,-0.02090983976487366,56.75779723615736
2017-01-25,6.8812,54.34,52.14,53.67,56.394814814814815,56.55555555555556,54.428888888888885,55.12222222222222,56.33185185185185,58.254444444444445,4.037197530558036,-0.020859745984403946,56.66731166030411
2017-01-26,6.8768,55.89,53.24,53.8,56.31,56.47,54.36,55.05,56.27,58.18,4.035377972608321,-0.016108764730151454,56.56429595283037
2017-01-27,6.8768,54.8,53.18,53.76,56.331818181818186,56.488181818181815,54.378181818181815,55.054545454545455,56.2969696969697,58.1830303030303,4.035378577402071,-0.016459044881168814,56.56433016257334
2017-01-30,6.8768,54.77,52.63,53.74,56.39727272727273,56.54272727272727,54.43272727272727,55.06818181818181,56.37787878787879,58.192121212121215,4.036243027348445,-0.01693398865583002,56.613248335358726
2017-01-31,6.8768,55.25,52.75,53.72,56.41909090909091,56.56090909090909,54.45090909090909,55.07272727272727,56.404848484848486,58.195151515151515,4.036589806699636,-0.016016087068520538,56.63288404531789
2017-02-01,6.8768,55.79,53.9,54.44,56.440909090909095,56.57909090909091,54.46909090909091,55.07727272727273,56.43181818181819,58.198181818181816,4.036743766447128,-0.013291978368357245,56.64160390108143
2017-02-02,6.8768,55.94,53.55,54.66,56.46272727272728,56.597272727272724,54.487272727272725,55.08181818181818,56.45878787878788,58.20121212121212,4.036911039330879,-0.011547584502399058,56.65107929797261
2017-02-03,6.865,55.92,53.81,55.09,56.484545454545454,56.61545454545455,54.50545454545455,55.086363636363636,56.485757575757575,58.20424242424242,4.037125060618149,-0.010345380677119459,56.663205132436275
2017-02-06,6.86,55.02,53.01,54.25,56.550000000000004,56.67,54.56,55.1,56.56666666666667,58.21333333333333,4.038140349267162,-0.013044790777042303,56.72076385583884
2017-02-07,6.8821,53.79,52.19,53.9,56.57181818181818,56.68818181818182,54.57818181818182,55.10454545454545,56.593636363636364,58.21636363636364,4.038906027544794,-0.01818690178795032,56.76421034350727
2017-02-08,6.87,54.42,52.37,53.73,56.593636363636364,56.70636363636363,54.596363636363634,55.10909090909091,56.620606060606065,58.21939393939394,4.039398700800551,-0.019219447759511843,56.79218344206065
2017-02-09,6.866,53.98,52.99,54.11,56.61545454545455,56.724545454545456,54.61454545454546,55.11363636363636,56.64757575757576,58.222424242424246,4.039833015344727,-0.020404183296634494,56.81685447043046
2017-02-10,6.8775,55.2,53.84,54.59,56.63727272727273,56.74272727272727,54.63272727272727,55.11818181818182,56.67454545454545,58.22545454545455,4.039985343160961,-0.017234316480186973,56.8255099170131
2017-02-13,6.8776,54.15,52.96,54.03,56.70272727272727,56.79727272727273,54.68727272727273,55.13181818181818,56.75545454545455,58.234545454545454,4.040928292214576,-0.019187216374299144,56.879118749037076
2017-02-14,6.8649,54.96,53.21,54.27,56.724545454545456,56.81545454545454,54.70545454545454,55.13636363636364,56.78242424242424,58.237575757575755,4.041274206839356,-0.01787593869712946,56.898797471439664
2017-02-15,6.8685,54.57,53.11,54.14,56.74636363636364,56.833636363636366,54.723636363636366,55.14090909090909,56.809393939393935,58.24060606060606,4.041622738381348,-0.01842593891723755,56.9186319533304
2017-02-16,6.8517,54.16,53.41,54.12,56.76818181818182,56.85181818181818,54.74181818181818,55.14545454545455,56.836363636363636,58.24363636363636,4.042035460949612,-0.01972073411257313,56.94212840571679
2017-02-17,6.864,54.48,53.41,54.22,56.79,56.87,54.76,55.15,56.86333333333333,58.24666666666667,4.042367003786729,-0.01949106767893808,56.96101029042374
2017-02-20,6.864,55.25,53.41,54.22,56.85545454545455,56.92454545454545,54.81454545454545,55.163636363636364,56.944242424242425,58.25575757575758,4.043112281368454,-0.017483086940438215,57.00347787753022
2017-02-21,6.881,56.34,54.02,54.42,56.877272727272725,56.942727272727275,54.832727272727276,55.16818181818182,56.97121212121212,58.25878787878788,4.0432281218383,-0.013499901618448194,57.01008156967047
2017-02-22,6.8765,54.9,53.61,54.27,56.89909090909091,56.96090909090909,54.85090909090909,55.17272727272727,56.99818181818181,58.261818181818185,4.04361099821876,-0.01547671904114582,57.03191356256209
2017-02-23,6.8622,55.82,54.48,54.41,56.92090909090909,56.97909090909091,54.86909090909091,55.17727272727273,57.025151515151514,58.264848484848486,4.0438517195767805,-0.013770847359488827,57.04564401478561
2017-02-24,6.8645,54.69,53.99,54.38,56.942727272727275,56.99727272727273,54.88727272727273,55.18181818181819,57.05212121212121,58.267878787878786,4.044288992845884,-0.016023349349310805,57.070594004616304
2017-02-27,6.8675,54.65,54.04,54.43,57.00818181818182,57.051818181818184,54.941818181818185,55.195454545454545,57.1330303030303,58.2769696969697,4.045272658519272,-0.017242461847520374,57.12676000865476
2017-02-28,6.8665,53.36,54.0,54.44,57.03,57.07,54.96,55.2,57.16,58.28,4.045954873072748,-0.02129549825865214,57.16574601262322
2017-03-01,6.8794,55.72,53.82,54.95,56.93516129032258,56.976451612903226,54.86032258064516,55.09935483870968,57.04838709677419,58.17258064516129,4.044390300279556,-0.0167258487713739,57.0763759729063
2017-03-02,6.8868,54.16,52.63,53.86,56.840322580645164,56.88290322580645,54.76064516129032,54.998709677419356,56.93677419354838,58.065161290322585,4.042881828936971,-0.01946246699150128,56.99034280101367
2017-03-03,6.8954,54.12,53.33,54.35,56.745483870967746,56.78935483870968,54.66096774193549,54.89806451612903,56.825161290322576,57.957741935483874,4.0413110087251,-0.019955438958300282,56.90089149301492
2017-03-06,6.8955,54.73,53.19,54.32,56.460967741935484,56.508709677419354,54.361935483870965,54.59612903225807,56.490322580645156,57.63548387096775,4.036715111132349,-0.018053714101362972,56.63998084134677
2017-03-07,6.9,54.61,52.68,54.31,56.366129032258065,56.41516129032258,54.26225806451613,54.495483870967746,56.37870967741935,57.528064516129035,4.03455198387287,-0.01700248656473796,56.51759377193749
2017-03-08,6.9113,53.3,49.83,52.25,56.27129032258065,56.321612903225805,54.16258064516129,54.39483870967742,56.26709677419355,57.420645161290324,4.033118385581593,-0.022204680229396756,56.43662829592972
2017-03-09,6.9086,50.65,48.75,51.81,56.17645161290323,56.22806451612903,54.06290322580645,54.2941935483871,56.15548387096774,57.31322580645161,4.0321639718277,-0.03232385342079204,56.38279009770594
2017-03-10,6.905,50.63,48.05,51.37,56.08161290322581,56.13451612903226,53.96322580645161,54.193548387096776,56.04387096774193,57.20580645161291,4.031013199017464,-0.037654909956448844,56.31794363482563
2017-03-13,6.905,50.1,47.95,51.35,55.79709677419355,55.85387096774193,53.6641935483871,53.891612903225806,55.70903225806452,56.88354838709677,4.0268098934682754,-0.04116460590570235,56.081718919950994
2017-03-14,6.913,49.6,47.24,50.96,55.70225806451613,55.76032258064516,53.564516129032256,53.79096774193548,55.597419354838706,56.77612903225807,4.024992013674964,-0.044296418878258303,55.97986170648786
2017-03-15,6.9132,50.63,48.34,51.38,55.60741935483871,55.66677419354839,53.464838709677416,53.69032258064516,55.4858064516129,56.66870967741936,4.023165357395995,-0.04183838424563619,55.877699077017105
2017-03-16,6.913,50.56,48.3,51.4,55.51258064516129,55.57322580645162,53.36516129032258,53.58967741935484,55.3741935483871,56.561290322580646,4.021354746696202,-0.04049658816730667,55.77661785417491
2017-03-17,6.9,50.58,48.34,51.38,55.417741935483875,55.47967741935484,53.26548387096774,53.48903225806452,55.26258064516129,56.453870967741935,4.019572034648133,-0.03945555137776147,55.6772727836632
2017-03-20,6.905,50.67,47.79,51.32,55.13322580645161,55.19903225806452,52.96645161290323,53.18709677419355,54.92774193548387,56.13161290322581,4.0148769463379095,-0.03827591972761598,55.41647578262767
2017-03-21,6.883,50.14,47.02,51.09,55.038387096774194,55.105483870967745,52.86677419354839,53.086451612903225,54.81612903225807,56.024193548387096,4.012783956226344,-0.03903354648291377,55.30061094107718
2017-03-22,6.8785,49.56,47.29,51.04,54.943548387096776,55.01193548387097,52.76709677419355,52.9858064516129,54.70451612903226,55.91677419354839,4.011132087657267,-0.040614652399090706,55.20933700703897
2017-03-23,6.8843,50.17,47.0,50.96,54.84870967741936,54.9183870967742,52.66741935483871,52.88516129032258,54.59290322580645,55.80935483870968,4.009376072823892,-0.03951259265413063,55.11247366393802
2017-03-24,6.8803,49.97,47.3,51.02,54.75387096774194,54.82483870967742,52.567741935483866,52.784516129032255,54.48129032258065,55.70193548387097,4.007623242456379,-0.03904423826219121,55.01595546120148
2017-03-27,6.8687,50.12,47.02,51.01,54.46935483870968,54.5441935483871,52.26870967741935,52.48258064516129,54.14645161290323,55.37967741935484,4.002883742580133,-0.03783339428210037,54.75582427989303
2017-03-28,6.8779,50.72,48.36,51.08,54.37451612903226,54.450645161290325,52.16903225806451,52.38193548387097,54.03483870967742,55.27225806451613,4.0005095325820745,-0.03442659210500148,54.625976658191135
2017-03-29,6.8879,51.36,49.47,51.2,54.27967741935484,54.35709677419355,52.06935483870968,52.281290322580645,53.92322580645161,55.164838709677426,3.9983970108747697,-0.03013848462375491,54.510699901913895
2017-03-30,6.887,52.25,50.3,51.23,54.18483870967742,54.263548387096776,51.96967741935484,52.18064516129032,53.81161290322581,55.057419354838714,3.9962555751761277,-0.02497744272819776,54.39409364015235
2017-03-31,6.8832,52.2,50.54,51.2,54.09,54.17,51.87,52.08,53.7,54.95,3.9942486381791182,-0.022183741646325632,54.28503759212053
2017-04-03,6.8832,52.04,50.25,51.35,53.93678571428572,54.033928571428575,51.662142857142854,51.90428571428571,53.50714285714286,54.761428571428574,3.9916768728442262,-0.020853898917657716,54.14560858043561
2017-04-04,6.8832,53.08,50.99,52.19,53.885714285714286,53.98857142857143,51.59285714285714,51.84571428571429,53.44285714285714,54.698571428571434,3.9902804386515447,-0.01614871998247225,54.07005056940377
2017-04-05,6.892,53.41,51.14,52.5,53.83464285714286,53.943214285714284,51.52357142857143,51.787142857142854,53.37857142857143,54.635714285714286,3.9890850532828885,-0.0124884526081236,54.00545463827808
2017-04-06,6.8955,53.62,51.69,52.92,53.78357142857143,53.89785714285714,51.45428571428571,51.72857142857143,53.31428571428572,54.572857142857146,3.987967375665775,-0.009451534090242575,53.945127669758115
2017-04-07,6.8978,54.24,52.25,53.25,53.7325,53.8525,51.385,51.67,53.25,54.510000000000005,3.986821920038796,-0.005740475255430319,53.883371296065945
2017-04-10,6.8988,54.79,53.06,53.83,53.57928571428572,53.71642857142857,51.177142857142854,51.49428571428571,53.05714285714286,54.32142857142857,3.98417316409573,-0.0014942227083623704,53.74083624972299
2017-04-11,6.8893,54.73,53.38,54.08,53.528214285714284,53.67107142857143,51.10785714285714,51.43571428571428,52.99285714285715,54.25857142857143,3.982870312050829,0.0010336564444389006,53.67086548199675
2017-04-12,6.889,54.75,53.12,53.71,53.47714285714286,53.62571428571429,51.03857142857143,51.37714285714286,52.92857142857143,54.19571428571429,3.981860404505055,0.002101241482583916,53.61669023056038
2017-04-13,6.8865,55.05,53.19,53.73,53.426071428571426,53.580357142857146,50.96928571428571,51.318571428571424,52.864285714285714,54.13285714285714,3.980880972964998,0.003579609820786347,53.56420206155513
2017-04-14,6.8835,55.05,53.19,53.73,53.375,53.535,50.9,51.26,52.800000000000004,54.07,3.9799402224897196,0.004449036192973715,53.51383520804311
2017-04-17,6.88,54.79,52.62,53.43,53.221785714285716,53.39892857142857,50.692142857142855,51.08428571428571,52.607142857142854,53.88142857142857,3.9776168187460206,0.004040428631483785,53.3896452905076
2017-04-18,6.8778,52.6,52.46,53.19,53.17071428571428,53.35357142857143,50.62285714285714,51.02571428571429,52.542857142857144,53.81857142857143,3.9769231417413438,-0.0018512357299869386,53.35262296353472
2017-04-19,6.886,52.43,50.49,52.49,53.11964285714286,53.308214285714286,50.55357142857143,50.96714285714285,52.47857142857143,53.755714285714284,3.976406351550656,-0.006269853336361951,53.325057974611134
2017-04-20,6.88,50.66,50.26,52.57,53.068571428571424,53.26285714285714,50.48428571428571,50.90857142857143,52.41428571428571,53.69285714285714,3.9760655794386874,-0.013125506249214918,53.306889377835645
2017-04-21,6.8845,49.93,49.64,52.32,53.0175,53.2175,50.415,50.849999999999994,52.35,53.629999999999995,3.9756921198690893,-0.018813908825023474,53.28698512681983
2017-04-24,6.884,49.45,48.9,52.31,52.864285714285714,53.08142857142857,50.207142857142856,50.67428571428571,52.15714285714286,53.44142857142857,3.973728968277174,-0.02297003465404978,53.182477313044345
2017-04-25,6.8824,49.37,49.22,52.37,52.81321428571428,53.036071428571425,50.13785714285714,50.61571428571428,52.09285714285714,53.378571428571426,3.97285888731773,-0.02480345718304457,53.13622437697565
2017-04-26,6.8918,49.99,49.22,52.35,52.762142857142855,52.99071428571428,50.06857142857143,50.55714285714286,52.028571428571425,53.315714285714286,3.9719455564384116,-0.023816346709867996,53.087715578105794
2017-04-27,6.8958,49.46,48.96,52.31,52.71107142857142,52.94535714285714,49.99928571428571,50.498571428571424,51.964285714285715,53.25285714285714,3.9711270800013345,-0.024808344404983057,53.04428231078448
2017-04-28,6.89,49.46,49.31,52.29,52.66,52.9,49.93,50.44,51.9,53.19,3.9702916272819375,-0.025051037352754137,52.999984827682404
2017-05-01,6.89,50.41,48.83,50.69,52.57454545454545,52.81818181818182,49.86181818181818,50.35454545454545,51.81090909090909,53.086363636363636,3.968753699038118,-0.023845387532850298,52.91853730037369
2017-05-02,6.8949,49.31,47.65,49.3,52.5460606060606,52.79090909090909,49.839090909090906,50.3260606060606,51.78121212121212,53.05181818181818,3.9683190045213848,-0.027826018117873816,52.89553890137679
2017-05-03,6.8968,48.82,47.79,49.74,52.517575757575756,52.763636363636365,49.81636363636363,50.29757575757576,51.75151515151515,53.017272727272726,3.9680248949182735,-0.03061176273050582,52.87998410294407
2017-05-04,6.8959,47.53,45.55,47.67,52.489090909090905,52.736363636363635,49.79363636363637,50.269090909090906,51.72181818181818,52.98272727272727,3.968031285753686,-0.038365478415092524,52.88032205129897
2017-05-05,6.9021,47.45,46.23,48.34,52.46060606060606,52.70909090909091,49.77090909090909,50.24060606060606,51.69212121212121,52.948181818181816,3.9678513915566533,-0.04143076503269704,52.87081004382785
2017-05-08,6.904,46.61,46.46,48.54,52.375151515151515,52.627272727272725,49.70272727272727,50.155151515151516,51.6030303030303,52.844545454545454,3.966741528586686,-0.04498485627166363,52.81216324054573
2017-05-09,6.906,47.06,45.84,48.1,52.346666666666664,52.6,49.68,50.126666666666665,51.57333333333333,52.809999999999995,3.966215257169813,-0.04583895285561632,52.78437702075695
2017-05-10,6.9011,48.09,47.28,49.16,52.31818181818181,52.57272727272727,49.657272727272726,50.098181818181814,51.54363636363637,52.775454545454544,3.9654444254333,-0.04161348971609257,52.74370482548062
2017-05-11,6.9033,49.18,47.81,49.48,52.28969696969697,52.54545454545455,49.63454545454545,50.06969696969697,51.513939393939395,52.740909090909085,3.9644898009595457,-0.03581892095239903,52.693378419249186
2017-05-12,6.8972,49.08,47.83,49.5,52.26121212121212,52.518181818181816,49.61181818181818,50.04121212121212,51.484242424242424,52.70636363636363,3.9636891895778024,-0.03312905312389207,52.65120838390187
2017-05-15,6.89,51.29,48.86,50.04,52.17575757575757,52.43636363636364,49.54363636363637,49.95575757575757,51.39515151515152,52.60272727272727,3.9616758573184945,-0.024575714977521833,52.54531064700738
2017-05-16,6.884,51.21,48.64,50.04,52.14727272727273,52.40909090909091,49.52090909090909,49.92727272727273,51.36545454545455,52.56818181818181,3.9606107119868783,-0.020480162921361365,52.48937205132911
2017-05-17,6.8773,51.76,49.04,50.35,52.11878787878788,52.38181818181818,49.49818181818182,49.89878787878788,51.335757575757576,52.53363636363636,3.9597236530648576,-0.016428299995965193,52.44283153068355
2017-05-18,6.888,51.71,49.36,50.47,52.090303030303026,52.35454545454545,49.47545454545455,49.87030303030303,51.306060606060605,52.49909090909091,3.958979230986584,-0.014248994428777056,52.40380645641056
2017-05-19,6.883,52.78,50.32,50.87,52.06181818181818,52.32727272727273,49.45272727272727,49.841818181818184,51.276363636363634,52.46454545454545,3.9581121624512607,-0.009521273783305965,52.35838845780527
2017-05-22,6.8828,53.35,50.81,50.93,51.97636363636364,52.24545454545454,49.38454545454545,49.75636363636364,51.18727272727273,52.36090909090909,3.9563359142955656,-0.005275871804280845,52.26546951485283
2017-05-23,6.888,53.19,51.12,51.05,51.947878787878786,52.21818181818182,49.36181818181818,49.72787878787879,51.157575757575756,52.32636363636363,3.9554687954015275,-0.0032109282034992765,52.22016878212981
2017-05-24,6.8883,53.29,50.99,50.98,51.919393939393935,52.19090909090909,49.339090909090906,49.699393939393936,51.12787878787879,52.29181818181818,3.954795818062759,-0.0019175162803817842,52.18503761447854
2017-05-25,6.8672,52.25,48.57,50.5,51.89090909090909,52.163636363636364,49.31636363636363,49.67090909090909,51.09818181818182,52.25727272727273,3.9544371047341045,-0.005173575966759105,52.166321502989895
2017-05-26,6.8525,50.84,49.58,50.59,51.86242424242424,52.13636363636363,49.29363636363637,49.64242424242424,51.06848484848485,52.22272727272727,3.954276277195675,-0.01008241217482727,52.1579323965314
2017-05-29,6.8525,52.25,49.58,50.59,51.776969696969694,52.054545454545455,49.22545454545455,49.556969696969695,50.979393939393944,52.11909090909091,3.9528392920958244,-0.00845812335251399,52.083036050193385
2017-05-30,6.8525,50.65,49.63,50.58,51.74848484848485,52.027272727272724,49.20272727272727,49.52848484848485,50.94969696969697,52.08454545454545,3.952383797902497,-0.011836473246714177,52.05931793184433
2017-05-31,6.8098,49.4,48.29,50.54,51.72,52.0,49.18,49.5,50.92,52.05,3.95224275074465,-0.01737253796572802,52.05197563082811
2017-06-01,6.8029,50.41,48.32,49.47,51.65533333333333,51.94266666666667,49.108,49.43966666666667,50.84733333333334,51.98833333333333,3.951352061867056,-0.018088199408345003,52.00563415605866
2017-06-02,6.8085,48.46,47.68,48.76,51.590666666666664,51.885333333333335,49.036,49.379333333333335,50.77466666666667,51.92666666666666,3.950687351072868,-0.024682215538232605,51.97107693622746
2017-06-05,6.803,48.25,47.4,48.25,51.39666666666667,51.71333333333333,48.82,49.19833333333333,50.55666666666667,51.74166666666667,3.948031210595597,-0.02876498002173819,51.83321762303147
2017-06-06,6.7945,48.11,48.13,48.76,51.332,51.656,48.748,49.138,50.484,51.68,3.9468154995283755,-0.03008686597474922,51.77024169474025
2017-06-07,6.7935,47.08,45.8,47.18,51.26733333333333,51.59866666666667,48.676,49.077666666666666,50.41133333333333,51.61833333333333,3.9460428941285177,-0.035885547170377875,51.730259173799595
2017-06-08,6.799,46.3,45.68,47.12,51.202666666666666,51.541333333333334,48.604,49.01733333333333,50.33866666666667,51.556666666666665,3.9453416003705555,-0.04098772739795979,51.69399378377538
2017-06-09,6.797,46.64,45.82,47.38,51.138,51.484,48.532000000000004,48.957,50.266000000000005,51.495,3.9443869656485266,-0.0419879749386617,51.644668449973175
2017-06-12,6.7974,47.18,46.1,47.48,50.944,51.312,48.316,48.775999999999996,50.048,51.31,3.9412636857755605,-0.040335702680286814,51.48361932811564
2017-06-13,6.7981,46.95,46.41,47.68,50.879333333333335,51.254666666666665,48.244,48.715666666666664,49.97533333333334,51.248333333333335,3.9397893961456,-0.039539636598357866,51.407773485135024
2017-06-14,6.7888,45.47,44.79,46.69,50.81466666666667,51.19733333333333,48.172000000000004,48.65533333333333,49.90266666666667,51.18666666666667,3.938937336838312,-0.0449672415183842,51.36398966912297
2017-06-15,6.8061,45.61,44.47,46.59,50.75,51.14,48.1,48.595,49.83,51.125,3.9380328613554294,-0.04722220429625536,51.317553203252366
2017-06-16,6.8097,45.7,44.73,46.73,50.68533333333333,51.08266666666667,48.028,48.534666666666666,49.757333333333335,51.06333333333333,3.936980804421532,-0.04764049273668317,51.26359260536191
2017-06-19,6.818,45.93,44.24,46.55,50.49133333333334,50.910666666666664,47.812000000000005,48.35366666666666,49.53933333333333,50.87833333333334,3.933886139385473,-0.047160584736068434,51.10519417915348
2017-06-20,6.8285,43.98,43.34,46.31,50.42666666666667,50.85333333333333,47.74,48.29333333333333,49.46666666666667,50.81666666666667,3.932845260603674,-0.05321101278538057,51.05202754170528
2017-06-21,6.8275,44.62,42.48,45.99,50.362,50.796,47.668,48.233,49.394000000000005,50.755,3.9318533104340423,-0.05458485716563123,51.00141158273014
2017-06-22,6.8275,44.46,42.53,46.1,50.297333333333334,50.73866666666667,47.596000000000004,48.172666666666665,49.321333333333335,50.693333333333335,3.9308026813248556,-0.05545252450640263,50.94785615348447
2017-06-23,6.8345,44.14,42.86,46.19,50.23266666666667,50.681333333333335,47.524,48.11233333333333,49.248666666666665,50.63166666666667,3.929749701103703,-0.056490124270547476,50.89423730339327
2017-06-26,6.8382,44.09,43.24,46.25,50.038666666666664,50.50933333333334,47.308,47.931333333333335,49.03066666666667,50.446666666666665,3.9266785828612676,-0.056610199520636374,50.73817484856403
2017-06-27,6.81,46.17,44.25,46.39,49.974000000000004,50.452,47.236000000000004,47.870999999999995,48.958,50.385000000000005,3.9247998708771514,-0.04930982343905743,50.64294191705955
2017-06-28,6.7984,46.45,44.74,46.45,49.909333333333336,50.394666666666666,47.164,47.81066666666666,48.885333333333335,50.32333333333334,3.923181028002252,-0.04442361834166236,50.561025274349454
2017-06-29,6.784,47.02,44.88,46.47,49.84466666666667,50.33733333333333,47.092000000000006,47.75033333333333,48.81266666666667,50.26166666666667,3.921648568469573,-0.0400393390650294,50.48360188844061
2017-06-30,6.7793,47.08,46.02,46.47,49.78,50.28,47.02,47.69,48.74,50.2,3.920224767373108,-0.03709496136666149,50.411774426861726
2017-07-03,6.7984,49.13,46.02,48.54,50.09935483870968,50.56548387096774,47.35677419354839,47.96967741935484,49.100967741935484,50.49612903225807,3.9243249281774775,-0.027972510067747737,50.618895132380466
2017-07-04,6.7984,49.15,46.02,48.54,50.2058064516129,50.660645161290326,47.469032258064516,48.06290322580645,49.22129032258065,50.59483870967742,3.926210138268968,-0.02402269470279431,50.71441239106496
2017-07-05,6.7995,47.58,45.11,46.8,50.31225806451613,50.755806451612905,47.58129032258065,48.156129032258065,49.34161290322581,50.693548387096776,3.9283656063392094,-0.028966254581887993,50.823843583026544
2017-07-06,6.799,48.53,45.52,47.01,50.41870967741936,50.850967741935484,47.693548387096776,48.24935483870968,49.46193548387097,50.79225806451613,3.9303095734139513,-0.028576921680183207,50.92273955567705
2017-07-07,6.8039,46.47,44.25,45.88,50.52516129032258,50.946129032258064,47.8058064516129,48.34258064516129,49.58225806451613,50.890967741935484,3.9326802984614866,-0.036365813224867136,51.043606584467646
2017-07-10,6.8026,46.57,44.4,46.03,50.84451612903226,51.23161290322581,48.142580645161296,48.622258064516124,49.943225806451615,51.18709677419355,3.938156366148818,-0.04026147913291481,51.32389155845852
2017-07-11,6.801,46.68,45.06,46.43,50.950967741935486,51.32677419354839,48.25483870967742,48.71548387096774,50.06354838709677,51.285806451612906,3.9406783021777807,-0.04184126351895811,51.45349048113341
2017-07-12,6.7865,46.73,45.48,46.58,51.05741935483871,51.42193548387097,48.36709677419355,48.80870967741935,50.18387096774194,51.38451612903226,3.942697071494601,-0.04253212192207947,51.55746812708786
2017-07-13,6.7825,47.65,46.06,46.95,51.163870967741936,51.51709677419355,48.47935483870968,48.901935483870965,50.3041935483871,51.483225806451614,3.944424605424258,-0.039890207653261116,51.64661238029567
2017-07-14,6.7741,47.89,46.53,47.23,51.270322580645164,51.612258064516126,48.59161290322581,48.99516129032258,50.424516129032256,51.58193548387097,3.9461121274054363,-0.037765778982584076,51.73384075313885
2017-07-17,6.769,47.66,46.02,46.98,51.589677419354835,51.89774193548387,48.928387096774195,49.27483870967742,50.785483870967745,51.87806451612903,3.9511352428975592,-0.038393652735083966,51.99435957036912
2017-07-18,6.7451,47.92,46.4,47.14,51.696129032258064,51.99290322580645,49.04064516129032,49.36806451612903,50.905806451612904,51.97677419354839,3.9534338365724007,-0.038260027398751825,52.11401093866235
2017-07-19,6.7511,48.34,47.1,47.46,51.80258064516129,52.08806451612903,49.152903225806455,49.461290322580645,51.02612903225806,52.075483870967744,3.9552497331115357,-0.036769441434288216,52.208730565259366
2017-07-20,6.757,48.54,46.73,47.32,51.909032258064514,52.18322580645161,49.26516129032258,49.55451612903226,51.14645161290323,52.174193548387095,3.957024824684559,-0.03603918190215617,52.301488145167006
2017-07-21,6.7663,47.47,45.78,47.0,52.01548387096774,52.27838709677419,49.37741935483871,49.64774193548387,51.266774193548386,52.27290322580645,3.9590767782782037,-0.03976198937970887,52.40891855513259
2017-07-24,6.7488,47.81,46.21,47.11,52.33483870967742,52.563870967741934,49.7141935483871,49.927419354838705,51.62774193548387,52.56903225806452,3.964175660225871,-0.04089598826261105,52.67682788242775
2017-07-25,6.7495,49.19,47.77,47.41,52.44129032258064,52.659032258064514,49.82645161290323,50.02064516129032,51.748064516129034,52.66774193548387,3.9662495003642597,-0.03723941087517935,52.786184557390754
2017-07-26,6.753,50.08,48.58,47.52,52.54774193548387,52.75419354838709,49.938709677419354,50.11387096774193,51.86838709677419,52.766451612903225,3.967802431251385,-0.032899894840768655,52.868221536195904
2017-07-27,6.741,50.67,49.05,47.56,52.6541935483871,52.84935483870967,50.05096774193549,50.207096774193545,51.98870967741935,52.86516129032258,3.9693140671033507,-0.029237250697527126,52.94819946882542
2017-07-28,6.7362,52.0,49.72,47.56,52.76064516129032,52.94451612903226,50.163225806451614,50.30032258064516,52.109032258064516,52.96387096774193,3.970715262494548,-0.02388048309378281,53.022442244063555
2017-07-31,6.724,51.99,50.21,47.57,53.08,53.23,50.5,50.58,52.47,53.26,3.975374642374359,-0.021666437385036683,53.2700703934457
2017-08-01,6.717,50.77,49.19,50.42,53.07419354838709,53.229032258064514,50.45161290322581,50.54774193548387,52.42258064516129,53.22516129032258,3.9760427418709914,-0.02210620541111547,53.30567199204193
2017-08-02,6.72,52.09,49.6,51.03,53.068387096774195,53.22806451612903,50.403225806451616,50.51548387096774,52.37516129032258,53.19032258064516,3.9758685127237947,-0.018139593003441014,53.29638539929107
2017-08-03,6.715,52.88,49.03,50.64,53.06258064516129,53.22709677419355,50.354838709677416,50.483225806451614,52.32774193548387,53.15548387096774,3.975559941021899,-0.014668998155964225,53.279942180030076
2017-08-04,6.7272,52.48,49.57,51.1,53.056774193548385,53.226129032258065,50.306451612903224,50.45096774193548,52.28032258064516,53.12064516129032,3.9753886575685695,-0.013469946730266254,53.270816989059696
2017-08-07,6.7207,51.42,49.37,51.0,53.03935483870968,53.22322580645161,50.16129032258065,50.354193548387094,52.138064516129035,53.016129032258064,3.975431970449922,-0.01600964445375566,53.2731243516044
2017-08-08,6.7049,52.18,49.07,50.8,53.03354838709677,53.222258064516126,50.11290322580645,50.321935483870966,52.09064516129032,52.98129032258064,3.9753974866970094,-0.015506106427301887,53.27128732602132
2017-08-09,6.672,52.16,49.59,50.66,53.02774193548387,53.22129032258064,50.064516129032256,50.28967741935484,52.04322580645161,52.946451612903225,3.9753482817667223,-0.015303702531281466,53.26866618052931
2017-08-10,6.646,52.59,48.54,50.59,53.02193548387097,53.22032258064516,50.016129032258064,50.25741935483871,51.9958064516129,52.9116129032258,3.9752588970385623,-0.014505931321381447,53.26390498807543
2017-08-11,6.6612,51.47,48.81,50.63,53.016129032258064,53.21935483870968,49.96774193548387,50.22516129032258,51.94838709677419,52.876774193548385,3.9753737404647493,-0.017042274479305803,53.27002234867897
2017-08-14,6.6695,51.29,47.59,49.85,52.998709677419356,53.21645161290323,49.82258064516129,50.12838709677419,51.80612903225806,52.77225806451613,3.975508676498488,-0.020018199091055625,53.27721087919686
2017-08-15,6.6845,49.9,47.57,49.9,52.99290322580645,53.215483870967745,49.774193548387096,50.09612903225806,51.758709677419354,52.73741935483871,3.9758615423411507,-0.0253282667228253,53.29601390438603
2017-08-16,6.69,50.39,46.8,49.57,52.987096774193546,53.214516129032255,49.725806451612904,50.063870967741934,51.711290322580645,52.70258064516129,3.976040800808855,-0.02717662562299116,53.305568522520794
2017-08-17,6.673,50.37,47.07,49.84,52.98129032258064,53.21354838709677,49.67741935483871,50.031612903225806,51.663870967741936,52.66774193548387,3.9760988991713035,-0.027843439691877407,53.308665578727414
2017-08-18,6.67,50.96,48.59,50.45,52.97548387096774,53.21258064516129,49.62903225806452,49.99935483870968,51.61645161290323,52.63290322580645,3.975944560457538,-0.0255007567511522,53.30043862273466
2017-08-21,6.663,51.94,47.39,50.09,52.95806451612903,53.20967741935484,49.483870967741936,49.90258064516129,51.4741935483871,52.528387096774196,3.9756279708251343,-0.022538610125440246,53.283566927306985
2017-08-22,6.66,52.29,47.65,50.14,52.95225806451613,53.20870967741936,49.435483870967744,49.87032258064516,51.42677419354839,52.49354838709677,3.975373358723039,-0.020035171250984665,53.270002013293414
2017-08-23,6.6569,52.31,48.45,50.36,52.946451612903225,53.207741935483874,49.38709677419355,49.83806451612903,51.37935483870968,52.45870967741936,3.9751830584751997,-0.01830988365333099,53.25986568321153
2017-08-24,6.66,51.73,47.24,50.21,52.94064516129032,53.20677419354839,49.33870967741935,49.8058064516129,51.331935483870964,52.423870967741934,3.975193085002338,-0.019613181845539184,53.26039969737734
2017-08-25,6.6465,51.87,47.65,50.3,52.934838709677415,53.20580645161291,49.29032258064516,49.773548387096774,51.284516129032255,52.38903225806452,3.9751835930613177,-0.019682822945487417,53.25989415520399
2017-08-28,6.6084,51.87,46.4,50.24,52.91741935483871,53.20290322580645,49.145161290322584,49.67677419354838,51.14225806451613,52.284516129032255,3.9751379932442994,-0.020330569335706886,53.25746556914805
2017-08-29,6.5945,51.64,46.46,50.25,52.9116129032258,53.20193548387097,49.096774193548384,49.644516129032255,51.09483870967742,52.24967741935484,3.9751691391582114,-0.02127345263232203,53.25912434741779
2017-08-30,6.5918,51.91,45.96,50.22,52.905806451612904,53.200967741935486,49.04838709677419,49.612258064516126,51.04741935483871,52.214838709677416,3.9751507874193948,-0.021248494508721974,53.25814695884658
2017-08-31,6.5888,52.69,47.26,50.22,52.9,53.2,49.0,49.58,51.0,52.18,3.974963235175592,-0.01872241027447617,53.24815921052526
2017-09-01,6.5552,53.15,47.32,51.49,53.01137931034483,53.29586206896552,49.109655172413795,49.663448275862066,51.11931034482759,52.27620689655173,3.976260468591254,-0.015218352880815581,53.317279324743545
2017-09-04,6.5552,52.6,47.32,51.49,53.34551724137931,53.58344827586207,49.438620689655174,49.91379310344828,51.47724137931034,52.564827586206896,3.981086536873596,-0.015444947392439873,53.5752140600878
2017-09-05,6.5345,53.63,48.63,52.02,53.456896551724135,53.67931034482759,49.54827586206896,49.997241379310346,51.59655172413793,52.66103448275862,3.983144225937972,-0.012496340798799322,53.6855686910019
2017-09-06,6.5221,54.48,49.13,52.76,53.568275862068965,53.77517241379311,49.65793103448276,50.080689655172414,51.71586206896552,52.757241379310344,3.98470197086792,-0.008362346693664032,53.76926228315208
2017-09-07,6.483,54.16,49.1,52.78,53.679655172413796,53.871034482758624,49.76758620689655,50.16413793103448,51.8351724137931,52.85344827586207,3.9863731250591155,-0.007441503848461433,53.85919413524001
2017-09-08,6.4773,54.55,47.44,52.24,53.79103448275862,53.96689655172414,49.87724137931035,50.24758620689655,51.95448275862069,52.94965517241379,3.988125804599605,-0.007299274670358946,53.953674815859884
2017-09-11,6.5254,54.2,48.06,52.35,54.1251724137931,54.25448275862069,50.20620689655173,50.49793103448276,52.312413793103445,53.23827586206897,3.993039221066834,-0.008331716944349567,54.21942402379949
2017-09-12,6.5334,55.06,48.21,52.58,54.23655172413793,54.350344827586206,50.315862068965515,50.58137931034483,52.431724137931035,53.33448275862069,3.9951918563213624,-0.006959760706369832,54.336264379649634
2017-09-13,6.54,55.52,49.3,53.06,54.347931034482755,54.44620689655172,50.42551724137931,50.6648275862069,52.551034482758624,53.430689655172415,3.996872757192431,-0.004665856690231998,54.427675058397924
2017-09-14,6.552,56.76,49.86,53.22,54.459310344827585,54.54206896551724,50.535172413793106,50.748275862068965,52.670344827586206,53.526896551724136,3.9983481265596788,-0.00040768977733736476,54.508035248814465
2017-09-15,6.55,56.18,49.9,53.28,54.570689655172416,54.63793103448276,50.644827586206894,50.83172413793103,52.789655172413795,53.62310344827586,4.000015978739142,2.4655395308508855e-05,54.59902244971127
2017-09-18,6.5725,55.5,49.88,53.25,54.9048275862069,54.92551724137931,50.97379310344827,51.08206896551724,53.147586206896555,53.91172413793103,4.004918810444774,-0.0020057254130164777,54.86736956089832
2017-09-19,6.58,56.58,49.54,53.09,55.01620689655172,55.02137931034483,51.08344827586207,51.16551724137931,53.26689655172414,54.00793103448276,4.007086361836495,-0.0011216310625353884,54.9864263884327
2017-09-20,6.57,57.2,50.29,53.51,55.12758620689655,55.11724137931034,51.19310344827586,51.24896551724138,53.38620689655173,54.10413793103448,4.008756682880047,0.0011202981554947848,55.07834812157001
2017-09-21,6.5861,57.73,50.58,53.52,55.23896551724138,55.21310344827586,51.30275862068966,51.33241379310345,53.50551724137931,54.20034482758621,4.0103403994242095,0.003330177969470641,55.165645721795826
2017-09-22,6.5899,58.16,50.33,53.6,55.350344827586206,55.308965517241376,51.41241379310345,51.41586206896552,53.6248275862069,54.29655172413793,4.011932645327941,0.00516263373621097,55.25355296162211
2017-09-25,6.6189,59.42,51.85,53.92,55.68448275862069,55.59655172413793,51.741379310344826,51.66620689655172,53.98275862068966,54.5851724137931,4.01637074066538,0.009327682035848925,55.499318459355706
2017-09-26,6.6371,59.77,51.59,53.77,55.79586206896552,55.69241379310345,51.85103448275862,51.749655172413796,54.10206896551724,54.68137931034482,4.018326628416533,0.011420127230619399,55.60797512200668
2017-09-27,6.64,58.74,52.14,53.67,55.90724137931035,55.788275862068964,51.960689655172416,51.833103448275864,54.22137931034483,54.77758620689655,4.0201800070039,0.00978592041572485,55.71113331845173
2017-09-28,6.6591,58.8,51.62,53.63,56.01862068965517,55.88413793103448,52.070344827586204,51.91655172413793,54.34068965517241,54.87379310344828,4.0220134741320575,0.008646599756642882,55.81337154663844
2017-09-29,6.6533,57.02,51.67,53.67,56.13,55.98,52.18,52.0,54.46,54.97,4.024090272508527,0.003544028568362957,55.92940511350816
2017-10-02,6.6533,55.67,50.59,54.72,56.533125000000005,56.3596875,52.441562499999996,52.2446875,54.706562500000004,55.2109375,4.030608346389326,-0.00264665936653853,56.295147782125575
2017-10-03,6.6533,56.12,50.44,54.42,56.667500000000004,56.48625,52.52875,52.32625,54.78875,55.29125,4.033698962862133,-0.005673115824756783,56.46940363349617
2017-10-04,6.6533,56.0,50.0,54.29,56.801875,56.6128125,52.6159375,52.4078125,54.870937500000004,55.371562499999996,4.036239551409849,-0.008219452997464887,56.613051551525764
2017-10-05,6.6533,57.09,50.79,55.22,56.93625,56.739374999999995,52.703125,52.489375,54.953125,55.451875,4.03841319355405,-0.006190927142322658,56.73624190365728
2017-10-06,6.6533,55.5,49.34,53.95,57.070625,56.8659375,52.7903125,52.5709375,55.0353125,55.5321875,4.040915439930242,-0.011142574772176998,56.87838772712787
2017-10-09,6.6533,55.29,49.58,54.1,57.47375,57.245625,53.051875,52.815625,55.281875,55.773125,4.0472385589738975,-0.014787564364977942,57.23917599524154
2017-10-10,6.5712,56.62,50.93,54.61,57.608125,57.372187499999995,53.1390625,52.8971875,55.3640625,55.8534375,4.049966145044446,-0.013183962971255313,57.39551388998193
2017-10-11,6.587,56.13,51.3,54.83,57.7425,57.49875,53.22625,52.97875,55.44625,55.933749999999996,4.052269963740213,-0.013811085123131837,57.52789518062896
2017-10-12,6.5855,56.13,50.61,54.54,57.876875,57.6253125,53.3134375,53.0603125,55.5284375,56.0140625,4.054558887667369,-0.015026274896725823,57.65972297072263
2017-10-13,6.5785,56.86,51.43,55.04,58.011250000000004,57.751875,53.400625,53.141875,55.610625,56.094375,4.056685331547737,-0.01356682609529248,57.7824635900465
2017-10-16,6.5885,57.49,51.86,55.34,58.414375,58.1315625,53.6621875,53.3865625,55.8571875,56.3353125,4.062474059486788,-0.011803520832623454,58.117920549207874
2017-10-17,6.622,57.63,51.87,55.37,58.54875,58.258125,53.749375,53.468125,55.939375000000005,56.415625,4.065119777356762,-0.011359719389696979,58.271887757255605
2017-10-18,6.625,58.05,52.05,55.48,58.683125000000004,58.3846875,53.8365625,53.5496875,56.0215625,56.4959375,4.0672945356521994,-0.01045527849745668,58.398752929087394
2017-10-19,6.6126,57.82,51.29,55.13,58.8175,58.51125,53.92375,53.63125,56.103750000000005,56.57625,4.069514934502201,-0.011535336296057384,58.528565517460436
2017-10-20,6.6185,57.89,51.63,55.27,58.951875,58.6378125,54.0109375,53.7128125,56.1859375,56.6565625,4.071726851642394,-0.012099253789576235,58.65816913811309
2017-10-23,6.638,57.69,51.91,55.14,59.355000000000004,59.0175,54.2725,53.957499999999996,56.432500000000005,56.8975,4.077672890419124,-0.013748531758126249,59.00799188551516
2017-10-24,6.6335,57.84,52.32,55.39,59.489375,59.144062500000004,54.3596875,54.0390625,56.5146875,56.9778125,4.080427892671573,-0.014639642647734168,59.17078317829543
2017-10-25,6.635,58.45,51.97,55.34,59.62375,59.270625,54.446875,54.120625,56.596875000000004,57.058125,4.08263099144387,-0.014236056677638415,59.301285960546544
2017-10-26,6.6392,58.75,52.41,55.45,59.758125,59.3971875,54.5340625,54.2021875,56.6790625,57.1384375,4.084723767500731,-0.013523213189241838,59.425520223849155
2017-10-27,6.6498,60.15,53.92,55.55,59.8925,59.52375,54.621249999999996,54.28375,56.761250000000004,57.21875,4.086602015810766,-0.009742719784850374,59.53724099361187
2017-10-30,6.6498,60.65,54.11,55.54,60.295625,59.9034375,54.8828125,54.5284375,57.0078125,57.4596875,4.092138990955547,-0.0075312342582150756,59.867811553113285
2017-10-31,6.6328,61.35,54.36,55.55,60.43,60.03,54.97,54.61,57.09,57.54,4.094590780896204,-0.005514942112346247,60.01477493930453
2017-11-01,6.6018,60.98,54.32,58.73,60.476,60.07566666666667,55.04666666666667,54.671,57.16433333333334,57.602333333333334,4.095452826340589,-0.003168538512200556,60.06653270820599
2017-11-02,6.6068,60.79,54.55,58.87,60.522,60.12133333333333,55.123333333333335,54.732,57.23866666666667,57.66466666666667,4.096167537303206,-0.0024388492204690058,60.10947826262012
2017-11-03,6.636,61.42,55.63,60.15,60.568,60.167,55.2,54.793,57.313,57.727,4.096740761562804,0.0005291189888991465,60.143944351247384
2017-11-06,6.6311,64.27,57.34,61.83,60.706,60.304,55.43,54.976,57.536,57.914,4.098184472335155,0.009832324367054734,60.23083752080876
2017-11-07,6.638,64.36,57.19,61.2,60.752,60.349666666666664,55.50666666666667,55.037,57.61033333333334,57.97633333333333,4.098710983551575,0.013824520784559355,60.26255808222075
2017-11-08,6.6249,63.96,56.82,61.14,60.798,60.39533333333333,55.583333333333336,55.098,57.68466666666667,58.038666666666664,4.099354906113976,0.014617613709450854,60.301374999240984
2017-11-09,6.6378,64.49,57.16,61.56,60.844,60.441,55.66,55.159,57.759,58.101,4.099980043399375,0.016442577787914598,60.33908342235646
2017-11-10,6.6378,64.35,56.75,61.3,60.89,60.486666666666665,55.736666666666665,55.22,57.833333333333336,58.163333333333334,4.100694632831275,0.016585999029672813,60.382216503086994
2017-11-13,6.6385,62.94,56.77,61.18,61.028,60.623666666666665,55.96666666666667,55.403,58.056333333333335,58.35033333333333,4.102960835677082,0.013202518012848156,60.51921002288508
2017-11-14,6.635,60.91,55.67,60.69,61.074,60.669333333333334,56.04333333333334,55.464,58.13066666666667,58.41266666666667,4.104413722675676,0.005992993400044594,60.60720150165198
2017-11-15,6.62,61.25,55.28,60.49,61.120000000000005,60.715,56.120000000000005,55.525,58.205,58.474999999999994,4.105529059125664,0.0028091660203913636,60.67483663357115
2017-11-16,6.6273,61.18,55.14,60.22,61.166000000000004,60.760666666666665,56.196666666666665,55.586,58.279333333333334,58.53733333333333,4.106495455379934,0.0006886996318377098,60.7335009103253
2017-11-17,6.6245,61.34,56.21,60.82,61.212,60.806333333333335,56.27333333333333,55.647,58.35366666666667,58.599666666666664,4.107307837601034,0.0006383024503637031,60.7828597731067
2017-11-20,6.6245,61.34,56.21,60.55,61.35,60.943333333333335,56.50333333333334,55.83,58.57666666666667,58.78666666666666,4.109395467676263,0.0001403434460071544,60.909884443355175
2017-11-21,6.6265,62.28,56.84,60.63,61.396,60.989,56.58,55.891,58.651,58.849,4.11022722759252,0.0020109103872343347,60.96056791905874
2017-11-22,6.6086,62.92,57.88,60.78,61.442,61.034666666666666,56.656666666666666,55.952,58.72533333333333,58.91133333333333,4.110814039656038,0.004618986524688146,60.996350813602824
2017-11-23,6.6086,63.27,57.88,60.78,61.488,61.080333333333336,56.733333333333334,56.013,58.79966666666667,58.97366666666667,4.111400041638173,0.0065401873454598025,61.032105271150904
2017-11-24,6.5998,63.58,58.94,60.92,61.534,61.126,56.81,56.074,58.874,59.035999999999994,4.1119950957590605,0.008440664789583475,61.06843348445353
2017-11-27,6.5967,63.25,58.1,60.88,61.672000000000004,61.263,57.040000000000006,56.257,59.097,59.223,4.114014486013455,0.008114985874853493,61.19187908435361
2017-11-28,6.6044,63.56,57.96,60.8,61.718,61.30866666666667,57.11666666666667,56.318,59.17133333333334,59.28533333333333,4.114937051373699,0.008284658341756384,61.24835864136056
2017-11-29,6.6091,63.74,57.25,60.8,61.764,61.35433333333333,57.193333333333335,56.379,59.245666666666665,59.34766666666666,4.115700734634746,0.008406894015075706,61.29515085256164
2017-11-30,6.609,63.53,57.4,60.82,61.81,61.4,57.27,56.44,59.32,59.41,4.116481622417217,0.007923912017188254,61.34303418030668
2017-12-01,6.6137,64.57,58.35,61.23,61.928620689655176,61.50896551724138,57.363103448275865,56.533448275862064,59.42413793103448,59.50655172413793,4.117973958910236,0.0103093351524565,61.434646970359054
2017-12-04,6.6185,63.45,57.48,60.02,62.28448275862069,61.83586206896552,57.64241379310345,56.813793103448276,59.73655172413793,59.79620689655172,4.122908508882957,0.007234918165259735,61.738548497866795
2017-12-05,6.617,63.45,57.66,60.55,62.403103448275864,61.9448275862069,57.73551724137931,56.90724137931034,59.84068965517241,59.892758620689655,4.125261568785782,0.005562614033400878,61.883994054740036
2017-12-06,6.6136,62.25,55.79,59.34,62.52172413793104,62.05379310344828,57.828620689655175,57.00068965517241,59.9448275862069,59.98931034482759,4.127449028656859,0.00022672011724346117,62.01951097327014
2017-12-07,6.6173,62.37,56.5,60.22,62.64034482758621,62.16275862068966,57.92172413793104,57.09413793103448,60.04896551724138,60.08586206896552,4.1294341172750375,-0.0015795367787814333,62.14274747582891
2017-12-08,6.6199,63.86,57.15,60.84,62.75896551724138,62.27172413793103,58.0148275862069,57.18758620689655,60.153103448275864,60.18241379310344,4.131068907596804,0.0011620094313716251,62.244420922709985
2017-12-11,6.6175,65.62,57.84,61.62,63.1148275862069,62.59862068965517,58.294137931034484,57.46793103448276,60.46551724137931,60.47206896551724,4.135450118551142,0.00645158218869585,62.51772512601475
2017-12-12,6.621,64.96,57.12,60.56,63.233448275862074,62.70758620689655,58.387241379310346,57.561379310344826,60.569655172413796,60.56862068965517,4.137547244453926,0.00602245660532797,62.64897023742039
2017-12-13,6.6171,63.66,56.59,60.12,63.35206896551724,62.81655172413793,58.48034482758621,57.65482758620689,60.673793103448276,60.6651724137931,4.139585027143283,0.0021349663505974333,62.776765389627634
2017-12-14,6.6091,63.72,57.0,60.65,63.470689655172414,62.92551724137931,58.57344827586207,57.748275862068965,60.77793103448276,60.76172413793103,4.141501835030476,0.0005487121590703381,62.897211788084014
2017-12-15,6.6088,63.81,57.29,60.7,63.58931034482759,63.03448275862069,58.66655172413793,57.84172413793103,60.88206896551724,60.858275862068965,4.143326383286528,-0.0002416159891881481,63.012075541528134
2017-12-18,6.6088,64.45,57.17,60.8,63.9451724137931,63.36137931034483,58.94586206896552,58.12206896551724,61.194482758620694,61.14793103448276,4.14801239119623,0.00017197276534101178,63.30804353852149
2017-12-19,6.6088,63.69,57.49,61.02,64.06379310344828,63.47034482758621,59.03896551724138,58.21551724137931,61.29862068965517,61.24448275862069,4.150272212811674,-0.0016415244506346777,63.45127019613733
2017-12-20,6.5771,64.43,58.09,61.28,64.18241379310345,63.57931034482759,59.13206896551724,58.308965517241376,61.40275862068966,61.34103448275862,4.152040152728595,-0.0009081481163809615,63.563547449971196
2017-12-21,6.5833,64.64,58.34,61.3,64.30103448275862,63.68827586206897,59.2251724137931,58.40241379310345,61.50689655172414,61.437586206896555,4.1537225630680314,-0.0003357775274797439,63.670577428337694
2017-12-22,6.575,64.61,58.25,61.15,64.4196551724138,63.79724137931035,59.318275862068965,58.495862068965515,61.611034482758626,61.53413793103448,4.155441455192673,-0.0005771899002076507,63.78011439659693
2017-12-26,6.5429,64.61,59.55,61.6,64.89413793103448,64.23310344827587,59.69068965517241,58.86965517241379,62.02758620689656,61.920344827586206,4.161557050909048,-0.0007784836906220417,64.17136293051254
2017-12-27,6.556,66.03,59.67,61.52,65.01275862068965,64.34206896551724,59.783793103448275,58.96310344827586,62.13172413793104,62.01689655172414,4.163750802796802,0.0014045874073596843,64.31229350591943
2017-12-28,6.5322,66.8,59.84,61.56,65.13137931034483,64.45103448275863,59.87689655172414,59.05655172413793,62.23586206896552,62.11344827586207,4.165349221481495,0.003800450213928659,64.41517367840538
2017-12-29,6.5063,66.73,60.46,61.6,65.25,64.56,59.97,59.15,62.34,62.21,4.166953439156167,0.0047071879786063295,64.51859256956469
2018-01-02,6.491,66.65,60.37,64.02,65.56030303030303,64.86060606060606,60.447575757575756,59.54030303030303,62.85636363636364,62.61121212121212,4.171107381011505,0.006183168534052388,64.78715646491219
2018-01-03,6.501,67.85,61.61,65.24,65.63787878787879,64.93575757575758,60.56696969696969,59.63787878787878,62.985454545454544,62.71151515151515,4.172449893920781,0.010103515317631583,64.87419246922892
2018-01-04,6.4915,68.73,61.98,65.31,65.71545454545455,65.0109090909091,60.68636363636364,59.735454545454544,63.11454545454546,62.81181818181818,4.173379374447468,0.01373734783815583,64.93451980000998
2018-01-05,6.4875,68.01,61.49,64.94,65.7930303030303,65.08606060606061,60.805757575757575,59.8330303030303,63.24363636363636,62.912121212121214,4.1744954063328015,0.013450609812298385,65.00702924846777
2018-01-08,6.497,68.48,61.73,65.09,66.02575757575758,65.31151515151515,61.163939393939394,60.125757575757575,63.63090909090909,63.2130303030303,4.177605372400654,0.014064278021406185,65.2095136001334
2018-01-09,6.5263,69.08,62.92,65.81,66.10333333333334,65.38666666666667,61.28333333333333,60.22333333333333,63.76,63.31333333333333,4.178920735917995,0.0160097816511763,65.29534425218552
2018-01-10,6.5055,69.79,63.6,66.01,66.1809090909091,65.46181818181819,61.40272727272727,60.32090909090909,63.88909090909091,63.413636363636364,4.179930160446004,0.018484152302159846,65.3612882513842
2018-01-11,6.4956,70.36,63.81,66.07,66.25848484848485,65.5369696969697,61.52212121212121,60.418484848484844,64.01818181818182,63.513939393939395,4.180903215235814,0.02073119385500809,65.42491931922235
2018-01-12,6.4607,69.64,64.22,66.36,66.33606060606061,65.61212121212121,61.64151515151515,60.516060606060606,64.14727272727272,63.61424242424242,4.182030563984141,0.020497353454151445,65.49871761051602
2018-01-15,6.4607,70.31,64.22,66.36,66.56878787878787,65.83757575757576,61.99969696969697,60.808787878787875,64.53454545454545,63.915151515151514,4.18510148995839,0.021344251713999642,65.70016848575214
2018-01-16,6.4395,69.4,63.82,66.05,66.64636363636363,65.91272727272728,62.11909090909091,60.906363636363636,64.66363636363636,64.01545454545455,4.186650450507368,0.01922442243263828,65.8020143120182
2018-01-17,6.433,69.19,63.92,66.13,66.72393939393939,65.9878787878788,62.238484848484845,61.00393939393939,64.79272727272728,64.11575757575757,4.1879756903209,0.01761257301523471,65.88927556947026
2018-01-18,6.4175,69.48,63.96,66.08,66.80151515151515,66.0630303030303,62.35787878787879,61.10151515151515,64.92181818181818,64.21606060606061,4.189188428511444,0.017175194414151933,65.96923048268965
2018-01-19,6.399,68.56,63.38,65.82,66.8790909090909,66.13818181818182,62.47727272727273,61.199090909090906,65.05090909090909,64.31636363636363,4.190510404903982,0.014555992439180968,66.05649791805718
2018-01-22,6.4035,69.32,63.66,65.97,67.11181818181818,66.36363636363637,62.835454545454546,61.49181818181818,65.43818181818182,64.61727272727272,4.193656439172568,0.014608741935832855,66.26464116538929
2018-01-23,6.4,69.81,64.45,66.21,67.18939393939394,66.43878787878788,62.95484848484848,61.589393939393936,65.56727272727272,64.71757575757576,4.1950228092655735,0.01559722929929705,66.355245074441
2018-01-24,6.365,69.91,65.69,66.31,67.2669696969697,66.5139393939394,63.07424242424242,61.6869696969697,65.69636363636363,64.81787878787878,4.196135235680415,0.016438132372740676,66.42910147411362
2018-01-25,6.3189,71.08,65.62,66.26,67.34454545454545,66.58909090909091,63.19363636363636,61.78454545454545,65.82545454545455,64.91818181818182,4.1971043240632975,0.018923564049677363,66.49350834757341
2018-01-26,6.3199,70.08,66.27,66.32,67.42212121212121,66.66424242424243,63.3130303030303,61.88212121212121,65.95454545454545,65.01848484848485,4.198245927054879,0.018160820208094394,66.56946088119474
2018-01-29,6.3328,68.41,65.71,66.23,67.65484848484849,66.88969696969697,63.67121212121212,62.17484848484848,66.34181818181818,65.31939393939393,4.20160299489115,0.013824453596250423,66.79331461304439
2018-01-30,6.3199,67.78,64.64,66.2,67.73242424242424,66.96484848484849,63.79060606060606,62.272424242424236,66.47090909090909,65.41969696969697,4.203345775555422,0.009719499371540112,66.90982220435444
2018-01-31,6.2841,67.78,64.82,66.19,67.81,67.04,63.91,62.37,66.6,65.52,4.2047367269442075,0.007510835412773583,67.00295527124159
2018-02-01,6.2969,68.6,65.92,66.73,67.66285714285715,66.89571428571429,63.79035714285714,62.246071428571426,66.47142857142856,65.39714285714285,4.2030286480748655,0.008870420117372324,66.88860662521365
2018-02-02,6.2984,67.45,65.5,65.74,67.51571428571428,66.75142857142858,63.67071428571428,62.122142857142855,66.34285714285714,65.27428571428571,4.20105275875549,0.006767820486407918,66.75657262703498
2018-02-05,6.285,67.69,64.18,64.99,67.07428571428572,66.31857142857143,63.31178571428571,61.75035714285714,65.95714285714286,64.90571428571428,4.195245608024521,0.006273072224225559,66.3700305877291
2018-02-06,6.283,66.75,63.48,64.27,66.92714285714285,66.17428571428572,63.192142857142855,61.62642857142857,65.82857142857142,64.78285714285714,4.192683290693327,0.0041758272151136925,66.20018719733879
2018-02-07,6.2649,65.74,61.91,63.14,66.78,66.03,63.0725,61.5025,65.69999999999999,64.66,4.190703941894723,0.0002802945551197127,66.06928353108776
2018-02-08,6.3222,64.26,61.3,62.64,66.63285714285715,65.88571428571429,62.95285714285714,61.378571428571426,65.57142857142857,64.53714285714285,4.18890528233617,-0.004902297746083674,65.95055419157768
2018-02-09,6.2966,63.04,59.2,61.22,66.48571428571428,65.74142857142857,62.833214285714284,61.254642857142855,65.44285714285714,64.41428571428571,4.18720856363845,-0.011313785066769944,65.83874953050774
2018-02-12,6.325,62.2,59.41,61.16,66.04428571428572,65.30857142857143,62.47428571428571,60.88285714285714,65.05714285714285,64.04571428571428,4.181625956682169,-0.015420345250779918,65.47222171167954
2018-02-13,6.338,61.94,59.33,61.29,65.89714285714285,65.16428571428571,62.354642857142856,60.75892857142857,64.92857142857143,63.92285714285714,4.179079028487015,-0.01715015306717767,65.30568083805305
2018-02-14,6.3438,62.29,60.7,62.05,65.75,65.02000000000001,62.235,60.635,64.8,63.8,4.17675237498454,-0.015778854667165283,65.15391377015331
2018-02-15,6.3438,62.86,61.48,62.28,65.60285714285715,64.8757142857143,62.11535714285714,60.51107142857143,64.67142857142856,63.677142857142854,4.174334055104841,-0.012996430626774016,64.99654113063055
2018-02-16,6.3438,64.3,61.89,62.28,65.45571428571428,64.73142857142858,61.995714285714286,60.387142857142855,64.54285714285714,63.55428571428571,4.171737708315375,-0.007891085479720235,64.82800645165057
2018-02-19,6.3438,64.95,61.89,62.28,65.01428571428572,64.29857142857144,61.636785714285715,60.01535714285714,64.15714285714286,63.18571428571428,4.1652766038875555,-0.0030404678957138553,64.41049617331628
2018-02-20,6.3351,64.68,61.91,62.43,64.86714285714285,64.15428571428572,61.51714285714286,59.89142857142857,64.02857142857142,63.06285714285714,4.162218150740283,-0.00029740245248853145,64.21380063394967
2018-02-21,6.3351,64.81,61.73,62.47,64.72,64.01,61.3975,59.7675,63.9,62.94,4.159697130323321,0.0018292955494759635,64.05212021694747
2018-02-22,6.3471,66.12,62.72,62.62,64.57285714285715,63.86571428571429,61.277857142857144,59.64357142857143,63.77142857142857,62.817142857142855,4.157093665731575,0.006522103879999269,63.88557967520622
2018-02-23,6.3329,67.04,63.52,62.75,64.42571428571428,63.721428571428575,61.15821428571429,59.519642857142856,63.64285714285714,62.69428571428571,4.15443268392755,0.011530157707462005,63.71580729094092
2018-02-26,6.3115,67.96,63.81,62.75,63.98428571428571,63.28857142857143,60.799285714285716,59.14785714285714,63.25714285714286,62.325714285714284,4.147837740803478,0.016927514696525155,63.29698772933196
2018-02-27,6.3169,67.59,62.94,62.72,63.83714285714286,63.144285714285715,60.67964285714286,59.02392857142857,63.128571428571426,62.20285714285714,4.144739144141139,0.019407515351436436,63.101159447531785
2018-02-28,6.328,66.08,61.43,62.72,63.69,63.0,60.56,58.9,63.0,62.08,4.142431666628861,0.01758164954095643,62.95572280153382
2018-03-01,6.3565,64.23,60.98,60.39,63.832,63.138,60.675000000000004,59.016,63.06066666666667,62.13033333333333,4.144392236328478,0.010844067870533795,63.07927295884792
2018-03-02,6.3428,64.26,61.19,60.91,63.974,63.276,60.79,59.132,63.12133333333333,62.18066666666667,4.146792723397567,0.007652963678028552,63.23087582547474
2018-03-05,6.3491,65.78,62.49,61.94,64.4,63.69,61.135000000000005,59.48,63.303333333333335,62.33166666666666,4.152606376988515,0.009519691953216138,63.5995488640591
2018-03-06,6.3093,65.67,62.54,62.21,64.542,63.828,61.25,59.596,63.364,62.382,4.155262791246335,0.009593694126796769,63.76872020755665
2018-03-07,6.3225,65.09,61.09,60.91,64.684,63.966,61.365,59.711999999999996,63.42466666666667,62.43233333333333,4.157664930723161,0.006535227703987569,63.92208569665507
2018-03-08,6.3389,63.87,60.13,60.44,64.826,64.104,61.480000000000004,59.828,63.48533333333333,62.48266666666667,4.160195469725686,0.0013080693775250913,64.08404786699889
2018-03-09,6.3285,65.19,62.02,61.69,64.968,64.242,61.595000000000006,59.944,63.546,62.533,4.162360626244904,0.002596990038527058,64.22295017937626
2018-03-12,6.327,64.53,61.35,61.32,65.394,64.656,61.940000000000005,60.292,63.727999999999994,62.684,4.168266676152534,0.0003999678471575934,64.60337643074739
2018-03-13,6.318,64.2,60.69,61.17,65.536,64.794,62.05500000000001,60.408,63.788666666666664,62.73433333333333,4.171125796021658,-0.0024859828433058365,64.78834953204142
2018-03-14,6.314,63.61,60.89,61.36,65.678,64.932,62.17,60.524,63.84933333333333,62.784666666666666,4.173562814430563,-0.005502161510012091,64.94643247982187
2018-03-15,6.3202,63.67,61.16,61.48,65.82,65.07,62.285000000000004,60.64,63.91,62.835,4.175849488393345,-0.007146584837788753,65.09511372392751
2018-03-16,6.33,64.68,62.29,61.96,65.962,65.208,62.400000000000006,60.756,63.970666666666666,62.885333333333335,4.1778974042180295,-0.0055418813207479605,65.22855963378876
2018-03-19,6.3291,64.82,62.01,61.86,66.388,65.622,62.745000000000005,61.104,64.15266666666666,63.03633333333333,4.183565692981711,-0.005527980223052912,65.59934380855933
2018-03-20,6.3328,66.0,63.37,62.27,66.53,65.76,62.86000000000001,61.22,64.21333333333332,63.086666666666666,4.186017311880998,-0.0031176007524016517,65.76036570112777
2018-03-21,6.32,68.15,65.1,62.84,66.672,65.898,62.975,61.336,64.274,63.137,4.187756712859428,0.002930740548250414,65.87484888278509
2018-03-22,6.331,68.98,64.25,62.62,66.81400000000001,66.036,63.09,61.452,64.33466666666666,63.187333333333335,4.1894915423858885,0.006776966507995667,65.98922970260278
2018-03-23,6.311,69.03,65.8,62.84,66.956,66.174,63.205000000000005,61.568,64.39533333333333,63.23766666666667,4.191356168989312,0.008890855391366314,66.11238976392521
2018-03-26,6.2685,68.81,65.49,62.77,67.382,66.588,63.550000000000004,61.916000000000004,64.57733333333333,63.38866666666667,4.196944895386578,0.00844811767985458,66.48290822053166
2018-03-27,6.2781,68.63,65.21,62.76,67.524,66.726,63.665000000000006,62.032000000000004,64.63799999999999,63.439,4.199601353328293,0.00701385439297696,66.65975205517144
2018-03-28,6.2946,68.13,64.3,62.68,67.666,66.864,63.78,62.148,64.69866666666665,63.489333333333335,4.201909252162655,0.004511590684126833,66.81377368404225
2018-03-29,6.2876,69.02,64.87,62.73,67.808,67.002,63.895,62.264,64.75933333333333,63.53966666666667,4.203995959661412,0.004844018224303094,66.95334005306
2018-03-30,6.2726,69.02,64.87,62.73,67.95,67.14,64.01,62.38,64.82,63.59,4.2060615419843765,0.004569590844647174,67.09178061970779
2018-04-02,6.2785,69.02,63.05,64.62,68.49857142857142,67.67035714285714,64.39892857142857,62.76357142857143,65.27964285714285,64.03035714285714,4.213120355032271,0.00429745718357224,67.56704438176904
2018-04-03,6.2881,69.02,63.41,65.16,68.68142857142857,67.84714285714286,64.52857142857144,62.89142857142857,65.43285714285713,64.17714285714285,4.216407803802249,0.003686476502593464,67.78953308844997
2018-04-04,6.3045,66.04,63.35,65.17,68.86428571428571,68.02392857142857,64.6582142857143,63.019285714285715,65.58607142857143,64.32392857142858,4.219559272853731,-0.003396063901426303,68.00350669249367
2018-04-05,6.3045,66.54,63.53,65.46,69.04714285714286,68.20071428571428,64.78785714285715,63.14714285714286,65.73928571428571,64.4707142857143,4.222462623457117,-0.006095662288439258,68.20123160816573
2018-04-06,6.3045,66.51,62.03,64.65,69.23,68.3775,64.9175,63.275,65.8925,64.6175,4.225291484879258,-0.008977466212131167,68.39443658741789
2018-04-09,6.3035,68.19,63.4,65.83,69.77857142857142,68.90785714285714,65.30642857142857,63.65857142857143,66.35214285714285,65.05785714285715,4.23220308231082,-0.006769375067066917,68.8687887770337
2018-04-10,6.2798,70.67,65.48,67.27,69.96142857142857,69.08464285714285,65.43607142857144,63.78642857142857,66.50535714285714,65.20464285714286,4.234955923875689,-0.00010430645828699882,69.05863482946343
2018-04-11,6.2655,72.74,66.81,67.78,70.14428571428572,69.26142857142857,65.5657142857143,63.91428571428571,66.65857142857142,65.35142857142857,4.237017645862968,0.007319169346868977,69.2011614099087
2018-04-12,6.2876,71.44,67.07,67.66,70.32714285714286,69.43821428571428,65.69535714285715,64.04214285714285,66.8117857142857,65.49821428571428,4.239396720039075,0.007906967832635923,69.3659921004502
2018-04-13,6.2725,73.18,67.35,67.8,70.50999999999999,69.61500000000001,65.825,64.17,66.965,65.64500000000001,4.241699200439518,0.011235632292525253,69.5258899479083
2018-04-16,6.2752,72.05,66.23,67.25,71.05857142857143,70.14535714285715,66.21392857142857,64.55357142857143,67.42464285714286,66.08535714285715,4.2486351665807955,0.009006016219161098,70.00979540249313
2018-04-17,6.2804,71.71,66.5,67.38,71.24142857142857,70.32214285714286,66.34357142857144,64.68142857142857,67.57785714285714,66.23214285714286,4.251960689773489,0.006486804359075128,70.24300215312739
2018-04-18,6.2722,73.73,68.44,68.16,71.42428571428572,70.49892857142858,66.47321428571429,64.8092857142857,67.73107142857143,66.37892857142857,4.254417584539359,0.009578639246475208,70.41579399622476
2018-04-19,6.2765,74.85,68.3,68.18,71.60714285714285,70.67571428571429,66.60285714285715,64.93714285714286,67.88428571428571,66.52571428571429,4.256691579727553,0.012673321005561247,70.57610137296687
2018-04-20,6.2945,74.62,68.26,68.29,71.78999999999999,70.8525,66.7325,65.065,68.0375,66.6725,4.259089425035396,0.013325626936198957,70.74553500312523
2018-04-23,6.3158,74.54,67.61,68.41,72.33857142857143,71.38285714285715,67.12142857142857,65.44857142857143,68.49714285714286,67.11285714285715,4.265869353104082,0.012404580444941174,71.22681431759756
2018-04-24,6.3035,75.86,67.66,68.2,72.52142857142857,71.55964285714286,67.25107142857144,65.57642857142856,68.65035714285715,67.25964285714286,4.268900869956985,0.013381762663204058,71.44306722713445
2018-04-25,6.3236,73.79,68.0,68.16,72.7042857142857,71.73642857142858,67.38071428571429,65.7042857142857,68.80357142857143,67.40642857142858,4.271686084167517,0.009482013462618379,71.64232883754097
2018-04-26,6.334,75.39,68.18,68.28,72.88714285714285,71.91321428571429,67.51035714285715,65.83214285714286,68.95678571428572,67.55321428571429,4.274178775698739,0.010199491152371034,71.82113382416539
2018-04-27,6.3325,75.33,68.11,68.28,73.07,72.09,67.64,65.96,69.11,67.7,4.276648771544574,0.00992245830624401,71.99875099288693
2018-04-30,6.3325,75.92,68.56,68.27,73.37441176470588,72.41470588235295,67.50323529411764,65.89382352941176,69.59088235294118,68.19411764705883,4.280835481890283,0.010240142899852171,72.30082080671747
2018-05-01,6.3325,74.85,67.28,70.55,73.47588235294117,72.5229411764706,67.45764705882353,65.87176470588234,69.75117647058823,68.35882352941177,4.282799162230765,0.00901381662589825,72.44293599587098
2018-05-02,6.361,73.14,67.91,70.44,73.57735294117646,72.63117647058824,67.4120588235294,65.84970588235294,69.91147058823529,68.52352941176471,4.284628506260959,0.004904041067556207,72.5755803374408
2018-05-03,6.352,73.45,68.45,70.71,73.67882352941176,72.73941176470588,67.3664705882353,65.82764705882353,70.07176470588236,68.68823529411765,4.286292819485796,0.00346630846299165,72.69646940633007
2018-05-04,6.3589,74.75,69.71,71.78,73.78029411764706,72.84764705882353,67.32088235294118,65.80558823529411,70.23205882352941,68.8529411764706,4.287670630254098,0.005886519001643057,72.79670041852337
2018-05-07,6.364,74.75,70.74,72.83,74.08470588235294,73.17235294117647,67.18411764705883,65.73941176470588,70.7129411764706,69.34705882352941,4.291574027297922,0.007327818339118537,73.08141014980045
2018-05-08,6.369,74.16,68.83,71.73,74.18617647058824,73.28058823529412,67.13852941176471,65.71735294117646,70.87323529411765,69.51176470588236,4.293511307992346,0.00522799406928206,73.22312658273727
2018-05-09,6.3585,77.6,71.16,73.37,74.28764705882352,73.38882352941177,67.09294117647059,65.69529411764705,71.0335294117647,69.67647058823529,4.294665758546199,0.011794692344660549,73.3077078748415
2018-05-10,6.344,77.59,71.36,73.68,74.38911764705881,73.49705882352941,67.04735294117647,65.67323529411765,71.19382352941176,69.84117647058824,4.295843754723122,0.014919649497937669,73.39411495807178
2018-05-11,6.3333,77.37,70.69,73.48,74.49058823529411,73.60529411764706,67.00176470588235,65.65117647058823,71.35411764705883,70.00588235294117,4.297210160869225,0.015476902027280883,73.49446967487515
2018-05-14,6.336,78.17,71.01,74.02,74.79499999999999,73.93,66.86500000000001,65.585,71.83500000000001,70.5,4.301080769649717,0.016969048978491795,73.77948925832983
2018-05-15,6.376,78.94,71.34,74.04,74.89647058823529,74.03823529411764,66.81941176470589,65.56294117647059,71.99529411764706,70.66470588235295,4.302771455014914,0.018618034680665366,73.9043326667945
2018-05-16,6.3706,78.19,71.43,74.59,74.99794117647059,74.14647058823529,66.77382352941177,65.54088235294117,72.15558823529412,70.82941176470588,4.304286424184584,0.018107930717245035,74.01638030521828
2018-05-17,6.3645,80.09,71.47,74.67,75.09941176470588,74.25470588235294,66.72823529411765,65.51882352941176,72.31588235294117,70.99411764705883,4.305575629083627,0.020975552808776683,74.11186412119399
2018-05-18,6.3768,78.38,71.23,74.45,75.20088235294116,74.36294117647058,66.68264705882353,65.49676470588234,72.47617647058824,71.15882352941176,4.3071169700244285,0.018860041775800872,74.22618385177088
2018-05-21,6.3815,78.34,72.26,74.79,75.50529411764705,74.68764705882353,66.54588235294118,65.43058823529411,72.95705882352941,71.65294117647059,4.31117222084836,0.01756745884531003,74.52780079783533
2018-05-22,6.366,80.42,72.09,74.91,75.60676470588234,74.79588235294118,66.50029411764706,65.4085294117647,73.11735294117648,71.81764705882352,4.312843264920299,0.02009624835008877,74.65244415081686
2018-05-23,6.3875,78.69,71.85,74.98,75.70823529411764,74.90411764705883,66.45470588235294,65.38647058823528,73.27764705882353,71.98235294117647,4.3144372312638275,0.017934901427382667,74.7715325204677
2018-05-24,6.3757,78.9,70.77,74.78,75.80970588235294,75.01235294117647,66.40911764705882,65.36441176470588,73.43794117647059,72.1470588235294,4.316003431453819,0.016572988539277262,74.88873146345333
2018-05-25,6.3903,76.6,67.92,74.45,75.91117647058823,75.12058823529412,66.3635294117647,65.34235294117646,73.59823529411764,72.31176470588235,4.317848055786532,0.010569674251740652,75.0270005277905
2018-05-29,6.4162,74.51,66.8,74.58,76.31705882352941,75.5535294117647,66.18117647058824,65.25411764705882,74.23941176470589,72.97058823529412,4.323577328924864,0.00275839437850192,75.45808442608535
2018-05-30,6.4175,75.89,68.24,74.44,76.4185294117647,75.66176470588235,66.13558823529412,65.2320588235294,74.39970588235295,73.13529411764705,4.325793028898018,0.0011003781545161938,75.62546226278063
2018-05-31,6.4096,76.45,66.98,74.41,76.52,75.77,66.09,65.21,74.56,73.3,4.327375754560713,0.0006268258834108777,75.74525139431724
2018-06-01,6.418,74.54,65.81,74.11,76.5748275862069,75.81379310344828,66.23068965517241,65.30896551724138,74.54379310344828,73.28413793103448,4.328379796584969,-0.003825970141846827,75.82134100204463
2018-06-04,6.405,73.41,64.76,73.15,76.73931034482759,75.9451724137931,66.65275862068965,65.60586206896551,74.4951724137931,73.23655172413793,4.3303787120045465,-0.009223958013811139,75.9730530289458
2018-06-05,6.4042,72.91,65.51,73.38,76.79413793103448,75.98896551724138,66.79344827586208,65.70482758620689,74.47896551724138,73.22068965517241,4.33142541137618,-0.012705402289204373,76.05261560759887
2018-06-06,6.385,73.23,64.75,73.42,76.84896551724138,76.03275862068965,66.93413793103448,65.80379310344827,74.46275862068966,73.20482758620689,4.332184117374204,-0.014094720612622264,76.11033907802847
2018-06-07,6.389,75.23,65.96,74.88,76.90379310344828,76.07655172413793,67.0748275862069,65.90275862068965,74.44655172413793,73.18896551724137,4.332541269476492,-0.009908258159989115,76.13752690044096
2018-06-08,6.4031,75.11,65.77,74.3,76.95862068965516,76.12034482758621,67.21551724137932,66.00172413793103,74.43034482758621,73.17310344827587,4.33296428863517,-0.008586351261946118,76.16974134619768
2018-06-11,6.4,74.58,66.1,74.37,77.12310344827586,76.25172413793103,67.63758620689656,66.29862068965517,74.38172413793103,73.12551724137931,4.334518233811575,-0.008996525709279404,76.28819696127978
2018-06-12,6.3992,74.86,66.38,73.97,77.17793103448275,76.29551724137932,67.77827586206897,66.39758620689655,74.36551724137931,73.1096551724138,4.33523697041292,-0.009042190625077618,76.34304778997434
2018-06-13,6.3944,75.07,66.63,74.46,77.23275862068965,76.33931034482758,67.91896551724139,66.49655172413793,74.34931034482759,73.09379310344828,4.3357954883011525,-0.008425837574475363,76.3856986573347
2018-06-14,6.398,74.77,66.91,73.94,77.28758620689655,76.38310344827586,68.0596551724138,66.59551724137931,74.33310344827586,73.07793103448276,4.336398315940591,-0.009039329767553263,76.43175994985839
2018-06-15,6.4379,72.02,65.01,72.79,77.34241379310345,76.42689655172414,68.2003448275862,66.69448275862068,74.31689655172414,73.06206896551724,4.337405523999134,-0.01588662403913995,76.50878141621801
2018-06-18,6.4379,74.87,65.91,73.49,77.50689655172414,76.55827586206897,68.62241379310345,66.99137931034483,74.26827586206898,73.01448275862069,4.338920266632009,-0.013339031787794064,76.62476034615767
2018-06-19,6.4802,74.92,65.09,73.19,77.56172413793104,76.60206896551725,68.76310344827587,67.09034482758621,74.25206896551724,72.99862068965517,4.339556079306089,-0.01259705245894778,76.673494831294
2018-06-20,6.4713,74.25,65.92,73.02,77.61655172413793,76.64586206896551,68.90379310344828,67.18931034482759,74.23586206896552,72.98275862068965,4.340188307198446,-0.013502419644688696,76.7219852802228
2018-06-21,6.49,72.87,65.68,72.63,77.67137931034483,76.6896551724138,69.04448275862069,67.28827586206896,74.2196551724138,72.96689655172413,4.340993610019613,-0.016984580625629662,76.78379459568221
2018-06-22,6.5027,73.67,69.02,73.3,77.72620689655172,76.73344827586207,69.18517241379311,67.38724137931034,74.20344827586207,72.95103448275863,4.341574137755947,-0.01602855683138851,76.82838265919753
2018-06-25,6.536,72.82,69.91,73.15,77.89068965517241,76.8648275862069,69.60724137931035,67.68413793103448,74.1548275862069,72.90344827586208,4.343193973326196,-0.01727275443520465,76.95293285441828
2018-06-26,6.5759,73.58,75.23,73.44,77.9455172413793,76.90862068965518,69.74793103448276,67.78310344827585,74.13862068965517,72.88758620689656,4.3438032919766,-0.015231022867240568,76.99983599963916
2018-06-27,6.5992,76.09,77.41,73.58,78.0003448275862,76.95241379310346,69.88862068965517,67.88206896551723,74.12241379310345,72.87172413793104,4.343975562324728,-0.00908449624603522,77.0131019308231
2018-06-28,6.6235,76.26,73.45,73.57,78.0551724137931,76.99620689655173,70.02931034482759,67.98103448275862,74.10620689655173,72.85586206896552,4.344282698612012,-0.006730956450060342,77.03675908182122
2018-06-29,6.6171,77.44,74.13,73.59,78.11,77.04,70.17,68.08,74.09,72.84,4.344581201471629,-0.003349281685701908,77.05975820718433
2018-07-02,6.6632,76.71,73.89,74.33,77.7546875,76.7578125,69.84375,67.8578125,74.043125,72.860625,4.341391379401508,-0.0023979964901361863,76.81434291338806
2018-07-03,6.6368,75.87,74.19,74.88,77.63625,76.66375000000001,69.735,67.78375,74.0275,72.8675,4.339896776026175,-0.002682449145459644,76.69962168991538
2018-07-04,6.6368,76.99,74.19,74.88,77.5178125,76.5696875,69.62625,67.7096875,74.011875,72.874375,4.338495874373015,-0.0005315682448522761,76.59224829043987
2018-07-05,6.6341,77.09,73.05,74.53,77.39937499999999,76.47562500000001,69.5175,67.635625,73.99625,72.88125000000001,4.337158025193687,0.000448366509589714,76.48984792731585
2018-07-06,6.6396,74.98,73.78,74.25,77.2809375,76.3815625,69.40875,67.5615625,73.980625,72.888125,4.336105596984328,-0.002757403812177796,76.40939019904528
2018-07-09,6.6123,77.08,73.93,75.08,76.925625,76.09937500000001,69.0825,67.33937499999999,73.93375,72.90875,4.332605402981235,0.0004722882311854106,76.14241002346779
2018-07-10,6.6296,77.8,74.11,75.73,76.8071875,76.0053125,68.97375,67.2653125,73.918125,72.915625,4.330784676888885,0.004200330998697973,76.00390168194278
2018-07-11,6.6764,75.35,70.47,72.35,76.68875,75.91125000000001,68.865,67.19125,73.9025,72.9225,4.329746552312364,-0.0011238483310094223,75.9250411043295
2018-07-12,6.663,72.11,70.28,73.23,76.5703125,75.8171875,68.75625,67.1171875,73.886875,72.92937500000001,4.329091910550788,-0.00917360408344088,75.87535366718339
2018-07-13,6.69,74.11,71.03,73.82,76.451875,75.72312500000001,68.6475,67.043125,73.87125,72.93625,4.327963027900347,-0.008544656662048797,75.78974762551128
2018-07-16,6.6866,71.03,68.22,72.01,76.09656249999999,75.4409375,68.32125,66.8209375,73.824375,72.956875,4.325027106764458,-0.01561092437619101,75.567561224047
2018-07-17,6.7018,70.87,68.03,72.37,75.97812499999999,75.346875,68.2125,66.74687499999999,73.80875,72.96375,4.323797910583811,-0.01879846889047962,75.47473093141843
2018-07-18,6.7161,70.52,68.78,72.72,75.85968749999999,75.2528125,68.10375,66.67281249999999,73.793125,72.970625,4.3226824420456715,-0.020428784291605318,75.39058818165962
2018-07-19,6.7701,71.94,69.42,72.44,75.74125,75.15875,67.995,66.59875,73.7775,72.9775,4.321324300220435,-0.01824777481831549,75.28826656997924
2018-07-20,6.7659,71.99,70.31,72.59,75.6228125,75.0646875,67.88625,66.5246875,73.761875,72.984375,4.319933320546358,-0.016568050043994406,75.18361492251472
2018-07-23,6.7927,73.45,67.9,72.67,75.2675,74.7825,67.56,66.3025,73.715,73.005,4.316263074044163,-0.0130605788310694,74.90817829218133
2018-07-24,6.7912,73.53,70.77,72.82,75.1490625,74.6884375,67.45125,66.2284375,73.699375,73.011875,4.314439844170353,-0.009986636537449833,74.77172789174821
2018-07-25,6.7658,73.67,71.13,73.01,75.030625,74.594375,67.3425,66.15437499999999,73.68375,73.01875,4.312933102537907,-0.007762190859979942,74.6591510498094
2018-07-26,6.7865,74.51,71.59,73.14,74.91218749999999,74.5003125,67.23375,66.08031249999999,73.668125,73.025625,4.3114221085367515,-0.004671445001655998,74.54642670479308
2018-07-27,6.8097,74.84,68.66,73.14,74.79374999999999,74.40625,67.125,66.00625,73.6525,73.0325,4.309986864137203,-0.003008871999957476,74.43951110671854
2018-07-30,6.8102,74.99,71.19,73.15,74.43843749999999,74.12406250000001,66.79875,65.78406249999999,73.605625,73.05312500000001,4.306377567943076,-0.0009094267732213746,74.17132114224036
2018-07-31,6.8038,74.16,69.88,73.12,74.32,74.03,66.69,65.71,73.59,73.06,4.304779733854224,-0.0013408248831067034,74.05290230892278
2018-08-01,6.8154,72.28,68.8,70.83,74.40387096774192,74.10645161290323,66.76032258064517,65.78096774193548,73.6258064516129,73.07677419354839,4.305769237638066,-0.006801358309247603,74.12621420117758
2018-08-02,6.838,72.95,68.95,72.2,74.48774193548387,74.18290322580646,66.83064516129032,65.85193548387096,73.66161290322582,73.09354838709677,4.306884184212713,-0.007441817085722736,74.20890706028636
2018-08-03,6.8309,72.48,68.49,71.89,74.5716129032258,74.25935483870968,66.90096774193549,65.92290322580645,73.69741935483871,73.11032258064516,4.308036249030321,-0.009172174040645152,74.29444979719109
2018-08-06,6.85,72.51,69.01,72.35,74.8232258064516,74.48870967741935,67.11193548387097,66.1358064516129,73.80483870967743,73.16064516129032,4.310902200281769,-0.009947560040724165,74.50767947554482
2018-08-07,6.828,72.31,69.17,72.91,74.90709677419355,74.56516129032258,67.18225806451613,66.20677419354838,73.84064516129033,73.1774193548387,4.312245370819983,-0.010697359405250512,74.60782323550514
2018-08-08,6.8344,70.71,66.92,71.29,74.99096774193548,74.6416129032258,67.25258064516129,66.27774193548386,73.87645161290322,73.1941935483871,4.31364300973735,-0.015995764094726014,74.71217093601675
2018-08-09,6.8199,70.55,66.81,71.14,75.07483870967741,74.71806451612903,67.32290322580646,66.34870967741935,73.91225806451614,73.21096774193549,4.314965205775523,-0.019238038335034423,74.81102040722047
2018-08-10,6.8458,71.0,67.61,71.71,75.15870967741935,74.79451612903226,67.39322580645161,66.41967741935483,73.94806451612904,73.22774193548388,4.316080630778529,-0.019584543454794576,74.89451304611501
2018-08-13,6.888,70.62,67.25,71.52,75.41032258064516,75.02387096774194,67.6041935483871,66.63258064516128,74.05548387096775,73.27806451612904,4.318954544294455,-0.021118456003881902,75.11006298701209
2018-08-14,6.8809,70.77,67.04,71.41,75.49419354838709,75.10032258064517,67.67451612903226,66.70354838709677,74.09129032258065,73.29483870967742,4.32030702275501,-0.02206152138202953,75.21171645594121
2018-08-15,6.933,68.38,65.07,70.53,75.57806451612903,75.1767741935484,67.74483870967742,66.77451612903225,74.12709677419355,73.31161290322581,4.321785388369496,-0.028622583287605106,75.32298910191683
2018-08-16,6.8792,69.21,65.44,70.88,75.66193548387096,75.25322580645161,67.81516129032258,66.84548387096774,74.16290322580646,73.3283870967742,4.323010470244135,-0.03003236380012316,75.41532247703336
2018-08-17,6.874,70.14,65.93,71.07,75.7458064516129,75.32967741935484,67.88548387096775,66.91645161290322,74.19870967741936,73.34516129032258,4.323989326665159,-0.028815067131799744,75.48917939144381
2018-08-20,6.8546,71.11,66.5,71.18,75.99741935483871,75.55903225806452,68.09645161290322,67.12935483870967,74.30612903225807,73.39548387096774,4.326569966147241,-0.026475713279048973,75.68424133226985
2018-08-21,6.8444,71.65,67.32,71.38,76.08129032258064,75.63548387096775,68.16677419354839,67.20032258064516,74.34193548387097,73.41225806451612,4.327648202520819,-0.024297619201997297,75.76589084500773
2018-08-22,6.84,72.96,67.85,72.06,76.16516129032257,75.71193548387097,68.23709677419355,67.27129032258064,74.37774193548387,73.42903225806451,4.328401491445235,-0.020342270053477406,75.82298595328632
2018-08-23,6.8748,73.73,69.13,72.07,76.24903225806452,75.7883870967742,68.30741935483871,67.34225806451613,74.41354838709678,73.4458064516129,4.329117306246308,-0.016808393122955508,75.87728059903043
2018-08-24,6.803,74.41,69.71,72.39,76.33290322580645,75.86483870967743,68.37774193548387,67.4132258064516,74.44935483870968,73.4625806451613,4.329853727770495,-0.013635607387261767,75.93317884146856
2018-08-27,6.8145,74.41,69.97,72.45,76.58451612903225,76.0941935483871,68.58870967741936,67.62612903225806,74.55677419354839,73.51290322580645,4.332432228674848,-0.012363146795084285,76.12922525608974
2018-08-28,6.8018,75.91,68.54,72.39,76.6683870967742,76.17064516129032,68.65903225806451,67.69709677419354,74.59258064516129,73.52967741935484,4.333475520002637,-0.009672224187223771,76.20869166268922
2018-08-29,6.819,76.07,69.68,72.49,76.75225806451613,76.24709677419355,68.72935483870968,67.76806451612903,74.62838709677419,73.54645161290323,4.334352001982617,-0.00793545865813002,76.27551648874928
2018-08-30,6.8415,77.05,70.25,72.51,76.83612903225807,76.32354838709678,68.79967741935485,67.8390322580645,74.6641935483871,73.56322580645161,4.335155444662836,-0.0053331520665564494,76.33682411943771
2018-08-31,6.83,76.94,69.84,72.49,76.92,76.4,68.87,67.91,74.7,73.58,4.336054525100384,-0.004556429035447869,76.40548792718589
2018-09-03,6.83,77.81,69.84,72.49,77.44285714285715,76.90678571428572,69.30178571428571,68.37714285714286,75.12428571428572,73.99249999999999,4.341762801066755,-0.0033800403294896647,76.84287872362884
2018-09-04,6.8427,77.51,69.82,76.4,77.61714285714285,77.07571428571428,69.44571428571429,68.53285714285714,75.26571428571428,74.13,4.344363947400506,-0.001746984555675744,77.04301847944689
2018-09-05,6.827,76.68,68.69,75.53,77.79142857142857,77.24464285714286,69.58964285714286,68.68857142857142,75.40714285714286,74.2675,4.346717005662948,-0.0037350592954041497,77.22451864713261
2018-09-06,6.8322,75.67,67.81,74.69,77.96571428571428,77.41357142857143,69.73357142857144,68.84428571428572,75.54857142857144,74.405,4.349187929669733,-0.007734493047441136,77.41557050427534
2018-09-07,6.8419,75.55,67.73,75.04,78.14,77.58250000000001,69.8775,69.0,75.69,74.5425,4.351595929070979,-0.010167920298508324,77.6022117775479
2018-09-10,6.8545,76.77,67.55,75.56,78.66285714285715,78.08928571428572,70.30928571428572,69.46714285714285,76.11428571428571,74.955,4.357510023686072,-0.009742567138104855,78.06251840716119
2018-09-11,6.8704,78.22,69.29,76.72,78.83714285714285,78.25821428571429,70.4532142857143,69.62285714285714,76.25571428571429,75.0925,4.360011147945212,-0.006594428454341194,78.25800683419402
2018-09-12,6.8574,80.02,70.37,77.1,79.01142857142857,78.42714285714285,70.59714285714286,69.77857142857142,76.39714285714285,75.23,4.361892971765215,-0.0018637521528999026,78.40541326852988
2018-09-13,6.8407,77.66,68.6,76.22,79.18571428571428,78.59607142857143,70.74107142857143,69.9342857142857,76.53857142857143,75.3675,4.364164954343883,-0.005118746479870632,78.58375151553062
2018-09-14,6.8673,77.87,68.98,76.13,79.36,78.765,70.885,70.09,76.68,75.50500000000001,4.366456380231356,-0.00672299574546221,78.7640268229613
2018-09-17,6.854,78.22,68.86,76.06,79.88285714285715,79.27178571428571,71.31678571428571,70.55714285714285,77.10428571428571,75.9175,4.372358090001632,-0.007832922939568585,79.23024363456426
2018-09-18,6.8591,79.25,69.87,76.5,80.05714285714285,79.44071428571428,71.46071428571429,70.71285714285713,77.24571428571429,76.055,4.374973289089982,-0.006823948058823649,79.43771767019403
2018-09-19,6.8466,79.43,71.08,76.65,80.23142857142857,79.60964285714286,71.60464285714286,70.86857142857143,77.38714285714286,76.19250000000001,4.377115474351613,-0.006117797737360538,79.60807037658807
2018-09-20,6.8455,79.03,70.77,76.44,80.40571428571428,79.77857142857142,71.74857142857144,71.02428571428571,77.52857142857142,76.33,4.379292165752659,-0.0071084593450439415,79.78154130667971
2018-09-21,6.8559,78.9,70.8,76.48,80.58,79.94749999999999,71.89250000000001,71.17999999999999,77.67,76.4675,4.381493125397328,-0.008219361239196815,79.95733064113719
2018-09-24,6.8559,80.89,73.23,77.02,81.10285714285715,80.45428571428572,72.32428571428572,71.64714285714285,78.09428571428572,76.88000000000001,4.387045687761192,-0.0052590011986911114,80.40253357065038
2018-09-25,6.8632,82.21,73.4,77.14,81.27714285714285,80.62321428571428,72.4682142857143,71.80285714285714,78.23571428571428,77.01750000000001,4.38941822295404,-0.0021989988395920783,80.59351788005227
2018-09-26,6.8763,81.87,72.22,77.1,81.45142857142856,80.79214285714285,72.61214285714286,71.95857142857142,78.37714285714286,77.155,4.391512363923316,-0.002036031750456847,80.76246890959582
2018-09-27,6.888,81.54,72.18,77.22,81.62571428571428,80.96107142857143,72.75607142857143,72.11428571428571,78.51857142857142,77.2925,4.393652911988048,-0.002881999815423349,80.93553001284835
2018-09-28,6.868,82.72,73.16,77.25,81.8,81.13,72.9,72.27,78.66,77.43,4.395661960328791,-0.0014603694209631862,81.09829685360586
2018-10-01,6.868,84.94,75.37,82.82,81.14999999999999,80.52727272727272,72.20818181818183,71.66636363636363,78.38,77.22636363636364,4.389049307767426,0.00716390987460999,80.5637911910143
2018-10-02,6.868,85.63,75.16,82.66,80.93333333333334,80.32636363636364,71.97757575757576,71.4651515151515,78.28666666666666,77.15848484848486,4.385513638190901,0.013234508056973352,80.2794472149178
2018-10-03,6.868,85.45,76.4,84.12,80.71666666666667,80.12545454545455,71.7469696969697,71.2639393939394,78.19333333333333,77.09060606060606,4.382554273288925,0.017542406851990246,80.04222222726264
2018-10-04,6.868,86.07,74.44,82.78,80.5,79.92454545454545,71.51636363636364,71.06272727272727,78.1,77.02272727272728,4.379785146139987,0.02002418253049651,79.82088173804853
2018-10-05,6.868,85.12,74.26,82.71,80.28333333333333,79.72363636363636,71.28575757575759,70.86151515151515,78.00666666666666,76.95484848484848,4.377212364812514,0.020113747232552576,79.61578401290113
2018-10-08,6.868,84.22,74.27,82.58,79.63333333333334,79.1209090909091,70.5939393939394,70.25787878787878,77.72666666666666,76.75121212121212,4.370391043285751,0.019614128474552277,79.07454722528234
2018-10-09,6.9217,85.16,74.95,83.26,79.41666666666667,78.92,70.36333333333334,70.05666666666666,77.63333333333333,76.68333333333334,4.36707715199197,0.02236672015687359,78.81293648586337
2018-10-10,6.9224,83.82,73.18,81.85,79.2,78.71909090909091,70.13272727272728,69.85545454545453,77.53999999999999,76.61545454545455,4.364488300453971,0.020882094971280896,78.60916537441408
2018-10-11,6.888,81.35,70.97,80.19,78.98333333333333,78.51818181818182,69.90212121212122,69.65424242424243,77.44666666666666,76.54757575757576,4.362306381678651,0.015037319946660984,78.43783354461213
2018-10-12,6.9182,80.71,71.41,80.37,78.76666666666667,78.31727272727272,69.67151515151515,69.4530303030303,77.35333333333332,76.47969696969697,4.3600615449889935,0.01177064632057652,78.26195090577465
2018-10-15,6.9131,80.91,71.84,80.39,78.11666666666667,77.71454545454546,68.97969696969697,68.84939393939393,77.07333333333334,76.27606060606061,4.353175139050352,0.01164312715517956,77.72485878200595
2018-10-16,6.9102,80.53,71.93,80.85,77.9,77.51363636363637,68.74909090909091,68.64818181818181,76.98,76.20818181818181,4.349951528030651,0.01212614685555346,77.47470748259833
2018-10-17,6.9263,79.91,69.63,80.25,77.68333333333334,77.31272727272727,68.51848484848486,68.44696969696969,76.88666666666667,76.14030303030303,4.347336134656291,0.010973325891698539,77.27234538955767
2018-10-18,6.9367,80.3,68.63,80.03,77.46666666666667,77.11181818181818,68.2878787878788,68.24575757575757,76.79333333333334,76.07242424242425,4.344728419655,0.011248462525156027,77.07110363990505
2018-10-19,6.9291,80.38,69.16,80.08,77.25,76.91090909090909,68.05727272727273,68.04454545454546,76.7,76.00454545454545,4.342065562037333,0.012191752451423253,76.86614727039935
2018-10-22,6.9446,80.45,69.25,80.19,76.60000000000001,76.30818181818182,67.36545454545455,67.44090909090909,76.42,75.80090909090909,4.334846907852427,0.013905879598061124,76.31327503227408
2018-10-23,6.9373,78.67,66.49,79.32,76.38333333333334,76.10727272727273,67.13484848484849,67.23969696969696,76.32666666666667,75.7330303030303,4.331699248316347,0.011391717667867726,76.07344447487502
2018-10-24,6.942,77.34,66.56,79.28,76.16666666666667,75.90636363636364,66.90424242424243,67.03848484848484,76.23333333333333,75.66515151515152,4.329204039962136,0.008346223837044548,75.88386200293434
2018-10-25,6.9477,77.3,67.25,79.38,75.95,75.70545454545454,66.67363636363638,66.83727272727272,76.14,75.59727272727272,4.326660636301859,0.007533162296906813,75.69110394524593
2018-10-26,6.9425,77.4,67.58,79.45,75.73333333333333,75.50454545454545,66.44303030303031,66.6360606060606,76.04666666666667,75.52939393939394,4.3240071987787685,0.00795435472624342,75.49052855469034
2018-10-29,6.9605,77.56,67.0,79.41,75.08333333333334,74.90181818181819,65.75121212121212,66.03242424242424,75.76666666666667,75.32575757575758,4.316686914733456,0.009346042538963904,74.93993415534045
2018-10-30,6.9663,75.68,66.18,79.35,74.86666666666667,74.7009090909091,65.52060606060607,65.83121212121212,75.67333333333333,75.25787878787878,4.313460929535354,0.007316608292494741,74.6985685672397
2018-10-31,6.9737,74.84,65.31,79.39,74.65,74.5,65.29,65.63,75.58,75.19,4.310850883799412,0.00515373638890859,74.50385610162738
2018-11-01,6.9205,71.25,63.67,71.56,74.14266666666667,74.006,64.81700000000001,65.151,75.026,74.64633333333333,4.305513376495152,-0.007023169133145294,74.10725060941873
2018-11-02,6.8894,71.11,63.12,71.54,73.63533333333334,73.512,64.34400000000001,64.672,74.472,74.10266666666666,4.299424857965381,-0.01218282754863026,73.65741803747676
2018-11-05,6.9249,72.68,63.12,71.88,72.11333333333334,72.03,62.925000000000004,63.235,72.81,72.47166666666666,4.280897622843242,-0.008815364483462313,72.30531378821976
2018-11-06,6.9172,70.64,62.16,70.99,71.60600000000001,71.536,62.452000000000005,62.75599999999999,72.256,71.928,4.272351256997884,-0.009535688268039114,71.68999922095216
2018-11-07,6.9174,70.1,61.69,71.06,71.09866666666667,71.042,61.979000000000006,62.276999999999994,71.702,71.38433333333333,4.2651845399176445,-0.009538184048861104,71.17805395370058
2018-11-08,6.9318,69.29,60.71,69.98,70.59133333333334,70.548,61.50600000000001,61.797999999999995,71.148,70.84066666666666,4.258237624596778,-0.010755401663348879,70.6852995832999
2018-11-09,6.9553,69.01,60.19,69.82,70.084,70.054,61.033,61.318999999999996,70.594,70.297,4.251221218800455,-0.01080123133491816,70.19107869228849
2018-11-12,6.9553,69.81,59.85,69.81,68.562,68.572,59.614000000000004,59.882,68.932,68.666,4.231585472678543,-0.006536781179412919,68.82626788173066
2018-11-13,6.9546,65.45,55.63,66.91,68.05466666666666,68.078,59.141000000000005,59.403,68.378,68.12233333333333,4.222986886410113,-0.01405416177289993,68.236996361495
2018-11-14,6.95,64.88,56.16,67.26,67.54733333333334,67.584,58.668000000000006,58.924,67.824,67.57866666666666,4.215753142631281,-0.016989986945721482,67.74516843683081
2018-11-15,6.938,65.61,56.45,67.55,67.04,67.09,58.19500000000001,58.44499999999999,67.27,67.035,4.208327736832124,-0.015149313382766583,67.24399607707336
2018-11-16,6.9367,65.29,56.49,67.6,66.53266666666667,66.596,57.722,57.965999999999994,66.716,66.49133333333333,4.200797120440527,-0.013460906797301091,66.73950927041271
2018-11-19,6.9398,64.14,57.16,67.68,65.01066666666667,65.114,56.303000000000004,56.528999999999996,65.054,64.86033333333333,4.180284449933287,-0.01196663171915079,65.38444917127994
2018-11-20,6.9448,61.5,53.39,66.06,64.50333333333333,64.62,55.830000000000005,56.05,64.5,64.31666666666666,4.171078779259714,-0.01664952224729724,64.78530346524337
2018-11-21,6.9248,61.65,54.41,66.47,63.996,64.126,55.357,55.571,63.946,63.773,4.1631944778766234,-0.016349930054557375,64.27652492476732
2018-11-22,6.9248,61.11,54.41,66.47,63.48866666666667,63.632,54.884,55.092,63.391999999999996,63.22933333333334,4.155395267926611,-0.015927374727616656,63.77716863551271
2018-11-23,6.9477,57.69,54.41,65.35,62.98133333333334,63.138,54.411,54.613,62.838,62.68566666666667,4.148027907273106,-0.02306415625194957,63.30902583861264
2018-11-26,6.9397,59.7,51.46,65.63,61.45933333333333,61.656,52.992000000000004,53.175999999999995,61.176,61.05466666666667,4.126394689271664,-0.019432513330174137,61.95415581951107
2018-11-27,6.9498,59.58,51.31,65.59,60.952,61.162,52.519000000000005,52.696999999999996,60.622,60.511,4.116090549536177,-0.01516811127786624,61.31904927342709
2018-11-28,6.9534,57.97,50.06,65.52,60.44466666666666,60.668,52.04600000000001,52.217999999999996,60.068,59.967333333333336,4.107641361352722,-0.015622546367214857,60.80313568159711
2018-11-29,6.9419,58.29,51.46,65.59,59.937333333333335,60.174,51.573,51.739,59.513999999999996,59.42366666666667,4.099247606653707,-0.012961924084889729,60.29490504136779
2018-11-30,6.9558,57.71,50.78,65.56,59.43,59.68,51.1,51.26,58.96,58.88,4.090862762412525,-0.011710855751306412,59.79145527759386
2018-12-03,6.8798,60.17,52.98,60.52,58.96071428571428,59.20321428571428,50.660714285714285,50.917142857142856,58.379285714285714,58.29821428571429,4.0824184008924504,-0.006555388990234813,59.28868040742252
2018-12-04,6.8343,61.22,53.21,61.05,58.80428571428571,59.044285714285714,50.51428571428571,50.80285714285714,58.18571428571428,58.104285714285716,4.078455199605189,-7.365997853694614e-05,59.054172440999615
2018-12-05,6.8343,61.4,52.64,60.46,58.64785714285714,58.885357142857146,50.36785714285715,50.68857142857143,57.99214285714286,57.910357142857144,4.075290349211878,0.0035178453822404324,58.86757025987113
2018-12-06,6.8816,57.83,51.54,59.21,58.49142857142857,58.72642857142857,50.221428571428575,50.574285714285715,57.79857142857143,57.71642857142857,4.0729467008523,-0.003859992531743608,58.72976691976111
2018-12-07,6.8733,61.71,52.76,60.2,58.335,58.567499999999995,50.075,50.46,57.605000000000004,57.5225,4.069900114845519,0.003316327300685041,58.55111391274093
2018-12-10,6.9077,60.29,51.07,59.01,57.86571428571428,58.090714285714284,49.635714285714286,50.11714285714286,57.02428571428572,56.940714285714286,4.062386613675057,0.0032144907481896053,58.112838602670024
2018-12-11,6.8968,59.73,51.65,59.14,57.70928571428571,57.93178571428571,49.489285714285714,50.002857142857145,56.830714285714286,56.746785714285714,4.058968256884367,0.003147315785352522,57.91452732865971
2018-12-12,6.8778,59.94,51.04,59.24,57.55285714285714,57.77285714285714,49.34285714285714,49.88857142857143,56.637142857142855,56.55285714285714,4.0560615657447405,0.004098098384239784,57.74643210401884
2018-12-13,6.8798,59.03,52.69,59.92,57.39642857142857,57.61392857142857,49.19642857142857,49.77428571428572,56.44357142857143,56.35892857142857,4.053286538399771,0.004020105247933182,57.586406316517426
2018-12-14,6.905,58.56,51.26,59.35,57.239999999999995,57.455,49.05,49.66,56.25,56.165000000000006,4.050608208248534,0.0025220114143276453,57.43237727057415
2018-12-17,6.8962,57.59,49.8,59.14,56.770714285714284,56.97821428571429,48.61071428571429,49.317142857142855,55.669285714285714,55.58321428571429,4.043245878670703,-7.41293838498725e-05,57.011093897122
2018-12-18,6.8939,55.26,46.12,57.92,56.614285714285714,56.81928571428571,48.464285714285715,49.20285714285714,55.47571428571428,55.38928571428572,4.040325517629499,-0.008346158868902937,56.844843792907604
2018-12-19,6.8918,55.6,47.96,58.21,56.457857142857144,56.66035714285714,48.31785714285714,49.08857142857143,55.28214285714286,55.19535714285715,4.0376855250603505,-0.01005309652395248,56.69497174529109
2018-12-20,6.8834,52.84,45.64,57.53,56.301428571428566,56.50142857142857,48.17142857142857,48.97428571428571,55.08857142857143,55.001428571428576,4.0354579812409765,-0.01883322221210848,56.56882176585629
2018-12-21,6.9048,51.93,45.38,57.48,56.144999999999996,56.3425,48.025,48.86,54.894999999999996,54.807500000000005,4.033193211961942,-0.025155900843990886,56.440851402542116
2018-12-24,6.9048,51.93,45.38,56.93,55.675714285714285,55.86571428571428,47.58571428571429,48.51714285714286,54.31428571428572,54.22571428571429,4.02577636297494,-0.027569627184182884,56.023786695845516
2018-12-26,6.8847,51.93,46.04,57.42,55.36285714285714,55.54785714285714,47.292857142857144,48.28857142857143,53.927142857142854,53.837857142857146,4.019794963674548,-0.026813296662713326,55.689686247487586
2018-12-27,6.8649,51.49,44.48,57.28,55.20642857142857,55.388928571428565,47.14642857142857,48.174285714285716,53.73357142857143,53.643928571428575,4.016510305933436,-0.027451896147823347,55.50706477715931
2018-12-28,6.8755,50.57,45.15,57.32,55.05,55.23,47.0,48.06,53.54,53.45,4.013704844562791,-0.029401077912858405,55.351560084326536
2018-12-31,6.8755,50.57,45.15,57.32,55.599705882352936,55.74264705882353,47.696176470588235,48.709411764705884,54.23264705882353,54.091470588235296,4.021387462686248,-0.030819624584347907,55.77844267129961
2019-01-02,6.8597,54.06,46.31,53.89,55.96617647058823,56.08441176470588,48.16029411764706,49.142352941176476,54.69441176470588,54.51911764705883,4.027434660913321,-0.025766846252865995,56.11676789978509
2019-01-03,6.8708,53.23,46.92,54.76,56.14941176470588,56.255294117647054,48.39235294117647,49.358823529411765,54.925294117647056,54.73294117647059,4.030866979920044,-0.025372357096510048,56.309709477949
2019-01-04,6.8663,55.64,47.76,55.47,56.332647058823525,56.42617647058823,48.62441176470588,49.57529411764706,55.156176470588235,54.94676470588235,4.033554956352719,-0.018668091226414132,56.46127225728982
2019-01-07,6.8501,57.1,48.27,55.62,56.88235294117647,56.93882352941176,49.32058823529412,50.22470588235294,55.84882352941177,55.58823529411765,4.041302661109384,-0.012481175776911711,56.90041650822134
2019-01-08,6.8519,56.91,49.58,56.87,57.065588235294115,57.10970588235294,49.55264705882353,50.44117647058824,56.07970588235294,55.802058823529414,4.044768168800008,-0.009487330632873825,57.09794741397555
2019-01-09,6.8117,59.46,52.19,58.9,57.248823529411766,57.28058823529412,49.78470588235294,50.65764705882353,56.31058823529412,56.015882352941176,4.047237076286249,-2.3485912429324976e-05,57.23909112748521
2019-01-10,6.7875,60.47,52.42,59.09,57.43205882352941,57.451470588235296,50.01676470588235,50.874117647058824,56.54147058823529,56.229705882352945,4.049662172302081,0.006663640145863122,57.378069869612986
2019-01-11,6.7596,59.24,51.44,58.38,57.61529411764706,57.622352941176466,50.248823529411766,51.09058823529412,56.77235294117647,56.44352941176471,4.052573543441929,0.005684610524061088,57.54536213306024
2019-01-14,6.7596,58.8,50.31,57.64,58.165,58.135,50.945,51.74,57.465,57.085,4.060855796463925,0.002212361423254439,58.023946525269515
2019-01-15,6.7595,58.65,51.8,58.51,58.34823529411764,58.305882352941175,51.177058823529414,51.9564705882353,57.695882352941176,57.29882352941176,4.064731508585246,0.00029656631170361025,58.24926699473418
2019-01-16,6.7532,59.81,52.08,58.87,58.531470588235294,58.47676470588235,51.40911764705882,52.17294117647059,57.926764705882356,57.51264705882353,4.067730218410857,0.0018695147704135555,58.424201802280756
2019-01-17,6.7735,59.85,51.83,58.86,58.71470588235294,58.64764705882353,51.641176470588235,52.38941176470588,58.15764705882353,57.726470588235294,4.070648667268311,0.0021097671476182273,58.59495889900551
2019-01-18,6.7765,62.04,53.6,59.52,58.89794117647059,58.81852941176471,51.87323529411765,52.60588235294118,58.38852941176471,57.940294117647056,4.07322150654127,0.007808150368337904,58.74590841160785
2019-01-21,6.7765,62.18,53.6,59.52,59.44764705882353,59.33117647058823,52.56941176470588,53.25529411764706,59.08117647058823,58.58176470588235,4.080897731295257,0.009922863402694014,59.19859042957498
2019-01-22,6.8072,60.9,52.59,59.1,59.63088235294118,59.50205882352941,52.8014705882353,53.47176470588236,59.31205882352941,58.79558823529412,4.084677272045336,0.006417306723947067,59.422757271457115
2019-01-23,6.7897,61.05,52.44,59.08,59.81411764705882,59.67294117647059,53.033529411764704,53.688235294117646,59.54294117647059,59.00941176470588,4.087848255603434,0.004399814288264451,59.611484925745934
2019-01-24,6.7835,61.09,52.94,59.16,59.99735294117647,59.843823529411765,53.26558823529412,53.90470588235294,59.773823529411764,59.22323529411764,4.090863666647397,0.003190323349501835,59.791509343137264
2019-01-25,6.7448,61.49,53.53,59.23,60.18058823529412,60.01470588235294,53.49764705882353,54.12117647058824,60.004705882352944,59.43705882352941,4.093764110706802,0.003229891352825913,59.965183014845536
2019-01-28,6.7437,59.71,51.79,58.92,60.73029411764706,60.52735294117647,54.193823529411766,54.77058823529412,60.69735294117647,60.078529411764706,4.101883929887896,-0.002640741323033949,60.45407161551375
2019-01-29,6.7304,60.98,53.07,59.05,60.913529411764706,60.698235294117644,54.42588235294118,54.987058823529416,60.92823529411765,60.29235294117647,4.1055542147052435,-0.003046622120277079,60.67636296345032
2019-01-30,6.7115,61.89,54.18,59.05,61.09676470588235,60.86911764705882,54.65794117647059,55.203529411764706,61.15911764705882,60.50617647058824,4.1084062934323775,-0.0014110984074985325,60.84966374375857
2019-01-31,6.6958,62.46,53.84,59.08,61.28,61.04,54.89,55.42,61.39,60.72,4.111124523670574,7.817940084913844e-05,61.01529214581374
2019-02-01,6.7426,61.86,55.29,62.62,61.45428571428572,61.22,55.020714285714284,55.55392857142857,61.53214285714286,60.855,4.113919387501043,0.0019232747845871314,61.18606010437352
2019-02-04,6.7426,62.26,54.57,62.55,61.97714285714286,61.76,55.41285714285714,55.955714285714286,61.95857142857143,61.26,4.121776383821252,0.00215365393109038,61.66869229028199
2019-02-05,6.7426,61.67,53.69,62.08,62.151428571428575,61.94,55.543571428571425,56.089642857142856,62.10071428571429,61.394999999999996,4.125561030290563,-0.0007799171388701304,61.902528703789976
2019-02-06,6.7426,62.22,53.94,62.71,62.325714285714284,62.12,55.674285714285716,56.22357142857143,62.24285714285715,61.53,4.128626813797618,-0.0011254149400707213,62.09259966467007
2019-02-07,6.7426,61.01,52.68,61.79,62.5,62.3,55.805,56.3575,62.385000000000005,61.665,4.1318201453016945,-0.005744432203350962,62.291198847096524
2019-02-08,6.7426,61.37,52.75,62.16,62.674285714285716,62.48,55.93571428571428,56.49142857142857,62.527142857142856,61.8,4.134889018429777,-0.007510245621810142,62.482656262351
2019-02-11,6.7907,61.3,52.43,61.65,63.19714285714286,63.019999999999996,56.32785714285714,56.893214285714286,62.95357142857143,62.205,4.142854603583956,-0.010305364814089543,62.982354734658685
2019-02-12,6.7726,62.58,53.14,62.51,63.371428571428574,63.199999999999996,56.458571428571425,57.027142857142856,63.09571428571429,62.339999999999996,4.146373236004918,-0.009010622433947856,63.204356832820224
2019-02-13,6.7598,63.27,53.84,63.29,63.54571428571428,63.379999999999995,56.589285714285715,57.16107142857143,63.237857142857145,62.475,4.149153204546824,-0.006737097050492218,63.38030741174856
2019-02-14,6.7711,64.0,54.4,64.06,63.72,63.56,56.72,57.295,63.38,62.61,4.151776955854205,-0.00390534133970118,63.54681992437001
2019-02-15,6.768,65.65,55.58,64.68,63.894285714285715,63.739999999999995,56.85071428571428,57.42892857142857,63.52214285714286,62.745,4.154220291068068,0.001245889623745024,63.70227594546763
2019-02-18,6.768,66.41,55.58,64.68,64.41714285714285,64.28,57.24285714285714,57.830714285714286,63.948571428571434,63.15,4.16153967738193,0.004134209398192486,64.17024805728317
2019-02-19,6.756,65.86,56.12,64.66,64.59142857142857,64.46,57.373571428571424,57.964642857142856,64.09071428571428,63.285,4.1649898441263975,0.0034813903695617337,64.39202848283935
2019-02-20,6.756,66.82,56.9,64.95,64.76571428571428,64.64,57.504285714285714,58.09857142857143,64.23285714285714,63.42,4.167775733755501,0.0049679037057796405,64.57166767848832
2019-02-21,6.7195,66.91,56.95,64.93,64.94,64.82,57.635,58.2325,64.375,63.555,4.170513621253957,0.005284244146864559,64.74869987671443
2019-02-22,6.7112,66.91,57.01,64.92,65.11428571428571,65.0,57.76571428571428,58.36642857142857,64.51714285714286,63.69,4.173294622608525,0.004860198807481431,64.92901671324768
2019-02-25,6.6844,64.02,55.32,64.5,65.63714285714285,65.53999999999999,58.15785714285714,58.768214285714286,64.94357142857143,64.095,4.181280588561407,-0.0035645450412864965,65.44961359779046
2019-02-26,6.698,64.51,55.4,64.53,65.81142857142856,65.72,58.28857142857142,58.902142857142856,65.08571428571429,64.23,4.185087895495339,-0.007622276585726397,65.69927533331024
2019-02-27,6.6822,65.55,56.92,64.6,65.98571428571428,65.9,58.419285714285714,59.03607142857143,65.22785714285715,64.365,4.187996022950312,-0.007534988482925936,65.89061528531258
2019-02-28,6.6912,65.03,57.21,64.58,66.16,66.08,58.55,59.17,65.37,64.5,4.190839730465594,-0.009138212854269542,66.07825559381493
2019-03-01,6.7048,63.71,55.76,65.0,66.17793103448275,66.08896551724138,58.616206896551724,59.211724137931036,65.4048275862069,64.53068965517241,4.191640859544168,-0.013171186184216093,66.13121401626621
2019-03-04,6.7045,64.44,56.6,65.61,66.23172413793104,66.11586206896551,58.814827586206896,59.33689655172414,65.50931034482758,64.62275862068965,4.1921522692799975,-0.012862407361944295,66.16504281240692
2019-03-05,6.706,64.24,56.55,65.86,66.2496551724138,66.12482758620689,58.881034482758615,59.37862068965517,65.54413793103448,64.65344827586208,4.192360056109566,-0.013016159017820347,66.17879246533008
2019-03-06,6.7099,64.51,56.22,66.13,66.26758620689655,66.13379310344827,58.94724137931034,59.420344827586206,65.57896551724139,64.68413793103448,4.1924796090857726,-0.012409654351291138,66.18670480989383
2019-03-07,6.7132,64.82,56.6,66.43,66.28551724137931,66.14275862068965,59.01344827586207,59.46206896551724,65.61379310344827,64.7148275862069,4.192538146247847,-0.011114266939862094,66.1905793051603
2019-03-08,6.7201,65.66,55.77,66.02,66.30344827586207,66.15172413793104,59.079655172413794,59.50379310344828,65.64862068965517,64.7455172413793,4.19253616368287,-0.009188432600989378,66.1904480781661
2019-03-11,6.7215,65.06,56.79,66.59,66.35724137931035,66.17862068965518,59.278275862068966,59.62896551724138,65.75310344827587,64.83758620689655,4.192877529394829,-0.00878174568346899,66.21304708464265
2019-03-12,6.707,65.33,56.89,66.63,66.37517241379311,66.18758620689655,59.344482758620686,59.67068965517242,65.78793103448275,64.86827586206897,4.192997142043416,-0.007956904758189267,66.22096747625557
2019-03-13,6.7064,65.89,58.27,67.18,66.39310344827587,66.19655172413793,59.41068965517241,59.71241379310345,65.82275862068965,64.89896551724138,4.1929883131030365,-0.005578329976871695,66.2203828178628
2019-03-14,6.7209,66.18,58.59,66.94,66.41103448275862,66.20551724137931,59.47689655172414,59.754137931034485,65.85758620689656,64.92965517241379,4.192983803030574,-0.0038576582224820375,66.2200841598113
2019-03-15,6.7129,66.11,58.51,66.87,66.42896551724138,66.21448275862069,59.54310344827586,59.79586206896552,65.89241379310344,64.96034482758621,4.193054011325092,-0.0032185750336882774,66.22473352219296
2019-03-18,6.7121,66.65,59.09,67.02,66.48275862068965,66.24137931034483,59.74172413793103,59.92103448275862,65.99689655172413,65.05241379310345,4.193325607042889,-0.0014398398515151226,66.24272231895932
2019-03-19,6.7106,67.13,59.12,67.05,66.50068965517242,66.2503448275862,59.807931034482756,59.962758620689655,66.03172413793104,65.08310344827586,4.1933559568635355,0.00045447714676295683,66.24473280420963
2019-03-20,6.6916,68.35,60.12,67.34,66.51862068965518,66.25931034482758,59.87413793103448,60.00448275862069,66.06655172413792,65.11379310344827,4.193224508012402,0.00439229093408177,66.23602558247855
2019-03-21,6.6952,68.3,59.98,67.09,66.53655172413794,66.26827586206896,59.9403448275862,60.04620689655172,66.10137931034483,65.1444827586207,4.193194224602272,0.006026276504777918,66.2340197601222
2019-03-22,6.7162,66.29,58.87,66.9,66.5544827586207,66.27724137931035,60.00655172413793,60.087931034482764,66.13620689655173,65.1751724137931,4.193540660837135,0.002217176515421512,66.25696959964618
2019-03-25,6.7079,67.37,58.71,66.89,66.60827586206896,66.30413793103449,60.2051724137931,60.21310344827587,66.24068965517242,65.26724137931035,4.193972438399588,0.0026221803555920905,66.28558404956964
2019-03-26,6.7145,67.51,59.87,66.97,66.62620689655174,66.31310344827587,60.27137931034483,60.2548275862069,66.2755172413793,65.29793103448276,4.194105378723814,0.003468884409152444,66.29439666236748
2019-03-27,6.7262,67.35,59.39,66.92,66.64413793103449,66.32206896551725,60.33758620689655,60.296551724137935,66.3103448275862,65.32862068965517,4.194247036299091,0.0033897450799797012,66.303788431045
2019-03-28,6.7381,66.08,59.29,66.89,66.66206896551725,66.33103448275862,60.40379310344827,60.33827586206897,66.3451724137931,65.35931034482759,4.194567272718369,0.0006426688568474028,66.32502471897166
2019-03-29,6.7112,67.93,60.19,66.93,66.68,66.34,60.47,60.38,66.38,65.39,4.194584863465702,0.0034523929572776424,66.32619143598507
2019-04-01,6.7102,69.08,61.59,68.46,66.98750000000001,66.60625,60.7475,60.595625000000005,66.7278125,65.6778125,4.197730435664028,0.008302975110556788,66.53515374049447
2019-04-02,6.7223,69.68,62.53,68.89,67.09,66.69500000000001,60.839999999999996,60.667500000000004,66.84375,65.77375,4.199060815286882,0.012008259841592789,66.62372965996913
2019-04-03,6.7098,69.21,62.46,68.82,67.19250000000001,66.78375,60.9325,60.739375,66.9596875,65.8696875,4.200334136826395,0.012571481947355828,66.70861712303613
2019-04-04,6.7167,69.8,62.12,68.98,67.295,66.8725,61.025,60.81125,67.075625,65.965625,4.201579664319431,0.013837389955279299,66.79175630500563
2019-04-05,6.7182,69.93,63.1,69.73,67.39750000000001,66.96125,61.1175,60.883125,67.1915625,66.0615625,4.202809871381049,0.015251959822939197,66.87397455763826
2019-04-08,6.7158,71.12,64.37,70.09,67.705,67.2275,61.394999999999996,61.09875,67.53937499999999,66.349375,4.206203898273185,0.01847845699042583,67.1013322364566
2019-04-09,6.7111,71.02,64.05,69.66,67.8075,67.31625000000001,61.4875,61.170625,67.6553125,66.4453125,4.207763160267911,0.019065622013012016,67.20604240768847
2019-04-10,6.7153,71.63,64.62,70.39,67.91,67.405,61.58,61.2425,67.77125,66.54124999999999,4.209006794135002,0.020929817194053815,67.28967411093016
2019-04-11,6.7188,71.3,63.61,69.7,68.0125,67.49375,61.6725,61.314375,67.8871875,66.6371875,4.2103433467891,0.020267584840479778,67.37967043247048
2019-04-12,6.7039,71.57,63.86,69.98,68.115,67.58250000000001,61.765,61.386250000000004,68.003125,66.733125,4.2116624695566385,0.020505142893382632,67.4686111387655
2019-04-15,6.7072,70.9,63.43,69.83,68.4225,67.84875000000001,62.0425,61.601875,68.3509375,67.0209375,4.215360624741729,0.018695114747114105,67.71858246436487
2019-04-16,6.7112,70.74,64.01,70.24,68.525,67.9375,62.135,61.67375,68.466875,67.116875,4.2171145514028,0.017471682970402677,67.83746011246241
2019-04-17,6.687,71.14,63.74,70.15,68.6275,68.02625,62.2275,61.745625000000004,68.5828125,67.2128125,4.218514646943224,0.01728274946141835,67.93250555866602
2019-04-18,6.7081,70.71,64.02,70.37,68.73,68.11500000000001,62.32,61.8175,68.69875,67.30875,4.219905080559555,0.016331090867285063,68.02702689563037
2019-04-19,6.7032,70.71,64.02,70.37,68.8325,68.20375,62.4125,61.889375,68.8146875,67.4046875,4.221280349414446,0.01564628565138974,68.12064670846136
2019-04-22,6.7112,70.71,65.66,71.02,69.14,68.47,62.69,62.105000000000004,69.1625,67.6925,4.224849186024012,0.015749183464677283,68.36419249536677
2019-04-23,6.7249,74.39,66.24,71.1,69.24249999999999,68.55875,62.7825,62.176875,69.2784375,67.7884375,4.226040390025076,0.022677989688564885,68.44567671752718
2019-04-24,6.7207,73.59,65.96,71.2,69.345,68.64750000000001,62.875,62.24875,69.394375,67.88437499999999,4.227168879809204,0.02430906785390789,68.52296056328419
2019-04-25,6.7418,74.94,65.23,71.13,69.44749999999999,68.73625000000001,62.9675,62.320625,69.5103125,67.9803125,4.228247332417428,0.0272223390029725,68.59689919131378
2019-04-26,6.7282,71.03,63.29,70.96,69.55,68.825,63.06,62.3925,69.62625,68.07624999999999,4.229926232310245,0.020317636134484535,68.71216324934635
2019-04-29,6.7332,71.22,63.39,70.93,69.85749999999999,69.09125,63.3375,62.608125,69.9740625,68.36406249999999,4.233774117168909,0.016923352645843777,68.97706907862991
2019-04-30,6.7347,72.19,63.83,70.95,69.96,69.18,63.43,62.68,70.09,68.46,4.235467146180625,0.016843060924153296,69.09394816965116
2019-05-01,6.7319,72.01,63.55,71.65,69.64096774193548,68.87387096774194,63.11,62.37483870967742,69.85064516129033,68.23032258064515,4.231899497253189,0.017127925097019513,68.8478844151104
2019-05-02,6.7337,70.56,61.75,70.61,69.32193548387096,68.56774193548388,62.79,62.06967741935484,69.61129032258064,68.00064516129032,4.227759213720459,0.014082264469853011,68.56342393287879
2019-05-03,6.7337,71.95,61.98,70.64,69.00290322580645,68.26161290322581,62.47,61.76451612903226,69.37193548387097,67.77096774193548,4.223223355070067,0.016289110877762025,68.25313418055289
2019-05-06,6.7602,71.95,62.3,70.56,68.0458064516129,67.34322580645161,61.51,60.84903225806452,68.65387096774194,67.08193548387096,4.210777483520008,0.019243296786504924,67.40892877292232
2019-05-07,6.7755,70.98,61.41,69.41,67.72677419354838,67.03709677419356,61.19,60.54387096774194,68.41451612903226,66.85225806451612,4.205053292849171,0.01946058135275115,67.0241694800827
2019-05-08,6.7818,71.09,62.13,69.59,67.40774193548387,66.73096774193549,60.87,60.23870967741935,68.17516129032258,66.62258064516129,4.200212880981817,0.021122443569743934,66.70052880371412
2019-05-09,6.8256,70.61,61.58,69.69,67.08870967741935,66.42483870967742,60.55,59.93354838709677,67.9358064516129,66.39290322580645,4.1955261765746386,0.021841945618179724,66.38865454350831
2019-05-10,6.8217,71.63,61.65,69.9,66.76967741935484,66.11870967741936,60.23,59.62838709677419,67.69645161290323,66.1632258064516,4.190679651509262,0.025291076242727223,66.06767870221468
2019-05-13,6.8765,72.35,60.97,69.64,65.81258064516129,65.20032258064516,59.269999999999996,58.71290322580645,66.9783870967742,65.47419354838709,4.177691019086903,0.029938452979936088,65.21509881805945
2019-05-14,6.8737,72.53,61.82,70.4,65.49354838709677,64.8941935483871,58.95,58.40774193548387,66.73903225806453,65.24451612903226,4.171452925612276,0.03500314263390895,64.80954718530141
2019-05-15,6.8742,73.09,62.03,70.64,65.17451612903226,64.58806451612904,58.629999999999995,58.10258064516129,66.49967741935484,65.01483870967742,4.166168083637302,0.03984091835679825,64.46794242860803
2019-05-16,6.8832,74.7,62.93,71.15,64.85548387096775,64.28193548387097,58.31,57.79741935483871,66.26032258064517,64.78516129032258,4.160869637920598,0.04681072511089903,64.12726586033344
2019-05-17,6.9182,73.94,62.77,71.01,64.53645161290322,63.975806451612904,57.989999999999995,57.49225806451613,66.0209677419355,64.55548387096773,4.155790210367077,0.0496304846138244,63.802361920760944
2019-05-20,6.9111,73.21,63.12,70.91,63.579354838709676,63.057419354838714,57.03,56.57677419354839,65.30290322580646,63.86645161290323,4.14253998127754,0.05162928075523262,62.962542197845025
2019-05-21,6.9007,72.94,63.02,70.99,63.26032258064516,62.751290322580644,56.71,56.27161290322581,65.06354838709677,63.63677419354839,4.1363214729948705,0.05388785631149157,62.572223964069245
2019-05-22,6.9054,71.94,61.42,70.5,62.94129032258064,62.44516129032258,56.39,55.96645161290323,64.8241935483871,63.40709677419355,4.131253435773851,0.053414616732311154,62.25590783203082
2019-05-23,6.9087,68.37,57.65,69.37,62.62225806451613,62.13903225806452,56.07,55.66129032258064,64.58483870967743,63.17741935483871,4.126830617341534,0.04526501869864758,61.98116926260918
2019-05-24,6.8997,67.98,58.4,69.43,62.303225806451614,61.83290322580645,55.75,55.35612903225807,64.34548387096774,62.947741935483876,4.122265290569128,0.04170636478770391,61.69884990160456
2019-05-28,6.9078,70.19,58.91,69.66,61.02709677419355,60.608387096774194,54.47,54.13548387096774,63.388064516129035,62.02903225806452,4.1041721223808265,0.04728453634893054,60.5925605525992
2019-05-29,6.9138,70.64,58.84,69.51,60.708064516129035,60.302258064516124,54.15,53.83032258064516,63.148709677419355,61.79935483870968,4.096840812726763,0.053035825109391574,60.14996212392232
2019-05-30,6.9011,69.55,56.47,69.34,60.38903225806452,59.99612903225806,53.83,53.52516129032258,62.90935483870968,61.56967741935484,4.091318280723921,0.05408669507310585,59.81869758455161
2019-05-31,6.9027,66.78,53.49,69.38,60.07,59.69,53.51,53.22,62.67,61.34,4.086453349391386,0.04908988537943827,59.5283904630782
2019-06-03,6.9028,63.16,53.25,60.4,60.45357142857143,60.04571428571428,53.989999999999995,53.62285714285714,62.72571428571429,61.40964285714286,4.091875673292724,0.032293840969255166,59.85204937621762
2019-06-04,6.9072,63.56,53.5,60.83,60.581428571428575,60.16428571428571,54.15,53.75714285714285,62.744285714285716,61.432857142857145,4.094953764720741,0.024701189326738794,60.03656328601023
2019-06-05,6.9084,62.14,51.57,59.57,60.70928571428571,60.28285714285714,54.31,53.89142857142857,62.76285714285714,61.456071428571434,4.097687627857949,0.01578171430477853,60.200919594722706
2019-06-06,6.9082,62.77,52.59,59.85,60.83714285714286,60.40142857142857,54.47,54.02571428571429,62.78142857142857,61.479285714285716,4.100010587077998,0.012932194436714945,60.34092642807485
2019-06-07,6.9057,64.1,53.95,61.26,60.965,60.519999999999996,54.629999999999995,54.16,62.8,61.502500000000005,4.101884133484965,0.015533886717939479,60.45408392378679
2019-06-10,6.9298,64.31,53.33,60.59,61.348571428571425,60.87571428571428,55.11,54.56285714285714,62.855714285714285,61.57214285714286,4.107107949174182,0.015739326208210835,60.77071119710739
2019-06-11,6.9107,63.56,53.3,60.94,61.47642857142857,60.99428571428571,55.269999999999996,54.69714285714286,62.87428571428571,61.59535714285715,4.1096412188567335,0.013729599147985565,60.92485495879502
2019-06-12,6.9161,61.66,51.13,59.37,61.604285714285716,61.11285714285714,55.43,54.83142857142857,62.892857142857146,61.61857142857143,4.1121402737192705,0.006168426025754794,61.077299918649864
2019-06-13,6.9212,63.28,52.38,60.18,61.732142857142854,61.231428571428566,55.59,54.965714285714284,62.91142857142857,61.64178571428572,4.1141851342113425,0.006703216063527148,61.20232225927383
2019-06-14,6.9247,63.13,52.47,60.57,61.86,61.349999999999994,55.75,55.099999999999994,62.93,61.665000000000006,4.116134912237557,0.006542233987432879,61.32176961243926
2019-06-17,6.9251,62.56,51.94,59.94,62.24357142857143,61.705714285714286,56.230000000000004,55.50285714285714,62.98571428571429,61.73464285714286,4.121516364743675,0.003726085077384668,61.65265933832433
2019-06-18,6.9002,63.35,53.86,60.64,62.371428571428574,61.824285714285715,56.39,55.637142857142855,63.004285714285714,61.75785714285715,4.123902855553579,0.004519856137777146,61.799968549365936
2019-06-19,6.8996,62.85,53.74,60.65,62.49928571428571,61.94285714285714,56.55,55.77142857142857,63.02285714285714,61.78107142857143,4.125946382985212,0.003323338046794053,61.926387606782605
2019-06-20,6.851,65.44,56.88,61.59,62.62714285714286,62.06142857142857,56.71,55.90571428571428,63.04142857142857,61.80428571428572,4.127489888160039,0.009637926181986702,62.02204511144743
2019-06-21,6.8686,65.99,57.35,61.81,62.755,62.18,56.870000000000005,56.04,63.06,61.8275,4.129023715274233,0.013811492989742238,62.11724920055882
2019-06-24,6.8758,65.16,57.73,61.64,63.138571428571424,62.535714285714285,57.35,56.442857142857136,63.11571428571428,61.89714285714286,4.134105207101446,0.01326736488195416,62.43370083696322
2019-06-25,6.8791,66.24,57.63,61.63,63.26642857142857,62.65428571428571,57.510000000000005,56.57714285714285,63.13428571428571,61.92035714285714,4.136367621624134,0.014575288190144241,62.57511165306611
2019-06-26,6.8781,66.85,59.17,61.77,63.394285714285715,62.77285714285714,57.67,56.71142857142857,63.152857142857144,61.94357142857143,4.138166717331958,0.01660773960174286,62.68779159846779
2019-06-27,6.8762,66.78,59.18,61.73,63.52214285714285,62.89142857142857,57.83,56.84571428571428,63.17142857142857,61.96678571428571,4.139988312210346,0.017038001177611055,62.802087427324466
2019-06-28,6.865,67.52,58.2,61.73,63.65,63.01,57.99,56.98,63.19,61.99,4.141779520785907,0.01813319945716166,62.91467987306088
2019-07-01,6.8487,65.1,58.91,63.19,63.57818181818182,62.97818181818182,57.97545454545455,56.990909090909085,63.127272727272725,61.9,4.141798873294852,0.01456241533283658,62.91589744174734
2019-07-02,6.8717,62.72,56.0,61.02,63.554242424242425,62.96757575757576,57.97060606060606,56.99454545454545,63.10636363636363,61.870000000000005,4.142253762049724,0.005156116377564154,62.944523686381025
2019-07-03,6.8806,63.53,57.06,62.25,63.53030303030303,62.95696969696969,57.96575757575758,56.99818181818181,63.085454545454546,61.84,4.142352144138052,0.003546299190944047,62.950716604701256
2019-07-04,6.8806,63.62,57.06,62.25,63.50636363636364,62.946363636363635,57.96090909090909,57.00181818181818,63.06454545454545,61.81,4.1422635614753,0.0029307769145319016,62.94514050957856
2019-07-05,6.8925,64.23,57.06,62.53,63.482424242424244,62.93575757575757,57.95606060606061,57.00545454545454,63.04363636363636,61.78,4.142024962843786,0.004158943273021078,62.93012367676165
2019-07-08,6.8808,64.89,57.35,62.61,63.41060606060606,62.90393939393939,57.941515151515155,57.016363636363636,62.98090909090909,61.690000000000005,4.141382875695062,0.006279355303531474,62.8897300225921
2019-07-09,6.8866,64.3,57.57,62.77,63.38666666666666,62.89333333333333,57.93666666666667,57.019999999999996,62.96,61.660000000000004,4.141122517905178,0.00624251889219273,62.873358322819236
2019-07-10,6.8705,66.41,60.28,64.62,63.36272727272727,62.88272727272727,57.93181818181818,57.02363636363636,62.93909090909091,61.63,4.1405285548126916,0.012834465706700575,62.83602495689315
2019-07-11,6.8682,67.64,59.93,64.24,63.338787878787876,62.87212121212121,57.9269696969697,57.027272727272724,62.918181818181814,61.6,4.1398876135215055,0.018271211201207165,62.79576365786706
2019-07-12,6.8796,66.65,59.99,64.44,63.31484848484848,62.86151515151515,57.92212121212121,57.03090909090909,62.89727272727273,61.57,4.139549583980209,0.01903302874129721,62.77454042192486
2019-07-15,6.8769,66.86,59.3,64.31,63.2430303030303,62.82969696969697,57.907575757575756,57.04181818181818,62.834545454545456,61.480000000000004,4.138997043185195,0.019519068206208835,62.73986450826416
2019-07-16,6.8753,65.87,57.44,63.19,63.21909090909091,62.8190909090909,57.902727272727276,57.04545454545455,62.81363636363636,61.45,4.138948900882701,0.016365438354745177,62.73684413943292
2019-07-17,6.8731,63.67,56.5,62.85,63.195151515151515,62.808484848484845,57.89787878787879,57.04909090909091,62.79272727272727,61.42,4.139241618367983,0.009534751322367158,62.75521099870321
2019-07-18,6.8788,60.7,55.08,62.31,63.17121212121212,62.79787878787879,57.8930303030303,57.052727272727275,62.77181818181818,61.39,4.139867206605456,-0.0013412836042108328,62.79448220306515
2019-07-19,6.8812,61.04,55.42,62.59,63.14727272727273,62.78727272727272,57.88818181818182,57.056363636363635,62.75090909090909,61.36,4.140162783593238,-0.005608089835430027,62.81304555027806
2019-07-22,6.8803,61.96,55.87,62.95,63.07545454545455,62.75545454545454,57.873636363636365,57.06727272727273,62.68818181818182,61.27,4.139756540174962,-0.005286142512041164,62.78753334637468
2019-07-23,6.8787,62.28,56.58,63.07,63.05151515151515,62.74484848484848,57.86878787878788,57.07090909090909,62.667272727272724,61.24,4.1394672168134585,-0.004098026491973564,62.76937007382264
2019-07-24,6.8717,63.83,55.9,63.02,63.027575757575754,62.734242424242424,57.86393939393939,57.07454545454546,62.64636363636364,61.21,4.139019055194427,-0.0003072898650874592,62.741245553940686
2019-07-25,6.8714,63.47,55.88,63.14,63.00363636363636,62.72363636363636,57.85909090909091,57.07818181818182,62.625454545454545,61.18,4.138696903388534,0.0008354112172040268,62.72103660373119
2019-07-26,6.8785,62.46,56.04,63.17,62.97969696969697,62.7130303030303,57.85424242424242,57.081818181818186,62.60454545454545,61.15,4.138589242671675,-0.0007855898324912192,62.714284375449694
2019-07-29,6.8927,62.29,56.85,63.16,62.907878787878786,62.68121212121212,57.839696969696966,57.092727272727274,62.54181818181818,61.06,4.13818547133903,-0.0017877948476994763,62.68896725677885
2019-07-30,6.8833,62.55,58.04,63.23,62.88393939393939,62.670606060606055,57.834848484848486,57.09636363636364,62.52090909090909,61.03,4.137950902270407,-0.0012826018267472002,62.67426408863813
2019-07-31,6.8833,64.07,58.53,63.25,62.86,62.66,57.83,57.1,62.5,61.0,4.1375202098770725,0.0024806295457713455,62.64727657191358
2019-08-01,6.8972,62.9,53.64,59.4,62.685,62.47,57.705999999999996,56.964,62.34866666666667,60.845,4.135104023841286,-0.002149733409872868,62.49609181587948
2019-08-02,6.9387,61.12,55.67,60.56,62.51,62.279999999999994,57.582,56.828,62.19733333333333,60.69,4.132478002681432,-0.006306315113211327,62.33219105398531
2019-08-05,7.0481,59.32,54.63,58.86,61.985,61.709999999999994,57.21,56.42,61.74333333333333,60.225,4.124703076079806,-0.012695130028073258,61.849441944892554
2019-08-06,7.0192,58.63,53.6,58.27,61.81,61.519999999999996,57.086,56.284,61.592,60.07,4.121290049602906,-0.017062891574934434,61.63870798680797
2019-08-07,7.0592,55.03,51.14,56.4,61.635,61.33,56.961999999999996,56.148,61.440666666666665,59.915,4.118982620973978,-0.0296032657239005,61.49664503044667
2019-08-08,7.044,56.29,52.6,57.47,61.46,61.14,56.838,56.012,61.28933333333333,59.76,4.116185311455694,-0.030567635198980942,61.32486025956493
2019-08-09,7.0613,57.37,54.41,58.31,61.285,60.949999999999996,56.714,55.876000000000005,61.138,59.605000000000004,4.1128945101706185,-0.02648386948771941,61.12338402156888
2019-08-12,7.0578,57.13,54.98,58.35,60.76,60.379999999999995,56.342,55.468,60.684,59.14,4.104198618859818,-0.023371519782446396,60.59416606337702
2019-08-13,7.0423,59.9,57.05,60.03,60.585,60.19,56.217999999999996,55.332,60.532666666666664,58.985,4.09954685708371,-0.012080694151075173,60.31295101762682
2019-08-14,7.0224,57.86,55.16,58.71,60.41,60.0,56.094,55.196000000000005,60.38133333333333,58.83,4.096093885725106,-0.012183688316814495,60.105051267716924
2019-08-15,7.0327,57.37,54.51,58.09,60.235,59.81,55.97,55.06,60.230000000000004,58.675,4.092971774348817,-0.013366322394634748,59.917689238137406
2019-08-16,7.0413,59.0,54.83,58.35,60.06,59.62,55.846,54.924,60.07866666666667,58.52,4.089553252575692,-0.009002085708109184,59.713209022051494
2019-08-19,7.0499,59.79,56.24,58.93,59.535,59.05,55.474,54.516000000000005,59.62466666666667,58.055,4.080454592128122,-0.0025911218753747805,59.172363027140314
2019-08-20,7.0597,59.03,56.18,59.12,59.36,58.86,55.35,54.38,59.473333333333336,57.9,4.076187171552486,0.00014021492717582662,58.920387692404184
2019-08-21,7.0623,60.6,55.65,59.3,59.185,58.67,55.226,54.244,59.322,57.745000000000005,4.072435542820934,0.005953125709947497,58.69975439894382
2019-08-22,7.0829,59.81,55.33,59.27,59.01,58.48,55.102,54.108000000000004,59.17066666666667,57.59,4.06898731613539,0.007589566224453543,58.49769291650217
2019-08-23,7.0928,58.64,54.08,59.06,58.835,58.29,54.978,53.972,59.019333333333336,57.435,4.065820298087321,0.005823211060310054,58.31272272383873
2019-08-26,7.1503,58.64,53.54,58.87,58.31,57.72,54.606,53.564,58.565333333333335,56.97,4.056993487825026,0.006224377547052947,57.800272362720634
2019-08-27,7.1603,58.44,54.99,58.98,58.135,57.53,54.482,53.428000000000004,58.414,56.815,4.052830396944349,0.007740937175951332,57.56014475927548
2019-08-28,7.1628,60.42,55.76,59.11,57.96,57.34,54.358,53.292,58.26266666666667,56.660000000000004,4.048994715883164,0.014306234597354306,57.33978528664009
2019-08-29,7.1434,60.59,56.67,59.09,57.785,57.15,54.234,53.156000000000006,58.111333333333334,56.505,4.045277570363456,0.0189315378866664,57.127040607087785
2019-08-30,7.1543,61.04,55.07,59.11,57.61,56.96,54.11,53.02,57.96,56.35,4.041643841927353,0.022540501634908883,56.919833150973076
2019-09-02,7.1543,58.55,55.07,59.11,57.61774193548387,56.980322580645165,54.04516129032258,52.94645161290323,57.931935483870966,56.300645161290326,4.041622746390283,0.018700779982272937,56.918632409188014
2019-09-03,7.1786,57.93,53.91,56.69,57.62032258064516,56.987096774193546,54.023548387096774,52.92193548387097,57.92258064516129,56.2841935483871,4.042085292817733,0.013064125542408614,56.944966009050965
2019-09-04,7.144,60.68,56.22,58.6,57.62290322580645,56.993870967741934,54.001935483870966,52.89741935483871,57.913225806451614,56.267741935483876,4.041935367309753,0.018960160959240777,56.93642914605791
2019-09-05,7.1468,62.7,56.33,58.64,57.62548387096774,57.00064516129032,53.98032258064516,52.87290322580645,57.90387096774194,56.251290322580644,4.041486223383662,0.026455718913775763,56.91086223677444
2019-09-06,7.1131,61.28,56.45,59.3,57.62806451612903,57.00741935483871,53.95870967741936,52.848387096774196,57.89451612903226,56.23483870967742,4.041398301162904,0.027430173592063706,56.90585872734443
2019-09-09,7.121,63.99,57.88,60.06,57.6358064516129,57.027741935483874,53.89387096774193,52.77483870967742,57.86645161290323,56.185483870967744,4.041197790613619,0.03487519045168471,56.89444964621226
2019-09-10,7.1121,64.67,57.37,59.75,57.638387096774196,57.03451612903226,53.872258064516124,52.75032258064516,57.85709677419355,56.16903225806452,4.040902790524877,0.03957110827561946,56.87766825389547
2019-09-11,7.1153,63.02,55.66,58.73,57.640967741935484,57.04129032258064,53.85064516129032,52.725806451612904,57.847741935483874,56.152580645161294,4.041074524556044,0.03693505176232068,56.88743692393064
2019-09-12,7.0787,60.76,55.13,58.64,57.64354838709677,57.04806451612903,53.829032258064515,52.70129032258065,57.83838709677419,56.13612903225807,4.041636748733648,0.030258668339564684,56.91942940900278
2019-09-13,7.0754,61.25,54.76,58.58,57.64612903225807,57.05483870967742,53.80741935483871,52.67677419354839,57.829032258064515,56.11967741935484,4.042014357197786,0.027905268173375693,56.94092672585049
2019-09-16,7.0659,68.42,63.1,63.12,57.65387096774193,57.07516129032258,53.74258064516129,52.60322580645161,57.80096774193549,56.07032258064516,4.0411477044811415,0.0478938476285261,56.891600094632125
2019-09-17,7.0905,65.59,59.26,61.32,57.656451612903226,57.08193548387097,53.72096774193548,52.578709677419354,57.79161290322581,56.053870967741936,4.040845597402986,0.0493542736519134,56.87441533550532
2019-09-18,7.0849,64.29,58.19,61.13,57.659032258064514,57.08870967741936,53.699354838709674,52.5541935483871,57.78225806451613,56.03741935483871,4.041043382254783,0.046808759999131165,56.88566534581763
2019-09-19,7.0959,64.25,58.19,61.41,57.6616129032258,57.09548387096774,53.67774193548387,52.52967741935484,57.77290322580645,56.020967741935486,4.04126256386943,0.045644182045782966,56.89813500430843
2019-09-20,7.0909,65.23,57.92,61.51,57.6641935483871,57.10225806451613,53.656129032258065,52.50516129032258,57.763548387096776,56.00451612903226,4.041302986903592,0.04714651584200225,56.90043504605047
2019-09-23,7.1168,64.66,58.69,61.64,57.67193548387097,57.12258064516129,53.59129032258064,52.431612903225805,57.73548387096774,55.955161290322586,4.041600869347112,0.046856861166948885,56.917387211430245
2019-09-24,7.1138,64.13,57.22,61.24,57.674516129032256,57.12935483870968,53.56967741935484,52.40709677419355,57.726129032258065,55.93870967741936,4.041866575863288,0.044785856354065415,56.93251254145642
2019-09-25,7.1313,62.41,56.38,61.09,57.677096774193544,57.13612903225807,53.54806451612903,52.38258064516129,57.71677419354839,55.92225806451613,4.042344981830496,0.03955531832847317,56.95975591136013
2019-09-26,7.13,62.08,56.24,61.16,57.67967741935484,57.14290322580646,53.52645161290322,52.35806451612903,57.70741935483871,55.905806451612904,4.042762775049633,0.03620944787869273,56.983558283032124
2019-09-27,7.1218,62.48,55.95,61.09,57.68225806451613,57.14967741935484,53.504838709677415,52.33354838709677,57.69806451612904,55.88935483870968,4.043002376233578,0.035278645724441275,56.997213246869556
2019-09-30,7.1477,60.99,54.09,61.12,57.69,57.17,53.44,52.26,57.67,55.84,4.043609148145604,0.030785751418641982,57.03180804944737
2019-10-01,7.1473,60.06,53.6,58.11,57.692580645161286,57.17,53.45129032258064,52.27838709677419,57.70741935483871,55.892258064516135,4.044154255897041,0.02396826917794897,57.06290500491931
2019-10-02,7.1473,57.92,52.67,57.32,57.69516129032258,57.17,53.46258064516129,52.29677419354839,57.744838709677424,55.94451612903226,4.044881912079552,0.014631499342256823,57.10444229113693
2019-10-03,7.1473,58.01,52.41,57.45,57.69774193548387,57.17,53.47387096774193,52.31516129032258,57.78225806451613,55.99677419354839,4.045346628694793,0.010295335912353676,57.13098584141041
2019-10-04,7.1473,59.13,52.84,58.11,57.70032258064516,57.17,53.48516129032258,52.33354838709677,57.81967741935484,56.04903225806452,4.0453863262705125,0.01150534238591956,57.13325384806369
2019-10-07,7.1473,59.46,52.76,58.22,57.70806451612903,57.17,53.51903225806451,52.38870967741935,57.931935483870966,56.20580645161291,4.045316998633418,0.012988658989117836,57.12929307187211
2019-10-08,7.1422,58.14,52.64,57.91,57.71064516129032,57.17,53.53032258064516,52.40709677419355,57.96935483870968,56.25806451612903,4.045472215991753,0.010304916501828913,57.13816121805355
2019-10-09,7.1316,59.7,52.63,57.94,57.71322580645161,57.17,53.541612903225804,52.42548387096774,58.00677419354839,56.31032258064516,4.045371420355934,0.012743120210749394,57.13240223100934
2019-10-10,7.1153,59.08,53.57,58.66,57.715806451612906,57.17,53.55290322580645,52.44387096774194,58.0441935483871,56.362580645161295,4.045314874300693,0.013344059720517474,57.12917171037415
2019-10-11,7.0868,60.59,54.76,59.72,57.718387096774194,57.17,53.564193548387095,52.46225806451613,58.08161290322581,56.41483870967742,4.0450013308567225,0.018377387590600806,57.11126204100135
2019-10-14,7.0868,58.81,53.57,58.94,57.726129032258065,57.17,53.59806451612903,52.51741935483871,58.19387096774194,56.571612903225805,4.045102072657394,0.01576312878483006,57.11701582219625
2019-10-15,7.0814,59.19,52.81,58.86,57.72870967741935,57.17,53.60935483870968,52.5358064516129,58.23129032258065,56.62387096774194,4.045186475123821,0.015111614870739663,57.12183684265677
2019-10-16,7.092,59.3,53.42,59.0,57.73129032258065,57.17,53.62064516129032,52.5541935483871,58.26870967741935,56.67612903225807,4.045199209769868,0.015365678006237749,57.12256427366229
2019-10-17,7.0766,59.35,53.89,59.17,57.733870967741936,57.17,53.63193548387097,52.57258064516129,58.30612903225806,56.7283870967742,4.045176382669703,0.015901066267898657,57.121260346048395
2019-10-18,7.0805,59.96,53.75,58.96,57.736451612903224,57.17,53.64322580645161,52.59096774193548,58.343548387096774,56.78064516129032,4.045080799999659,0.01741194094786153,57.1158008043912
2019-10-21,7.0748,58.95,53.28,58.87,57.744193548387095,57.17,53.677096774193544,52.64612903225806,58.4558064516129,56.93741935483871,4.045195210144786,0.015615178554060393,57.12233580527833
2019-10-22,7.0761,60.5,54.21,59.03,57.74677419354839,57.17,53.68838709677419,52.66451612903226,58.49322580645161,56.98967741935484,4.045036433106183,0.01880254816767212,57.11326680995429
2019-10-23,7.0624,60.52,55.9,59.37,57.74935483870968,57.17,53.699677419354835,52.68290322580645,58.53064516129032,57.04193548387097,4.044850672760186,0.021197032088973576,57.10265841509066
2019-10-24,7.0684,61.71,56.11,59.45,57.75193548387097,57.17,53.710967741935484,52.70129032258065,58.568064516129034,57.094193548387096,4.044558064336163,0.025249207273539066,57.085952140521876
2019-10-25,7.0647,62.06,56.52,59.52,57.75451612903226,57.17,53.722258064516126,52.71967741935484,58.60548387096774,57.14645161290323,4.044304963706118,0.028227874595002013,57.07150547837513
2019-10-28,7.067,60.39,55.6,59.45,57.76225806451613,57.17,53.756129032258066,52.77483870967742,58.71774193548387,57.303225806451614,4.044436482051237,0.02560416764898182,57.079011921935816
2019-10-29,7.0655,61.05,55.34,59.41,57.76483870967742,57.17,53.76741935483871,52.79322580645161,58.755161290322576,57.355483870967745,4.0444756302524345,0.025756059133050114,57.081246506318365
2019-10-30,7.0541,60.22,54.85,59.32,57.767419354838715,57.17,53.77870967741936,52.81161290322581,58.79258064516129,57.40774193548387,4.044617437335621,0.023709748022997846,57.08934160534769
2019-10-31,7.0379,59.3,54.02,59.37,57.77,57.17,53.79,52.83,58.83,57.46,4.044875210859411,0.02035110945994864,57.1040596229803
2019-11-01,7.0368,60.17,56.04,60.54,57.82,57.21137931034483,53.83137931034483,52.87344827586207,58.91379310344828,57.532758620689656,4.045464508458904,0.022202639804622355,57.13772082549623
2019-11-04,7.03,62.52,56.33,60.89,57.970000000000006,57.335517241379314,53.95551724137931,53.003793103448274,59.1651724137931,57.75103448275862,4.047017902660431,0.028665841487075933,57.22654720304318
2019-11-05,7.0082,62.72,57.04,61.49,58.02,57.37689655172414,53.996896551724134,53.04724137931034,59.24896551724138,57.823793103448274,4.047564995226512,0.0327164541342453,57.257863987409294
2019-11-06,6.9968,62.11,56.15,60.56,58.07,57.41827586206897,54.038275862068964,53.09068965517241,59.33275862068965,57.89655172413793,4.048260079474076,0.03227048381744079,57.29767686176407
2019-11-07,6.9766,62.6,56.91,61.1,58.120000000000005,57.4596551724138,54.079655172413794,53.13413793103448,59.41655172413793,57.96931034482758,4.048906811897174,0.03368253601789903,57.33474511248654
2019-11-08,6.9954,62.0,57.02,61.28,58.17,57.50103448275862,54.121034482758624,53.17758620689655,59.500344827586204,58.042068965517245,4.049654822576077,0.03308662538329297,57.37764815807055
2019-11-11,6.9954,62.58,57.02,61.09,58.32,57.6251724137931,54.24517241379311,53.307931034482756,59.751724137931035,58.26034482758621,4.051602066584634,0.03379189720648632,57.48948529142708
2019-11-12,7.0066,62.19,56.67,61.29,58.370000000000005,57.66655172413793,54.28655172413793,53.351379310344825,59.83551724137931,58.333103448275864,4.052546357722626,0.03308327114277564,57.543797742262726
2019-11-13,7.0223,62.27,56.88,61.52,58.42,57.70793103448276,54.32793103448276,53.394827586206894,59.919310344827586,58.40586206896552,4.053318150986187,0.03302768310817912,57.58822680053845
2019-11-14,7.0195,62.46,56.57,61.44,58.47,57.749310344827585,54.36931034482759,53.43827586206896,60.00310344827586,58.47862068965517,4.054044049748021,0.03317124610235724,57.630045199194804
2019-11-15,7.0075,63.32,57.54,61.94,58.52,57.790689655172415,54.41068965517241,53.48172413793104,60.08689655172414,58.55137931034483,4.054615673996568,0.03570532662697714,57.66299734770181
2019-11-18,7.0246,62.82,56.82,61.56,58.67,57.9148275862069,54.534827586206895,53.612068965517246,60.33827586206896,58.76965517241379,4.0565780459017216,0.035179438392988975,57.776264693644144
2019-11-19,7.0263,62.37,54.93,60.98,58.72,57.95620689655172,54.576206896551724,53.655517241379314,60.42206896551724,58.84241379310345,4.057635619669656,0.0327047312986447,57.8373996772728
2019-11-20,7.0344,63.8,56.71,61.6,58.77,57.99758620689655,54.617586206896554,53.69896551724138,60.50586206896551,58.9151724137931,4.058257151202694,0.0355368092381849,57.87335861861152
2019-11-21,7.0285,64.99,58.36,62.07,58.82,58.03896551724138,54.65896551724138,53.74241379310345,60.58965517241379,58.987931034482756,4.058653545591512,0.04022778473633554,57.89630384060816
2019-11-22,7.0389,64.83,57.68,61.9,58.87,58.0803448275862,54.70034482758621,53.78586206896552,60.673448275862064,59.06068965517241,4.059193857271077,0.04176569835630914,57.9275943423274
2019-11-25,7.0349,64.67,57.79,61.94,59.019999999999996,58.204482758620685,54.82448275862069,53.91620689655173,60.924827586206895,59.27896551724138,4.061101504391339,0.04207366702881443,58.038205220576124
2019-11-26,7.0319,64.82,58.25,61.95,59.07,58.245862068965515,54.86586206896552,53.9596551724138,61.00862068965517,59.351724137931036,4.061967327396441,0.042469271587828164,58.08847779426575
2019-11-27,7.028,65.03,58.12,61.95,59.12,58.287241379310345,54.90724137931035,54.003103448275866,61.09241379310345,59.42448275862069,4.062675817129638,0.042961065439284934,58.129647466823094
2019-11-28,7.028,64.68,58.12,61.95,59.17,58.32862068965517,54.94862068965517,54.046551724137935,61.17620689655172,59.497241379310346,4.0634312502907255,0.042340992227329996,58.17357712103148
2019-11-29,7.0308,64.5,58.12,61.97,59.22,58.37,54.99,54.09,61.26,59.57,4.064212442131437,0.04155825389058918,58.219039599970216
2019-12-02,7.038,63.2,55.97,60.41,59.621249999999996,58.7590625,55.4728125,54.49125,61.5028125,59.76875,4.070355307198012,0.03573852725353542,58.57777199884211
2019-12-03,7.0609,62.95,56.15,60.46,59.754999999999995,58.88875,55.63375,54.625,61.583749999999995,59.835,4.073424145071844,0.03161996902316122,58.757813802370315
2019-12-04,7.0489,65.25,58.46,62.52,59.88875,59.0184375,55.7946875,54.75875,61.6646875,59.90125,4.075493354300683,0.03631017733191479,58.87952188927921
2019-12-05,7.0445,65.67,58.42,62.82,60.0225,59.148125,55.955625000000005,54.892500000000005,61.745625,59.9675,4.077439645449943,0.039249766731735816,58.99423017325388
2019-12-06,7.0348,66.5,59.2,63.43,60.15625,59.277812499999996,56.1165625,55.026250000000005,61.8265625,60.03375,4.07935153240088,0.04266720895915646,59.107128361999756
2019-12-09,7.0389,66.44,58.99,63.34,60.5575,59.666875,56.599375,55.4275,62.069375,60.2325,4.08514708580209,0.0431731484191001,59.450681459357696
2019-12-10,7.0328,66.57,59.22,63.5,60.69125,59.7965625,56.760312500000005,55.56125,62.1503125,60.29875,4.087832041029962,0.04307567360206853,59.61051835878012
2019-12-11,7.0384,65.37,58.74,62.98,60.825,59.926249999999996,56.92125,55.695,62.23125,60.365,4.090289996273293,0.03947307122687948,59.757218562347035
2019-12-12,6.9925,66.67,59.18,63.46,60.95875,60.0559375,57.0821875,55.82875,62.3121875,60.43125,4.092455295377525,0.04048411067519482,59.88675100179946
2019-12-13,6.9925,67.44,60.11,64.12,61.0925,60.185625,57.243125,55.9625,62.393125,60.4975,4.094452019356085,0.042868052193993866,60.00644777446254
2019-12-16,6.9921,68.04,60.21,64.19,61.49375,60.5746875,57.7259375,56.36375,62.6359375,60.69625,4.1001179281629785,0.04444503092686855,60.347403836226164
2019-12-17,6.9967,68.99,60.88,64.53,61.6275,60.704375,57.886875,56.4975,62.716875,60.762499999999996,4.102594473677013,0.04679728269368712,60.49704214504051
2019-12-18,7.0029,69.12,60.93,64.54,61.76125,60.8340625,58.0478125,56.63125,62.7978125,60.82875,4.104690512782303,0.04774976487324039,60.62397929727477
2019-12-19,7.0097,69.7,61.3,64.7,61.894999999999996,60.963750000000005,58.20875,56.765,62.87875,60.894999999999996,4.106712037082873,0.049160989411354786,60.74665609991312
2019-12-20,7.0063,68.66,60.43,64.63,62.02875,61.0934375,58.3696875,56.89875,62.9596875,60.96125,4.108936694694504,0.04702364943264179,60.881947043002704
2019-12-23,7.0124,67.49,60.51,64.65,62.43,61.4825,58.8525,57.3,63.2025,61.16,4.114963993406284,0.042704080559535604,61.250008818864295
2019-12-24,7.0064,69.26,61.17,64.79,62.56375,61.612187500000005,59.0134375,57.433749999999996,63.2834375,61.22625,4.117597672155534,0.04370812078747951,61.41153427519756
2019-12-26,6.9949,69.26,61.72,64.83,62.83125,61.8715625,59.3353125,57.70125,63.4453125,61.35875,4.121555805479975,0.04365723858379146,61.65509101255668
2019-12-27,6.9954,68.91,61.76,64.82,62.965,62.00125,59.49625,57.835,63.526250000000005,61.425,4.123994238847595,0.04231535004952657,61.80561629211277
2019-12-30,6.9864,68.3,61.66,64.85,63.36625,62.3903125,59.9790625,58.23625,63.769062500000004,61.62375,4.129871557317786,0.039492721434190595,62.16993714843346
2019-12-31,6.9618,67.77,61.14,64.89,63.5,62.52,60.14,58.37,63.85,61.69,4.132719744198396,0.036126998099976236,62.347261153867414
2020-01-02,6.9642,67.05,61.17,65.44,62.848695652173916,61.91826086956522,59.42,57.76391304347826,63.19521739130435,61.12130434782608,4.124980048799757,0.03398461775049861,61.866574925630104
2020-01-03,6.9649,69.08,63.0,67.83,62.52304347826087,61.61739130434783,59.06,57.460869565217386,62.867826086956526,60.836956521739125,4.119311832317774,0.040430175766774795,61.51689375646839
2020-01-06,6.9749,70.25,63.27,68.28,61.54608695652174,60.71478260869566,57.980000000000004,56.55173913043478,61.885652173913044,59.98391304347826,4.105277118901414,0.048148475740497305,60.659552127095196
2020-01-07,6.9443,68.74,62.7,67.92,61.22043478260869,60.41391304347826,57.62,56.24869565217391,61.55826086956522,59.6995652173913,4.098800986082019,0.050247236677229426,60.26798210902361
2020-01-08,6.9447,67.31,59.65,66.0,60.89478260869565,60.11304347826087,57.26,55.94565217391304,61.23086956521739,59.415217391304346,4.09373945997946,0.047257603850568604,59.96370484768805
2020-01-09,6.9309,66.58,59.56,66.15,60.56913043478261,59.81217391304348,56.9,55.64260869565217,60.90347826086957,59.13086956521739,4.088851667900519,0.04529276969228932,59.67132984230937
2020-01-10,6.9178,66.77,59.02,66.07,60.243478260869566,59.51130434782609,56.54,55.3395652173913,60.57608695652174,58.84652173913043,4.083821677841441,0.04545490623011884,59.37193724851495
2020-01-13,6.8924,64.14,58.17,65.72,59.26652173913043,58.608695652173914,55.46,54.43043478260869,59.59391304347826,57.993478260869566,4.070223655427304,0.04125996407037205,58.57006063905254
2020-01-14,6.8837,64.45,58.34,65.84,58.94086956521739,58.307826086956524,55.1,54.127391304347825,59.26652173913043,57.70913043478261,4.063855257503817,0.04180078281576039,58.19824836736569
2020-01-15,6.8899,63.29,57.86,65.49,58.61521739130435,58.006956521739134,54.74,53.82434782608696,58.93913043478261,57.42478260869565,4.058590218724461,0.04020869854297109,57.892637565160214
2020-01-16,6.8769,64.63,58.52,65.74,58.2895652173913,57.706086956521744,54.38,53.52130434782609,58.611739130434785,57.14043478260869,4.053160230428705,0.04370392662488555,57.57913315371347
2020-01-17,6.8589,64.05,58.55,65.75,57.96391304347826,57.40521739130435,54.019999999999996,53.21826086956521,58.28434782608696,56.856086956521736,4.047770017588443,0.04513426539691669,57.26960433339869
2020-01-20,6.8589,64.63,58.55,65.75,56.98695652173913,56.50260869565218,52.94,52.30913043478261,57.302173913043475,56.00304347826087,4.0331143454680145,0.04900982022825075,56.436400286002
2020-01-21,6.9049,63.66,58.25,65.59,56.66130434782608,56.20173913043478,52.58,52.006086956521735,56.974782608695655,55.71869565217391,4.026303199647956,0.05045300671637195,56.05330985749738
2020-01-22,6.904,62.11,56.76,65.26,56.33565217391304,55.90086956521739,52.22,51.70304347826087,56.64739130434783,55.434347826086956,4.02084195401619,0.04816579673207786,55.74802334497756
2020-01-23,6.9364,61.26,55.51,64.94,56.01,55.6,51.86,51.4,56.32,55.15,4.015601435114399,0.045533261526740004,55.456638944488034
2020-01-24,6.9161,59.34,54.09,64.64,55.84305555555555,55.45111111111111,51.68944444444445,51.24861111111111,56.13333333333333,54.97833333333333,4.012913629081634,0.03986503624264474,55.30778239415854
2020-01-27,6.9161,58.54,53.09,64.37,55.34222222222222,55.004444444444445,51.17777777777778,50.794444444444444,55.57333333333333,54.46333333333333,4.0058603630795595,0.035599882695720855,54.91905440545459
2020-01-28,6.9161,59.37,53.33,64.34,55.17527777777778,54.855555555555554,51.007222222222225,50.643055555555556,55.38666666666667,54.291666666666664,4.002493159675384,0.036449183478966155,54.73444176708768
2020-01-29,6.9161,59.46,53.29,64.37,55.00833333333333,54.70666666666667,50.836666666666666,50.49166666666667,55.2,54.12,3.999584534439362,0.03761571689575167,54.575471093616315
2020-01-30,6.9161,57.72,52.19,64.17,54.841388888888886,54.55777777777778,50.66611111111111,50.34027777777778,55.013333333333335,53.94833333333333,3.9970307837343233,0.03401919539648508,54.43627675530094
2020-01-31,6.9161,57.77,51.58,64.29,54.67444444444444,54.40888888888889,50.495555555555555,50.18888888888889,54.82666666666667,53.776666666666664,3.9944158521616653,0.03274431051787951,54.294115568410156
2020-02-03,7.0208,54.0,50.06,53.5,54.17361111111111,53.96222222222222,49.983888888888885,49.734722222222224,54.266666666666666,53.26166666666666,3.9880069036170513,0.014698475447131275,53.94726005228031
2020-02-04,6.9979,53.9,49.59,53.11,54.00666666666667,53.81333333333333,49.81333333333333,49.583333333333336,54.08,53.089999999999996,3.985397402921199,0.006033120939361166,53.806668156739136
2020-02-05,6.972,55.36,50.87,54.53,53.83972222222222,53.66444444444445,49.64277777777778,49.43194444444445,53.89333333333333,52.91833333333333,3.9826116201237,0.007665968665219278,53.65698305808744
2020-02-06,6.9694,55.18,50.94,54.36,53.672777777777775,53.51555555555556,49.47222222222222,49.28055555555556,53.70666666666666,52.74666666666666,3.9797558203892796,0.008361596220128336,53.50396805421805
2020-02-07,7.0003,54.53,50.34,54.08,53.505833333333335,53.36666666666667,49.30166666666666,49.12916666666667,53.52,52.574999999999996,3.9770131891413136,0.007093550475977263,53.357427444826435
2020-02-10,6.982,53.39,49.59,53.0,53.004999999999995,52.92,48.79,48.675,52.96,52.06,3.969607273501054,0.003253757973544478,52.96372649585716
2020-02-11,6.965,54.0,50.0,53.49,52.838055555555556,52.77111111111111,48.61944444444444,48.52361111111111,52.77333333333333,51.888333333333335,3.9660738936123354,0.004467599254662319,52.7769157608296
2020-02-12,6.9708,55.54,51.13,54.59,52.67111111111111,52.62222222222223,48.44888888888889,48.37222222222222,52.586666666666666,51.71666666666667,3.962724255161938,0.010848742288639926,52.60042792474187
2020-02-13,6.9759,56.34,51.41,54.96,52.50416666666666,52.473333333333336,48.278333333333336,48.22083333333333,52.4,51.545,3.959367034081402,0.016881228515587637,52.42413275578076
2020-02-14,6.9859,57.37,52.03,55.34,52.33722222222222,52.324444444444445,48.10777777777778,48.06944444444444,52.21333333333333,51.373333333333335,3.9559747926314057,0.023394956152106475,52.24659872905339
2020-02-17,6.9859,57.83,52.03,55.34,51.83638888888889,51.87777777777778,47.596111111111114,47.61527777777778,51.653333333333336,50.858333333333334,3.9476991236166765,0.028644254606638494,51.81600734419624
2020-02-18,6.9949,57.35,52.1,55.15,51.669444444444444,51.72888888888889,47.425555555555555,47.46388888888889,51.46666666666667,50.68666666666667,3.943846513416433,0.030897982389857855,51.61676451468491
2020-02-19,6.9975,59.72,53.31,55.65,51.5025,51.58,47.254999999999995,47.3125,51.28,50.515,3.940276912423846,0.0390466419579581,51.43284172162759
2020-02-20,7.0225,59.57,53.77,55.54,51.33555555555556,51.431111111111115,47.08444444444444,47.16111111111111,51.093333333333334,50.343333333333334,3.9369364501724826,0.043255350787665556,51.26131889763298
2020-02-21,7.0255,58.6,53.36,55.27,51.16861111111111,51.282222222222224,46.91388888888889,47.00972222222222,50.906666666666666,50.17166666666667,3.9339220555520895,0.043182956683916945,51.107029714785085
2020-02-24,7.0286,56.71,51.36,54.68,50.66777777777778,50.83555555555556,46.40222222222222,46.55555555555556,50.346666666666664,49.656666666666666,3.926230837340549,0.03837346887595154,50.71546214318163
2020-02-25,7.0128,55.29,49.78,54.54,50.50083333333333,50.68666666666667,46.23166666666667,46.40416666666667,50.160000000000004,49.485,3.922984459566401,0.032812007100636545,50.55108754944977
2020-02-26,7.0214,54.96,48.67,54.33,50.333888888888886,50.53777777777778,46.06111111111111,46.25277777777778,49.973333333333336,49.31333333333333,3.920245296424719,0.029260252620959736,50.41280934340363
2020-02-27,7.0036,52.19,47.17,54.25,50.16694444444445,50.38888888888889,45.89055555555555,46.10138888888889,49.78666666666667,49.141666666666666,3.9179046561848163,0.02018413281415804,50.294949081293076
2020-02-28,6.9906,51.31,44.83,54.22,50.0,50.24,45.72,45.95,49.6,48.97,3.9155382165106487,0.012979105295562657,50.17606983413766
2020-03-02,6.9595,52.52,46.78,50.95,48.471875,48.9190625,44.1853125,44.6965625,48.064375,47.9059375,3.8922554987450564,0.012606733481406032,49.0213294720503
2020-03-03,6.9579,52.24,47.27,50.93,47.9625,48.478750000000005,43.67375,44.27875,47.5525,47.551249999999996,3.880991585141085,0.014658281076989875,48.47225561768831
2020-03-04,6.9244,51.86,46.78,50.48,47.453125,48.0384375,43.1621875,43.860937500000006,47.040625,47.1965625,3.8714114766521344,0.015724121155605526,48.010103418898176
2020-03-05,6.9366,51.29,45.9,49.72,46.94375,47.598125,42.650625,43.443125,46.52875,46.841875,3.862104511901071,0.015197431849014894,47.565347950789345
2020-03-06,6.9298,45.6,41.14,45.71,46.434375,47.1578125,42.1390625,43.0253125,46.016875,46.4871875,3.8540303277718593,-0.005697033390819464,47.18284285956782
2020-03-09,6.9448,35.33,31.05,36.26,44.90625,45.836875,40.604375,41.771875,44.48125,45.423125,3.8320907220887546,-0.0642406117627577,46.158942942975514
2020-03-10,6.9549,35.57,34.47,38.14,44.396875,45.3965625,40.0928125,41.3540625,43.969375,45.0684375,3.822429648877808,-0.08493152628997541,45.715145248736476
2020-03-11,6.9595,34.45,33.13,37.62,43.8875,44.95625,39.58125,40.93625,43.4575,44.71375,3.81368741297007,-0.09920104629047005,45.31723451342145
2020-03-12,7.0282,31.02,31.56,36.31,43.378125,44.5159375,39.0696875,40.518437500000005,42.945625,44.3590625,3.805459204129917,-0.12180271780533694,44.94588471078654
2020-03-13,7.0079,32.25,31.72,36.96,42.86875,44.075625,38.558125000000004,40.100625,42.43375,44.004374999999996,3.7960844024016955,-0.12502421700378813,44.52649487298004
2020-03-16,6.9913,27.98,28.96,35.45,41.340625,42.7546875,37.0234375,38.847187500000004,40.898125,42.9403125,3.7698383858911844,-0.14721489307190777,43.37305457182685
2020-03-17,7.003,27.97,26.96,35.27,40.83125,42.314375,36.511875,38.429375,40.386250000000004,42.585625,3.7578795940598972,-0.15630920068519483,42.85745436366106
2020-03-18,7.0459,22.79,20.48,33.61,40.321875000000006,41.8740625,36.0003125,38.0115625,39.874375,42.230937499999996,3.7495636734742614,-0.1944288409141523,42.50253297109401
2020-03-19,7.1058,23.98,25.09,34.59,39.8125,41.43375,35.488749999999996,37.59375,39.3625,41.87625,3.739905925417515,-0.19970464813575836,42.094030000427
2020-03-20,7.095,25.55,19.48,34.05,39.303125,40.9934375,34.9771875,37.1759375,38.850625,41.5215625,3.7291034159554286,-0.19673930412909824,41.64175608779741
2020-03-23,7.09,23.75,23.33,33.96,37.775000000000006,39.6725,33.4425,35.9225,37.315,40.457499999999996,3.6994004520158623,-0.19986417490431724,40.423061528371136
2020-03-24,7.061,24.5,21.03,33.99,37.265625,39.232187499999995,32.9309375,35.5046875,36.803125,40.1028125,3.685212731651565,-0.19524048385434117,39.85359967022155
2020-03-25,7.1099,25.62,20.75,34.15,36.75625,38.791875,32.419375,35.086875,36.29125,39.748125,3.6727106429132634,-0.1847812818041685,39.358448094497184
2020-03-26,7.0709,23.55,16.6,34.07,36.246875,38.3515625,31.9078125,34.669062499999995,35.779375,39.3934375,3.661481352101639,-0.19352998420825285,38.918952863073635
2020-03-27,7.0942,22.39,15.48,33.91,35.737500000000004,37.911249999999995,31.396250000000002,34.25125,35.2675,39.03874999999999,3.6506341724359963,-0.20455414301656819,38.49907336012855
2020-03-30,7.0986,19.19,14.1,33.84,34.209375,36.590312499999996,29.8615625,32.997812499999995,33.731875,37.9746875,3.6200683716090305,-0.23037355895294984,37.34012073891545
2020-03-31,7.0808,14.85,20.51,33.7,33.7,36.15,29.35,32.58,33.22,37.62,3.60791951331757,-0.2693208712435333,36.889225381177354
2020-04-01,7.0989,14.97,20.28,22.46,33.611333333333334,36.041666666666664,29.251,32.47833333333333,33.196666666666665,37.56066666666666,3.6060117825957985,-0.3040845736975092,36.81891775794507
2020-04-02,7.0857,20.24,25.18,26.16,33.522666666666666,35.93333333333333,29.152,32.376666666666665,33.17333333333333,37.50133333333333,3.6012364758445323,-0.26748902475542485,36.64351526507201
2020-04-03,7.0908,24.33,28.36,29.39,33.434000000000005,35.824999999999996,29.053,32.275,33.15,37.442,3.594479837871157,-0.21577310988204074,36.39676284546919
2020-04-06,7.0895,22.58,26.21,27.45,33.168,35.5,28.756,31.97,33.08,37.263999999999996,3.5845764007054295,-0.20357991560001593,36.038088776147625
2020-04-07,7.0448,22.1,23.54,26.0,33.07933333333334,35.391666666666666,28.657,31.868333333333332,33.056666666666665,37.20466666666667,3.5804403675191057,-0.2035182740005887,35.889341868119985
2020-04-08,7.0649,25.22,24.97,26.16,32.99066666666667,35.28333333333333,28.558,31.766666666666666,33.03333333333333,37.14533333333333,3.575954711591725,-0.18285776400749945,35.72871515645232
2020-04-09,7.0428,20.23,22.9,23.26,32.902,35.175,28.459,31.665,33.01,37.086,3.574188343501911,-0.20964811591871615,35.665660799106696
2020-04-10,7.0341,20.23,22.9,23.26,32.81333333333333,35.06666666666666,28.36,31.563333333333333,32.986666666666665,37.026666666666664,3.572327877281642,-0.22200094556760852,35.59936772909696
2020-04-13,7.0501,20.23,22.36,24.74,32.547333333333334,34.74166666666667,28.063,31.258333333333333,32.916666666666664,36.84866666666667,3.564434566717333,-0.22400737552837613,35.319476949342125
2020-04-14,7.0479,21.74,20.15,21.96,32.458666666666666,34.63333333333333,27.964,31.156666666666666,32.89333333333333,36.78933333333333,3.560422354851775,-0.22079544556205394,35.17805162873557
2020-04-15,7.0664,19.8,19.96,21.46,32.370000000000005,34.525,27.865000000000002,31.055,32.870000000000005,36.730000000000004,3.557917311384215,-0.23269715301861416,35.09003936360129
2020-04-16,7.0778,18.69,19.82,21.71,32.281333333333336,34.416666666666664,27.766000000000002,30.953333333333333,32.84666666666667,36.67066666666667,3.5558088708076516,-0.24543476772618528,35.01613204275068
2020-04-17,7.0711,19.75,18.31,22.23,32.19266666666667,34.30833333333333,27.667,30.851666666666667,32.82333333333334,36.611333333333334,3.5528185720385204,-0.24342920662755024,34.91157974541441
2020-04-20,7.0721,17.36,13.61,21.47,31.926666666666666,33.983333333333334,27.37,30.546666666666667,32.75333333333334,36.43333333333334,3.5456684594699532,-0.26531732130811025,34.66284830885376
2020-04-21,7.0914,9.12,8.91,19.07,31.838,33.875,27.271,30.445,32.730000000000004,36.374,3.5491395202367144,-0.37742824287960913,34.78337421704784
2020-04-22,7.0831,13.77,13.64,20.0,31.749333333333333,33.766666666666666,27.172,30.343333333333334,32.70666666666667,36.31466666666667,3.547092513918722,-0.36462328683337675,34.71224525581822
2020-04-23,7.0654,15.06,15.06,20.45,31.660666666666668,33.65833333333333,27.073,30.241666666666667,32.68333333333334,36.25533333333333,3.5425968867164195,-0.3425299018136472,34.55654219548835
2020-04-24,7.0813,15.87,15.99,20.45,31.572,33.55,26.974,30.14,32.660000000000004,36.196000000000005,3.5377893748603593,-0.3225675620056201,34.39080990834938
2020-04-27,7.0848,15.17,12.17,20.37,31.305999999999997,33.225,26.677,29.835,32.59,36.018,3.528641649968161,-0.3219829630166869,34.07764678932801
2020-04-28,7.0776,15.6,12.4,20.41,31.217333333333332,33.11666666666667,26.578,29.733333333333334,32.56666666666667,35.95866666666667,3.524191775049317,-0.3160080126206846,33.926342416024504
2020-04-29,7.0755,17.86,15.04,20.38,31.128666666666668,33.00833333333333,26.479,29.631666666666668,32.54333333333334,35.89933333333334,3.5191140610430782,-0.29009178994898843,33.754510777115016
2020-04-30,7.0622,18.11,19.23,20.39,31.04,32.9,26.38,29.53,32.52,35.84,3.514182604476988,-0.2705138278887179,33.58846164187312
2020-05-01,7.0622,18.49,19.72,25.3,31.307931034482756,33.139310344827585,26.72241379310345,29.788620689655172,32.70724137931035,35.96448275862069,3.5182122840300503,-0.24791130790513152,33.72408545569977
2020-05-04,7.0622,20.4,20.47,26.2,32.111724137931034,33.857241379310345,27.749655172413792,30.56448275862069,33.268965517241384,36.337931034482764,3.535494174984652,-0.22283777187132728,34.31196664086295
2020-05-05,7.0622,25.46,24.56,28.94,32.37965517241379,34.09655172413793,28.092068965517242,30.823103448275862,33.45620689655173,36.46241379310345,3.5408033319926457,-0.1742345585443194,34.4946186941903
2020-05-06,7.1031,24.2,23.88,27.35,32.64758620689655,34.33586206896552,28.43448275862069,31.081724137931037,33.64344827586207,36.58689655172414,3.546379803812439,-0.16183458683452104,34.687514301859885
2020-05-07,7.0825,24.23,23.68,27.14,32.91551724137931,34.575172413793105,28.77689655172414,31.340344827586208,33.830689655172414,36.71137931034483,3.5527577745165946,-0.1571678521660571,34.90945727240057
2020-05-08,7.0732,24.23,24.73,28.54,33.18344827586207,34.81448275862069,29.119310344827586,31.598965517241382,34.017931034482764,36.83586206896552,3.5593306635048814,-0.15300516770977146,35.139669008970834
2020-05-11,7.0972,25.53,24.02,27.27,33.98724137931035,35.53241379310345,30.146551724137932,32.3748275862069,34.579655172413794,37.20931034482759,3.5774932032205933,-0.14829880389598196,35.78372579148083
2020-05-12,7.0816,26.67,25.76,26.81,34.255172413793105,35.77172413793104,30.48896551724138,32.63344827586207,34.766896551724145,37.33379310344828,3.585415862412664,-0.14174054441293346,36.06835407317877
2020-05-13,7.0911,27.89,25.37,26.68,34.52310344827586,36.011034482758625,30.83137931034483,32.89206896551724,34.95413793103449,37.458275862068966,3.591741659020015,-0.1340064173166062,36.29723831935509
2020-05-14,7.0935,29.87,27.4,29.2,34.79103448275862,36.250344827586204,31.173793103448276,33.150689655172414,35.14137931034483,37.58275862068966,3.5972076290736537,-0.11635249575767001,36.49618114949963
2020-05-15,7.1013,30.95,29.44,29.8,35.05896551724138,36.48965517241379,31.516206896551726,33.40931034482759,35.328620689655175,37.70724137931035,3.6025961225661374,-0.10170871915774904,36.69337138614554
2020-05-18,7.1086,33.3,31.83,30.55,35.862758620689654,37.20758620689655,32.54344827586207,34.185172413793104,35.89034482758621,38.080689655172414,3.6189037833746096,-0.08387303147184545,37.29666018536773
2020-05-19,7.098,33.06,32.3,30.42,36.13068965517242,37.44689655172414,32.885862068965515,34.44379310344828,36.077586206896555,38.20517241379311,3.626250247254059,-0.07823856087239014,37.57166768170556
2020-05-20,7.0928,34.76,33.56,30.57,36.398620689655175,37.686206896551724,33.22827586206897,34.702413793103446,36.2648275862069,38.329655172413794,3.632144301410149,-0.06879768729542785,37.793771027343375
2020-05-21,7.1138,34.78,34.3,30.62,36.66655172413793,37.92551724137931,33.570689655172416,34.96103448275862,36.45206896551724,38.45413793103449,3.638103058632029,-0.06474412141714879,38.01964723579433
2020-05-22,7.1269,33.8,33.49,30.34,36.93448275862069,38.1648275862069,33.91310344827586,35.219655172413795,36.63931034482759,38.578620689655175,3.6445755591090667,-0.06864283278838781,38.26652752517575
2020-05-26,7.134,33.95,34.7,30.59,38.006206896551724,39.122068965517244,35.282758620689656,36.254137931034485,37.388275862068966,39.076551724137936,3.6670295892587896,-0.07143186361092081,39.13548457264779
2020-05-27,7.1681,32.73,32.8,30.43,38.27413793103449,39.36137931034483,35.62517241379311,36.51275862068966,37.575517241379316,39.20103448275862,3.6761523053764353,-0.08170829275643975,39.494139956767576
2020-05-28,7.1447,33.98,33.67,30.51,38.542068965517245,39.60068965517242,35.967586206896556,36.77137931034483,37.76275862068966,39.325517241379316,3.682790680467535,-0.08221731740774049,39.75718901485482
2020-05-29,7.1348,34.15,35.57,30.47,38.81,39.84,36.31,37.03,37.95,39.45,3.6889188592791755,-0.0820131832383341,40.00157623766532
2020-06-01,7.1263,36.74,35.49,38.32,39.1259375,40.089375000000004,36.660625,37.3365625,38.34,39.7565625,3.694063177291037,-0.062047455552304974,40.20788727661991
2020-06-02,7.0992,37.72,36.88,39.17,39.23125,40.1725,36.7775,37.43875,38.47,39.85875,3.6955417084841575,-0.047603324668475416,40.26737986215177
2020-06-03,7.1115,37.98,37.33,39.26,39.3365625,40.255625,36.894375000000004,37.5409375,38.6,39.9609375,3.6969314795465156,-0.03953862442841929,40.32338120695168
2020-06-04,7.1075,38.41,37.42,39.15,39.441875,40.338750000000005,37.011250000000004,37.643125,38.730000000000004,40.063125,3.6985351095486165,-0.03433431915233381,40.38809686695958
2020-06-05,7.0808,41.0,39.49,41.32,39.5471875,40.421875,37.128125000000004,37.7453125,38.86,40.1653125,3.6996072918167635,-0.01953385235184875,40.431423491133025
2020-06-08,7.07,39.66,38.17,40.69,39.863125000000004,40.67125,37.47875,38.051875,39.25,40.471875000000004,3.704939326442844,-0.01857241264052171,40.64758100873009
2020-06-09,7.0765,40.45,38.98,40.82,39.9684375,40.754375,37.595625,38.1540625,39.38,40.574062500000004,3.7072801567788236,-0.015424611913242625,40.74284155032408
2020-06-10,7.0599,41.18,39.54,41.52,40.073750000000004,40.837500000000006,37.7125,38.25625,39.510000000000005,40.67625,3.7090744111384377,-0.010670508660714544,40.816010193347566
2020-06-11,7.064,37.76,36.43,39.44,40.1790625,40.920625,37.829375,38.3584375,39.64,40.7784375,3.7119127606017495,-0.024453675233353532,40.932024861172756
2020-06-12,7.0825,38.54,36.24,39.5,40.284375000000004,41.003750000000004,37.94625,38.460625,39.77,40.880625,3.714466290170213,-0.02862022471145808,41.03667955951934
2020-06-15,7.0887,39.44,37.07,39.85,40.6003125,41.253125000000004,38.296875,38.7671875,40.160000000000004,41.1871875,3.7200642982941114,-0.027065856299766756,41.267047424060436
2020-06-16,7.0854,40.75,38.26,40.28,40.705625,41.33625,38.41375,38.869375,40.29,41.289375,3.7222521165494826,-0.021323766460818162,41.35743105919139
2020-06-17,7.084,40.47,37.91,40.23,40.8109375,41.419375,38.530625,38.9715625,40.42,41.3915625,3.724185333934483,-0.019992409111370183,41.437461296912474
2020-06-18,7.0869,41.75,38.79,40.63,40.91625,41.5025,38.6475,39.07375,40.55,41.49375,3.7258522140004966,-0.014402652390776672,41.50659017390187
2020-06-19,7.0707,42.33,39.72,41.07,41.0215625,41.585625,38.764375,39.175937499999996,40.68,41.5959375,3.7274615179840453,-0.009103833212438298,41.57344067177074
2020-06-22,7.0678,43.2,40.6,41.12,41.3375,41.835,39.114999999999995,39.4825,41.07,41.9025,3.7325197615053525,-0.003619219319074351,41.78426200201812
2020-06-23,7.0575,42.72,40.4,41.04,41.4428125,41.918125,39.231874999999995,39.5846875,41.2,42.0046875,3.734905395534261,-0.003252528871110292,41.88406295626656
2020-06-24,7.077,40.4,37.91,40.64,41.548125,42.00125,39.348749999999995,39.686875,41.33,42.106875,3.737559911127552,-0.012699760147768954,41.99539255219534
2020-06-25,7.0768,41.18,38.66,40.78,41.6534375,42.084375,39.465624999999996,39.7890625,41.46,42.2090625,3.7398546539622264,-0.014439006035378761,42.09187183357657
2020-06-26,7.0768,40.97,38.53,40.81,41.75875,42.167500000000004,39.582499999999996,39.89125,41.59,42.31125,3.742036531808758,-0.016309844000951063,42.1838114202491
2020-06-29,7.0794,41.58,39.67,40.8,42.074687499999996,42.416875,39.933125,40.1978125,41.98,42.6178125,3.7474319024225937,-0.015087510172037764,42.41202380836637
2020-06-30,7.0651,41.64,39.27,40.79,42.18,42.5,40.05,40.3,42.11,42.72,3.749897786557428,-0.015059780787348452,42.51673599600347
2020-07-01,7.0703,42.18,39.88,42.26,42.259032258064515,42.58806451612903,40.09129032258064,40.35645161290322,42.173870967741934,42.7858064516129,3.751822474791814,-0.011884728303098798,42.598646258112495
2020-07-02,7.066,43.19,40.57,43.2,42.33806451612903,42.67612903225807,40.13258064516129,40.412903225806446,42.23774193548387,42.851612903225806,3.7534767414086243,-0.006200673206770451,42.66917409637893
2020-07-03,7.066,42.92,40.57,43.2,42.417096774193546,42.7641935483871,40.173870967741934,40.46935483870968,42.30161290322581,42.91741935483871,3.75532691650783,-0.004755980618701674,42.74819261630368
2020-07-06,7.0159,42.73,40.51,42.89,42.6541935483871,43.028387096774196,40.29774193548387,40.63870967741935,42.49322580645161,43.11483870967742,3.7608900189142824,-0.006017546123277135,42.986667905717546
2020-07-07,7.0127,43.28,40.59,43.09,42.733225806451614,43.11645161290323,40.33903225806451,40.69516129032258,42.557096774193546,43.18064516129032,3.763395549601945,-0.005395340108555318,43.094507362434584
2020-07-08,7.0041,43.67,40.91,43.29,42.81225806451613,43.20451612903226,40.38032258064516,40.751612903225805,42.62096774193549,43.24645161290322,3.7653969300883388,-0.004004491842141009,43.180842234186294
2020-07-09,6.9923,42.35,39.64,42.79,42.891290322580645,43.29258064516129,40.42161290322581,40.80806451612903,42.68483870967742,43.31225806451613,3.76772009744348,-0.009144566998044184,43.28127517332446
2020-07-10,6.999,43.27,40.56,43.4,42.97032258064516,43.380645161290325,40.46290322580645,40.86451612903225,42.748709677419356,43.37806451612903,3.7697617627042423,-0.008088989170069729,43.369731317478944
2020-07-13,6.9959,42.85,40.06,43.1,43.20741935483871,43.644838709677416,40.586774193548386,41.03387096774193,42.940322580645166,43.57548387096774,3.775350919723602,-0.010458501056779927,43.61281022600542
2020-07-14,7.006,42.97,40.3,43.22,43.28645161290323,43.73290322580645,40.62806451612903,41.09032258064516,43.0041935483871,43.641290322580645,3.777968476101015,-0.011791848230369247,43.7271187547923
2020-07-15,6.9885,43.96,41.2,43.78,43.36548387096774,43.82096774193548,40.66935483870967,41.14677419354838,43.068064516129034,43.707096774193545,3.779881224864519,-0.008808616781466206,43.81083778833648
2020-07-16,6.9881,43.71,40.74,43.3,43.44451612903226,43.909032258064514,40.71064516129032,41.20322580645161,43.13193548387097,43.77290322580645,3.781862164055028,-0.009296633030274372,43.89771041016279
2020-07-17,6.9912,43.53,40.55,43.0,43.523548387096774,43.997096774193544,40.751935483870966,41.25967741935484,43.1958064516129,43.83870967741935,3.783954327374804,-0.010958287693867691,43.98964773011408
2020-07-20,6.9829,43.3,40.83,43.05,43.76064516129033,44.26129032258064,40.8758064516129,41.42903225806451,43.38741935483871,44.03612903225806,3.7895060748480045,-0.013324680459339098,44.23454632430278
2020-07-21,6.98,44.31,41.76,43.58,43.83967741935484,44.34935483870967,40.917096774193546,41.48548387096774,43.45129032258065,44.10193548387097,3.791874611387528,-0.011103573035813143,44.339441638735416
2020-07-22,6.9988,43.98,41.88,43.62,43.91870967741936,44.43741935483871,40.95838709677419,41.541935483870965,43.51516129032258,44.16774193548387,3.7939051962393373,-0.011473837866521697,44.42956811102138
2020-07-23,7.0034,42.96,40.99,43.3,43.99774193548387,44.52548387096774,40.99967741935484,41.59838709677419,43.579032258064515,44.233548387096775,3.79616858308685,-0.016088360828725636,44.53024330159641
2020-07-24,7.0168,43.29,41.23,43.28,44.07677419354839,44.61354838709677,41.04096774193548,41.65483870967741,43.64290322580646,44.299354838709675,3.7983086889978375,-0.017651985736952328,44.625644786733
2020-07-27,6.995,43.39,41.46,43.33,44.313870967741934,44.87774193548387,41.16483870967742,41.82419354838709,43.83451612903226,44.49677419354838,3.803727019814741,-0.018918495071022674,44.86809754456321
2020-07-28,6.9998,43.11,40.89,43.28,44.39290322580646,44.9658064516129,41.20612903225806,41.88064516129032,43.898387096774194,44.56258064516129,3.8063399403259446,-0.021499101142279087,44.9854876156097
2020-07-29,7.0014,43.51,41.13,43.29,44.47193548387097,45.05387096774193,41.247419354838705,41.93709677419355,43.962258064516135,44.62838709677419,3.808420777965079,-0.021853935166976576,45.079192570042174
2020-07-30,7.008,42.98,39.85,43.28,44.55096774193549,45.14193548387097,41.288709677419355,41.99354838709677,44.02612903225807,44.6941935483871,3.8105600030696936,-0.024732814415281485,45.175730331670024
2020-07-31,6.9744,43.13,40.1,42.54,44.63,45.23,41.33,42.05,44.09,44.76,3.8126698824204994,-0.0267800583219812,45.27114629494365
2020-08-03,6.9799,43.76,40.83,43.39,44.84967741935484,45.46032258064516,41.56032258064516,42.28032258064516,44.35322580645162,45.053225806451614,3.8172587494166033,-0.025300719432558298,45.479366947104396
2020-08-04,6.972,43.99,41.67,43.4,44.92290322580645,45.53709677419354,41.637096774193544,42.35709677419354,44.44096774193549,45.15096774193548,3.8192774684604442,-0.024128398526682276,45.5712697430141
2020-08-05,6.9353,44.92,42.25,43.88,44.99612903225807,45.61387096774193,41.71387096774193,42.43387096774193,44.52870967741936,45.248709677419356,3.8207623380885822,-0.02027660063981291,45.638987400875706
2020-08-06,6.952,45.04,41.93,43.61,45.06935483870968,45.69064516129032,41.79064516129032,42.51064516129032,44.61645161290323,45.34645161290322,3.8222865237074424,-0.018769334272843344,45.70860272899525
2020-08-07,6.967,44.07,41.16,43.33,45.14258064516129,45.76741935483871,41.86741935483871,42.58741935483871,44.7041935483871,45.4441935483871,3.8241333907387283,-0.02202236602353459,45.793098442578106
2020-08-10,6.9611,44.19,41.94,43.78,45.36225806451613,45.997741935483866,42.09774193548387,42.817741935483866,44.96741935483871,45.73741935483871,3.8288061084908387,-0.023165428524832256,46.00757737610547
2020-08-11,6.9451,43.68,41.53,43.38,45.435483870967744,46.074516129032254,42.174516129032256,42.894516129032255,45.05516129032259,45.83516129032258,3.8311239967912587,-0.026559848293658435,46.11434148727819
2020-08-12,6.9363,45.09,42.6,43.97,45.508709677419354,46.15129032258064,42.251290322580644,42.97129032258064,45.14290322580646,45.93290322580645,3.8327002828072065,-0.023120063657933624,46.187088198648475
2020-08-13,6.944,44.87,42.26,43.59,45.58193548387097,46.22806451612903,42.32806451612903,43.04806451612903,45.230645161290326,46.03064516129032,3.834311011100528,-0.023000009990582056,46.26154299552271
2020-08-14,6.9501,44.86,42.05,43.39,45.65516129032258,46.30483870967742,42.40483870967742,43.12483870967742,45.318387096774195,46.12838709677419,3.835998919569029,-0.023601414430909278,46.339694183181884
2020-08-17,6.9318,44.91,42.89,43.78,45.87483870967742,46.53516129032258,42.63516129032258,43.35516129032258,45.58161290322581,46.42161290322581,3.840511355325914,-0.023708993927311378,46.54927157281147
2020-08-18,6.9215,45.34,42.89,43.96,45.94806451612903,46.611935483870965,42.71193548387097,43.431935483870966,45.66935483870968,46.519354838709674,3.842518032166809,-0.02285323334148592,46.6427747019429
2020-08-19,6.9192,45.21,42.91,43.96,46.02129032258065,46.688709677419354,42.788709677419355,43.508709677419354,45.75709677419355,46.61709677419355,3.844231409325095,-0.02320702416465499,46.72275986952842
2020-08-20,6.9143,44.56,42.62,43.78,46.09451612903226,46.76548387096774,42.86548387096774,43.58548387096774,45.844838709677425,46.714838709677416,3.8460660248645744,-0.026053142057037463,46.80855684900359
2020-08-21,6.9179,43.94,42.32,43.69,46.16774193548387,46.84225806451613,42.94225806451613,43.66225806451613,45.932580645161295,46.81258064516129,3.8480041964374787,-0.02996421752506703,46.89936783846846
2020-08-24,6.918,44.43,42.44,43.91,46.38741935483871,47.07258064516129,43.17258064516129,43.89258064516129,46.1958064516129,47.1058064516129,3.852570588865154,-0.030752860899220313,47.11401847315517
2020-08-25,6.9116,46.01,43.17,44.0,46.46064516129032,47.14935483870968,43.24935483870968,43.96935483870968,46.28354838709678,47.203548387096774,3.854358737694211,-0.026477344304136508,47.19834071801362
2020-08-26,6.8855,45.79,43.21,43.96,46.53387096774193,47.226129032258065,43.326129032258066,44.046129032258065,46.37129032258065,47.30129032258064,3.855909331858645,-0.025453952108420712,47.27158295952312
2020-08-27,6.8925,44.84,42.88,43.96,46.60709677419355,47.30290322580645,43.402903225806455,44.12290322580645,46.45903225806452,47.399032258064516,3.857698133823216,-0.028352278909777005,47.356218135205715
2020-08-28,6.8647,45.22,42.96,43.94,46.68032258064516,47.379677419354834,43.479677419354836,44.199677419354835,46.54677419354839,47.49677419354838,3.8594034510767883,-0.028913002119396267,47.43704440868734
2020-08-31,6.8474,45.22,42.61,43.99,46.9,47.61,43.71,44.43,46.81,47.79,3.8638755525353194,-0.029963337218459698,47.64966275522635
2020-09-01,6.8272,45.72,42.76,44.85,46.77766666666667,47.48533333333333,43.61266666666667,44.342999999999996,46.633,47.611666666666665,3.862162304116262,-0.028168113707060405,47.568096937048
2020-09-02,6.8375,42.7,42.76,43.83,46.65533333333333,47.36066666666667,43.51533333333333,44.256,46.456,47.43333333333333,3.8602249140705025,-0.03750847448898932,47.47602819487692
2020-09-03,6.8474,42.72,41.39,43.61,46.533,47.236,43.418,44.169,46.279,47.254999999999995,3.858055071888456,-0.04229424872287566,47.37312438914726
2020-09-04,6.8409,41.1,39.69,42.61,46.410666666666664,47.111333333333334,43.32066666666667,44.082,46.102000000000004,47.07666666666667,3.8560696058555184,-0.05131832489412334,47.27915997224542
2020-09-07,6.8409,40.67,39.69,42.61,46.04366666666667,46.73733333333333,43.028666666666666,43.821,45.571000000000005,46.541666666666664,3.849313278446037,-0.05620370720887916,46.96080316028233
2020-09-08,6.8435,38.53,36.87,40.2,45.92133333333333,46.61266666666666,42.931333333333335,43.734,45.394,46.36333333333333,3.846877979269786,-0.0691083855352196,46.846578696853264
2020-09-09,6.8308,39.98,38.05,40.78,45.799,46.488,42.834,43.647,45.217,46.185,3.8443024446520213,-0.06851558865378218,46.72607895393538
2020-09-10,6.8335,39.27,37.25,40.25,45.67666666666666,46.36333333333333,42.736666666666665,43.56,45.04,46.00666666666667,3.841781196348745,-0.07117969068929339,46.6084192935907
2020-09-11,6.833,38.8,37.33,40.24,45.55433333333333,46.23866666666667,42.63933333333333,43.473,44.863,45.82833333333333,3.8392818177969765,-0.07363230994335786,46.49207266777412
2020-09-14,6.808,38.57,37.23,40.15,45.18733333333333,45.864666666666665,42.34733333333333,43.212,44.332,45.29333333333333,3.8320294641072623,-0.07477592515377683,46.15611542590789
2020-09-15,6.7819,39.54,38.29,40.69,45.065,45.739999999999995,42.25,43.125,44.155,45.114999999999995,3.8283538545058016,-0.06981410131193361,45.98677497023527
2020-09-16,6.7529,41.23,40.17,41.58,44.94266666666667,45.61533333333333,42.15266666666667,43.038,43.978,44.93666666666667,3.824777022958166,-0.059146349188727076,45.82258184337916
2020-09-17,6.7628,42.35,40.99,42.02,44.82033333333333,45.49066666666666,42.05533333333333,42.951,43.801,44.75833333333333,3.821174431212308,-0.04879655237608403,45.65779878951316
2020-09-18,6.7675,42.16,41.09,42.01,44.698,45.366,41.958,42.864,43.624,44.58,3.817895696995379,-0.04377057552194488,45.508344147264665
2020-09-21,6.8043,40.37,39.26,41.41,44.330999999999996,44.992,41.666,42.603,43.093,44.045,3.8105034417694257,-0.04771380392935007,45.17317520588322
2020-09-22,6.7779,40.84,39.55,41.5,44.208666666666666,44.867333333333335,41.568666666666665,42.516,42.916000000000004,43.86666666666667,3.80703517680149,-0.046802154384404035,45.01677404194245
2020-09-23,6.8089,41.09,39.92,41.49,44.08633333333333,44.742666666666665,41.471333333333334,42.429,42.739000000000004,43.68833333333333,3.8040093290494847,-0.0447598778888491,44.88076601097382
2020-09-24,6.8273,41.24,40.11,41.56,43.964,44.617999999999995,41.374,42.342,42.562,43.51,3.801020050568851,-0.04254434843234262,44.74680522574287
2020-09-25,6.822,40.91,40.06,41.6,43.84166666666666,44.49333333333333,41.276666666666664,42.255,42.385,43.33166666666666,3.7981339253355664,-0.042017609089466904,44.61784652706492
2020-09-28,6.8106,41.59,40.47,41.62,43.474666666666664,44.11933333333333,40.98466666666667,41.994,41.854,42.79666666666667,3.790211072601402,-0.038171798224978085,44.26574257543535
2020-09-29,6.815,40.33,39.03,41.53,43.35233333333333,43.99466666666667,40.88733333333333,41.907000000000004,41.677,42.61833333333333,3.7867413106964194,-0.04028558926739848,44.112417143349866
2020-09-30,6.7896,40.3,40.05,41.49,43.23,43.87,40.79,41.82,41.5,42.44,3.7838317399029564,-0.040425573996791184,43.98425548092922
2020-10-01,6.7898,39.75,38.51,40.3,43.096999999999994,43.74133333333333,40.662,41.693666666666665,41.394666666666666,42.32666666666667,3.7810980404510732,-0.043819000293669676,43.86417994581993
2020-10-02,6.7898,38.0,36.9,38.48,42.964,43.61266666666666,40.534,41.56733333333333,41.28933333333333,42.21333333333333,3.778833711331557,-0.05402837325105839,43.76496937095098
2020-10-05,6.7896,39.78,39.12,40.42,42.565,43.22666666666667,40.15,41.18833333333333,40.973333333333336,41.873333333333335,3.7706273505138626,-0.04825076114887128,43.40728788012034
2020-10-06,6.7896,41.27,40.52,41.56,42.431999999999995,43.098,40.022,41.062,40.868,41.76,3.7661743748774654,-0.03736092447182222,43.214426008044796
2020-10-07,6.7896,40.62,39.82,40.98,42.299,42.96933333333333,39.894,40.93566666666667,40.76266666666667,41.64666666666666,3.762697029194954,-0.03451066950657304,43.064415480733004
2020-10-08,6.7896,42.0,41.04,41.88,42.166,42.840666666666664,39.766,40.809333333333335,40.657333333333334,41.53333333333333,3.759097210832594,-0.026324085742112077,42.90967010185745
2020-10-09,6.6933,41.63,40.44,41.48,42.033,42.711999999999996,39.638,40.683,40.552,41.42,3.755760387780006,-0.02363165197112845,42.76672674645658
2020-10-12,6.6933,40.5,39.22,40.78,41.634,42.326,39.254,40.304,40.236000000000004,41.08,3.7476313149724803,-0.026242816734735674,42.420482141500706
2020-10-13,6.7452,41.34,40.03,41.24,41.501,42.19733333333333,39.126,40.17766666666667,40.13066666666667,40.96666666666667,3.7436607903646277,-0.022695911520306367,42.25238451200724
2020-10-14,6.7136,41.81,40.86,41.78,41.368,42.068666666666665,38.998000000000005,40.05133333333333,40.025333333333336,40.85333333333333,3.7401402435507713,-0.01777512229641242,42.1038945506343
2020-10-15,6.7233,41.61,40.84,41.65,41.235,41.94,38.870000000000005,39.925,39.92,40.739999999999995,3.7368286379271027,-0.015569456454124836,41.9646936730814
2020-10-16,6.6962,41.34,40.7,41.48,41.102,41.81133333333333,38.742000000000004,39.79866666666667,39.81466666666667,40.626666666666665,3.733666017120676,-0.015032313518654724,41.83218490767276
2020-10-19,6.6803,41.29,40.69,41.37,40.703,41.42533333333333,38.358000000000004,39.419666666666664,39.498666666666665,40.28666666666666,3.7251782891373386,-0.013841606635114063,41.47862727430375
2020-10-20,6.6754,41.62,41.37,41.59,40.57,41.29666666666667,38.230000000000004,39.29333333333334,39.39333333333334,40.17333333333333,3.7210793739745514,-0.010507093129968878,41.30895786784164
2020-10-21,6.6503,40.09,39.88,41.07,40.437,41.168,38.102000000000004,39.167,39.288000000000004,40.06,3.7180416800864156,-0.01461820381131505,41.18366429710466
2020-10-22,6.6821,41.28,40.46,41.31,40.304,41.03933333333333,37.974000000000004,39.04066666666667,39.18266666666667,39.946666666666665,3.7147559666105647,-0.011401598763910099,41.04856864068822
2020-10-23,6.6861,40.71,39.73,41.14,40.171,40.910666666666664,37.846000000000004,38.91433333333333,39.077333333333335,39.83333333333333,3.711579233510693,-0.011653638932301624,40.918375198382456
2020-10-26,6.7119,39.06,38.39,40.89,39.772,40.52466666666666,37.462,38.535333333333334,38.76133333333333,39.49333333333333,3.7033402945979335,-0.01717787824648265,40.5826361705489
2020-10-27,6.7044,39.72,39.34,40.98,39.639,40.396,37.334,38.409,38.656000000000006,39.379999999999995,3.699401751089963,-0.015892730736725817,40.42311404095755
2020-10-28,6.7279,37.86,37.27,40.75,39.506,40.26733333333333,37.206,38.28266666666667,38.55066666666667,39.266666666666666,3.6964996313641807,-0.02245056380516973,40.30597138754187
2020-10-29,6.714,36.56,35.94,40.68,39.373000000000005,40.138666666666666,37.078,38.156333333333336,38.44533333333334,39.153333333333336,3.693905783603872,-0.030611675495929996,40.201559306992635
2020-10-30,6.6919,36.33,35.64,40.66,39.24,40.01,36.95,38.03,38.34,39.04,3.691127468339439,-0.03504532682262211,40.090021716158475
2020-11-02,6.6899,37.78,36.6,38.36,40.072258064516134,40.76774193548387,37.77258064516129,38.72967741935484,39.21290322580646,39.861612903225804,3.7069400736168268,-0.03509181231896808,40.728987951762235
2020-11-03,6.6759,38.17,37.44,39.16,40.34967741935484,41.02032258064516,38.04677419354839,38.96290322580645,39.50387096774194,40.13548387096774,3.714494251273459,-0.03436199351666278,41.03782700639525
2020-11-04,6.6504,39.68,38.97,40.55,40.627096774193554,41.27290322580645,38.32096774193548,39.196129032258064,39.79483870967742,40.409354838709675,3.7204484229755295,-0.027523573168401805,41.28290216040809
2020-11-05,6.6027,39.47,38.56,40.14,40.90451612903226,41.52548387096774,38.59516129032259,39.42935483870968,40.0858064516129,40.68322580645161,3.726446657616556,-0.026639195921657925,41.53127083635949
2020-11-06,6.608,38.08,36.97,39.28,41.18193548387097,41.77806451612903,38.86935483870968,39.66258064516129,40.37677419354839,40.957096774193545,3.7329805715250037,-0.033970636455218514,41.80352104565172
2020-11-09,6.628,40.93,40.05,41.4,42.0141935483871,42.5358064516129,39.69193548387097,40.362258064516126,41.24967741935484,41.77870967741936,3.748985366899711,-0.025728169794392238,42.477960582713486
2020-11-10,6.6146,42.25,41.18,42.19,42.29161290322581,42.788387096774194,39.96612903225807,40.59548387096774,41.54064516129033,42.05258064516129,3.755831453668322,-0.017970716895565328,42.76976610987945
2020-11-11,6.6146,42.5,41.23,42.36,42.56903225806452,43.04096774193548,40.24032258064516,40.828709677419354,41.83161290322581,42.32645161290323,3.761592684776817,-0.014305263482275656,43.01688378438899
2020-11-12,6.6114,42.16,40.9,42.37,42.84645161290323,43.29354838709678,40.51451612903226,41.06193548387097,42.12258064516129,42.60032258064516,3.7674631934033957,-0.01479567427964711,43.270157467025406
2020-11-13,6.6039,41.51,39.93,41.87,43.12387096774194,43.546129032258065,40.788709677419355,41.29516129032258,42.413548387096775,42.8741935483871,3.773593944548603,-0.01917591609346346,43.53625087725861
2020-11-16,6.583,42.71,41.14,42.52,43.95612903225807,44.303870967741936,41.61129032258065,41.99483870967742,43.28645161290323,43.6958064516129,3.7893215086424186,-0.01807329194331882,44.226382875303464
2020-11-17,6.5556,42.54,41.24,42.49,44.233548387096775,44.556451612903224,41.88548387096775,42.22806451612903,43.57741935483871,43.96967741935484,3.7965889104357093,-0.020059907616444935,44.54896451495078
2020-11-18,6.5588,42.91,41.64,42.69,44.51096774193549,44.80903225806452,42.15967741935484,42.461290322580645,43.86838709677419,44.24354838709677,3.8025543622711644,-0.02058829510793578,44.81551346909385
2020-11-19,6.5823,43.09,41.57,42.6,44.788387096774194,45.06161290322581,42.43387096774194,42.69451612903226,44.159354838709675,44.51741935483871,3.80830887563203,-0.02140724999235516,45.07414838545489
2020-11-20,6.5608,43.79,41.99,42.84,45.06580645161291,45.314193548387095,42.708064516129035,42.92774193548387,44.450322580645164,44.79129032258064,3.8138793913669566,-0.020126764222722606,45.325935278607425
2020-11-23,6.585,45.0,42.91,43.08,45.89806451612903,46.07193548387097,43.53064516129032,43.62741935483871,45.32322580645162,45.61290322580645,3.8287648616739998,-0.01694823221393375,46.00567974912404
2020-11-24,6.59,46.63,44.71,43.4,46.175483870967746,46.32451612903226,43.80483870967742,43.86064516129032,45.6141935483871,45.88677419354839,3.8352279801698894,-0.011279014931772191,46.303982854595844
2020-11-25,6.575,47.3,45.58,43.52,46.45290322580645,46.57709677419355,44.079032258064515,44.093870967741935,45.90516129032258,46.160645161290326,3.8405344300509245,-0.007151156250339211,46.55034569684497
2020-11-26,6.575,46.32,45.58,43.52,46.730322580645165,46.82967741935484,44.35322580645162,44.32709677419355,46.196129032258064,46.43451612903226,3.846040628735875,-0.009038599853144775,46.807368107964386
2020-11-27,6.575,46.88,45.58,43.44,47.00774193548388,47.08225806451613,44.627419354838715,44.56032258064516,46.487096774193546,46.708387096774196,3.8514968257533493,-0.009320666181056687,47.063456328810574
2020-11-30,6.576,46.84,45.2,43.39,47.84,47.84,45.45,45.26,47.36,47.53,3.866182638817646,-0.011600576845501915,47.75972154727411
2020-12-01,6.5705,47.03,44.54,46.96,47.955161290322586,47.94580645161291,45.55258064516129,45.357419354838704,47.46612903225807,47.619032258064514,3.87015109957224,-0.010392189953068643,47.94963070216404
2020-12-02,6.5622,47.8,45.23,47.67,48.07032258064516,48.05161290322581,45.65516129032258,45.45483870967742,47.57225806451613,47.708064516129035,3.8724060696032283,-0.0071661443690636305,48.057877683375
2020-12-03,6.5418,48.37,45.65,48.04,48.185483870967744,48.157419354838716,45.75774193548387,45.552258064516124,47.678387096774195,47.79709677419355,3.8743859844846993,-0.003844103040886534,48.15312244772159
2020-12-04,6.5301,49.1,46.23,48.35,48.300645161290326,48.263225806451615,45.86032258064517,45.64967741935484,47.784516129032255,47.88612903225807,3.8762892795170365,-1.3604676701593158e-05,48.24485931994115
2020-12-07,6.5295,48.63,45.72,48.23,48.64612903225807,48.58064516129033,46.168064516129036,45.941935483870964,48.10290322580645,48.153225806451616,3.8821965485036185,-0.0005561688694701309,48.530698113268734
2020-12-08,6.5307,48.84,45.64,48.28,48.76129032258065,48.68645161290323,46.270645161290325,46.03935483870968,48.20903225806452,48.24225806451613,3.8849408711507265,-0.0009549530963860428,48.66406492425864
2020-12-09,6.541,48.81,45.48,48.42,48.876451612903224,48.79225806451613,46.373225806451615,46.13677419354838,48.31516129032258,48.33129032258064,3.8872447271350405,-0.0016142267103929535,48.776309169095974
2020-12-10,6.5419,50.33,46.76,49.29,48.99161290322581,48.89806451612903,46.475806451612904,46.2341935483871,48.421290322580646,48.42032258064516,3.8891441025789555,0.0032249224612726215,48.86904173207434
2020-12-11,6.5445,50.01,46.59,49.22,49.10677419354839,49.00387096774194,46.57838709677419,46.3316129032258,48.527419354838706,48.509354838709676,3.8911724690342675,0.004179269800764704,48.96826665525994
2020-12-14,6.548,50.27,47.02,49.46,49.45225806451613,49.321290322580644,46.88612903225807,46.62387096774194,48.8458064516129,48.77645161290322,3.8969554205791335,0.004983028039092391,49.25226816055836
2020-12-15,6.5388,50.77,47.58,49.81,49.56741935483871,49.42709677419355,46.98870967741936,46.72129032258064,48.95193548387097,48.86548387096774,3.899523026161168,0.006532722408795875,49.3788910484677
2020-12-16,6.5323,50.83,47.86,49.96,49.68258064516129,49.53290322580645,47.09129032258065,46.818709677419356,49.05806451612903,48.95451612903226,3.9016715602890377,0.007248849449697786,49.48509733414059
2020-12-17,6.5321,51.2,48.34,50.08,49.79774193548387,49.63870967741936,47.19387096774194,46.91612903225806,49.1641935483871,49.04354838709678,3.903729753842775,0.008493568838181793,49.587052127837964
2020-12-18,6.5395,52.17,49.04,50.34,49.91290322580645,49.744516129032256,47.296451612903226,47.013548387096776,49.27032258064516,49.13258064516129,3.905636554926982,0.011817544673652413,49.68169497646522
2020-12-21,6.5493,50.61,47.79,49.86,50.25838709677419,50.06193548387097,47.6041935483871,47.3058064516129,49.58870967741935,49.39967741935484,3.911611318342468,0.007567456557409227,49.97941988229111
2020-12-22,6.5426,49.88,47.02,49.57,50.373548387096776,50.16774193548387,47.70677419354839,47.403225806451616,49.69483870967742,49.48870967741935,3.9146523334991414,0.0021758569894389877,50.13163938928125
2020-12-23,6.54,51.05,47.94,49.81,50.48870967741935,50.273548387096774,47.80935483870968,47.50064516129032,49.80096774193548,49.57774193548387,3.9169010185271547,0.002876946294025339,50.24449649869585
2020-12-24,6.54,50.88,48.18,49.84,50.60387096774193,50.37935483870967,47.91193548387097,47.598064516129035,49.90709677419355,49.666774193548385,3.9190508011551293,0.0024577281239776773,50.352627431776305
2020-12-28,6.5346,50.88,47.5,49.77,51.064516129032256,50.802580645161285,48.322258064516134,47.987741935483875,50.3316129032258,50.02290322580645,3.9266399579353455,0.0010136943357159263,50.73621512816635
2020-12-29,6.53,50.44,47.85,49.78,51.17967741935484,50.90838709677419,48.424838709677424,48.08516129032258,50.43774193548387,50.111935483870965,3.9296966268849176,-0.001687667135900317,50.89153620318775
2020-12-30,6.5208,50.74,48.24,49.82,51.294838709677414,51.0141935483871,48.52741935483871,48.182580645161295,50.54387096774193,50.200967741935486,3.9319906049216944,-0.0024715044184186225,51.00841427610752
2020-12-31,6.525,51.22,48.35,49.81,51.41,51.12,48.63,48.28,50.65,50.29,3.9340696898732372,-0.0019056323683586576,51.114575423411985
2021-01-04,6.4601,50.37,47.47,50.61,51.79344827586207,51.46206896551724,49.03137931034483,48.60551724137931,51.10793103448276,50.67068965517241,3.9402739442171497,-0.004246337284137787,51.432689058548945
2021-01-05,6.455,53.16,49.78,52.84,51.889310344827585,51.54758620689655,49.13172413793104,48.68689655172414,51.22241379310345,50.76586206896552,3.942099296614749,0.004206653088802713,51.526657577576465
2021-01-06,6.4617,53.8,50.45,53.63,51.9851724137931,51.63310344827586,49.23206896551724,48.76827586206897,51.33689655172414,50.86103448275862,3.9433258327134593,0.010579670101592706,51.58989565710703
2021-01-07,6.476,53.7,50.63,53.78,52.08103448275862,51.71862068965517,49.33241379310345,48.8496551724138,51.45137931034483,50.95620689655172,3.944703882476927,0.013353278816651814,51.66103810827522
2021-01-08,6.475,55.51,52.14,55.06,52.176896551724134,51.80413793103448,49.432758620689654,48.93103448275862,51.565862068965515,51.05137931034483,3.9458545449726286,0.020647611411207547,51.720516740668614
2021-01-11,6.4795,54.84,52.15,54.78,52.46448275862069,52.06068965517241,49.73379310344828,49.175172413793106,51.90931034482759,51.33689655172414,3.95015182035846,0.021775834023974268,51.9432522794114
2021-01-12,6.461,55.98,53.08,55.37,52.560344827586206,52.146206896551725,49.83413793103448,49.256551724137935,52.02379310344828,51.43206896551724,3.9519470739443796,0.025452355793926847,52.036587344317596
2021-01-13,6.4677,55.52,52.81,54.96,52.65620689655172,52.23172413793103,49.93448275862069,49.33793103448276,52.138275862068966,51.52724137931034,3.9535910961223792,0.025360647442984025,52.12220700900842
2021-01-14,6.4736,55.76,53.47,55.17,52.75206896551724,52.317241379310346,50.034827586206895,49.419310344827586,52.252758620689654,51.62241379310345,3.955200284557999,0.026020485060087712,52.20614898287921
2021-01-15,6.48,54.8,52.25,54.53,52.847931034482755,52.40275862068965,50.13517241379311,49.500689655172415,52.36724137931034,51.71758620689655,3.957037715614449,0.02271670241733962,52.30216236432949
2021-01-18,6.48,54.21,52.25,54.53,53.135517241379304,52.65931034482759,50.436206896551724,49.744827586206895,52.710689655172416,52.00310344827586,3.961775730582679,0.01905825237600089,52.55055878076905
2021-01-19,6.4777,55.38,52.87,54.89,53.23137931034483,52.744827586206895,50.53655172413793,49.826206896551724,52.825172413793105,52.09827586206897,3.963815422199776,0.020197392644983055,52.65785510349384
2021-01-20,6.4777,55.66,53.16,54.97,53.327241379310344,52.83034482758621,50.636896551724135,49.90758620689655,52.939655172413794,52.19344827586207,3.9654278563607366,0.021296517387421495,52.74283091844804
2021-01-21,6.4595,55.68,53.0,54.95,53.42310344827586,52.91586206896552,50.73724137931035,49.98896551724138,53.05413793103448,52.28862068965517,3.967030053036249,0.02153756785835303,52.8274030392965
2021-01-22,6.481,55.22,52.28,54.76,53.51896551724138,53.00137931034483,50.83758620689655,50.070344827586204,53.16862068965517,52.383793103448276,3.9687565324309877,0.019832791609734352,52.918687239592366
2021-01-25,6.4784,55.44,52.78,54.87,53.806551724137925,53.25793103448276,51.13862068965517,50.31448275862069,53.51206896551724,52.669310344827586,3.97322226441836,0.019286388217570505,53.15553637268418
2021-01-26,6.4635,55.26,52.61,54.82,53.90241379310345,53.34344827586207,51.23896551724138,50.39586206896552,53.62655172413793,52.76448275862069,3.975336106028557,0.017920780486460116,53.26801759914597
2021-01-27,6.4822,55.07,52.81,54.81,53.998275862068965,53.42896551724138,51.33931034482759,50.47724137931034,53.74103448275862,52.85965517241379,3.9771221779078183,0.016506993746078513,53.36324312194349
2021-01-28,6.4491,54.87,52.26,54.76,54.09413793103448,53.51448275862069,51.439655172413794,50.55862068965517,53.85551724137931,52.954827586206896,3.9788760333949655,0.014805347347904374,53.45691665961719
2021-01-29,6.4282,55.25,52.16,54.77,54.19,53.6,51.54,50.64,53.97,53.05,3.9805295705496455,0.01463681956351561,53.54538277833872
2021-02-01,6.4669,56.42,53.55,55.66,55.098571428571425,54.46357142857143,52.46892857142857,51.46607142857143,54.964285714285715,53.96821428571428,3.994360011553305,0.01700060672810204,54.291083836614085
2021-02-02,6.457,57.62,54.77,56.71,55.40142857142857,54.75142857142857,52.778571428571425,51.74142857142857,55.29571428571428,54.27428571428571,4.000635634583945,0.0204918977765484,54.632865537543495
2021-02-03,6.4614,58.61,55.67,57.69,55.70428571428571,55.03928571428572,53.08821428571429,52.01678571428572,55.62714285714286,54.58035714285714,4.005762617840955,0.02452329067265621,54.91368659172119
2021-02-04,6.4715,58.98,56.19,57.97,56.00714285714285,55.32714285714286,53.39785714285714,52.292142857142856,55.958571428571425,54.88642857142857,4.010806551755246,0.02674808671888005,55.191367310765706
2021-02-05,6.4664,59.48,56.8,58.4,56.31,55.615,53.707499999999996,52.5675,56.29,55.192499999999995,4.01585793700549,0.028549580732447098,55.470865501742246
2021-02-08,6.4475,60.17,57.95,59.36,57.21857142857143,56.47857142857143,54.636428571428574,53.39357142857143,57.284285714285716,56.11071428571428,4.029709163894103,0.030171358358699732,56.24455092198846
2021-02-09,6.4344,60.74,58.34,59.63,57.52142857142857,56.76642857142857,54.94607142857143,53.66892857142857,57.61571428571428,56.41678571428571,4.036007701510954,0.030782235899387972,56.59992734272946
2021-02-10,6.4576,61.17,58.69,59.69,57.824285714285715,57.05428571428571,55.255714285714284,53.94428571428571,57.94714285714286,56.72285714285714,4.041227927362756,0.031127103833549424,56.89616428580519
2021-02-11,6.4567,61.09,58.22,59.56,58.12714285714286,57.34214285714285,55.565357142857145,54.21964285714286,58.278571428571425,57.028928571428565,4.046371198731081,0.029899465002129363,57.189550534338764
2021-02-12,6.4567,62.47,59.5,60.23,58.43,57.629999999999995,55.875,54.495000000000005,58.61,57.334999999999994,4.051270501532979,0.03233580090983832,57.470426946981924
2021-02-15,6.4567,63.58,59.5,60.23,59.33857142857143,58.49357142857143,56.80392857142857,55.32107142857143,59.604285714285716,58.253214285714286,4.064616509313063,0.03410400740617675,58.24256875657822
2021-02-16,6.4567,63.96,60.07,60.6,59.64142857142857,58.78142857142857,57.11357142857143,55.596428571428575,59.93571428571428,58.559285714285714,4.070706751727388,0.0344811685985647,58.598362454343686
2021-02-17,6.4567,65.02,61.09,60.89,59.94428571428571,59.06928571428571,57.42321428571429,55.871785714285714,60.26714285714286,58.86535714285714,4.075651975564534,0.036413853883832614,58.88886217422054
2021-02-18,6.4869,64.09,60.4,60.59,60.247142857142855,59.357142857142854,57.73285714285714,56.14714285714286,60.598571428571425,59.17142857142857,4.080670498451431,0.03397912852036939,59.18514009375809
2021-02-19,6.4555,62.84,59.12,60.2,60.55,59.644999999999996,58.042500000000004,56.4225,60.93,59.4775,4.085909594347154,0.028445516180094277,59.496030399260185
2021-02-22,6.4625,64.73,61.67,60.62,61.45857142857143,60.50857142857143,58.971428571428575,57.24857142857143,61.924285714285716,60.395714285714284,4.099019399508277,0.02906009856491015,60.28114688311907
2021-02-23,6.464,65.16,61.66,60.63,61.761428571428574,60.79642857142857,59.28107142857143,57.52392857142857,62.255714285714284,60.70178571428571,4.104996094462459,0.0285762389190083,60.642507705553086
2021-02-24,6.4556,66.85,63.21,60.81,62.06428571428572,61.08428571428571,59.590714285714284,57.799285714285716,62.58714285714286,61.00785714285714,4.109733362113228,0.03145179478613189,60.93046903197788
2021-02-25,6.4541,66.69,63.43,60.84,62.36714285714286,61.372142857142855,59.900357142857146,58.07464285714286,62.918571428571425,61.31392857142857,4.114411211201074,0.031684056294169254,61.216160260222644
2021-02-26,6.473,65.86,61.55,60.85,62.67,61.66,60.21,58.35,63.25,61.62,4.1192863324036395,0.028652845889852726,61.515325100960126
2021-03-01,6.4648,64.56,60.54,62.28,62.591818181818184,61.57636363636363,60.09909090909091,58.275454545454544,63.12909090909091,61.514545454545456,4.1190933508935,0.024849620631470573,61.503454926024425
2021-03-02,6.4702,63.17,59.7,61.33,62.56575757575758,61.54848484848485,60.06212121212121,58.25060606060606,63.088787878787876,61.47939393939394,4.119066503595944,0.019092294250111795,61.50180374663422
2021-03-03,6.4675,64.7,61.33,62.55,62.53969696969697,61.520606060606056,60.025151515151514,58.22575757575758,63.04848484848485,61.444242424242425,4.1186075544935,0.021051586368802635,61.47358402520927
2021-03-04,6.4694,67.32,63.81,64.8,62.513636363636365,61.49272727272727,59.98818181818182,58.20090909090909,63.00818181818182,61.40909090909091,4.117592812329258,0.029924280438562573,61.41123582653487
2021-03-05,6.496,69.95,66.08,66.89,62.48757575757576,61.46484848484848,59.95121212121212,58.17606060606061,62.96787878787879,61.373939393939395,4.11625200161176,0.04176748548738938,61.32895016044291
2021-03-08,6.525,68.0,65.03,65.84,62.409393939393944,61.38121212121212,59.84030303030303,58.10151515151515,62.846969696969694,61.268484848484846,4.114722129959441,0.04283595336747702,61.23519647196705
2021-03-09,6.505,67.03,64.02,65.37,62.38333333333333,61.35333333333333,59.803333333333335,58.07666666666667,62.806666666666665,61.233333333333334,4.11422066438505,0.040951404656040934,61.204496827046135
2021-03-10,6.505,67.53,64.45,65.54,62.35727272727273,61.32545454545454,59.766363636363636,58.051818181818184,62.766363636363636,61.198181818181816,4.113747822437043,0.04140724236515886,61.17556361449704
2021-03-11,6.4932,69.34,66.02,66.65,62.331212121212126,61.29757575757576,59.729393939393944,58.0269696969697,62.72606060606061,61.163030303030304,4.1129671126750305,0.046594516319039735,61.12782189342534
2021-03-12,6.5081,68.87,65.59,66.5,62.305151515151515,61.269696969696966,59.692424242424245,58.00212121212121,62.68575757575758,61.127878787878785,4.112328572681404,0.04806910835771426,61.088801793696064
2021-03-15,6.4996,68.78,65.36,66.38,62.2269696969697,61.18606060606061,59.581515151515156,57.92757575757576,62.56484848484848,61.02242424242424,4.111016024028184,0.04867136132219227,61.008672367563896
2021-03-16,6.5052,67.95,64.82,66.05,62.20090909090909,61.158181818181816,59.54454545454546,57.902727272727276,62.52454545454545,60.987272727272725,4.1105316265816025,0.047073098874920824,60.97912707885863
2021-03-17,6.503,67.73,64.55,65.77,62.17484848484849,61.13030303030303,59.50757575757576,57.87787878787879,62.484242424242424,60.95212121212121,4.110171228323178,0.045678209531108786,60.95715426737851
2021-03-18,6.5054,62.11,59.95,63.9,62.14878787878788,61.10242424242424,59.47060606060606,57.8530303030303,62.443939393939395,60.916969696969694,4.110689632539358,0.030404706689825395,60.98876290547475
2021-03-19,6.507,64.0,61.43,64.57,62.122727272727275,61.07454545454546,59.43363636363637,57.82818181818182,62.403636363636366,60.88181818181818,4.1106508788900475,0.028084390426284155,60.98639941414251
2021-03-22,6.507,63.89,61.48,64.71,62.04454545454546,60.99090909090909,59.32272727272728,57.75363636363637,62.28272727272727,60.776363636363634,4.109561067339497,0.02698446872592003,60.919971934926146
2021-03-23,6.516,59.96,57.75,63.72,62.01848484848485,60.9630303030303,59.28575757575758,57.72878787878788,62.24242424242424,60.74121212121212,4.109708389466261,0.015967169731762453,60.92894745588422
2021-03-24,6.523,63.7,61.12,64.5,61.99242424242424,60.93515151515152,59.24878787878788,57.70393939393939,62.20212121212121,60.7060606060606,4.109141865159066,0.020640621770185306,60.89443950185897
2021-03-25,6.5452,61.21,58.47,64.05,61.96636363636364,60.907272727272726,59.21181818181818,57.67909090909091,62.161818181818184,60.67090909090909,4.108894320751363,0.016366879268776877,60.879367289497935
2021-03-26,6.5412,63.77,60.93,64.43,61.940303030303035,60.87939393939394,59.17484848484849,57.654242424242426,62.121515151515155,60.63575757575757,4.108210385182807,0.021066261113030754,60.83774396027767
2021-03-29,6.5696,64.06,61.49,64.42,61.86212121212122,60.79575757575758,59.06393939393939,57.57969696969697,62.00060606060606,60.53030303030303,4.106690143860005,0.024340722688850996,60.7453261743909
2021-03-30,6.5716,63.28,60.55,64.41,61.836060606060606,60.76787878787879,59.0269696969697,57.554848484848485,61.96030303030303,60.49515151515152,4.10606397162157,0.024144394173532317,60.707301043908764
2021-03-31,6.5518,63.52,59.19,64.41,61.81,60.74,58.99,57.53,61.92,60.46,4.105569801597363,0.024315298572813074,60.67730872674476
2021-04-01,6.5645,63.85,61.41,63.27,61.92166666666667,60.85,59.109,57.644333333333336,61.99966666666667,60.538666666666664,4.107011600434976,0.024765678272431372,60.76485629776353
2021-04-02,6.5646,63.85,61.41,63.27,62.03333333333334,60.96,59.228,57.75866666666667,62.07933333333334,60.617333333333335,4.10876431077503,0.024641993753760343,60.871452878884774
2021-04-05,6.5649,63.85,58.73,60.71,62.36833333333333,61.290000000000006,59.585,58.10166666666667,62.318333333333335,60.85333333333333,4.113825195862498,0.02119098344215962,61.18029716053101
2021-04-06,6.537,61.47,59.34,60.96,62.480000000000004,61.400000000000006,59.704,58.216,62.398,60.932,4.116575403892403,0.013859380803534684,61.34878729030788
2021-04-07,6.5415,61.86,59.77,61.46,62.59166666666667,61.510000000000005,59.823,58.330333333333336,62.47766666666667,61.010666666666665,4.118728198650708,0.011217988370213004,61.481000901336955
2021-04-08,6.5505,62.09,59.61,61.47,62.70333333333333,61.620000000000005,59.942,58.44466666666667,62.55733333333333,61.089333333333336,4.120659557241191,0.01001334790965384,61.599857500990574
2021-04-09,6.5522,61.89,59.29,61.19,62.815,61.730000000000004,60.061,58.559,62.637,61.168,4.122575386170632,0.008294069468810492,61.717985410342074
2021-04-12,6.5475,62.38,59.7,61.3,63.15,62.06,60.418,58.902,62.876000000000005,61.404,4.127438054410489,0.00797880993021129,62.01883035961163
2021-04-13,6.5431,62.83,60.2,61.53,63.26166666666666,62.17,60.537,59.016333333333336,62.955666666666666,61.48266666666667,4.129619119251689,0.008474986147784021,62.15424507045259
2021-04-14,6.5292,66.11,63.15,63.26,63.373333333333335,62.28,60.656,59.13066666666667,63.035333333333334,61.56133333333334,4.1308804500214995,0.0174951687007339,62.23269159534168
2021-04-15,6.522,66.13,63.42,63.48,63.485,62.39,60.775000000000006,59.245000000000005,63.115,61.64,4.132222170374384,0.02181761009658039,62.31624650539694
2021-04-16,6.5203,65.98,63.16,63.42,63.596666666666664,62.50000000000001,60.894000000000005,59.35933333333333,63.19466666666667,61.718666666666664,4.133797618323495,0.023155887884207103,62.41449988436997
2021-04-19,6.5085,66.54,63.33,63.47,63.931666666666665,62.830000000000005,61.251000000000005,59.702333333333335,63.43366666666667,61.95466666666667,4.138435867702115,0.02432684749729671,62.70466631159659
2021-04-20,6.4981,65.34,62.61,63.23,64.04333333333334,62.940000000000005,61.370000000000005,59.81666666666667,63.513333333333335,62.03333333333333,4.140770212682505,0.021337543974895765,62.851211611745214
2021-04-21,6.4903,64.02,61.34,62.71,64.155,63.050000000000004,61.489000000000004,59.931,63.593,62.112,4.142959544414521,0.01589143756845348,62.988964502086645
2021-04-22,6.491,65.07,61.45,62.68,64.26666666666667,63.160000000000004,61.608000000000004,60.04533333333333,63.67266666666667,62.190666666666665,4.1448536769857585,0.015135045306346167,63.1083870167112
2021-04-23,6.4945,65.75,62.18,62.8,64.37833333333333,63.27,61.727000000000004,60.159666666666666,63.75233333333333,62.269333333333336,4.146555666850201,0.016130900962398064,63.215888308879265
2021-04-26,6.4844,65.5,62.02,62.62,64.71333333333332,63.60000000000001,62.084,60.50266666666667,63.99133333333334,62.50533333333333,4.151294228555531,0.015158212689817702,63.51615154247674
2021-04-27,6.483,66.25,63.03,62.75,64.825,63.71000000000001,62.203,60.617000000000004,64.071,62.584,4.153405034645601,0.015994598119244797,63.65036341976262
2021-04-28,6.4771,67.08,63.81,62.81,64.93666666666667,63.82000000000001,62.322,60.73133333333333,64.15066666666667,62.66266666666667,4.155048207174247,0.017995959489831313,63.755037923955285
2021-04-29,6.471,68.26,65.0,62.9,65.04833333333333,63.93000000000001,62.441,60.845666666666666,64.23033333333333,62.74133333333334,4.156522496832522,0.02143055026278176,63.84910063783526
2021-04-30,6.4749,67.73,63.5,62.89,65.16,64.04,62.56,60.96,64.31,62.82,4.15818102174259,0.021273782783175956,63.95508382531276
2021-05-03,6.4749,67.73,64.46,65.03,65.40096774193547,64.30709677419355,62.82709677419355,61.21645161290323,64.53258064516129,63.0541935483871,4.161911743422047,0.022257919941189537,64.1941280695665
2021-05-04,6.4749,68.91,65.72,66.35,65.48129032258065,64.39612903225807,62.91612903225806,61.30193548387097,64.60677419354839,63.13225806451613,4.163396057188737,0.025849008191500492,64.28948304844765
2021-05-05,6.4749,69.71,65.63,66.65,65.56161290322581,64.48516129032258,63.00516129032258,61.38741935483871,64.68096774193549,63.21032258064516,4.164552097999021,0.02906543809775204,64.36384729029103
2021-05-06,6.4635,68.62,64.73,66.01,65.64193548387097,64.5741935483871,63.094193548387096,61.472903225806455,64.75516129032258,63.288387096774194,4.165961991574332,0.027453680080220453,64.45465746636714
2021-05-07,6.431,68.73,64.96,66.15,65.72225806451613,64.66322580645162,63.18322580645161,61.5583870967742,64.82935483870968,63.36645161290323,4.167395572916265,0.026734731243114044,64.54712472454338
2021-05-10,6.4156,68.61,64.92,66.2,65.96322580645162,64.93032258064517,63.450322580645164,61.81483870967742,65.05193548387096,63.60064516129032,4.171192690931522,0.025484087381079025,64.79268368780845
2021-05-11,6.4285,68.83,65.31,66.32,66.04354838709678,65.01935483870967,63.53935483870968,61.90032258064516,65.12612903225806,63.678709677419356,4.17294591654885,0.024962148470163766,64.90637951876383
2021-05-12,6.4566,69.62,65.96,66.77,66.12387096774194,65.1083870967742,63.62838709677419,61.9858064516129,65.20032258064516,63.75677419354839,4.174275443757853,0.026431854392219626,64.99273170744416
2021-05-13,6.4506,67.36,63.82,65.42,66.2041935483871,65.19741935483871,63.71741935483871,62.071290322580644,65.27451612903226,63.83483870967742,4.175966117309602,0.020734007270192395,65.10270613923373
2021-05-14,6.4367,69.24,65.32,66.33,66.28451612903226,65.28645161290322,63.806451612903224,62.15677419354839,65.34870967741935,63.91290322580645,4.177310812255984,0.02250302629242627,65.19030830506956
2021-05-17,6.4388,69.62,66.24,66.82,66.52548387096775,65.55354838709678,64.07354838709678,62.413225806451614,65.57129032258065,64.14709677419354,4.180869890883907,0.02402704518223569,65.42273911251465
2021-05-18,6.425,69.01,65.49,66.64,66.6058064516129,65.64258064516129,64.16258064516128,62.498709677419356,65.64548387096774,64.22516129032257,4.182603011277509,0.022699250008672955,65.53622290801003
2021-05-19,6.4342,66.88,63.28,65.92,66.68612903225807,65.73161290322581,64.2516129032258,62.5841935483871,65.71967741935484,64.30322580645161,4.184415686271761,0.016252299499048113,65.65512651473271
2021-05-20,6.4339,65.18,61.95,65.39,66.76645161290323,65.82064516129033,64.34064516129033,62.66967741935484,65.79387096774194,64.38129032258064,4.186368452106162,0.008446261640479924,65.78346086533021
2021-05-21,6.4339,66.72,63.61,65.73,66.84677419354838,65.90967741935484,64.42967741935483,62.75516129032258,65.86806451612904,64.45935483870967,4.187878822584018,0.00824557205683325,65.88289333358244
2021-05-24,6.4177,68.59,66.13,66.26,67.08774193548388,66.17677419354838,64.69677419354838,63.0116129032258,66.09064516129033,64.69354838709677,4.191284061579614,0.012355696474134568,66.1076227426212
2021-05-25,6.41,68.8,66.27,66.3,67.16806451612904,66.2658064516129,64.7858064516129,63.097096774193545,66.16483870967743,64.7716129032258,4.192756436069298,0.014334229474647993,66.20502961201868
2021-05-26,6.3905,68.93,66.41,66.33,67.2483870967742,66.35483870967742,64.87483870967742,63.18258064516129,66.23903225806451,64.84967741935483,4.194032729320678,0.015295231463395339,66.28958058896325
2021-05-27,6.3824,69.43,66.87,66.32,67.32870967741935,66.44387096774193,64.96387096774193,63.26806451612903,66.31322580645161,64.92774193548387,4.195267339276998,0.016582980252955414,66.37147290729234
2021-05-28,6.3674,69.36,66.31,66.28,67.40903225806451,66.53290322580645,65.05290322580645,63.35354838709677,66.38741935483871,65.0058064516129,4.196570265882928,0.01660455589531546,66.45800642638842
2021-06-01,6.3796,70.03,67.8,68.49,67.808,66.949,65.50433333333332,63.782,66.754,65.37333333333333,4.201943247577771,0.018956103520633885,66.81604508462247
2021-06-02,6.3805,70.6,68.79,69.5,67.96600000000001,67.098,65.68866666666666,63.954,66.898,65.50666666666666,4.204452048253939,0.021406056443159294,66.98388367245856
2021-06-03,6.4036,70.71,68.81,69.47,68.12400000000001,67.247,65.87299999999999,64.126,67.042,65.64,4.206635179044362,0.02234141623912497,67.1302779921958
2021-06-04,6.3945,71.3,69.57,70.03,68.28200000000001,67.396,66.05733333333333,64.298,67.186,65.77333333333333,4.20873305440074,0.024082986778511457,67.27125677431393
2021-06-07,6.3963,70.89,69.21,69.84,68.756,67.843,66.61033333333333,64.814,67.618,66.17333333333333,4.214755087831022,0.023069071576711835,67.67758877599024
2021-06-08,6.4,71.39,70.11,70.36,68.914,67.99199999999999,66.79466666666666,64.986,67.762,66.30666666666666,4.217495290797894,0.023322534023210193,67.86329342355785
2021-06-09,6.3865,71.31,69.9,70.34,69.072,68.14099999999999,66.979,65.158,67.906,66.44,4.219799590627341,0.022750368013119845,68.01985110766775
2021-06-10,6.3929,71.65,70.34,70.52,69.23,68.28999999999999,67.16333333333333,65.33,68.05,66.57333333333332,4.221998750112752,0.0229272620826195,68.16960221135399
2021-06-11,6.3967,72.05,71.0,70.61,69.388,68.439,67.34766666666665,65.502,68.194,66.70666666666666,4.224142123267185,0.02358383111844377,68.31587180584586
2021-06-14,6.3979,72.27,70.94,70.78,69.86200000000001,68.886,67.90066666666667,66.018,68.626,67.10666666666665,4.23003089952767,0.02358945704987966,68.71935553666873
2021-06-15,6.4052,73.38,72.06,71.39,70.02000000000001,69.035,68.085,66.19,68.77000000000001,67.24,4.232604397909593,0.025602990212982936,68.89643244278466
2021-06-16,6.3969,73.88,72.03,71.56,70.178,69.184,68.26933333333332,66.362,68.914,67.37333333333333,4.234707425428105,0.0271761425516651,69.04147599797585
2021-06-17,6.4477,72.92,71.06,70.94,70.336,69.333,68.45366666666666,66.53399999999999,69.058,67.50666666666666,4.236970172135898,0.0250738360512625,69.19787625083897
2021-06-18,6.4525,73.1,71.64,71.07,70.494,69.482,68.63799999999999,66.706,69.202,67.64,4.239210559521391,0.024192793922378948,69.35308009334138
2021-06-21,6.4659,74.49,73.64,71.48,70.968,69.929,69.19099999999999,67.222,69.634,68.03999999999999,4.24491377828289,0.026287909496276806,69.74974594176639
2021-06-22,6.4811,74.92,73.15,71.41,71.126,70.078,69.37533333333333,67.39399999999999,69.778,68.17333333333333,4.247479902708405,0.0272003272049611,69.92896231591371
2021-06-23,6.4727,75.22,73.11,71.52,71.284,70.22699999999999,69.55966666666666,67.566,69.92200000000001,68.30666666666666,4.249623936987705,0.027811113000334436,70.07905325079372
2021-06-24,6.4701,75.95,73.31,71.6,71.44200000000001,70.37599999999999,69.744,67.738,70.066,68.44,4.25166052728775,0.02914588265439202,70.22192100303877
2021-06-25,6.4545,76.45,74.21,71.65,71.6,70.52499999999999,69.92833333333333,67.91,70.21000000000001,68.57333333333332,4.253668717993884,0.03054540766852876,70.36308170352763
2021-06-28,6.4555,74.78,72.98,71.54,72.074,70.972,70.48133333333332,68.426,70.64200000000001,68.97333333333333,4.259590521614197,0.02697411059739774,70.780994232188
2021-06-29,6.4635,75.38,73.14,71.57,72.232,71.121,70.66566666666667,68.598,70.786,69.10666666666665,4.262350660145969,0.02564581280221297,70.97662944763181
2021-06-30,6.4566,76.94,73.52,71.57,72.39,71.27,70.85,68.77,70.93,69.24,4.264435719487943,0.02749186838043567,71.12477432368101
2021-07-01,6.4679,76.69,75.33,73.88,72.406,71.28466666666667,70.86933333333333,68.789,70.96000000000001,69.26566666666666,4.26478065802579,0.029561879156205114,71.14931223113261
2021-07-02,6.4721,77.51,75.37,74.23,72.422,71.29933333333332,70.88866666666667,68.80799999999999,70.99000000000001,69.29133333333333,4.264824303214824,0.0322336166149026,71.15241762408178
2021-07-05,6.4721,78.34,75.37,74.23,72.47,71.34333333333333,70.94666666666666,68.865,71.08000000000001,69.36833333333333,4.265170707146571,0.03497747396369222,71.17706937078457
2021-07-06,6.4786,75.81,73.62,72.93,72.486,71.35799999999999,70.966,68.884,71.11,69.39399999999999,4.26565329158485,0.030464560145509384,71.21142660629202
2021-07-07,6.4718,74.31,72.22,72.08,72.502,71.37266666666666,70.98533333333333,68.90299999999999,71.14,69.41966666666666,4.266305068370865,0.024564275607652262,71.25785569010893
2021-07-08,6.4898,75.07,72.98,72.58,72.518,71.38733333333333,71.00466666666667,68.922,71.17,69.44533333333334,4.266693206240569,0.023542987411471004,71.28551893064444
2021-07-09,6.4788,77.14,74.56,73.72,72.534,71.402,71.024,68.941,71.2,69.471,4.266669021167894,0.02787466219705119,71.28379490603639
2021-07-12,6.4751,76.77,74.21,73.54,72.58200000000001,71.446,71.082,68.998,71.29,69.548,4.267087955791394,0.029072370287571585,71.31366441206522
2021-07-13,6.4685,77.5,75.24,74.36,72.598,71.46066666666667,71.10133333333333,69.017,71.32000000000001,69.57366666666667,4.267158064394926,0.03165822135274958,71.31866428875507
2021-07-14,6.4688,75.74,73.06,73.48,72.614,71.47533333333332,71.12066666666666,69.036,71.35000000000001,69.59933333333333,4.267508830183566,0.028642105242689796,71.34368482419643
2021-07-15,6.46,74.53,71.67,72.83,72.63,71.49,71.14,69.055,71.38,69.625,4.268040897258676,0.02415295582288949,71.38165455023324
2021-07-16,6.4785,74.46,71.76,72.92,72.646,71.50466666666667,71.15933333333334,69.074,71.41,69.65066666666667,4.268477752294482,0.021857731646622493,71.41284479779995
2021-07-19,6.4893,69.33,66.45,71.01,72.694,71.54866666666666,71.21733333333333,69.131,71.5,69.72766666666666,4.269942294264752,0.008173604525639313,71.51750852972916
2021-07-20,6.4845,70.03,67.32,71.28,72.71000000000001,71.56333333333333,71.23666666666666,69.15,71.53,69.75333333333333,4.270760227612165,0.0031838770883377615,71.57602901454496
2021-07-21,6.4664,72.54,70.26,72.28,72.726,71.57799999999999,71.256,69.169,71.56,69.779,4.270866715699132,0.0069521961220454466,71.58365141478762
2021-07-22,6.47,74.25,72.15,72.81,72.742,71.59266666666666,71.27533333333334,69.188,71.59,69.80466666666666,4.2706645228566,0.012793317604631597,71.5691791759701
2021-07-23,6.4808,74.86,72.24,72.87,72.75800000000001,71.60733333333333,71.29466666666667,69.20700000000001,71.62,69.83033333333334,4.270510180447849,0.016835581881616275,71.55813386886537
2021-07-26,6.4825,74.79,72.15,72.83,72.806,71.65133333333333,71.35266666666668,69.264,71.71,69.90733333333334,4.270876961080832,0.018592032905048437,71.58438482037688
2021-07-27,6.5104,74.87,71.68,72.81,72.822,71.666,71.372,69.283,71.74,69.933,4.271039332168883,0.019423827313699987,71.59600899851728
2021-07-28,6.4905,75.09,72.37,72.81,72.83800000000001,71.68066666666667,71.39133333333334,69.302,71.77,69.95866666666667,4.27117466425846,0.02036761341729155,71.60569889168241
2021-07-29,6.4562,76.3,73.62,72.89,72.854,71.69533333333332,71.41066666666667,69.321,71.8,69.98433333333334,4.271175732121376,0.023373393077857664,71.60577535679367
2021-07-30,6.4609,77.72,73.93,72.9,72.87,71.71,71.43,69.34,71.83,70.01,4.271069407027073,0.027478315873407377,71.59816227071443
2021-08-02,6.462,73.91,71.31,71.37,72.5953125,71.471875,71.0775,69.0671875,71.50937499999999,69.7278125,4.26853576708848,0.02109871390428848,71.41698791945973
2021-08-03,6.47,73.24,70.64,70.95,72.50375,71.3925,70.96000000000001,68.97625000000001,71.4025,69.63375,4.267544402949363,0.016626589478897863,71.34622276152824
2021-08-04,6.4655,70.99,68.19,69.39,72.4121875,71.313125,70.8425,68.8853125,71.295625,69.5396875,4.266969454426736,0.008661503237062964,71.30521414620755
2021-08-05,6.4608,72.14,69.1,70.22,72.320625,71.23375,70.72500000000001,68.794375,71.18875,69.445625,4.266039773815494,0.007947485974680698,71.23895387635187
2021-08-06,6.4825,71.02,68.26,69.74,72.2290625,71.154375,70.6075,68.7034375,71.081875,69.3515625,4.265127239443714,0.00505967820913761,71.17397553432441
2021-08-09,6.4857,69.65,66.56,68.49,71.954375,70.91624999999999,70.25500000000001,68.430625,70.76125,69.06937500000001,4.262430709736425,8.869525120599672e-06,70.98231132516403
2021-08-10,6.4852,71.14,68.33,69.71,71.8628125,70.83687499999999,70.1375,68.33968750000001,70.654375,68.9753125,4.260994007703512,0.0021033656887280493,70.88040411685795
2021-08-11,6.4783,71.99,69.3,70.42,71.77125000000001,70.7575,70.02000000000001,68.24875,70.5475,68.88125000000001,4.259579212480267,0.005693662460934492,70.78019376497078
2021-08-12,6.4782,71.79,69.12,70.44,71.6796875,70.678125,69.9025,68.1578125,70.440625,68.7871875,4.258279172391525,0.007227000175576974,70.68823646262861
2021-08-13,6.4768,70.9,68.36,70.05,71.588125,70.59875,69.78500000000001,68.06687500000001,70.33375,68.69312500000001,4.25718381842669,0.005987966695926633,70.61085021295715
2021-08-16,6.4742,70.07,67.44,69.53,71.3134375,70.360625,69.4325,67.79406250000001,70.013125,68.4109375,4.254266635268185,0.003511223753629494,70.40516558563749
2021-08-17,6.4854,69.4,66.5,69.33,71.221875,70.28125,69.315,67.703125,69.90625,68.316875,4.253052225316587,0.0009589527349520336,70.31971674736775
2021-08-18,6.4841,68.61,65.36,68.95,71.1303125,70.201875,69.1975,67.6121875,69.799375,68.2228125,4.252119467916885,-0.002224746968088504,70.25415609207323
2021-08-19,6.4942,66.8,63.69,68.03,71.03875,70.1225,69.08,67.52125000000001,69.6925,68.12875,4.2514159675584855,-0.008388357784010127,70.2047496488463
2021-08-20,6.5012,65.51,62.25,67.6,70.9471875,70.043125,68.9625,67.4303125,69.585625,68.0346875,4.2507764023643135,-0.014631197086036309,70.15986348984788
2021-08-23,6.4805,69.07,65.65,68.76,70.6725,69.805,68.61,67.1575,69.265,67.7525,4.2473988965124185,-0.008287639390206488,69.92329786611808
2021-08-24,6.471,71.21,67.5,69.31,70.5809375,69.725625,68.4925,67.0665625,69.158125,67.6584375,4.245342021020871,0.0002906268072009315,69.77962216062228
2021-08-25,6.4756,72.12,68.54,69.45,70.489375,69.64625,68.375,66.97562500000001,69.05125,67.564375,4.243579054010259,0.006849123133733852,69.65671136441402
2021-08-26,6.4809,70.42,67.42,69.24,70.3978125,69.566875,68.25750000000001,66.88468750000001,68.944375,67.4703125,4.242304675684307,0.006519550259548797,69.5679988998212
2021-08-27,6.4711,72.26,68.84,69.44,70.30625,69.4875,68.14,66.79375,68.83749999999999,67.37625,4.2408784887928,0.010653618290837285,69.46885264906891
2021-08-30,6.4658,72.26,69.28,69.46,70.03156249999999,69.249375,67.78750000000001,66.5209375,68.516875,67.0940625,4.237512839483491,0.013146550683718113,69.23543786961335
2021-08-31,6.4604,73.45,68.43,69.49,69.94,69.17,67.67,66.43,68.41,67.0,4.235782115236138,0.01686327639924262,69.11571405285775
2021-09-01,6.4586,71.99,68.63,69.92,70.14666666666666,69.35966666666667,67.86866666666667,66.60933333333334,68.61966666666666,67.196,4.237911576196041,0.016103982587465558,69.26305008513756
2021-09-02,6.456,73.56,70.07,71.22,70.35333333333332,69.54933333333334,68.06733333333334,66.78866666666667,68.82933333333332,67.392,4.240366272654196,0.019498054642724957,69.43327869316667
2021-09-03,6.4528,73.07,69.34,70.64,70.56,69.739,68.266,66.968,69.039,67.588,4.243048876264747,0.019185351830101362,69.6197907143414
2021-09-06,6.4528,72.43,69.34,70.64,71.17999999999999,70.308,68.862,67.506,69.66799999999999,68.176,4.250577019534137,0.016827863997947463,70.1458762121583
2021-09-07,6.4662,71.52,68.49,69.71,71.38666666666667,70.49766666666667,69.06066666666666,67.68533333333333,69.87766666666667,68.372,4.254281428181458,0.012143813450252781,70.40620709084939
2021-09-08,6.4612,72.36,69.36,70.38,71.59333333333333,70.68733333333333,69.25933333333333,67.86466666666668,70.08733333333333,68.568,4.2572030291166545,0.01156179206892172,70.61220670913826
2021-09-09,6.4547,71.32,68.26,69.63,71.8,70.877,69.458,68.04400000000001,70.297,68.764,4.260152518140172,0.007980727660171232,70.82078408488375
2021-09-10,6.444,72.44,69.82,70.7,72.00666666666666,71.06666666666666,69.65666666666667,68.22333333333334,70.50666666666666,68.96,4.262847857237439,0.00897794887190043,71.01192759569666
2021-09-13,6.4511,72.97,70.54,71.11,72.62666666666667,71.63566666666667,70.25266666666667,68.76133333333334,71.13566666666667,69.548,4.270028445332514,0.00995312642188508,71.52367010486202
2021-09-14,6.4382,73.05,70.53,71.19,72.83333333333333,71.82533333333333,70.45133333333334,68.94066666666667,71.34533333333333,69.744,4.273338531004736,0.009703163770646887,71.76081184371334
2021-09-15,6.432,74.84,72.59,72.09,73.03999999999999,72.015,70.65,69.12,71.555,69.94,4.275851795822001,0.013472493912256616,71.94139259595094
2021-09-16,6.4566,75.14,72.69,72.07,73.24666666666667,72.20466666666667,70.84866666666666,69.29933333333334,71.76466666666667,70.136,4.278321680975767,0.015395858361481288,72.11929918744877
2021-09-17,6.4655,74.64,72.09,71.92,73.45333333333333,72.39433333333334,71.04733333333333,69.47866666666667,71.97433333333333,70.332,4.280959363925599,0.014689955170279089,72.30977813436857
2021-09-20,6.4651,73.59,70.41,71.36,74.07333333333334,72.96333333333334,71.64333333333333,70.01666666666667,72.60333333333334,70.92,4.288327654221808,0.010668440407029347,72.84454531136807
2021-09-21,6.4651,73.65,70.51,71.57,74.28,73.153,71.842,70.196,72.813,71.116,4.291814621832875,0.008051132379352486,73.09899525304422
2021-09-22,6.4611,75.5,72.37,72.14,74.48666666666666,73.34266666666667,72.04066666666667,70.37533333333333,73.02266666666667,71.312,4.294413601456746,0.010487673118377578,73.28922514696265
2021-09-23,6.459,76.44,73.43,72.35,74.69333333333333,73.53233333333333,72.23933333333333,70.55466666666666,73.23233333333333,71.508,4.296811934094863,0.013296861964948174,73.46520803605377
2021-09-24,6.466,77.42,74.18,72.45,74.9,73.722,72.438,70.73400000000001,73.44200000000001,71.704,4.299164801729939,0.01621597843289977,73.63826545711147
2021-09-27,6.456,78.85,75.54,72.61,75.52,74.291,73.03399999999999,71.272,74.071,72.292,4.305874671661513,0.019688112376483803,74.13403003820403
2021-09-28,6.4595,78.3,75.44,72.63,75.72666666666666,74.48066666666666,73.23266666666666,71.45133333333334,74.28066666666666,72.488,4.309010710032464,0.019506614262305395,74.36688212670262
2021-09-29,6.4702,77.86,75.06,72.57,75.93333333333334,74.67033333333333,73.43133333333333,71.63066666666667,74.49033333333334,72.684,4.311744476486581,0.01797881966022046,74.57046195742643
2021-09-30,6.4434,77.81,75.22,72.61,76.14,74.86,73.63,71.81,74.7,72.88,4.314410394350401,0.016719319510086806,74.7695259102484
2021-10-01,6.4434,79.4,76.01,76.77,76.27275862068966,74.98068965517241,73.7903448275862,71.92793103448277,74.87931034482759,73.03827586206896,4.3159269664409265,0.021270819470408393,74.8830053145643
2021-10-04,6.4434,81.44,77.68,78.52,76.67103448275861,75.34275862068965,74.27137931034483,72.28172413793104,75.41724137931035,73.51310344827586,4.319858849815284,0.027901157220930187,75.17801615222149
2021-10-05,6.4434,82.72,79.17,79.71,76.80379310344827,75.46344827586206,74.43172413793103,72.3996551724138,75.59655172413794,73.67137931034482,4.321383647445823,0.033797258718478114,75.29273485229324
2021-10-06,6.4434,81.39,77.66,78.69,76.93655172413793,75.58413793103448,74.59206896551724,72.51758620689655,75.77586206896552,73.8296551724138,4.322964638089061,0.0332072248502302,75.41186610948564
2021-10-07,6.4434,82.34,78.46,79.45,77.06931034482758,75.70482758620689,74.75241379310344,72.63551724137932,75.95517241379311,73.98793103448276,4.324472432959232,0.03487963816444737,75.52565749983464
2021-10-08,6.4435,82.17,79.55,79.76,77.20206896551724,75.82551724137932,74.91275862068966,72.75344827586207,76.13448275862069,74.14620689655172,4.326011644432087,0.03553690685944105,75.64199697090855
2021-10-11,6.4435,83.75,80.64,80.68,77.6003448275862,76.18758620689655,75.39379310344827,73.10724137931035,76.67241379310346,74.62103448275862,4.330142973965975,0.03875570798058068,75.9551454012779
2021-10-12,6.4485,83.53,80.75,80.58,77.73310344827586,76.30827586206897,75.55413793103448,73.2251724137931,76.85172413793104,74.77931034482758,4.332033990577825,0.03939217669603464,76.09891373429792
2021-10-13,6.4262,83.53,80.67,80.45,77.86586206896551,76.42896551724138,75.71448275862069,73.34310344827587,77.03103448275863,74.93758620689655,4.333668978243014,0.03930601882145894,76.22343628826836
2021-10-14,6.438,83.86,81.43,80.95,77.99862068965517,76.5496551724138,75.87482758620689,73.46103448275862,77.21034482758621,75.09586206896552,4.33522728450984,0.03997386988798855,76.34230834219376
2021-10-15,6.434,84.67,82.39,81.51,78.13137931034483,76.6703448275862,76.0351724137931,73.57896551724139,77.3896551724138,75.25413793103448,4.336688338380453,0.04188028352846877,76.4539300901257
2021-10-18,6.429,84.13,82.62,81.31,78.52965517241378,77.03241379310344,76.51620689655172,73.93275862068965,77.92758620689656,75.72896551724138,4.340984860518628,0.04133364021219342,76.78312277873479
2021-10-19,6.3822,85.02,83.19,81.61,78.66241379310344,77.15310344827586,76.67655172413794,74.05068965517242,78.10689655172415,75.88724137931034,4.342897222134976,0.04228985382899977,76.9301003678772
2021-10-20,6.3936,85.76,84.4,81.81,78.7951724137931,77.27379310344827,76.83689655172414,74.16862068965517,78.28620689655173,76.04551724137932,4.344406074111731,0.04401250905829447,77.04626411680181
2021-10-21,6.3925,84.58,82.64,81.44,78.92793103448275,77.39448275862068,76.99724137931034,74.28655172413794,78.46551724137932,76.20379310344828,4.346073981624993,0.04208261056680279,77.17487738729515
2021-10-22,6.3839,85.43,84.53,81.61,79.06068965517241,77.51517241379311,77.15758620689655,74.40448275862069,78.6448275862069,76.36206896551724,4.3476356416870106,0.04273593557600766,77.29549246646515
2021-10-25,6.3856,84.85,84.64,81.73,79.45896551724138,77.87724137931035,77.63862068965517,74.75827586206897,79.18275862068965,76.83689655172414,4.351946252788404,0.041670333998058764,77.62940243534631
2021-10-26,6.382,85.11,85.64,81.82,79.59172413793102,77.99793103448276,77.79896551724138,74.87620689655172,79.36206896551725,76.9951724137931,4.353934235846576,0.041290710829166036,77.78388187257957
2021-10-27,6.3915,84.12,82.66,81.6,79.72448275862068,78.11862068965517,77.95931034482759,74.99413793103449,79.54137931034484,77.15344827586206,4.355732366769439,0.03844529625206122,77.92387329961275
2021-10-28,6.3917,83.4,82.78,81.55,79.85724137931034,78.23931034482759,78.1196551724138,75.11206896551724,79.72068965517242,77.31172413793104,4.357528355454946,0.03556253117059672,78.063949444323
2021-10-29,6.405,83.1,83.5,81.58,79.99,78.36,78.28,75.23,79.9,77.47,4.359269771088422,0.03352592017695919,78.20000966060623
2021-11-01,6.3972,84.51,84.08,82.38,78.9746875,77.41875,77.12875,74.219375,79.42375,77.08,4.349025900689252,0.03655013345394531,77.40302795446893
2021-11-02,6.3995,84.42,83.91,82.54,78.63624999999999,77.105,76.745,73.88250000000001,79.265,76.95,4.343892242407218,0.03933112430663186,77.00668547283617
2021-11-03,6.4061,81.1,80.82,80.16,78.29781249999999,76.79125,76.36125,73.545625,79.10625,76.82,4.339974410463342,0.0340209741039964,76.70557645302054
2021-11-04,6.397,80.15,78.88,78.95,77.959375,76.47749999999999,75.9775,73.20875000000001,78.9475,76.69,4.33623837514868,0.02950595491826308,76.41953637119533
2021-11-05,6.3961,82.43,81.25,80.94,77.6209375,76.16375,75.59375,72.871875,78.78875000000001,76.56,4.331978642288377,0.033661088817198516,76.09470190615366
2021-11-08,6.3902,83.22,81.96,81.62,76.60562499999999,75.2225,74.4425,71.86125,78.3125,76.17,4.320364204402927,0.03924201329756299,75.21601730879459
2021-11-09,6.3916,84.52,84.12,82.58,76.26718749999999,74.90875,74.05875,71.524375,78.15375,76.04,4.314626458685194,0.0466357525396526,74.7856826835154
2021-11-10,6.3882,82.91,81.23,81.27,75.92875,74.595,73.675,71.1875,77.995,75.91,4.310114853817968,0.047206045714443,74.44903920571755
2021-11-11,6.3882,83.4,81.47,81.67,75.5903125,74.28125,73.29125,70.85062500000001,77.83625,75.78,4.3057245295061675,0.04945378377053596,74.12290023069718
2021-11-12,6.3787,82.9,80.87,81.48,75.251875,73.9675,72.9075,70.51375,77.6775,75.65,4.301405446747338,0.05033462512340542,73.8034476579275
2021-11-15,6.3824,81.94,80.85,81.41,74.23656249999999,73.02624999999999,71.75625,69.503125,77.20125,75.26,4.28980931823664,0.050831581535503115,72.95255645118223
2021-11-16,6.3919,82.85,80.76,81.67,73.898125,72.71249999999999,71.3725,69.16625,77.0425,75.13,4.284249940374587,0.05431190913925808,72.54811089836574
2021-11-17,6.3775,80.67,78.32,80.76,73.5596875,72.39874999999999,70.98875,68.829375,76.88374999999999,75.0,4.279857620282261,0.05222660847059112,72.23015516606155
2021-11-18,6.3851,82.45,78.92,81.11,73.22125,72.085,70.605,68.4925,76.725,74.87,4.275333433158692,0.055473554012313346,71.90411052773366
2021-11-19,6.3863,80.24,76.11,80.33,72.8828125,71.77125,70.22125,68.155625,76.56625,74.74,4.271077902922685,0.0530861843140641,71.59877056381107
2021-11-22,6.3842,80.97,76.74,80.55,71.86749999999999,70.83,69.07,67.14500000000001,76.09,74.35,4.259077581428432,0.055238507083398544,70.74469712577597
2021-11-23,6.391,83.43,78.32,81.22,71.5290625,70.51625,68.68625,66.808125,75.93124999999999,74.22,4.253077537770525,0.06280826852361687,70.3214967344867
2021-11-24,6.3917,82.37,78.32,81.2,71.190625,70.20249999999999,68.3025,66.47125,75.7725,74.09,4.248164612731235,0.06571185300332952,69.97685977336077
2021-11-25,6.3917,82.05,78.32,81.2,70.8521875,69.88874999999999,67.91875,66.134375,75.61375,73.96000000000001,4.243498244270833,0.06750992828820145,69.65108265114986
2021-11-26,6.3924,72.37,78.32,80.08,70.51375,69.57499999999999,67.535,65.7975,75.455,73.83,4.240009988069252,0.051058060934590366,69.40854509264811
2021-11-29,6.3875,73.34,69.88,80.31,69.4984375,68.63374999999999,66.38374999999999,64.78687500000001,74.97874999999999,73.44,4.228386493614195,0.04494275334378909,68.6064458821488
2021-11-30,6.364,70.86,66.14,80.28,69.16,68.32,66.0,64.45,74.82,73.31,4.223305756094223,0.03782116231342125,68.25875854043456
2021-12-01,6.3641,69.53,65.44,67.73,69.38,68.53258064516129,66.25870967741936,64.70354838709677,74.85774193548386,73.34258064516129,4.2260944654826,0.023927915484457184,68.44937804888592
2021-12-02,6.3763,70.56,66.6,68.62,69.6,68.74516129032257,66.51741935483871,64.95709677419354,74.89548387096774,73.37516129032258,4.22952633087396,0.019504254193547663,68.68469065010477
2021-12-03,6.3758,70.71,66.39,68.91,69.82,68.95774193548387,66.77612903225807,65.21064516129033,74.9332258064516,73.40774193548387,4.232831386112785,0.017099982075389396,68.91207289522318
2021-12-06,6.3756,73.38,69.62,71.65,70.48,69.59548387096774,67.55225806451612,65.97129032258064,75.04645161290323,73.50548387096774,4.240840818561494,0.02227740293223829,69.46623579061016
2021-12-07,6.3657,75.54,71.94,73.54,70.7,69.80806451612902,67.81096774193549,66.22483870967743,75.08419354838709,73.53806451612903,4.244095300682964,0.029446567774803485,69.69268069361186
2021-12-08,6.3435,75.94,72.43,73.69,70.92,70.02064516129032,68.06967741935483,66.4783870967742,75.12193548387096,73.57064516129033,4.246851151805975,0.03319119386350707,69.88500823728292
2021-12-09,6.3772,74.1,70.87,72.72,71.14,70.23322580645161,68.3283870967742,66.73193548387097,75.15967741935484,73.60322580645162,4.24998802770546,0.029977380498881746,70.1045730290667
2021-12-10,6.3685,74.98,71.71,73.19,71.36,70.4458064516129,68.58709677419354,66.98548387096774,75.1974193548387,73.63580645161291,4.253040353117584,0.029901556527997888,70.31888190265245
2021-12-13,6.3659,74.12,71.19,72.71,72.02,71.08354838709677,69.36322580645161,67.74612903225807,75.31064516129031,73.73354838709677,4.2613534529161505,0.02646082639680973,70.90588631824093
2021-12-14,6.3671,73.37,70.57,72.22,72.24,71.29612903225807,69.62193548387097,67.99967741935484,75.34838709677419,73.76612903225806,4.265403071955401,0.021758943743318302,71.19361033859695
2021-12-15,6.3673,73.71,70.89,72.38,72.46,71.50870967741935,69.88064516129032,68.25322580645161,75.38612903225805,73.79870967741935,4.268691993507648,0.019559726721100082,71.42814601132184
2021-12-16,6.3674,74.64,72.34,73.02,72.68,71.72129032258064,70.13935483870968,68.5067741935484,75.42387096774193,73.83129032258064,4.27166097524092,0.02031721111948764,71.64052999814848
2021-12-17,6.3748,72.97,70.93,72.43,72.9,71.93387096774192,70.39806451612903,68.76032258064517,75.4616129032258,73.86387096774193,4.274852410579625,0.016178236702110167,71.86953134439281
2021-12-20,6.3756,70.51,68.69,71.65,73.56,72.5716129032258,71.1741935483871,69.5209677419355,75.57483870967741,73.9616129032258,4.283421245598179,0.006981771913624946,72.48801556161094
2021-12-21,6.3716,72.85,71.1,72.42,73.78,72.7841935483871,71.43290322580646,69.77451612903226,75.61258064516129,73.99419354838709,4.287215197546854,0.006986339255394164,72.76355396873495
2021-12-22,6.3695,74.69,72.82,72.71,74.0,72.99677419354839,71.6916129032258,70.02806451612904,75.65032258064515,74.02677419354838,4.2900276558837085,0.010351086835043329,72.96848647970462
2021-12-23,6.3696,76.26,73.89,72.99,74.22,73.20935483870967,71.95032258064516,70.2816129032258,75.68806451612903,74.05935483870967,4.292601906374696,0.01469801103833548,73.15656762197389
2021-12-24,6.3696,75.24,73.89,72.99,74.44,73.42193548387097,72.20903225806451,70.53516129032258,75.7258064516129,74.09193548387097,4.295423142727118,0.014322877652891251,73.36325100421395
2021-12-27,6.3705,75.24,75.49,73.2,75.10000000000001,74.05967741935484,72.98516129032258,71.2958064516129,75.8390322580645,74.18967741935484,4.303248177267036,0.013324154804498856,73.93957290594068
2021-12-28,6.3684,75.24,76.01,73.16,75.32000000000001,74.27225806451612,73.24387096774193,71.54935483870968,75.87677419354839,74.22225806451613,4.306906674975041,0.011833817073623415,74.21057609394654
2021-12-29,6.368,78.63,76.58,73.21,75.54,74.48483870967742,73.50258064516129,71.80290322580646,75.91451612903225,74.25483870967741,4.309560856579218,0.016754341067846994,74.4078060661473
2021-12-30,6.3726,78.61,76.83,73.2,75.76,74.6974193548387,73.76129032258063,72.05645161290323,75.95225806451613,74.2874193548387,4.312209074624793,0.01855587836487401,74.6051153045344
2021-12-31,6.3726,77.24,75.33,73.19,75.98,74.91,74.02,72.31,75.99,74.32,4.315146307168458,0.016037506498802687,74.82457001411244
2022-01-03,6.355,78.25,75.99,77.03,77.02357142857143,75.88499999999999,75.06571428571428,73.2207142857143,77.04321428571428,75.30142857142856,4.3266169787897795,0.017621879205354397,75.6877995320929
2022-01-04,6.3721,79.39,77.0,78.03,77.37142857142858,76.21,75.41428571428571,73.52428571428571,77.39428571428572,75.62857142857142,4.331789077055142,0.01972002421405234,76.08027836338326
2022-01-05,6.364,80.6,77.83,78.81,77.71928571428572,76.535,75.76285714285714,73.82785714285714,77.74535714285713,75.95571428571428,4.335990318518756,0.022592896821692753,76.40058234947531
2022-01-06,6.3822,81.99,79.47,79.69,78.06714285714285,76.86,76.11142857142858,74.13142857142857,78.09642857142856,76.28285714285714,4.339971097244972,0.02643286975561198,76.70532231111657
2022-01-07,6.3769,82.28,79.0,79.53,78.415,77.185,76.46,74.435,78.44749999999999,76.61,4.344044655536671,0.027822368169072794,77.01842319722684
2022-01-10,6.3756,81.56,78.11,78.89,79.45857142857143,78.16,77.50571428571428,75.3457142857143,79.50071428571428,77.59142857142857,4.355565515109445,0.025143054545432742,77.91087265661912
2022-01-11,6.3735,84.98,81.17,80.79,79.80642857142857,78.485,77.85428571428571,75.64928571428571,79.85178571428571,77.91857142857143,4.360515556277296,0.029825076146927892,78.29749078207246
2022-01-12,6.358,85.83,82.51,81.34,80.15428571428572,78.81,78.20285714285714,75.95285714285714,80.20285714285714,78.24571428571429,4.36452513890707,0.03320548203099635,78.6120612678057
2022-01-13,6.3595,85.8,81.97,81.3,80.50214285714286,79.135,78.55142857142857,76.25642857142857,80.55392857142857,78.57285714285715,4.368561802084728,0.033892158899377606,78.93003302151034
2022-01-14,6.3524,87.17,83.82,82.27,80.85,79.46000000000001,78.9,76.56,80.905,78.9,4.3724904599397,0.036581921791257806,79.24073203116613
2022-01-17,6.3524,87.82,83.82,82.27,81.89357142857143,80.435,79.94571428571429,77.4707142857143,81.95821428571428,79.88142857142857,4.383454471703623,0.037404741060328366,80.1143085499493
2022-01-18,6.3525,88.83,85.42,83.22,82.24142857142857,80.76,80.2942857142857,77.77428571428571,82.3092857142857,80.20857142857143,4.388396578620176,0.03880714666950207,80.51122201487419
2022-01-19,6.3447,89.64,86.84,83.56,82.58928571428572,81.08500000000001,80.64285714285714,78.07785714285714,82.66035714285714,80.53571428571429,4.392446200300369,0.04036434865658234,80.83792306639909
2022-01-20,6.3406,89.75,86.29,83.5,82.93714285714286,81.41,80.99142857142857,78.38142857142857,83.01142857142857,80.86285714285714,4.3964461702879065,0.040387201793067096,81.16191988931426
2022-01-21,6.3385,89.75,85.16,83.29,83.285,81.735,81.34,78.685,83.3625,81.19,4.400506408577864,0.03930587052149958,81.49212652932103
2022-01-24,6.3304,87.74,84.48,82.87,84.32857142857142,82.71000000000001,82.38571428571429,79.59571428571428,84.41571428571427,82.17142857142858,4.411631640954886,0.03373493173102357,82.40380730080719
2022-01-25,6.3257,89.49,86.61,83.21,84.67642857142857,83.035,82.73428571428572,79.89928571428571,84.7667857142857,82.49857142857144,4.416689328755915,0.03296152368346277,82.82163576403367
2022-01-26,6.3206,91.22,88.33,83.39,85.02428571428571,83.36,83.08285714285714,80.20285714285714,85.11785714285713,82.82571428571428,4.420657890816132,0.03483986390226479,83.15097162816062
2022-01-27,6.3677,90.7,87.61,83.33,85.37214285714286,83.685,83.43142857142857,80.50642857142857,85.46892857142856,83.15285714285714,4.424602294297096,0.0340309455121683,83.47960030607112
2022-01-28,6.3605,91.47,87.67,83.36,85.72,84.01,83.78,80.81,85.82,83.48,4.428497468819913,0.03410640864619917,83.80540203372044
2022-01-31,6.361,92.35,89.16,83.45,86.25516129032258,84.4541935483871,84.26870967741935,81.10032258064517,86.51677419354839,84.10903225806452,4.433568674944049,0.03513493852751741,84.23147594294227
2022-02-01,6.361,90.24,88.22,87.42,86.43354838709678,84.60225806451614,84.43161290322581,81.19709677419355,86.7490322580645,84.31870967741936,4.435910409389833,0.03374001202734963,84.42895482288156
2022-02-02,6.361,91.43,88.16,87.77,86.61193548387097,84.75032258064516,84.59451612903226,81.29387096774194,86.98129032258063,84.5283870967742,4.43771216219726,0.034745152818367306,84.58121205301822
2022-02-03,6.361,92.99,90.17,89.16,86.79032258064517,84.8983870967742,84.75741935483872,81.39064516129032,87.21354838709676,84.73806451612904,4.439252220645579,0.03841735482119076,84.71157241873526
2022-02-04,6.361,96.86,92.27,91.06,86.96870967741935,85.04645161290323,84.92032258064516,81.4874193548387,87.4458064516129,84.94774193548388,4.440421017134621,0.04700538397136955,84.81064089132295
2022-02-07,6.361,97.28,91.25,90.76,87.50387096774193,85.49064516129033,85.40903225806451,81.77774193548387,88.14258064516129,85.57677419354839,4.444782375889697,0.05102428295670814,85.18133830710786
2022-02-08,6.366,96.07,89.32,89.28,87.68225806451613,85.63870967741936,85.57193548387097,81.87451612903226,88.37483870967742,85.78645161290324,4.446957221521039,0.04959447351210582,85.36679616660412
2022-02-09,6.3619,94.95,89.57,89.88,87.86064516129032,85.78677419354838,85.73483870967742,81.97129032258064,88.60709677419354,85.99612903225807,4.4489273405184875,0.04729691075652347,85.53514469234574
2022-02-10,6.3526,96.37,89.83,89.92,88.03903225806451,85.93483870967742,85.89774193548386,82.06806451612904,88.83935483870967,86.2058064516129,4.450677521441336,0.04804262134343443,85.68497775005244
2022-02-11,6.354,97.5,93.1,91.79,88.21741935483871,86.08290322580645,86.06064516129032,82.16483870967743,89.0716129032258,86.41548387096775,4.452220822494283,0.051295943817263275,85.81731756025303
2022-02-14,6.3567,101.66,95.52,92.61,88.75258064516129,86.52709677419355,86.54935483870968,82.45516129032258,89.76838709677419,87.04451612903226,4.45639202955101,0.0591087030630731,86.1760269663551
2022-02-15,6.3385,98.43,92.07,90.86,88.93096774193549,86.67516129032258,86.71225806451613,82.55193548387096,90.00064516129032,87.25419354838711,4.458569653604696,0.05638820130921227,86.36389042928792
2022-02-16,6.3366,97.44,93.83,91.56,89.10935483870968,86.82322580645162,86.87516129032258,82.64870967741936,90.23290322580645,87.46387096774194,4.460540086249518,0.05400293420454929,86.53423242692581
2022-02-17,6.3381,95.28,91.78,90.67,89.28774193548387,86.97129032258064,87.03806451612903,82.74548387096775,90.46516129032257,87.67354838709677,4.462655868809424,0.04860279199119521,86.71751387019806
2022-02-18,6.3251,96.18,91.26,90.9,89.46612903225807,87.11935483870967,87.20096774193549,82.84225806451613,90.6974193548387,87.88322580645162,4.464578856520477,0.04702063226578279,86.88443102208277
2022-02-21,6.3251,98.95,91.26,90.9,90.00129032258064,87.56354838709677,87.68967741935484,83.1325806451613,91.3941935483871,88.51225806451613,4.469106201323042,0.049747265409894485,87.27867857319256
2022-02-22,6.326,98.73,92.11,91.84,90.17967741935485,87.7116129032258,87.85258064516128,83.22935483870968,91.62645161290322,88.72193548387096,4.471132491507472,0.0508402237973332,87.45570980064272
2022-02-23,6.3134,99.29,92.14,91.7,90.35806451612903,87.85967741935484,88.01548387096774,83.32612903225807,91.85870967741936,88.93161290322581,4.472814947460479,0.05180285254803215,87.60297402827156
2022-02-24,6.3283,101.29,92.77,92.07,90.53645161290322,88.00774193548386,88.17838709677419,83.42290322580645,92.09096774193549,89.14129032258064,4.474301705132854,0.055098865753176976,87.73331529095778
2022-02-25,6.3169,98.56,91.68,91.93,90.71483870967742,88.1558064516129,88.34129032258065,83.51967741935484,92.3232258064516,89.35096774193549,4.476117593858397,0.05235530152912612,87.89277396483587
2022-02-28,6.3084,103.08,96.13,92.34,91.25,88.6,88.83,83.81,93.02,89.98,4.480419502790541,0.05782190547042665,88.27169513203033
2022-03-01,6.3116,110.93,103.66,102.0,91.54322580645162,88.89290322580645,89.06612903225806,84.05516129032259,93.17032258064516,90.04225806451613,4.482703420697908,0.07572436162861872,88.47353083761124
2022-03-02,6.321,118.94,110.74,109.4,91.83645161290323,89.1858064516129,89.30225806451612,84.30032258064516,93.32064516129032,90.10451612903226,4.484309307997247,0.09784028546140856,88.6157234992476
2022-03-03,6.3195,115.36,107.69,106.58,92.12967741935483,89.47870967741935,89.53838709677419,84.54548387096774,93.47096774193548,90.16677419354839,4.486862150886282,0.10207520182776586,88.84223451934832
2022-03-04,6.3188,123.86,115.77,114.95,92.42290322580645,89.7716129032258,89.77451612903226,84.79064516129033,93.62129032258065,90.22903225806452,4.488988818663344,0.11809393756677386,89.03137348332776
2022-03-07,6.3194,129.02,119.26,118.18,93.30258064516129,90.65032258064515,90.48290322580645,85.52612903225807,94.07225806451613,90.41580645161291,4.496569770481691,0.13196059296852197,89.7088808667015
2022-03-08,6.3178,133.18,123.64,122.53,93.5958064516129,90.94322580645161,90.71903225806452,85.77129032258064,94.22258064516129,90.47806451612904,4.499518636014722,0.14425471649435068,89.97381072277516
2022-03-09,6.3174,116.58,108.81,110.86,93.88903225806452,91.23612903225806,90.95516129032258,86.01645161290323,94.37290322580645,90.54032258064517,4.503790465379134,0.12421092969495252,90.3589856043943
2022-03-10,6.3212,114.54,105.93,110.2,94.18225806451613,91.52903225806452,91.19129032258064,86.26161290322581,94.5232258064516,90.6025806451613,4.508150042228368,0.11051160197216717,90.75377247272783
2022-03-11,6.3389,118.11,109.31,112.59,94.47548387096774,91.82193548387096,91.4274193548387,86.50677419354838,94.67354838709677,90.66483870967743,4.511714048335701,0.10886987731054927,91.07779654098009
2022-03-14,6.3645,110.39,103.22,109.18,95.35516129032258,92.70064516129032,92.13580645161291,87.24225806451614,95.12451612903226,90.85161290322581,4.521202750429954,0.09476637441605582,91.94611973483183
2022-03-15,6.3696,105.14,96.42,105.76,95.6483870967742,92.99354838709678,92.37193548387097,87.4874193548387,95.27483870967743,90.91387096774194,4.5264459543832745,0.077233578999735,92.42947805911562
2022-03-16,6.351,104.61,94.85,104.89,95.9416129032258,93.28645161290322,92.60806451612903,87.73258064516129,95.42516129032258,90.97612903225806,4.530685044254066,0.06650065243550332,92.82212657149726
2022-03-17,6.3459,113.5,102.97,108.78,96.23483870967742,93.57935483870968,92.8441935483871,87.97774193548386,95.57548387096774,91.03838709677419,4.533527033015389,0.0749694064526483,93.0863012249042
2022-03-18,6.3609,114.32,104.69,108.99,96.52806451612904,93.87225806451613,93.08032258064516,88.22290322580645,95.72580645161291,91.10064516129032,4.536215318659493,0.07979802840234249,93.33688045551521
2022-03-21,6.3552,122.29,112.14,111.73,97.40774193548387,94.75096774193548,93.78870967741936,88.95838709677419,96.1767741935484,91.2874193548387,4.543687195475536,0.09248508387664112,94.03689407970859
2022-03-22,6.366,121.53,111.03,111.43,97.70096774193549,95.04387096774194,94.02483870967743,89.20354838709677,96.32709677419355,91.34967741935483,4.547024748608645,0.09638504877218168,94.35127154409012
2022-03-23,6.372,127.52,114.89,112.59,97.9941935483871,95.3367741935484,94.26096774193549,89.44870967741936,96.47741935483872,91.41193548387096,4.549522077588631,0.10537046680444076,94.58719217191327
2022-03-24,6.367,123.98,114.2,111.82,98.28741935483872,95.62967741935485,94.49709677419355,89.69387096774193,96.62774193548387,91.47419354838709,4.552447239408555,0.10475900933750029,94.86428008101775
2022-03-25,6.3658,122.67,116.2,112.1,98.58064516129032,95.92258064516129,94.73322580645161,89.93903225806451,96.77806451612904,91.53645161290322,4.555599799804529,0.10272759671816063,95.16381735999252
2022-03-28,6.3714,114.5,107.55,110.84,99.46032258064517,96.80129032258066,95.44161290322582,90.67451612903226,97.22903225806452,91.72322580645161,4.564677818251379,0.08889512562821927,96.0316493871764
2022-03-29,6.3635,112.79,104.25,110.55,99.75354838709677,97.0941935483871,95.67774193548388,90.91967741935484,97.37935483870969,91.78548387096774,4.569327795677955,0.07821337560165624,96.47923421224635
2022-03-30,6.347,115.59,107.81,110.89,100.04677419354839,97.38709677419355,95.91387096774194,91.16483870967741,97.52967741935484,91.84774193548387,4.572760474240077,0.07636455790129458,96.81098548319473
2022-03-31,6.3393,107.29,100.53,110.89,100.34,97.68,96.15,91.41,97.68,91.91,4.576646012508768,0.06317468928288664,97.18788001700909
2022-04-01,6.3625,106.13,99.32,101.85,100.37068965517241,97.68827586206898,96.21896551724139,91.46586206896552,97.78241379310346,92.04896551724137,4.578149336707795,0.050868608222188194,97.33409478545373
2022-04-04,6.3619,108.15,103.29,104.77,100.46275862068966,97.71310344827587,96.42586206896553,91.63344827586207,98.0896551724138,92.46586206896552,4.578846411812559,0.04949035392847887,97.40196761325431
2022-04-05,6.3619,106.6,101.98,103.27,100.49344827586208,97.72137931034483,96.4948275862069,91.68931034482759,98.19206896551725,92.6048275862069,4.579270388094883,0.04591507136400795,97.44327249289995
2022-04-06,6.359,100.81,96.39,98.81,100.52413793103449,97.7296551724138,96.56379310344828,91.7451724137931,98.2944827586207,92.74379310344827,4.58022269786629,0.03342114624085711,97.536112872837
2022-04-07,6.36,99.83,96.05,98.42,100.5548275862069,97.73793103448277,96.63275862068966,91.80103448275862,98.39689655172414,92.88275862068966,4.581040226359967,0.025717210182309456,97.615884027426
2022-04-08,6.3643,101.26,98.35,99.72,100.5855172413793,97.74620689655173,96.70172413793104,91.85689655172413,98.49931034482759,93.02172413793103,4.581369801138414,0.024938319968099552,97.64806106285565
2022-04-11,6.3692,97.92,94.22,97.02,100.67758620689655,97.77103448275862,96.90862068965518,92.02448275862069,98.80655172413793,93.43862068965517,4.582126225314005,0.018020497477834484,97.72195236000175
2022-04-12,6.3651,104.42,100.52,101.49,100.70827586206897,97.77931034482759,96.97758620689656,92.0803448275862,98.90896551724138,93.57758620689656,4.581852511007503,0.026777515275933944,97.69520812388842
2022-04-13,6.3678,108.49,104.26,103.7,100.73896551724138,97.78758620689656,97.04655172413794,92.13620689655173,99.01137931034484,93.71655172413793,4.5811329256831375,0.03804441340288393,97.62493337323367
2022-04-14,6.3775,110.83,106.84,104.82,100.76965517241379,97.79586206896552,97.11551724137932,92.19206896551724,99.11379310344829,93.8555172413793,4.580437949120101,0.0475099509298279,97.55710990316216
2022-04-15,6.3705,110.83,106.84,104.82,100.80034482758622,97.80413793103449,97.18448275862069,92.24793103448276,99.21620689655172,93.99448275862069,4.580056253158588,0.052214793878987135,97.51987985402701
2022-04-18,6.363,110.83,108.24,105.44,100.89241379310346,97.82896551724139,97.39137931034483,92.4155172413793,99.52344827586208,94.41137931034483,4.580058588539858,0.05516682834796247,97.52010760039377
2022-04-19,6.393,105.49,102.54,103.09,100.92310344827587,97.83724137931034,97.46034482758621,92.47137931034483,99.62586206896552,94.5503448275862,4.580580260518461,0.04780311839428224,97.57099437982872
2022-04-20,6.4188,105.05,102.56,103.12,100.95379310344828,97.84551724137931,97.52931034482759,92.52724137931034,99.72827586206897,94.68931034482759,4.581070080005393,0.04366504090874335,97.61879826091574
2022-04-21,6.45,107.2,103.89,103.85,100.9844827586207,97.85379310344828,97.59827586206897,92.58310344827586,99.83068965517242,94.82827586206896,4.581183668397852,0.04503813135649132,97.62988725306245
2022-04-22,6.501,105.15,102.86,103.43,101.01517241379311,97.86206896551724,97.66724137931035,92.63896551724137,99.93310344827587,94.96724137931034,4.581427980011705,0.04268616220373286,97.65374228228924
2022-04-25,6.5585,99.27,99.6,102.3,101.10724137931035,97.88689655172413,97.87413793103448,92.80655172413793,100.24034482758621,95.38413793103447,4.582393749294522,0.03257165512157606,97.74809882292794
2022-04-26,6.5552,102.89,102.62,102.69,101.13793103448276,97.8951724137931,97.94310344827586,92.86241379310344,100.34275862068966,95.52310344827586,4.582664329049673,0.03331741358051278,97.7745510581322
2022-04-27,6.5595,103.3,101.96,102.69,101.16862068965517,97.90344827586208,98.01206896551724,92.91827586206897,100.4451724137931,95.66206896551724,4.582735923232054,0.03415425319760289,97.78155139776166
2022-04-28,6.6243,105.78,105.47,102.76,101.1993103448276,97.91172413793103,98.08103448275862,92.97413793103448,100.54758620689655,95.80103448275862,4.582559099075592,0.038520974470417496,97.76426278598535
2022-04-29,6.608,108.36,104.59,102.79,101.23,97.92,98.15,93.03,100.65,95.94,4.582245527664991,0.0439590436904661,97.73361151412963
2022-05-02,6.6079,108.36,105.18,103.86,101.9078125,98.5603125,98.9628125,93.721875,101.5865625,96.825,4.5876096357603915,0.046592761768746764,98.25927376497812
2022-05-03,6.6079,104.94,102.53,103.39,102.13375,98.77375,99.23375,93.9525,101.89875,97.12,4.590503659377337,0.04202878113237335,98.54405030008783
2022-05-04,6.6079,110.53,107.84,105.97,102.3596875,98.9871875,99.5046875,94.183125,102.2109375,97.41499999999999,4.592414045387551,0.048574679456506994,98.73248741167228
2022-05-05,6.6535,112.11,108.17,106.4,102.58562500000001,99.200625,99.775625,94.41375,102.52312500000001,97.71,4.594173439832732,0.05359108273618837,98.90634970290915
2022-05-06,6.6651,113.86,109.72,107.57,102.81156250000001,99.4140625,100.04656250000001,94.644375,102.8353125,98.005,4.595926394650278,0.05856058085577073,99.07988011615768
2022-05-09,6.7295,106.67,103.08,102.79,103.489375,100.05437500000001,100.859375,95.33625,103.77187500000001,98.89,4.602315406125666,0.04796469780035316,99.714929114674
2022-05-10,6.7343,102.61,99.74,100.43,103.7153125,100.2678125,101.1303125,95.566875,104.0840625,99.185,4.6059619355170955,0.034976074336979836,100.07920630453992
2022-05-11,6.7186,107.7,105.5,104.56,103.94125,100.48125,101.40125,95.7975,104.39625000000001,99.47999999999999,4.608270222996442,0.03768543847370473,100.31048470922721
2022-05-12,6.786,108.06,106.15,104.66,104.1671875,100.6946875,101.6721875,96.028125,104.7084375,99.77499999999999,4.61031143367891,0.03919431862782624,100.51544865831455
2022-05-13,6.788,112.12,110.52,107.23,104.393125,100.908125,101.943125,96.25874999999999,105.02062500000001,100.07,4.611966749592433,0.046477081508856516,100.681971265771
2022-05-16,6.7852,114.86,114.07,108.4,105.0709375,101.5484375,102.7559375,96.950625,105.9571875,100.955,4.617144482542976,0.05366768930445068,101.20462754558666
2022-05-17,6.7361,112.89,112.31,106.88,105.296875,101.761875,103.026875,97.18125,106.269375,101.25,4.61966154666298,0.05313520816680648,101.4596869481322
2022-05-18,6.754,110.04,109.67,105.53,105.5228125,101.9753125,103.29781249999999,97.411875,106.5815625,101.545,4.622155980037182,0.047884583421112153,101.71308729113585
2022-05-19,6.7109,113.22,112.21,106.99,105.74875,102.18875,103.56875,97.6425,106.89375,101.84,4.624235819163207,0.04990596081739258,101.92485429402458
2022-05-20,6.6921,113.63,112.63,107.21,105.9746875,102.4021875,103.8396875,97.873125,107.2059375,102.13499999999999,4.626235856617598,0.05115515688941017,102.12891181346508
2022-05-23,6.649,115.13,110.32,107.32,106.6525,103.0425,104.6525,98.565,108.1425,103.02,4.631791237318153,0.05253664310059815,102.69785568578622
2022-05-24,6.653,115.77,112.55,107.17,106.87843749999999,103.2559375,104.92343749999999,98.795625,108.4546875,103.315,4.6342953793712836,0.053524869328537936,102.95534796904741
2022-05-25,6.6916,116.41,112.88,107.17,107.10437499999999,103.469375,105.194375,99.02625,108.766875,103.61,4.636369081324764,0.05439361090456949,103.16906819468944
2022-05-26,6.738,119.81,116.19,107.64,107.33031249999999,103.6828125,105.4653125,99.256875,109.0790625,103.905,4.638137243317719,0.05913892817100973,103.35164918873868
2022-05-27,6.698,121.19,114.96,107.75,107.55624999999999,103.89625,105.73625,99.4875,109.39125,104.19999999999999,4.63990527087968,0.062555126554303,103.53453938288882
2022-05-30,6.698,123.01,114.96,107.75,108.2340625,104.5365625,106.54906249999999,100.179375,110.3278125,105.085,4.645231012351095,0.06556301504172901,104.08740848518165
2022-05-31,6.6715,125.53,114.38,108.13,108.46,104.75,106.82,100.41,110.64,105.38,4.647492318848824,0.06923975110280157,104.32304834488177
2022-06-01,6.6858,122.2,115.26,110.91,108.20466666666665,104.491,106.52533333333332,100.13666666666666,110.35566666666666,105.094,4.645718956815338,0.0685977093436485,104.13820975304012
2022-06-02,6.6596,122.2,116.88,112.02,107.94933333333333,104.232,106.23066666666666,99.86333333333333,110.07133333333333,104.80799999999999,4.64330052471007,0.06942545585391062,103.88666286033316
2022-06-03,6.6595,125.68,118.97,113.83,107.69399999999999,103.973,105.93599999999999,99.59,109.787,104.52199999999999,4.6404551888170396,0.07530487837266825,103.59149054102821
2022-06-06,6.6534,124.99,118.41,114.01,106.928,103.196,105.05199999999999,98.77,108.934,103.664,4.633381166965607,0.07851087675496406,102.86126792382811
2022-06-07,6.6675,126.89,119.55,115.29,106.67266666666666,102.937,104.75733333333334,98.49666666666667,108.64966666666666,103.378,4.629863134174855,0.08381626595163608,102.50003439863593
2022-06-08,6.6825,129.2,121.94,117.5,106.41733333333333,102.678,104.46266666666666,98.22333333333333,108.36533333333334,103.092,4.626732664835129,0.09073618424394203,102.17966290183654
2022-06-09,6.6915,128.47,121.52,117.09,106.16199999999999,102.419,104.16799999999999,97.94999999999999,108.081,102.806,4.623880737393764,0.09367067574117442,101.88866906115004
2022-06-10,6.7081,127.44,120.73,116.67,105.90666666666667,102.16,103.87333333333333,97.67666666666666,107.79666666666667,102.52,4.6212440287959025,0.09425817289392247,101.62037219717439
2022-06-13,6.753,128.44,120.92,116.64,105.14066666666666,101.383,102.98933333333333,96.85666666666665,106.94366666666667,101.66199999999999,4.6141718639169795,0.09678477867024536,100.90423148736969
2022-06-14,6.7395,127.02,118.92,115.71,104.88533333333334,101.124,102.69466666666666,96.58333333333333,106.65933333333334,101.37599999999999,4.610947431114901,0.0967855683314776,100.57939655913363
2022-06-15,6.7128,124.96,115.32,114.35,104.63,100.86500000000001,102.4,96.31,106.375,101.09,4.608458466029652,0.094052539382449,100.32936923651623
2022-06-16,6.703,125.78,117.56,115.34,104.37466666666666,100.60600000000001,102.10533333333333,96.03666666666666,106.09066666666666,100.804,4.6058778549626584,0.0948906693236982,100.07079194313326
2022-06-17,6.716,119.22,109.56,112.72,104.11933333333333,100.34700000000001,101.81066666666666,95.76333333333332,105.80633333333333,100.518,4.60383706541733,0.08612000188467188,99.86677676397254
2022-06-20,6.716,118.25,109.56,112.72,103.35333333333332,99.57000000000001,100.92666666666666,94.94333333333333,104.95333333333333,99.66,4.597240919473448,0.08181482154130806,99.21020871937203
2022-06-21,6.688,118.51,110.49,113.34,103.098,99.311,100.632,94.66999999999999,104.669,99.374,4.594136889331365,0.0813606402134271,98.90273469230478
2022-06-22,6.6983,115.54,106.22,112.34,102.84266666666666,99.052,100.33733333333333,94.39666666666666,104.38466666666666,99.088,4.59172412715738,0.07712617165078203,98.66439356099225
2022-06-23,6.698,114.5,105.75,111.86,102.58733333333333,98.793,100.04266666666666,94.12333333333333,104.10033333333334,98.80199999999999,4.589365768190057,0.0740718298984979,98.43198166673983
2022-06-24,6.6878,117.36,109.07,112.3,102.332,98.534,99.748,93.85,103.816,98.51599999999999,4.586610227816933,0.07727073021125032,98.16112172139458
2022-06-27,6.6899,119.69,111.44,112.7,101.566,97.757,98.864,93.03,102.963,97.658,4.579042089566008,0.08327284309181474,97.4210288763302
2022-06-28,6.707,122.21,113.66,113.11,101.31066666666666,97.498,98.56933333333333,92.75666666666666,102.67866666666667,97.372,4.575179281169739,0.09062967653930193,97.04543599670542
2022-06-29,6.6997,120.8,111.65,113.02,101.05533333333332,97.239,98.27466666666668,92.48333333333332,102.39433333333334,97.086,4.572144930130202,0.09291504160385271,96.75141238812422
2022-06-30,6.6981,119.78,107.76,113.24,100.8,96.98,97.98,92.21,102.11,96.8,4.569407035161426,0.09293542616854325,96.48687947983052
2022-07-01,6.7,119.21,110.3,107.89,100.6903448275862,96.92103448275863,97.82206896551725,92.12689655172413,101.86413793103448,96.59482758620689,4.568587962743783,0.09065140701293223,96.40788209489021
2022-07-04,6.7,121.8,110.3,107.89,100.36137931034483,96.74413793103449,97.34827586206897,91.87758620689655,101.12655172413793,95.97931034482758,4.56670546924197,0.09241645297049793,96.22656560042984
2022-07-05,6.7192,110.49,101.55,100.73,100.25172413793103,96.68517241379311,97.19034482758622,91.79448275862069,100.88068965517242,95.77413793103447,4.566918976076411,0.07522249252760269,96.24711282324847
2022-07-06,6.707,108.54,100.31,98.98,100.14206896551724,96.62620689655172,97.03241379310346,91.71137931034482,100.6348275862069,95.56896551724138,4.567278927257583,0.06329752099618456,96.28176332106324
2022-07-07,6.7005,113.4,104.62,102.02,100.03241379310344,96.56724137931035,96.8744827586207,91.62827586206896,100.38896551724137,95.36379310344827,4.566736970289494,0.06562290665507542,96.2295968857899
2022-07-08,6.6945,113.95,106.78,104.22,99.92275862068965,96.50827586206897,96.71655172413793,91.5451724137931,100.14310344827587,95.15862068965517,4.56589537162249,0.06871321921171533,96.14864425491582
2022-07-11,6.7175,114.85,106.09,104.28,99.59379310344828,96.33137931034483,96.24275862068966,91.29586206896552,99.40551724137931,94.54310344827586,4.563918371951907,0.07108731768527295,95.95874619295158
2022-07-12,6.7234,106.98,97.69,99.14,99.48413793103448,96.27241379310345,96.0848275862069,91.21275862068966,99.15965517241379,94.33793103448275,4.563810599343872,0.05873487944417495,95.94840502586786
2022-07-13,6.7175,107.17,98.44,100.0,99.37448275862069,96.21344827586206,95.92689655172414,91.12965517241379,98.91379310344828,94.13275862068966,4.563673368578652,0.05345046176447506,95.93523885624695
2022-07-14,6.7542,107.74,97.79,99.7,99.26482758620689,96.15448275862069,95.76896551724138,91.04655172413793,98.66793103448276,93.92758620689655,4.56326798349436,0.0513238729148111,95.8963560231495
2022-07-15,6.7565,112.26,99.59,101.03,99.15517241379311,96.09551724137931,95.61103448275863,90.96344827586206,98.42206896551724,93.72241379310344,4.562317230252164,0.05692313940113776,95.80522557989252
2022-07-18,6.742,117.27,104.48,103.58,98.82620689655172,95.91862068965517,95.13724137931035,90.71413793103447,97.68448275862069,93.10689655172413,4.559787830283362,0.06754465991072568,95.56320206147575
2022-07-19,6.743,114.96,106.12,103.78,98.71655172413793,95.8596551724138,94.9793103448276,90.63103448275862,97.43862068965518,92.90172413793103,4.558596324404009,0.07041241805524158,95.44940575231833
2022-07-20,6.754,115.86,104.45,103.54,98.60689655172413,95.8006896551724,94.82137931034484,90.54793103448276,97.19275862068966,92.69655172413792,4.557699441728641,0.07256486988652383,95.36383721213143
2022-07-21,6.7655,112.81,98.44,102.55,98.49724137931035,95.74172413793103,94.66344827586208,90.4648275862069,96.94689655172414,92.49137931034483,4.557239467136614,0.06845786927515081,95.31998235684847
2022-07-22,6.75,106.77,97.71,102.32,98.38758620689656,95.68275862068965,94.50551724137932,90.38172413793103,96.70103448275863,92.28620689655172,4.557272053480438,0.05848997347530807,95.32308853717612
2022-07-25,6.7499,108.23,99.83,102.63,98.05862068965517,95.50586206896551,94.03172413793104,90.13241379310344,95.96344827586208,91.67068965517241,4.555833200804678,0.05581478536581711,95.18603128241729
2022-07-26,6.7616,107.32,97.74,102.66,97.94896551724139,95.44689655172414,93.87379310344828,90.04931034482759,95.71758620689656,91.4655172413793,4.555255269756236,0.05305618390462828,95.13103621277108
2022-07-27,6.757,109.64,100.03,102.75,97.8393103448276,95.38793103448276,93.71586206896552,89.96620689655172,95.47172413793103,91.2603448275862,4.554500190973369,0.05511681621865956,95.05923189810348
2022-07-28,6.7465,109.68,99.11,102.8,97.7296551724138,95.32896551724137,93.55793103448276,89.88310344827586,95.22586206896553,91.0551724137931,4.553749358845012,0.0560280773925815,94.98788516076061
2022-07-29,6.7433,111.51,101.31,103.12,97.62,95.27,93.4,89.8,94.98,90.85,4.552863633267834,0.05928601722821528,94.90378920981685
2022-08-01,6.7674,106.09,96.59,97.87,97.01727272727273,94.72999999999999,92.80727272727273,89.3190909090909,94.62636363636364,90.56545454545454,4.548320534350348,0.05133433776348755,94.4736098214485
2022-08-02,6.7499,106.51,97.14,99.4,96.81636363636363,94.55,92.60969696969697,89.15878787878788,94.50848484848485,90.47060606060606,4.546232238288317,0.049450938726269114,94.27652680955423
2022-08-03,6.7565,101.82,93.25,95.97,96.61545454545455,94.36999999999999,92.41212121212122,88.99848484848485,94.39060606060606,90.37575757575758,4.544877135368814,0.04033115697186908,94.14885893392595
2022-08-04,6.7485,97.99,91.29,94.08,96.41454545454546,94.19,92.21454545454546,88.83818181818182,94.27272727272728,90.28090909090909,4.543793244637373,0.029589210376764537,94.04686714231569
2022-08-05,6.7607,100.31,91.77,94.41,96.21363636363637,94.00999999999999,92.0169696969697,88.67787878787878,94.15484848484849,90.18606060606061,4.542177382037373,0.028195851570332362,93.89502303969533
2022-08-08,6.7505,103.46,93.52,96.04,95.61090909090909,93.47,91.42424242424242,88.1969696969697,93.80121212121213,89.90151515151514,4.5366858439335065,0.033645829220861054,93.38080815050203
2022-08-09,6.7525,103.81,93.18,95.97,95.41,93.28999999999999,91.22666666666667,88.03666666666666,93.68333333333334,89.80666666666666,4.53396781073217,0.0373776537487741,93.12734063618626
2022-08-10,6.723,105.06,94.68,96.87,95.2090909090909,93.11,91.02909090909091,87.87636363636364,93.56545454545454,89.71181818181817,4.531606708076203,0.041996725750195286,92.90771680410366
2022-08-11,6.7445,107.19,97.02,98.18,95.00818181818182,92.92999999999999,90.83151515151515,87.71606060606061,93.44757575757576,89.61696969696969,4.529170866007728,0.04847392730273427,92.68168368128168
2022-08-12,6.7425,103.7,94.86,96.48,94.80727272727273,92.75,90.6339393939394,87.55575757575758,93.32969696969697,89.5221212121212,4.527242701984826,0.04622116804773631,92.5031503692928
2022-08-15,6.7715,98.25,92.24,94.97,94.20454545454545,92.21,90.04121212121213,87.07484848484849,92.97606060606061,89.23757575757575,4.5225514466018675,0.03711207190578469,92.07021077628681
2022-08-16,6.7875,95.36,89.23,93.46,94.00363636363636,92.03,89.84363636363636,86.91454545454546,92.85818181818182,89.14272727272727,4.5208572987394815,0.02786853896285648,91.9143622779864
2022-08-17,6.7805,97.22,90.85,94.04,93.80272727272727,91.85,89.6460606060606,86.75424242424242,92.74030303030304,89.04787878787879,4.519070930167581,0.027023826355018883,91.75031591716261
2022-08-18,6.7855,96.35,93.2,95.18,93.60181818181817,91.67,89.44848484848485,86.5939393939394,92.62242424242424,88.9530303030303,4.517170789789311,0.026679794681726536,91.57614296610272
2022-08-19,6.8164,96.45,93.55,95.39,93.4009090909091,91.49,89.25090909090909,86.43363636363637,92.50454545454546,88.85818181818182,4.515187066942007,0.027188136536242233,91.39466134316692
2022-08-22,6.8476,95.06,93.42,95.39,92.79818181818182,90.95,88.65818181818182,85.95272727272727,92.1509090909091,88.57363636363637,4.509895151935783,0.026121711994879546,90.91228603360327
2022-08-23,6.8476,99.49,96.46,96.41,92.59727272727272,90.77,88.46060606060605,85.79242424242425,92.0330303030303,88.47878787878787,4.506977062860204,0.03370133953110516,90.64738257880788
2022-08-24,6.8581,99.87,95.52,96.46,92.39636363636363,90.59,88.2630303030303,85.63212121212122,91.91515151515152,88.38393939393939,4.504509147711025,0.0382379763717113,90.4239483518691
2022-08-25,6.8477,98.81,93.33,96.23,92.19545454545454,90.41,88.06545454545454,85.47181818181818,91.79727272727273,88.2890909090909,4.502371814253384,0.038872029156580626,90.23088861170015
2022-08-26,6.8715,101.13,93.63,96.53,91.99454545454545,90.23,87.86787878787878,85.31151515151515,91.67939393939395,88.19424242424242,4.500092262746571,0.04302124325278749,90.02543691143737
2022-08-29,6.9067,101.13,97.4,96.88,91.39181818181818,89.69,87.2751515151515,84.83060606060607,91.32575757575758,87.90969696969697,4.49436651466421,0.04663014529472398,89.51144683176287
2022-08-30,6.91,99.34,92.08,96.51,91.19090909090909,89.50999999999999,87.07757575757576,84.67030303030303,91.2078787878788,87.81484848484848,4.491860891546898,0.04551133268892491,89.28744562980478
2022-08-31,6.889,96.55,90.09,96.6,90.99,89.33,86.88,84.51,91.09,87.72,4.490065689272444,0.041084420999355414,89.1273003938849
2022-09-01,6.9066,92.24,87.09,92.08,90.657,88.98566666666666,86.54299999999999,84.153,90.84400000000001,87.48166666666667,4.487208269036,0.030441216675053836,88.87298975134193
2022-09-02,6.8985,93.09,87.29,92.6,90.324,88.64133333333334,86.20599999999999,83.796,90.598,87.24333333333333,4.483765476345018,0.02761355046234757,88.56754456572544
2022-09-05,6.8985,94.22,87.29,92.6,89.32499999999999,87.60833333333333,85.195,82.72500000000001,89.86,86.52833333333334,4.473179039426445,0.029703361454541347,87.63487537446956
2022-09-06,6.9532,91.43,87.35,93.13,88.99199999999999,87.264,84.85799999999999,82.36800000000001,89.614,86.28999999999999,4.4683867863094235,0.028273652815803664,87.21591156193051
2022-09-07,6.965,86.83,82.5,89.36,88.65899999999999,86.91966666666667,84.521,82.01100000000001,89.368,86.05166666666666,4.464945901618526,0.018464560678031573,86.91632737992897
2022-09-08,6.9562,87.99,84.04,90.17,88.326,86.57533333333333,84.184,81.654,89.122,85.81333333333333,4.461244405266892,0.01710669441387412,86.5952016008319
2022-09-09,6.924,91.68,87.27,92.78,87.993,86.231,83.847,81.297,88.876,85.575,4.456847873944369,0.024976855582510733,86.21531877988576
2022-09-12,6.9265,93.45,88.18,93.36,86.994,85.198,82.836,80.226,88.138,84.86,4.445333024572542,0.03383256353117678,85.2282562153063
2022-09-13,6.9245,92.04,87.84,92.51,86.661,84.85366666666667,82.499,79.869,87.892,84.62166666666667,4.4399533607534165,0.03711952316114125,84.77098792661978
2022-09-14,6.9612,92.83,88.88,93.35,86.328,84.50933333333333,82.16199999999999,79.512,87.646,84.38333333333333,4.435419224626738,0.0415352806938583,84.38749478981036
2022-09-15,6.9934,89.28,85.72,91.98,85.995,84.16499999999999,81.82499999999999,79.155,87.4,84.145,4.431480498416298,0.03787552618443101,84.05576926910356
2022-09-16,6.9799,89.43,85.57,92.26,85.66199999999999,83.82066666666667,81.488,78.798,87.154,83.90666666666667,4.427491425086396,0.037331085949962706,83.7211325306799
2022-09-19,7.005,89.43,86.15,92.46,84.663,82.78766666666667,80.47699999999999,77.727,86.416,83.19166666666666,4.416249210558931,0.039191042774619704,82.78519247529549
2022-09-20,7.0176,89.62,84.69,91.9,84.33,82.44333333333333,80.14,77.37,86.17,82.95333333333333,4.410931701178263,0.04142866205684984,82.34614977908251
2022-09-21,7.0479,89.86,83.38,91.81,83.997,82.099,79.803,77.013,85.92399999999999,82.71499999999999,4.406448716235354,0.043615069499228054,81.97781945602823
2022-09-22,7.0772,90.4,84.02,92.18,83.664,81.75466666666667,79.466,76.656,85.678,82.47666666666666,4.402013126523928,0.04677536544320304,81.615004726972
2022-09-23,7.1266,84.29,79.07,91.02,83.331,81.41033333333333,79.12899999999999,76.299,85.432,82.23833333333333,4.398312993021539,0.03786166250404458,81.31357632026153
2022-09-26,7.1384,82.55,77.17,90.5,82.332,80.37733333333333,78.118,75.228,84.69399999999999,81.52333333333333,4.387357177808417,0.03189089924016961,80.42758206060444
2022-09-27,7.176,85.97,78.91,90.72,81.999,80.033,77.78099999999999,74.871,84.448,81.285,4.38187909431204,0.03675672796464623,79.98819764173615
2022-09-28,7.199,89.55,82.61,90.9,81.666,79.68866666666666,77.44399999999999,74.514,84.202,81.04666666666665,4.376757746745484,0.04674650669716907,79.57959746522053
2022-09-29,7.1196,89.41,81.78,90.81,81.333,79.34433333333334,77.107,74.157,83.95599999999999,80.80833333333332,4.371911103894559,0.05218676451179964,79.19483673018625
2022-09-30,7.1135,88.9,79.91,90.91,81.0,79.0,76.77,73.8,83.71,80.57,4.367310071204903,0.05469518118789842,78.83129567101906
2022-10-03,7.1103,90.68,84.05,88.03,81.66580645161291,79.6841935483871,77.33806451612902,74.39032258064516,83.83387096774193,80.65516129032258,4.373756577088451,0.057354838243603275,79.3411236212162
2022-10-04,7.1103,93.74,86.87,90.9,81.88774193548387,79.91225806451612,77.52741935483871,74.58709677419354,83.87516129032258,80.68354838709676,4.376651347549717,0.06430046442721449,79.57113071048673
2022-10-05,7.1103,94.35,88.22,92.12,82.10967741935484,80.14032258064516,77.71677419354839,74.78387096774193,83.91645161290322,80.71193548387096,4.3791440165222575,0.06877840621201238,79.76972260822203
2022-10-06,7.1103,95.65,88.9,92.98,82.3316129032258,80.36838709677419,77.90612903225806,74.98064516129033,83.95774193548387,80.74032258064516,4.381619215362991,0.07279828954474593,79.96741309384694
2022-10-07,7.1103,98.88,93.07,95.8,82.55354838709677,80.59645161290322,78.09548387096774,75.1774193548387,83.99903225806452,80.76870967741935,4.3838415847020435,0.08090436045224808,80.14532784374698
2022-10-10,7.1103,97.13,91.6,94.42,83.21935483870968,81.28064516129032,78.66354838709677,75.76774193548387,84.12290322580644,80.85387096774193,4.3912958781085845,0.0800655728437111,80.74498687308893
2022-10-11,7.1639,95.17,89.75,92.93,83.44129032258064,81.50870967741935,78.85290322580644,75.96451612903226,84.16419354838709,80.88225806451612,4.3950758780007355,0.07464870682060379,81.05078050059207
2022-10-12,7.172,93.44,87.83,91.58,83.6632258064516,81.73677419354838,79.04225806451613,76.16129032258064,84.20548387096774,80.91064516129032,4.3984591890992215,0.06769201704927709,81.32546491519365
2022-10-13,7.17,95.16,89.59,92.42,83.88516129032257,81.96483870967742,79.23161290322581,76.35806451612903,84.24677419354838,80.93903225806451,4.4014127363819,0.06692534435114014,81.56601858956081
2022-10-14,7.1895,92.22,86.1,90.79,84.10709677419355,82.19290322580645,79.42096774193548,76.55483870967743,84.28806451612903,80.96741935483871,4.404619742275724,0.06003257511426071,81.82802118929851
2022-10-17,7.1946,91.04,86.0,90.71,84.77290322580644,82.87709677419355,79.98903225806451,77.14516129032258,84.41193548387096,81.05258064516129,4.412571941950125,0.05341581113728567,82.4813281235652
2022-10-18,7.2001,89.46,83.29,89.92,84.99483870967741,83.10516129032257,80.17838709677419,77.34193548387097,84.45322580645161,81.08096774193548,4.416572176539771,0.04569587817244629,82.81193359418569
2022-10-19,7.228,91.34,86.0,90.53,85.21677419354839,83.33322580645161,80.36774193548386,77.53870967741936,84.49451612903225,81.10935483870968,4.419580024615206,0.04495876568821458,83.06139429113296
2022-10-20,7.2129,91.52,86.02,90.54,85.43870967741935,83.56129032258065,80.55709677419355,77.73548387096774,84.5358064516129,81.13774193548387,4.422376146999118,0.04423390596219467,83.29396911725965
2022-10-21,7.2399,91.82,85.47,90.95,85.66064516129032,83.78935483870967,80.74645161290323,77.93225806451613,84.57709677419355,81.16612903225807,4.425117501990641,0.04380986136157949,83.5226207196753
2022-10-24,7.2629,91.57,86.12,90.88,86.32645161290323,84.47354838709677,81.31451612903226,78.5225806451613,84.70096774193547,81.25129032258064,4.432516024848634,0.041969020016389975,84.14285632266291
2022-10-25,7.2688,91.76,86.93,90.84,86.54838709677419,84.7016129032258,81.50387096774193,78.71935483870968,84.74225806451612,81.27967741935484,4.435970024192879,0.04043222231891927,84.43398818842476
2022-10-26,7.171,92.93,89.39,91.16,86.77032258064516,84.92967741935483,81.69322580645161,78.91612903225807,84.78354838709677,81.30806451612904,4.438696395303099,0.04139637056162381,84.66450066303284
2022-10-27,7.2239,94.17,89.06,91.26,86.99225806451612,85.15774193548387,81.88258064516128,79.11290322580646,84.82483870967741,81.33645161290323,4.441241635639017,0.04309334253855553,84.88026663678838
2022-10-28,7.2499,94.64,87.85,91.11,87.21419354838709,85.3858064516129,82.07193548387097,79.30967741935484,84.86612903225806,81.36483870967741,4.443815114075931,0.043713538763613564,85.09898548610813
2022-10-31,7.3048,93.3,86.54,91.13,87.88,86.07,82.64,79.9,84.99,81.45,4.451140198260897,0.040470743090632276,85.72463137574131
2022-11-01,7.273,95.12,88.36,91.22,87.833,86.05366666666666,82.57066666666667,79.89966666666668,84.814,81.35166666666667,4.451980526726343,0.04119342268745261,85.7966984994631
2022-11-02,7.289,96.07,90.06,91.87,87.786,86.03733333333332,82.50133333333333,79.89933333333335,84.63799999999999,81.25333333333333,4.451769627740737,0.043395364039461495,85.77860597069626
2022-11-03,7.3,95.29,88.14,89.5,87.73899999999999,86.02099999999999,82.432,79.899,84.46199999999999,81.155,4.451626908992482,0.041695925003952236,85.76636462898033
2022-11-04,7.2996,99.53,92.58,93.63,87.692,86.00466666666667,82.36266666666667,79.89866666666667,84.286,81.05666666666667,4.450941186759662,0.04975581634854631,85.70757288563257
2022-11-07,7.2266,99.87,91.8,92.68,87.551,85.95566666666666,82.15466666666667,79.89766666666667,83.758,80.76166666666667,4.449976338286938,0.053303838917899575,85.62491794599133
2022-11-08,7.2485,96.85,88.8,90.62,87.50399999999999,85.93933333333332,82.08533333333334,79.89733333333334,83.582,80.66333333333334,4.449870865416882,0.04913861979028944,85.6158873163988
2022-11-09,7.2401,93.05,85.79,88.8,87.457,85.923,82.016,79.897,83.40599999999999,80.565,4.450271719243807,0.039923974660092204,85.65021365193697
2022-11-10,7.184,94.25,86.52,89.36,87.41,85.90666666666667,81.94666666666667,79.89666666666668,83.22999999999999,80.46666666666667,4.450367507389204,0.03754245529067958,85.6584183200043
2022-11-11,7.184,96.37,89.14,91.11,87.363,85.89033333333333,81.87733333333334,79.89633333333333,83.05399999999999,80.36833333333334,4.450015373458334,0.04077320346645939,85.6282603945752
2022-11-14,7.071,93.59,85.85,89.5,87.222,85.84133333333332,81.66933333333334,79.89533333333334,82.526,80.07333333333334,4.4496237619356656,0.03653284286032289,85.59473394623882
2022-11-15,7.044,94.3,86.87,89.44,87.175,85.825,81.6,79.89500000000001,82.35,79.975,4.449468820234287,0.035639105277310235,85.58147277991253
2022-11-16,7.0964,92.61,85.62,88.94,87.128,85.80866666666667,81.53066666666666,79.89466666666667,82.17399999999999,79.87666666666667,4.449484086756789,0.03208879898811291,85.58277932136563
2022-11-17,7.1551,91.0,81.69,87.59,87.081,85.79233333333333,81.46133333333333,79.89433333333334,81.99799999999999,79.77833333333334,4.449678017729838,0.02633358329539086,85.59937808249053
2022-11-18,7.1192,88.93,80.07,86.86,87.03399999999999,85.776,81.392,79.894,81.82199999999999,79.68,4.4499900332093905,0.019485340068679326,85.62609058063211
2022-11-21,7.164,88.44,79.74,86.62,86.893,85.727,81.184,79.893,81.294,79.385,4.449807534758758,0.014861305571874482,85.61046537759847
2022-11-22,7.1388,88.65,80.83,86.6,86.846,85.71066666666667,81.11466666666666,79.89266666666667,81.118,79.28666666666666,4.449741582243571,0.013082069821026342,85.60481933826779
2022-11-23,7.158,85.9,77.93,85.88,86.79899999999999,85.69433333333333,81.04533333333333,79.89233333333334,80.942,79.18833333333333,4.449951113794871,0.006720452432779379,85.62275812816809
2022-11-24,7.158,85.59,77.93,85.88,86.752,85.678,80.976,79.892,80.76599999999999,79.09,4.450076441329582,0.003007431465868277,85.63348968982548
2022-11-25,7.1642,83.4,76.45,85.79,86.705,85.66166666666666,80.90666666666667,79.89166666666667,80.58999999999999,78.99166666666667,4.45030513752023,-0.002906959529307594,85.65307598227932
2022-11-28,7.2074,83.5,77.1,85.97,86.564,85.61266666666667,80.69866666666667,79.89066666666666,80.062,78.69666666666667,4.449988865549947,-0.005701969938823925,85.62599059857719
2022-11-29,7.1568,83.22,77.96,86.19,86.517,85.59633333333333,80.62933333333334,79.89033333333333,79.886,78.59833333333333,4.449877748955368,-0.007301316424003116,85.61647665868252
2022-11-30,7.0879,85.61,80.48,86.22,86.47,85.58,80.56,79.89,79.71,78.5,4.449455244177487,-0.003656817173442039,85.5803109288637
2022-12-01,7.0424,86.28,81.06,80.94,86.39733333333334,85.50033333333333,80.562,79.87666666666667,79.68066666666667,78.47133333333333,4.448537226872433,-0.0033804240782898307,85.50178277307708
2022-12-02,7.019,86.54,79.86,80.1,86.32466666666667,85.42066666666666,80.56400000000001,79.86333333333333,79.65133333333333,78.44266666666667,4.447606487353078,-0.0033262641791536015,85.42223990746135
2022-12-05,6.961,83.36,76.83,77.52,86.10666666666667,85.18166666666667,80.57000000000001,79.82333333333334,79.56333333333333,78.35666666666667,4.445522538049842,-0.01019631521452406,85.24440964910427
2022-12-06,6.9935,79.92,74.21,75.12,86.034,85.102,80.572,79.81,79.53399999999999,78.328,4.445165342595168,-0.021107660626022755,85.21396617090087
2022-12-07,6.9702,77.11,71.93,73.88,85.96133333333333,85.02233333333334,80.574,79.79666666666667,79.50466666666667,78.29933333333334,4.445125023090586,-0.03252240906004017,85.2105304552651
2022-12-08,6.9649,76.02,71.3,73.45,85.88866666666667,84.94266666666667,80.57600000000001,79.78333333333333,79.47533333333332,78.27066666666667,4.4449109588650835,-0.04032642223515394,85.19229188124127
2022-12-09,6.9559,76.37,71.05,73.71,85.816,84.863,80.578,79.77,79.446,78.242,4.444334107092619,-0.0432093941386737,85.14316272815111
2022-12-12,6.9773,78.0,72.96,75.13,85.598,84.624,80.584,79.73,79.35799999999999,78.156,4.441689528642562,-0.0398874856233708,84.9182924294616
2022-12-13,6.943,80.14,75.44,76.62,85.52533333333334,84.54433333333333,80.586,79.71666666666667,79.32866666666666,78.12733333333334,4.440040011436092,-0.032649390212307734,84.77833370884862
2022-12-14,6.9498,83.33,77.14,77.67,85.45266666666667,84.46466666666666,80.58800000000001,79.70333333333333,79.29933333333332,78.09866666666667,4.438305184277152,-0.022388842277533474,84.63138545480683
2022-12-15,6.9716,82.34,75.89,76.9,85.38,84.38499999999999,80.59,79.69,79.27,78.07,4.436988044122795,-0.019516045364405078,84.51998743821076
2022-12-16,6.9708,80.2,74.19,75.89,85.30733333333333,84.30533333333334,80.592,79.67666666666666,79.24066666666667,78.04133333333333,4.43616144985105,-0.02253323622014106,84.45015256727481
2022-12-19,6.9772,81.66,75.05,76.31,85.08933333333334,84.06633333333333,80.598,79.63666666666667,79.15266666666666,77.95533333333333,4.433544508096259,-0.020545548879323684,84.22944035828093
2022-12-20,6.96,79.45,75.92,76.4,85.01666666666667,83.98666666666666,80.60000000000001,79.62333333333333,79.12333333333333,77.92666666666666,4.43249692027274,-0.022801014697467047,84.14124882443372
2022-12-21,6.981,80.25,78.17,77.1,84.944,83.907,80.602,79.61,79.094,77.898,4.431478003079887,-0.02135733867534734,84.05555952194362
2022-12-22,6.9829,79.58,77.68,76.87,84.87133333333334,83.82733333333333,80.604,79.59666666666666,79.06466666666667,77.86933333333333,4.4305462202510455,-0.02184173809634602,83.97727447290869
2022-12-23,6.988,82.45,79.57,77.48,84.79866666666668,83.74766666666666,80.60600000000001,79.58333333333333,79.03533333333333,77.84066666666666,4.4292563410431,-0.01612745315871483,83.86902376280511
2022-12-27,6.96,82.45,79.45,77.52,84.50800000000001,83.429,80.614,79.53,78.91799999999999,77.726,4.425584509938049,-0.012699540917068472,83.5616355567501
2022-12-28,6.9774,81.7,78.89,77.39,84.43533333333333,83.34933333333333,80.616,79.51666666666667,78.88866666666667,77.69733333333333,4.424179649754367,-0.012025182425894626,83.4443255634364
2022-12-29,6.9625,80.96,78.43,77.24,84.36266666666667,83.26966666666667,80.61800000000001,79.50333333333333,78.85933333333332,77.66866666666667,4.42321813248915,-0.012889570531936949,83.36413096414704
2022-12-30,6.8972,82.82,80.16,77.2,84.29,83.19,80.62,79.49,78.83,77.64,4.422069381007858,-0.009558436129327825,83.26842127906173
2023-01-03,6.9135,80.36,76.87,77.91,84.30625,83.22125,80.48125,79.35249999999999,78.985,77.77875,4.422380771236843,-0.012382030019894609,83.29435428926449
2023-01-04,6.8875,75.31,72.82,74.69,84.31031250000001,83.2290625,80.4465625,79.318125,79.02374999999999,77.8134375,4.423352480341718,-0.02570753856570094,83.37533150849097
2023-01-05,6.88,76.73,73.61,75.46,84.31437500000001,83.236875,80.41187500000001,79.28375,79.0625,77.848125,4.423895178255145,-0.029005232158249017,83.42059140704734
2023-01-06,6.837,76.41,73.77,75.4,84.3184375,83.2446875,80.3771875,79.249375,79.10125,77.8828125,4.424223182973078,-0.03125284007259919,83.44795824258185
2023-01-09,6.77,77.5,74.69,76.43,84.330625,83.268125,80.27312500000001,79.14625,79.2175,77.986875,4.424433359123954,-0.02959777853803848,83.46549885648854
2023-01-10,6.777,78.4,75.11,77.06,84.3346875,83.2759375,80.2384375,79.111875,79.25625,78.0215625,4.42435371375494,-0.02674149888277381,83.45885148075199
2023-01-11,6.77,81.11,77.46,78.68,84.33875,83.28375,80.20375,79.0775,79.295,78.05625,4.423929431854519,-0.01913928118102392,83.42344891150454
2023-01-12,6.7365,82.59,78.32,79.39,84.34281250000001,83.2915625,80.16906250000001,79.043125,79.33375,78.0909375,4.423458912669848,-0.012298023388633669,83.38420581138004
2023-01-13,6.701,83.43,79.9,80.02,84.34687500000001,83.299375,80.134375,79.00874999999999,79.3725,78.125625,4.423076103886624,-0.006839370471484647,83.3522917139014
2023-01-16,6.701,82.65,79.9,80.02,84.35906250000001,83.3228125,80.03031250000001,78.905625,79.48875,78.2296875,4.423135694021012,-0.005506978120230289,83.35725883616043
2023-01-17,6.7723,84.38,80.25,80.66,84.363125,83.330625,79.995625,78.87125,79.52749999999999,78.264375,4.422966372179885,-0.0015380177713303408,83.34314582647713
2023-01-18,6.7534,83.78,79.53,80.19,84.3671875,83.3384375,79.9609375,78.83687499999999,79.56625,78.2990625,4.422955209220575,-0.0010245845976951267,83.34221547552426
2023-01-19,6.7738,85.08,80.31,80.49,84.37125,83.34625,79.92625000000001,78.8025,79.60499999999999,78.33375,4.4228599367551595,0.0017051120464402986,83.3342756354128
2023-01-20,6.7825,86.96,81.27,81.0,84.3753125,83.3540625,79.8915625,78.768125,79.64375,78.3684375,4.422600115923523,0.006575265117049697,83.31262646718763
2023-01-23,6.7899,87.54,81.62,81.07,84.3875,83.3775,79.78750000000001,78.66499999999999,79.75999999999999,78.4725,4.422551963846382,0.009970584676408805,83.30861488775483
2023-01-24,6.7899,85.25,79.86,80.6,84.3915625,83.3853125,79.7528125,78.630625,79.79875,78.5071875,4.422765221184259,0.007267424810162771,83.32638295570617
2023-01-25,6.7899,85.08,79.78,80.57,84.395625,83.393125,79.718125,78.59625,79.83749999999999,78.541875,4.4230033670304705,0.005612568205260268,83.34622915073753
2023-01-26,6.7899,86.29,80.64,80.74,84.3996875,83.4009375,79.68343750000001,78.561875,79.87625,78.5765625,4.423043973259122,0.007030433456359237,83.34961359548997
2023-01-27,6.7899,85.36,79.73,80.58,84.40375,83.40875,79.64875,78.5275,79.91499999999999,78.61125,4.423188561046496,0.005905249767648461,83.36166580297822
2023-01-30,6.7501,84.9,77.97,80.42,84.4159375,83.4321875,79.54468750000001,78.424375,80.03125,78.7153125,4.423572846857629,0.004096285810340712,83.39370666436865
2023-01-31,6.754,83.42,78.95,80.38,84.42,83.44,79.51,78.39,80.07,78.75,4.423927797166978,0.0008890847063192219,83.42331254034345
2023-02-01,6.7406,81.61,76.34,80.32,84.3157142857143,83.33964285714285,79.40785714285715,78.28107142857142,80.08142857142856,78.76964285714286,4.423304822768213,-0.004216471222186537,83.37135813718245
2023-02-02,6.7266,80.57,75.87,80.07,84.21142857142857,83.23928571428571,79.30571428571429,78.17214285714286,80.09285714285714,78.78928571428571,4.422507697322386,-0.008524070685930375,83.30492718657631
2023-02-03,6.7733,78.85,73.4,78.1,84.10714285714286,83.13892857142856,79.20357142857144,78.06321428571428,80.10428571428571,78.80892857142857,4.421810212863026,-0.015091509252748585,83.24684355304613
2023-02-06,6.7918,80.48,74.11,78.97,83.79428571428572,82.83785714285715,78.89714285714287,77.73642857142858,80.13857142857142,78.86785714285715,4.418640681437281,-0.014225226362126735,82.98340777084393
2023-02-07,6.791,82.92,77.17,81.19,83.69,82.7375,78.795,77.6275,80.14999999999999,78.8875,4.4167248385024855,-0.007231901944754136,82.8245767915475
2023-02-08,6.789,84.17,78.47,82.17,83.58571428571429,82.63714285714285,78.69285714285715,77.51857142857143,80.16142857142857,78.90714285714286,4.414950829228558,-0.0005878984963089895,82.6777754761576
2023-02-09,6.7782,83.46,78.04,81.86,83.48142857142857,82.53678571428571,78.59071428571428,77.40964285714286,80.17285714285714,78.92678571428571,4.413479027738626,0.0015025040955418208,82.55617970739442
2023-02-10,6.8106,85.46,79.74,83.15,83.37714285714286,82.43642857142856,78.48857142857143,77.30071428571429,80.1842857142857,78.94642857142857,4.411868054675102,0.00719627263813753,82.42329099446661
2023-02-13,6.8198,85.98,80.14,83.52,83.06428571428572,82.13535714285715,78.18214285714286,76.97392857142857,80.21857142857142,79.00535714285714,4.40820820103403,0.011699075492255816,82.12218515056848
2023-02-14,6.8255,84.96,79.08,83.05,82.96000000000001,82.035,78.08000000000001,76.86500000000001,80.22999999999999,79.025,4.40657492608327,0.012234610863734466,81.988166517091
2023-02-15,6.851,84.11,78.57,82.95,82.85571428571428,81.93464285714285,77.97785714285715,76.75607142857143,80.24142857142857,79.04464285714286,4.405362375342216,0.011230985942661585,81.88881195342124
2023-02-16,6.859,83.84,78.45,82.83,82.75142857142858,81.83428571428571,77.8757142857143,76.64714285714285,80.25285714285714,79.06428571428572,4.404206245664603,0.01047104065144403,81.79419257433281
2023-02-17,6.8661,81.97,76.31,82.07,82.64714285714285,81.73392857142856,77.77357142857143,76.53821428571429,80.2642857142857,79.08392857142857,4.40326377539292,0.006326112778797618,81.71714029488002
2023-02-20,6.8661,82.79,76.31,82.07,82.33428571428571,81.43285714285715,77.46714285714286,76.21142857142857,80.29857142857142,79.14285714285714,4.400040231585217,0.006260853250741831,81.45414562845012
2023-02-21,6.87,82.14,76.28,82.17,82.23,81.3325,77.36500000000001,76.1025,80.31,79.1625,4.398575067033558,0.005635606574536069,81.33488928810489
2023-02-22,6.8908,79.55,73.95,81.69,82.12571428571428,81.23214285714285,77.26285714285714,75.99357142857143,80.32142857142857,79.18214285714285,4.397653797594341,0.0003537801722984027,81.25999244564495
2023-02-23,6.9075,82.08,75.26,81.98,82.02142857142857,81.13178571428571,77.16071428571429,75.88464285714286,80.33285714285714,79.2017857142857,4.3963609578376115,0.0028781647145707558,81.15500417790638
2023-02-24,6.9545,82.31,76.19,82.12,81.91714285714286,81.03142857142856,77.05857142857144,75.77571428571429,80.34428571428572,79.22142857142858,4.394970967351344,0.005052163538568501,81.04227785659279
2023-02-27,6.945,81.24,75.57,82.05,81.60428571428571,80.73035714285714,76.75214285714286,75.44892857142858,80.37857142857143,79.28035714285714,4.391622208937054,0.004690977825555525,80.7713407513576
2023-02-28,6.9325,83.21,76.88,82.08,81.5,80.63,76.65,75.34,80.39,79.3,4.389843284552031,0.008653346427908477,80.62778237129385
2023-03-01,6.8656,83.68,77.57,82.35,81.4241935483871,80.55645161290322,76.61064516129032,75.29451612903226,80.25709677419354,79.16677419354838,4.388563616171829,0.01191033625640689,80.52467153553636
2023-03-02,6.9122,84.15,78.05,83.06,81.34838709677419,80.48290322580645,76.57129032258065,75.24903225806452,80.1241935483871,79.03354838709677,4.38737464358006,0.014968290738338781,80.42898680265394
2023-03-03,6.9048,85.74,79.62,84.31,81.27258064516128,80.40935483870967,76.53193548387097,75.20354838709677,79.99129032258064,78.90032258064515,4.3860607243277245,0.020276879772527373,80.32337900370153
2023-03-06,6.9295,85.86,80.39,84.4,81.04516129032258,80.18870967741935,76.41387096774194,75.06709677419356,79.59258064516129,78.50064516129032,4.3832442192756425,0.02361573932523309,80.09746609270648
2023-03-07,6.9605,83.03,77.45,82.07,80.96935483870968,80.11516129032258,76.37451612903226,75.02161290322582,79.45967741935483,78.3674193548387,4.382299587828748,0.018994576135776663,80.02183923279748
2023-03-08,6.9496,82.1,76.56,81.97,80.89354838709677,80.0416129032258,76.33516129032259,74.97612903225807,79.32677419354839,78.2341935483871,4.381653465600777,0.015098543011497885,79.97015204366508
2023-03-09,6.963,81.0,75.6,81.24,80.81774193548387,79.96806451612903,76.2958064516129,74.93064516129033,79.19387096774193,78.10096774193548,4.381063075902019,0.010844378226136674,79.92295242414599
2023-03-10,6.9025,82.3,76.55,82.16,80.74193548387098,79.89451612903225,76.25645161290323,74.88516129032259,79.06096774193549,77.96774193548387,4.380158447098553,0.0118698636926036,79.85068451207083
2023-03-13,6.8455,79.67,74.68,81.01,80.51451612903226,79.67387096774193,76.1383870967742,74.74870967741936,78.66225806451612,77.56806451612903,4.377925240334901,0.00708606046088194,79.67256039136038
2023-03-14,6.868,76.77,71.18,79.2,80.43870967741935,79.60032258064516,76.09903225806453,74.70322580645161,78.52935483870968,77.43483870967742,4.37740624964722,-0.001959265363233092,79.63122180255277
2023-03-15,6.9005,74.3,67.38,77.25,80.36290322580645,79.52677419354838,76.05967741935484,74.65774193548387,78.39645161290322,77.3016129032258,4.377281115270497,-0.01284060232394329,79.62125782267604
2023-03-16,6.8965,73.12,68.15,77.85,80.28709677419356,79.45322580645161,76.02032258064517,74.61225806451614,78.26354838709678,77.1683870967742,4.376992520607051,-0.019728536020684587,79.59828286795569
2023-03-17,6.887,71.03,66.61,77.14,80.21129032258065,79.37967741935483,75.98096774193549,74.5667741935484,78.13064516129032,77.03516129032258,4.376713718344947,-0.027821197511214674,79.57609377996016
2023-03-20,6.877,72.42,67.56,77.37,79.98387096774194,79.15903225806451,75.86290322580646,74.43032258064517,77.73193548387097,76.63548387096775,4.374371988901883,-0.028390992779502026,79.38996611356555
2023-03-21,6.883,74.78,69.4,77.97,79.90806451612903,79.08548387096774,75.82354838709678,74.38483870967742,77.59903225806451,76.50225806451613,4.3729066201924365,-0.02306935915708492,79.27371573701292
2023-03-22,6.8802,76.08,70.71,78.35,79.83225806451614,79.01193548387096,75.78419354838711,74.33935483870968,77.46612903225807,76.36903225806452,4.371488871880768,-0.017322533025549088,79.16140519322111
2023-03-23,6.8188,74.31,69.77,78.13,79.75645161290323,78.93838709677419,75.74483870967742,74.29387096774194,77.33322580645161,76.2358064516129,4.370472765914759,-0.01797208656163658,79.08100966922956
2023-03-24,6.8675,73.63,69.22,77.86,79.68064516129033,78.86483870967741,75.70548387096775,74.2483870967742,77.20032258064516,76.1025806451613,4.369633339454307,-0.0196870889707949,79.01465483109375
2023-03-27,6.8834,76.8,72.87,78.4,79.45322580645161,78.6441935483871,75.58741935483872,74.11193548387098,76.8016129032258,75.70290322580645,4.366696783874502,-0.013123290513441199,78.78296425818141
2023-03-28,6.8725,78.07,73.12,78.45,79.37741935483871,78.57064516129032,75.54806451612905,74.06645161290324,76.66870967741936,75.56967741935485,4.365039244077815,-0.0071939928347059335,78.65248652551303
2023-03-29,6.8862,77.51,72.95,78.41,79.30161290322582,78.49709677419354,75.50870967741936,74.0209677419355,76.5358064516129,75.43645161290323,4.363814272805252,-0.005152539386569051,78.55619847609125
2023-03-30,6.87,78.45,74.32,78.47,79.22580645161291,78.42354838709677,75.46935483870969,73.97548387096775,76.40290322580645,75.30322580645162,4.362610078633077,-0.0019325599156568745,78.4616584933705
2023-03-31,6.8676,79.19,75.68,78.49,79.15,78.35,75.43,73.93,76.27,75.17,4.361387818603864,0.0014517035529801458,78.36581652820158
2023-04-03,6.8776,85.81,80.4,84.69,79.10607142857144,78.2942857142857,75.44607142857143,73.93214285714286,76.37392857142856,75.25464285714285,4.359519161988195,0.019080702882866164,78.21951446343682
2023-04-04,6.878,85.7,80.7,84.47,79.09142857142858,78.27571428571429,75.45142857142858,73.93285714285715,76.40857142857142,75.28285714285714,4.358371889643928,0.027619042069098217,78.12982683561596
2023-04-05,6.8781,85.89,80.69,84.59,79.07678571428572,78.25714285714285,75.45678571428572,73.93357142857144,76.44321428571428,75.31107142857142,4.357647864345583,0.03229206435333705,78.07327933781134
2023-04-06,6.875,86.56,80.7,84.99,79.06214285714286,78.23857142857142,75.46214285714287,73.93428571428572,76.47785714285713,75.33928571428571,4.357079227682045,0.035984357731497135,78.02889662875099
2023-04-07,6.875,86.56,80.7,84.99,79.0475,78.22,75.4675,73.935,76.51249999999999,75.3675,4.356652820479586,0.037880068936824066,77.99563163794839
2023-04-10,6.8807,86.56,79.79,84.28,79.00357142857143,78.16428571428571,75.48357142857144,73.93714285714286,76.61642857142857,75.45214285714286,4.355952603549987,0.038425787783249545,77.94103689255391
2023-04-11,6.8866,87.32,81.54,85.19,78.98892857142857,78.14571428571428,75.48892857142857,73.93785714285715,76.65107142857143,75.48035714285714,4.355503581002203,0.04088216883066627,77.90604746570018
2023-04-12,6.873,88.31,83.26,86.35,78.97428571428571,78.12714285714286,75.49428571428572,73.93857142857144,76.68571428571428,75.50857142857143,4.3549889902932,0.04470850881280332,77.8659680506309
2023-04-13,6.8677,86.51,82.16,85.61,78.95964285714285,78.10857142857142,75.49964285714286,73.93928571428572,76.72035714285714,75.53678571428571,4.3547822653087325,0.043164651612953776,77.84987287329005
2023-04-14,6.869,87.31,82.58,85.64,78.945,78.09,75.505,73.94,76.755,75.565,4.354525478171765,0.04387921762608129,77.829884593798
2023-04-17,6.8786,85.63,80.93,84.95,78.90107142857143,78.03428571428572,75.52107142857143,73.94214285714285,76.85892857142856,75.64964285714285,4.354075657440938,0.04097878664795167,77.79488297104778
2023-04-18,6.8755,85.48,80.85,85.0,78.88642857142857,78.01571428571428,75.52642857142857,73.94285714285715,76.89357142857142,75.67785714285714,4.353937671612234,0.039432645773596675,77.7841491202288
2023-04-19,6.8851,85.34,79.18,84.36,78.8717857142857,77.99714285714285,75.53178571428572,73.94357142857143,76.92821428571428,75.70607142857142,4.3538316751348445,0.03782982698644491,77.77590471137215
2023-04-20,6.8725,83.29,77.27,83.55,78.85714285714286,77.97857142857143,75.53714285714285,73.94428571428571,76.96285714285713,75.7342857142857,4.353942680185563,0.032862522196391256,77.78453870881911
2023-04-21,6.892,83.36,77.86,83.71,78.8425,77.96,75.5425,73.94500000000001,76.9975,75.76249999999999,4.353934002592628,0.03082675264452668,77.78386372918418
2023-04-24,6.8958,84.23,78.64,83.9,78.79857142857142,77.9042857142857,75.55857142857143,73.94714285714286,77.10142857142857,75.84714285714286,4.353307697097474,0.031720057292358904,77.73516252040557
2023-04-25,6.932,82.13,77.05,83.62,78.78392857142856,77.88571428571429,75.56392857142858,73.94785714285715,77.13607142857143,75.87535714285714,4.353232588064781,0.028234351487497637,77.72932412680322
2023-04-26,6.9261,79.19,74.33,83.23,78.76928571428572,77.86714285714285,75.56928571428571,73.94857142857143,77.17071428571428,75.90357142857142,4.353527327287092,0.02068482929711571,77.75223738389904
2023-04-27,6.922,80.11,74.77,83.32,78.75464285714285,77.84857142857143,75.57464285714286,73.94928571428572,77.20535714285714,75.93178571428571,4.353554622802443,0.018816168687244575,77.75435970025286
2023-04-28,6.911,81.32,76.78,83.41,78.74,77.83,75.58,73.95,77.24,75.96,4.353271199966368,0.02054974464692286,77.7323254617601
2023-05-01,6.9164,81.32,75.65,79.24,78.07727272727273,77.19909090909091,74.83727272727272,73.30909090909091,76.72999999999999,75.4790909090909,4.346280884373101,0.019666426555812726,77.19084673350531
2023-05-02,6.9164,76.71,71.71,75.01,77.85636363636364,76.98878787878787,74.58969696969697,73.09545454545454,76.55999999999999,75.31878787878787,4.343625896220604,0.008625056626212192,76.98617776701252
2023-05-03,6.9164,72.91,68.62,72.28,77.63545454545454,76.77848484848485,74.34212121212121,72.88181818181819,76.39,75.15848484848485,4.3418848910228895,-0.00573188255476415,76.8522610400531
2023-05-04,6.9094,73.0,68.52,72.5,77.41454545454545,76.56818181818181,74.09454545454545,72.66818181818182,76.22,74.99818181818182,4.339799285200737,-0.011956659093484933,76.69214454496846
2023-05-05,6.9101,75.85,71.32,74.88,77.19363636363636,76.35787878787879,73.8469696969697,72.45454545454545,76.05,74.83787878787878,4.33689783797967,-0.006991726016252087,76.46994883573994
2023-05-08,6.9125,75.85,73.13,76.25,76.53090909090909,75.72696969696969,73.10424242424243,71.81363636363636,75.53999999999999,74.3569696969697,4.329043872142472,-0.002226605988908878,75.8717088235098
2023-05-09,6.9201,77.76,73.68,76.55,76.31,75.51666666666667,72.85666666666667,71.60000000000001,75.36999999999999,74.19666666666666,4.325050215921881,0.004911239871583848,75.56930754689336
2023-05-10,6.9321,76.7,72.53,75.64,76.08909090909091,75.30636363636364,72.60909090909091,71.38636363636364,75.19999999999999,74.03636363636363,4.321937856142659,0.0063088702186068855,75.33447430587267
2023-05-11,6.948,75.32,70.81,74.74,75.86818181818181,75.0960606060606,72.36151515151515,71.17272727272727,75.03,73.8760606060606,4.319220424949611,0.004081971737318559,75.13003595486316
2023-05-12,6.9575,74.54,70.02,74.01,75.64727272727272,74.88575757575758,72.11393939393939,70.95909090909092,74.86,73.71575757575758,4.316609667172309,0.001456872275709465,74.93414545177893
2023-05-15,6.952,75.46,71.07,74.54,74.98454545454545,74.25484848484848,71.37121212121212,70.31818181818183,74.35,73.23484848484848,4.308880845838349,0.0035837192821441977,74.35722515854718
2023-05-16,6.9751,75.15,70.85,74.42,74.76363636363637,74.04454545454546,71.12363636363636,70.10454545454546,74.17999999999999,73.07454545454546,4.30524217954739,0.00494400932624174,74.08715567421214
2023-05-17,6.9981,76.98,72.78,75.18,74.54272727272728,73.83424242424242,70.8760606060606,69.89090909090909,74.00999999999999,72.91424242424242,4.301927918395245,0.010522068327739451,73.84201794190912
2023-05-18,7.0355,75.75,71.82,74.76,74.32181818181819,73.6239393939394,70.62848484848485,69.67727272727274,73.83999999999999,72.75393939393939,4.29892544316855,0.011099922611581606,73.62064161712117
2023-05-19,7.006,75.42,71.57,74.61,74.10090909090908,73.41363636363636,70.38090909090909,69.46363636363637,73.67,72.59363636363636,4.29603414541503,0.011197262635699775,73.40808984470257
2023-05-22,7.0351,75.77,71.81,74.77,73.43818181818182,72.78272727272727,69.63818181818182,68.82272727272728,73.16,72.11272727272727,4.288101927048128,0.013197939303001768,72.82810417371252
2023-05-23,7.049,76.66,72.87,74.99,73.21727272727273,72.57242424242425,69.39060606060606,68.60909090909091,72.99,71.95242424242424,4.284219759652371,0.01723756808566798,72.54592137702421
2023-05-24,7.0585,77.99,74.37,75.41,72.99636363636364,72.36212121212121,69.1430303030303,68.39545454545456,72.82,71.79212121212122,4.2807937677046715,0.022865606750716035,72.29780489976196
2023-05-25,7.0775,75.66,71.68,75.0,72.77545454545455,72.15181818181819,68.89545454545454,68.18181818181819,72.64999999999999,71.63181818181818,4.277870780543665,0.021106455089003672,72.08678789451109
2023-05-26,7.063,76.33,72.35,75.14,72.55454545454546,71.94151515151515,68.64787878787878,67.96818181818182,72.47999999999999,71.47151515151515,4.274892794404982,0.022305486830907703,71.87243376960026
2023-05-30,7.0792,73.38,69.45,74.95,71.67090909090909,71.10030303030302,67.65757575757576,67.11363636363637,71.8,70.83030303030303,4.2646480276971825,0.01804222594982109,71.13987630023031
2023-05-31,7.11,71.98,68.11,74.93,71.45,70.89,67.41,66.9,71.63,70.67,4.260920536001436,0.014226009440249264,70.87519660422839
2023-06-01,7.0934,74.18,70.09,72.75,71.557,70.99666666666667,67.50633333333333,66.99533333333333,71.73433333333332,70.78766666666667,4.261591049272921,0.015925368068574464,70.9227353000528
2023-06-02,7.0827,76.0,71.76,74.41,71.664,71.10333333333334,67.60266666666666,67.09066666666668,71.83866666666667,70.90533333333333,4.262627177106569,0.021335075684241922,70.9962584032248
2023-06-05,7.105,76.61,72.14,75.14,71.985,71.42333333333333,67.89166666666667,67.37666666666667,72.15166666666667,71.25833333333334,4.26634848271158,0.02501970477866445,71.26094937008898
2023-06-06,7.119,76.22,71.71,75.5,72.092,71.53,67.988,67.47200000000001,72.256,71.376,4.26808772161478,0.02568696043331546,71.38499702849924
2023-06-07,7.1287,76.85,72.52,75.83,72.199,71.63666666666667,68.08433333333333,67.56733333333334,72.36033333333333,71.49366666666667,4.269513139377178,0.027218800702335934,71.4868230262844
2023-06-08,7.1109,75.88,71.28,75.2,72.306,71.74333333333334,68.18066666666667,67.66266666666667,72.46466666666666,71.61133333333333,4.271101010781509,0.025215822536896932,71.60042507720928
2023-06-09,7.1273,74.74,70.16,74.38,72.413,71.85,68.277,67.75800000000001,72.569,71.729,4.272875451603764,0.021046936293537027,71.72758858304903
2023-06-12,7.1437,71.8,67.08,72.41,72.734,72.17,68.566,68.04400000000001,72.882,72.08200000000001,4.277605654764369,0.010780542982983926,72.0676783620204
2023-06-13,7.1585,74.24,69.39,73.89,72.841,72.27666666666667,68.66233333333334,68.13933333333334,72.98633333333333,72.19966666666667,4.279605494398164,0.01135517543137749,72.21194636988274
2023-06-14,7.148,73.39,68.22,73.42,72.948,72.38333333333334,68.75866666666667,68.23466666666667,73.09066666666666,72.31733333333334,4.2812891300074245,0.009094113434145186,72.3336273787014
2023-06-15,7.13,75.75,70.61,74.69,73.055,72.49000000000001,68.85499999999999,68.33000000000001,73.195,72.435,4.28254282594074,0.013463620517878982,72.42436862226683
2023-06-16,7.125,76.76,71.81,75.2,73.162,72.59666666666666,68.95133333333332,68.42533333333334,73.29933333333334,72.55266666666667,4.283678963168655,0.017745785391776875,72.50669940434399
2023-06-19,7.125,76.09,71.81,75.2,73.483,72.91666666666667,69.24033333333333,68.71133333333334,73.61233333333334,72.90566666666668,4.287557791331865,0.018002769019371354,72.78848658073507
2023-06-20,7.1811,75.79,70.94,75.1,73.59,73.02333333333334,69.33666666666666,68.80666666666667,73.71666666666667,73.02333333333334,4.289438280999063,0.016778459980792478,72.92549335718071
2023-06-21,7.1779,76.92,72.55,75.7,73.697,73.13,69.43299999999999,68.902,73.821,73.141,4.2908540040124,0.018653353561568855,73.0288087721347
2023-06-22,7.1777,73.93,69.22,74.91,73.804,73.23666666666666,69.52933333333333,68.99733333333334,73.92533333333334,73.25866666666667,4.292673738912608,0.01245269755630819,73.16182283263645
2023-06-23,7.1777,73.56,68.91,74.88,73.911,73.34333333333333,69.62566666666666,69.09266666666667,74.02966666666667,73.37633333333333,4.294492590363434,0.008317821186676334,73.2950144113698
2023-06-26,7.2364,73.86,69.09,74.93,74.232,73.66333333333334,69.91466666666666,69.37866666666667,74.34266666666667,73.72933333333333,4.298643509568791,0.006308825279971243,73.59988841026407
2023-06-27,7.2193,71.88,67.68,74.78,74.339,73.77000000000001,70.011,69.474,74.447,73.84700000000001,4.3008558269595785,0.0005348323796293053,73.76289496799113
2023-06-28,7.2436,73.64,69.54,74.94,74.446,73.87666666666667,70.10733333333333,69.56933333333333,74.55133333333333,73.96466666666667,4.302411833030354,0.0013041857032935421,73.87775982238924
2023-06-29,7.2515,73.86,69.85,74.95,74.553,73.98333333333333,70.20366666666666,69.66466666666668,74.65566666666668,74.08233333333334,4.303828752872754,0.0018679925048407555,73.98251288201224
2023-06-30,7.2513,74.51,70.66,74.99,74.66,74.09,70.3,69.76,74.76,74.2,4.305172096724251,0.0032915489789654227,74.08196361912319
2023-07-03,7.24,74.52,69.71,74.91,75.54548387096774,74.95709677419354,71.26677419354839,70.6416129032258,75.66870967741936,75.03903225806452,4.315380848914209,0.0024201658964274394,74.842121557593
2023-07-04,7.24,76.23,69.71,74.91,75.84064516129033,75.24612903225807,71.58903225806452,70.93548387096774,75.97161290322582,75.31870967741936,4.3200590462245465,0.003806761733929788,75.19306802772608
2023-07-05,7.2465,76.74,71.78,76.42,76.13580645161291,75.53516129032258,71.91129032258064,71.22935483870968,76.27451612903226,75.5983870967742,4.323876921471944,0.005965842175399992,75.48069449253099
2023-07-06,7.25,76.72,71.76,76.54,76.43096774193548,75.8241935483871,72.23354838709677,71.52322580645162,76.57741935483871,75.87806451612903,4.327659436519439,0.006287571867980549,75.76674200370189
2023-07-07,7.2205,78.77,73.91,78.24,76.72612903225806,76.11322580645161,72.55580645161291,71.81709677419356,76.88032258064517,76.15774193548387,4.331179604667043,0.010878570120022028,76.03392366183209
2023-07-10,7.2315,77.83,73.05,77.62,77.6116129032258,76.98032258064516,73.52258064516128,72.69870967741936,77.78903225806452,76.99677419354839,4.341447430928908,0.009376787367788996,76.81864859530349
2023-07-11,7.209,79.54,74.87,78.79,77.90677419354839,77.26935483870967,73.84483870967742,72.9925806451613,78.09193548387097,77.27645161290323,4.346019415616993,0.011414990370813786,77.17066637720829
2023-07-12,7.1656,80.35,75.77,79.07,78.20193548387097,77.5583870967742,74.16709677419355,73.28645161290324,78.39483870967743,77.55612903225807,4.349736270396606,0.0133634354585147,77.45803225516666
2023-07-13,7.15,81.31,76.86,79.89,78.49709677419355,77.8474193548387,74.48935483870967,73.58032258064516,78.69774193548388,77.83580645161291,4.353282438482694,0.015943149030621325,77.7331990626778
2023-07-14,7.1403,79.9,75.44,79.31,78.79225806451613,78.13645161290323,74.81161290322581,73.8741935483871,79.00064516129032,78.11548387096775,4.357102923552597,0.013382748702722047,78.03074561329137
2023-07-17,7.1711,77.8,74.17,78.83,79.67774193548387,79.00354838709677,75.7783870967742,74.75580645161291,79.90935483870969,78.95451612903226,4.367571601123286,0.00636133322496411,78.85191510952444
2023-07-18,7.1786,79.54,75.76,79.33,79.97290322580645,79.2925806451613,76.10064516129033,75.04967741935485,80.21225806451613,79.2341935483871,4.372326706396023,0.005319716187520328,79.22775714286344
2023-07-19,7.226,79.38,75.4,79.3,80.26806451612903,79.5816129032258,76.42290322580645,75.34354838709677,80.51516129032258,79.51387096774194,4.376241913925824,0.003609046379475033,79.5385582826613
2023-07-20,7.1761,79.62,75.65,79.41,80.56322580645161,79.87064516129033,76.74516129032259,75.63741935483871,80.81806451612904,79.79354838709678,4.3799897533664165,0.0025757692953531255,79.8372153382014
2023-07-21,7.1861,81.06,77.06,79.9,80.8583870967742,80.15967741935484,77.06741935483872,75.93129032258065,81.12096774193549,80.07322580645162,4.383516300543355,0.0044458397581847485,80.1192620778267
2023-07-24,7.1855,82.53,78.81,80.3,81.74387096774194,81.02677419354839,78.0341935483871,76.81290322580645,82.02967741935484,80.91225806451614,4.393068243241886,0.007037694463442498,80.8882233687015
2023-07-25,7.134,83.46,79.76,80.49,82.03903225806452,81.3158064516129,78.35645161290323,77.10677419354839,82.3325806451613,81.19193548387098,4.3973500409115065,0.008888915699082778,81.23531292836644
2023-07-26,7.1503,82.98,79.11,80.29,82.33419354838709,81.60483870967742,78.67870967741936,77.40064516129033,82.63548387096775,81.4716129032258,4.401046053407755,0.007955572655814869,81.53611520214179
2023-07-27,7.173,84.28,80.17,80.42,82.62935483870967,81.89387096774193,79.00096774193548,77.69451612903227,82.93838709677419,81.75129032258064,4.404532157223041,0.009261461155235006,81.82085459159974
2023-07-28,7.1488,84.49,80.55,80.43,82.92451612903226,82.18290322580646,79.32322580645162,77.9883870967742,83.24129032258065,82.03096774193548,4.408017039640758,0.00963304539849102,82.10648805962323
2023-07-31,7.1426,85.22,81.8,80.44,83.81,83.05,80.29,78.87,84.15,82.87,4.417495452793273,0.009876284202639822,82.88842719290757
2023-08-01,7.1775,85.34,81.37,85.58,83.84967741935485,83.08129032258064,80.3309677419355,78.89612903225807,84.19677419354839,82.91290322580646,4.419065244001307,0.011991177327602975,83.01864689929678
2023-08-02,7.192,84.01,79.5,84.32,83.88935483870968,83.11258064516129,80.37193548387097,78.92225806451613,84.24354838709678,82.9558064516129,4.419744829609615,0.009586907926797773,83.07508435181896
2023-08-03,7.1651,86.19,81.56,86.18,83.92903225806452,83.14387096774193,80.41290322580646,78.9483870967742,84.29032258064517,82.99870967741936,4.419961970245463,0.01334768007290239,83.09312528709744
2023-08-04,7.1709,87.38,82.76,87.23,83.96870967741935,83.17516129032258,80.45387096774193,78.97451612903227,84.33709677419355,83.04161290322581,4.4200109629858515,0.01784804746973448,83.09719634673803
2023-08-07,7.1895,86.47,81.94,86.75,84.08774193548388,83.26903225806451,80.57677419354839,79.05290322580646,84.47741935483872,83.17032258064516,4.420945225273832,0.018091280765786828,83.17486720034685
2023-08-08,7.216,88.0,82.94,87.47,84.12741935483871,83.30032258064516,80.61774193548388,79.07903225806452,84.5241935483871,83.21322580645162,4.421215300855172,0.021138920290643487,83.19733373465345
2023-08-09,7.2085,89.31,84.35,88.18,84.16709677419355,83.3316129032258,80.65870967741937,79.10516129032258,84.57096774193549,83.25612903225807,4.421297791820725,0.0252920278086555,83.20419704612132
2023-08-10,7.2165,87.44,82.81,87.32,84.20677419354838,83.36290322580645,80.69967741935484,79.13129032258065,84.61774193548388,83.29903225806451,4.4217067182502054,0.02356238489217094,83.2382283990228
2023-08-11,7.2367,87.93,83.17,87.63,84.24645161290323,83.3941935483871,80.74064516129033,79.15741935483871,84.66451612903226,83.34193548387097,4.422100164679405,0.02368488503727722,83.27098462624703
2023-08-14,7.2585,87.4,82.5,87.2,84.36548387096775,83.48806451612903,80.86354838709678,79.2358064516129,84.80483870967743,83.47064516129032,4.423210716938381,0.022451691003631213,83.36351277549367
2023-08-15,7.2817,86.28,81.06,86.39,84.40516129032258,83.51935483870967,80.90451612903226,79.26193548387097,84.85161290322581,83.51354838709678,4.423906237074492,0.019206410910326,83.42151394539864
2023-08-16,7.2985,84.49,79.4,85.68,84.44483870967743,83.55064516129032,80.94548387096775,79.28806451612904,84.89838709677419,83.55645161290323,4.424689836096436,0.013892699335445922,83.48690858037519
2023-08-17,7.291,85.24,80.43,86.0,84.48451612903226,83.58193548387096,80.98645161290322,79.31419354838711,84.94516129032257,83.59935483870969,4.425240274972404,0.012847596034516105,83.53287567036821
2023-08-18,7.28,85.92,81.25,86.44,84.5241935483871,83.61322580645161,81.02741935483871,79.34032258064516,84.99193548387096,83.64225806451613,4.42559700393483,0.013785686947724153,83.56267958207779
2023-08-21,7.2865,85.44,80.71,86.36,84.64322580645162,83.70709677419354,81.15032258064517,79.41870967741936,85.13225806451612,83.7709677419355,4.426652473010236,0.013218390530662535,83.65092396765264
2023-08-22,7.293,84.7,80.25,86.28,84.68290322580646,83.73838709677419,81.19129032258064,79.44483870967743,85.17903225806451,83.81387096774193,4.427243415314337,0.011468675394145325,83.70037144626679
2023-08-23,7.2771,83.94,78.91,86.09,84.7225806451613,83.76967741935484,81.23225806451613,79.4709677419355,85.2258064516129,83.85677419354839,4.427827428340268,0.008904612297552567,83.74926783013942
2023-08-24,7.2786,84.07,79.52,86.18,84.76225806451613,83.80096774193548,81.27322580645162,79.49709677419355,85.27258064516128,83.89967741935484,4.428316789853693,0.007981057558949352,83.790261528144
2023-08-25,7.289,85.42,80.47,86.4,84.80193548387098,83.83225806451613,81.3141935483871,79.52322580645162,85.31935483870967,83.9425806451613,4.428592645769697,0.010016298421659353,83.8133787558555
2023-08-28,7.29,85.42,80.65,86.39,84.92096774193548,83.92612903225806,81.43709677419355,79.60161290322581,85.45967741935483,84.07129032258065,4.429530609510823,0.010958093896016098,83.89202954617822
2023-08-29,7.2796,86.37,81.14,86.43,84.96064516129033,83.9574193548387,81.47806451612904,79.62774193548388,85.50645161290322,84.1141935483871,4.429854357122106,0.012979992618623582,83.91919378729129
2023-08-30,7.2839,86.62,81.64,86.42,85.00032258064516,83.98870967741935,81.51903225806451,79.65387096774194,85.55322580645161,84.15709677419355,4.4301184043845,0.01441376679911037,83.94135534639393
2023-08-31,7.2582,87.29,83.55,86.46,85.04,84.02,81.56,79.68,85.6,84.2,4.43033602995377,0.016550541710547338,83.95962511954922
2023-09-01,7.2606,89.98,85.52,89.68,85.13392857142858,84.09035714285714,81.69357142857143,79.76535714285716,85.75464285714285,84.29857142857144,4.430636976273934,0.023862369185893177,83.98489626220932
2023-09-04,7.2606,90.42,85.52,89.68,85.41571428571429,84.30142857142857,82.09428571428572,80.02142857142857,86.21857142857142,84.59428571428572,4.4325554716704145,0.028038797682159368,84.14617555638657
2023-09-05,7.3018,91.25,86.74,90.8,85.50964285714286,84.3717857142857,82.22785714285715,80.10678571428572,86.37321428571428,84.69285714285715,4.433285929855202,0.03195034968385757,84.2076632734094
2023-09-06,7.316,91.79,87.55,91.69,85.60357142857143,84.44214285714285,82.36142857142858,80.19214285714285,86.52785714285714,84.79142857142857,4.433888970869046,0.03519252144001419,84.25845926253623
2023-09-07,7.3287,91.16,86.87,90.86,85.6975,84.51249999999999,82.495,80.2775,86.6825,84.89,4.43467544555036,0.03518961897678614,84.32475247298139
2023-09-08,7.343,91.85,87.51,91.37,85.79142857142858,84.58285714285714,82.62857142857143,80.36285714285715,86.83714285714285,84.98857142857143,4.435435413345766,0.03653791770987443,84.38886092631093
2023-09-11,7.2882,91.97,87.3,91.38,86.07321428571429,84.79392857142857,83.02928571428572,80.61892857142857,87.30107142857143,85.28428571428572,4.437674709887238,0.037242112405188696,84.57804435056163
2023-09-12,7.2911,93.58,88.87,92.34,86.16714285714286,84.86428571428571,83.16285714285715,80.70428571428572,87.45571428571428,85.38285714285715,4.438512029741458,0.040563077375566574,84.6488928836298
2023-09-13,7.27,93.04,88.59,92.18,86.26107142857143,84.93464285714285,83.29642857142858,80.78964285714285,87.61035714285714,85.48142857142857,4.439294023817862,0.04114074869569874,84.71511370520942
2023-09-14,7.277,95.2,90.13,93.45,86.355,85.005,83.43,80.875,87.765,85.58,4.439860491697218,0.04546262770963059,84.76311569052729
2023-09-15,7.2744,95.55,90.83,93.56,86.44892857142858,85.07535714285714,83.56357142857142,80.96035714285715,87.91964285714286,85.67857142857143,4.4404603663632,0.048189951881696474,84.813978190277
2023-09-18,7.2915,95.95,91.47,93.64,86.73071428571428,85.28642857142857,83.96428571428571,81.21642857142857,88.38357142857143,85.97428571428571,4.442572959501088,0.050168191398708206,84.99334501645154
2023-09-19,7.2964,96.11,91.16,93.15,86.82464285714286,85.3567857142857,84.09785714285714,81.30178571428571,88.53821428571429,86.07285714285715,4.443536373229741,0.05085344552988763,85.07526822852165
2023-09-20,7.287,94.56,89.2,93.14,86.91857142857143,85.42714285714285,84.23142857142857,81.38714285714285,88.69285714285715,86.17142857142856,4.4445417886383245,0.048439164695912744,85.16084722810135
2023-09-21,7.3066,93.7,89.56,93.04,87.0125,85.4975,84.365,81.4725,88.8475,86.27,4.445588147054003,0.045899421966517584,85.25000263340463
2023-09-22,7.298,93.99,90.0,93.05,87.10642857142858,85.56785714285714,84.49857142857142,81.55785714285715,89.00214285714286,86.36857142857143,4.4465324454493755,0.04507779590878781,85.33054209475421
2023-09-25,7.311,94.01,89.68,92.91,87.38821428571428,85.77892857142857,84.89928571428571,81.81392857142856,89.46607142857144,86.66428571428571,4.448872631417043,0.04446261476414113,85.53046526944236
2023-09-26,7.31,94.46,91.43,93.03,87.48214285714286,85.84928571428571,85.03285714285714,81.89928571428571,89.62071428571429,86.76285714285714,4.449901043331386,0.044977239182889754,85.6184710643123
2023-09-27,7.3105,97.1,93.67,93.26,87.57607142857142,85.91964285714285,85.16642857142857,81.98464285714284,89.77535714285715,86.86142857142856,4.450479325538926,0.04949613120609071,85.66799702137529
2023-09-28,7.301,96.64,91.65,93.16,87.67,85.99,85.3,82.07,89.93,86.96,4.451173697912977,0.05054538885762941,85.72750316916884
2023-09-29,7.296,95.86,90.77,93.31,87.55242424242424,85.90121212121211,85.1330303030303,81.95848484848484,89.80727272727273,86.87969696969697,4.450411889832852,0.04979927107234099,85.6622201342946
2023-10-02,7.296,91.21,88.81,91.33,87.19969696969697,85.63484848484848,84.6321212121212,81.6239393939394,89.43909090909091,86.63878787878788,4.448133011369122,0.041306351652920056,85.46722861105397
2023-10-03,7.296,94.46,89.26,91.43,87.08212121212121,85.5460606060606,84.46515151515152,81.51242424242423,89.31636363636365,86.55848484848484,4.446899298852933,0.0424886473655036,85.36185163720401
2023-10-04,7.296,89.83,84.32,86.93,86.96454545454546,85.45727272727272,84.29818181818182,81.40090909090908,89.19363636363637,86.47818181818181,4.44638997567745,0.03293099703665272,85.31838593784668
2023-10-05,7.296,88.28,82.3,85.5,86.8469696969697,85.36848484848484,84.13121212121212,81.28939393939393,89.0709090909091,86.39787878787878,4.445997304872667,0.024786957070368112,85.28489047535318
2023-10-06,7.296,87.86,82.83,85.88,86.72939393939394,85.27969696969697,83.96424242424243,81.17787878787878,88.94818181818182,86.31757575757575,4.445372171953882,0.020551539645584305,85.23159274366107
2023-10-09,7.296,91.37,82.83,88.54,86.37666666666667,85.01333333333334,83.46333333333334,80.84333333333333,88.58,86.07666666666667,4.44228833641094,0.025543690866782175,84.96915739029266
2023-10-10,7.2948,90.7,85.89,88.22,86.25909090909092,84.92454545454545,83.29636363636364,80.73181818181818,88.45727272727272,85.99636363636364,4.4407627161705125,0.027697157269522252,84.83962555728309
2023-10-11,7.2992,87.58,83.7,87.21,86.14151515151515,84.83575757575757,83.12939393939394,80.62030303030302,88.33454545454546,85.9160606060606,4.439902779074802,0.023062191559149542,84.76670017619438
2023-10-12,7.3019,88.4,82.87,87.37,86.0239393939394,84.7469696969697,82.96242424242425,80.50878787878787,88.21181818181819,85.83575757575757,4.438962622246864,0.022158756116634815,84.68704363492985
2023-10-13,7.3049,94.33,87.67,90.12,85.90636363636364,84.65818181818182,82.79545454545455,80.39727272727272,88.08909090909091,85.75545454545454,4.437234725653717,0.03329142540395951,84.54083952991274
2023-10-16,7.3105,90.99,86.65,89.61,85.55363636363637,84.39181818181818,82.29454545454546,80.06272727272727,87.72090909090909,85.51454545454546,4.434139084755555,0.033447722362643935,84.27953610894973
2023-10-17,7.3105,92.52,86.66,89.84,85.43606060606061,84.3030303030303,82.12757575757576,79.95121212121212,87.59818181818181,85.43424242424243,4.43259784195791,0.03631270442066831,84.14974092956894
2023-10-18,7.3161,91.99,88.35,90.53,85.31848484848486,84.21424242424243,81.96060606060607,79.83969696969697,87.47545454545454,85.3539393939394,4.431350421419218,0.0377447337627138,84.0448362581318
2023-10-19,7.3126,93.12,89.35,90.83,85.2009090909091,84.12545454545455,81.79363636363637,79.72818181818181,87.35272727272728,85.27363636363636,4.43006046975616,0.040641425159191835,83.93649237603813
2023-10-20,7.3155,93.72,89.12,90.66,85.08333333333334,84.03666666666666,81.62666666666667,79.61666666666666,87.23,85.19333333333333,4.428783736520406,0.042976181938693576,83.82939624766988
2023-10-23,7.3158,91.88,85.49,90.07,84.73060606060606,83.77030303030303,81.12575757575758,79.28212121212121,86.86181818181818,84.95242424242424,4.425962766128989,0.04056619574832716,83.59324924138355
2023-10-24,7.309,88.0,84.58,89.54,84.61303030303031,83.68151515151516,80.95878787878789,79.17060606060606,86.7390909090909,84.87212121212121,4.4251182804596905,0.033206751009006726,83.52268573947575
2023-10-25,7.3165,90.14,86.07,90.02,84.49545454545455,83.59272727272727,80.79181818181819,79.05909090909091,86.61636363636363,84.79181818181819,4.424108119455553,0.03365640822375947,83.43835697936436
2023-10-26,7.315,88.45,83.8,89.64,84.3778787878788,83.50393939393939,80.62484848484848,78.94757575757576,86.49363636363636,84.71151515151516,4.423216167456921,0.03071628481678827,83.36396715110395
2023-10-27,7.3171,90.73,86.04,89.88,84.26030303030304,83.41515151515152,80.4578787878788,78.83606060606061,86.3709090909091,84.63121212121212,4.422010827994129,0.03353756458145127,83.26354580478562
2023-10-30,7.3133,90.73,83.03,89.68,83.90757575757576,83.14878787878789,79.95696969696971,78.50151515151515,86.00272727272727,84.39030303030303,4.418967972327571,0.03443010930987654,83.01057192930087
2023-10-31,7.3166,86.82,81.64,89.76,83.79,83.06,79.79,78.39,85.88,84.31,4.417951853755719,0.028771800118783022,82.92626618507346
2023-11-01,7.3175,86.92,81.05,85.24,83.64666666666668,82.923,79.64866666666667,78.268,85.785,84.23866666666667,4.416725331721842,0.02399147373166413,82.824617642242
2023-11-02,7.316,89.02,83.04,87.65,83.50333333333334,82.786,79.50733333333334,78.146,85.69,84.16733333333333,4.414999754806576,0.026981306212700923,82.68182063306705
2023-11-03,7.3005,87.55,81.19,85.93,83.36,82.649,79.366,78.024,85.595,84.096,4.413419355955074,0.025159658406880732,82.55125357988487
2023-11-06,7.2695,87.31,81.54,86.32,82.93,82.238,78.94200000000001,77.658,85.31,83.882,4.408971619918864,0.024838564143580443,82.18490271441652
2023-11-07,7.2788,83.43,77.96,83.58,82.78666666666668,82.101,78.80066666666667,77.536,85.215,83.81066666666666,4.407412846690938,0.016700338761902044,82.05689488183593
2023-11-08,7.28,81.46,75.85,82.2,82.64333333333333,81.964,78.65933333333334,77.414,85.11999999999999,83.73933333333333,4.406338936629463,0.00851797931603636,81.96882045727884
2023-11-09,7.2835,81.74,76.34,82.44,82.5,81.827,78.518,77.292,85.02499999999999,83.668,4.405012753169214,0.00554990460992502,81.86018681332497
2023-11-10,7.2835,83.66,76.34,83.35,82.35666666666667,81.69,78.37666666666667,77.17,84.92999999999999,83.59666666666666,4.403253940181212,0.008168530534916332,81.71633659345741
2023-11-13,7.289,84.09,78.86,83.86,81.92666666666666,81.279,77.95266666666667,76.804,84.645,83.38266666666667,4.398456110320387,0.011663533204498594,81.325214532459
2023-11-14,7.253,84.2,78.9,83.82,81.78333333333333,81.142,77.81133333333334,76.682,84.55,83.31133333333334,4.396141801897357,0.014164430445105437,81.1372205254271
2023-11-15,7.2466,82.4,77.15,83.21,81.64,81.005,77.67,76.56,84.455,83.24000000000001,4.394476313236238,0.012041075110780832,81.00219987354029
2023-11-16,7.2416,77.73,73.5,81.51,81.49666666666667,80.86800000000001,77.52866666666667,76.438,84.36,83.16866666666667,4.393469240329962,0.0014256803982045044,80.92066581496051
2023-11-17,7.212,81.22,76.47,83.08,81.35333333333334,80.73100000000001,77.38733333333333,76.316,84.265,83.09733333333334,4.3917964366658975,0.00423609565043904,80.78541458460273
2023-11-20,7.168,83.25,78.1,83.78,80.92333333333333,80.32000000000001,76.96333333333334,75.95,83.98,82.88333333333334,4.386783495953109,0.010481043504273937,80.38145544837532
2023-11-21,7.1352,82.42,78.35,83.92,80.78,80.183,76.822,75.828,83.885,82.812,4.384405637013636,0.012890727215905156,80.1905467528968
2023-11-22,7.155,81.76,76.8,83.76,80.63666666666667,80.046,76.68066666666667,75.706,83.79,82.74066666666667,4.382580397374656,0.012920236115442806,80.04431328445158
2023-11-23,7.155,80.85,76.8,83.76,80.49333333333333,79.909,76.53933333333333,75.584,83.695,82.66933333333334,4.380931897346716,0.01171818919435855,79.91246893433102
2023-11-24,7.1488,79.82,74.83,83.4,80.35,79.772,76.398,75.462,83.6,82.598,4.379404872982159,0.009048801870610097,79.79053376991388
2023-11-27,7.1528,79.49,74.46,83.32,79.92,79.361,75.974,75.096,83.315,82.384,4.374877911851639,0.007731225236575592,79.43014148136612
2023-11-28,7.138,81.66,76.09,83.46,79.77666666666666,79.224,75.83266666666667,74.974,83.22,82.31266666666667,4.372502851838637,0.011919449829419067,79.24171398039327
2023-11-29,7.13,82.98,77.56,83.49,79.63333333333333,79.087,75.69133333333333,74.852,83.125,82.24133333333333,4.370334574194882,0.016938910535100413,79.07008208356207
2023-11-30,7.136,81.72,75.66,83.56,79.49,78.95,75.55,74.73,83.03,82.17,4.3684809281682835,0.017242202064911588,78.92364989873234
2023-12-01,7.1386,78.72,73.7,79.44,79.3855172413793,78.84448275862069,75.42275862068965,74.6144827586207,82.81931034482758,81.97,4.367513742414654,0.009707573908188251,78.84735297152402
2023-12-04,7.1424,78.16,72.73,78.19,79.07206896551723,78.52793103448276,75.04103448275862,74.26793103448276,82.18724137931035,81.37,4.364279532625734,0.004562718861632225,78.59275602261135
2023-12-05,7.1444,77.27,71.95,77.48,78.96758620689654,78.42241379310344,74.91379310344827,74.15241379310345,81.97655172413793,81.17,4.362962775753808,0.0003001926704543859,78.48933657511186
2023-12-06,7.158,74.33,68.98,75.3,78.86310344827585,78.31689655172414,74.78655172413792,74.03689655172414,81.76586206896552,80.97,4.362217225161407,-0.008954958293905673,78.43084061229054
2023-12-07,7.1515,74.21,69.0,75.27,78.75862068965516,78.21137931034482,74.65931034482759,73.92137931034483,81.5551724137931,80.77,4.361308276752722,-0.013489725533158966,78.35958341398867
2023-12-08,7.1645,75.94,70.87,76.51,78.65413793103448,78.10586206896552,74.53206896551724,73.80586206896552,81.34448275862069,80.57000000000001,4.359903842720011,-0.01106423500895507,78.24960979167825
2023-12-11,7.1765,75.75,70.95,76.77,78.34068965517241,77.78931034482758,74.15034482758621,73.45931034482759,80.71241379310345,79.97,4.356080704312232,-0.009575290211722836,77.95102183831594
2023-12-12,7.1755,74.11,68.27,74.98,78.23620689655172,77.68379310344828,74.02310344827586,73.34379310344828,80.50172413793103,79.77000000000001,4.354562262741457,-0.01314527427370004,77.83274758526856
2023-12-13,7.1725,74.14,69.09,74.87,78.13172413793103,77.57827586206896,73.89586206896551,73.22827586206897,80.29103448275862,79.57000000000001,4.353281194037103,-0.014422610765610694,77.73310232800114
2023-12-14,7.1088,77.05,71.21,76.3,78.02724137931034,77.47275862068966,73.76862068965517,73.11275862068966,80.0803448275862,79.37,4.351537881238769,-0.008039703485085953,77.59770726811925
2023-12-15,7.1179,76.84,71.05,76.34,77.92275862068965,77.36724137931034,73.64137931034483,72.99724137931034,79.8696551724138,79.17,4.349869457334109,-0.005055281409036168,77.468349340303
2023-12-18,7.1297,78.89,72.16,76.72,77.60931034482758,77.05068965517242,73.25965517241379,72.65068965517241,79.23758620689655,78.57000000000001,4.345677241789434,0.0010850076964496564,77.14426511208727
2023-12-19,7.1287,79.82,73.23,77.19,77.50482758620689,76.9451724137931,73.13241379310345,72.5351724137931,79.02689655172414,78.37,4.3434881688812625,0.006748828799104713,76.97557539571757
2023-12-20,7.1355,81.1,73.87,77.36,77.4003448275862,76.8396551724138,73.0051724137931,72.4196551724138,78.81620689655172,78.17,4.341592835152404,0.012299362048701096,76.82981916335666
2023-12-21,7.1381,80.73,73.59,77.27,77.2958620689655,76.73413793103448,72.87793103448276,72.30413793103448,78.60551724137932,77.97,4.33994625438975,0.014534684910971799,76.7034167555694
2023-12-22,7.1315,80.23,73.29,77.29,77.19137931034483,76.62862068965518,72.75068965517241,72.18862068965517,78.3948275862069,77.77000000000001,4.338475199499523,0.014969433617961348,76.59066477176562
2023-12-26,7.1432,80.23,75.84,77.59,76.77344827586207,76.20655172413794,72.24172413793103,71.72655172413792,77.55206896551724,76.97,4.333391735944791,0.016544033915918754,76.20230685673477
2023-12-27,7.1405,80.97,74.31,77.39,76.66896551724138,76.10103448275862,72.1144827586207,71.61103448275861,77.34137931034483,76.77000000000001,4.3313112838257375,0.018750615733413502,76.04393640415239
2023-12-28,7.1065,79.04,72.02,77.29,76.56448275862068,75.9955172413793,71.98724137931035,71.4955172413793,77.13068965517242,76.57000000000001,4.329955275400146,0.01618118363634861,75.9408900673135
2023-12-29,7.0999,77.69,71.89,77.33,76.46,75.89,71.86,71.38,76.92,76.37,4.328797519871146,0.012764640605786417,75.85301995782848
2024-01-02,7.1426,76.24,70.62,75.97,76.85636363636362,76.25,72.27818181818182,71.71939393939394,77.39151515151515,76.75424242424243,4.3330898256260895,0.007104921768378453,76.17930406655043
2024-01-03,7.1497,77.18,72.97,78.2,76.95545454545454,76.34,72.38272727272727,71.80424242424242,77.50939393939395,76.85030303030304,4.33476011566646,0.007430934357334628,76.30665192373691
2024-01-04,7.1589,75.79,72.38,77.14,77.05454545454545,76.43,72.48727272727272,71.88909090909091,77.62727272727273,76.94636363636364,4.336221434083457,0.004031753005362985,76.41824175381151
2024-01-05,7.145,78.31,74.0,78.29,77.15363636363637,76.52,72.59181818181818,71.97393939393939,77.74515151515152,77.04242424242425,4.337243118859415,0.007777146085287888,76.4963570058037
2024-01-08,7.154,75.47,71.06,76.16,77.4509090909091,76.79,72.90545454545455,72.22848484848485,78.09878787878787,77.33060606060607,4.340739498714185,0.00211125329950835,76.76428544425472
2024-01-09,7.1675,77.97,72.43,77.41,77.55,76.88,73.01,72.31333333333333,78.21666666666667,77.42666666666668,4.34214806972165,0.004562715857225733,76.87248957985402
2024-01-10,7.1711,78.46,71.57,77.04,77.6490909090909,76.97,73.11454545454545,72.39818181818181,78.33454545454546,77.52272727272728,4.343244795331792,0.005986174677043741,76.95684385618407
2024-01-11,7.167,80.21,72.15,77.48,77.74818181818182,77.06,73.21909090909091,72.4830303030303,78.45242424242424,77.61878787878788,4.344148253732173,0.0099643016105683,77.02640258020813
2024-01-12,7.1665,79.89,72.94,77.88,77.84727272727272,77.15,73.32363636363637,72.56787878787878,78.57030303030304,77.71484848484849,4.345152674178393,0.011566413775504577,77.10380834131539
2024-01-15,7.1665,79.76,72.94,77.88,78.14454545454545,77.42,73.63727272727273,72.82242424242425,78.92393939393939,78.00303030303031,4.348283537439432,0.011741464880383537,77.34558811434185
2024-01-16,7.1874,80.15,72.63,77.7,78.24363636363637,77.51,73.74181818181819,72.90727272727273,79.04181818181819,78.09909090909092,4.349717241401486,0.011941359257329847,77.45655832067271
2024-01-17,7.196,78.88,72.79,77.45,78.34272727272727,77.6,73.84636363636363,72.99212121212122,79.15969696969697,78.19515151515152,4.351077248302018,0.009458002399013118,77.56197143951695
2024-01-18,7.1961,81.04,74.32,77.99,78.44181818181818,77.69,73.9509090909091,73.0769696969697,79.27757575757576,78.29121212121213,4.352104335607091,0.012480336828111543,77.64167528013367
2024-01-19,7.1931,80.71,73.69,77.77,78.5409090909091,77.78,74.05545454545455,73.16181818181819,79.39545454545454,78.38727272727273,4.353195137016144,0.012912954543678046,77.72641313661495
2024-01-22,7.192,81.7,75.26,78.3,78.83818181818182,78.05,74.36909090909091,73.41636363636364,79.74909090909091,78.67545454545456,4.356199988788769,0.015109793496730691,77.96032073974773
2024-01-23,7.172,82.04,74.72,78.18,78.93727272727273,78.14,74.47363636363636,73.50121212121212,79.8669696969697,78.77151515151516,4.357535428299886,0.01618727069738417,78.06450158048541
2024-01-24,7.158,82.15,75.48,78.33,79.03636363636363,78.23,74.57818181818182,73.58606060606061,79.98484848484848,78.86757575757576,4.358664338595533,0.016931733309525267,78.15267916296982
2024-01-25,7.169,82.33,77.91,78.81,79.13545454545455,78.32,74.68272727272728,73.67090909090909,80.10272727272728,78.96363636363637,4.359735843154264,0.01820086076384727,78.23646499540433
2024-01-26,7.1763,83.34,78.45,78.89,79.23454545454545,78.41,74.78727272727274,73.75575757575758,80.22060606060606,79.05969696969697,4.360724511392874,0.02049180944653326,78.31385315274932
2024-01-29,7.1798,83.99,77.25,78.78,79.53181818181818,78.68,75.1009090909091,74.01030303030304,80.57424242424243,79.3478787878788,4.3637119712428225,0.022004759434617598,78.54816246530389
2024-01-30,7.1755,84.14,78.3,78.83,79.6309090909091,78.77,75.20545454545454,74.09515151515153,80.69212121212121,79.4439393939394,4.365059440454171,0.022861460832979998,78.65407503677326
2024-01-31,7.1673,82.98,76.28,78.85,79.73,78.86,75.31,74.18,80.81,79.54,4.36636434517048,0.02068839433390903,78.75677810453101
2024-02-01,7.1799,82.2,74.36,78.57,79.74000000000001,78.85758620689656,75.34379310344828,74.18586206896552,80.78551724137931,79.49655172413793,4.366735189617394,0.017633597784870145,78.78599003455417
2024-02-02,7.192,79.54,72.72,77.36,79.75,78.8551724137931,75.37758620689655,74.19172413793105,80.76103448275862,79.45310344827587,4.367236433055849,0.01046127167352837,78.82549089404746
2024-02-05,7.1982,79.3,73.21,78.08,79.78,78.84793103448276,75.47896551724138,74.20931034482759,80.68758620689655,79.32275862068965,4.367512038764823,0.007140360756779801,78.84721864335887
2024-02-06,7.1908,80.46,73.83,78.35,79.79,78.84551724137931,75.51275862068965,74.21517241379311,80.66310344827586,79.27931034482759,4.367511481146117,0.00786912344793641,78.84717467668712
2024-02-07,7.1943,81.18,74.26,78.85,79.8,78.84310344827587,75.54655172413793,74.22103448275863,80.63862068965517,79.23586206896552,4.367357424734796,0.009888635536332303,78.83502869952046
2024-02-08,7.1965,83.01,76.67,80.56,79.81,78.84068965517241,75.58034482758622,74.22689655172414,80.61413793103448,79.19241379310346,4.366948877732625,0.015543597008291358,78.80282746318639
2024-02-09,7.1929,83.58,77.26,80.66,79.82000000000001,78.83827586206897,75.61413793103449,74.23275862068965,80.5896551724138,79.14896551724138,4.366571996961929,0.019497953186792375,78.77313378867801
2024-02-12,7.1928,83.88,77.34,80.59,79.85,78.83103448275862,75.71551724137932,74.2503448275862,80.51620689655172,79.01862068965518,4.366256307867861,0.022025598991362673,78.74826989427197
2024-02-13,7.1928,84.72,78.28,81.1,79.86,78.82862068965518,75.74931034482759,74.25620689655173,80.49172413793103,78.9751724137931,4.36597017779539,0.02519657234482412,78.72574086936962
2024-02-14,7.1928,84.41,77.09,80.41,79.87,78.82620689655172,75.78310344827587,74.26206896551724,80.46724137931034,78.93172413793104,4.365847678365693,0.025636675646684,78.71609760167011
2024-02-15,7.1928,84.33,78.47,81.02,79.88,78.82379310344828,75.81689655172414,74.26793103448276,80.44275862068966,78.88827586206897,4.365759961997474,0.026397203302334173,78.70919321428647
2024-02-16,7.1928,84.88,79.65,81.24,79.89,78.82137931034482,75.85068965517242,74.27379310344827,80.41827586206897,78.8448275862069,4.365613601430805,0.028087538381777646,78.69767413515561
2024-02-19,7.1928,85.52,79.65,81.24,79.92,78.81413793103448,75.95206896551724,74.29137931034482,80.34482758620689,78.71448275862069,4.365384085318228,0.030069110085857578,78.67961382356475
2024-02-20,7.1905,84.78,78.72,80.78,79.92999999999999,78.81172413793104,75.98586206896552,74.29724137931035,80.3203448275862,78.67103448275863,4.365350316544161,0.02941196192160428,78.67695695432174
2024-02-21,7.1891,84.77,78.89,81.02,79.94,78.8093103448276,76.01965517241379,74.30310344827586,80.29586206896552,78.62758620689655,4.365337294912165,0.02928230340394966,78.67593245861204
2024-02-22,7.1944,85.84,79.64,81.19,79.95,78.80689655172414,76.05344827586208,74.30896551724138,80.27137931034483,78.58413793103449,4.365189651886143,0.031263212676162916,78.66431736333377
2024-02-23,7.197,84.18,77.6,80.71,79.96,78.8044827586207,76.08724137931036,74.31482758620689,80.24689655172413,78.54068965517241,4.365278430238668,0.02883172726658352,78.6713013618411
2024-02-26,7.1972,84.01,78.53,80.83,79.99,78.79724137931035,76.18862068965518,74.33241379310344,80.17344827586206,78.41034482758621,4.365313831510099,0.02772043403649134,78.67408647523249
2024-02-27,7.1977,83.8,79.8,80.93,80.0,78.7948275862069,76.22241379310346,74.33827586206895,80.14896551724138,78.36689655172414,4.365341186229251,0.027180357769636617,78.6762386122079
2024-02-28,7.1976,84.08,79.44,80.86,80.00999999999999,78.79241379310345,76.25620689655173,74.34413793103448,80.12448275862069,78.32344827586208,4.365317931408932,0.02730131446807418,78.67440903168902
2024-02-29,7.1977,84.57,79.22,80.88,80.02,78.79,76.29,74.35,80.1,78.28,4.365235004812964,0.028174117427859083,78.66788510126558
2024-03-01,7.196,84.82,80.9,83.07,80.17655172413792,78.93448275862069,76.44517241379312,74.48724137931033,80.26931034482759,78.44758620689656,4.3666631452201985,0.03041657874174071,78.78031414985499
2024-03-04,7.1987,86.58,79.67,82.06,80.64620689655172,79.36793103448277,76.91068965517242,74.89896551724138,80.77724137931034,78.9503448275862,4.371396557183598,0.032946357405851036,79.15409776936964
2024-03-05,7.1965,85.82,79.11,81.62,80.80275862068966,79.51241379310345,77.06586206896553,75.03620689655172,80.94655172413793,79.11793103448277,4.373678267415918,0.03195589731512023,79.3349106870766
2024-03-06,7.1977,86.59,80.08,82.42,80.95931034482759,79.65689655172415,77.22103448275863,75.17344827586206,81.11586206896551,79.28551724137931,4.37551458838137,0.032991005868045015,79.4807288903997
2024-03-07,7.1925,84.88,79.81,82.44,81.11586206896551,79.80137931034483,77.37620689655174,75.31068965517241,81.2851724137931,79.45310344827587,4.377498079272189,0.030311014908463753,79.6385346435493
2024-03-08,7.1855,84.29,78.96,81.97,81.27241379310344,79.94586206896552,77.53137931034483,75.44793103448275,81.45448275862068,79.62068965517241,4.379551652808247,0.027243702519533185,79.80224627014245
2024-03-11,7.182,83.44,78.87,82.28,81.74206896551723,80.37931034482759,77.99689655172415,75.8596551724138,81.96241379310345,80.12344827586207,4.384743557113614,0.023805176720343744,80.21764932946765
2024-03-12,7.1804,83.66,78.51,82.14,81.89862068965517,80.52379310344828,78.15206896551724,75.99689655172413,82.13172413793103,80.29103448275862,4.387192376132207,0.02169368563745853,80.41432855239754
2024-03-13,7.1875,83.95,80.67,83.46,82.0551724137931,80.66827586206897,78.30724137931036,76.13413793103447,82.30103448275862,80.45862068965518,4.389096344416137,0.021932140547597893,80.56758073088231
2024-03-14,7.1932,86.16,82.16,83.9,82.21172413793103,80.81275862068966,78.46241379310345,76.27137931034483,82.4703448275862,80.62620689655172,4.390659973018957,0.025889383927651458,80.69365704715294
2024-03-15,7.1953,85.39,81.94,83.82,82.36827586206897,80.95724137931035,78.61758620689656,76.40862068965517,82.6396551724138,80.79379310344828,4.392371602023307,0.026149165873227097,80.83189292153905
2024-03-18,7.1981,86.47,83.68,84.47,82.83793103448276,81.39068965517242,79.08310344827586,76.8203448275862,83.14758620689655,81.29655172413793,4.397092077011953,0.02809085421814054,81.21435985294671
2024-03-19,7.1991,87.36,84.39,84.62,82.99448275862069,81.5351724137931,79.23827586206897,76.95758620689655,83.31689655172414,81.46413793103449,4.399153529925308,0.030073974283644767,81.3819521140995
2024-03-20,7.1992,85.77,82.79,84.15,83.15103448275862,81.6796551724138,79.39344827586207,77.09482758620689,83.48620689655172,81.63172413793103,4.401112895420898,0.027531224484274835,81.54156542237558
2024-03-21,7.1993,84.92,81.99,84.14,83.30758620689656,81.82413793103449,79.54862068965518,77.23206896551724,83.65551724137931,81.79931034482759,4.403132917634534,0.024388210847687462,81.7064476727009
2024-03-22,7.2289,84.87,81.1,84.03,83.46413793103449,81.96862068965518,79.70379310344828,77.36931034482758,83.8248275862069,81.96689655172413,4.405103453287082,0.022188965563954968,81.86761187863968
2024-03-25,7.2102,86.18,82.41,84.23,83.93379310344828,82.40206896551724,80.1693103448276,77.78103448275861,84.33275862068966,82.4696551724138,4.40989463249636,0.022978788387920654,82.26079543288095
2024-03-26,7.2176,85.91,82.41,84.14,84.09034482758621,82.54655172413794,80.32448275862069,77.91827586206897,84.50206896551724,82.63724137931034,4.4121264496861405,0.022253286406492687,82.44459151350837
2024-03-27,7.227,84.94,82.15,84.11,84.24689655172413,82.69103448275862,80.4796551724138,78.0555172413793,84.67137931034483,82.8048275862069,4.414107154586984,0.01986780637620807,82.60805174977223
2024-03-28,7.2262,86.17,83.96,84.15,84.40344827586208,82.8355172413793,80.63482758620691,78.19275862068966,84.84068965517241,82.97241379310344,4.41585800516841,0.020761507669387627,82.75281279570937
2024-03-29,7.2203,86.17,83.96,84.15,84.56,82.98,80.79,78.33,85.01,83.14,4.417594006822476,0.020868517924735593,82.89659658393835
2024-04-01,7.2308,86.17,84.54,87.77,84.494375,82.95093750000001,80.66906250000001,78.256875,85.086875,83.201875,4.4174297583330935,0.022761990728515934,82.88298206128746
2024-04-02,7.232,87.63,85.95,89.24,84.4725,82.94125,80.62875000000001,78.2325,85.11250000000001,83.2225,4.417022850167182,0.027073726224247932,82.84926315978508
2024-04-03,7.233,90.6,86.22,89.63,84.450625,82.9315625,80.58843750000001,78.208125,85.138125,83.243125,4.416382274437615,0.03412064229562161,82.79620892703353
2024-04-04,7.2339,90.32,87.37,90.53,84.42875000000001,82.921875,80.548125,78.18375,85.16375000000001,83.26375,4.4159005583365225,0.037829872503252315,82.75633426498838
2024-04-05,7.2339,92.81,87.69,90.74,84.406875,82.9121875,80.5078125,78.159375,85.189375,83.284375,4.415331372201205,0.04364715820207124,82.70924390977504
2024-04-08,7.2305,91.73,87.24,90.02,84.34125,82.883125,80.386875,78.08624999999999,85.26625,83.34625,4.414842283013379,0.04441222639688041,82.66880160359902
2024-04-09,7.2316,92.13,86.04,89.43,84.31937500000001,82.87343750000001,80.3465625,78.061875,85.291875,83.366875,4.414628174841106,0.04490576465464585,82.6511034323128
2024-04-10,7.2341,91.57,86.98,90.13,84.2975,82.86375000000001,80.30625,78.0375,85.3175,83.3875,4.414499059944145,0.04483778894979345,82.64043263250387
2024-04-11,7.2373,91.49,85.79,89.79,84.275625,82.8540625,80.2659375,78.013125,85.343125,83.408125,4.414410305498561,0.04428844442533317,82.63309825220699
2024-04-12,7.2374,93.12,86.46,90.22,84.25375,82.844375,80.22562500000001,77.98875,85.36875,83.42875,4.414139775575872,0.04684654894303043,82.6107465500637
2024-04-15,7.2382,90.84,86.21,89.96,84.188125,82.8153125,80.1046875,77.91562499999999,85.445625,83.490625,4.413922971921051,0.04443617275325983,82.59283817965438
2024-04-16,7.2383,91.29,86.15,89.91,84.16625,82.805625,80.064375,77.89125,85.47125,83.51125,4.4138400052810285,0.04393840626635795,82.58598601363525
2024-04-17,7.2389,89.54,83.58,88.84,84.144375,82.79593750000001,80.0240625,77.866875,85.496875,83.531875,4.4139751037478945,0.03993881140796557,82.59714400742726
2024-04-18,7.2382,88.34,83.5,88.81,84.1225,82.78625,79.98375,77.8425,85.52250000000001,83.5525,4.41416982980764,0.03605715279964764,82.61322938989679
2024-04-19,7.2403,87.96,83.79,88.82,84.100625,82.7765625,79.9434375,77.818125,85.548125,83.573125,4.414281958796914,0.03360823921665227,82.62249324717271
2024-04-22,7.2403,87.3,83.82,88.72,84.035,82.7475,79.8225,77.745,85.625,83.63499999999999,4.4141556638165556,0.031288429274603236,82.612059099915
2024-04-23,7.2445,88.29,84.17,89.04,84.013125,82.7378125,79.7821875,77.720625,85.650625,83.655625,4.414011266715315,0.031983569273150915,82.60013101926432
2024-04-24,7.246,89.02,84.09,89.02,83.99125,82.728125,79.74187500000001,77.69624999999999,85.67625,83.67625,4.413788445033634,0.03345640027573592,82.58172796953893
2024-04-25,7.246,88.1,84.92,89.18,83.969375,82.71843750000001,79.7015625,77.671875,85.701875,83.69687499999999,4.413673939802637,0.032971683594774044,82.57227247106397
2024-04-26,7.2464,89.95,85.38,89.19,83.9475,82.70875000000001,79.66125,77.6475,85.72749999999999,83.7175,4.413383069619459,0.03574991564987654,82.54825815173895
2024-04-29,7.2318,88.44,84.26,89.11,83.881875,82.6796875,79.5403125,77.574375,85.804375,83.779375,4.413088987218881,0.034470048158497156,82.52398573103895
2024-04-30,7.2401,88.23,83.49,89.17,83.86,82.67,79.5,77.55,85.83,83.8,4.413020322069285,0.03341659819073069,82.51831940375534
2024-05-01,7.2405,83.55,80.7,83.46,83.74516129032259,82.57193548387097,79.38903225806452,77.4632258064516,85.68322580645162,83.67677419354838,4.412700698807963,0.021773954359836187,82.4919488439353
2024-05-02,7.2405,84.81,80.59,83.87,83.63032258064516,82.47387096774193,79.27806451612904,77.37645161290322,85.53645161290322,83.55354838709677,4.411927541183969,0.018537674577784432,82.42819421413348
2024-05-03,7.2405,83.6,79.65,83.2,83.51548387096774,82.3758064516129,79.16709677419355,77.28967741935483,85.38967741935484,83.43032258064515,4.411061727640247,0.014545461433732136,82.35685765373474
2024-05-06,7.2071,83.6,80.1,83.56,83.17096774193548,82.0816129032258,78.83419354838709,77.02935483870968,84.94935483870968,83.06064516129032,4.407958566305655,0.01321065516064075,82.10168715979641
2024-05-07,7.2185,82.69,79.97,83.57,83.05612903225807,81.98354838709677,78.72322580645161,76.94258064516129,84.80258064516129,82.93741935483871,4.406606110178252,0.011381918833909216,81.99072328372816
2024-05-08,7.2185,82.44,80.57,84.16,82.94129032258064,81.88548387096775,78.61225806451613,76.8558064516129,84.6558064516129,82.8141935483871,4.405436302868496,0.010720380899693112,81.89486601449711
2024-05-09,7.2198,83.27,80.86,84.18,82.82645161290323,81.7874193548387,78.50129032258064,76.76903225806451,84.50903225806452,82.69096774193548,4.40415190293178,0.012063382636382345,81.78974777515162
2024-05-10,7.226,83.39,79.81,83.65,82.7116129032258,81.68935483870968,78.39032258064516,76.68225806451613,84.36225806451613,82.56774193548387,4.402879634596162,0.012612509463366799,81.68575543598668
2024-05-13,7.2325,83.18,80.71,84.14,82.36709677419354,81.39516129032258,78.05741935483871,76.42193548387097,83.92193548387097,82.19806451612904,4.3995262489676,0.013325811938417179,81.4122903708231
2024-05-14,7.2335,81.0,79.62,83.56,82.25225806451613,81.29709677419355,77.94645161290323,76.33516129032257,83.77516129032259,82.07483870967742,4.398215713650605,0.009806281647110074,81.30566657144259
2024-05-15,7.219,79.98,80.23,83.67,82.13741935483871,81.19903225806452,77.83548387096775,76.2483870967742,83.62838709677419,81.95161290322581,4.397208881464939,0.00671129371320532,81.22384660586067
2024-05-16,7.2181,81.65,80.85,83.94,82.02258064516128,81.10096774193548,77.72451612903225,76.1616129032258,83.48161290322581,81.8283870967742,4.395928469217146,0.008556261394968944,81.11991315088748
2024-05-17,7.2233,82.24,81.66,84.38,81.90774193548387,81.00290322580645,77.61354838709677,76.07483870967742,83.33483870967741,81.70516129032258,4.39452647968531,0.011061822342521711,81.0062635682047
2024-05-20,7.2344,81.91,81.39,84.33,81.56322580645161,80.70870967741935,77.28064516129032,75.81451612903226,82.89451612903225,81.33548387096775,4.391093972473808,0.011993190522071201,80.72868565096897
2024-05-21,7.2376,81.22,80.66,84.13,81.4483870967742,80.61064516129032,77.16967741935484,75.72774193548386,82.74774193548387,81.21225806451613,4.3895776096625845,0.011407709817073543,80.60636443935539
2024-05-22,7.2405,79.9,79.15,83.76,81.33354838709677,80.5125806451613,77.05870967741936,75.64096774193548,82.60096774193548,81.08903225806452,4.388489409754749,0.008535083805731267,80.51869630987798
2024-05-23,7.2421,79.25,77.47,83.65,81.21870967741935,80.41451612903225,76.94774193548388,75.55419354838709,82.4541935483871,80.9658064516129,4.387474253537035,0.0057637118458629235,80.43699872959614
2024-05-24,7.2425,78.92,78.48,83.83,81.10387096774193,80.31645161290322,76.8367741935484,75.46741935483871,82.30741935483871,80.84258064516129,4.386388092443266,0.004320936248704652,80.34967862151315
2024-05-28,7.2451,81.34,80.9,84.15,80.64451612903225,79.9241935483871,76.39290322580645,75.12032258064517,81.72032258064516,80.34967741935485,4.381714551725713,0.008941504918058445,79.9750372595719
2024-05-29,7.2494,81.5,80.24,84.05,80.52967741935484,79.82612903225807,76.28193548387097,75.03354838709677,81.57354838709678,80.22645161290323,4.379762932128621,0.011792995543021934,79.81910861576847
2024-05-30,7.2493,81.42,78.96,84.0,80.41483870967741,79.72806451612902,76.17096774193548,74.94677419354839,81.42677419354838,80.10322580645162,4.378316656779984,0.013008291787596238,79.70375164570616
2024-05-31,7.241,79.41,77.97,84.04,80.3,79.63,76.06,74.86,81.28,79.98,4.377215406269784,0.010119838591706658,79.61602616127446
2024-06-03,7.242,76.45,75.26,79.17,80.56571428571428,79.8592857142857,76.37392857142858,75.10964285714286,81.62285714285714,80.28642857142857,4.380187818597846,1.4290951948181876e-05,79.85302988083787
2024-06-04,7.2393,75.33,74.27,78.46,80.6542857142857,79.93571428571428,76.47857142857143,75.19285714285714,81.73714285714286,80.38857142857144,4.382022835067246,-0.007929430577111183,79.9996960320466
2024-06-05,7.2475,75.41,75.08,78.87,80.74285714285715,80.01214285714285,76.58321428571429,75.27607142857143,81.85142857142857,80.49071428571429,4.383404496165135,-0.011452512514942649,80.11030489428218
2024-06-06,7.2451,77.62,76.52,80.01,80.83142857142857,80.08857142857143,76.68785714285714,75.35928571428572,81.96571428571428,80.59285714285714,4.384268117683881,-0.008337036856812755,80.17951976088432
2024-06-07,7.2466,78.12,76.53,79.79,80.92,80.16499999999999,76.7925,75.4425,82.08,80.69500000000001,4.385056042087309,-0.006194565946507779,80.24272005641697
2024-06-10,7.2475,79.59,78.75,81.26,81.18571428571428,80.39428571428572,77.10642857142857,75.69214285714285,82.42285714285714,81.00142857142858,4.387338585390801,-0.001500049145014777,80.42608673131191
2024-06-11,7.2544,80.15,78.88,81.36,81.27428571428571,80.47071428571428,77.21107142857143,75.77535714285715,82.53714285714285,81.10357142857143,4.38825681128405,0.001560067797168501,80.49996996219795
2024-06-12,7.2544,80.52,79.56,81.68,81.36285714285714,80.54714285714286,77.31571428571428,75.85857142857142,82.65142857142857,81.2057142857143,4.389042441580024,0.0038592714811694832,80.56323802682526
2024-06-13,7.2519,81.44,79.61,81.6,81.45142857142856,80.62357142857142,77.42035714285714,75.94178571428571,82.76571428571428,81.30785714285715,4.389796870950987,0.006395437650251556,80.62404023241359
2024-06-14,7.2557,81.49,79.41,81.53,81.53999999999999,80.69999999999999,77.525,76.025,82.88,81.41,4.390634805933418,0.007495715945717126,80.69162624853831
2024-06-17,7.2561,82.45,81.33,82.15,81.80571428571429,80.92928571428571,77.83892857142857,76.27464285714285,83.22285714285715,81.71642857142858,4.393041489438951,0.010145265694903236,80.88605933006201
2024-06-18,7.2543,84.79,82.67,82.49,81.89428571428572,81.00571428571428,77.94357142857143,76.35785714285714,83.33714285714287,81.81857142857143,4.393844663457401,0.015518838952236148,80.95105100769037
2024-06-19,7.2543,85.64,82.67,82.49,81.98285714285714,81.08214285714286,78.04821428571428,76.44107142857143,83.45142857142858,81.92071428571428,4.39448795921934,0.019383064806018372,81.00314322928442
2024-06-20,7.2604,85.92,83.34,82.57,82.07142857142857,81.15857142857142,78.15285714285714,76.52428571428571,83.5657142857143,82.02285714285715,4.395214878953456,0.021767526605720136,81.06204741933847
2024-06-21,7.2609,86.42,81.71,82.42,82.16,81.235,78.2575,76.6075,83.68,82.125,4.3960216789249085,0.02319622038998016,81.1274746666839
2024-06-24,7.2586,86.75,82.63,82.6,82.42571428571429,81.46428571428571,78.57142857142857,76.85714285714286,84.02285714285715,82.43142857142857,4.3984902536710955,0.024445094007205015,81.32799129518395
2024-06-25,7.2629,86.81,81.97,82.42,82.51428571428572,81.54071428571429,78.67607142857142,76.94035714285714,84.13714285714286,82.53357142857143,4.399632983151394,0.02461633806402057,81.42098030893507
2024-06-26,7.2666,85.76,82.19,82.47,82.60285714285715,81.61714285714285,78.78071428571428,77.02357142857143,84.25142857142858,82.63571428571429,4.400716350503783,0.022892914720665715,81.50923693934523
2024-06-27,7.2688,87.0,83.04,82.49,82.69142857142857,81.69357142857143,78.88535714285713,77.1067857142857,84.36571428571429,82.73785714285715,4.40162177504487,0.02408635185175968,81.5830708232565
2024-06-28,7.2672,87.26,82.83,82.55,82.78,81.77,78.99,77.19,84.48,82.84,4.4024984663977955,0.024925788311303602,81.65462535702991
2024-07-01,7.2683,86.57,84.7,86.5,82.51,81.53,78.72,76.95272727272727,83.86909090909091,82.29727272727273,4.39995166121701,0.026775363692340952,81.44693152426241
2024-07-02,7.2712,88.28,84.09,85.95,82.42,81.45,78.63,76.87363636363636,83.66545454545455,82.11636363636364,4.398488356180873,0.030299664941492895,81.32783697626203
2024-07-03,7.2699,88.25,85.19,87.15,82.33,81.36999999999999,78.53999999999999,76.79454545454546,83.46181818181819,81.93545454545455,4.397227576998594,0.032994742609628494,81.22536514321332
2024-07-04,7.2699,88.34,85.19,87.15,82.24,81.28999999999999,78.44999999999999,76.71545454545455,83.25818181818182,81.75454545454546,4.3960633126169775,0.0346138726358139,81.13085237329521
2024-07-05,7.268,88.66,84.44,86.48,82.15,81.21,78.36,76.63636363636364,83.05454545454546,81.57363636363637,4.3949590084575245,0.03556936390506548,81.04130868639216
2024-07-08,7.2683,87.15,83.63,86.03,81.88,80.97,78.08999999999999,76.3990909090909,82.44363636363637,81.03090909090909,4.3923366243946695,0.033478408467227876,80.8290656630521
2024-07-09,7.2725,86.48,82.78,85.21,81.79,80.89,78.0,76.32,82.24000000000001,80.85000000000001,4.391262273308663,0.031079299252876908,80.74227349955184
2024-07-10,7.2758,86.55,83.39,85.42,81.7,80.81,77.91,76.24090909090908,82.03636363636365,80.66909090909091,4.390307256561695,0.03041510507271712,80.66520008523018
2024-07-11,7.2573,86.49,83.92,85.55,81.61,80.72999999999999,77.82,76.16181818181818,81.83272727272728,80.48818181818183,4.389318380696628,0.030309990302818238,80.58547164297828
2024-07-12,7.2495,87.35,83.49,85.11,81.52,80.64999999999999,77.72999999999999,76.08272727272727,81.62909090909092,80.30727272727273,4.388235337246764,0.03147077898823486,80.49824132140196
2024-07-15,7.2592,86.42,83.22,85.13,81.25,80.41,77.46,75.84545454545454,81.01818181818182,79.76454545454546,4.385512267533212,0.030737549954520514,80.27933717935164
2024-07-16,7.2685,86.6,81.92,84.57,81.16,80.33,77.36999999999999,75.76636363636364,80.81454545454545,79.58363636363637,4.384274584299711,0.030423870043079032,80.18003825271252
2024-07-17,7.2607,85.76,84.16,85.21,81.07000000000001,80.25,77.28,75.68727272727273,80.61090909090909,79.40272727272728,4.383270460030056,0.029860415743730596,80.09956793822028
2024-07-18,7.26,86.26,84.17,85.06,80.98,80.17,77.19,75.60818181818182,80.40727272727273,79.22181818181818,4.382220367910962,0.03046897561754453,80.0155001603661
2024-07-19,7.2695,85.19,81.43,84.21,80.89,80.08999999999999,77.1,75.52909090909091,80.20363636363636,79.0409090909091,4.381331648651316,0.028158487055710283,79.94442043394264
2024-07-22,7.2736,83.44,81.25,84.15,80.62,79.85,76.83,75.29181818181819,79.59272727272727,78.49818181818182,4.378844271857444,0.02428682263431706,79.74581564262826
2024-07-23,7.2748,82.2,78.24,83.78,80.53,79.77,76.74,75.21272727272726,79.38909090909091,78.31727272727274,4.377924146891984,0.019773252979107196,79.67247327401118
2024-07-24,7.2622,83.01,78.78,83.93,80.44,79.69,76.64999999999999,75.13363636363636,79.18545454545455,78.13636363636364,4.376983883842777,0.019292069287727406,79.59759539931866
2024-07-25,7.231,82.58,79.43,84.07,80.35000000000001,79.61,76.56,75.05454545454545,78.98181818181818,77.95545454545454,4.37601531883717,0.018679822534784316,79.5205372778085
2024-07-26,7.2502,81.35,78.58,83.88,80.26,79.53,76.47,74.97545454545454,78.77818181818182,77.77454545454546,4.375161667662721,0.016138130680936176,79.45268344364165
2024-07-29,7.2597,80.94,77.27,83.75,79.99000000000001,79.28999999999999,76.19999999999999,74.73818181818181,78.16727272727273,77.23181818181818,4.3725456428595395,0.014072534288906067,79.24510488678223
2024-07-30,7.2511,79.26,76.17,83.73,79.9,79.21,76.11,74.6590909090909,77.96363636363637,77.0509090909091,4.371550514311323,0.010180706440731192,79.16628504504483
2024-07-31,7.2193,81.39,79.36,83.83,79.81,79.13,76.02,74.58,77.76,76.87,4.3703892395252035,0.0128889013553289,79.07440459386241
2024-08-01,7.2441,81.37,77.74,78.63,79.666,78.98899999999999,75.86733333333333,74.44133333333333,77.73666666666668,76.843,4.368764020745956,0.011242783064737492,78.94599576104612
2024-08-02,7.16,78.35,74.99,76.3,79.522,78.848,75.71466666666666,74.30266666666667,77.71333333333334,76.816,4.367499324441021,0.0035509957319810395,78.84621616066313
2024-08-05,7.13,77.51,74.46,75.28,79.09,78.425,75.25666666666666,73.88666666666667,77.64333333333335,76.735,4.36313378335784,-0.001643322751672688,78.50275999622247
2024-08-06,7.1563,76.62,74.6,75.35,78.946,78.28399999999999,75.104,73.748,77.62,76.708,4.361240441533324,-0.005068396318579015,78.35426805474215
2024-08-07,7.176,78.26,76.68,76.93,78.802,78.143,74.95133333333332,73.60933333333334,77.59666666666666,76.681,4.359279403351361,-0.001958993948982026,78.20076290728886
2024-08-08,7.1747,80.76,77.64,77.5,78.658,78.002,74.79866666666666,73.47066666666666,77.57333333333334,76.65400000000001,4.3570080613344935,0.004907281391267585,78.02334379476422
2024-08-09,7.166,81.07,78.28,77.39,78.514,77.861,74.646,73.332,77.55000000000001,76.62700000000001,4.35481310710922,0.00928144264126123,77.85227394056363
2024-08-12,7.1744,83.06,81.45,79.66,78.082,77.438,74.188,72.916,77.48,76.546,4.3493196881374,0.017644906623446612,77.42577133322659
2024-08-13,7.1558,82.51,79.81,78.42,77.938,77.297,74.03533333333333,72.77733333333333,77.45666666666668,76.519,4.346730715639587,0.020466858883860628,77.22557740073691
2024-08-14,7.1382,82.15,78.47,77.89,77.794,77.156,73.88266666666667,72.63866666666667,77.43333333333334,76.492,4.3447414973024205,0.021103758993774733,77.07211155521536
2024-08-15,7.1734,83.09,79.66,78.79,77.65,77.015,73.72999999999999,72.5,77.41,76.465,4.342707782150017,0.024192602560334786,76.91552811114822
2024-08-16,7.1644,81.56,78.05,78.05,77.506,76.874,73.57733333333333,72.36133333333333,77.38666666666667,76.438,4.340921476304424,0.022734496263469246,76.77825609507046
2024-08-19,7.1393,81.09,75.82,77.24,77.074,76.45100000000001,73.11933333333333,71.94533333333334,77.31666666666666,76.357,4.336085888016366,0.02110509875326664,76.40788426366214
2024-08-20,7.132,78.85,75.27,77.21,76.92999999999999,76.31,72.96666666666667,71.80666666666667,77.29333333333334,76.33,4.334102323363115,0.01693822924960831,76.25647450037816
2024-08-21,7.1344,78.77,72.76,76.73,76.786,76.169,72.814,71.668,77.27000000000001,76.303,4.332439530229833,0.01434774193323445,76.12978111984329
2024-08-22,7.144,78.8,73.72,77.13,76.642,76.028,72.66133333333333,71.52933333333334,77.24666666666667,76.276,4.330674904914891,0.01398360001698888,75.99555904152632
2024-08-23,7.1244,80.34,75.82,77.53,76.49799999999999,75.887,72.50866666666667,71.39066666666666,77.22333333333333,76.24900000000001,4.32862297041092,0.01761611160512808,75.83978100959757
2024-08-26,7.1212,80.34,78.4,78.0,76.066,75.464,72.05066666666666,70.97466666666666,77.15333333333334,76.168,4.323336691225178,0.02107979873402278,75.439928550808
2024-08-27,7.1244,81.51,76.5,77.61,75.922,75.32300000000001,71.898,70.836,77.13,76.141,4.3207177997454895,0.02488867900078167,75.24261804487212
2024-08-28,7.1245,80.04,75.49,77.53,75.77799999999999,75.182,71.74533333333333,70.69733333333333,77.10666666666667,76.114,4.318749730829862,0.02439494886384247,75.09468101005771
2024-08-29,7.0972,81.55,76.9,77.54,75.634,75.04100000000001,71.59266666666666,70.55866666666667,77.08333333333334,76.087,4.316682192431832,0.027505862216360488,74.9395802672033
2024-08-30,7.09,80.2,74.52,77.6,75.49,74.9,71.44,70.42,77.06,76.06,4.314816610452255,0.026615019384173898,74.79990466535318
2024-09-02,7.09,77.82,74.52,77.6,75.09322580645161,74.54483870967742,71.05387096774193,70.09967741935483,76.50354838709677,75.57032258064517,4.310707500719687,0.022476963406590864,74.49317427510304
2024-09-03,7.1209,76.46,71.28,73.59,74.96096774193548,74.42645161290324,70.92516129032258,69.99290322580646,76.31806451612904,75.40709677419355,4.309205274873632,0.015360819888019323,74.38135271499998
2024-09-04,7.1119,74.67,70.11,73.07,74.82870967741935,74.30806451612904,70.79645161290323,69.88612903225807,76.1325806451613,75.24387096774194,4.308117374837254,0.008251667134978522,74.30047723886872
2024-09-05,7.0921,74.47,70.09,73.14,74.69645161290322,74.18967741935485,70.66774193548387,69.77935483870968,75.94709677419355,75.08064516129032,4.306866539205596,0.004687134588799963,74.20759765514543
2024-09-06,7.0876,72.82,68.58,72.08,74.5641935483871,74.07129032258065,70.53903225806451,69.67258064516129,75.76161290322581,74.91741935483871,4.305685991666839,-0.0009726109317649782,74.12004374931918
2024-09-09,7.1133,72.37,69.65,72.68,74.1674193548387,73.71612903225807,70.15290322580645,69.35225806451614,75.20516129032258,74.42774193548387,4.301569541821135,-0.0034978941402553573,73.81555943383165
2024-09-10,7.1205,70.34,66.73,70.89,74.03516129032258,73.59774193548388,70.0241935483871,69.24548387096775,75.01967741935484,74.26451612903226,4.300011904030286,-0.01004355014287619,73.70067102939392
2024-09-11,7.1192,70.31,68.25,71.92,73.90290322580645,73.47935483870968,69.89548387096774,69.13870967741936,74.8341935483871,74.10129032258065,4.298580273052962,-0.011983790101331913,73.59523435691021
2024-09-12,7.1173,73.81,69.89,72.65,73.77064516129032,73.36096774193548,69.76677419354839,69.03193548387097,74.64870967741936,73.93806451612903,4.296560409919527,-0.0050073705574524095,73.44673208385836
2024-09-13,7.093,73.68,69.59,72.64,73.6383870967742,73.2425806451613,69.63806451612903,68.92516129032258,74.46322580645162,73.77483870967743,4.294603518160461,-0.001642681132247214,73.3031453168149
2024-09-16,7.0958,73.96,71.1,73.11,73.2416129032258,72.88741935483871,69.25193548387097,68.60483870967742,73.90677419354839,73.28516129032258,4.28988294093009,0.0016982393440839341,72.9579276125995
2024-09-17,7.0958,74.55,72.16,73.6,73.10935483870968,72.76903225806453,69.12322580645161,68.49806451612903,73.72129032258064,73.12193548387097,4.287534103259942,0.005548692773642609,72.78676238225128
2024-09-18,7.0812,74.52,71.87,73.52,72.97709677419354,72.65064516129033,68.99451612903226,68.39129032258064,73.5358064516129,72.95870967741935,4.285628141914216,0.007582612025591457,72.64816574854
2024-09-19,7.0675,75.93,72.86,73.97,72.84483870967742,72.53225806451613,68.8658064516129,68.28451612903226,73.35032258064517,72.79548387096774,4.283651590311617,0.011998528484117092,72.50471471599032
2024-09-20,7.0505,75.96,72.72,73.71,72.7125806451613,72.41387096774194,68.73709677419355,68.17774193548387,73.16483870967743,72.63225806451614,4.281771516715758,0.014306739584974137,72.36852857637459
2024-09-23,7.0508,74.95,71.33,73.51,72.3158064516129,72.05870967741936,68.35096774193549,67.85741935483871,72.6083870967742,72.14258064516129,4.277268571271684,0.013629727823962394,72.04338963118347
2024-09-24,7.0318,75.29,72.34,73.82,72.18354838709678,71.94032258064516,68.22225806451613,67.75064516129032,72.42290322580645,71.97935483870968,4.275129174431818,0.014908304370439666,71.88942498553641
2024-09-25,7.0315,75.4,70.42,73.54,72.05129032258064,71.82193548387097,68.09354838709677,67.64387096774193,72.2374193548387,71.81612903225806,4.273349731220376,0.015435938380159223,71.76161558478155
2024-09-26,7.0106,73.06,68.28,73.34,71.91903225806452,71.70354838709677,67.96483870967742,67.53709677419354,72.05193548387098,71.65290322580645,4.271944886250674,0.010922155910776266,71.66087242094184
2024-09-27,7.0111,71.63,68.72,73.45,71.78677419354838,71.58516129032259,67.83612903225807,67.43032258064517,71.86645161290323,71.48967741935483,4.270639160776245,0.0063865936362628335,71.56736405571462
2024-09-30,7.0176,72.35,68.75,73.51,71.39,71.23,67.45,67.11,71.31,71.0,4.266202382188285,0.006105817535997611,71.25053886860393
2024-10-01,7.0175,75.3,70.41,73.2,71.44645161290323,71.28225806451613,67.51096774193549,67.16258064516128,71.27451612903226,70.96387096774194,4.2658100885214365,0.01211189166116161,71.22259321525601
2024-10-02,7.0175,74.86,70.74,73.6,71.50290322580645,71.33451612903227,67.57193548387097,67.21516129032258,71.23903225806451,70.92774193548387,4.266176960913525,0.014471027543190943,71.24872761210088
2024-10-03,7.0175,77.57,74.33,76.67,71.55935483870968,71.38677419354839,67.63290322580646,67.26774193548387,71.20354838709677,70.8916129032258,4.266299066606792,0.023150183419555576,71.2574280185541
2024-10-04,7.0175,79.32,74.93,76.77,71.6158064516129,71.43903225806451,67.69387096774194,67.32032258064515,71.16806451612904,70.85548387096775,4.266394734493095,0.030573310233530274,71.26424539217265
2024-10-07,7.0175,81.74,77.76,78.92,71.78516129032258,71.5958064516129,67.87677419354839,67.47806451612902,71.06161290322581,70.74709677419355,4.267617974612031,0.039968265722018996,71.35147201485765
2024-10-08,7.0595,78.19,74.26,76.4,71.84161290322581,71.64806451612904,67.93774193548387,67.53064516129032,71.02612903225807,70.71096774193548,4.268576636039366,0.03584732638131667,71.41990671647515
2024-10-09,7.0818,77.06,73.85,76.09,71.89806451612904,71.70032258064516,67.99870967741936,67.58322580645161,70.99064516129032,70.67483870967742,4.2696460248499015,0.03134772728207968,71.49632321776048
2024-10-10,7.0794,79.45,76.46,77.96,71.95451612903226,71.75258064516129,68.05967741935484,67.63580645161291,70.95516129032258,70.63870967741936,4.270236317163953,0.034933708647695634,71.53853940655888
2024-10-11,7.0667,80.27,76.11,77.74,72.01096774193549,71.80483870967743,68.12064516129033,67.68838709677419,70.91967741935484,70.60258064516128,4.270725763291174,0.03775850177224215,71.57356223781389
2024-10-14,7.0667,78.47,76.11,76.92,72.18032258064517,71.96161290322581,68.30354838709678,67.84612903225806,70.81322580645161,70.49419354838709,4.272776219419568,0.035141584456929595,71.72047125090688
2024-10-15,7.1192,73.68,71.22,75.25,72.23677419354838,72.01387096774194,68.36451612903227,67.89870967741935,70.77774193548387,70.45806451612903,4.274479782885941,0.022654806943728803,71.84275575565461
2024-10-16,7.1192,73.65,70.97,75.16,72.29322580645162,72.06612903225806,68.42548387096774,67.95129032258065,70.74225806451612,70.42193548387097,4.275847300716308,0.016177923710915358,71.94106921251435
2024-10-17,7.1216,74.37,71.26,75.18,72.34967741935483,72.11838709677419,68.48645161290322,68.00387096774193,70.70677419354838,70.38580645161291,4.276829809047256,0.014259563728618719,72.01178664689843
2024-10-18,7.1015,72.75,69.78,74.66,72.40612903225806,72.17064516129032,68.54741935483871,68.05645161290322,70.67129032258065,70.34967741935483,4.277901179410322,0.009392247577761982,72.08897928447173
2024-10-21,7.1189,73.29,71.16,75.13,72.57548387096774,72.32741935483871,68.73032258064516,68.21419354838709,70.56483870967742,70.24129032258064,4.279999718079859,0.008301579271571503,72.24041964129319
2024-10-22,7.123,75.59,72.84,75.59,72.63193548387096,72.37967741935483,68.79129032258065,68.26677419354839,70.52935483870968,70.20516129032258,4.2806586856163005,0.012476334255664266,72.28803942087694
2024-10-23,7.1252,74.68,71.37,75.27,72.68838709677419,72.43193548387096,68.85225806451614,68.31935483870967,70.49387096774193,70.16903225806452,4.28134735692069,0.012116047219999511,72.33783926517032
2024-10-24,7.119,74.27,70.58,75.23,72.74483870967742,72.4841935483871,68.91322580645162,68.37193548387097,70.45838709677419,70.13290322580644,4.2821395041786685,0.010803427886702206,72.39516418808499
2024-10-25,7.1199,75.62,72.02,75.46,72.80129032258064,72.53645161290322,68.9741935483871,68.42451612903226,70.42290322580645,70.09677419354838,4.282736110871328,0.012998674534027744,72.43836851426934
2024-10-28,7.1254,71.87,67.65,74.89,72.97064516129032,72.69322580645161,69.15709677419355,68.58225806451613,70.31645161290322,69.98838709677419,4.2851099035267435,0.005218369551568416,72.6105264341808
2024-10-29,7.1301,71.09,67.48,74.87,73.02709677419355,72.74548387096773,69.21806451612903,68.63483870967741,70.28096774193548,69.95225806451613,4.286478643668575,-0.00045617080916733263,72.7099794235535
2024-10-30,7.1229,73.21,68.91,74.94,73.08354838709677,72.79774193548387,69.27903225806452,68.68741935483871,70.24548387096773,69.91612903225806,4.287232027306712,0.0010812573260600483,72.76477857217951
2024-10-31,7.1178,73.25,69.58,74.94,73.14,72.85,69.34,68.74,70.21,69.88,4.287882208053501,0.0018991736469784132,72.81210421369482
2024-11-01,7.1214,73.63,69.81,72.01,73.07551724137932,72.78448275862068,69.2748275862069,68.67793103448275,70.25,69.91310344827586,4.2872329966676554,0.001331154839939245,72.7648491075481
2024-11-04,7.0995,74.89,71.83,74.06,72.88206896551723,72.58793103448275,69.07931034482759,68.49172413793103,70.36999999999999,70.01241379310345,4.284610008247951,0.0056399113474064405,72.57423784582838
2024-11-05,7.1047,76.98,72.26,74.48,72.81758620689655,72.52241379310344,69.01413793103448,68.42965517241379,70.41,70.0455172413793,4.283019008329462,0.012328435581276723,72.45886404352328
2024-11-06,7.1782,76.52,71.98,73.85,72.75310344827587,72.45689655172413,68.94896551724138,68.36758620689655,70.45,70.07862068965517,4.281831306611207,0.014563779534440808,72.37285561248719
2024-11-07,7.1412,75.73,72.69,74.43,72.68862068965517,72.39137931034482,68.88379310344828,68.3055172413793,70.49,70.11172413793103,4.28086118296638,0.014955621867792498,72.30267903949405
2024-11-08,7.1785,74.04,70.69,73.05,72.62413793103448,72.32586206896552,68.81862068965518,68.24344827586206,70.53,70.1448275862069,4.280204927799514,0.010893520806675185,72.2552455987188
2024-11-11,7.1785,72.19,70.69,71.77,72.43068965517242,72.12931034482759,68.62310344827587,68.05724137931034,70.64999999999999,70.24413793103449,4.278219275927179,0.005031763198809671,72.11191418524852
2024-11-12,7.232,72.56,68.43,71.91,72.36620689655172,72.06379310344828,68.55793103448276,67.9951724137931,70.69,70.27724137931034,4.277358356604214,0.0027831045923580535,72.04985836127233
2024-11-13,7.2245,72.86,68.76,72.19,72.30172413793103,71.99827586206897,68.49275862068966,67.93310344827586,70.73,70.3103448275862,4.276492701990724,0.002743524943976481,71.98751505675833
2024-11-14,7.2272,73.39,68.99,72.28,72.23724137931035,71.93275862068965,68.42758620689655,67.87103448275862,70.77,70.34344827586207,4.275520053644267,0.0040685758350118605,71.91753055994272
2024-11-15,7.2288,73.45,67.33,71.56,72.17275862068965,71.86724137931034,68.36241379310346,67.80896551724138,70.81,70.37655172413793,4.2745892224488475,0.0041939246389855874,71.85061862568917
2024-11-18,7.2364,74.35,69.46,72.53,71.97931034482758,71.67068965517241,68.16689655172414,67.62275862068965,70.93,70.47586206896551,4.27194442439067,0.007577716537878485,71.66083932365864
2024-11-19,7.2392,74.32,69.75,72.5,71.9148275862069,71.6051724137931,68.10172413793104,67.56068965517241,70.97,70.50896551724138,4.270641308519574,0.00959875341458263,71.5675177642084
2024-11-20,7.2459,74.33,69.25,72.35,71.8503448275862,71.53965517241379,68.03655172413794,67.49862068965517,71.01,70.54206896551725,4.269600545510618,0.010642617945422952,71.49307168615861
2024-11-21,7.2368,75.09,70.39,72.83,71.78586206896551,71.47413793103448,67.97137931034483,67.43655172413793,71.05,70.5751724137931,4.268502976965924,0.01337920092224338,71.41464618606635
2024-11-22,7.2455,76.1,71.68,73.07,71.72137931034483,71.40862068965518,67.90620689655172,67.37448275862069,71.09,70.60827586206896,4.2673087158954575,0.017268063114244295,71.32940936190644
2024-11-25,7.2395,74.27,69.41,72.6,71.52793103448276,71.21206896551725,67.71068965517242,67.18827586206896,71.21000000000001,70.70758620689655,4.2648975115892,0.01542918822770909,71.1576267675831
2024-11-26,7.252,74.56,69.05,72.6,71.46344827586206,71.14655172413794,67.64551724137931,67.12620689655172,71.25,70.74068965517242,4.263796720798924,0.01536461949979837,71.07934020384887
2024-11-27,7.2458,73.91,69.03,72.6,71.39896551724138,71.08103448275862,67.58034482758622,67.06413793103448,71.29,70.77379310344828,4.262929404029716,0.01434036105445646,71.0177186267223
2024-11-28,7.2458,73.92,69.03,72.6,71.33448275862068,71.01551724137931,67.51517241379311,67.00206896551724,71.33,70.80689655172414,4.262054182404715,0.014080452690125539,70.95558957593234
2024-11-29,7.2423,74.16,68.26,72.62,71.27,70.95,67.45,66.94,71.37,70.84,4.261129637893144,0.014454612297997932,70.89001829148094
2024-12-02,7.2714,72.81,68.35,71.35,71.4725,71.1225,67.7509375,67.193125,71.589375,71.0228125,4.263296007180853,0.01121369224869593,71.0437587190557
2024-12-03,7.2858,74.8,70.15,73.07,71.53999999999999,71.18,67.85125000000001,67.2775,71.66250000000001,71.08375000000001,4.264124036372606,0.014677448584924022,71.1026093868399
2024-12-04,7.2632,74.68,68.81,71.96,71.6075,71.2375,67.95156250000001,67.361875,71.735625,71.1446875,4.2648861695617075,0.014985035343815121,71.15681970040092
2024-12-05,7.2558,73.78,68.58,71.79,71.675,71.295,68.051875,67.44624999999999,71.80875,71.205625,4.265806525023336,0.013145927833876256,71.2223394141326
2024-12-06,7.27,73.78,68.58,71.16,71.74249999999999,71.3525,68.1521875,67.530625,71.88187500000001,71.2665625,4.2667386101237685,0.011713898413471029,71.28875564349892
2024-12-09,7.2604,73.73,68.65,71.96,71.945,71.525,68.453125,67.78375,72.10125000000001,71.449375,4.269010683131465,0.011206047249192405,71.4509130479206
2024-12-10,7.25,73.64,68.85,71.94,72.0125,71.58250000000001,68.5534375,67.86812499999999,72.174375,71.5103125,4.270076959490734,0.01055389582466461,71.52714009968126
2024-12-11,7.2605,74.38,70.57,72.8,72.08,71.64,68.65375,67.9525,72.2475,71.57125,4.270817773154843,0.01243423702219311,71.58014801449129
2024-12-12,7.2685,73.52,70.25,72.79,72.1475,71.6975,68.7540625,68.036875,72.320625,71.6321875,4.271660990642627,0.011510364993150488,71.64053110153498
2024-12-13,7.2756,74.89,71.54,73.41,72.215,71.75500000000001,68.854375,68.12125,72.39375,71.69312500000001,4.272317417263641,0.01420590109214938,71.68757329147726
2024-12-16,7.2836,74.3,71.03,73.13,72.4175,71.92750000000001,69.1553125,68.374375,72.613125,71.8759375,4.2744857167253025,0.01389374320350309,71.84318206029134
2024-12-17,7.2846,73.16,70.31,72.85,72.485,71.985,69.255625,68.45875,72.68625,71.936875,4.27567279273821,0.010970951389410784,71.92851601733213
2024-12-18,7.2864,74.57,70.8,72.94,72.55250000000001,72.0425,69.3559375,68.543125,72.75937499999999,71.99781250000001,4.276478584230482,0.012237136965150431,71.98649876145421
2024-12-19,7.2965,73.75,70.1,72.76,72.62,72.10000000000001,69.45625,68.6275,72.8325,72.05875,4.2773572776216975,0.010894506220682033,72.04978062077677
2024-12-20,7.2953,73.19,69.71,72.79,72.6875,72.1575,69.5565625,68.711875,72.905625,72.11968750000001,4.278305798930084,0.00896543726834029,72.11815379454006
2024-12-23,7.2977,72.12,69.5,72.74,72.89,72.33000000000001,69.8575,68.965,73.125,72.30250000000001,4.280734439182364,0.0056387768665659595,72.29351570506823
2024-12-24,7.2946,73.5,70.87,72.95,72.95750000000001,72.3875,69.9578125,69.049375,73.19812499999999,72.3634375,4.281722880456546,0.006853501556188043,72.36500892745192
2024-12-26,7.2981,73.5,70.38,72.94,73.0925,72.50250000000001,70.15843749999999,69.218125,73.344375,72.4853125,4.283210590956154,0.007123626769208828,72.47274723287032
2024-12-27,7.298,73.77,71.28,73.06,73.16000000000001,72.56,70.25874999999999,69.3025,73.41749999999999,72.54625,4.284062694898647,0.00785905969766631,72.53452786453249
2024-12-30,7.2993,74.24,71.73,73.15,73.36250000000001,72.7325,70.5596875,69.555625,73.63687499999999,72.72906250000001,4.28616090739611,0.009030522235857597,72.68688049559842
2024-12-31,7.2993,74.58,72.44,73.23,73.43,72.79,70.66,69.64,73.71,72.79,4.287062853672896,0.010198328137841703,72.75246973136963
2025-01-02,7.2994,76.14,73.79,76.14,73.48111111111112,72.81814814814815,70.7325925925926,69.64666666666666,73.93814814814814,72.97296296296297,4.287213383824216,0.01574350391199069,72.7634219959496
2025-01-03,7.3199,76.72,74.64,76.67,73.50666666666667,72.83222222222223,70.76888888888888,69.65,74.05222222222221,73.06444444444445,4.28710490842031,0.020028145766075447,72.75552938244392
2025-01-06,7.3223,77.27,74.31,76.51,73.58333333333334,72.87444444444445,70.87777777777778,69.66,74.39444444444445,73.33888888888889,4.287408552192418,0.023076729503736133,72.77762450018002
2025-01-07,7.3264,77.84,74.99,76.99,73.6088888888889,72.88851851851852,70.91407407407407,69.66333333333334,74.50851851851851,73.43037037037038,4.287425780742777,0.026033132002627992,72.77887836394981
2025-01-08,7.3316,77.37,73.99,76.28,73.63444444444445,72.9025925925926,70.95037037037036,69.66666666666667,74.6225925925926,73.52185185185186,4.287583161709213,0.02601417831400573,72.79033327553174
2025-01-09,7.3321,78.44,73.99,76.78,73.66000000000001,72.91666666666667,70.98666666666666,69.67,74.73666666666666,73.61333333333334,4.287648855989609,0.02825561157898225,72.79511534117152
2025-01-10,7.3326,79.76,77.27,78.76,73.68555555555557,72.93074074074075,71.02296296296296,69.67333333333333,74.85074074074073,73.70481481481482,4.287498339008565,0.03359285788607742,72.78415926473406
2025-01-13,7.3319,82.69,79.57,80.07,73.76222222222223,72.97296296296297,71.13185185185185,69.68333333333334,75.19296296296297,73.97925925925927,4.287418220524164,0.04261502495355701,72.77832814179888
2025-01-14,7.3311,82.39,78.2,79.5,73.78777777777778,72.98703703703704,71.16814814814815,69.68666666666667,75.30703703703703,74.07074074074075,4.287301948032532,0.045915531244545935,72.7698665161857
2025-01-15,7.3304,83.48,80.73,80.98,73.81333333333333,73.00111111111111,71.20444444444445,69.69,75.42111111111112,74.16222222222223,4.2871428903429445,0.05077637794828039,72.75829282981236
2025-01-16,7.3316,82.39,79.35,80.74,73.83888888888889,73.01518518518519,71.24074074074073,69.69333333333334,75.53518518518518,74.2537037037037,4.287250365712136,0.05092603776762256,72.76611297442496
2025-01-17,7.3249,83.02,78.56,80.9,73.86444444444444,73.02925925925926,71.27703703703703,69.69666666666667,75.64925925925927,74.34518518518519,4.287376904427885,0.052023052242161555,72.77532128750249
2025-01-20,7.3249,81.68,78.56,80.9,73.94111111111111,73.07148148148148,71.38592592592593,69.70666666666666,75.99148148148149,74.61962962962963,4.288036084656385,0.050385372557044825,72.82330915500708
2025-01-21,7.2712,80.57,76.79,80.79,73.96666666666667,73.08555555555556,71.42222222222222,69.71000000000001,76.10555555555555,74.71111111111112,4.288523847740495,0.04721225552717143,72.85883834108392
2025-01-22,7.2728,80.0,76.12,80.61,73.99222222222222,73.09962962962963,71.45851851851852,69.71333333333334,76.21962962962964,74.8025925925926,4.28897613708841,0.04442701335344959,72.89179907089864
2025-01-23,7.288,78.62,75.03,80.58,74.01777777777778,73.1137037037037,71.49481481481482,69.71666666666667,76.3337037037037,74.89407407407408,4.289500222700947,0.04037932668674957,72.93001062625221
2025-01-24,7.244,78.71,74.97,80.65,74.04333333333334,73.12777777777778,71.53111111111112,69.72,76.44777777777779,74.98555555555556,4.289903280300202,0.03859532868745087,72.95941154598295
2025-01-27,7.2507,77.3,73.51,80.44,74.12,73.17,71.64,69.73,76.79,75.26,4.290755769585356,0.034836809671815086,73.02163518129986
2025-01-28,7.2422,78.01,74.15,80.49,74.0384375,73.09281250000001,71.54656250000001,69.6484375,76.66875,75.1434375,4.290021375994885,0.03447778946875541,72.96802824716077
2025-01-29,7.2422,77.02,72.94,80.54,73.95687500000001,73.015625,71.453125,69.56687500000001,76.5475,75.026875,4.289135750849687,0.032430292457863795,72.90343453367991
2025-01-30,7.2422,77.42,73.1,80.54,73.8753125,72.9384375,71.3596875,69.4853125,76.42625000000001,74.9103125,4.288116675894044,0.0323768596686402,72.82917831212048
2025-01-31,7.2422,77.11,72.84,80.41,73.79375,72.86125,71.26625,69.40375,76.305,74.79375,4.287090391935369,0.03184494293007346,72.75447323556304
2025-02-03,7.2422,76.49,73.52,78.06,73.5490625,72.6296875,70.9859375,69.1590625,75.94125000000001,74.4440625,4.284331042841807,0.029631909041943724,72.5539949677548
2025-02-04,7.2422,76.58,73.04,78.34,73.4675,72.55250000000001,70.8925,69.0775,75.82000000000001,74.3275,4.2830689865088605,0.029135760855588614,72.46248549612551
2025-02-05,7.272,74.71,71.39,77.16,73.38593750000001,72.4753125,70.7990625,68.99593750000001,75.69875,74.2109375,4.2822549928988956,0.02457310893717956,72.40352549575677
2025-02-06,7.2883,74.54,70.97,77.04,73.30437500000001,72.39812500000001,70.705625,68.914375,75.5775,74.094375,4.281415243415388,0.02204383304413116,72.34275019420309
2025-02-07,7.2943,74.68,71.32,77.59,73.2228125,72.3209375,70.6121875,68.8328125,75.45625,73.9778125,4.280422759956435,0.02165820947518468,72.2709868291273
2025-02-10,7.3045,76.23,72.73,78.34,72.978125,72.089375,70.331875,68.588125,75.0925,73.628125,4.277279375927769,0.02548345335724589,72.04416803943687
2025-02-11,7.3072,77.65,73.67,79.0,72.8965625,72.0121875,70.2384375,68.5065625,74.97125,73.5115625,4.275534513814778,0.03091381973691037,71.91857050721622
2025-02-12,7.3088,75.38,71.72,78.0,72.815,71.935,70.14500000000001,68.42500000000001,74.85,73.39500000000001,4.274452823300363,0.02862147458644087,71.84081893084075
2025-02-13,7.2888,75.61,71.66,77.68,72.73343750000001,71.85781250000001,70.0515625,68.34343750000001,74.72875,73.27843750000001,4.273432243416479,0.02793303416480472,71.76753703757197
2025-02-14,7.253,75.19,71.05,77.64,72.651875,71.780625,69.95812500000001,68.261875,74.6075,73.16187500000001,4.272432250664844,0.02684355238769536,71.69580589202204
2025-02-17,7.253,75.81,71.05,77.64,72.4071875,71.5490625,69.6778125,68.0171875,74.24375,72.81218750000001,4.269446098770305,0.027839493403730656,71.48203066692842
2025-02-18,7.2786,76.46,72.21,78.14,72.325625,71.471875,69.58437500000001,67.935625,74.1225,72.695625,4.267917459364192,0.030458736305255463,71.37284389288641
2025-02-19,7.2833,76.34,72.58,78.39,72.2440625,71.3946875,69.4909375,67.8540625,74.00125,72.5790625,4.2666503628527845,0.03197686191442038,71.28246488293684
2025-02-20,7.2555,76.95,72.88,78.54,72.16250000000001,71.3175,69.39750000000001,67.77250000000001,73.88,72.4625,4.265383497181829,0.03419816560550622,71.19221675343442
2025-02-21,7.2501,74.88,70.72,77.94,72.0809375,71.2403125,69.3040625,67.6909375,73.75874999999999,72.3459375,4.264457646926226,0.030818523129848088,71.12633392487933
2025-02-24,7.2476,74.89,71.06,78.01,71.83625,71.00875,69.02375,67.44625,73.395,71.99625,4.261615055641453,0.02968594868438545,70.92443791781048
2025-02-25,7.2512,73.11,69.15,77.75,71.7546875,70.9315625,68.9303125,67.3646875,73.27374999999999,71.8796875,4.26053841151207,0.025527500336974457,70.84811862982538
2025-02-26,7.2595,73.49,68.87,77.75,71.673125,70.854375,68.836875,67.283125,73.1525,71.763125,4.259551524259121,0.02436857727897035,70.77823401444418
2025-02-27,7.2853,75.01,70.62,77.87,71.59156250000001,70.7771875,68.7434375,67.20156250000001,73.03125,71.6465625,4.258293197420118,0.027350783425839253,70.68922787411844
2025-02-28,7.2828,74.76,69.97,77.92,71.51,70.7,68.65,67.12,72.91,71.53,4.2570786534193354,0.02841811418447006,70.60342481282814
2025-03-03,7.2843,72.85,68.63,72.32,71.60967741935484,70.7725806451613,68.74193548387098,67.18387096774194,72.91870967741936,71.54451612903226,4.258181192556884,0.021655338566176567,70.68131078020308
2025-03-04,7.2651,72.31,68.47,71.16,71.64290322580646,70.79677419354839,68.7725806451613,67.20516129032258,72.9216129032258,71.54935483870968,4.259013635517632,0.016435592725953557,70.74017343632124
2025-03-05,7.2506,70.92,66.58,70.04,71.67612903225807,70.82096774193549,68.80322580645162,67.22645161290323,72.92451612903226,71.5541935483871,4.259875541078894,0.009900672024636691,70.80117106853369
2025-03-06,7.2468,71.08,66.62,70.43,71.70935483870969,70.84516129032258,68.83387096774194,67.24774193548387,72.9274193548387,71.55903225806452,4.260519642775435,0.0072101527948732515,70.8467889126243
2025-03-07,7.234,72.49,67.29,71.09,71.7425806451613,70.86935483870968,68.86451612903227,67.26903225806451,72.93032258064515,71.56387096774193,4.260808909938628,0.009169618613286237,70.8672855266302
2025-03-10,7.2591,71.08,66.31,70.56,71.84225806451613,70.94193548387096,68.95645161290322,67.33290322580646,72.93903225806451,71.5783870967742,4.261870621794582,0.006696784791090213,70.94256611995074
2025-03-11,7.2278,71.51,66.52,70.82,71.87548387096774,70.96612903225807,68.98709677419355,67.3541935483871,72.94193548387096,71.58322580645162,4.262354854136437,0.00644252500394219,70.97692712356344
2025-03-12,7.2372,72.36,67.65,71.44,71.90870967741937,70.99032258064517,69.01774193548387,67.37548387096774,72.94483870967741,71.58806451612904,4.262589721121054,0.008585625955440669,70.99359921819995
2025-03-13,7.2439,70.82,66.82,70.96,71.94193548387098,71.01451612903226,69.04838709677419,67.3967741935484,72.94774193548388,71.59290322580645,4.263056612312756,0.006054932510261698,71.02675324340105
2025-03-14,7.2377,71.94,67.43,71.39,71.97516129032259,71.03870967741936,69.07903225806452,67.41806451612904,72.95064516129032,71.59774193548388,4.263356758352416,0.007390084262252799,71.04807484173358
2025-03-17,7.2327,71.93,67.84,71.72,72.07483870967742,71.11129032258064,69.17096774193548,67.48193548387097,72.95935483870967,71.61225806451613,4.264218999347066,0.008241530527625055,71.10936182272977
2025-03-18,7.2273,71.93,67.49,71.57,72.10806451612903,71.13548387096775,69.20161290322581,67.50322580645161,72.96225806451612,71.61709677419356,4.264619526357065,0.008371420541626857,71.13784874731411
2025-03-19,7.23,71.94,67.4,71.72,72.14129032258064,71.15967741935484,69.23225806451613,67.52451612903226,72.96516129032258,71.62193548387097,4.2649637992581235,0.00846939021508614,71.16234379712638
2025-03-20,7.2477,72.61,68.55,72.23,72.17451612903227,71.18387096774194,69.26290322580645,67.5458064516129,72.96806451612903,71.62677419354839,4.265189943442643,0.01036661410444432,71.17843856713358
2025-03-21,7.2486,72.64,68.52,72.26,72.20774193548388,71.20806451612904,69.29354838709678,67.56709677419354,72.97096774193548,71.63161290322581,4.265440263139652,0.011314813391889337,71.19625816251413
2025-03-24,7.2531,73.96,69.46,72.36,72.30741935483871,71.28064516129032,69.38548387096773,67.63096774193549,72.97967741935484,71.64612903225807,4.266147690040294,0.014506906024346967,71.24664213014916
2025-03-25,7.2569,73.78,69.48,72.38,72.34064516129033,71.30483870967743,69.41612903225806,67.65225806451613,72.98258064516129,71.65096774193549,4.266444017430567,0.015642250664606297,71.26775759006733
2025-03-26,7.2675,74.6,70.05,72.44,72.37387096774194,71.32903225806452,69.44677419354838,67.67354838709677,72.98548387096774,71.6558064516129,4.266630202510118,0.017867757198086802,71.2810278185046
2025-03-27,7.2645,74.72,70.3,72.44,72.40709677419355,71.35322580645162,69.4774193548387,67.69483870967743,72.98838709677419,71.66064516129033,4.266847855961555,0.019193599782391147,71.29654406875274
2025-03-28,7.2628,74.69,69.74,72.49,72.44032258064517,71.37741935483871,69.50806451612902,67.71612903225807,72.99129032258064,71.66548387096775,4.267132086774225,0.01963896443859209,71.31681162360931
2025-03-31,7.2567,77.23,71.87,75.91,72.54,71.45,69.6,67.78,73.0,71.68,4.267597125524553,0.027053557635967822,71.34998441728352
2025-04-01,7.2697,77.78,71.61,75.91,72.13566666666668,71.083,69.178,67.40966666666667,72.62833333333333,71.34833333333334,4.262862641843704,0.03199130827721983,71.01297748684735
2025-04-02,7.2675,77.27,72.12,76.56,71.73133333333334,70.71600000000001,68.756,67.03933333333333,72.25666666666666,71.01666666666668,4.257516153251772,0.03487818635121365,70.6343205573019
2025-04-03,7.2813,72.54,67.43,72.53,71.327,70.349,68.33399999999999,66.669,71.885,70.685,4.252864790984915,0.024820522657744093,70.30653765340175
2025-04-04,7.2803,68.36,62.42,69.02,70.92266666666667,69.982,67.91199999999999,66.29866666666666,71.51333333333334,70.35333333333334,4.24876076245959,0.008998523627955075,70.01858889647264
2025-04-07,7.3081,66.13,61.05,69.02,69.70966666666666,68.881,66.646,65.18766666666667,70.39833333333334,69.35833333333333,4.2353568499438685,-0.0019027169558357582,69.08632778744288
2025-04-08,7.3388,64.86,60.04,66.0,69.30533333333334,68.514,66.22399999999999,64.81733333333334,70.02666666666667,69.02666666666667,4.229459440895477,-0.010457368172829246,68.68009648627853
2025-04-09,7.3499,67.3,62.63,67.83,68.90100000000001,68.147,65.80199999999999,64.447,69.655,68.69500000000001,4.223828087622262,-0.006445453315824768,68.29442155523269
2025-04-10,7.314,65.37,60.57,66.47,68.49666666666667,67.78,65.38,64.07666666666667,69.28333333333333,68.36333333333334,4.2185003756358075,-0.009042461991576819,67.9315360799135
2025-04-11,7.2915,66.83,61.91,67.29,68.09233333333333,67.413,64.958,63.70633333333333,68.91166666666666,68.03166666666667,4.212860732799525,-0.005298066089962316,67.54950475178407
2025-04-14,7.3119,67.18,61.99,67.23,66.87933333333334,66.312,63.69199999999999,62.595333333333336,67.79666666666667,67.03666666666666,4.19757766569294,-0.000796580127558586,66.52498994336241
2025-04-15,7.315,66.58,61.74,67.27,66.475,65.945,63.269999999999996,62.225,67.425,66.705,4.190403127657085,0.002039561946747409,66.04941193890981
2025-04-16,7.3053,67.94,62.88,67.9,66.07066666666667,65.578,62.848,61.85466666666667,67.05333333333333,66.37333333333333,4.184172872823855,0.008149972908322227,65.639186502394
2025-04-17,7.299,69.33,65.07,68.77,65.66633333333334,65.211,62.425999999999995,61.48433333333334,66.68166666666667,66.04166666666667,4.177905079554649,0.01618123459120388,65.2290602868625
2025-04-18,7.2996,69.33,65.07,68.77,65.262,64.844,62.004,61.114000000000004,66.31,65.71000000000001,4.171773744419407,0.021163909981327247,64.83034264252862
2025-04-21,7.2914,69.33,63.48,68.14,64.049,63.743,60.738,60.003,65.195,64.715,4.155889871454157,0.024815091246828253,63.808720850371884
2025-04-22,7.3118,68.93,64.6,68.44,63.644666666666666,63.376,60.315999999999995,59.632666666666665,64.82333333333334,64.38333333333333,4.148405927868928,0.028286787871175938,63.33296247826738
2025-04-23,7.286,68.26,62.64,68.07,63.24033333333333,63.009,59.894,59.26233333333334,64.45166666666667,64.05166666666666,4.142257655998771,0.02906183186257788,62.944768789626245
2025-04-24,7.2879,67.5,63.55,68.1,62.836,62.641999999999996,59.471999999999994,58.892,64.08,63.72,4.136339164461077,0.029217232294187875,62.57333096824722
2025-04-25,7.2864,66.99,63.85,68.14,62.431666666666665,62.275,59.05,58.52166666666667,63.708333333333336,63.388333333333335,4.1304259019937275,0.029405103489880995,62.204410276209934
2025-04-28,7.2942,66.13,63.3,67.94,61.218666666666664,61.174,57.784,57.41066666666667,62.593333333333334,62.39333333333333,4.114225869247328,0.029495234524635018,61.204815388851955
2025-04-29,7.269,64.04,61.84,67.78,60.81433333333333,60.807,57.361999999999995,57.040333333333336,62.221666666666664,62.06166666666667,4.106911373530106,0.02661260529000701,60.75876632948633
2025-04-30,7.2706,63.37,59.55,67.74,60.41,60.44,56.94,56.67,61.85,61.73,4.100822653183027,0.02430727050355414,60.389947150512796
2025-05-01,7.2706,62.37,60.59,62.26,60.443,60.477333333333334,56.992,56.720333333333336,61.836666666666666,61.717,4.10086616573097,0.01789998248623075,60.39257492815372
2025-05-02,7.2706,61.57,59.67,61.37,60.476,60.51466666666666,57.044,56.77066666666667,61.82333333333334,61.704,4.1018115553105785,0.011976114417541964,60.44969643596122
2025-05-05,7.2706,61.57,58.5,60.32,60.574999999999996,60.626666666666665,57.199999999999996,56.92166666666667,61.78333333333333,61.665,4.103816630858699,0.0076132767601833455,60.57102423923396
2025-05-06,7.2164,62.37,60.42,61.99,60.608,60.664,57.251999999999995,56.972,61.77,61.652,4.104594733861889,0.008795530704098387,60.618173076047746
2025-05-07,7.225,60.31,59.42,61.53,60.641,60.70133333333333,57.303999999999995,57.022333333333336,61.75666666666667,61.638999999999996,4.105520669660982,0.003872337510780648,60.67432760630736
2025-05-08,7.234,62.22,61.25,62.99,60.674,60.73866666666667,57.356,57.07266666666667,61.74333333333333,61.626,4.1060082255685995,0.007241526186237895,60.703916945815024
2025-05-09,7.2364,64.26,62.37,63.83,60.706999999999994,60.775999999999996,57.408,57.123000000000005,61.730000000000004,61.613,4.106135348298004,0.014157727967363962,60.71163428393687
2025-05-12,7.2018,65.28,63.32,64.39,60.806,60.888,57.564,57.274,61.690000000000005,61.574,4.10727458039976,0.020065178603968795,60.78083833891898
2025-05-13,7.2057,66.93,65.04,65.45,60.839,60.925333333333334,57.616,57.324333333333335,61.67666666666667,61.561,4.1074478681639315,0.027408767093664393,60.79137182713517
2025-05-14,7.208,65.91,64.48,64.72,60.872,60.962666666666664,57.668,57.37466666666667,61.663333333333334,61.548,4.107881833722034,0.028048495319426405,60.81775891386727
2025-05-15,7.2067,64.36,63.03,63.51,60.904999999999994,61.0,57.72,57.425,61.650000000000006,61.535,4.108722382176385,0.023649413746093983,60.86890067767359
2025-05-16,7.209,65.2,63.84,64.07,60.937999999999995,61.037333333333336,57.772,57.47533333333333,61.63666666666667,61.522,4.109389481081287,0.023769784191144457,60.909519801638446
2025-05-19,7.2144,66.25,63.98,64.03,61.037,61.14933333333333,57.928,57.626333333333335,61.59666666666667,61.483000000000004,4.110900263188543,0.025725874636751175,61.001610361185016
2025-05-20,7.2194,66.93,63.97,63.96,61.07,61.18666666666667,57.98,57.67666666666667,61.583333333333336,61.47,4.111480476030094,0.027812894579961552,61.037014548860796
2025-05-21,7.2019,65.86,62.93,63.9,61.102999999999994,61.224000000000004,58.032,57.727000000000004,61.57,61.457,4.112165422329214,0.026099238185950613,61.07883594715635
2025-05-22,7.2037,64.87,62.55,63.68,61.135999999999996,61.26133333333333,58.083999999999996,57.77733333333333,61.55666666666667,61.444,4.1130013004541865,0.022726386403126096,61.129911753624164
2025-05-23,7.1798,65.41,62.89,63.69,61.169,61.29866666666667,58.136,57.827666666666666,61.54333333333334,61.431000000000004,4.1136957243821675,0.02217554607882858,61.17237656964694
2025-05-27,7.195,64.32,61.61,63.53,61.300999999999995,61.448,58.344,58.028999999999996,61.49,61.379000000000005,4.11606414318254,0.01865048323625794,61.31743008230585
2025-05-28,7.1941,65.72,62.54,63.65,61.333999999999996,61.48533333333334,58.396,58.07933333333333,61.47666666666667,61.366,4.116860344014452,0.019972600934322446,61.36627051196327
2025-05-29,7.1855,64.6,61.66,63.67,61.367,61.522666666666666,58.448,58.129666666666665,61.46333333333334,61.353,4.117608988389815,0.017811116492524304,61.412229226439095
2025-05-30,7.1991,64.32,61.46,63.73,61.4,61.56,58.5,58.18,61.45,61.34,4.118359595466781,0.015976648058856558,61.4583429848003
2025-06-02,7.1975,66.55,63.27,63.63,61.7358064516129,61.86096774193549,58.83,58.4741935483871,61.88354838709678,61.733870967741936,4.122457111101879,0.019853933081878217,61.71068614304354
2025-06-03,7.1872,67.48,64.1,64.89,61.84774193548387,61.961290322580645,58.94,58.57225806451613,62.028064516129035,61.86516129032258,4.124141389066094,0.0242751133783361,61.81471167123172
2025-06-04,7.1844,66.69,63.57,64.14,61.95967741935484,62.06161290322581,59.05,58.67032258064516,62.1725806451613,61.99645161290323,4.125768917025338,0.023821714439904468,61.91539875606674
2025-06-05,7.175,67.14,64.06,64.47,62.071612903225805,62.16193548387097,59.16,58.76838709677419,62.31709677419355,62.127741935483876,4.127353614763466,0.024632329380886143,62.01359373255986
2025-06-06,7.1886,68.02,65.3,65.44,62.18354838709677,62.26225806451613,59.269999999999996,58.86645161290323,62.46161290322581,62.259032258064515,4.128789132730949,0.02757844710450497,62.10267928725004
2025-06-09,7.1802,68.73,65.99,65.88,62.51935483870968,62.56322580645161,59.6,59.16064516129032,62.895161290322584,62.652903225806455,4.132962130785336,0.03045444937311934,62.362375125341565
2025-06-10,7.187,68.41,65.66,65.87,62.63129032258065,62.663548387096775,59.71,59.258709677419354,63.039677419354845,62.784193548387094,4.134912020472622,0.030586131522357864,62.48409350761712
2025-06-11,7.1928,71.29,68.91,67.8,62.74322580645161,62.76387096774194,59.82,59.35677419354839,63.1841935483871,62.91548387096774,4.136103864197541,0.03824131961396781,62.55860917906844
2025-06-12,7.1726,70.84,68.73,67.41,62.855161290322584,62.8641935483871,59.93,59.45483870967742,63.32870967741936,63.04677419354839,4.13744573850506,0.04052703983962891,62.64261131699057
2025-06-13,7.181,76.0,73.84,69.93,62.96709677419355,62.96451612903226,60.04,59.55290322580645,63.473225806451616,63.178064516129034,4.138158721725961,0.0541047522163584,62.68729037358916
2025-06-16,7.179,75.05,72.53,69.34,63.30290322580645,63.26548387096774,60.37,59.847096774193545,63.906774193548394,63.571935483870966,4.142032701763896,0.057824315833658005,62.930610689845786
2025-06-17,7.1845,78.7,75.62,70.85,63.41483870967742,63.365806451612904,60.48,59.94516129032258,64.05129032258066,63.70322580645161,4.1433276927578735,0.06746779862250797,63.012158054089504
2025-06-18,7.1888,78.38,75.89,70.83,63.52677419354839,63.46612903225807,60.589999999999996,60.04322580645161,64.19580645161291,63.83451612903226,4.144554724290835,0.0713758867542619,63.089523414143166
2025-06-19,7.1888,80.37,75.89,70.83,63.63870967741936,63.56645161290323,60.699999999999996,60.141290322580645,64.34032258064516,63.965806451612906,4.145735992220553,0.07655289055563622,63.16409307955948
2025-06-20,7.1785,78.73,75.72,71.19,63.75064516129032,63.66677419354839,60.809999999999995,60.23935483870967,64.48483870967742,64.09709677419355,4.147254314637741,0.07613478329568658,63.260069381090716
2025-06-23,7.179,74.34,69.36,69.88,64.08645161290323,63.96774193548387,61.14,60.53354838709677,64.9183870967742,64.49096774193548,4.1522355302757035,0.06509966086321878,63.575967553222654
2025-06-24,7.1713,69.13,65.45,69.13,64.1983870967742,64.06806451612903,61.25,60.63161290322581,65.06290322580645,64.62225806451613,4.155496585421314,0.047516904869788296,63.78363070581299
2025-06-25,7.1764,68.4,65.98,69.12,64.31032258064516,64.1683870967742,61.36,60.729677419354836,65.20741935483872,64.75354838709677,4.158113146586272,0.037204930454992964,63.95074301131919
2025-06-26,7.1675,68.57,66.44,69.14,64.42225806451613,64.26870967741935,61.47,60.82774193548387,65.35193548387097,64.88483870967741,4.16023250123427,0.03231701533210157,64.08642103990839
2025-06-27,7.1721,69.37,66.66,69.19,64.5341935483871,64.36903225806452,61.58,60.9258064516129,65.49645161290323,65.01612903225806,4.16198613983789,0.03134390296002727,64.19890406026913
2025-06-30,7.1636,68.15,66.3,69.27,64.87,64.67,61.91,61.22,65.93,65.41,4.166499708087139,0.027834753387700858,64.48932511986366
2025-07-01,7.1647,67.63,66.64,67.9,65.02322580645162,64.81225806451613,62.064516129032256,61.362258064516126,66.14935483870968,65.61129032258064,4.169331483624165,0.023627674557525118,64.6722032258032
2025-07-02,7.1649,70.8,68.66,69.88,65.17645161290324,64.95451612903226,62.219032258064516,61.504516129032254,66.36870967741936,65.81258064516129,4.171314765583683,0.029367328315797428,64.8005937149293
2025-07-03,7.1684,70.42,68.13,69.53,65.32967741935484,65.09677419354838,62.37354838709677,61.64677419354839,66.58806451612904,66.01387096774194,4.1733558458903595,0.03067328058272783,64.93299200242603
2025-07-04,7.1684,71.03,68.13,69.53,65.48290322580645,65.23903225806451,62.52806451612903,61.789032258064516,66.80741935483871,66.21516129032258,4.1754292964019255,0.032146032091832775,65.06776702429464
2025-07-07,7.1744,71.95,69.16,70.33,65.9425806451613,65.66580645161291,62.99161290322581,62.2158064516129,67.46548387096774,66.81903225806451,4.181188724178352,0.034714631807314406,65.44360138557441
2025-07-08,7.1738,72.5,69.55,70.75,66.0958064516129,65.80806451612904,63.14612903225806,62.35806451612903,67.68483870967742,67.02032258064516,4.183739609974336,0.03666405325655528,65.61075364130583
2025-07-09,7.18,71.98,69.61,70.7,66.24903225806452,65.95032258064516,63.30064516129032,62.50032258064516,67.9041935483871,67.2216129032258,4.185984972610691,0.03616348685061531,65.75823909327254
2025-07-10,7.1748,70.38,67.78,69.81,66.40225806451613,66.09258064516129,63.45516129032258,62.64258064516129,68.12354838709678,67.42290322580645,4.1884676647955,0.03136368352108277,65.92169938639148
2025-07-11,7.1681,72.06,69.63,70.78,66.55548387096775,66.23483870967742,63.60967741935484,62.784838709677416,68.34290322580645,67.6241935483871,4.190622460476639,0.03300771298076077,66.0639003314922
2025-07-14,7.167,70.96,68.19,70.06,67.01516129032258,66.6616129032258,64.07322580645162,63.211612903225806,69.00096774193548,68.22806451612904,4.196641046548716,0.0301152773599243,66.46271053480822
2025-07-15,7.1729,70.27,67.76,70.0,67.1683870967742,66.80387096774193,64.22774193548388,63.35387096774193,69.22032258064516,68.42935483870968,4.199597371924086,0.026449068147827264,66.65948665628248
2025-07-16,7.1791,69.67,67.13,69.93,67.32161290322581,66.94612903225807,64.38225806451612,63.49612903225806,69.43967741935485,68.63064516129032,4.202115855549867,0.02281439822741946,66.82757906206766
2025-07-17,7.1832,71.32,68.76,70.24,67.47483870967743,67.0883870967742,64.53677419354838,63.63838709677419,69.65903225806453,68.83193548387096,4.204234651698092,0.024520446968324987,66.96932318960766
2025-07-18,7.1776,71.06,68.53,70.17,67.62806451612904,67.23064516129033,64.69129032258064,63.78064516129032,69.8783870967742,69.03322580645161,4.20636220444873,0.024360004809706792,67.11195563258937
2025-07-21,7.176,71.92,68.39,70.32,68.08774193548388,67.65741935483871,65.15483870967742,64.2074193548387,70.53645161290324,69.63709677419355,4.212071455799528,0.025318394287314475,67.49621051604619
2025-07-22,7.1748,69.69,67.56,70.21,68.24096774193549,67.79967741935484,65.30935483870968,64.34967741935483,70.75580645161291,69.8383870967742,4.215004956773741,0.020373049107931678,67.69450141642726
2025-07-23,7.1599,69.17,66.05,70.26,68.39419354838711,67.94193548387096,65.46387096774194,64.49193548387096,70.97516129032259,70.03967741935485,4.217540995758526,0.01613307283043586,67.86639518359452
2025-07-24,7.1541,70.42,67.16,70.48,68.54741935483871,68.08419354838709,65.6183870967742,64.63419354838709,71.19451612903227,70.24096774193549,4.219717735917549,0.01659459859079324,68.01428359036213
2025-07-25,7.1679,69.23,66.38,70.36,68.70064516129032,68.22645161290322,65.77290322580646,64.77645161290322,71.41387096774194,70.44225806451614,4.2220038228649015,0.013779015776634816,68.16994801972727
2025-07-28,7.1778,70.87,67.81,70.59,69.16032258064517,68.65322580645162,66.23645161290322,65.20322580645161,72.07193548387097,71.04612903225807,4.227633297951974,0.015473755027585618,68.55479126017056
2025-07-29,7.1769,73.21,70.27,70.83,69.31354838709677,68.79548387096774,66.39096774193548,65.34548387096774,72.29129032258065,71.24741935483871,4.229873547064624,0.02088437748616913,68.70854322751015
2025-07-30,7.1934,73.98,71.09,70.85,69.46677419354839,68.93774193548387,66.54548387096774,65.48774193548387,72.51064516129033,71.44870967741936,4.231686544970132,0.02479507651994316,68.8332246619099
2025-07-31,7.2002,73.43,70.36,70.87,69.62,69.08,66.7,65.63,72.73,71.65,4.233670371072832,0.025143867890438723,68.96991334819016
2025-08-01,7.2116,70.55,68.39,71.51,69.50206896551724,68.97551724137931,66.56241379310345,65.51655172413793,72.60655172413793,71.55034482758622,4.233000191835431,0.01956602113082457,68.92370662938006
2025-08-04,7.178,69.56,67.33,70.64,69.14827586206897,68.66206896551724,66.1496551724138,65.17620689655172,72.23620689655174,71.25137931034483,4.2293396738440485,0.014480590450207413,68.67187136618958
2025-08-05,7.1835,69.14,66.2,69.56,69.0303448275862,68.55758620689654,66.01206896551724,65.06275862068965,72.11275862068966,71.15172413793104,4.227779879997117,0.010655844617560459,68.56484089820806
2025-08-06,7.1822,67.97,65.38,69.15,68.91241379310345,68.45310344827585,65.87448275862069,64.94931034482758,71.98931034482759,71.05206896551725,4.22655204815104,0.006200987658690069,68.48070646507013
2025-08-07,7.1806,66.99,64.9,69.13,68.79448275862069,68.34862068965516,65.73689655172414,64.83586206896551,71.86586206896553,70.95241379310346,4.2253546449482835,0.002105512408810021,68.39875652117593
2025-08-08,7.1839,67.17,64.94,69.22,68.67655172413794,68.24413793103449,65.59931034482759,64.72241379310344,71.74241379310345,70.85275862068966,4.22398136156736,0.0007988890705083165,68.30489011291077
2025-08-11,7.1884,67.36,65.03,69.03,68.32275862068965,67.93068965517242,65.18655172413793,64.38206896551723,71.37206896551724,70.55379310344829,4.219816883918753,0.000944052722729954,68.02102740494576
2025-08-12,7.1785,66.8,64.22,68.71,68.2048275862069,67.82620689655172,65.04896551724138,64.26862068965517,71.24862068965518,70.4541379310345,4.217953616270135,-5.625851582257888e-05,67.89440402841079
2025-08-13,7.1744,66.25,63.68,68.32,68.08689655172414,67.72172413793103,64.91137931034483,64.1551724137931,71.12517241379311,70.35448275862069,4.216473907908877,-0.0018018404686501784,67.79401440308851
2025-08-14,7.1795,68.12,64.99,69.08,67.96896551724139,67.61724137931034,64.77379310344828,64.04172413793103,71.00172413793103,70.2548275862069,4.214688254469962,0.002355941514258866,67.67306580640826
2025-08-15,7.1817,67.3,63.78,68.61,67.85103448275862,67.51275862068965,64.63620689655173,63.928275862068965,70.87827586206897,70.15517241379311,4.213062263572155,0.002341185078861734,67.56311942750945
2025-08-18,7.1847,68.18,64.51,68.94,67.49724137931035,67.19931034482758,64.22344827586207,63.58793103448276,70.50793103448277,69.85620689655173,4.208647655236244,0.005073064731744892,67.26551211048901
2025-08-19,7.1819,66.62,63.38,68.59,67.37931034482759,67.09482758620689,64.08586206896553,63.47448275862069,70.38448275862069,69.75655172413794,4.206769415511086,0.0031705912538185364,67.1392899283754
2025-08-20,7.1757,67.61,64.19,69.07,67.26137931034484,66.9903448275862,63.94827586206897,63.36103448275862,70.26103448275863,69.65689655172415,4.205051619999616,0.00514366344700618,67.02405735882441
2025-08-21,7.1793,68.41,64.56,69.35,67.14344827586207,66.88586206896551,63.81068965517242,63.24758620689655,70.13758620689656,69.55724137931036,4.2032454641888375,0.008312486007695753,66.90311072527562
2025-08-22,7.1651,68.29,64.08,69.46,67.02551724137932,66.78137931034483,63.67310344827586,63.13413793103449,70.01413793103448,69.45758620689655,4.201516299337384,0.009843157695109512,66.78752418065213
2025-08-25,7.151,68.29,65.18,69.64,66.67172413793104,66.46793103448276,63.26034482758621,62.79379310344828,69.64379310344827,69.15862068965518,4.197097397605739,0.01150677810649757,66.49304778470496
2025-08-26,7.152,66.89,63.6,69.37,66.55379310344829,66.36344827586207,63.12275862068966,62.68034482758621,69.52034482758621,69.05896551724139,4.195226940916228,0.009370193630497226,66.36879166274433
2025-08-27,7.1536,67.75,64.49,69.39,66.43586206896552,66.25896551724138,62.9851724137931,62.56689655172414,69.39689655172414,68.95931034482759,4.193537629279336,0.010668476582417409,66.25676873811776
2025-08-28,7.1306,68.61,64.96,69.38,66.31793103448277,66.15448275862069,62.84758620689655,62.45344827586207,69.27344827586208,68.8596551724138,4.191748443430482,0.013462109813399993,66.1383290520015
2025-08-29,7.1304,67.83,64.36,69.39,66.2,66.05,62.71,62.34,69.15,68.76,4.1901126413077385,0.013357141351381436,66.03022827279068
2025-09-01,7.1304,67.09,64.36,69.39,66.11375,65.9684375,62.6003125,62.253750000000004,68.87156250000001,68.484375,4.1888797314523245,0.011980977859344174,65.94886911815566
2025-09-02,7.139,68.09,65.95,71.68,66.08500000000001,65.94125,62.56375,62.225,68.77875,68.3925,4.188149603125453,0.015405889104498444,65.9007355546647
2025-09-03,7.1415,67.76,64.36,70.03,66.05625,65.9140625,62.527187500000004,62.196250000000006,68.68593750000001,68.300625,4.1876682654140405,0.015010997015988821,65.86902267834637
2025-09-04,7.1414,66.41,63.81,69.51,66.0275,65.886875,62.490625,62.167500000000004,68.593125,68.20875000000001,4.187453298017899,0.011581267673481704,65.85486450788186
2025-09-05,7.1323,64.92,62.22,68.45,65.99875,65.85968749999999,62.4540625,62.13875,68.5003125,68.11687500000001,4.1874542002368855,0.005660012703208303,65.85492392341779
2025-09-08,7.1293,65.44,62.6,69.03,65.91250000000001,65.778125,62.344375,62.0525,68.22187500000001,67.84125,4.186492681223301,0.004448725334132316,65.7916335942308
2025-09-09,7.1209,67.97,62.97,69.5,65.88375,65.7509375,62.3078125,62.02375,68.1290625,67.749375,4.185671791616358,0.009698711266164268,65.73764808709194
2025-09-10,7.1207,67.62,64.01,70.41,65.855,65.72375,62.27125,61.995000000000005,68.03625000000001,67.6575,4.184978029763438,0.012478449710372635,65.69205763083669
2025-09-11,7.1184,67.25,62.71,69.85,65.82625,65.6965625,62.2346875,61.96625,67.9434375,67.565625,4.184489422032524,0.012439012171485722,65.65996782392088
2025-09-12,7.1242,67.87,63.02,70.2,65.7975,65.669375,62.198125,61.9375,67.85062500000001,67.47375,4.183953914725616,0.014081092199362159,65.62481584429086
2025-09-15,7.1186,67.88,63.66,70.74,65.71125,65.5878125,62.0884375,61.85125,67.57218750000001,67.198125,4.182682844434041,0.015519236575307748,65.54145508039959
2025-09-16,7.1142,69.69,64.89,70.97,65.6825,65.560625,62.051875,61.822500000000005,67.479375,67.10625,4.181811327498611,0.020511468334527508,65.48435947583135
2025-09-17,7.1033,69.19,64.41,70.5,65.65375,65.5334375,62.0153125,61.79375,67.38656250000001,67.014375,4.181208777269737,0.021598247295794158,65.44491374525198
2025-09-18,7.1125,67.83,63.91,70.23,65.625,65.50625000000001,61.97875,61.765,67.29375,66.9225,4.180903657106478,0.01911360137743391,65.42494822858131
2025-09-19,7.1142,67.05,63.02,69.88,65.59625,65.4790625,61.9421875,61.736250000000005,67.20093750000001,66.830625,4.180716669692818,0.015875926330350888,65.41271573042043
2025-09-22,7.114,66.87,62.99,69.74,65.51,65.39750000000001,61.832499999999996,61.650000000000006,66.92250000000001,66.55499999999999,4.179743217738264,0.01390306186910998,65.34907057721526
2025-09-23,7.1116,67.96,63.76,69.81,65.48125,65.37031250000001,61.7959375,61.62125,66.8296875,66.46312499999999,4.179149867769179,0.01557289028405724,65.31030720946733
2025-09-24,7.1315,69.64,65.4,70.24,65.4525,65.343125,61.759375,61.5925,66.73687500000001,66.37124999999999,4.178372753385706,0.020581133891873542,65.25957334590659
2025-09-25,7.1338,70.48,65.51,70.19,65.42375,65.3159375,61.722812499999996,61.56375,66.6440625,66.279375,4.177588355007214,0.024778078123652097,65.20840391362644
2025-09-26,7.1328,71.15,66.5,70.17,65.395,65.28875000000001,61.68625,61.535000000000004,66.55125000000001,66.1875,4.1768430685973765,0.02846743946771685,65.15982308194793
2025-09-29,7.1194,69.0,64.27,69.95,65.30875,65.2071875,61.5765625,61.448750000000004,66.2728125,65.911875,4.175797080450751,0.025370920720588885,65.09170231233765
2025-09-30,7.119,68.52,63.17,70.01,65.28,65.18,61.54,61.42,66.18,65.82,4.175469250558721,0.02276344819830519,65.07036680399631
2025-10-01,7.12,66.67,62.59,65.83,65.22903225806452,65.13129032258065,61.49,61.373548387096776,66.15290322580645,65.80354838709677,4.175285184520639,0.014819448391922794,65.05839066161653
2025-10-02,7.12,65.44,61.28,64.04,65.17806451612903,65.0825806451613,61.44,61.32709677419355,66.12580645161292,65.78709677419354,4.175177674184725,0.006850913487432142,65.05139658815676
2025-10-03,7.12,66.13,61.65,64.74,65.12709677419355,65.03387096774195,61.39,61.28064516129032,66.09870967741936,65.77064516129032,4.174701304664392,0.005142597323356646,65.02041546538427
2025-10-06,7.12,67.09,62.49,65.59,64.97419354838709,64.88774193548387,61.24,61.141290322580645,66.01741935483872,65.72129032258064,4.17258862985269,0.007433754441517247,64.883193475145
2025-10-07,7.12,67.1,62.52,65.67,64.92322580645161,64.83903225806452,61.19,61.09483870967742,65.99032258064517,65.70483870967742,4.171534001991796,0.008910291907286753,64.81480192176016
2025-10-08,7.12,67.42,63.37,66.03,64.87225806451613,64.79032258064517,61.14,61.04838709677419,65.96322580645162,65.68838709677419,4.170604384131488,0.010944966665488554,64.75457692173636
2025-10-09,7.1275,67.23,62.36,65.47,64.82129032258065,64.74161290322581,61.09,61.001935483870966,65.93612903225807,65.67193548387097,4.169801559921016,0.011050560480849753,64.70261124208865
2025-10-10,7.134,64.41,59.75,63.8,64.77032258064516,64.69290322580646,61.04,60.95548387096774,65.90903225806453,65.65548387096774,4.169516440236436,0.003366431921349909,64.6841658836722
2025-10-13,7.134,64.15,59.75,64.18,64.61741935483872,64.54677419354839,60.89,60.81612903225806,65.82774193548387,65.60612903225807,4.167848910939714,-0.0003910484014426822,64.57639302420066
2025-10-14,7.1384,63.0,59.52,63.81,64.56645161290322,64.49806451612903,60.84,60.769677419354835,65.80064516129033,65.58967741935484,4.167276017318539,-0.004836219113234414,64.53940821575056
2025-10-15,7.1262,62.33,59.08,63.45,64.51548387096774,64.44935483870968,60.79,60.72322580645161,65.77354838709678,65.57322580645162,4.16682986378731,-0.008735760766766036,64.51062015329707
2025-10-16,7.123,61.08,58.29,63.08,64.46451612903226,64.40064516129033,60.74,60.67677419354839,65.74645161290323,65.55677419354838,4.166472092115007,-0.013833279056304656,64.48754420904925
2025-10-17,7.1264,61.23,58.3,63.26,64.41354838709678,64.35193548387097,60.69,60.630322580645164,65.71935483870968,65.54032258064515,4.165937071611978,-0.015713763526096235,64.45305127874268
2025-10-20,7.1195,60.71,58.34,63.15,64.26064516129033,64.2058064516129,60.54,60.490967741935485,65.63806451612903,65.49096774193548,4.1640548951839556,-0.017600052028473683,64.33185335862541
2025-10-21,7.1218,61.0,58.66,63.34,64.20967741935485,64.15709677419355,60.49,60.44451612903226,65.61096774193548,65.47451612903225,4.163139911067743,-0.017358299232403673,64.27301765560738
2025-10-22,7.1257,62.28,59.3,63.86,64.15870967741935,64.1083870967742,60.44,60.39806451612903,65.58387096774194,65.45806451612903,4.162125684077382,-0.013610080168733395,64.2078632726011
2025-10-23,7.1221,66.32,62.44,65.24,64.10774193548387,64.05967741935484,60.39,60.351612903225806,65.55677419354839,65.4416129032258,4.160514378064688,-0.0009767540974970432,64.104488063362
2025-10-24,7.1211,65.8,62.27,65.54,64.05677419354839,64.01096774193549,60.34,60.30516129032258,65.52967741935484,65.42516129032258,4.159190063838605,0.004439777640875711,64.0196497665448
2025-10-27,7.1102,65.52,62.13,65.36,63.90387096774194,63.86483870967742,60.190000000000005,60.1658064516129,65.4483870967742,65.3758064516129,4.156863629440484,0.006670674410906673,63.870885363580804
2025-10-28,7.0988,64.03,60.97,64.94,63.85290322580646,63.81612903225807,60.14,60.119354838709675,65.42129032258065,65.35935483870968,4.156012327719416,0.004224640982209476,63.8165351064607
2025-10-29,7.098,65.01,61.26,64.86,63.80193548387097,63.767419354838715,60.09,60.07290322580645,65.3941935483871,65.34290322580645,4.155187483394004,0.005353695206342372,63.76391810301228
2025-10-30,7.1097,65.11,61.36,64.92,63.75096774193548,63.718709677419355,60.04,60.02645161290322,65.36709677419356,65.32645161290323,4.154345979985818,0.006344668906885907,63.71028311878537
2025-10-31,7.1169,65.44,61.75,65.0,63.7,63.67,59.99,59.98,65.34,65.31,4.153470384405398,0.007855577805829931,63.65452309163836
2025-11-03,7.1222,65.79,61.79,66.3,63.46857142857143,63.449285714285715,59.77464285714286,59.76785714285714,65.0625,65.02607142857143,4.150174215587868,0.010650699961059733,63.44505245247693
2025-11-04,7.1295,65.04,61.38,65.54,63.39142857142858,63.37571428571429,59.70285714285714,59.69714285714286,64.97,64.93142857142857,4.148705876206709,0.010187170741137282,63.351961944376164
2025-11-05,7.126,63.54,60.4,65.1,63.31428571428572,63.30214285714286,59.63107142857143,59.62642857142857,64.8775,64.83678571428571,4.147737820862283,0.006365994021384942,63.29066341400811
2025-11-06,7.1195,63.41,60.24,64.73,63.23714285714286,63.22857142857143,59.559285714285714,59.55571428571428,64.785,64.74214285714285,4.146769247143449,0.004124073627730869,63.229391418789945
2025-11-07,7.1219,63.72,60.54,64.93,63.160000000000004,63.155,59.4875,59.485,64.6925,64.64750000000001,4.145647280179807,0.004144221871311983,63.15848991249837
2025-11-10,7.1193,63.01,60.94,65.37,62.92857142857143,62.934285714285714,59.27214285714286,59.27285714285714,64.415,64.36357142857143,4.142521728027318,0.0034280170623407326,62.961392937296544
2025-11-11,7.1193,63.86,60.94,65.96,62.85142857142857,62.86071428571429,59.20035714285714,59.20214285714285,64.3225,64.26892857142857,4.140928316962681,0.0057771822041488875,62.861149442901365
2025-11-12,7.112,61.88,59.3,64.27,62.77428571428572,62.78714285714286,59.128571428571426,59.13142857142857,64.23,64.17428571428572,4.139955330669049,0.0011283002872611173,62.800016151841554
2025-11-13,7.095,62.14,59.54,64.45,62.69714285714286,62.71357142857143,59.056785714285716,59.06071428571428,64.1375,64.07964285714286,4.138926794456168,-0.00014136008241510956,62.735457267326495
2025-11-14,7.0992,63.45,60.87,65.18,62.620000000000005,62.64,58.985,58.989999999999995,64.045,63.985,4.137571061546954,0.003253282543300981,62.6504623715417
2025-11-17,7.1075,63.16,60.66,65.0,62.38857142857143,62.419285714285714,58.769642857142856,58.777857142857144,63.7675,63.701071428571424,4.134228914328404,0.004527452321584274,62.441424814708576
2025-11-18,7.1074,64.86,61.51,65.2,62.31142857142857,62.34571428571429,58.69785714285714,58.707142857142856,63.675000000000004,63.60642857142857,4.132402227757634,0.009669707726045924,62.32746801590423
2025-11-19,7.1106,63.78,60.27,64.66,62.23428571428571,62.27214285714286,58.62607142857143,58.63642857142857,63.5825,63.511785714285715,4.131096048987572,0.009376205809271615,62.246110345787905
2025-11-20,7.1098,63.64,60.07,64.67,62.15714285714286,62.19857142857143,58.55428571428571,58.565714285714286,63.49,63.417142857142856,4.129910490661077,0.009112017620824838,62.172357679058194
2025-11-21,7.1066,62.78,58.86,64.39,62.08,62.125,58.4825,58.495,63.3975,63.3225,4.128869261952493,0.00676481779344062,62.10765572597355
2025-11-24,7.102,64.83,59.11,64.5,61.848571428571425,61.90428571428571,58.26714285714286,58.28285714285714,63.12,63.03857142857142,4.125426923380183,0.01070785724213397,61.894227703543976
2025-11-25,7.0845,63.99,58.25,64.33,61.77142857142857,61.830714285714286,58.19535714285714,58.21214285714286,63.0275,62.94392857142857,4.123866204197748,0.010867820496009177,61.79770353823639
2025-11-26,7.0758,64.81,58.81,64.4,61.69428571428571,61.75714285714286,58.123571428571424,58.14142857142857,62.935,62.84928571428571,4.122470553677244,0.013198073370846898,61.71151569916856
2025-11-27,7.0758,64.18,58.81,64.4,61.61714285714286,61.683571428571426,58.051785714285714,58.07071428571429,62.8425,62.754642857142855,4.121225627648527,0.013200864240043676,61.63473722867744
2025-11-28,7.0751,64.07,58.58,64.47,61.54,61.61,57.98,58.0,62.75,62.66,4.120021799088989,0.013175363151581616,61.56058421445533
2025-12-01,7.0717,64.22,59.47,63.8,61.42454545454545,61.48090909090909,57.89090909090909,57.914545454545454,62.52272727272727,62.4290909090909,4.118018721229616,0.013614467338720635,61.43739698919589
2025-12-02,7.07,63.37,58.81,63.24,61.3860606060606,61.43787878787879,57.86121212121212,57.8860606060606,62.446969696969695,62.35212121212121,4.117247957274059,0.011644033218646082,61.39006150266022
2025-12-03,7.0636,63.75,59.09,63.41,61.347575757575754,61.39484848484848,57.83151515151515,57.85757575757576,62.371212121212125,62.275151515151514,4.116538734564356,0.011880323516064955,61.34653771274695
2025-12-04,7.0714,64.15,59.82,63.89,61.30909090909091,61.35181818181818,57.80181818181818,57.82909090909091,62.29545454545455,62.198181818181816,4.1157307556380935,0.013564149904201055,61.29699102211229
2025-12-05,7.0696,64.42,60.23,64.26,61.27060606060606,61.308787878787875,57.772121212121206,57.800606060606064,62.21969696969697,62.12121212121212,4.114879200618021,0.015500485279748804,61.24481548001737
2025-12-08,7.071,63.3,59.04,63.35,61.155151515151516,61.17969696969697,57.6830303030303,57.71515151515152,61.99242424242424,61.89030303030303,4.113062636794875,0.013317141429395964,61.133661353709925
2025-12-09,7.0633,62.62,58.4,62.78,61.11666666666667,61.13666666666666,57.65333333333333,57.68666666666667,61.916666666666664,61.81333333333333,4.1123964709928895,0.010406338674952978,61.092949761006906
2025-12-10,7.064,63.12,58.67,62.74,61.07818181818182,61.093636363636364,57.623636363636365,57.658181818181816,61.84090909090909,61.736363636363635,4.111727292907113,0.01030080055278569,61.052081373471125
2025-12-11,7.0579,61.87,57.76,62.1,61.03969696969697,61.05060606060606,57.593939393939394,57.62969696969697,61.765151515151516,61.65939393939394,4.111239839183887,0.006862548993882163,61.022328561243626
2025-12-12,7.0548,62.11,57.61,62.06,61.00121212121212,61.00757575757576,57.56424242424242,57.60121212121212,61.68939393939394,61.58242424242424,4.110660021806621,0.005792335978997868,60.98695701025348
2025-12-15,7.047,61.55,56.97,61.69,60.88575757575758,60.878484848484845,57.475151515151516,57.515757575757576,61.46212121212121,61.35151515151515,4.1088872803293714,0.00383815865112559,60.87893867457048
2025-12-16,7.0417,59.93,55.44,60.99,60.84727272727273,60.835454545454546,57.445454545454545,57.48727272727273,61.38636363636363,61.27454545454545,4.108378089275528,-0.0015692469275764486,60.847947554500074
2025-12-17,7.0431,60.61,56.07,61.31,60.80878787878788,60.79242424242424,57.415757575757574,57.45878787878788,61.31060606060606,61.197575757575756,4.107775667825084,-0.002055047992155797,60.81130248467405
2025-12-18,7.0404,60.69,56.22,61.41,60.77030303030303,60.74939393939394,57.3860606060606,57.43030303030303,61.234848484848484,61.12060606060606,4.107073357648947,-0.0018505361745151246,60.76860908187534
2025-12-19,7.0409,61.35,56.8,61.65,60.731818181818184,60.70636363636363,57.35636363636363,57.401818181818186,61.15909090909091,61.04363636363636,4.106231641842019,0.0002589096389159686,60.71748070384673
2025-12-22,7.0367,62.22,58.18,62.12,60.61636363636364,60.57727272727273,57.267272727272726,57.31636363636364,60.93181818181818,60.81272727272727,4.104014253735513,0.004315730652310039,60.58299564216827
2025-12-23,7.028,63.7,58.55,62.11,60.57787878787879,60.53424242424242,57.237575757575755,57.28787878787879,60.85606060606061,60.735757575757575,4.10269631856199,0.009968757963490976,60.503203773099045
2025-12-24,7.0142,63.7,58.72,62.07,60.53939393939394,60.49121212121212,57.20787878787879,57.25939393939394,60.78030303030303,60.65878787878788,4.101663342360662,0.012932887795112718,60.44073767204969
2025-12-26,7.0063,63.7,56.6,61.86,60.46242424242425,60.405151515151516,57.14848484848485,57.20242424242424,60.628787878787875,60.50484848484848,4.100204637148123,0.013865158687837692,60.352636725234895
2025-12-29,7.0056,63.1,57.89,62.02,60.3469696969697,60.276060606060604,57.05939393939394,57.1169696969697,60.40151515151515,60.27393939393939,4.098154911408934,0.013857609519661602,60.22905706778065
2025-12-30,6.9961,62.3,57.79,62.02,60.30848484848485,60.233030303030304,57.02969696969697,57.08848484848485,60.32575757575758,60.196969696969695,4.097346289441188,0.012312546180844916,60.1803742148039
2025-12-31,6.9931,61.35,57.26,62.04,60.27,60.19,57.0,57.06,60.25,60.12,4.0968114111703535,0.00942822625638019,60.148193647416036
2026-01-02,6.9877,61.98,57.21,60.2,60.764,60.63133333333333,57.480666666666664,57.455333333333336,60.61,60.400666666666666,4.103143387249767,0.00751255895675596,60.53025890831744
2026-01-05,6.988,63.0,58.1,60.31,61.505,61.29333333333333,58.20166666666667,58.04833333333333,61.15,60.821666666666665,4.113382802210876,0.007679328337580552,61.15323737144362
2026-01-06,6.9834,62.1,56.97,59.16,61.752,61.513999999999996,58.442,58.246,61.33,60.961999999999996,4.118203315732148,0.0032502030443950607,61.44873904173807
2026-01-07,6.9965,61.08,56.01,58.35,61.999,61.73466666666666,58.68233333333333,58.44366666666667,61.51,61.102333333333334,4.122386541733748,-0.002896034129482542,61.706331412572624
2026-01-08,6.9835,63.34,57.74,60.08,62.246,61.955333333333336,58.922666666666665,58.641333333333336,61.690000000000005,61.242666666666665,4.125907794571122,0.0003450108411193085,61.92399801180013
2026-01-09,6.9772,65.11,58.96,61.02,62.493,62.176,59.163,58.839,61.870000000000005,61.382999999999996,4.129075826303438,0.006189957229444875,62.12048627868908
2026-01-12,6.9731,65.4,59.39,61.17,63.234,62.838,59.884,59.432,62.410000000000004,61.803999999999995,4.138421157172798,0.00866664320647041,62.70374389954908
2026-01-13,6.9775,67.58,60.85,61.78,63.481,63.05866666666667,60.12433333333333,59.629666666666665,62.59,61.94433333333333,4.142408362712255,0.014117885500949853,62.95425570371445
2026-01-14,6.973,68.87,61.84,62.58,63.72800000000001,63.279333333333334,60.364666666666665,59.827333333333335,62.77,62.084666666666664,4.1455942246590025,0.019579729712668095,63.15513909481333
2026-01-15,6.966,66.16,59.13,61.29,63.97500000000001,63.5,60.605,60.025000000000006,62.95,62.224999999999994,4.149316448045882,0.014303045379454244,63.390654679440935
2026-01-16,6.9681,66.97,59.4,61.66,64.22200000000001,63.720666666666666,60.84533333333333,60.22266666666667,63.13,62.36533333333333,4.152946724391727,0.013144923075203124,63.62119848934836
2026-01-19,6.9681,66.91,59.4,61.66,64.96300000000001,64.38266666666667,61.56633333333333,60.81566666666667,63.67,62.78633333333333,4.162472354544295,0.011218720778765718,64.23012610125097
2026-01-20,6.9599,67.68,60.3,61.79,65.21000000000001,64.60333333333334,61.806666666666665,61.013333333333335,63.85,62.92666666666666,4.166802849046468,0.011021951776416536,64.50887743915169
2026-01-21,6.9637,66.72,60.38,61.85,65.45700000000001,64.824,62.047,61.211,64.03,63.067,4.170525942332784,0.008277673831703265,64.74949765546427
2026-01-22,6.97,65.46,59.24,61.41,65.70400000000001,65.04466666666667,62.28733333333333,61.40866666666667,64.21000000000001,63.20733333333333,4.17432950154775,0.002982064425319883,64.99624516584367
2026-01-23,6.9631,68.16,60.7,61.67,65.95100000000001,65.26533333333333,62.52766666666666,61.60633333333334,64.39,63.34766666666666,4.1776362201126815,0.006019886698720391,65.21152519545679
2026-01-26,6.9542,67.7,60.46,61.58,66.69200000000001,65.92733333333334,63.248666666666665,62.199333333333335,64.93,63.76866666666667,4.1867993729848925,0.005218122122043502,65.81181444072729
2026-01-27,6.9545,70.28,62.04,61.86,66.93900000000001,66.148,63.489,62.397000000000006,65.11,63.909,4.1907159108041485,0.009535499347734936,66.07007431309053
2026-01-28,6.9462,70.9,62.75,61.88,67.186,66.36866666666667,63.72933333333333,62.59466666666667,65.29,64.04933333333334,4.193920173174366,0.012396155136106903,66.28211970912335
2026-01-29,6.948,71.0,64.77,62.01,67.433,66.58933333333333,63.96966666666666,62.79233333333333,65.47,64.18966666666667,4.197107202477061,0.014002297744242758,66.49369974367848
2026-01-30,6.951,72.25,64.5,61.97,67.68,66.81,64.21,62.99,65.65,64.33,4.200229066660529,0.016535470003031683,66.70160840578028
2026-02-02,6.9463,67.72,61.6,65.02,68.04642857142858,67.1282142857143,64.44142857142856,63.17107142857143,66.08714285714287,64.72964285714285,4.205224838617881,0.00947091089181813,67.0356681790067
2026-02-03,6.9377,70.01,62.62,66.11,68.16857142857144,67.23428571428572,64.51857142857142,63.23142857142857,66.23285714285714,64.86285714285714,4.2072639169161095,0.011146507065626287,67.17249861177082
2026-02-04,6.9415,71.15,64.56,68.1,68.29071428571429,67.34035714285714,64.59571428571428,63.291785714285716,66.37857142857143,64.99607142857143,4.208626363648428,0.015768997125324813,67.2640799361776
2026-02-05,6.9378,69.87,62.9,66.52,68.41285714285715,67.44642857142857,64.67285714285714,63.35214285714286,66.52428571428572,65.12928571428571,4.21026274043824,0.013722992430619902,67.37423942200468
2026-02-06,6.9388,70.45,63.77,67.18,68.535,67.55250000000001,64.75,63.4125,66.67,65.2625,4.211840970751347,0.01429819928960905,67.48065544138834
2026-02-09,6.92,71.19,64.53,67.79,68.90142857142857,67.87071428571429,64.98142857142857,63.59357142857143,67.10714285714286,65.66214285714285,4.2160121171551594,0.01616465148716846,67.76271498152775
2026-02-10,6.9106,71.01,64.2,67.38,69.02357142857143,67.97678571428571,65.05857142857143,63.65392857142857,67.25285714285715,65.79535714285714,4.217961314050479,0.015841146754175972,67.89492666663115
2026-02-11,6.9125,71.52,64.8,67.68,69.14571428571429,68.08285714285715,65.13571428571429,63.714285714285715,67.39857142857143,65.92857142857143,4.219536173717924,0.016745420435629647,68.00193588839942
2026-02-12,6.901,69.8,63.08,66.82,69.26785714285714,68.18892857142858,65.21285714285715,63.77464285714286,67.54428571428572,66.06178571428572,4.221362666896573,0.012481201205172389,68.12625445938406
2026-02-13,6.908,69.96,63.05,67.05,69.39,68.295,65.28999999999999,63.83500000000001,67.69,66.19500000000001,4.223123125290726,0.010597732968681233,68.24629352679904
2026-02-16,6.908,70.81,63.05,67.05,69.75642857142857,68.61321428571429,65.52142857142857,64.01607142857144,68.12714285714286,66.59464285714286,4.227391698665958,0.010878070490304247,68.53823047216693
2026-02-17,6.9031,69.77,62.53,66.91,69.87857142857143,68.71928571428572,65.59857142857143,64.07642857142858,68.27285714285715,66.72785714285715,4.229504236605288,0.008185523660366437,68.68317312886019
2026-02-18,6.9031,71.78,65.33,68.06,70.00071428571428,68.82535714285714,65.67571428571429,64.13678571428572,68.41857142857144,66.86107142857144,4.230927820690595,0.012049205965361624,68.78101903046453
2026-02-19,6.9031,73.17,66.66,68.5,70.12285714285714,68.93142857142857,65.75285714285714,64.19714285714286,68.56428571428572,66.99428571428571,4.232122667698652,0.0169904990362734,68.86325094275814
2026-02-20,6.9031,72.75,66.69,68.5,70.245,69.0375,65.83,64.25750000000001,68.71000000000001,67.1275,4.233495792787507,0.01836013912186191,68.95787374993563
2026-02-23,6.9031,71.9,66.36,68.38,70.61142857142856,69.35571428571428,66.06142857142858,64.43857142857144,69.14714285714287,67.52714285714286,4.237757301575977,0.01675200084832346,69.25236537861194
2026-02-24,6.883,71.21,65.62,68.23,70.73357142857142,69.46178571428571,66.13857142857144,64.49892857142858,69.29285714285714,67.66035714285715,4.239884938590662,0.013814892225730561,69.3998661329356
2026-02-25,6.8692,70.69,65.3,68.32,70.85571428571428,69.56785714285715,66.21571428571428,64.55928571428572,69.43857142857144,67.79357142857143,4.241708719909336,0.011028146127337659,69.52655180066945
2026-02-26,6.8409,71.66,65.1,68.34,70.97785714285713,69.67392857142858,66.29285714285714,64.61964285714286,69.58428571428571,67.92678571428571,4.243293953078489,0.011266446689586386,69.63685500176821
2026-02-27,6.8579,71.32,66.96,68.4,71.1,69.78,66.37,64.68,69.73,68.06,4.2448564564351665,0.010958224848727728,69.74574787204023
2026-03-02,6.8821,77.24,71.13,76.53,72.47999999999999,70.846875,67.79875,65.53031250000001,72.4975,70.13187500000001,4.25740701491536,0.027751073453945247,70.62661206571633
2026-03-03,6.8996,83.28,74.48,80.39,72.94,71.2025,68.275,65.81375,73.42,70.8225,4.26219437451315,0.048164787594374925,70.96553768694727
2026-03-04,6.8969,81.56,74.58,81.11,73.39999999999999,71.558125,68.75125,66.0971875,74.3425,71.513125,4.26665871713093,0.055020151327640245,71.28306039896293
2026-03-05,6.8912,88.59,80.88,89.31,73.86,71.91375,69.2275,66.38062500000001,75.265,72.20375,4.270364773114158,0.0751464770702311,71.54772954786621
2026-03-06,6.8965,95.74,90.77,99.14,74.32,72.269375,69.70375,66.6640625,76.1875,72.894375,4.273412152206783,0.10199877700629595,71.76609515542062
2026-03-09,6.9066,94.35,94.65,107.55,75.69999999999999,73.33625,71.13250000000001,67.514375,78.955,74.96625,4.2855908479402,0.1167873569074954,72.6454564602546
2026-03-10,6.8766,89.84,83.71,105.13,76.16,73.691875,71.60875,67.7978125,79.8775,75.656875,4.2916909491923265,0.11274933838457936,73.08995546627848
2026-03-11,6.8655,90.98,86.8,113.55,76.61999999999999,74.0475,72.08500000000001,68.08125000000001,80.8,76.3475,4.296647683475234,0.11597461238128919,73.45314232104039
2026-03-12,6.8689,102.38,95.61,123.06,77.08,74.403125,72.56125,68.3646875,81.7225,77.03812500000001,4.300128412092915,0.13876798092988687,73.70925825202067
2026-03-13,6.8961,103.23,98.48,127.86,77.53999999999999,74.75874999999999,73.03750000000001,68.64812500000001,82.64500000000001,77.72875,4.303752568279664,0.15276051543494545,73.97687676906774
2026-03-16,6.8955,101.04,93.39,129.9,78.91999999999999,75.825625,74.46625,69.49843750000001,85.4125,79.800625,4.316393367929056,0.15569185597461138,74.91793900560809
2026-03-17,6.8863,108.39,96.01,122.84,79.38,76.18125,74.9425,69.781875,86.33500000000001,80.49125,4.321761927584692,0.1635431059734557,75.32122198620777
2026-03-18,6.8726,118.09,96.12,136.42,79.83999999999999,76.536875,75.41875,70.0653125,87.2575,81.18187499999999,4.325319548369811,0.1835186178382643,75.58966355462697
2026-03-19,6.8998,111.05,96.11,137.82,80.3,76.8925,75.895,70.34875,88.18,81.8725,4.329662982282348,0.18457631640602085,75.91869631148639
2026-03-20,6.8857,118.42,98.71,134.07,80.75999999999999,77.248125,76.37125,70.6321875,89.1025,82.563125,4.333791893569186,0.19274557143885,76.2328058926239
2026-03-23,6.8807,103.79,89.33,131.97,82.13999999999999,78.315,77.8,71.4825,91.87,84.63499999999999,4.34742996050272,0.17505826249760909,77.27959587290546
2026-03-24,6.8918,108.42,93.18,133.6,82.6,78.670625,78.27625,71.7659375,92.7925,85.325625,4.3536662209187345,0.1724168991320043,77.76303742452868
2026-03-25,6.9011,109.14,91.51,130.93,83.05999999999999,79.02625,78.7525,72.049375,93.715,86.01625,4.358663225819546,0.17011311029542836,78.15259219659352
2026-03-26,6.9107,113.39,96.18,129.99,83.52,79.381875,79.22875,72.3328125,94.6375,86.706875,4.363066935418444,0.17423166432566736,78.49751242387644
2026-03-27,6.9116,121.47,101.26,128.49,83.97999999999999,79.7375,79.705,72.61625000000001,95.56,87.3975,4.366851820672208,0.18564212376725842,78.79517946355244
2026-03-30,6.9119,121.88,104.69,128.51,85.35999999999999,80.804375,81.13374999999999,73.4665625,98.3275,89.469375,4.378562840795213,0.19141137400520944,79.72337585079877
2026-03-31,6.898,126.69,102.86,128.52,85.82,81.16,81.61,73.75,99.25,90.16,4.383606010469469,0.19807470979869882,80.12644989331243
2026-04-01,6.872,119.56,101.9,105.13,86.08766666666666,81.40033333333334,81.867,73.97866666666667,99.09866666666667,89.95566666666666,4.387645046374932,0.18303499350944474,80.45073796612931
2026-04-02,6.8856,127.61,113.23,117.25,86.35533333333332,81.64066666666666,82.124,74.20733333333334,98.94733333333333,89.75133333333333,4.390390492846599,0.19082903857065525,80.67191463624955
2026-04-03,6.8824,127.61,113.23,117.25,86.62299999999999,81.881,82.381,74.436,98.79599999999999,89.547,4.393000456989666,0.19397240199470583,80.88274044502619
2026-04-06,6.8778,127.61,114.01,120.43,87.42599999999999,82.602,83.152,75.122,98.342,88.934,4.40066007279272,0.19547157272450877,81.50464991513455
2026-04-07,6.8567,138.21,114.58,119.05,87.69366666666666,82.84233333333333,83.40899999999999,75.35066666666667,98.19066666666666,88.72966666666666,4.403532974911193,0.20584454308072517,81.73914147090221
2026-04-08,6.8287,122.11,96.17,104.15,87.96133333333333,83.08266666666667,83.666,75.57933333333334,98.03933333333333,88.52533333333334,4.407626223387311,0.18388544976551968,82.07440577912273
2026-04-09,6.8314,119.03,99.62,102.7,88.229,83.323,83.923,75.80799999999999,97.888,88.321,4.411778384785126,0.16884739368520102,82.41590043839184
2026-04-10,6.8278,119.07,98.34,100.75,88.49666666666666,83.56333333333333,84.17999999999999,76.03666666666666,97.73666666666666,88.11666666666666,4.415491562664999,0.15975833360112027,82.722494203174
2026-04-13,6.8303,123.28,100.72,105.53,89.29966666666667,84.28433333333334,84.951,76.72266666666667,97.28266666666667,87.50366666666666,4.423265416394368,0.1612872448412001,83.36807283900701
2026-04-14,6.8157,118.69,93.07,103.01,89.56733333333332,84.52466666666666,85.208,76.95133333333334,97.13133333333333,87.29933333333334,4.427261367307975,0.1531937054686696,83.70187404828975
2026-04-15,6.818,114.93,93.04,105.51,89.835,84.765,85.465,77.18,96.97999999999999,87.095,4.430814965106837,0.14509745974590807,83.99984596627719
2026-04-16,6.8208,116.63,96.46,104.93,90.10266666666666,85.00533333333334,85.722,77.40866666666666,96.82866666666666,86.89066666666666,4.433918907837807,0.1428788434708048,84.26098174315655
2026-04-17,6.817,98.63,85.91,100.45,90.37033333333332,85.24566666666666,85.979,77.63733333333333,96.67733333333334,86.68633333333334,4.438579456762897,0.11373867941397715,84.65460069877331
2026-04-20,6.8172,103.4,91.06,101.65,91.17333333333333,85.96666666666667,86.75,78.32333333333334,96.22333333333333,86.07333333333334,4.447071310578651,0.10622701592582708,85.37653613953172
2026-04-21,6.8208,106.14,93.64,102.88,91.44099999999999,86.20700000000001,87.00699999999999,78.55199999999999,96.072,85.869,4.450716376194458,0.10609161298352768,85.68830708338893
2026-04-22,6.8275,113.44,94.76,105.1,91.70866666666666,86.44733333333333,87.264,78.78066666666666,95.92066666666666,85.66466666666666,4.452978633200002,0.11581774474206867,85.8823754899206
2026-04-23,6.826,113.25,99.27,106.05,91.97633333333333,86.68766666666667,87.521,79.00933333333333,95.76933333333332,85.46033333333334,4.455249099914855,0.12090346059727299,86.07759009513349
2026-04-24,6.8359,111.86,98.42,105.99,92.244,86.928,87.77799999999999,79.238,95.618,85.256,4.457865304711918,0.12089794049531195,86.30308153654013
2026-04-27,6.8228,113.89,99.89,105.97,93.047,87.649,88.54899999999999,79.924,95.16399999999999,84.643,4.465111078654421,0.12235221336685585,86.93068514701055
2026-04-28,6.8374,117.62,103.45,105.55,93.31466666666667,87.88933333333334,88.806,80.15266666666666,95.01266666666666,84.43866666666666,4.468155254437458,0.12692878539570407,87.19572063617302
2026-04-29,6.8375,124.16,110.47,105.69,93.58233333333332,88.12966666666667,89.06299999999999,80.38133333333333,94.86133333333333,84.23433333333334,4.470208601463323,0.13724063384369284,87.37494765447003
2026-04-30,6.8273,124.24,108.64,105.7,93.85,88.37,89.32,80.61,94.71,84.03,4.472440807349485,0.14151195912023412,87.57020437244883
