date,usd_cny,brent,wti,dubai,brent_m1,wti_m1,dubai_m1,state_x,state_delta,state_space_multifutures_index_usd
2016-01-29,6.5752,33.14,33.66,26.81,34.74,33.62,26.81,3.3693018076176457,0.029187284050241565,29.058231737558682
2016-02-01,6.5778,32.45,31.62,29.95,34.859032258064516,33.63258064516129,27.050967741935484,3.3748376946729643,0.028233411124173484,29.219540909205552
2016-02-02,6.5795,30.98,29.9,28.48,34.898709677419355,33.63677419354838,27.131290322580643,3.376960833722359,0.027759705949163143,29.281643960893746
2016-02-03,6.5765,32.38,32.29,30.93,34.93838709677419,33.640967741935484,27.211612903225806,3.3790756427303914,0.027375905806690908,29.343634571358965
2016-02-04,6.5638,32.76,31.63,30.4,34.97806451612903,33.64516129032258,27.291935483870965,3.3810036996541717,0.027007710693930403,29.40026534529776
2016-02-05,6.571,32.35,30.86,30.07,35.01774193548387,33.64935483870968,27.372258064516128,3.382910847629347,0.026642627692995267,29.45638950334656
2016-02-08,6.571,31.64,29.71,30.07,35.13677419354839,33.66193548387096,27.613225806451613,3.388341168509972,0.025693926990294148,29.616782248226823
2016-02-09,6.571,30.15,27.96,30.07,35.17645161290323,33.66612903225806,27.693548387096772,3.390479904599274,0.02521563323194437,29.680192514011154
2016-02-10,6.571,29.64,27.54,27.47,35.21612903225807,33.67032258064516,27.773870967741935,3.392313364055104,0.02484514301399177,29.734659860204275
2016-02-11,6.571,28.82,26.19,26.91,35.255806451612905,33.674516129032256,27.854193548387098,3.394157750862468,0.02448305816767931,29.789552680807937
2016-02-12,6.571,31.8,29.32,28.94,35.29548387096774,33.678709677419356,27.934516129032257,3.3962215535096125,0.024132906802840092,29.85109592319695
2016-02-16,6.5154,31.09,29.05,28.51,35.454193548387096,33.69548387096774,28.255806451612905,3.4032748612290424,0.022926482304087198,30.06238917068136
2016-02-17,6.527,33.21,30.68,29.57,35.493870967741934,33.699677419354835,28.336129032258064,3.4056362637463633,0.022415372554054413,30.133462455435755
2016-02-18,6.5163,33.2,30.77,29.55,35.53354838709677,33.703870967741935,28.416451612903227,3.4075554440176643,0.022037487160273594,30.191349532186322
2016-02-19,6.5202,31.66,29.59,29.18,35.57322580645161,33.708064516129035,28.496774193548386,3.409373824223406,0.021681450389515668,30.246298828776045
2016-02-22,6.5197,33.59,31.37,29.56,35.69225806451613,33.72064516129032,28.73774193548387,3.4146870925891277,0.020780764671395644,30.407433227595572
2016-02-23,6.5263,31.9,31.84,29.3,35.73193548387097,33.72483870967742,28.818064516129034,3.416773112003877,0.020334030878220555,30.47092992831089
2016-02-24,6.529,31.5,30.35,29.35,35.77161290322581,33.729032258064514,28.898387096774194,3.4186114853857625,0.019966335391739268,30.526998396411233
2016-02-25,6.532,32.83,31.4,29.26,35.811290322580646,33.733225806451614,28.978709677419356,3.420475593345971,0.01962478114634541,30.583957089205775
2016-02-26,6.539,35.76,31.65,29.36,35.850967741935484,33.73741935483871,29.059032258064516,3.422340575123221,0.01928401314692687,30.641048832836255
2016-02-29,6.5525,35.92,32.74,29.3,35.97,33.75,29.3,3.4275099058914313,0.018401863785267324,30.799852650439064
2016-03-01,6.55,35.73,34.39,32.17,36.08709677419355,33.89806451612903,29.488387096774193,3.433394512206774,0.018027209987841224,30.98163198319903
2016-03-02,6.5499,36.38,34.57,32.1,36.204193548387096,34.046129032258065,29.676774193548386,3.4390756532575124,0.017748165489383322,31.158143924346376
2016-03-03,6.5312,35.75,34.56,32.3,36.321290322580644,34.1941935483871,29.865161290322582,3.4446922221065224,0.01748748046113955,31.33363816129444
2016-03-04,6.5064,37.61,35.91,33.65,36.43838709677419,34.34225806451613,30.053548387096775,3.450352173361584,0.017232813167520393,31.511487861462886
2016-03-07,6.5155,39.02,37.9,35.37,36.78967741935484,34.78645161290323,30.618709677419357,3.4663820586498866,0.016601911200962077,32.02068366892231
2016-03-08,6.5044,39.16,36.67,34.37,36.90677419354839,34.93451612903226,30.80709677419355,3.472358028611386,0.016265054362617905,32.21261121812937
2016-03-09,6.5105,40.26,37.62,35.26,37.023870967741935,35.08258064516129,30.995483870967742,3.4778723214488396,0.01600657814392514,32.39073164218607
2016-03-10,6.507,38.63,37.77,34.6,37.140967741935484,35.230645161290326,31.183870967741935,3.48324064666058,0.015767921709965178,32.56508319268131
2016-03-11,6.494,39.41,38.51,34.99,37.25806451612903,35.37870967741936,31.37225806451613,3.488631423300141,0.015533051007533277,32.74110831219199
2016-03-14,6.4984,38.06,37.2,34.51,37.60935483870968,35.822903225806456,31.93741935483871,3.5039156178163995,0.014943659502947314,33.24537360814536
2016-03-15,6.511,37.49,36.32,34.17,37.726451612903226,35.97096774193548,32.1258064516129,3.5096730821610085,0.01462841990162886,33.4373347357246
2016-03-16,6.5189,38.38,38.43,35.03,37.843548387096774,36.11903225806452,32.314193548387095,3.514995790502363,0.014391525756753686,33.61578641805144
2016-03-17,6.4745,39.29,40.17,35.61,37.96064516129032,36.26709677419355,32.50258064516129,3.520242525063862,0.014170655497398005,33.792623028173736
2016-03-18,6.4682,39.26,39.47,35.56,38.07774193548387,36.41516129032258,32.69096774193549,3.525398053951212,0.013948678814944045,33.967291740286896
2016-03-21,6.4812,39.91,39.91,35.68,38.42903225806452,36.85935483870968,33.256129032258066,3.540179996788052,0.013402516299203339,34.473123683983445
2016-03-22,6.4876,40.54,41.45,35.77,38.546129032258065,37.00741935483871,33.44451612903226,3.5457825754182353,0.013114414693236692,34.666804118364865
2016-03-23,6.5035,38.84,38.28,35.31,38.663225806451614,37.15548387096774,33.63290322580645,3.550783385531205,0.01288154454174516,34.84060042194779
2016-03-24,6.5124,38.33,38.14,35.23,38.78032258064516,37.303548387096775,33.821290322580644,3.555782098867187,0.01266988458247356,35.015194605496895
2016-03-25,6.5131,38.33,38.14,35.23,38.89741935483871,37.45161290322581,34.00967741935484,3.5607617787521813,0.01246364813564378,35.18999392686413
2016-03-28,6.5051,38.33,37.99,35.22,39.248709677419356,37.895806451612906,34.57483870967742,3.5750062392415893,0.011952508634747044,35.694843523713345
2016-03-29,6.5063,36.75,36.91,35.11,39.365806451612904,38.04387096774194,34.763225806451615,3.5803501486668177,0.011675094715077897,35.88610411894248
2016-03-30,6.4648,36.75,36.91,35.18,39.48290322580645,38.19193548387097,34.95161290322581,3.585243987014812,0.01146361644403105,36.06215534319241
2016-03-31,6.448,36.75,36.94,35.14,39.6,38.34,35.14,3.5900791360975925,0.011266771788335737,36.2369434633065
2016-04-01,6.4776,36.42,35.36,34.74,39.894137931034486,38.60137931034483,35.27413793103448,3.595008981317369,0.011543125489714765,36.41602705030659
2016-04-04,6.4776,36.05,34.3,34.05,40.77655172413793,39.38551724137931,35.67655172413793,3.6091109562762123,0.012539424944643062,36.933202982206744
2016-04-05,6.476,35.88,34.52,34.15,41.070689655172416,39.64689655172414,35.81068965517242,3.6142016817739284,0.012998752866711972,37.12169916442043
2016-04-06,6.478,37.77,37.74,35.73,41.3648275862069,39.90827586206897,35.9448275862069,3.6190486348730158,0.013385314750335494,37.30206305377847
2016-04-07,6.4599,37.15,37.3,35.39,41.658965517241384,40.1696551724138,36.07896551724138,3.6237410669547505,0.013749994133806683,37.47751176982638
2016-04-08,6.4628,40.71,39.74,37.14,41.95310344827586,40.431034482758626,36.21310344827586,3.6285436111333347,0.014110289527286584,37.657932067254784
2016-04-11,6.458,41.58,40.46,37.73,42.835517241379314,41.215172413793105,36.61551724137931,3.6421986433200426,0.0150582515427656,38.175679223863284
2016-04-12,6.4639,43.02,42.12,39.03,43.1296551724138,41.476551724137934,36.749655172413796,3.6471778080790815,0.015489373599504376,38.3662362341904
2016-04-13,6.4768,42.81,41.7,38.64,43.423793103448276,41.73793103448276,36.883793103448276,3.6517357904926344,0.015844105854926276,38.54150800359922
2016-04-14,6.481,43.02,41.45,38.49,43.71793103448276,41.99931034482759,37.01793103448276,3.656277875447215,0.016183136431186677,38.71696497581855
2016-04-15,6.473,41.32,40.4,38.04,44.012068965517244,42.26068965517241,37.152068965517245,3.6607659923994964,0.016515429773711877,38.89112176835447
2016-04-18,6.4717,41.64,39.74,37.94,44.89448275862069,43.0448275862069,37.55448275862069,3.6739079579884213,0.01739796969300171,39.40560078041336
2016-04-19,6.4571,43.02,40.88,38.32,45.188620689655174,43.30620689655173,37.688620689655174,3.6786929132726325,0.01780072032940871,39.59460664979196
2016-04-20,6.4675,43.09,42.72,38.93,45.48275862068966,43.56758620689655,37.822758620689655,3.683154604444774,0.018136212433395135,39.77166024225855
2016-04-21,6.481,43.48,43.18,38.57,45.77689655172414,43.82896551724138,37.95689655172414,3.6875525856236275,0.01845632068698054,39.94696045641891
2016-04-22,6.5004,43.97,42.76,38.76,46.07103448275862,44.09034482758621,38.09103448275862,3.6919350571599328,0.018767045961488937,40.12241104637993
2016-04-25,6.49,42.97,41.67,38.63,46.95344827586207,44.874482758620694,38.49344827586207,3.704630152847323,0.019592123262466652,40.635015792477034
2016-04-26,6.4905,43.94,42.52,38.8,47.24758620689656,45.13586206896552,38.62758620689655,3.709250800571839,0.019968162531314,40.82321034125561
2016-04-27,6.494,44.17,45.29,38.97,47.54172413793104,45.397241379310344,38.76172413793103,3.7135701576499844,0.020286093423096785,40.999921728847454
2016-04-28,6.4735,45.6,46.03,39.0,47.83586206896552,45.65862068965517,38.89586206896552,3.717848577932112,0.020586065204224166,41.1757124105947
2016-04-29,6.4738,45.64,45.98,39.03,48.13,45.92,39.03,3.722089553501543,0.020878737759804932,41.35070841558497
2016-05-02,6.4738,45.82,44.75,42.45,48.276250000000005,46.218125,39.52125,3.7320181093592653,0.020293040623266197,41.76330609403971
2016-05-03,6.49,43.09,43.65,41.88,48.325,46.3175,39.685,3.735757432173358,0.01996285274960001,41.919764920030296
2016-05-04,6.4945,43.08,43.77,41.8,48.37375,46.416875000000005,39.84875,3.739194429183799,0.01969509043316855,42.064090908658294
2016-05-05,6.5032,44.39,44.33,41.92,48.4225,46.51625,40.0125,3.7426149242357694,0.0194408460597221,42.208217274717356
2016-05-06,6.497,44.6,44.58,42.28,48.471250000000005,46.615625,40.17625,3.7460138609197955,0.01918899882525928,42.35192442017268
2016-05-09,6.514,42.43,43.45,40.97,48.6175,46.91375,40.667500000000004,3.755621456929955,0.018548808226011404,42.76078554147368
2016-05-10,6.515,44.01,44.68,42.35,48.66625,47.013125,40.831250000000004,3.7593858919873555,0.018219064007910124,42.922059103122436
2016-05-11,6.491,46.08,46.21,43.67,48.715,47.112500000000004,40.995000000000005,3.7628106047650305,0.017959896488892887,43.06930682403452
2016-05-12,6.514,46.43,46.64,43.98,48.76375,47.211875,41.158750000000005,3.766144707525748,0.01771509291049507,43.21314396948659
2016-05-13,6.5285,47.05,46.22,43.7,48.8125,47.31125,41.322500000000005,3.7694396929103817,0.01747328053433018,43.355765486160664
2016-05-16,6.5184,48.49,47.72,44.27,48.95875,47.609375,41.81375,3.7789133677829865,0.016861846939231255,43.76845567195934
2016-05-17,6.517,48.71,48.29,44.48,49.0075,47.70875,41.9775,3.7825412969313312,0.016547117160684736,43.92753291407196
2016-05-18,6.537,48.93,48.12,44.32,49.05625,47.808125000000004,42.14125,3.7858121282843493,0.01629843584069665,44.07144769817799
2016-05-19,6.544,47.01,48.16,44.33,49.105,47.9075,42.305,3.7890338525746627,0.016064029560587393,44.21366271751749
2016-05-20,6.5485,48.54,47.67,44.28,49.15375,48.006875,42.46875,3.7922588569662414,0.015831332176860953,44.356482146808
2016-05-23,6.5533,47.77,48.12,44.16,49.3,48.305,42.96,3.801463701382538,0.015244377208358546,44.76666158661079
2016-05-24,6.5552,48.42,48.04,44.21,49.348749999999995,48.404375,43.12375,3.8049948206967135,0.014940808122703125,44.925017432120434
2016-05-25,6.5538,48.87,49.1,44.39,49.3975,48.503750000000004,43.2875,3.808210042253387,0.014704336335708746,45.06969377521622
2016-05-26,6.554,49.52,49.0,44.34,49.44625,48.603125,43.45125,3.811371871928228,0.014478973074559861,45.21242199268095
2016-05-27,6.5615,49.09,49.36,44.31,49.495,48.7025,43.615,3.8145167283643318,0.014258146800165369,45.35483238171941
2016-05-31,6.5798,49.26,49.1,44.27,49.69,49.1,44.27,3.826423562378305,0.013522459032339866,45.8980926794412
2016-06-01,6.5748,48.81,49.07,45.96,49.68966666666667,49.074333333333335,44.336333333333336,3.8278482060064154,0.013148500766319715,45.96352770444781
2016-06-02,6.5815,49.05,49.14,46.36,49.68933333333333,49.04866666666667,44.40266666666667,3.828687294838761,0.012866166855845386,46.00211137253852
2016-06-03,6.5638,48.5,48.69,46.03,49.689,49.023,44.469,3.829452985860294,0.012602209650607621,46.037348264752474
2016-06-06,6.5611,48.94,49.71,46.54,49.687999999999995,48.946,44.668,3.831625559089987,0.011921473075288928,46.13747650373991
2016-06-07,6.571,49.76,50.37,47.29,49.687666666666665,48.92033333333333,44.73433333333333,3.832567026593299,0.01158448802114229,46.18093389220261
2016-06-08,6.56,50.73,51.23,48.2,49.687333333333335,48.894666666666666,44.80066666666667,3.8333919632446865,0.011311751152038649,46.219045955022985
2016-06-09,6.559,50.59,50.52,47.9,49.687,48.869,44.867000000000004,3.8341483361635453,0.011049926828619534,46.25401801401073
2016-06-10,6.559,49.7,49.09,46.96,49.68666666666667,48.843333333333334,44.93333333333334,3.8348711387303673,0.010790142606451808,46.287462622425416
2016-06-13,6.5823,49.36,48.89,46.93,49.68566666666666,48.766333333333336,45.132333333333335,3.836981241528559,0.010112652700543954,46.3852370475916
2016-06-14,6.593,47.88,48.49,46.64,49.68533333333333,48.74066666666667,45.19866666666667,3.837858797188258,0.009777945717140501,46.425960540841736
2016-06-15,6.5785,47.47,47.92,46.2,49.685,48.715,45.265,3.838616447039519,0.00950686401991307,46.46114849132964
2016-06-16,6.5899,45.66,46.14,45.37,49.684666666666665,48.68933333333333,45.33133333333333,3.839322272813186,0.00924543894670083,46.49395354337267
2016-06-17,6.5849,46.57,48.0,46.14,49.684333333333335,48.663666666666664,45.397666666666666,3.8401193094642783,0.008991652153568428,46.53102570037229
2016-06-20,6.5768,48.68,49.4,46.69,49.68333333333333,48.586666666666666,45.596666666666664,3.842251162345099,0.008321515246884416,46.630328813763974
2016-06-21,6.5893,48.18,48.95,46.61,49.683,48.561,45.663,3.843130200170152,0.007988583596093751,46.671336657668306
2016-06-22,6.575,48.43,49.16,46.38,49.68266666666666,48.535333333333334,45.72933333333333,3.843895987084679,0.007720620693927078,46.707090644784714
2016-06-23,6.574,48.63,49.34,46.63,49.68233333333333,48.50966666666667,45.79566666666667,3.8446531097542356,0.007463429951849272,46.7424670323835
2016-06-24,6.615,46.69,46.7,46.16,49.682,48.484,45.862,3.845344339255134,0.007202882408707863,46.77478797384827
2016-06-27,6.6481,45.07,45.8,46.03,49.681,48.407,46.061,3.8473759565073924,0.006531920565517538,46.86991303620677
2016-06-28,6.645,46.29,47.93,46.19,49.68066666666667,48.38133333333333,46.12733333333333,3.8482877458829834,0.0062065799220169336,46.91266801375313
2016-06-29,6.635,48.4,49.85,46.31,49.68033333333333,48.355666666666664,46.193666666666665,3.8490842090767288,0.005944539134428853,46.950047110707985
2016-06-30,6.6459,48.05,48.27,46.26,49.68,48.33,46.26,3.8498032237894173,0.005685783416325744,46.98381702441954
2016-07-01,6.6547,47.65,49.02,45.77,49.43103448275862,48.097931034482755,46.13068965517241,3.846487786915434,0.005420449099260556,46.82830308575195
2016-07-04,6.6547,48.02,49.02,45.77,48.684137931034485,47.40172413793103,45.742758620689656,3.8361317666216372,0.0047076745218523975,46.34585068390032
2016-07-05,6.677,45.64,46.73,44.02,48.435172413793104,47.16965517241379,45.61344827586207,3.8322479970223773,0.004375212006771284,46.16620315857296
2016-07-06,6.69,45.7,47.37,44.73,48.186206896551724,46.93758620689655,45.48413793103448,3.828692827736955,0.004095347736042648,46.0023658982416
2016-07-07,6.679,45.93,45.22,42.73,47.93724137931034,46.70551724137931,45.354827586206895,3.8250365739127,0.0038213549383604543,45.834476681827375
2016-07-08,6.6878,44.53,45.37,43.14,47.68827586206896,46.47344827586207,45.22551724137931,3.821430593926887,0.003547540719435232,45.66949611333793
2016-07-11,6.6917,44.04,44.73,42.84,46.94137931034483,45.77724137931035,44.837586206896546,3.810755378740267,0.002796007946822915,45.184557432549525
2016-07-12,6.686,46.72,46.82,44.29,46.69241379310345,45.545172413793104,44.708275862068966,3.806928666544691,0.0024477370798583337,45.01197954911485
2016-07-13,6.6832,44.67,44.87,42.82,46.44344827586207,45.31310344827586,44.57896551724138,3.8031846572853554,0.00215084550894302,44.843769367632376
2016-07-14,6.6801,46.01,45.64,43.52,46.19448275862069,45.08103448275862,44.44965517241379,3.7995294011828884,0.00186241209597007,44.68015311781314
2016-07-15,6.6865,46.25,45.93,43.67,45.945517241379314,44.84896551724138,44.320344827586204,3.7958348367287544,0.001573627755858003,44.51538397483041
2016-07-18,6.7013,45.35,45.23,43.18,45.19862068965517,44.15275862068965,43.93241379310344,3.784846583440175,0.0007797609300419482,44.0289152758626
2016-07-19,6.6931,45.7,44.64,43.06,44.94965517241379,43.92068965517242,43.80310344827586,3.7808241396176876,0.00040777833836426854,43.85216715560872
2016-07-20,6.676,45.82,44.96,43.27,44.70068965517241,43.688620689655174,43.673793103448276,3.7770537428476727,9.485830657643028e-05,43.687138393665094
2016-07-21,6.6735,44.99,43.96,43.18,44.45172413793104,43.45655172413793,43.54448275862069,3.7732391210253833,-0.00021310726903248035,43.520805931611626
2016-07-22,6.676,44.24,43.41,42.77,44.20275862068966,43.22448275862069,43.4151724137931,3.769403913834658,-0.0005200906911186729,43.354214284694706
2016-07-25,6.6783,43.76,42.4,42.59,43.455862068965516,42.528275862068966,43.02724137931034,3.758095580848959,-0.0013628050971113519,42.866712007344816
2016-07-26,6.669,43.56,42.16,42.56,43.20689655172414,42.29620689655172,42.89793103448276,3.7539590000889396,-0.0017569152867848844,42.689756638624715
2016-07-27,6.668,42.78,41.9,42.51,42.95793103448276,42.06413793103448,42.76862068965517,3.7500561750705055,-0.0020895958657576614,42.523470691933944
2016-07-28,6.6538,41.87,41.13,42.51,42.70896551724138,41.832068965517244,42.639310344827585,3.7461303034966984,-0.002415886114138882,42.3568562745223
2016-07-29,6.6371,40.76,41.54,42.51,42.46,41.6,42.51,3.742198354571159,-0.0027395206597905157,42.190638273496944
2016-08-01,6.6421,40.17,40.05,38.92,42.876363636363635,41.88181818181818,42.61818181818182,3.745899582179512,-0.0023285376538299167,42.34708477214106
2016-08-02,6.6239,40.0,39.5,38.68,43.015151515151516,41.97575757575758,42.654242424242426,3.747293012335,-0.0021143504901230932,42.40613360771931
2016-08-03,6.632,40.45,40.8,39.76,43.153939393939396,42.06969696969697,42.69030303030303,3.748675688475288,-0.0019282933767501992,42.46480811143093
2016-08-04,6.6388,41.33,41.92,40.86,43.29272727272728,42.163636363636364,42.72636363636364,3.750061499079144,-0.0017484466907263063,42.52369708786191
2016-08-05,6.653,42.47,41.83,40.72,43.43151515151515,42.25757575757576,42.76242424242424,3.751401661757167,-0.001570607874017448,42.58072396374077
2016-08-08,6.6597,43.24,43.06,41.62,43.84787878787879,42.53939393939394,42.87060606060606,3.755371339359997,-0.0010960635157272129,42.750091655124734
2016-08-09,6.653,43.37,42.78,41.17,43.986666666666665,42.63333333333333,42.906666666666666,3.7567517758516678,-0.000872936553288201,42.809146192809266
2016-08-10,6.6345,42.19,41.75,40.7,44.125454545454545,42.72727272727273,42.942727272727275,3.758033489329553,-0.0006910675354734551,42.86405043069586
2016-08-11,6.6274,44.23,43.51,41.97,44.264242424242425,42.82121212121212,42.97878787878788,3.759419981561038,-0.000513663338739571,42.92352232275897
2016-08-12,6.6324,45.12,44.47,42.52,44.403030303030306,42.915151515151514,43.014848484848486,3.7607720506610893,-0.00033801021265069515,42.981597142694525
2016-08-15,6.637,47.31,45.72,43.27,44.81939393939394,43.1969696969697,43.123030303030305,3.7647024983450814,0.00012686667695096057,43.150866495895
2016-08-16,6.624,48.27,46.57,43.84,44.95818181818182,43.290909090909096,43.15909090909091,3.7661114577187513,0.0003457044781668162,43.21170716467676
2016-08-17,6.6328,48.58,46.81,44.16,45.096969696969694,43.38484848484849,43.195151515151515,3.7674269630739228,0.0005251098675016427,43.26858980336269
2016-08-18,6.6297,49.46,48.2,44.5,45.235757575757575,43.478787878787884,43.231212121212124,3.768760143962671,0.0007002835942886248,43.32631312963968
2016-08-19,6.6515,49.39,48.48,44.45,45.374545454545455,43.57272727272728,43.267272727272726,3.7700647746685494,0.0008723515289947739,43.3828748561811
2016-08-22,6.6475,48.1,46.8,43.81,45.79090909090909,43.85454545454546,43.375454545454545,3.7738575774708716,0.0013238341382791731,43.54772997937013
2016-08-23,6.6378,48.7,47.54,43.96,45.92969696969697,43.94848484848485,43.411515151515154,3.7752337284156012,0.0015384483549725823,43.60769948320261
2016-08-24,6.6562,47.56,46.29,43.7,46.06848484848485,44.04242424242425,43.44757575757576,3.7764931495214684,0.0017118590140733209,43.662654538824654
2016-08-25,6.656,49.25,46.97,43.82,46.20727272727272,44.13636363636364,43.483636363636364,3.7778036499183827,0.0018816142055481,43.719911974679775
2016-08-26,6.669,49.66,47.64,43.84,46.346060606060604,44.230303030303034,43.51969696969697,3.779103115580568,0.0020506707976865315,43.776761428001166
2016-08-29,6.6775,49.66,46.97,43.74,46.762424242424245,44.512121212121215,43.62787878787879,3.7828859840820193,0.002494077539543812,43.942676780026936
2016-08-30,6.6778,47.94,46.32,43.72,46.90121212121212,44.60606060606061,43.663939393939394,3.784212642946907,0.002701460716097362,44.00101240890764
2016-08-31,6.6776,47.94,44.68,43.7,47.04,44.7,43.7,3.785466090991565,0.0028687538527009827,44.056199972020515
2016-09-01,6.6713,45.05,43.17,41.89,47.10733333333333,44.818000000000005,43.690000000000005,3.7862292511846163,0.0032014737111293115,44.089834742822916
2016-09-02,6.679,45.96,44.39,43.17,47.17466666666667,44.936,43.68,3.787072407627984,0.0035631728913714843,44.1270250474926
2016-09-05,6.679,46.72,44.39,43.17,47.376666666666665,45.290000000000006,43.650000000000006,3.789483843481417,0.004533602038142664,44.23356294081862
2016-09-06,6.6722,46.21,44.85,43.53,47.444,45.408,43.64,3.7902349098445858,0.005002574238394497,44.26679776128214
2016-09-07,6.66,47.0,45.47,44.12,47.51133333333333,45.526,43.63,3.7910144426841352,0.005384972445515772,44.30131863716884
2016-09-08,6.664,49.23,47.63,45.43,47.57866666666666,45.644000000000005,43.620000000000005,3.791852370891069,0.005753401496481775,44.33845551850659
2016-09-09,6.6778,48.37,45.88,44.11,47.646,45.762,43.61,3.7925665928181735,0.006114775532903412,44.37013432715509
2016-09-12,6.6788,47.82,46.28,44.89,47.848,46.116,43.58,3.794933001256153,0.0070699712209895925,44.47525651938646
2016-09-13,6.6782,46.48,44.91,43.57,47.915333333333336,46.234,43.57,3.795601348380441,0.007530585821017041,44.50499136467549
2016-09-14,6.6707,45.65,43.62,42.86,47.98266666666667,46.352000000000004,43.56,3.7962961874133536,0.007904885332960137,44.53592591585732
2016-09-15,6.6707,45.83,43.85,43.29,48.05,46.47,43.55,3.7970585512731665,0.008264402798223155,44.569891441638475
2016-09-16,6.6707,45.26,43.04,42.93,48.117333333333335,46.588,43.54,3.797787367472247,0.00861955185964374,44.60238654055126
2016-09-19,6.665,46.04,43.34,43.01,48.31933333333333,46.942,43.51,3.800098875038785,0.009560448087204554,44.70560454316404
2016-09-20,6.67,45.24,43.85,42.98,48.38666666666667,47.06,43.5,3.8008062618892375,0.010015981253802427,44.73723988785363
2016-09-21,6.6695,45.99,45.33,43.33,48.454,47.178000000000004,43.49,3.8015572012674337,0.010389622596784637,44.77084746000259
2016-09-22,6.663,47.21,46.1,43.59,48.52133333333334,47.296,43.48,3.8023158107424955,0.010745931809742959,44.804823934900774
2016-09-23,6.669,46.71,44.36,43.14,48.58866666666667,47.414,43.47,3.8030172027010187,0.011093449977703491,44.83626070157065
2016-09-26,6.6683,46.61,45.6,43.4,48.79066666666667,47.768,43.44,3.8052887215040885,0.012021598076309807,44.93822287146466
2016-09-27,6.6691,44.95,44.65,43.14,48.858000000000004,47.886,43.43,3.805951660398957,0.012466867698296073,44.968024044359304
2016-09-28,6.673,45.49,47.07,43.39,48.925333333333334,48.004000000000005,43.42,3.8066926513100277,0.012837099587637586,45.001357289755724
2016-09-29,6.665,48.43,47.72,43.4,48.99266666666667,48.122,43.41,3.8074411309975664,0.013188143998494103,45.03505250011598
2016-09-30,6.6685,48.24,47.72,43.4,49.06,48.24,43.4,3.808160260935023,0.013534042167319483,45.0674502022863
2016-10-03,6.6685,48.61,48.8,48.01,48.98645161290323,48.10645161290323,43.54709677419355,3.809240108144308,0.01293691976643859,45.116142447978106
2016-10-04,6.6685,48.81,48.67,48.15,48.96193548387097,48.06193548387097,43.59612903225806,3.8097320841806197,0.01261144592638037,45.13834396977388
2016-10-05,6.6685,49.57,49.75,48.95,48.93741935483871,48.01741935483871,43.64516129032258,3.81017609139966,0.01233724829434473,45.15839017035154
2016-10-06,6.6685,50.14,50.44,49.42,48.91290322580645,47.972903225806455,43.6941935483871,3.8105945789020605,0.012072067457077418,45.17729234715287
2016-10-07,6.6685,50.49,49.76,49.07,48.888387096774196,47.928387096774195,43.74322580645161,3.810976287994373,0.011806920187978832,45.194540222033744
2016-10-10,6.6685,51.54,49.76,49.93,48.81483870967742,47.79483870967742,43.89032258064516,3.812037244064098,0.011109028745468846,45.24251508891369
2016-10-11,6.719,50.48,50.72,49.49,48.79032258064516,47.75032258064516,43.939354838709676,3.8125296829684467,0.010770381262499499,45.264799749940764
2016-10-12,6.718,49.53,50.14,49.1,48.7658064516129,47.7058064516129,43.98838709677419,3.812914112687142,0.01049282119358478,45.28220422936065
2016-10-13,6.7248,49.29,50.47,49.28,48.741290322580646,47.66129032258065,44.03741935483871,3.813307456353668,0.010227329967293839,45.300019201074065
2016-10-14,6.7277,48.87,50.35,49.37,48.71677419354839,47.61677419354839,44.086451612903225,3.813690142654489,0.009963074014552414,45.31735821533924
2016-10-17,6.735,49.31,49.97,49.08,48.64322580645161,47.483225806451614,44.233548387096775,3.8146969527089274,0.00926785156608624,45.36300716328485
2016-10-18,6.7401,49.81,50.3,49.06,48.61870967741935,47.438709677419354,44.28258064516129,3.815192306581108,0.008927141702604913,45.38548347094037
2016-10-19,6.737,51.85,51.59,49.51,48.594193548387096,47.3941935483871,44.33161290322581,3.8156275682992504,0.008651755924028545,45.405242334281105
2016-10-20,6.7439,50.42,50.31,49.08,48.56967741935484,47.34967741935484,44.380645161290325,3.8159782868559597,0.008384257784180565,45.421169588168105
2016-10-21,6.7654,50.28,50.61,49.25,48.54516129032258,47.30516129032258,44.42967741935484,3.8163600721460957,0.008120830923141559,45.43851403329397
2016-10-24,6.7728,49.8,50.18,49.19,48.471612903225804,47.17161290322581,44.57677419354839,3.8173425702414185,0.007426005813783567,45.483179224925884
2016-10-25,6.778,49.08,49.45,49.05,48.44709677419355,47.12709677419355,44.6258064516129,3.8178072026215193,0.007083396520219276,45.50431709303242
2016-10-26,6.7706,48.98,48.75,48.96,48.42258064516129,47.08258064516129,44.674838709677424,3.8181873842894363,0.006804448565767643,45.52162028917284
2016-10-27,6.7819,49.13,49.71,49.06,48.39806451612903,47.03806451612903,44.72387096774194,3.818574047616613,0.0065409830846644085,45.53922523370619
2016-10-28,6.776,47.78,48.72,49.03,48.37354838709677,46.99354838709677,44.77290322580645,3.8189229881477242,0.006275712026388287,45.555118487884656
2016-10-31,6.7735,46.2,46.83,44.92,48.3,46.86,44.92,3.8197689702575484,0.005587145643427006,45.59367360930837
2016-11-01,6.763,45.77,46.66,44.68,48.37233333333333,46.946,44.885000000000005,3.820128656057897,0.005739742883167019,45.61007595596011
2016-11-02,6.7606,44.26,45.32,43.62,48.44466666666666,47.032,44.85,3.820268274346085,0.006041770449326264,45.61644440125458
2016-11-03,6.7612,43.84,44.66,43.13,48.516999999999996,47.118,44.815,3.8203976183026285,0.00637080299029265,45.622344994251684
2016-11-04,6.7534,43.06,44.07,42.55,48.58933333333333,47.204,44.78,3.8205153430603445,0.006704889712876516,45.62771618991772
2016-11-07,6.774,42.83,44.88,43.04,48.80633333333333,47.461999999999996,44.675,3.8210673578762187,0.007591140828788034,45.652910318395385
2016-11-08,6.784,43.47,44.96,42.97,48.87866666666667,47.548,44.64,3.8211281257807284,0.008022532941104662,45.65568463438404
2016-11-09,6.7769,43.88,45.2,43.38,48.951,47.634,44.605000000000004,3.8212591451408033,0.008373116429653132,45.661666804850135
2016-11-10,6.7987,43.67,44.62,43.04,49.02333333333333,47.72,44.57,3.821374421698318,0.008708589937041008,45.666930828013186
2016-11-11,6.7987,41.61,43.39,42.45,49.095666666666666,47.806,44.535,3.821460815637321,0.009040276382201898,45.67087634448149
2016-11-14,6.8447,41.83,43.29,42.33,49.312666666666665,48.064,44.43,3.821957913981607,0.009919026416903712,45.69358490522079
2016-11-15,6.8556,44.15,45.86,43.55,49.385,48.15,44.394999999999996,3.8220804536694777,0.010350792198526061,45.69918452593364
2016-11-16,6.877,45.07,45.56,43.37,49.45733333333333,48.236,44.36,3.8221874165995704,0.010699204224635576,45.70407290604645
2016-11-17,6.8674,44.57,45.37,43.3,49.529666666666664,48.321999999999996,44.325,3.8222999515470537,0.011032910008325675,45.709216500902365
2016-11-18,6.8873,44.41,45.69,43.48,49.602,48.408,44.29,3.8224283496175593,0.01136445830596326,45.715085852904075
2016-11-21,6.8918,45.96,47.48,44.15,49.818999999999996,48.666,44.185,3.822945627605204,0.012240340663518172,45.738739377715504
2016-11-22,6.888,46.1,48.07,44.19,49.89133333333333,48.751999999999995,44.15,3.8229892096200895,0.012667327733100368,45.74073280757443
2016-11-23,6.9195,46.54,46.72,44.15,49.96366666666667,48.838,44.114999999999995,3.823070877583124,0.013010056642396567,45.744468512592164
2016-11-24,6.9195,47.54,46.72,44.15,50.036,48.924,44.08,3.8231881212726475,0.013340957668709016,45.74983207727179
2016-11-25,6.9176,46.32,46.72,43.95,50.108333333333334,49.01,44.045,3.823286194860222,0.013670411245621697,45.75431914746248
2016-11-28,6.9055,46.64,45.66,44.02,50.32533333333333,49.268,43.94,3.8237155861998056,0.014534203737053742,45.77396987447701
2016-11-29,6.8933,44.68,45.29,43.88,50.397666666666666,49.354,43.905,3.8237156937143424,0.014955653908055262,45.773974795844445
2016-11-30,6.8837,47.95,49.41,43.87,50.47,49.44,43.87,3.823867924613808,0.01531010604599796,45.78094353961534
2016-12-01,6.883,52.28,51.08,50.86,50.65866666666667,49.58266666666666,44.14433333333333,3.82872618185792,0.01501638308691843,46.00390029230747
2016-12-02,6.883,52.35,51.7,51.03,50.84733333333333,49.72533333333333,44.41866666666667,3.833709240780663,0.014614196153146554,46.23371254660577
2016-12-05,6.8775,53.3,51.72,51.51,51.413333333333334,50.15333333333333,45.24166666666667,3.8479526638920993,0.013528216493168809,46.896951056939045
2016-12-06,6.879,52.31,50.95,51.03,51.602,50.296,45.516,3.8533893476607552,0.012974104405199334,47.1526092863042
2016-12-07,6.878,51.9,49.85,50.35,51.79066666666667,50.43866666666666,45.79033333333333,3.8582851041438357,0.012536909213397084,47.38402298926161
2016-12-08,6.8771,51.6,50.84,50.99,51.97933333333334,50.58133333333333,46.06466666666667,3.8631588070599627,0.012127120371990536,47.61552231151011
2016-12-09,6.9042,52.19,51.51,51.31,52.168,50.724,46.339,3.8679988162980576,0.011724784802101335,47.8465404934621
2016-12-12,6.9045,53.99,52.74,52.26,52.734,51.152,47.162,3.8817572548722845,0.010701746361947585,48.509383568678004
2016-12-13,6.8984,53.28,52.99,52.37,52.922666666666665,51.294666666666664,47.43633333333333,3.8870188030449317,0.010180875251008,48.76529067054708
2016-12-14,6.9025,53.15,51.01,51.41,53.111333333333334,51.43733333333333,47.71066666666667,3.891725665155361,0.009767811170339447,48.99536320459228
2016-12-15,6.941,51.72,50.9,51.52,53.3,51.58,47.985,3.8963952427899677,0.009380458077643759,49.224685860086105
2016-12-16,6.958,54.15,51.93,52.01,53.48866666666667,51.72266666666666,48.25933333333333,3.901081386273602,0.009001683976696108,49.45590113181009
2016-12-19,6.9506,53.53,52.13,51.81,54.05466666666667,52.150666666666666,49.08233333333333,3.9143112194833396,0.00803881348938343,50.11454170074683
2016-12-20,6.947,54.56,52.22,51.95,54.24333333333333,52.29333333333333,49.35666666666667,3.9193947700752667,0.007546978299871272,50.3699501497276
2016-12-21,6.939,53.01,51.44,51.7,54.432,52.436,49.631,3.9239534712313335,0.0071589377325503994,50.60009588394928
2016-12-22,6.9473,54.04,51.98,51.94,54.620666666666665,52.57866666666666,49.90533333333333,3.9284876934735204,0.006794727354996357,50.830048899231194
2016-12-23,6.9432,53.93,52.01,51.96,54.809333333333335,52.721333333333334,50.17966666666667,3.9329788667813603,0.00643658370211982,51.05884886364348
2016-12-27,6.9491,53.93,52.82,52.09,55.564,53.292,51.277,3.9499086326677304,0.005254939687896267,51.930621855684635
2016-12-28,6.9559,54.95,54.01,52.14,55.75266666666667,53.434666666666665,51.55133333333333,3.955054099847838,0.004737305587511257,52.19851779991625
2016-12-29,6.9535,54.97,53.8,52.12,55.94133333333333,53.57733333333333,51.82566666666667,3.9594814854990465,0.00436355721133778,52.43013311546173
2016-12-30,6.943,54.96,53.75,52.1,56.13,53.72,52.1,3.963830842918913,0.004019589883621723,52.658667131748764
2017-01-03,6.9575,55.05,52.36,53.16,56.0662962962963,53.58518518518518,52.34,3.965906239868253,0.0031954795797896106,52.76806825498065
2017-01-04,6.9322,54.57,53.26,54.33,56.05037037037037,53.55148148148148,52.4,3.9666311437234634,0.0028574707047053123,52.8063338988714
2017-01-05,6.887,54.99,53.77,54.76,56.034444444444446,53.51777777777778,52.46,3.9671898146586035,0.0026094816765544204,52.83584350512414
2017-01-06,6.9176,55.9,53.98,54.82,56.01851851851852,53.48407407407407,52.52,3.9677164090113064,0.0023779083182882106,52.86367388895259
2017-01-09,6.935,54.39,51.95,53.19,55.970740740740744,53.382962962962964,52.7,3.9690547920317174,0.0017754885503003712,52.9344731001448
2017-01-10,6.918,53.2,50.82,52.32,55.95481481481482,53.34925925925926,52.76,3.9696344162295576,0.0014784603298493952,52.965164095416064
2017-01-11,6.9365,53.61,52.19,53.38,55.93888888888889,53.315555555555555,52.82,3.970194600793909,0.0012395201348600075,52.99484267475557
2017-01-12,6.889,54.51,53.01,53.9,55.92296296296296,53.281851851851854,52.88,3.9707291275249985,0.0010106752201436862,53.02317740693634
2017-01-13,6.8985,54.37,52.36,53.72,55.90703703703704,53.24814814814815,52.94,3.9712250057923133,0.0007817782694873233,53.049476968427996
2017-01-16,6.8985,54.3,52.36,53.72,55.85925925925926,53.14703703703704,53.12,3.972602630873086,0.00018320156139021125,53.122609621543916
2017-01-17,6.852,54.68,52.45,53.69,55.843333333333334,53.11333333333334,53.18,3.973216103638466,-0.00011157572450772854,53.15520889413321
2017-01-18,6.836,53.77,51.12,53.11,55.827407407407414,53.07962962962963,53.24,3.973703634847103,-0.0003526842664423989,53.18113003553998
2017-01-19,6.868,53.18,51.39,53.31,55.811481481481486,53.04592592592593,53.3,3.9742075408268374,-0.0005815155192664112,53.20793507801733
2017-01-20,6.868,55.04,52.33,53.74,55.79555555555556,53.01222222222222,53.36,3.974736288133437,-0.0008073767504474719,53.23607606946066
2017-01-23,6.8514,54.8,52.77,53.64,55.74777777777778,52.91111111111111,53.54,3.976097420820106,-0.0014022689766406888,53.30858676985608
2017-01-24,6.8555,54.7,52.38,53.7,55.73185185185186,52.87740740740741,53.6,3.9766970930120458,-0.0016970262562766322,53.3405640339133
2017-01-25,6.8812,54.34,52.14,53.67,55.71592592592593,52.8437037037037,53.66,3.9772028597552036,-0.0019359781302230607,53.36754874067134
2017-01-26,6.8768,55.89,53.24,53.8,55.7,52.81,53.72,3.9777216251073377,-0.0021620600775974163,53.39524115819865
2017-01-27,6.8768,54.8,53.18,53.76,55.69666666666667,52.84636363636364,53.74181818181818,3.978267087971851,-0.0021722851242111287,53.42437422417266
2017-01-30,6.8768,54.77,52.63,53.74,55.68666666666667,52.95545454545455,53.807272727272725,3.97975064605973,-0.00208378423264239,53.50369120777137
2017-01-31,6.8768,55.25,52.75,53.72,55.68333333333334,52.99181818181818,53.82909090909091,3.9802949660851676,-0.002040259804768801,53.5328222659205
2017-02-01,6.8768,55.79,53.9,54.44,55.68,53.02818181818182,53.85090909090909,3.9808274257437644,-0.0020016612668677073,53.561333924168224
2017-02-02,6.8768,55.94,53.55,54.66,55.67666666666667,53.06454545454545,53.872727272727275,3.981333424699365,-0.001966511242888679,53.588442761137614
2017-02-03,6.865,55.92,53.81,55.09,55.67333333333334,53.10090909090909,53.89454545454545,3.9818472297313505,-0.001930854091422672,53.61598384745304
2017-02-06,6.86,55.02,53.01,54.25,55.663333333333334,53.21,53.96,3.9832918480833133,-0.0018335679739145462,53.69349445482066
2017-02-07,6.8821,53.79,52.19,53.9,55.660000000000004,53.24636363636364,53.98181818181818,3.9838041951638656,-0.001789954984106285,53.7210112084115
2017-02-08,6.87,54.42,52.37,53.73,55.656666666666666,53.28272727272727,54.00363636363636,3.984307630247475,-0.001752044519048817,53.74806305903477
2017-02-09,6.866,53.98,52.99,54.11,55.653333333333336,53.31909090909091,54.025454545454544,3.9848192007568093,-0.0017150100639362375,53.775566017280994
2017-02-10,6.8775,55.2,53.84,54.59,55.650000000000006,53.35545454545455,54.04727272727273,3.9853458870169876,-0.0016781558671310516,53.803896328973664
2017-02-13,6.8776,54.15,52.96,54.03,55.64,53.46454545454545,54.11272727272727,3.9867887198138243,-0.0015821044429048582,53.88158238571295
2017-02-14,6.8649,54.96,53.21,54.27,55.63666666666667,53.50090909090909,54.13454545454545,3.987334416159481,-0.0015378869192425905,53.9109933923286
2017-02-15,6.8685,54.57,53.11,54.14,55.63333333333334,53.53727272727273,54.156363636363636,3.9878288221291918,-0.0015007601538118804,53.93765389930864
2017-02-16,6.8517,54.16,53.41,54.12,55.63,53.57363636363636,54.17818181818182,3.9883276627102036,-0.001464049225384396,53.964566902009054
2017-02-17,6.864,54.48,53.41,54.22,55.62666666666667,53.61,54.199999999999996,3.988830702099546,-0.0014285811828041708,53.991720033764395
2017-02-20,6.864,55.25,53.41,54.22,55.61666666666667,53.71909090909091,54.265454545454546,3.9902981389872165,-0.0013327426218438976,54.07100763591881
2017-02-21,6.881,56.34,54.02,54.42,55.61333333333334,53.75545454545455,54.28727272727272,3.9908475210378347,-0.0012879367421282193,54.10072143834032
2017-02-22,6.8765,54.9,53.61,54.27,55.61000000000001,53.79181818181818,54.309090909090905,3.991330145049041,-0.0012514549360927404,54.12683804727439
2017-02-23,6.8622,55.82,54.48,54.41,55.60666666666667,53.82818181818182,54.33090909090909,3.9918437607629613,-0.0012142660658019716,54.1546455824225
2017-02-24,6.8645,54.69,53.99,54.38,55.60333333333334,53.86454545454545,54.35272727272727,3.9923290682219177,-0.0011796120197545557,54.180933614233794
2017-02-27,6.8675,54.65,54.04,54.43,55.593333333333334,53.97363636363636,54.418181818181814,3.9937865162697643,-0.001084376146692457,54.259957082471956
2017-02-28,6.8665,53.36,54.0,54.44,55.59,54.01,54.44,3.9943084049990967,-0.0010406194103895804,54.2882821331468
2017-03-01,6.8794,55.72,53.82,54.95,55.50096774193549,53.9,54.33548387096774,3.9924787402220545,-0.0010527725272260538,54.18904358984011
2017-03-02,6.8868,54.16,52.63,53.86,55.41193548387097,53.79,54.23096774193548,3.9904792016290345,-0.0010680590324369924,54.08079876178394
2017-03-03,6.8954,54.12,53.33,54.35,55.322903225806456,53.68,54.126451612903224,3.9885267194949883,-0.001082467138675596,53.97530998439511
2017-03-06,6.8955,54.73,53.19,54.32,55.0558064516129,53.35,53.81290322580645,3.9827862609538003,-0.0011321749833217885,53.666354576450445
2017-03-07,6.9,54.61,52.68,54.31,54.96677419354839,53.24,53.708387096774196,3.980627035003895,-0.0011464182639171002,53.550601804179415
2017-03-08,6.9113,53.3,49.83,52.25,54.877741935483876,53.129999999999995,53.60387096774193,3.978555046292427,-0.00116399618338042,53.439760432439094
2017-03-09,6.9086,50.65,48.75,51.81,54.788709677419355,53.019999999999996,53.49935483870968,3.9765229906165227,-0.0011811209441930928,53.331278122309634
2017-03-10,6.905,50.63,48.05,51.37,54.69967741935484,52.91,53.394838709677416,3.9745107277187013,-0.0011978570002596613,53.224069472220954
2017-03-13,6.905,50.1,47.95,51.35,54.432580645161295,52.58,53.08129032258064,3.968680992681015,-0.0012488311205477816,52.914689926169345
2017-03-14,6.913,49.6,47.24,50.96,54.343548387096774,52.47,52.97677419354839,3.9664778600954906,-0.0012633004844117956,52.79824017276514
2017-03-15,6.9132,50.63,48.34,51.38,54.25451612903226,52.36,52.87225806451613,3.964481820646996,-0.0012766686808667828,52.69295791129798
2017-03-16,6.913,50.56,48.3,51.4,54.16548387096774,52.25,52.76774193548387,3.962463278821908,-0.0012923928918187823,52.58670224869431
2017-03-17,6.9,50.58,48.34,51.38,54.07645161290323,52.14,52.663225806451614,3.9604408788125167,-0.0013082624358233656,52.480458371594075
2017-03-20,6.905,50.67,47.79,51.32,53.80935483870968,51.81,52.34967741935484,3.954527407114573,-0.001361645351396751,52.17103245870395
2017-03-21,6.883,50.14,47.02,51.09,53.72032258064516,51.7,52.245161290322585,3.9522956372362614,-0.0013773187633171024,52.05472854999614
2017-03-22,6.8785,49.56,47.29,51.04,53.63129032258065,51.59,52.14064516129032,3.9502409915456997,-0.0013921847638881082,51.9478843274058
2017-03-23,6.8843,50.17,47.0,50.96,53.542258064516126,51.480000000000004,52.03612903225807,3.94819232130763,-0.00140911213210463,51.84156918237446
2017-03-24,6.8803,49.97,47.3,51.02,53.45322580645161,51.37,51.93161290322581,3.9461437727612303,-0.0014249846943981542,51.735477914840224
2017-03-27,6.8687,50.12,47.02,51.01,53.186129032258066,51.04,51.61806451612903,3.940149103679392,-0.00147908283628313,51.42626857476522
2017-03-28,6.8779,50.72,48.36,51.08,53.097096774193545,50.93,51.513548387096776,3.937922192002123,-0.0014902409694084926,51.31187423707565
2017-03-29,6.8879,51.36,49.47,51.2,53.00806451612903,50.82,51.40903225806452,3.935859299818611,-0.0015031810292611824,51.20613247721447
2017-03-30,6.887,52.25,50.3,51.23,52.91903225806451,50.71,51.30451612903226,3.9337970572419736,-0.0015175216956365058,51.10064182168193
2017-03-31,6.8832,52.2,50.54,51.2,52.83,50.6,51.2,3.931717167360326,-0.0015334188986312648,50.99446856642591
2017-04-03,6.8832,52.04,50.25,51.35,52.71214285714286,50.463928571428575,51.316785714285714,3.9319892744130907,-0.0020573276284228626,51.008346409018614
2017-04-04,6.8832,53.08,50.99,52.19,52.67285714285714,50.41857142857143,51.355714285714285,3.932251183437374,-0.002326208574563632,51.021707704902525
2017-04-05,6.892,53.41,51.14,52.5,52.63357142857143,50.37321428571428,51.39464285714286,3.9324436260086504,-0.0025499631796460174,51.03152739835738
2017-04-06,6.8955,53.62,51.69,52.92,52.59428571428571,50.32785714285714,51.43357142857143,3.932629165431965,-0.0027647491223052245,51.0409966369531
2017-04-07,6.8978,54.24,52.25,53.25,52.555,50.2825,51.472500000000004,3.9328130324318,-0.002977822664944203,51.05038225469957
2017-04-10,6.8988,54.79,53.06,53.83,52.43714285714285,50.14642857142857,51.589285714285715,3.9332385380764463,-0.003540738702322627,51.07210910263071
2017-04-11,6.8893,54.73,53.38,54.08,52.39785714285714,50.10107142857143,51.628214285714286,3.933486590315912,-0.0038167043936689227,51.084779225029
2017-04-12,6.889,54.75,53.12,53.71,52.35857142857142,50.05571428571429,51.667142857142856,3.933655964104477,-0.0040414077981552185,51.09343238041252
2017-04-13,6.8865,55.05,53.19,53.73,52.31928571428571,50.010357142857146,51.70607142857143,3.9338240548290564,-0.004256896035223098,51.10202143433252
2017-04-14,6.8835,55.05,53.19,53.73,52.28,49.965,51.745000000000005,3.933986750194575,-0.004470844857656307,51.11033617275488
2017-04-17,6.88,54.79,52.62,53.43,52.162142857142854,49.82892857142857,51.861785714285716,3.934362456420802,-0.005035893061563826,51.1295422519754
2017-04-18,6.8778,52.6,52.46,53.19,52.12285714285714,49.78357142857143,51.90071428571429,3.934575893449045,-0.005312076349419738,51.140456354224426
2017-04-19,6.886,52.43,50.49,52.49,52.083571428571425,49.738214285714285,51.93964285714286,3.9347141973576374,-0.0055405670237043785,51.147529768354545
2017-04-20,6.88,50.66,50.26,52.57,52.044285714285714,49.69285714285714,51.97857142857143,3.9348610675080247,-0.0057573506195905694,51.15504236541819
2017-04-21,6.8845,49.93,49.64,52.32,52.004999999999995,49.6475,52.0175,3.9350020977463727,-0.005972629858698168,51.162257281984424
2017-04-24,6.884,49.45,48.9,52.31,51.887142857142855,49.51142857142857,52.13428571428572,3.9353654008109347,-0.006539609060784491,51.18084806368438
2017-04-25,6.8824,49.37,49.22,52.37,51.84785714285714,49.466071428571425,52.17321428571429,3.9355989031175014,-0.006816108195362557,51.19280030514296
2017-04-26,6.8918,49.99,49.22,52.35,51.808571428571426,49.42071428571428,52.21214285714286,3.9357723672798404,-0.007041506007735097,51.201681191601175
2017-04-27,6.8958,49.46,48.96,52.31,51.76928571428571,49.37535714285714,52.25107142857143,3.935921609531627,-0.0072581212100339566,51.209323216039756
2017-04-28,6.89,49.46,49.31,52.29,51.73,49.33,52.29,3.9360780506276405,-0.00747167685169025,51.21733508536625
2017-05-01,6.89,50.41,48.83,50.69,51.60090909090909,49.238181818181815,52.13090909090909,3.9336246896617255,-0.007388653777646048,51.091834486773315
2017-05-02,6.8949,49.31,47.65,49.3,51.557878787878785,49.20757575757575,52.07787878787879,3.9326199446987027,-0.007328271519719597,51.04052600370747
2017-05-03,6.8968,48.82,47.79,49.74,51.514848484848486,49.17696969696969,52.024848484848484,3.9317431450942304,-0.007275781504968271,50.995793304367695
2017-05-04,6.8959,47.53,45.55,47.67,51.47181818181818,49.14636363636364,51.97181818181818,3.930787839424327,-0.007225650932747802,50.94709999608272
2017-05-05,6.9021,47.45,46.23,48.34,51.42878787878788,49.11575757575758,51.918787878787874,3.9299280574584077,-0.007174059569631014,50.90331542358033
2017-05-08,6.904,46.61,46.46,48.54,51.29969696969697,49.02393939393939,51.75969696969697,3.927393040717479,-0.007041800810728329,50.77443808893035
2017-05-09,6.906,47.06,45.84,48.1,51.25666666666667,48.99333333333333,51.70666666666666,3.926406372296629,-0.0069729864084400505,50.724365260982864
2017-05-10,6.9011,48.09,47.28,49.16,51.21363636363636,48.96272727272727,51.653636363636366,3.925562590348673,-0.0069166721564253445,50.68158300923826
2017-05-11,6.9033,49.18,47.81,49.48,51.17060606060606,48.93212121212121,51.60060606060606,3.9247013690218577,-0.0068637187668413235,50.63795373899962
2017-05-12,6.8972,49.08,47.83,49.5,51.127575757575755,48.90151515151515,51.54757575757576,3.9238186635391923,-0.006811724742773307,50.59327506156103
2017-05-15,6.89,51.29,48.86,50.04,50.99848484848485,48.80969696969697,51.38848484848485,3.9213038951262815,-0.006677162565015119,50.46620453497055
2017-05-16,6.884,51.21,48.64,50.04,50.95545454545454,48.77909090909091,51.335454545454546,3.92032240582655,-0.0066072403429271705,50.41669679485431
2017-05-17,6.8773,51.76,49.04,50.35,50.912424242424244,48.74848484848485,51.28242424242424,3.9194415617524605,-0.006551371949484193,50.37230709931765
2017-05-18,6.888,51.71,49.36,50.47,50.86939393939394,48.71787878787879,51.22939393939394,3.91855833392126,-0.006497835483994663,50.32783651748446
2017-05-19,6.883,52.78,50.32,50.87,50.82636363636364,48.68727272727273,51.17636363636363,3.917694550004442,-0.006443807965688042,50.28438291169712
2017-05-22,6.8828,53.35,50.81,50.93,50.697272727272725,48.595454545454544,51.017272727272726,3.9151362407908574,-0.006307557103058438,50.15590432564371
2017-05-23,6.888,53.19,51.12,51.05,50.654242424242426,48.56484848484848,50.96424242424242,3.9141543263494265,-0.006235606782565951,50.106679690008654
2017-05-24,6.8883,53.29,50.99,50.98,50.61121212121212,48.53424242424242,50.91121212121212,3.9132511953478386,-0.006179354537361326,50.061447222690205
2017-05-25,6.8672,52.25,48.57,50.5,50.56818181818182,48.50363636363636,50.85818181818182,3.912314121012933,-0.006130910261843192,50.01455789815204
2017-05-26,6.8525,50.84,49.58,50.59,50.525151515151514,48.473030303030306,50.805151515151515,3.9114205903038024,-0.006075817255126236,49.96988831456082
2017-05-29,6.8525,52.25,49.58,50.59,50.39606060606061,48.38121212121212,50.64606060606061,3.90884395284806,-0.005939132840411234,49.841299762851875
2017-05-30,6.8525,50.65,49.63,50.58,50.35303030303031,48.35060606060606,50.593030303030304,3.9078403299174247,-0.005866652639956126,49.79130298467037
2017-05-31,6.8098,49.4,48.29,50.54,50.31,48.32,50.54,3.9069088072179263,-0.005812798023629016,49.74494285181296
2017-06-01,6.8029,50.41,48.32,49.47,50.230333333333334,48.244,50.404333333333334,3.9046873266666116,-0.005686173047040135,49.6345580829455
2017-06-02,6.8085,48.46,47.68,48.76,50.150666666666666,48.168,50.26866666666667,3.902365214473116,-0.005545182333871875,49.51943478673795
2017-06-05,6.803,48.25,47.4,48.25,49.91166666666667,47.94,49.861666666666665,3.8957082714052174,-0.005171949577584326,49.19088152211277
2017-06-06,6.7945,48.11,48.13,48.76,49.832,47.864,49.726,3.8931643991070684,-0.004974488866305427,49.0659052305466
2017-06-07,6.7935,47.08,45.8,47.18,49.75233333333333,47.788,49.590333333333334,3.8907564510869497,-0.004820529380442225,48.947899214386524
2017-06-08,6.799,46.3,45.68,47.12,49.67266666666667,47.712,49.45466666666667,3.888416204421935,-0.0046715496963507155,48.833482989803706
2017-06-09,6.797,46.64,45.82,47.38,49.593,47.636,49.319,3.886093192177558,-0.004523359405788126,48.72017387107291
2017-06-12,6.7974,47.18,46.1,47.48,49.354,47.408,48.912,3.879347902472219,-0.004138116814456646,48.39264805391803
2017-06-13,6.7981,46.95,46.41,47.68,49.27433333333334,47.332,48.77633333333333,3.876748368203415,-0.003935088094447859,48.26701307391066
2017-06-14,6.7888,45.47,44.79,46.69,49.19466666666667,47.256,48.64066666666667,3.874314813011864,-0.0037757475935401756,48.14969544102938
2017-06-15,6.8061,45.61,44.47,46.59,49.115,47.18,48.504999999999995,3.8719381390118794,-0.0036227796306805477,48.035395192784435
2017-06-16,6.8097,45.7,44.73,46.73,49.035333333333334,47.104,48.36933333333333,3.869571375324493,-0.0034693962693592073,47.921841194479484
2017-06-19,6.818,45.93,44.24,46.55,48.79633333333334,46.876,47.96233333333333,3.862689879990499,-0.0030733793184048517,47.59319933850381
2017-06-20,6.8285,43.98,43.34,46.31,48.71666666666667,46.8,47.82666666666667,3.860005482857158,-0.002866443102188606,47.46561161530848
2017-06-21,6.8275,44.62,42.48,45.99,48.637,46.724,47.691,3.8575670014577725,-0.0027024154078263193,47.35000860944698
2017-06-22,6.8275,44.46,42.53,46.1,48.55733333333333,46.647999999999996,47.55533333333333,3.855156380659989,-0.0025440920460654695,47.23600316107827
2017-06-23,6.8345,44.14,42.86,46.19,48.47766666666667,46.572,47.419666666666664,3.8527439918313533,-0.0023853341796580435,47.122188892074945
2017-06-26,6.8382,44.09,43.24,46.25,48.23866666666667,46.344,47.01266666666667,3.8457524651996717,-0.0019743619880912317,46.79388187446373
2017-06-27,6.81,46.17,44.25,46.39,48.159,46.268,46.876999999999995,3.8430824448265812,-0.0017566527353776828,46.66910790516916
2017-06-28,6.7984,46.45,44.74,46.45,48.07933333333334,46.192,46.74133333333333,3.8406234188809933,-0.0015834872070675293,46.55448834196967
2017-06-29,6.784,47.02,44.88,46.47,47.99966666666667,46.116,46.605666666666664,3.838173822616247,-0.001419133167765509,46.44058820285269
2017-06-30,6.7793,47.08,46.02,46.47,47.92,46.04,46.47,3.835727280599681,-0.0012527326814860266,46.3271082259097
2017-07-03,6.7984,49.13,46.02,48.54,48.377741935483876,46.43967741935484,46.57645161290323,3.8401176049120553,-0.0005403838355476301,46.5309463858766
2017-07-04,6.7984,49.15,46.02,48.54,48.53032258064516,46.57290322580645,46.611935483870965,3.8416791056701847,-0.00019773891157058088,46.603661251318414
2017-07-05,6.7995,47.58,45.11,46.8,48.682903225806456,46.70612903225806,46.64741935483871,3.843112257360301,8.655750194670674e-05,46.67049925026192
2017-07-06,6.799,48.53,45.52,47.01,48.83548387096774,46.839354838709674,46.68290322580645,3.8446226411806315,0.0003586193089896951,46.74104287778238
2017-07-07,6.8039,46.47,44.25,45.88,48.988064516129036,46.97258064516129,46.718387096774194,3.846064187161342,0.000626522815954423,46.80847082884641
2017-07-10,6.8026,46.57,44.4,46.03,49.4458064516129,47.37225806451613,46.824838709677415,3.850495804449276,0.0013365725172012077,47.016368378334924
2017-07-11,6.801,46.68,45.06,46.43,49.598387096774196,47.505483870967744,46.86032258064516,3.852054129994321,0.0016740767212146451,47.089692302648096
2017-07-12,6.7865,46.73,45.48,46.58,49.75096774193548,47.63870967741936,46.895806451612906,3.853533438191854,0.001950943590893011,47.159404020335614
2017-07-13,6.7825,47.65,46.06,46.95,49.90354838709678,47.77193548387097,46.931290322580644,3.855030148881507,0.0022161570731110167,47.230040852715184
2017-07-14,6.7741,47.89,46.53,47.23,50.05612903225806,47.90516129032258,46.96677419354839,3.8565181848022303,0.002478529726558804,47.30037316556743
2017-07-17,6.769,47.66,46.02,46.98,50.51387096774194,48.30483870967742,47.07322580645161,3.860867732183901,0.003170384225556782,47.50655645676142
2017-07-18,6.7451,47.92,46.4,47.14,50.666451612903224,48.43806451612903,47.108709677419355,3.8623958987708162,0.003499185224985791,47.579209888132254
2017-07-19,6.7511,48.34,47.1,47.46,50.81903225806452,48.571290322580644,47.14419354838709,3.863862859338039,0.0037695194222069025,47.64905793249523
2017-07-20,6.757,48.54,46.73,47.32,50.971612903225804,48.70451612903226,47.17967741935484,3.8653111882476083,0.004026991828012463,47.71811944042957
2017-07-21,6.7663,47.47,45.78,47.0,51.1241935483871,48.83774193548387,47.215161290322584,3.8667380773923994,0.004280526010444611,47.786256507529
2017-07-24,6.7488,47.81,46.21,47.11,51.581935483870964,49.237419354838714,47.321612903225805,3.8710448011408856,0.004957034928245286,47.99250251678904
2017-07-25,6.7495,49.19,47.77,47.41,51.73451612903226,49.37064516129033,47.35709677419355,3.8725766876696825,0.005280767786646799,48.066077925078034
2017-07-26,6.753,50.08,48.58,47.52,51.887096774193544,49.50387096774194,47.39258064516129,3.874023315259115,0.005545726739144915,48.135661958476454
2017-07-27,6.741,50.67,49.05,47.56,52.03967741935484,49.63709677419355,47.428064516129034,3.8754663348387526,0.005798999110779952,48.20517280185344
2017-07-28,6.7362,52.0,49.72,47.56,52.192258064516125,49.770322580645164,47.46354838709677,3.8769146153079337,0.006049954894046778,48.27503799211919
2017-07-31,6.724,51.99,50.21,47.57,52.65,50.17,47.57,3.881156257488979,0.006711347656581549,48.4802383150753
2017-08-01,6.717,50.77,49.19,50.42,52.641290322580645,50.07516129032258,47.65548387096774,3.8816497924829783,0.00642137210414988,48.50417091450309
2017-08-02,6.72,52.09,49.6,51.03,52.63258064516129,49.980322580645165,47.740967741935485,3.8821231441094888,0.005979056774646888,48.527135877520514
2017-08-03,6.715,52.88,49.03,50.64,52.62387096774194,49.88548387096775,47.82645161290323,3.882586019439947,0.005509358879516978,48.54960309093428
2017-08-04,6.7272,52.48,49.57,51.1,52.61516129032258,49.79064516129032,47.91193548387097,3.883071006379575,0.005036071659396184,48.57315472501334
2017-08-07,6.7207,51.42,49.37,51.0,52.58903225806451,49.506129032258066,48.1683870967742,3.88424413871231,0.003782775912481944,48.630170900544705
2017-08-08,6.7049,52.18,49.07,50.8,52.58032258064516,49.41129032258065,48.25387096774193,3.8848796418589924,0.0031672547572767365,48.66108534924999
2017-08-09,6.672,52.16,49.59,50.66,52.571612903225805,49.31645161290323,48.339354838709674,3.8853738282155224,0.002668534861230104,48.685138936711375
2017-08-10,6.646,52.59,48.54,50.59,52.56290322580645,49.221612903225804,48.42483870967742,3.8858247548130227,0.0021864114201009576,48.70709731119641
2017-08-11,6.6612,51.47,48.81,50.63,52.5541935483871,49.126774193548385,48.51032258064516,3.8862729277587498,0.0017108648701343048,48.728931406836196
2017-08-14,6.6695,51.29,47.59,49.85,52.528064516129035,48.84225806451613,48.766774193548386,3.887359071499169,0.00045438179332889564,48.78188678403078
2017-08-15,6.6845,49.9,47.57,49.9,52.51935483870968,48.74741935483871,48.85225806451613,3.887961814717861,-0.00016139503706118707,48.81129859848028
2017-08-16,6.69,50.39,46.8,49.57,52.51064516129032,48.65258064516129,48.93774193548387,3.8884180777879305,-0.0006638100917545778,48.833574472875874
2017-08-17,6.673,50.37,47.07,49.84,52.501935483870966,48.55774193548387,49.02322580645161,3.8888636220091057,-0.0011441720430537745,48.85533683746949
2017-08-18,6.67,50.96,48.59,50.45,52.49322580645161,48.46290322580645,49.108709677419355,3.8893260769250406,-0.0016181452243918528,48.87793545317734
2017-08-21,6.663,51.94,47.39,50.09,52.46709677419355,48.178387096774195,49.36516129032258,3.89036285433714,-0.0028773362692749334,48.928637271313484
2017-08-22,6.66,52.29,47.65,50.14,52.458387096774196,48.08354838709677,49.450645161290325,3.890956804597349,-0.0034937103534496156,48.95770708030817
2017-08-23,6.6569,52.31,48.45,50.36,52.44967741935484,47.98870967741935,49.53612903225807,3.891415574351968,-0.003993692818307737,48.98017254841674
2017-08-24,6.66,51.73,47.24,50.21,52.44096774193549,47.89387096774193,49.6216129032258,3.891810124533708,-0.004477323936894905,48.999501497266756
2017-08-25,6.6465,51.87,47.65,50.3,52.432258064516134,47.799032258064514,49.707096774193545,3.8922228084856343,-0.0049542410634211735,49.019726978265744
2017-08-28,6.6084,51.87,46.4,50.24,52.406129032258065,47.51451612903225,49.96354838709677,3.893189862546693,-0.006216741924045415,49.06715463316905
2017-08-29,6.5945,51.64,46.46,50.25,52.39741935483871,47.419677419354834,50.049032258064514,3.8937520292647347,-0.006834667295312764,49.09474630928717
2017-08-30,6.5918,51.91,45.96,50.22,52.38870967741936,47.324838709677415,50.13451612903226,3.894169885940718,-0.007338743664387899,49.115265163459746
2017-08-31,6.5888,52.69,47.26,50.22,52.38,47.23,50.22,3.8945808565955575,-0.00781746011411718,49.13545424442235
2017-09-01,6.5552,53.15,47.32,51.49,52.55793103448276,47.38310344827586,50.33896551724138,3.897282789914934,-0.007808173144165885,49.26839448236036
2017-09-04,6.5552,52.6,47.32,51.49,53.09172413793104,47.84241379310345,50.69586206896552,3.9050576759832354,-0.007521401397678064,49.65294361193635
2017-09-05,6.5345,53.63,48.63,52.02,53.26965517241379,47.99551724137931,50.814827586206896,3.907939970233288,-0.0073897569250297905,49.79626445300405
2017-09-06,6.5221,54.48,49.13,52.76,53.44758620689655,48.14862068965517,50.933793103448274,3.910607186474667,-0.007277782438870042,49.92925914226655
2017-09-07,6.483,54.16,49.1,52.78,53.62551724137931,48.30172413793103,51.05275862068965,3.9132335387943726,-0.007168981681385511,50.06056331787411
2017-09-08,6.4773,54.55,47.44,52.24,53.803448275862074,48.454827586206896,51.17172413793104,3.9158279806867418,-0.00706452449452368,50.190611168349854
2017-09-11,6.5254,54.2,48.06,52.35,54.33724137931035,48.91413793103448,51.52862068965517,3.9234462271640216,-0.00676983750249047,50.574435794021106
2017-09-12,6.5334,55.06,48.21,52.58,54.5151724137931,49.067241379310346,51.64758620689655,3.926252303528704,-0.0066424086710004035,50.71655082251922
2017-09-13,6.54,55.52,49.3,53.06,54.69310344827586,49.2203448275862,51.76655172413793,3.928867784858952,-0.006532252687211088,50.84937263509898
2017-09-14,6.552,56.76,49.86,53.22,54.871034482758624,49.37344827586207,51.88551724137931,3.9314637891367137,-0.0064261289729646235,50.981549315364056
2017-09-15,6.55,56.18,49.9,53.28,55.04896551724138,49.52655172413793,52.00448275862069,3.9340341584485734,-0.006321982805261001,51.11275928199134
2017-09-18,6.5725,55.5,49.88,53.25,55.58275862068965,49.98586206896552,52.36137931034483,3.941500753338748,-0.006038780036007981,51.49582587112435
2017-09-19,6.58,56.58,49.54,53.09,55.76068965517241,50.13896551724138,52.48034482758621,3.9442445047773305,-0.005916871134802367,51.637311629555114
2017-09-20,6.57,57.2,50.29,53.51,55.938620689655174,50.29206896551724,52.599310344827586,3.9468084163713772,-0.005811690509270265,51.769874999289165
2017-09-21,6.5861,57.73,50.58,53.52,56.116551724137935,50.4451724137931,52.718275862068964,3.9493472492362582,-0.005709867331104863,51.901477046460734
2017-09-22,6.5899,58.16,50.33,53.6,56.29448275862069,50.59827586206897,52.83724137931035,3.9518743793868527,-0.005610566481258642,52.0328047051157
2017-09-25,6.6189,59.42,51.85,53.92,56.82827586206896,51.05758620689655,53.19413793103448,3.959240321089088,-0.0053347930211900116,52.417490357897755
2017-09-26,6.6371,59.77,51.59,53.77,57.006206896551724,51.210689655172416,53.31310344827586,3.961932977136114,-0.005216755411447568,52.55882282474759
2017-09-27,6.64,58.74,52.14,53.67,57.184137931034485,51.36379310344827,53.432068965517246,3.96442891277777,-0.0051144446354763765,52.69017011292058
2017-09-28,6.6591,58.8,51.62,53.63,57.36206896551724,51.51689655172414,53.551034482758624,3.966909426118763,-0.0050179364707312645,52.821031016835526
2017-09-29,6.6533,57.02,51.67,53.67,57.54,51.67,53.67,3.969380048845717,-0.0049212487001863295,52.951693198541456
2017-10-02,6.6533,55.67,50.59,54.72,57.8990625,51.924062500000005,53.84625,3.973186382004416,-0.004733628520499306,53.153629057944386
2017-10-03,6.6533,56.12,50.44,54.42,58.01875,52.00875,53.905,3.9745593213738535,-0.004648808827098826,53.22665588713985
2017-10-04,6.6533,56.0,50.0,54.29,58.1384375,52.0934375,53.963750000000005,3.975831398365497,-0.004577928317562004,53.29440737485417
2017-10-05,6.6533,57.09,50.79,55.22,58.258125,52.178125,54.0225,3.9771398353491274,-0.00450865131252319,53.36418538859596
2017-10-06,6.6533,55.5,49.34,53.95,58.3778125,52.2628125,54.08125,3.978367176923963,-0.004440738255603881,53.42972168141223
2017-10-09,6.6533,55.29,49.58,54.1,58.736875,52.516875,54.2575,3.9820888705589748,-0.004253681004926912,53.62894122361632
2017-10-10,6.5712,56.62,50.93,54.61,58.856562499999995,52.6015625,54.31625,3.98348271416302,-0.004167789787839931,53.70374369969848
2017-10-11,6.587,56.13,51.3,54.83,58.97625,52.68625,54.375,3.9847566037180697,-0.004096412896461898,53.772199931446366
2017-10-12,6.5855,56.13,50.61,54.54,59.0959375,52.7709375,54.43375,3.986008665940211,-0.004029267394881243,53.839568237436524
2017-10-13,6.5785,56.86,51.43,55.04,59.215624999999996,52.855625,54.4925,3.9872935955292803,-0.003960850100851795,53.90879275651956
2017-10-16,6.5885,57.49,51.86,55.34,59.574687499999996,53.1096875,54.66875,3.990993626777686,-0.003777055243799074,54.1086264417417
2017-10-17,6.622,57.63,51.87,55.37,59.694375,53.194375,54.7275,3.9923452890426177,-0.003695043840918421,54.18181248057125
2017-10-18,6.625,58.05,52.05,55.48,59.8140625,53.2790625,54.786249999999995,3.993608276237549,-0.003625755458998327,54.25028664782846
2017-10-19,6.6126,57.82,51.29,55.13,59.933749999999996,53.36375,54.845,3.9948458939807674,-0.003560011138506401,54.31746932982284
2017-10-20,6.6185,57.89,51.63,55.27,60.0534375,53.448437500000004,54.90375,3.996103344515505,-0.003493243183573115,54.38581382158066
2017-10-23,6.638,57.69,51.91,55.14,60.412499999999994,53.7025,55.08,3.9997542375358837,-0.0033121719383915086,54.58473350596282
2017-10-24,6.6335,57.84,52.32,55.39,60.5321875,53.7871875,55.13875,4.001101114583447,-0.0032310131554763627,54.65830196338115
2017-10-25,6.635,58.45,51.97,55.34,60.651875,53.871875,55.1975,4.002345909765195,-0.003163941506460118,54.72638271881483
2017-10-26,6.6392,58.75,52.41,55.45,60.771562499999995,53.956562500000004,55.256249999999994,4.003595780406839,-0.0030975731579767234,54.79482638185092
2017-10-27,6.6498,60.15,53.92,55.55,60.89125,54.041250000000005,55.315,4.004861122599218,-0.0030290383424081283,54.86420447185146
2017-10-30,6.6498,60.65,54.11,55.54,61.2503125,54.2953125,55.491249999999994,4.008484706445981,-0.002851333382579672,55.06337014577423
2017-10-31,6.6328,61.35,54.36,55.55,61.37,54.38,55.55,4.0098170434018705,-0.002771751338796312,55.13678200254057
2017-11-01,6.6018,60.98,54.32,58.73,61.44333333333333,54.48066666666667,55.72566666666666,4.012449015455743,-0.0028991599550463815,55.282091613445914
2017-11-02,6.6068,60.79,54.55,58.87,61.516666666666666,54.58133333333333,55.90133333333333,4.015121803436794,-0.0030590524551496173,55.430046561501186
2017-11-03,6.636,61.42,55.63,60.15,61.589999999999996,54.682,56.077,4.017827878955575,-0.0032244187967339884,55.5802475895103
2017-11-06,6.6311,64.27,57.34,61.83,61.809999999999995,54.984,56.604,4.02554839937876,-0.003648370776268956,56.01101676755338
2017-11-07,6.638,64.36,57.19,61.2,61.88333333333333,55.08466666666667,56.779666666666664,4.028465734010318,-0.0038687664295749017,56.174658228908804
2017-11-08,6.6249,63.96,56.82,61.14,61.95666666666666,55.18533333333333,56.95533333333333,4.031117286547662,-0.004042909441070373,56.32380593557535
2017-11-09,6.6378,64.49,57.16,61.56,62.03,55.286,57.131,4.033760658055934,-0.004206982234226405,56.47288763176903
2017-11-10,6.6378,64.35,56.75,61.3,62.10333333333333,55.38666666666667,57.306666666666665,4.03637310119484,-0.004368985969008466,56.62061271727299
2017-11-13,6.6385,62.94,56.77,61.18,62.32333333333333,55.68866666666667,57.833666666666666,4.043875705713054,-0.004778640901409069,57.047012335787066
2017-11-14,6.635,60.91,55.67,60.69,62.39666666666667,55.78933333333333,58.00933333333333,4.046714388619801,-0.004993715821106816,57.209180778080494
2017-11-15,6.62,61.25,55.28,60.49,62.47,55.89,58.185,4.04931594385524,-0.005162301956423342,57.35820738827577
2017-11-16,6.6273,61.18,55.14,60.22,62.54333333333333,55.99066666666667,58.36066666666667,4.0518899489636215,-0.00532068654976597,57.50603788370506
2017-11-17,6.6245,61.34,56.21,60.82,62.61666666666667,56.09133333333333,58.53633333333333,4.054481656762258,-0.005475395989107776,57.65527003008368
2017-11-20,6.6245,61.34,56.21,60.55,62.836666666666666,56.39333333333333,59.06333333333333,4.061849677979986,-0.005870992751838725,58.081644120747264
2017-11-21,6.6265,62.28,56.84,60.63,62.91,56.494,59.239,4.064676716630551,-0.006076611420443011,58.24607549097114
2017-11-22,6.6086,62.92,57.88,60.78,62.983333333333334,56.59466666666667,59.41466666666667,4.0672515086532925,-0.006236743328945854,58.39624026006564
2017-11-23,6.6086,63.27,57.88,60.78,63.056666666666665,56.69533333333333,59.590333333333334,4.069786210323147,-0.006389689618113482,58.54444505589002
2017-11-24,6.5998,63.58,58.94,60.92,63.13,56.796,59.766,4.072322922745114,-0.006538568806024144,58.69314400039159
2017-11-27,6.5967,63.25,58.1,60.88,63.35,57.098,60.293,4.07954976689008,-0.006923185652542692,59.11884659483929
2017-11-28,6.6044,63.56,57.96,60.8,63.42333333333333,57.19866666666667,60.468666666666664,4.08231117672711,-0.007123940379599806,59.28232356896114
2017-11-29,6.6091,63.74,57.25,60.8,63.49666666666667,57.29933333333333,60.644333333333336,4.084817774446461,-0.007282760017582242,59.43110689809279
2017-11-30,6.609,63.53,57.4,60.82,63.57,57.4,60.82,4.087304443533799,-0.007431011839165146,59.57907629365578
2017-12-01,6.6137,64.57,58.35,61.23,63.67448275862069,57.50413793103448,60.846896551724136,4.088386276243961,-0.007314704502112025,59.64356576435127
2017-12-04,6.6185,63.45,57.48,60.02,63.987931034482756,57.81655172413793,60.92758620689655,4.091122205622313,-0.006856752265263416,59.80696977714778
2017-12-05,6.617,63.45,57.66,60.55,64.09241379310345,57.92068965517241,60.95448275862069,4.092088716714729,-0.006636296314220249,59.86480181999465
2017-12-06,6.6136,62.25,55.79,59.34,64.19689655172414,58.0248275862069,60.98137931034483,4.092958911027876,-0.006455684696735607,59.916918502627766
2017-12-07,6.6173,62.37,56.5,60.22,64.30137931034483,58.128965517241376,61.00827586206896,4.093897598264221,-0.0062804231425078565,59.9731881549378
2017-12-08,6.6199,63.86,57.15,60.84,64.40586206896552,58.23310344827586,61.035172413793106,4.094841709172625,-0.0061064707194261525,60.02983623291306
2017-12-11,6.6175,65.62,57.84,61.62,64.71931034482759,58.54551724137931,61.11586206896552,4.097597258072328,-0.005645330098536504,60.19547949633871
2017-12-12,6.621,64.96,57.12,60.56,64.82379310344827,58.649655172413794,61.142758620689655,4.098516573251601,-0.005425607495044879,60.250843558975674
2017-12-13,6.6171,63.66,56.59,60.12,64.92827586206896,58.753793103448274,61.16965517241379,4.0994008849144326,-0.005245591624655253,60.30414764787038
2017-12-14,6.6091,63.72,57.0,60.65,65.03275862068965,58.85793103448276,61.19655172413793,4.100322230288152,-0.005072729562913631,60.359734198595355
2017-12-15,6.6088,63.81,57.29,60.7,65.13724137931034,58.96206896551724,61.22344827586207,4.101236247102372,-0.004900930321486327,60.41492923130604
2017-12-18,6.6088,64.45,57.17,60.8,65.45068965517241,59.27448275862069,61.30413793103448,4.103939679806494,-0.004447137451186435,60.57847789860655
2017-12-19,6.6088,63.69,57.49,61.02,65.5551724137931,59.37862068965517,61.331034482758625,4.104879520767699,-0.004230752285378771,60.63543879640275
2017-12-20,6.5771,64.43,58.09,61.28,65.65965517241379,59.48275862068966,61.35793103448276,4.105790125198512,-0.00405259798667682,60.69067884273344
2017-12-21,6.5833,64.64,58.34,61.3,65.76413793103448,59.58689655172414,61.384827586206896,4.106695013221059,-0.0038817556644905713,60.74562196603654
2017-12-22,6.575,64.61,58.25,61.15,65.86862068965517,59.691034482758624,61.41172413793104,4.107592562332035,-0.003712921592468469,60.80016862051655
2017-12-26,6.5429,64.61,59.55,61.6,66.28655172413792,60.107586206896556,61.51931034482759,4.111169805832452,-0.003124220426136799,61.0180551127058
2017-12-27,6.556,66.03,59.67,61.52,66.39103448275861,60.211724137931036,61.54620689655172,4.1121214148888505,-0.0028885124802960106,61.076148083069356
2017-12-28,6.5322,66.8,59.84,61.56,66.4955172413793,60.315862068965515,61.573103448275866,4.113011776717849,-0.002709954103992268,61.130552170051956
2017-12-29,6.5063,66.73,60.46,61.6,66.6,60.42,61.6,4.11390789741064,-0.0025406107420155423,61.18535707505048
2018-01-02,6.491,66.65,60.37,64.02,66.89696969696969,60.942424242424245,62.156363636363636,4.122367336236764,-0.0025373499972305884,61.705146323190945
2018-01-03,6.501,67.85,61.61,65.24,66.97121212121212,61.07303030303031,62.29545454545455,4.124892591610211,-0.002560553060560967,61.861164485454644
2018-01-04,6.4915,68.73,61.98,65.31,67.04545454545455,61.20363636363636,62.43454545454546,4.127110925139428,-0.002574830422734999,61.998545502910126
2018-01-05,6.4875,68.01,61.49,64.94,67.11969696969696,61.334242424242426,62.57363636363637,4.129286099655723,-0.002587617128186968,62.13354993500573
2018-01-08,6.497,68.48,61.73,65.09,67.34242424242424,61.72606060606061,62.99090909090909,4.135615699333992,-0.002609242639790141,62.52807771695454
2018-01-09,6.5263,69.08,62.92,65.81,67.41666666666666,61.85666666666667,63.13,4.138005895538597,-0.0026310433368784162,62.67771084602512
2018-01-10,6.5055,69.79,63.6,66.01,67.49090909090908,61.98727272727273,63.269090909090906,4.140194012524095,-0.002644143434124678,62.81500716516384
2018-01-11,6.4956,70.36,63.81,66.07,67.56515151515151,62.11787878787879,63.408181818181816,4.142359779882977,-0.0026559242346868256,62.95119728215122
2018-01-12,6.4607,69.64,64.22,66.36,67.63939393939394,62.24848484848485,63.54727272727273,4.144518433993789,-0.002667180003702081,63.08723391814149
2018-01-15,6.4607,70.31,64.22,66.36,67.86212121212121,62.64030303030303,63.96454545454545,4.150750055508203,-0.0026881249570945916,63.48159716736981
2018-01-16,6.4395,69.4,63.82,66.05,67.93636363636364,62.77090909090909,64.10363636363637,4.153067633450027,-0.0027107045718644724,63.628891333603505
2018-01-17,6.433,69.19,63.92,66.13,68.01060606060605,62.901515151515156,64.24272727272728,4.1552103740864,-0.0027244281687616766,63.76537771995334
2018-01-18,6.4175,69.48,63.96,66.08,68.08484848484848,63.03212121212121,64.38181818181818,4.157338985732186,-0.0027361286702335718,63.90125400818623
2018-01-19,6.399,68.56,63.38,65.82,68.1590909090909,63.162727272727274,64.52090909090909,4.159447717123877,-0.002748144726129395,64.03614676479071
2018-01-22,6.4035,69.32,63.66,65.97,68.38181818181818,63.554545454545455,64.93818181818182,4.165591540190547,-0.0027681860181320043,64.43078457146378
2018-01-23,6.4,69.81,64.45,66.21,68.4560606060606,63.68515151515152,65.07727272727273,4.167900128714629,-0.002788908859680577,64.57970056806515
2018-01-24,6.365,69.91,65.69,66.31,68.53030303030303,63.81575757575758,65.21636363636364,4.170023150210128,-0.002799866806946326,64.71695030105957
2018-01-25,6.3189,71.08,65.62,66.26,68.60454545454544,63.94636363636364,65.35545454545455,4.172124151198482,-0.0028111812106651206,64.85306361463918
2018-01-26,6.3199,70.08,66.27,66.32,68.67878787878787,64.0769696969697,65.49454545454546,4.174216370653156,-0.002820916214403521,64.98889249839755
2018-01-29,6.3328,68.41,65.71,66.23,68.90151515151516,64.46878787878788,65.91181818181818,4.1802480112870155,-0.00284084287669937,65.38206669387229
2018-01-30,6.3199,67.78,64.64,66.2,68.97575757575757,64.59939393939395,66.05090909090909,4.182497358000583,-0.0028642391578141122,65.52929915706736
2018-01-31,6.2841,67.78,64.82,66.19,69.05,64.73,66.19,4.184578487928871,-0.0028772787987604753,65.6658161482485
2018-02-01,6.2969,68.6,65.92,66.73,68.93321428571429,64.61964285714286,66.06607142857143,4.182978815300624,-0.00286948728921735,65.56085631261497
2018-02-02,6.2984,67.45,65.5,65.74,68.81642857142857,64.50928571428572,65.94214285714285,4.181152641388488,-0.002849756767961807,65.44124004045992
2018-02-05,6.285,67.69,64.18,64.99,68.46607142857142,64.17821428571429,65.57035714285715,4.175849179151274,-0.002802066006322873,65.09509359378283
2018-02-06,6.283,66.75,63.48,64.27,68.34928571428571,64.06785714285715,65.44642857142857,4.173831103148288,-0.0027676853542285018,64.96385921250601
2018-02-07,6.2649,65.74,61.91,63.14,68.2325,63.9575,65.32249999999999,4.1719526210529,-0.002744141258291065,64.84194031321393
2018-02-08,6.3222,64.26,61.3,62.64,68.11571428571429,63.84714285714286,65.19857142857143,4.170094722591069,-0.002721818377345236,64.72158241304352
2018-02-09,6.2966,63.04,59.2,61.22,67.99892857142856,63.736785714285716,65.07464285714286,4.1682077913306035,-0.0027013279412468035,64.59957238443155
2018-02-12,6.325,62.2,59.41,61.16,67.64857142857143,63.40571428571429,64.70285714285714,4.162851251384617,-0.0026500114545673662,64.25446730419543
2018-02-13,6.338,61.94,59.33,61.29,67.53178571428572,63.29535714285714,64.57892857142858,4.160829586029333,-0.0026147837300951136,64.1246974934884
2018-02-14,6.3438,62.29,60.7,62.05,67.41499999999999,63.185,64.455,4.158991248641724,-0.002587983014436343,64.00692295245616
2018-02-15,6.3438,62.86,61.48,62.28,67.29821428571428,63.07464285714286,64.33107142857142,4.157146980145086,-0.002563422250578391,63.888985788215045
2018-02-16,6.3438,64.3,61.89,62.28,67.18142857142857,62.964285714285715,64.20714285714286,4.1552974084051915,-0.0025397132923366144,63.77092773768316
2018-02-19,6.3438,64.95,61.89,62.28,66.83107142857143,62.63321428571429,63.83535714285714,4.149880675773904,-0.0024874551987120346,63.42643153670685
2018-02-20,6.3351,64.68,61.91,62.43,66.71428571428571,62.52285714285714,63.71142857142857,4.14783401493443,-0.0024513078801572186,63.2967518934839
2018-02-21,6.3351,64.81,61.73,62.47,66.5975,62.4125,63.5875,4.145944501604886,-0.00242588069624954,63.17726475888108
2018-02-22,6.3471,66.12,62.72,62.62,66.48071428571428,62.30214285714286,63.46357142857143,4.144078915379934,-0.0024005698091696033,63.05951199713426
2018-02-23,6.3329,67.04,63.52,62.75,66.36392857142857,62.191785714285714,63.339642857142856,4.142206888282442,-0.0023755938124304567,62.941573308574284
2018-02-26,6.3115,67.96,63.81,62.75,66.01357142857142,61.86071428571429,62.96785714285714,4.136721729613819,-0.0023211752862166775,62.59727392374484
2018-02-27,6.3169,67.59,62.94,62.72,65.89678571428571,61.75035714285714,62.84392857142857,4.134637014540418,-0.0022855470752323865,62.46691237379931
2018-02-28,6.328,66.08,61.43,62.72,65.78,61.64,62.72,4.132701517750862,-0.0022621512823030243,62.346124795139005
2018-03-01,6.3565,64.23,60.98,60.39,65.92966666666666,61.75,62.72033333333333,4.133201579537629,-0.0020605543697478296,62.37730950619341
2018-03-02,6.3428,64.26,61.19,60.91,66.07933333333334,61.86,62.720666666666666,4.133846281736666,-0.0018372087832469676,62.41753726086966
2018-03-05,6.3491,65.78,62.49,61.94,66.52833333333334,62.19,62.721666666666664,4.135807421050435,-0.0012329214392945123,62.540066856592816
2018-03-06,6.3093,65.67,62.54,62.21,66.678,62.3,62.722,4.136435944869024,-0.0009424442483466837,62.5793871337993
2018-03-07,6.3225,65.09,61.09,60.91,66.82766666666667,62.41,62.72233333333333,4.137016871980913,-0.0007053479529627746,62.61575175800609
2018-03-08,6.3389,63.87,60.13,60.44,66.97733333333333,62.52,62.72266666666666,4.137618376937093,-0.00047836836795396885,62.65342677274156
2018-03-09,6.3285,65.19,62.02,61.69,67.127,62.63,62.723,4.138288824617606,-0.00025100830609426223,62.69544670190559
2018-03-12,6.327,64.53,61.35,61.32,67.576,62.96,62.724,4.1401749263280365,0.00034570904473130913,62.813808277062826
2018-03-13,6.318,64.2,60.69,61.17,67.72566666666667,63.07,62.724333333333334,4.140779258187339,0.0006319847034514225,62.851780135254955
2018-03-14,6.314,63.61,60.89,61.36,67.87533333333333,63.18,62.724666666666664,4.141390652780756,0.0008668861087605049,62.89021912331362
2018-03-15,6.3202,63.67,61.16,61.48,68.025,63.29,62.724999999999994,4.142013750485947,0.0010924822055100253,62.92941808565178
2018-03-16,6.33,64.68,62.29,61.96,68.17466666666667,63.4,62.72533333333333,4.142656444781639,0.001317087224729239,62.96987546315693
2018-03-19,6.3291,64.82,62.01,61.86,68.62366666666667,63.73,62.72633333333333,4.144530898365253,0.001906804228065353,63.08802026576033
2018-03-20,6.3328,66.0,63.37,62.27,68.77333333333333,63.839999999999996,62.72666666666667,4.145162671833635,0.0021926200862837065,63.12789019619297
2018-03-21,6.32,68.15,65.1,62.84,68.923,63.949999999999996,62.727,4.145800929494475,0.002427135589746086,63.168194916753414
2018-03-22,6.331,68.98,64.25,62.62,69.07266666666666,64.06,62.727333333333334,4.14640708698876,0.0026485662780074974,63.20649639869511
2018-03-23,6.311,69.03,65.8,62.84,69.22233333333332,64.17,62.727666666666664,4.1470352833478605,0.002871606584000813,63.24621496382708
2018-03-26,6.2685,68.81,65.49,62.77,69.67133333333334,64.5,62.72866666666666,4.148885332382967,0.0034544271857435927,63.36333186539595
2018-03-27,6.2781,68.63,65.21,62.76,69.821,64.61,62.729,4.149482054908168,0.003734447807905388,63.401153476173036
2018-03-28,6.2946,68.13,64.3,62.68,69.97066666666666,64.72,62.72933333333333,4.150066451273094,0.003962029097914816,63.43821570825873
2018-03-29,6.2876,69.02,64.87,62.73,70.12033333333333,64.83,62.72966666666667,4.150680005652542,0.00418255864945618,63.477150446399015
2018-03-30,6.2726,69.02,64.87,62.73,70.27,64.94,62.73,4.151285195107853,0.004400528391597875,63.51557777523663
2018-04-02,6.2785,69.02,63.05,64.62,70.795,65.32892857142856,63.32357142857143,4.158999501143426,0.004084691603506285,64.00745117187631
2018-04-03,6.2881,69.02,63.41,65.16,70.97,65.45857142857143,63.521428571428565,4.161988168547536,0.0038966778005386704,64.19903430133715
2018-04-04,6.3045,66.04,63.35,65.17,71.145,65.58821428571429,63.71928571428571,4.1646959143512605,0.003743194698493821,64.37310452967967
2018-04-05,6.3045,66.54,63.53,65.46,71.32,65.71785714285714,63.917142857142856,4.167401773112231,0.0035965571848970723,64.54752493060641
2018-04-06,6.3045,66.51,62.03,64.65,71.495,65.8475,64.115,4.170065192624444,0.003450201808546646,64.71967121509384
2018-04-09,6.3035,68.19,63.4,65.83,72.02,66.23642857142856,64.70857142857143,4.177817249882666,0.003084923847987014,65.22333149147653
2018-04-10,6.2798,70.67,65.48,67.27,72.195,66.36607142857143,64.90642857142856,4.180807837220808,0.0028937135634721214,65.41867951786044
2018-04-11,6.2655,72.74,66.81,67.78,72.37,66.49571428571429,65.10428571428571,4.1835119332930475,0.0027448613769812044,65.59581730305243
2018-04-12,6.2876,71.44,67.07,67.66,72.545,66.62535714285714,65.30214285714285,4.186153232198324,0.0026041577332408124,65.76930447836828
2018-04-13,6.2725,73.18,67.35,67.8,72.72,66.755,65.5,4.18880240826775,0.0024647686363798273,65.9437699387213
2018-04-16,6.2752,72.05,66.23,67.25,73.245,67.14392857142856,66.09357142857142,4.196347937307699,0.0021107970928514333,66.44323255489489
2018-04-17,6.2804,71.71,66.5,67.38,73.42,67.27357142857143,66.29142857142857,4.199230239531005,0.0019248507099131158,66.63501829126433
2018-04-18,6.2722,73.73,68.44,68.16,73.595,67.40321428571428,66.48928571428571,4.2018894768772475,0.0017817024244225375,66.81245243566258
2018-04-19,6.2765,74.85,68.3,68.18,73.77,67.53285714285714,66.68714285714286,4.204491822907079,0.0016445544426440066,66.98654798618333
2018-04-20,6.2945,74.62,68.26,68.29,73.945,67.6625,66.88499999999999,4.207079505745234,0.0015093602952261354,67.16011239476471
2018-04-23,6.3158,74.54,67.61,68.41,74.47,68.05142857142856,67.47857142857143,4.2145027468175025,0.0011670802871695766,67.66051309918338
2018-04-24,6.3035,75.86,67.66,68.2,74.645,68.18107142857143,67.67642857142857,4.217332803788637,0.0009870372705468489,67.85226741578694
2018-04-25,6.3236,73.79,68.0,68.16,74.82000000000001,68.31071428571428,67.8742857142857,4.219898875134795,0.0008475042838024645,68.02660476034303
2018-04-26,6.334,75.39,68.18,68.28,74.995,68.44035714285714,68.07214285714285,4.2224574610590055,0.0007151931462908539,68.20087952716526
2018-04-27,6.3325,75.33,68.11,68.28,75.17,68.57,68.27,4.224996454934231,0.00058462987744045,68.37426115687575
2018-04-30,6.3325,75.92,68.56,68.27,75.38352941176471,68.43499999999999,68.81176470588235,4.22909272278393,-0.0004784040941966366,68.65491486855409
2018-05-01,6.3325,74.85,67.28,70.55,75.45470588235294,68.39,68.99235294117646,4.230807337282487,-0.0010263772339256156,68.77273255807984
2018-05-02,6.361,73.14,67.91,70.44,75.52588235294118,68.345,69.17294117647059,4.23228667449221,-0.001469026501986526,68.87454590993957
2018-05-03,6.352,73.45,68.45,70.71,75.59705882352941,68.3,69.3535294117647,4.233745979144713,-0.001892816177339242,68.9751282274972
2018-05-04,6.3589,74.75,69.71,71.78,75.66823529411765,68.255,69.53411764705882,4.235218329940442,-0.002312586880350375,69.07675861185744
2018-05-07,6.364,74.75,70.74,72.83,75.88176470588236,68.11999999999999,70.07588235294118,4.239246357561055,-0.0034111915903587463,69.3555628420919
2018-05-08,6.369,74.16,68.83,71.73,75.95294117647059,68.075,70.25647058823529,4.240883618257178,-0.003956520553384314,69.46920898798786
2018-05-09,6.3585,77.6,71.16,73.37,76.02411764705883,68.03,70.43705882352941,4.242391721639946,-0.004394229914130488,69.5740547763333
2018-05-10,6.344,77.59,71.36,73.68,76.09529411764706,67.985,70.61764705882352,4.243819053678205,-0.0048133243515408545,69.67343095827995
2018-05-11,6.3333,77.37,70.69,73.48,76.1664705882353,67.94,70.79823529411765,4.245220725117885,-0.005229087115503897,69.77115869164467
2018-05-14,6.336,78.17,71.01,74.02,76.38,67.805,71.34,4.249151036899546,-0.0063140240843096405,70.04592069514504
2018-05-15,6.376,78.94,71.34,74.04,76.45117647058824,67.76,71.52058823529411,4.250792009963387,-0.006850002996450271,70.1609585254137
2018-05-16,6.3706,78.19,71.43,74.59,76.52235294117648,67.715,71.70117647058824,4.252219014787323,-0.007283579114487287,70.26115002155355
2018-05-17,6.3645,80.09,71.47,74.67,76.5935294117647,67.67,71.88176470588235,4.253618291033084,-0.007697571100732536,70.35953359662567
2018-05-18,6.3768,78.38,71.23,74.45,76.66470588235295,67.625,72.06235294117647,4.254986359722787,-0.008106994660272543,70.45585614446904
2018-05-21,6.3815,78.34,72.26,74.79,76.87823529411764,67.49000000000001,72.60411764705881,4.258830435508948,-0.009176103932978122,70.72721502296035
2018-05-22,6.366,80.42,72.09,74.91,76.94941176470589,67.44500000000001,72.78470588235294,4.260441035503807,-0.009706052402202714,70.84122005872337
2018-05-23,6.3875,78.69,71.85,74.98,77.02058823529413,67.4,72.96529411764706,4.261825216842773,-0.010134003557577806,70.93934504928168
2018-05-24,6.3757,78.9,70.77,74.78,77.09176470588235,67.355,73.14588235294117,4.263175116911985,-0.010544105040537977,71.03517073907486
2018-05-25,6.3903,76.6,67.92,74.45,77.1629411764706,67.31,73.3264705882353,4.264489702489045,-0.010953237085204272,71.12861395608822
2018-05-29,6.4162,74.51,66.8,74.58,77.44764705882353,67.13000000000001,74.04882352941176,4.2694205225524,-0.012339436692453893,71.4802024503153
2018-05-30,6.4175,75.89,68.24,74.44,77.51882352941176,67.08500000000001,74.22941176470587,4.271116592313899,-0.01292000039747937,71.60154073024357
2018-05-31,6.4096,76.45,66.98,74.41,77.59,67.04,74.41,4.27248554270598,-0.013354662220793007,71.69962680967029
2018-06-01,6.418,74.54,65.81,74.11,77.65379310344828,67.2851724137931,74.38172413793103,4.273702875933496,-0.013007847635549076,71.78696229519518
2018-06-04,6.405,73.41,64.76,73.15,77.84517241379311,68.02068965517242,74.29689655172413,4.27692577983555,-0.011671295192469393,72.01869800646841
2018-06-05,6.4042,72.91,65.51,73.38,77.90896551724138,68.26586206896552,74.26862068965517,4.2779146663653895,-0.011016341359575072,72.08995155185265
2018-06-06,6.385,73.23,64.75,73.42,77.97275862068966,68.51103448275863,74.2403448275862,4.278908163313567,-0.010481795001408877,72.1616082881941
2018-06-07,6.389,75.23,65.96,74.88,78.03655172413794,68.75620689655173,74.21206896551723,4.279962628118861,-0.009968453733001474,72.23774029663494
2018-06-08,6.4031,75.11,65.77,74.3,78.10034482758621,69.00137931034483,74.18379310344828,4.280969654273431,-0.009459787793908497,72.3105222309657
2018-06-11,6.4,74.58,66.1,74.37,78.29172413793104,69.73689655172414,74.09896551724138,4.284082139265902,-0.008121219503373842,72.5359382662431
2018-06-12,6.3992,74.86,66.38,73.97,78.35551724137932,69.98206896551724,74.07068965517242,4.28502413898492,-0.007475081711948915,72.60429929268743
2018-06-13,6.3944,75.07,66.63,74.46,78.4193103448276,70.22724137931036,74.04241379310345,4.285998370729821,-0.0069498891322733874,72.67506717243482
2018-06-14,6.398,74.77,66.91,73.94,78.48310344827587,70.47241379310346,74.01413793103448,4.286975612108831,-0.006445910944338613,72.74612296897548
2018-06-15,6.4379,72.02,65.01,72.79,78.54689655172413,70.71758620689656,73.98586206896552,4.287914574855833,-0.005949993741158805,72.81446094681901
2018-06-18,6.4379,74.87,65.91,73.49,78.73827586206896,71.45310344827587,73.90103448275862,4.290961675873274,-0.004640810955944135,73.0366723432077
2018-06-19,6.4802,74.92,65.09,73.19,78.80206896551724,71.69827586206897,73.87275862068965,4.291866618695542,-0.0040109265272062706,73.10279627028106
2018-06-20,6.4713,74.25,65.92,73.02,78.86586206896551,71.94344827586207,73.84448275862069,4.292802472298734,-0.003495050846924852,73.17124180808015
2018-06-21,6.49,72.87,65.68,72.63,78.92965517241379,72.18862068965518,73.81620689655172,4.2937414405249035,-0.003002444752868683,73.23997954543265
2018-06-22,6.5027,73.67,69.02,73.3,78.99344827586206,72.43379310344828,73.78793103448277,4.294733567741523,-0.002510159038034569,73.31267898006493
2018-06-25,6.536,72.82,69.91,73.15,79.1848275862069,73.1693103448276,73.70310344827587,4.29766346541876,-0.0012257213680068432,73.52779260449164
2018-06-26,6.5759,73.58,75.23,73.44,79.24862068965517,73.4144827586207,73.6748275862069,4.2985938112374615,-0.0005981657863535632,73.59623070951562
2018-06-27,6.5992,76.09,77.41,73.58,79.31241379310345,73.65965517241379,73.64655172413794,4.299529609631291,-8.99810370129945e-05,73.66513417885511
2018-06-28,6.6235,76.26,73.45,73.57,79.37620689655172,73.9048275862069,73.61827586206897,4.300428512506122,0.00038571807391365467,73.73138175034873
2018-06-29,6.6171,77.44,74.13,73.59,79.44,74.15,73.59,4.301364454607963,0.000862474380242711,73.80042235872196
2018-07-02,6.6632,76.71,73.89,74.33,78.95343749999999,73.6446875,73.54593750000001,4.298499607359857,0.0002773279979535839,73.58929798575558
2018-07-03,6.6368,75.87,74.19,74.88,78.79124999999999,73.47625000000001,73.53125,4.297531859538296,-4.3683574152312996e-05,73.51811655133402
2018-07-04,6.6368,76.99,74.19,74.88,78.6290625,73.30781250000001,73.5165625,4.296602513781617,-0.0003225317543824824,73.44982454003872
2018-07-05,6.6341,77.09,73.05,74.53,78.466875,73.139375,73.501875,4.295647730423268,-0.0005958909160285648,73.37972933808535
2018-07-06,6.6396,74.98,73.78,74.25,78.3046875,72.9709375,73.4871875,4.294692480670377,-0.000865245470902658,73.3096668386882
2018-07-09,6.6123,77.08,73.93,75.08,77.818125,72.465625,73.44312500000001,4.291852100237356,-0.0015903753024297386,73.10173493809461
2018-07-10,6.6296,77.8,74.11,75.73,77.6559375,72.2971875,73.4284375,4.290905267063142,-0.0019408518395744774,73.03255254762227
2018-07-11,6.6764,75.35,70.47,72.35,77.49375,72.12875000000001,73.41375000000001,4.289878936868485,-0.0022299448440209874,72.95763548514762
2018-07-12,6.663,72.11,70.28,73.23,77.3315625,71.9603125,73.3990625,4.288915442096921,-0.002508627911193068,72.88737503803411
2018-07-13,6.69,74.11,71.03,73.82,77.169375,71.791875,73.384375,4.287979070286663,-0.0027847199375871396,72.81915729829339
2018-07-16,6.6866,71.03,68.22,72.01,76.6828125,71.2865625,73.34031250000001,4.285015010351445,-0.003524005837337477,72.60363651767554
2018-07-17,6.7018,70.87,68.03,72.37,76.520625,71.118125,73.325625,4.284040291528111,-0.0038809552509543065,72.53290286483093
2018-07-18,6.7161,70.52,68.78,72.72,76.3584375,70.94968750000001,73.31093750000001,4.283092965927874,-0.004173143560812444,72.46422312526154
2018-07-19,6.7701,71.94,69.42,72.44,76.19624999999999,70.78125,73.29625,4.282132005253467,-0.004453977832311754,72.3946213041993
2018-07-20,6.7659,71.99,70.31,72.59,76.0340625,70.6128125,73.2815625,4.281167288784144,-0.0047333708636120835,72.32481469794207
2018-07-23,6.7927,73.45,67.9,72.67,75.5475,70.1075,73.23750000000001,4.278211054159197,-0.005488549989083378,72.11132130025864
2018-07-24,6.7912,73.53,70.77,72.82,75.3853125,69.9390625,73.2228125,4.27724597011158,-0.005846474123756117,72.04176138540022
2018-07-25,6.7658,73.67,71.13,73.01,75.223125,69.77062500000001,73.20812500000001,4.276281757137245,-0.006143688690334215,71.97233126247029
2018-07-26,6.7865,74.51,71.59,73.14,75.0609375,69.6021875,73.1934375,4.275307513908042,-0.006430548853783887,71.9022468512228
2018-07-27,6.8097,74.84,68.66,73.14,74.89875,69.43375,73.17875000000001,4.274299623655957,-0.006722216338978327,71.82981378594037
2018-07-30,6.8102,74.99,71.19,73.15,74.4121875,68.9284375,73.1346875,4.271327977492195,-0.007482827928802783,71.61667783452044
2018-07-31,6.8038,74.16,69.88,73.12,74.25,68.76,73.12,4.270310322674016,-0.007853502945848842,71.54383384856337
2018-08-01,6.8154,72.28,68.8,70.83,74.35225806451614,68.79354838709678,73.09967741935485,4.270293739772586,-0.00783436700805764,71.5426474540557
2018-08-02,6.838,72.95,68.95,72.2,74.45451612903226,68.82709677419355,73.07935483870968,4.2703267497158945,-0.007751935241204013,71.54500911177118
2018-08-03,6.8309,72.48,68.49,71.89,74.55677419354839,68.86064516129032,73.05903225806452,4.270315965933613,-0.007656740175536605,71.54423759012957
2018-08-06,6.85,72.51,69.01,72.35,74.86354838709677,68.96129032258065,72.99806451612903,4.2703467860828175,-0.007396811227522349,71.54644262818644
2018-08-07,6.828,72.31,69.17,72.91,74.9658064516129,68.99483870967742,72.97774193548388,4.270321104080828,-0.007270313695189471,71.54460519589912
2018-08-08,6.8344,70.71,66.92,71.29,75.06806451612903,69.0283870967742,72.9574193548387,4.2702608012481225,-0.007168485913249129,71.5402909836219
2018-08-09,6.8199,70.55,66.81,71.14,75.17032258064516,69.06193548387097,72.93709677419355,4.270247623358844,-0.007069360622041637,71.53934823980006
2018-08-10,6.8458,71.0,67.61,71.71,75.27258064516128,69.09548387096774,72.91677419354839,4.270257486464836,-0.00697028568466911,71.5400538434541
2018-08-13,6.888,70.62,67.25,71.52,75.57935483870968,69.19612903225807,72.8558064516129,4.270267770848461,-0.0067106884890688326,71.54078959259571
2018-08-14,6.8809,70.77,67.04,71.41,75.68161290322581,69.22967741935484,72.83548387096774,4.270229653060194,-0.006584048117257421,71.53806266789806
2018-08-15,6.933,68.38,65.07,70.53,75.78387096774193,69.26322580645162,72.81516129032258,4.27017560346634,-0.006482866477663418,71.53419616915805
2018-08-16,6.8792,69.21,65.44,70.88,75.88612903225807,69.29677419354839,72.79483870967742,4.270178070550627,-0.0063839708545687015,71.5343726502671
2018-08-17,6.874,70.14,65.93,71.07,75.98838709677419,69.33032258064516,72.77451612903226,4.270182522741376,-0.006285150028562768,71.53469113564819
2018-08-20,6.8546,71.11,66.5,71.18,76.29516129032258,69.43096774193549,72.71354838709678,4.270208154051568,-0.006024780812258393,71.53652468700427
2018-08-21,6.8444,71.65,67.32,71.38,76.39741935483872,69.46451612903226,72.69322580645161,4.270184038162966,-0.005896683056080067,71.53479954094571
2018-08-22,6.84,72.96,67.85,72.06,76.49967741935484,69.49806451612903,72.67290322580645,4.270190131830839,-0.005793454798409625,71.53523545158366
2018-08-23,6.8748,73.73,69.13,72.07,76.60193548387097,69.5316129032258,72.6525806451613,4.270195315194042,-0.005692185034144308,71.53560624565176
2018-08-24,6.803,74.41,69.71,72.39,76.7041935483871,69.56516129032258,72.63225806451612,4.2701993232508615,-0.00559310114275764,71.53589296500083
2018-08-27,6.8145,74.41,69.97,72.45,77.01096774193549,69.6658064516129,72.57129032258064,4.270213975576896,-0.005333450690767012,71.53694113990679
2018-08-28,6.8018,75.91,68.54,72.39,77.11322580645161,69.69935483870968,72.55096774193548,4.270172287237299,-0.005209606239485856,71.53395894577265
2018-08-29,6.819,76.07,69.68,72.49,77.21548387096774,69.73290322580645,72.53064516129032,4.2701678035141475,-0.005105000283642107,71.53363820802383
2018-08-30,6.8415,77.05,70.25,72.51,77.31774193548387,69.76645161290323,72.51032258064515,4.270166853321489,-0.005004998539975173,71.53357023731824
2018-08-31,6.83,76.94,69.84,72.49,77.42,69.8,72.49,4.270153936722719,-0.0049074658370921445,71.53264627286015
2018-09-03,6.83,77.81,69.84,72.49,77.98785714285714,70.16964285714286,73.0,4.2761820843798,-0.005058747618085363,71.96515793925201
2018-09-04,6.8427,77.51,69.82,76.4,78.17714285714285,70.29285714285714,73.17,4.278552241577062,-0.005160900102319834,72.13592897344742
2018-09-05,6.827,76.68,68.69,75.53,78.36642857142857,70.41607142857143,73.33999999999999,4.2806599437076756,-0.005240644590715562,72.28813036589307
2018-09-06,6.8322,75.67,67.81,74.69,78.55571428571429,70.53928571428571,73.50999999999999,4.2827480344260085,-0.005315130566600524,72.43923224226663
2018-09-07,6.8419,75.55,67.73,75.04,78.745,70.6625,73.67999999999999,4.284856531688267,-0.005388770212527469,72.59213130210807
2018-09-10,6.8545,76.77,67.55,75.56,79.31285714285714,71.03214285714286,74.19,4.290933793086529,-0.005571553205237433,73.03463590563908
2018-09-11,6.8704,78.22,69.29,76.72,79.50214285714286,71.15535714285714,74.36,4.293265185555474,-0.0056704749402416545,73.20510694599676
2018-09-12,6.8574,80.02,70.37,77.1,79.69142857142857,71.27857142857142,74.53,4.295386149966929,-0.005745969073866503,73.36053714525978
2018-09-13,6.8407,77.66,68.6,76.22,79.88071428571429,71.40178571428571,74.7,4.297431945295991,-0.005819571733406587,73.51077141137128
2018-09-14,6.8673,77.87,68.98,76.13,80.07,71.525,74.87,4.299507936009194,-0.005889876221861249,73.66353760587702
2018-09-17,6.854,78.22,68.86,76.06,80.63785714285714,71.89464285714286,75.38,4.30548422612423,-0.006066160537660336,74.10509038706128
2018-09-18,6.8591,79.25,69.87,76.5,80.82714285714286,72.01785714285714,75.55,4.30776350374181,-0.006162449781922416,74.2741890991769
2018-09-19,6.8466,79.43,71.08,76.65,81.01642857142858,72.14107142857142,75.72,4.309843357523412,-0.006235044541117309,74.42882931101984
2018-09-20,6.8455,79.03,70.77,76.44,81.20571428571428,72.26428571428572,75.89,4.311886883855155,-0.006304978163944113,74.58108209686223
2018-09-21,6.8559,78.9,70.8,76.48,81.395,72.3875,76.06,4.313931250724922,-0.006373916041632259,74.73370914989985
2018-09-24,6.8559,80.89,73.23,77.02,81.96285714285715,72.75714285714285,76.57,4.319854990915987,-0.0065418226663842595,75.17772604838754
2018-09-25,6.8632,82.21,73.4,77.14,82.15214285714286,72.88035714285714,76.74,4.322092760315722,-0.006636179748491242,75.3461448342016
2018-09-26,6.8763,81.87,72.22,77.1,82.34142857142857,73.00357142857143,76.91,4.324120445253281,-0.006710889203922302,75.49907807500063
2018-09-27,6.888,81.54,72.18,77.22,82.53071428571428,73.12678571428572,77.08,4.326140942252973,-0.006779604131667855,75.65177794860031
2018-09-28,6.868,82.72,73.16,77.25,82.72,73.25,77.25,4.328168688970943,-0.006845251147012186,75.80533622907764
2018-10-01,6.868,84.94,75.37,82.82,82.06090909090909,72.52818181818182,77.44454545454545,4.326272714226751,-0.00818371866756059,75.66174738953244
2018-10-02,6.868,85.63,75.16,82.66,81.84121212121212,72.28757575757575,77.50939393939395,4.325719958397833,-0.008859265984714725,75.61993647431491
2018-10-03,6.868,85.45,76.4,84.12,81.62151515151515,72.0469696969697,77.57424242424243,4.325130551369489,-0.009420610744326206,75.57537868490108
2018-10-04,6.868,86.07,74.44,82.78,81.40181818181819,71.80636363636364,77.63909090909091,4.324460878607242,-0.009964555103591365,75.52478485484505
2018-10-05,6.868,85.12,74.26,82.71,81.18212121212122,71.56575757575757,77.7039393939394,4.323801047421167,-0.01050477473614339,75.47496768374518
2018-10-08,6.868,84.22,74.27,82.58,80.5230303030303,70.8439393939394,77.89848484848486,4.321670326920498,-0.011940517367188335,75.31432282823447
2018-10-09,6.9217,85.16,74.95,83.26,80.30333333333333,70.60333333333334,77.96333333333334,4.3211105525133116,-0.012640371485470111,75.27217559539235
2018-10-10,6.9224,83.82,73.18,81.85,80.08363636363636,70.36272727272727,78.02818181818182,4.320432287708326,-0.01321526031024607,75.22113843820163
2018-10-11,6.888,81.35,70.97,80.19,79.86393939393939,70.12212121212121,78.0930303030303,4.319708829291801,-0.013769185445195065,75.16673875282575
2018-10-12,6.9182,80.71,71.41,80.37,79.64424242424242,69.88151515151515,78.15787878787879,4.319024992300977,-0.014318413108071311,75.11535452760637
2018-10-15,6.9131,80.91,71.84,80.39,78.98515151515151,69.15969696969697,78.35242424242425,4.3168070125274,-0.015779941407596854,74.94893481657981
2018-10-16,6.9102,80.53,71.93,80.85,78.76545454545455,68.91909090909091,78.41727272727273,4.31620275723645,-0.01649311528573121,74.90366020625478
2018-10-17,6.9263,79.91,69.63,80.25,78.54575757575758,68.67848484848486,78.48212121212121,4.315500200384084,-0.01708097209633979,74.85105460788515
2018-10-18,6.9367,80.3,68.63,80.03,78.32606060606061,68.43787878787879,78.5469696969697,4.314783766769501,-0.017645847845266883,74.79744800135742
2018-10-19,6.9291,80.38,69.16,80.08,78.10636363636364,68.19727272727273,78.61181818181818,4.314071086826036,-0.01820528413189697,74.74416035111979
2018-10-22,6.9446,80.45,69.25,80.19,77.44727272727273,67.47545454545454,78.80636363636364,4.3117501245356955,-0.019695273031894635,74.57088313624747
2018-10-23,6.9373,78.67,66.49,79.32,77.22757575757575,67.23484848484848,78.87121212121212,4.311066907334099,-0.02042551579293978,74.51995242650018
2018-10-24,6.942,77.34,66.56,79.28,77.00787878787878,66.99424242424243,78.93606060606061,4.310350339427105,-0.02102137388241339,74.46657294745548
2018-10-25,6.9477,77.3,67.25,79.38,76.78818181818181,66.75363636363636,79.00090909090909,4.309614924432952,-0.02159371322000776,74.41182924528374
2018-10-26,6.9425,77.4,67.58,79.45,76.56848484848484,66.5130303030303,79.06575757575757,4.30886666971097,-0.02216382762466842,74.35617106852328
2018-10-29,6.9605,77.56,67.0,79.41,75.90939393939394,65.79121212121213,79.26030303030304,4.306433061915827,-0.02368413805104042,74.17543731772517
2018-10-30,6.9663,75.68,66.18,79.35,75.68969696969697,65.55060606060606,79.32515151515152,4.305738505771423,-0.024426193953262603,74.12393619925177
2018-10-31,6.9737,74.84,65.31,79.39,75.47,65.31,79.39,4.304983222274533,-0.02503552130032702,74.06797275031104
2018-11-01,6.9205,71.25,63.67,71.56,74.91133333333333,64.83066666666667,78.929,4.298825459355647,-0.025310924094942375,73.61328111263566
2018-11-02,6.8894,71.11,63.12,71.54,74.35266666666666,64.35133333333333,78.468,4.292444138937969,-0.025526891753527257,73.14502680822672
2018-11-05,6.9249,72.68,63.12,71.88,72.67666666666666,62.913333333333334,77.08500000000001,4.273542309556003,-0.026105180843363465,71.77543664804871
2018-11-06,6.9172,70.64,62.16,70.99,72.118,62.434000000000005,76.624,4.26642564282689,-0.026354945555708876,71.26644808529754
2018-11-07,6.9174,70.1,61.69,71.06,71.55933333333333,61.95466666666667,76.163,4.259786642934184,-0.02657616378695795,70.79487725554073
2018-11-08,6.9318,69.29,60.71,69.98,71.00066666666666,61.47533333333333,75.702,4.253099102216066,-0.026795176307221568,70.3230131949241
2018-11-09,6.9553,69.01,60.19,69.82,70.442,60.996,75.241,4.246384976544429,-0.027016867358018573,69.85243716779304
2018-11-12,6.9553,69.81,59.85,69.81,68.766,59.558,73.858,4.226548139580843,-0.027649295258430368,68.48043880394484
2018-11-13,6.9546,65.45,55.63,66.91,68.20733333333334,59.07866666666667,73.397,4.219012419256547,-0.02792909327322005,67.96632889656998
2018-11-14,6.95,64.88,56.16,67.26,67.64866666666667,58.599333333333334,72.936,4.212056127362783,-0.02817200796974132,67.49517591258224
2018-11-15,6.938,65.61,56.45,67.55,67.09,58.120000000000005,72.475,4.205076550811715,-0.02841330934093289,67.02572834383398
2018-11-16,6.9367,65.29,56.49,67.6,66.53133333333334,57.64066666666667,72.014,4.198035437009381,-0.028657315126542737,66.55545014695683
2018-11-19,6.9398,64.14,57.16,67.68,64.85533333333333,56.202666666666666,70.631,4.177183736776062,-0.029352858956470565,65.1820247416855
2018-11-20,6.9448,61.5,53.39,66.06,64.29666666666667,55.72333333333333,70.17,4.16929669336606,-0.029664920027042848,64.66995330229867
2018-11-21,6.9248,61.65,54.41,66.47,63.738,55.244,69.709,4.161990083082782,-0.029933945818270895,64.19915721276872
2018-11-22,6.9248,61.11,54.41,66.47,63.17933333333333,54.76466666666667,69.248,4.154629781709329,-0.03020176148813,63.72836677290459
2018-11-23,6.9477,57.69,54.41,65.35,62.620666666666665,54.285333333333334,68.787,4.147177967493902,-0.03047036738715269,63.2552398398376
2018-11-26,6.9397,59.7,51.46,65.63,60.94466666666666,52.84733333333333,67.404,4.125184299291662,-0.031251910782549394,61.879212494562026
2018-11-27,6.9498,59.58,51.31,65.59,60.385999999999996,52.367999999999995,66.943,4.11694848799986,-0.031596597296785406,61.37167981801124
2018-11-28,6.9534,57.97,50.06,65.52,59.82733333333333,51.888666666666666,66.482,4.109201823489635,-0.03190123270627373,60.898090740252414
2018-11-29,6.9419,58.29,51.46,65.59,59.26866666666666,51.409333333333336,66.021,4.101452468349952,-0.032197662601481,60.42799363502684
2018-11-30,6.9558,57.71,50.78,65.56,58.71,50.93,65.56,4.093613149877941,-0.03250183373761438,59.956131304358834
2018-12-03,6.8798,60.17,52.98,60.52,58.183928571428574,50.33857142857143,64.67714285714285,4.081041532809823,-0.032354628806704894,59.207103888648426
2018-12-04,6.8343,61.22,53.21,61.05,58.00857142857143,50.14142857142857,64.38285714285715,4.076333360848789,-0.03224305604584364,58.92900185205247
2018-12-05,6.8343,61.4,52.64,60.46,57.833214285714284,49.94428571428571,64.08857142857143,4.071952524878796,-0.03215484712677047,58.67140821077991
2018-12-06,6.8816,57.83,51.54,59.21,57.65785714285714,49.747142857142855,63.794285714285714,4.0675340897512084,-0.032070444554859155,58.41274426550265
2018-12-07,6.8733,61.71,52.76,60.2,57.4825,49.55,63.5,4.063202448843625,-0.03198575632816824,58.160268444983394
2018-12-10,6.9077,60.29,51.07,59.01,56.956428571428575,48.958571428571425,62.61714285714286,4.05034557539675,-0.03178188951964111,57.41729562210168
2018-12-11,6.8968,59.73,51.65,59.14,56.78107142857143,48.76142857142857,62.322857142857146,4.0454722376902925,-0.03165379568950072,57.138162457868226
2018-12-12,6.8778,59.94,51.04,59.24,56.605714285714285,48.56428571428571,62.02857142857143,4.040962157939372,-0.03155977829709737,56.88104503423661
2018-12-13,6.8798,59.03,52.69,59.92,56.43035714285714,48.36714285714285,61.73428571428572,4.036482060871638,-0.031467220633907216,56.62678241705289
2018-12-14,6.905,58.56,51.26,59.35,56.254999999999995,48.17,61.44,4.031934676295728,-0.03137988975349122,56.36986325794639
2018-12-17,6.8962,57.59,49.8,59.14,55.72892857142857,47.57857142857143,60.55714285714286,4.018684595329329,-0.03116406207467139,55.62788450042471
2018-12-18,6.8939,55.26,46.12,57.92,55.55357142857143,47.38142857142857,60.26285714285714,4.01357298258424,-0.03103731667811485,55.344261799291644
2018-12-19,6.8918,55.6,47.96,58.21,55.378214285714286,47.184285714285714,59.96857142857143,4.008944211765434,-0.03093239441818234,55.088677871335186
2018-12-20,6.8834,52.84,45.64,57.53,55.20285714285714,46.98714285714286,59.674285714285716,4.00423843469054,-0.030840951056605264,54.8300518294299
2018-12-21,6.9048,51.93,45.38,57.48,55.027499999999996,46.79,59.38,3.999556578069895,-0.030746889087856947,54.57394538290935
2018-12-24,6.9048,51.93,45.38,56.93,54.50142857142857,46.19857142857143,58.497142857142855,3.9858828589679876,-0.030511570694250725,53.83279527042293
2018-12-26,6.8847,51.93,46.04,57.42,54.15071428571429,45.80428571428571,57.90857142857143,3.976153748313171,-0.03029641479776613,53.31158959347763
2018-12-27,6.8649,51.49,44.48,57.28,53.97535714285714,45.607142857142854,57.614285714285714,3.9710707699511283,-0.030168496262440014,53.04129546867981
2018-12-28,6.8755,50.57,45.15,57.32,53.8,45.41,57.32,3.966225947866927,-0.03005965456339063,52.78494132556042
2018-12-31,6.8755,50.57,45.15,57.32,54.51382352941176,46.14941176470588,57.47529411764706,3.9734139542386973,-0.028589944522469348,53.16572672456355
2019-01-02,6.8597,54.06,46.31,53.89,54.989705882352936,46.64235294117647,57.578823529411764,3.978359221680543,-0.02739047220848073,53.429296636661064
2019-01-03,6.8708,53.23,46.92,54.76,55.22764705882353,46.88882352941176,57.63058823529412,3.980825397278041,-0.02672020715572862,53.56122527694845
2019-01-04,6.8663,55.64,47.76,55.47,55.46558823529411,47.13529411764706,57.68235294117647,3.9832819853094468,-0.026140983210523026,53.692964890638244
2019-01-07,6.8501,57.1,48.27,55.62,56.17941176470588,47.87470588235294,57.83764705882353,3.990523006854397,-0.024664070191959125,54.08316783525001
2019-01-08,6.8519,56.91,49.58,56.87,56.41735294117647,48.12117647058823,57.88941176470588,3.9930128745252,-0.0239626847097368,54.21799554830484
2019-01-09,6.8117,59.46,52.19,58.9,56.65529411764706,48.36764705882353,57.94117647058823,3.9954540777247716,-0.0233899231775441,54.35051437939709
2019-01-10,6.7875,60.47,52.42,59.09,56.893235294117645,48.61411764705882,57.99294117647059,3.9978401323037924,-0.022844907631818744,54.480352511939394
2019-01-11,6.7596,59.24,51.44,58.38,57.13117647058824,48.86058823529412,58.04470588235294,4.000177817546153,-0.022308302740709447,54.60785940543044
2019-01-14,6.7596,58.8,50.31,57.64,57.845,49.599999999999994,58.2,4.007169177422574,-0.0208973244190587,54.990980310125664
2019-01-15,6.7595,58.65,51.8,58.51,58.082941176470584,49.84647058823529,58.25176470588235,4.009585723920972,-0.020224392901656677,55.124029265784394
2019-01-16,6.7532,59.81,52.08,58.87,58.320882352941176,50.09294117647059,58.30352941176471,4.011899500980091,-0.019677267258152525,55.25172164899178
2019-01-17,6.7735,59.85,51.83,58.86,58.55882352941176,50.33941176470588,58.355294117647055,4.014203834535395,-0.019155218337918042,55.37918684994286
2019-01-18,6.7765,62.04,53.6,59.52,58.79676470588235,50.58588235294118,58.40705882352941,4.016547213310752,-0.018636686226183613,55.50911343514781
2019-01-21,6.7765,62.18,53.6,59.52,59.510588235294115,51.325294117647054,58.56235294117647,4.023376549984227,-0.01728004083245765,55.88950127913456
2019-01-22,6.8072,60.9,52.59,59.1,59.74852941176471,51.57176470588235,58.61411764705882,4.025678008701656,-0.016637205738723026,56.01827678798436
2019-01-23,6.7897,61.05,52.44,59.08,59.98647058823529,51.81823529411764,58.665882352941175,4.027912098439217,-0.016112324472177725,56.143566547443434
2019-01-24,6.7835,61.09,52.94,59.16,60.224411764705884,52.06470588235294,58.71764705882353,4.030163505341921,-0.015609154820205046,56.27011095873859
2019-01-25,6.7448,61.49,53.53,59.23,60.46235294117647,52.31117647058824,58.76941176470588,4.032413893093691,-0.015112026971930736,56.39688311698651
2019-01-28,6.7437,59.71,51.79,58.92,61.17617647058823,53.050588235294114,58.92470588235294,4.039027576831209,-0.013811347071051564,56.771110412109174
2019-01-29,6.7304,60.98,53.07,59.05,61.41411764705882,53.29705882352941,58.976470588235294,4.041316600901427,-0.013189763902852461,56.90120969372305
2019-01-30,6.7115,61.89,54.18,59.05,61.652058823529416,53.54352941176471,59.02823529411764,4.043512006538179,-0.012681561235442548,57.026268157020446
2019-01-31,6.6958,62.46,53.84,59.08,61.89,53.79,59.08,4.045700336124879,-0.01219903000572314,57.1511970698108
2019-02-01,6.7426,61.86,55.29,62.62,62.03785714285714,53.9125,59.27642857142857,4.048563746827181,-0.012224950434188432,57.315078937723186
2019-02-04,6.7426,62.26,54.57,62.55,62.48142857142857,54.28,59.86571428571428,4.056984037888332,-0.012545693322107237,57.79972615638674
2019-02-05,6.7426,61.67,53.69,62.08,62.629285714285714,54.402499999999996,60.06214285714285,4.060165897606609,-0.012724484262166609,57.983929676241175
2019-02-06,6.7426,62.22,53.94,62.71,62.777142857142856,54.525,60.25857142857143,4.063102171852283,-0.012865025839554251,58.1544366006529
2019-02-07,6.7426,61.01,52.68,61.79,62.925,54.6475,60.455,4.065961364285574,-0.012998255711511444,58.320949258172504
2019-02-08,6.7426,61.37,52.75,62.16,63.072857142857146,54.769999999999996,60.65142857142857,4.068850900051778,-0.013128766802249963,58.489713434611396
2019-02-11,6.7907,61.3,52.43,61.65,63.51642857142857,55.137499999999996,61.24071428571428,4.077115358664744,-0.013454387504042497,58.975102225643646
2019-02-12,6.7726,62.58,53.14,62.51,63.66428571428572,55.26,61.43714285714285,4.080282965546666,-0.013628585835940614,59.162208348188635
2019-02-13,6.7598,63.27,53.84,63.29,63.81214285714286,55.3825,61.63357142857143,4.083169590617793,-0.01376355599898085,59.33323418704933
2019-02-14,6.7711,64.0,54.4,64.06,63.96,55.504999999999995,61.83,4.086026462552877,-0.01389070406468144,59.50298399990012
2019-02-15,6.768,65.65,55.58,64.68,64.10785714285714,55.6275,62.02642857142857,4.088880950965345,-0.014014271788348638,59.673077227313684
2019-02-18,6.768,66.41,55.58,64.68,64.55142857142857,55.995,62.61571428571428,4.0969957579087115,-0.014327530722947858,60.15928279282555
2019-02-19,6.756,65.86,56.12,64.66,64.69928571428572,56.1175,62.81214285714285,4.100073498303535,-0.014494089206506624,60.34472266911834
2019-02-20,6.756,66.82,56.9,64.95,64.84714285714286,56.24,63.00857142857143,4.102894589314,-0.014622872950734512,60.515200978118294
2019-02-21,6.7195,66.91,56.95,64.93,64.995,56.3625,63.205,4.105672933437179,-0.014744869415079352,60.68356681192724
2019-02-22,6.7112,66.91,57.01,64.92,65.14285714285714,56.485,63.40142857142857,4.108440384886706,-0.014865038055550246,60.85173823265199
2019-02-25,6.6844,64.02,55.32,64.5,65.58642857142857,56.8525,63.99071428571428,4.116352120775719,-0.015169456947006589,61.33509067104574
2019-02-26,6.698,64.51,55.4,64.53,65.73428571428572,56.975,64.18714285714286,4.119369410183623,-0.015331812309961603,61.520435869897206
2019-02-27,6.6822,65.55,56.92,64.6,65.88214285714285,57.0975,64.38357142857143,4.1221395419021745,-0.015454134227331986,61.69109184126994
2019-02-28,6.6912,65.03,57.21,64.58,66.03,57.22,64.58,4.124862223844478,-0.01557077218037286,61.85928592862756
2019-03-01,6.7048,63.71,55.76,65.0,66.11137931034483,57.320689655172416,64.66103448275862,4.126372752759493,-0.015544984373334183,61.95279677632427
2019-03-04,6.7045,64.44,56.6,65.61,66.35551724137932,57.62275862068965,64.90413793103448,4.130572217915794,-0.015374279296820255,62.213512437735424
2019-03-05,6.706,64.24,56.55,65.86,66.43689655172413,57.72344827586207,64.98517241379311,4.132107613090019,-0.01529800883537848,62.309108134309454
2019-03-06,6.7099,64.51,56.22,66.13,66.51827586206896,57.824137931034485,65.06620689655172,4.133533133772626,-0.015233428281110304,62.39799439621984
2019-03-07,6.7132,64.82,56.6,66.43,66.59965517241379,57.924827586206895,65.14724137931034,4.134960756945966,-0.015169244512637799,62.48713883618347
2019-03-08,6.7201,65.66,55.77,66.02,66.68103448275862,58.02551724137931,65.22827586206897,4.1363672996546335,-0.015106997119135554,62.57509150579189
2019-03-11,6.7215,65.06,56.79,66.59,66.9251724137931,58.32758620689655,65.47137931034483,4.140506483648644,-0.014932248175263214,62.83463810798297
2019-03-12,6.707,65.33,56.89,66.63,67.00655172413794,58.428275862068965,65.55241379310345,4.142024949761999,-0.014855611027059528,62.93012285352317
2019-03-13,6.7064,65.89,58.27,67.18,67.08793103448276,58.52896551724138,65.63344827586207,4.143456819637175,-0.014788641219200826,63.02029514276418
2019-03-14,6.7209,66.18,58.59,66.94,67.1693103448276,58.62965517241379,65.71448275862069,4.144861246799715,-0.0147244076636689,63.108864737268114
2019-03-15,6.7129,66.11,58.51,66.87,67.25068965517241,58.73034482758621,65.79551724137932,4.146260069445844,-0.014661879323170755,63.197204617942326
2019-03-18,6.7121,66.65,59.09,67.02,67.4948275862069,59.03241379310345,66.03862068965518,4.150352870897994,-0.014490897659704361,63.456388260569796
2019-03-19,6.7106,67.13,59.12,67.05,67.57620689655172,59.13310344827586,66.1196551724138,4.151856428660901,-0.014416089660111578,63.551870369189885
2019-03-20,6.6916,68.35,60.12,67.34,67.65758620689655,59.23379310344828,66.20068965517243,4.153269924088785,-0.01435109540157432,63.641764164657566
2019-03-21,6.6952,68.3,59.98,67.09,67.73896551724138,59.33448275862069,66.28172413793104,4.154654245027462,-0.014289202327235637,63.72992579928446
2019-03-22,6.7162,66.29,58.87,66.9,67.82034482758621,59.435172413793104,66.36275862068966,4.156017948168681,-0.014229885630730674,63.816893785066505
2019-03-25,6.7079,67.37,58.71,66.89,68.06448275862068,59.73724137931035,66.60586206896552,4.160063125033756,-0.014064046589432907,64.07556724462137
2019-03-26,6.7145,67.51,59.87,66.97,68.14586206896551,59.83793103448276,66.68689655172415,4.161560733767768,-0.01398863086679645,64.1715992650113
2019-03-27,6.7262,67.35,59.39,66.92,68.22724137931034,59.938620689655174,66.76793103448277,4.162935196986856,-0.013927037235262242,64.25986141055243
2019-03-28,6.7381,66.08,59.29,66.89,68.30862068965517,60.039310344827584,66.84896551724138,4.164302151831901,-0.01386679675288299,64.34776180369633
2019-03-29,6.7112,67.93,60.19,66.93,68.39,60.14,66.93,4.165693450208408,-0.013805332443414442,64.43735104845952
2019-04-01,6.7102,69.08,61.59,68.46,68.8034375,60.4934375,67.306875,4.171217247134114,-0.013758516467571914,64.79427476961091
2019-04-02,6.7223,69.68,62.53,68.89,68.94125,60.61125,67.4325,4.173288908712588,-0.01374866970587151,64.92864571666281
2019-04-03,6.7098,69.21,62.46,68.82,69.0790625,60.7290625,67.558125,4.17517987762043,-0.013738781812390622,65.05153992488458
2019-04-04,6.7167,69.8,62.12,68.98,69.216875,60.846875,67.68375,4.177065575037619,-0.013729620083963282,65.17432317535099
2019-04-05,6.7182,69.93,63.1,69.73,69.3546875,60.9646875,67.809375,4.178965036906462,-0.013718732821499598,65.29823696455271
2019-04-08,6.7158,71.12,64.37,70.09,69.768125,61.318125,68.18625,4.184431139552646,-0.013681354505005025,65.65614110968369
2019-04-09,6.7111,71.02,64.05,69.66,69.9059375,61.4359375,68.311875,4.186451444968956,-0.0136744761587308,65.78892064963034
2019-04-10,6.7153,71.63,64.62,70.39,70.04375,61.55375,68.4375,4.188339417107116,-0.013665413658777456,65.91324562293025
2019-04-11,6.7188,71.3,63.61,69.7,70.1815625,61.6715625,68.563125,4.190179155373933,-0.013656515390445583,66.03462035783095
2019-04-12,6.7039,71.57,63.86,69.98,70.319375,61.789375,68.68875,4.192040774433979,-0.013646639898684055,66.15766616238359
2019-04-15,6.7072,70.9,63.43,69.83,70.7328125,62.1428125,69.06562500000001,4.19740512084927,-0.0136125790865079,66.51351238959734
2019-04-16,6.7112,70.74,64.01,70.24,70.870625,62.260625,69.19125000000001,4.199417573167768,-0.01360582290827255,66.64750244089068
2019-04-17,6.687,71.14,63.74,70.15,71.0084375,62.3784375,69.31687500000001,4.201262424589146,-0.013597403413232645,66.77057066689089
2019-04-18,6.7081,70.71,64.02,70.37,71.14625,62.496249999999996,69.44250000000001,4.203100659870235,-0.013587591516922067,66.89342356730275
2019-04-19,6.7032,70.71,64.02,70.37,71.2840625,62.614062499999996,69.56812500000001,4.204931787780111,-0.013577840303053309,67.01602619847634
2019-04-22,6.7112,70.71,65.66,71.02,71.69749999999999,62.9675,69.94500000000001,4.210258525240163,-0.013541689791868695,67.37395542683879
2019-04-23,6.7249,74.39,66.24,71.1,71.8353125,63.0853125,70.070625,4.212260259265758,-0.01353479650907409,67.50895523763496
2019-04-24,6.7207,73.59,65.96,71.2,71.973125,63.203125,70.19625,4.214079150028509,-0.013526719078694675,67.63185839254221
2019-04-25,6.7418,74.94,65.23,71.13,72.11093749999999,63.3209375,70.321875,4.215890383673022,-0.013518989858354912,67.75446649234281
2019-04-26,6.7282,71.03,63.29,70.96,72.24875,63.43875,70.4475,4.217661338077666,-0.013512936844673801,67.87456287443216
2019-04-29,6.7332,71.22,63.39,70.93,72.6621875,63.7921875,70.824375,4.222898709882514,-0.013480124955617923,68.23097972536902
2019-04-30,6.7347,72.19,63.83,70.95,72.8,63.91,70.95,4.2248598937910735,-0.013473639050689835,68.36492452713456
2019-05-01,6.7319,72.01,63.55,71.65,72.53193548387097,63.57419354838709,70.89935483870968,4.222632196589026,-0.013965644425045547,68.21279768522979
2019-05-02,6.7337,70.56,61.75,70.61,72.26387096774194,63.23838709677419,70.84870967741935,4.220244194717155,-0.014540020578009835,68.05009973549234
2019-05-03,6.7337,71.95,61.98,70.64,71.9958064516129,62.90258064516129,70.79806451612903,4.217899713769157,-0.015129487336564195,67.89074444886236
2019-05-06,6.7602,71.95,62.3,70.56,71.1916129032258,61.89516129032258,70.64612903225806,4.210794568490764,-0.01672509422547424,67.41008046233733
2019-05-07,6.7755,70.98,61.41,69.41,70.92354838709677,61.55935483870967,70.59548387096774,4.208333840304384,-0.01749781044521398,67.24440650019056
2019-05-08,6.7818,71.09,62.13,69.59,70.65548387096774,61.22354838709677,70.54483870967742,4.205968143037514,-0.018136663613414296,67.08551461067864
2019-05-09,6.8256,70.61,61.58,69.69,70.38741935483871,60.88774193548387,70.4941935483871,4.203556410783404,-0.01875755209746306,66.92391725441357
2019-05-10,6.8217,71.63,61.65,69.9,70.11935483870967,60.55193548387096,70.44354838709677,4.20114221983268,-0.01937741094380905,66.76254500907558
2019-05-13,6.8765,72.35,60.97,69.64,69.31516129032258,59.54451612903225,70.29161290322581,4.193797035451279,-0.021046455918675922,66.27395838231492
2019-05-14,6.8737,72.53,61.82,70.4,69.04709677419355,59.20870967741935,70.24096774193548,4.191306911766617,-0.021853802269551213,66.10913333142176
2019-05-15,6.8742,73.09,62.03,70.64,68.77903225806452,58.87290322580645,70.19032258064516,4.188864103707295,-0.022522825120936552,65.94783849409727
2019-05-16,6.8832,74.7,62.93,71.15,68.51096774193547,58.53709677419354,70.13967741935484,4.186400643574459,-0.023169892994133443,65.7855785656109
2019-05-17,6.9182,73.94,62.77,71.01,68.24290322580644,58.20129032258065,70.08903225806452,4.183890378666467,-0.02381732353615256,65.62064643456507
2019-05-20,6.9111,73.21,63.12,70.91,67.43870967741935,57.19387096774194,69.93709677419355,4.176296044850554,-0.025560652986908676,65.12418885865512
2019-05-21,6.9007,72.94,63.02,70.99,67.17064516129032,56.85806451612903,69.88645161290323,4.173701219521308,-0.026405985806540196,64.9554220187874
2019-05-22,6.9054,71.94,61.42,70.5,66.9025806451613,56.52225806451613,69.8358064516129,4.171139740530632,-0.027108720668142877,64.78925298006189
2019-05-23,6.9087,68.37,57.65,69.37,66.63451612903225,56.18645161290323,69.78516129032258,4.1684984410006765,-0.027793385561370017,64.61835095769281
2019-05-24,6.8997,67.98,58.4,69.43,66.36645161290322,55.85064516129032,69.73451612903226,4.165909763890206,-0.028470790347684842,64.4512912367825
2019-05-28,6.9078,70.19,58.91,69.66,65.29419354838709,54.50741935483871,69.53193548387097,4.155414062649028,-0.030876467745442917,63.778367320958175
2019-05-29,6.9138,70.64,58.84,69.51,65.02612903225805,54.17161290322581,69.48129032258065,4.152696899139682,-0.03186332749277858,63.605306292619055
2019-05-30,6.9011,69.55,56.47,69.34,64.75806451612902,53.8358064516129,69.43064516129031,4.150042721926293,-0.03262443413472805,63.436710378698045
2019-05-31,6.9027,66.78,53.49,69.38,64.49,53.5,69.38,4.14732308144591,-0.03335141661800737,63.26441972372446
2019-06-03,6.9028,63.16,53.25,60.4,64.71071428571427,54.0325,68.56035714285714,4.143741468119443,-0.031163290963583248,63.038236327473044
2019-06-04,6.9072,63.56,53.5,60.83,64.78428571428572,54.21,68.28714285714285,4.142015489896046,-0.029999992978815133,62.929527545812356
2019-06-05,6.9084,62.14,51.57,59.57,64.85785714285714,54.3875,68.01392857142856,4.140491446570588,-0.029024642051112916,62.833693265728996
2019-06-06,6.9082,62.77,52.59,59.85,64.93142857142857,54.565,67.74071428571428,4.139065182989539,-0.02807846290507654,62.74413973601125
2019-06-07,6.9057,64.1,53.95,61.26,65.005,54.7425,67.4675,4.137661608670862,-0.027138546468778325,62.65613544755744
2019-06-10,6.9298,64.31,53.33,60.59,65.22571428571428,55.275,66.64785714285713,4.133704258615766,-0.02466125416677962,62.40867315689773
2019-06-11,6.9107,63.56,53.3,60.94,65.29928571428572,55.4525,66.37464285714286,4.131802687204939,-0.023441889010297607,62.29011137081268
2019-06-12,6.9161,61.66,51.13,59.37,65.37285714285714,55.63,66.10142857142857,4.130154867767004,-0.022451858760976474,62.187553036519596
2019-06-13,6.9212,63.28,52.38,60.18,65.44642857142857,55.8075,65.82821428571428,4.128642212962995,-0.021498919858961,62.09355584624315
2019-06-14,6.9247,63.13,52.47,60.57,65.52,55.985,65.55499999999999,4.1270999840406954,-0.0205540168709759,61.99786717441332
2019-06-17,6.9251,62.56,51.94,59.94,65.74071428571428,56.5175,64.73535714285714,4.1228433978530905,-0.01806062880997885,61.73452876825743
2019-06-18,6.9002,63.35,53.86,60.64,65.81428571428572,56.695,64.46214285714285,4.120861357448195,-0.016828614247606677,61.612289619345546
2019-06-19,6.8996,62.85,53.74,60.65,65.88785714285714,56.8725,64.18892857142856,4.119165248160406,-0.01582883766104136,61.507877015305006
2019-06-20,6.851,65.44,56.88,61.59,65.96142857142857,57.05,63.91571428571428,4.1175743965144616,-0.01486463888742595,61.41010489900296
2019-06-21,6.8686,65.99,57.35,61.81,66.035,57.2275,63.6425,4.115932185042303,-0.013910838979543498,61.30933928210329
2019-06-24,6.8758,65.16,57.73,61.64,66.25571428571428,57.76,62.82285714285714,4.111386425702059,-0.011396379414921512,61.03127426756211
2019-06-25,6.8791,66.24,57.63,61.63,66.32928571428572,57.9375,62.54964285714286,4.109256193466915,-0.01015738436028563,60.90140185807421
2019-06-26,6.8781,66.85,59.17,61.77,66.40285714285714,58.115,62.27642857142857,4.107473942146801,-0.009146251836624202,60.792956920987585
2019-06-27,6.8762,66.78,59.18,61.73,66.47642857142857,58.2925,62.00321428571428,4.105715116797442,-0.008178425683684787,60.686126702680106
2019-06-28,6.865,67.52,58.2,61.73,66.55,58.47,61.73,4.103946852920386,-0.007219727594532543,60.578912436486426
2019-07-01,6.8487,65.1,58.91,63.19,66.42454545454545,58.48,61.86818181818182,4.105082638998993,-0.007260855143219652,60.64775621038814
2019-07-02,6.8717,62.72,56.0,61.02,66.38272727272727,58.483333333333334,61.914242424242424,4.105526976770499,-0.007344624048627238,60.67471028714326
2019-07-03,6.8806,63.53,57.06,62.25,66.3409090909091,58.486666666666665,61.96030303030303,4.106056462985145,-0.0074319404190094805,60.706845216568226
2019-07-04,6.8806,63.62,57.06,62.25,66.2990909090909,58.49,62.00636363636363,4.106555973508367,-0.007520122111100549,60.73717649935234
2019-07-05,6.8925,64.23,57.06,62.53,66.25727272727272,58.49333333333333,62.05242424242424,4.107061431689062,-0.007608920945078194,60.767884362202686
2019-07-08,6.8808,64.89,57.35,62.61,66.13181818181818,58.50333333333333,62.19060606060606,4.108480228433297,-0.007839242720953793,60.85416283002136
2019-07-09,6.8866,64.3,57.57,62.77,66.09,58.50666666666667,62.236666666666665,4.109047146730312,-0.007954263864047836,60.88867194938053
2019-07-10,6.8705,66.41,60.28,64.62,66.04818181818182,58.51,62.28272727272727,4.109616214116438,-0.008044667871711887,60.92333156766533
2019-07-11,6.8682,67.64,59.93,64.24,66.00636363636363,58.513333333333335,62.32878787878788,4.110112836763715,-0.008133366541904012,60.95359498799735
2019-07-12,6.8796,66.65,59.99,64.44,65.96454545454546,58.516666666666666,62.374848484848485,4.110606415398352,-0.008221314242561931,60.98368780616284
2019-07-15,6.8769,66.86,59.3,64.31,65.83909090909091,58.526666666666664,62.5130303030303,4.112003209712262,-0.008452003843675279,61.06892899287519
2019-07-16,6.8753,65.87,57.44,63.19,65.79727272727273,58.53,62.559090909090905,4.1125257022833805,-0.008569005133774475,61.100845391914724
2019-07-17,6.8731,63.67,56.5,62.85,65.75545454545454,58.53333333333333,62.60515151515151,4.112999456643568,-0.008662903592851476,61.12979904174765
2019-07-18,6.8788,60.7,55.08,62.31,65.71363636363637,58.53666666666666,62.65121212121212,4.113453483068767,-0.00875319357031516,61.15755988748162
2019-07-19,6.8812,61.04,55.42,62.59,65.67181818181818,58.54,62.697272727272725,4.113954416636347,-0.008840623732895023,61.188203436690976
2019-07-22,6.8803,61.96,55.87,62.95,65.54636363636364,58.55,62.835454545454546,4.115367065827326,-0.00906847558609586,61.27470198444045
2019-07-23,6.8787,62.28,56.58,63.07,65.50454545454545,58.553333333333335,62.88151515151515,4.115937699380688,-0.009181177821269587,61.3096773634784
2019-07-24,6.8717,63.83,55.9,63.02,65.46272727272728,58.556666666666665,62.92757575757576,4.116438591565103,-0.009274576061887684,61.34039459406691
2019-07-25,6.8714,63.47,55.88,63.14,65.42090909090909,58.559999999999995,62.973636363636366,4.116930373099664,-0.009362777643464834,61.370568086225965
2019-07-26,6.8785,62.46,56.04,63.17,65.3790909090909,58.56333333333333,63.019696969696966,4.117416934630496,-0.0094492889248029,61.40043590945968
2019-07-29,6.8927,62.29,56.85,63.16,65.25363636363636,58.57333333333333,63.157878787878786,4.118812917560197,-0.009674111456680916,61.48620972532741
2019-07-30,6.8833,62.55,58.04,63.23,65.21181818181819,58.57666666666667,63.20393939393939,4.119382985512859,-0.009784689300685483,61.52127103573768
2019-07-31,6.8833,64.07,58.53,63.25,65.17,58.58,63.25,4.119892742128312,-0.009874752541661742,61.55263990520432
2019-08-01,6.8972,62.9,53.64,59.4,65.012,58.464,63.112,4.117812770513434,-0.009879498420182068,61.424745216151216
2019-08-02,6.9387,61.12,55.67,60.56,64.854,58.348,62.974,4.115735944401587,-0.009855937283410783,61.29730907852672
2019-08-05,7.0481,59.32,54.63,58.86,64.38,58.0,62.56,4.109532819100981,-0.009795425124260255,60.91825107733423
2019-08-06,7.0192,58.63,53.6,58.27,64.22200000000001,57.884,62.422,4.107179323621186,-0.009754841303561147,60.775048827809286
2019-08-07,7.0592,55.03,51.14,56.4,64.06400000000001,57.768,62.284,4.104950520464189,-0.009727028815737592,60.63974404698777
2019-08-08,7.044,56.29,52.6,57.47,63.906,57.652,62.146,4.102847968915621,-0.009698504167722997,60.512379801103414
2019-08-09,7.0613,57.37,54.41,58.31,63.748000000000005,57.536,62.008,4.100744075406048,-0.009668791922409561,60.385202029146846
2019-08-12,7.0578,57.13,54.98,58.35,63.274,57.188,61.594,4.094501457666996,-0.009605094913707608,60.00941446521776
2019-08-13,7.0423,59.9,57.05,60.03,63.116,57.072,61.456,4.092204337788611,-0.009560861315017396,59.87172385282754
2019-08-14,7.0224,57.86,55.16,58.71,62.958,56.956,61.318,4.0899744499575945,-0.009531659967684658,59.738365366877936
2019-08-15,7.0327,57.37,54.51,58.09,62.8,56.84,61.18,4.0877785546501455,-0.009503911609357684,59.60733009321926
2019-08-16,7.0413,59.0,54.83,58.35,62.642,56.724,61.042,4.085617718507727,-0.009476163056634115,59.478667479476506
2019-08-19,7.0499,59.79,56.24,58.93,62.168,56.376,60.628,4.079302001207527,-0.009410124966699856,59.10420078790003
2019-08-20,7.0597,59.03,56.18,59.12,62.01,56.26,60.49,4.07690234631039,-0.00936623139957608,58.962541138151174
2019-08-21,7.0623,60.6,55.65,59.3,61.852000000000004,56.144,60.352,4.074696119614242,-0.009336537680021462,58.83259979855244
2019-08-22,7.0829,59.81,55.33,59.27,61.694,56.028,60.214,4.07248120846197,-0.009308423324631115,58.70243502206286
2019-08-23,7.0928,58.64,54.08,59.06,61.536,55.912,60.076,4.070247232839057,-0.009282308094008679,58.57144158576813
2019-08-26,7.1503,58.64,53.54,58.87,61.062,55.564,59.662,4.0637947037991005,-0.009217526708132997,58.19472435451615
2019-08-27,7.1603,58.44,54.99,58.98,60.903999999999996,55.448,59.524,4.061372408907384,-0.009169206815669182,58.05393016235621
2019-08-28,7.1628,60.42,55.76,59.11,60.746,55.332,59.386,4.059145173532148,-0.009134941199256803,57.924774279093825
2019-08-29,7.1434,60.59,56.67,59.09,60.588,55.216,59.248,4.056912618363853,-0.009102620626547328,57.79559827483704
2019-08-30,7.1543,61.04,55.07,59.11,60.43,55.1,59.11,4.054654635983298,-0.009076538727945732,57.66524405640713
2019-09-02,7.1543,58.55,55.07,59.11,60.46387096774193,55.00032258064516,59.30451612903226,4.055810399885524,-0.00960218427071058,57.731929993076555
2019-09-03,7.1786,57.93,53.91,56.69,60.47516129032258,54.96709677419355,59.369354838709675,4.056329180380198,-0.009874722872405001,57.76188796241002
2019-09-04,7.144,60.68,56.22,58.6,60.486451612903224,54.93387096774194,59.43419354838709,4.056900799532479,-0.010101428279259809,57.79491520244344
2019-09-05,7.1468,62.7,56.33,58.64,60.49774193548387,54.90064516129032,59.49903225806452,4.0574067163691705,-0.010321474032846186,57.824162020724586
2019-09-06,7.1131,61.28,56.45,59.3,60.509032258064515,54.86741935483871,59.563870967741934,4.057898573883894,-0.010540681008260718,57.85261026501491
2019-09-09,7.121,63.99,57.88,60.06,60.542903225806455,54.76774193548387,59.75838709677419,4.0592678017424095,-0.01111342424574087,57.93187792603834
2019-09-10,7.1121,64.67,57.37,59.75,60.5541935483871,54.73451612903226,59.82322580645161,4.059851242262579,-0.011396933897846177,57.965687593035675
2019-09-11,7.1153,63.02,55.66,58.73,60.56548387096774,54.70129032258065,59.888064516129035,4.060307243817249,-0.011628210826346515,57.99212606422947
2019-09-12,7.0787,60.76,55.13,58.64,60.57677419354839,54.668064516129036,59.95290322580645,4.060769845833965,-0.011848763124224752,58.01895954483303
2019-09-13,7.0754,61.25,54.76,58.58,60.58806451612903,54.63483870967742,60.01774193548387,4.061247832876458,-0.012067488516618242,58.04669848461315
2019-09-16,7.0659,68.42,63.1,63.12,60.62193548387097,54.535161290322584,60.21225806451613,4.062747025077599,-0.012630719349960892,58.133786907113695
2019-09-17,7.0905,65.59,59.26,61.32,60.63322580645161,54.501935483870966,60.277096774193545,4.063257992244673,-0.012916109604143137,58.1634989538146
2019-09-18,7.0849,64.29,58.19,61.13,60.64451612903226,54.468709677419355,60.34193548387097,4.063728022467557,-0.013147049967287527,58.19084398218301
2019-09-19,7.0959,64.25,58.19,61.41,60.655806451612904,54.435483870967744,60.40677419354839,4.064209513593175,-0.013366805944737948,58.21886910353484
2019-09-20,7.0909,65.23,57.92,61.51,60.667096774193546,54.40225806451613,60.471612903225804,4.064688864168859,-0.013584960893171242,58.24678304170198
2019-09-23,7.1168,64.66,58.69,61.64,60.700967741935486,54.30258064516129,60.66612903225806,4.065987304122438,-0.01415386469411788,58.32246211370356
2019-09-24,7.1138,64.13,57.22,61.24,60.71225806451613,54.26935483870968,60.73096774193548,4.066538688484859,-0.014437213458626131,58.35462907465559
2019-09-25,7.1313,62.41,56.38,61.09,60.72354838709678,54.23612903225806,60.795806451612904,4.067004455817591,-0.014666871770959114,58.381815085278596
2019-09-26,7.13,62.08,56.24,61.16,60.73483870967742,54.20290322580645,60.86064516129032,4.067473362285856,-0.014885725873574819,58.40919711530495
2019-09-27,7.1218,62.48,55.95,61.09,60.74612903225807,54.16967741935484,60.92548387096774,4.067940061849737,-0.015102803323594014,58.43646302412427
2019-09-30,7.1477,60.99,54.09,61.12,60.78,54.07,61.12,4.069189440327922,-0.015675657051781047,58.50951791046635
2019-10-01,7.1473,60.06,53.6,58.11,60.76225806451613,54.07354838709677,61.06354838709677,4.068770457669088,-0.01567233128771872,58.48500857193758
2019-10-02,7.1473,57.92,52.67,57.32,60.744516129032256,54.07709677419355,61.00709677419355,4.06819266214218,-0.015567671093766059,58.45122595625549
2019-10-03,7.1473,58.01,52.41,57.45,60.72677419354839,54.08064516129032,60.95064516129032,4.067624664689112,-0.01544507613804071,58.41803523579832
2019-10-04,7.1473,59.13,52.84,58.11,60.70903225806452,54.0841935483871,60.89419354838709,4.067075791636467,-0.015318714909264381,58.38597994841537
2019-10-07,7.1473,59.46,52.76,58.22,60.655806451612904,54.09483870967742,60.724838709677414,4.065459654344068,-0.014983891582781968,58.29169639697089
2019-10-08,7.1422,58.14,52.64,57.91,60.638064516129035,54.098387096774196,60.66838709677419,4.064782852196591,-0.01481610632262268,58.25225779923856
2019-10-09,7.1316,59.7,52.63,57.94,60.62032258064516,54.10193548387097,60.611935483870965,4.064205064312998,-0.014680961010213623,58.21861007205086
2019-10-10,7.1153,59.08,53.57,58.66,60.60258064516129,54.105483870967745,60.55548387096774,4.063645686083103,-0.01455035501556621,58.18605295572182
2019-10-11,7.0868,60.59,54.76,59.72,60.58483870967742,54.109032258064516,60.49903225806452,4.063108147094786,-0.014420943052630074,58.15478408855235
2019-10-14,7.0868,58.81,53.57,58.94,60.531612903225806,54.119677419354836,60.32967741935484,4.061442558074025,-0.014084337445139742,58.05800274001962
2019-10-15,7.0814,59.19,52.81,58.86,60.51387096774194,54.123225806451615,60.27322580645161,4.060767719775379,-0.01391781218658861,58.01883619325706
2019-10-16,7.092,59.3,53.42,59.0,60.49612903225806,54.126774193548385,60.21677419354838,4.0601857961104795,-0.013780683975575856,57.98508348116972
2019-10-17,7.0766,59.35,53.89,59.17,60.47838709677419,54.130322580645164,60.16032258064516,4.059611887719537,-0.013649306800574138,57.951814902681704
2019-10-18,7.0805,59.96,53.75,58.96,60.46064516129032,54.133870967741935,60.10387096774193,4.059029753384393,-0.013519743871176527,57.91808897890445
2019-10-21,7.0748,58.95,53.28,58.87,60.40741935483871,54.144516129032255,59.934516129032254,4.057374478950838,-0.013180803434318723,57.82229794907041
2019-10-22,7.0761,60.5,54.21,59.03,60.38967741935484,54.14806451612903,59.87806451612903,4.05672346823091,-0.01300976333261595,57.78466726357353
2019-10-23,7.0624,60.52,55.9,59.37,60.37193548387096,54.151612903225804,59.821612903225805,4.056151002409182,-0.012869087031255135,57.75159698325096
2019-10-24,7.0684,61.71,56.11,59.45,60.354193548387094,54.15516129032258,59.76516129032258,4.05557570778944,-0.012737135031440009,57.718382355239434
2019-10-25,7.0647,62.06,56.52,59.52,60.336451612903225,54.15870967741935,59.70870967741935,4.054998072605016,-0.01260601040719744,57.68505181417639
2019-10-28,7.067,60.39,55.6,59.45,60.28322580645161,54.16935483870968,59.53935483870968,4.053324439127433,-0.012265793443664708,57.58858892458122
2019-10-29,7.0655,61.05,55.34,59.41,60.26548387096774,54.17290322580645,59.482903225806446,4.0526484390754405,-0.012096181111969025,57.54967219081305
2019-10-30,7.0541,60.22,54.85,59.32,60.247741935483866,54.17645161290323,59.42645161290322,4.052038486039005,-0.011959281092839141,57.51458029680603
2019-10-31,7.0379,59.3,54.02,59.37,60.23,54.18,59.37,4.051435678644164,-0.011829335628417223,57.47992053012329
2019-11-01,7.0368,60.17,56.04,60.54,60.30586206896552,54.214137931034486,59.45965517241379,4.052544899494231,-0.011892701325449036,57.54371383032409
2019-11-04,7.03,62.52,56.33,60.89,60.533448275862064,54.31655172413793,59.72862068965517,4.055974055995974,-0.012176626724647543,57.74137894935663
2019-11-05,7.0082,62.72,57.04,61.49,60.609310344827584,54.35068965517242,59.818275862068965,4.05731692516035,-0.012323921026130292,57.818970152413286
2019-11-06,6.9968,62.11,56.15,60.56,60.685172413793104,54.384827586206896,59.90793103448276,4.058489887230002,-0.012442754973152014,57.88682940169085
2019-11-07,6.9766,62.6,56.91,61.1,60.76103448275862,54.41896551724138,59.99758620689655,4.059694333769558,-0.01255501719374142,57.956592997876804
2019-11-08,6.9954,62.0,57.02,61.28,60.83689655172414,54.45310344827586,60.08724137931034,4.060879312448106,-0.012666651941686551,58.02531103152193
2019-11-11,6.9954,62.58,57.02,61.09,61.064482758620684,54.55551724137931,60.356206896551726,4.064268043235553,-0.012954688242443693,58.22227673284582
2019-11-12,7.0066,62.19,56.67,61.29,61.140344827586205,54.58965517241379,60.44586206896552,4.0655798520119735,-0.013102906443870337,58.29870334403695
2019-11-13,7.0223,62.27,56.88,61.52,61.216206896551725,54.62379310344828,60.53551724137931,4.0667748972453674,-0.013220205990674793,58.368414577323406
2019-11-14,7.0195,62.46,56.57,61.44,61.29206896551724,54.65793103448276,60.6251724137931,4.067948026937786,-0.01333220734078413,58.4369284775512
2019-11-15,7.0075,63.32,57.54,61.94,61.36793103448276,54.692068965517244,60.714827586206894,4.069142778408067,-0.013441251319125021,58.506787807727264
2019-11-18,7.0246,62.82,56.82,61.56,61.59551724137931,54.79448275862069,60.98379310344828,4.072485600556482,-0.01372604593728567,58.70269284927176
2019-11-19,7.0263,62.37,54.93,60.98,61.671379310344825,54.828620689655175,61.07344827586207,4.073756948122852,-0.01387446955629998,58.77737183638049
2019-11-20,7.0344,63.8,56.71,61.6,61.747241379310346,54.862758620689654,61.16310344827586,4.074968874665363,-0.013987657807706198,58.84864887595204
2019-11-21,7.0285,64.99,58.36,62.07,61.82310344827586,54.89689655172414,61.252758620689654,4.0761643781134325,-0.014094356193451781,58.919044709443966
2019-11-22,7.0389,64.83,57.68,61.9,61.89896551724138,54.93103448275862,61.34241379310345,4.07731757777779,-0.014203598100988441,58.98702932441052
2019-11-25,7.0349,64.67,57.79,61.94,62.12655172413793,55.03344827586207,61.61137931034482,4.0806453610862725,-0.014483411665367273,59.18365235397862
2019-11-26,7.0319,64.82,58.25,61.95,62.202413793103446,55.06758620689655,61.70103448275862,4.08194010814683,-0.014625348659866205,59.26032984216153
2019-11-27,7.028,65.03,58.12,61.95,62.278275862068966,55.101724137931036,61.790689655172415,4.083107248844638,-0.014739304086976024,59.329535363319934
2019-11-28,7.028,64.68,58.12,61.95,62.35413793103448,55.13586206896552,61.88034482758621,4.08425992671591,-0.014847432209383392,59.397962635570885
2019-11-29,7.0308,64.5,58.12,61.97,62.43,55.17,61.97,4.08541073947778,-0.014954376236881714,59.466357916533696
2019-12-02,7.038,63.2,55.97,60.41,62.7646875,55.722187500000004,62.24375,4.091629110701752,-0.014376102188078891,59.83729391899509
2019-12-03,7.0609,62.95,56.15,60.46,62.87625,55.90625,62.335,4.093872360449402,-0.014088244066248576,59.97167458182074
2019-12-04,7.0489,65.25,58.46,62.52,62.9878125,56.0903125,62.426249999999996,4.096043476713097,-0.013843197576638695,60.10202150783001
2019-12-05,7.0445,65.67,58.42,62.82,63.099375,56.274375,62.5175,4.0981526694994335,-0.013608372535916095,60.22892203983675
2019-12-06,7.0348,66.5,59.2,63.43,63.2109375,56.4584375,62.60875,4.100270101764724,-0.013374926571846458,60.356587816785876
2019-12-09,7.0389,66.44,58.99,63.34,63.545625,57.010625000000005,62.8825,4.106412653975938,-0.012756153309712841,60.728472299371205
2019-12-10,7.0328,66.57,59.22,63.5,63.6571875,57.1946875,62.97375,4.108613445626482,-0.012467463593937508,60.86227019079509
2019-12-11,7.0384,65.37,58.74,62.98,63.76875,57.378750000000004,63.065,4.11065968283008,-0.012229612711792829,60.98693633710924
2019-12-12,6.9925,66.67,59.18,63.46,63.8803125,57.5628125,63.15625,4.112740879590004,-0.012001457484179162,61.1139943218835
2019-12-13,6.9925,67.44,60.11,64.12,63.991875,57.746875,63.2475,4.114824680623788,-0.01177513639506499,61.2414765040519
2019-12-16,6.9921,68.04,60.21,64.19,64.3265625,58.299062500000005,63.52125,4.120871700313887,-0.011175707506524567,61.61292687027755
2019-12-17,6.9967,68.99,60.88,64.53,64.438125,58.483125,63.6125,4.123048042039563,-0.01089579769138453,61.747163673460314
2019-12-18,7.0029,69.12,60.93,64.54,64.5496875,58.667187500000004,63.70375,4.125081050465697,-0.010665446281707899,61.87282386833511
2019-12-19,7.0097,69.7,61.3,64.7,64.66125,58.85125,63.795,4.12711904103996,-0.010444062738266334,61.999048678980415
2019-12-20,7.0063,68.66,60.43,64.63,64.7728125,59.0353125,63.88625,4.129131690118836,-0.010227140093553352,62.12395666300051
2019-12-23,7.0124,67.49,60.51,64.65,65.1075,59.587500000000006,64.16,4.135066715569741,-0.009646452214587643,62.49376023820935
2019-12-24,7.0064,69.26,61.17,64.79,65.2190625,59.7715625,64.25125,4.137209168838581,-0.009375190726769289,62.62779372808904
2019-12-26,6.9949,69.26,61.72,64.83,65.4421875,60.1396875,64.43375,4.141156528094326,-0.008972093552415697,62.875496693991195
2019-12-27,6.9954,68.91,61.76,64.82,65.55375,60.323750000000004,64.525,4.143205489545596,-0.008731062771535068,63.00445823644357
2019-12-30,6.9864,68.3,61.66,64.85,65.8884375,60.875937500000006,64.79875,4.149042972571879,-0.008163353730010361,63.373321260345634
2019-12-31,6.9618,67.77,61.14,64.89,66.0,61.06,64.89,4.151127865129728,-0.007901676888413551,63.505585656825126
2020-01-02,6.9642,67.05,61.17,65.44,65.31826086956522,60.23391304347826,64.83782608695653,4.145782672372231,-0.009228664180741728,63.167041657824555
2020-01-03,6.9649,69.08,63.0,67.83,64.97739130434782,59.82086956521739,64.81173913043479,4.143111642050821,-0.010144557823750212,62.99854570332095
2020-01-06,6.9749,70.25,63.27,68.28,63.95478260869565,58.581739130434784,64.73347826086956,4.1348867408864205,-0.012406901929579132,62.48251395555438
2020-01-07,6.9443,68.74,62.7,67.92,63.61391304347826,58.168695652173916,64.70739130434782,4.132100404855078,-0.013503241141879436,62.30865899723778
2020-01-08,6.9447,67.31,59.65,66.0,63.27304347826087,57.75565217391305,64.68130434782609,4.129292892420134,-0.014412576497060322,62.13397199500591
2020-01-09,6.9309,66.58,59.56,66.15,62.93217391304348,57.342608695652174,64.65521739130435,4.126491856554118,-0.01529127616235774,61.960176028947735
2020-01-10,6.9178,66.77,59.02,66.07,62.59130434782608,56.92956521739131,64.62913043478261,4.123664041669623,-0.01617080329162853,61.78521162099811
2020-01-13,6.8924,64.14,58.17,65.72,61.56869565217391,55.6904347826087,64.5508695652174,4.114992147199519,-0.018541076475954408,61.25173326322295
2020-01-14,6.8837,64.45,58.34,65.84,61.22782608695652,55.27739130434783,64.52478260869566,4.112093552687886,-0.01969429362418409,61.074446390863905
2020-01-15,6.8899,63.29,57.86,65.49,60.88695652173913,54.864347826086956,64.49869565217392,4.109201780234976,-0.0206504522296487,60.898088106126295
2020-01-16,6.8769,64.63,58.52,65.74,60.546086956521734,54.45130434782609,64.47260869565218,4.106286992754084,-0.021576461967766265,60.720841564794505
2020-01-17,6.8589,64.05,58.55,65.75,60.205217391304345,54.03826086956522,64.44652173913045,4.103324647725807,-0.022503871626427786,60.54123164629382
2020-01-20,6.8589,64.63,58.55,65.75,59.18260869565217,52.79913043478261,64.36826086956522,4.094252987141441,-0.025008186846277272,59.99450574673258
2020-01-21,6.9049,63.66,58.25,65.59,58.84173913043478,52.38608695652174,64.34217391304348,4.091195885591981,-0.026228220219669328,59.81137651520904
2020-01-22,6.904,62.11,56.76,65.26,58.500869565217386,51.97304347826087,64.31608695652174,4.088146882424891,-0.027242366572328914,59.629289172292154
2020-01-23,6.9364,61.26,55.51,64.94,58.16,51.56,64.29,4.085043375970941,-0.02822627464264968,59.44451615892853
2020-01-24,6.9161,59.34,54.09,64.64,57.94777777777777,51.37111111111111,64.01027777777779,4.081151569074864,-0.028333071661417724,59.21361917567658
2020-01-27,6.9161,58.54,53.09,64.37,57.31111111111111,50.80444444444445,63.17111111111112,4.0691809682143045,-0.028150546253265497,58.5090222132827
2020-01-28,6.9161,59.37,53.33,64.34,57.09888888888889,50.61555555555556,62.8913888888889,4.064627850583145,-0.028024505443771344,58.24322930502649
2020-01-29,6.9161,59.46,53.29,64.37,56.88666666666666,50.42666666666667,62.61166666666667,4.060411774330388,-0.027925383359750776,57.9981883277652
2020-01-30,6.9161,57.72,52.19,64.17,56.67444444444444,50.23777777777778,62.331944444444446,4.056174524136055,-0.02783313544068409,57.75295541651796
2020-01-31,6.9161,57.77,51.58,64.29,56.46222222222222,50.04888888888889,62.05222222222223,4.05194127909514,-0.027741151529186832,57.508989751951994
2020-02-03,7.0208,54.0,50.06,53.5,55.82555555555555,49.48222222222223,61.213055555555556,4.03935415681328,-0.027490921780485407,56.78965374810605
2020-02-04,6.9979,53.9,49.59,53.11,55.61333333333333,49.29333333333334,60.93333333333334,4.0346197101511185,-0.027348120873453615,56.521421627840986
2020-02-05,6.972,55.36,50.87,54.53,55.40111111111111,49.10444444444445,60.65361111111112,4.030320302740725,-0.027241070774570275,56.27893465751574
2020-02-06,6.9694,55.18,50.94,54.36,55.18888888888889,48.91555555555556,60.37388888888889,4.025976538357286,-0.02714025856380901,56.03500240128441
2020-02-07,7.0003,54.53,50.34,54.08,54.97666666666667,48.72666666666667,60.094166666666666,4.021601811251657,-0.0270412203244602,55.79039998193737
2020-02-10,6.982,53.39,49.59,53.0,54.34,48.16,59.255,4.008824003557375,-0.02679282091433258,55.08205615808402
2020-02-11,6.965,54.0,50.0,53.49,54.12777777777778,47.971111111111114,58.97527777777778,4.00398431137611,-0.02664497616352164,54.81612000520425
2020-02-12,6.9708,55.54,51.13,54.59,53.91555555555556,47.782222222222224,58.69555555555556,3.999543098458689,-0.026531864438759864,54.57320975230161
2020-02-13,6.9759,56.34,51.41,54.96,53.70333333333333,47.593333333333334,58.41583333333334,3.9950803615688977,-0.026425671966960572,54.33020650901943
2020-02-14,6.9859,57.37,52.03,55.34,53.49111111111111,47.404444444444444,58.13611111111111,3.990603532925627,-0.026319147389516444,54.0875231156299
2020-02-17,6.9859,57.83,52.03,55.34,52.85444444444445,46.837777777777774,57.29694444444445,3.9774586139843113,-0.026054994918995426,53.381199462499396
2020-02-18,6.9949,57.35,52.1,55.15,52.64222222222222,46.64888888888889,57.01722222222222,3.9724393921268986,-0.025897732573713136,53.1139386610927
2020-02-19,6.9975,59.72,53.31,55.65,52.43,46.46,56.7375,3.967844052060698,-0.025776182823769537,52.87042200015539
2020-02-20,7.0225,59.57,53.77,55.54,52.21777777777778,46.27111111111111,56.45777777777778,3.963220869867303,-0.02566137195877637,52.62655655815257
2020-02-21,7.0255,58.6,53.36,55.27,52.00555555555556,46.08222222222222,56.17805555555556,3.9585608171008295,-0.02554857226636377,52.381884562655
2020-02-24,7.0286,56.71,51.36,54.68,51.36888888888889,45.51555555555555,55.33888888888889,3.944934395451566,-0.02527000280121073,51.672948020484405
2020-02-25,7.0128,55.29,49.78,54.54,51.156666666666666,45.32666666666667,55.05916666666667,3.939723052361205,-0.02510770644397976,51.404363012027794
2020-02-26,7.0214,54.96,48.67,54.33,50.94444444444445,45.13777777777778,54.779444444444444,3.934918228822797,-0.02498321109049362,51.157966538471015
2020-02-27,7.0036,52.19,47.17,54.25,50.73222222222223,44.94888888888889,54.49972222222222,3.930099465051377,-0.024866446156309157,50.91204138617802
2020-02-28,6.9906,51.31,44.83,54.22,50.52,44.76,54.22,3.9252628025926004,-0.024753188626295174,50.66639156841148
2020-03-02,6.9595,52.52,46.78,50.95,47.915625000000006,42.48375,52.29625,3.8848119283123888,-0.02650385629888447,48.65779044613546
2020-03-03,6.9579,52.24,47.27,50.93,47.0475,41.725,51.655,3.869440956363501,-0.027355842719996325,47.91559168527818
2020-03-04,6.9244,51.86,46.78,50.48,46.179375,40.966249999999995,51.01375,3.8548561821846814,-0.02812566838459608,47.22182511317036
2020-03-05,6.9366,51.29,45.9,49.72,45.31125,40.207499999999996,50.3725,3.840063873305592,-0.02890311984205029,46.52844627054523
2020-03-06,6.9298,45.6,41.14,45.71,44.443125,39.44875,49.73125,3.8248831519491113,-0.02970553054663173,45.82744520582001
2020-03-09,6.9448,35.33,31.05,36.26,41.838750000000005,37.1725,47.8075,3.7790931495965125,-0.0320409039738411,43.77632515166874
2020-03-10,6.9549,35.57,34.47,38.14,40.970625,36.41375,47.16625,3.762054825241143,-0.03313394122563451,43.036768221382545
2020-03-11,6.9595,34.45,33.13,37.62,40.1025,35.655,46.525,3.7457228646154945,-0.03410934675152155,42.33960195966856
2020-03-12,7.0282,31.02,31.56,36.31,39.234375,34.896249999999995,45.88375,3.729073779792717,-0.03509185574043864,41.64052200422525
2020-03-13,7.0079,32.25,31.72,36.96,38.36625,34.1375,45.2425,3.7122585880932832,-0.0361053695708686,40.94618272860268
2020-03-16,6.9913,27.98,28.96,35.45,35.761875,31.86125,43.31875,3.6609439128670873,-0.0390750996622371,38.898041910523844
2020-03-17,7.003,27.97,26.96,35.27,34.89375,31.1025,42.6775,3.641521594416229,-0.04050901356773856,38.14984116989249
2020-03-18,7.0459,22.79,20.48,33.61,34.025625000000005,30.34375,42.03625,3.6227496294346495,-0.041801509834511974,37.44037357164138
2020-03-19,7.1058,23.98,25.09,34.59,33.1575,29.585,41.395,3.6040354498110565,-0.04306134816035303,36.74622318167992
2020-03-20,7.095,25.55,19.48,34.05,32.289375,28.82625,40.753750000000004,3.5846623226399386,-0.04441552643097882,36.04118537148211
2020-03-23,7.09,23.75,23.33,33.96,29.685,26.55,38.83,3.525810713839283,-0.04831035176826289,33.98131157160659
2020-03-24,7.061,24.5,21.03,33.99,28.816875,25.79125,38.18875,3.503409551301844,-0.050237036071916374,33.228553494205585
2020-03-25,7.1099,25.62,20.75,34.15,27.94875,25.0325,37.5475,3.4819404512170236,-0.0519477184828921,32.52276973373934
2020-03-26,7.0709,23.55,16.6,34.07,27.080624999999998,24.27375,36.90625,3.4598099306430727,-0.05371498895181209,31.810929657081548
2020-03-27,7.0942,22.39,15.48,33.91,26.2125,23.515,36.265,3.4372155119145074,-0.05554350779754551,31.10023924480204
2020-03-30,7.0986,19.19,14.1,33.84,23.608124999999998,21.23875,34.34125,3.3674302299772316,-0.060992992871136194,29.003897861662388
2020-03-31,7.0808,14.85,20.51,33.7,22.74,20.48,33.7,3.3409716236184837,-0.06366297793342207,28.24655839989162
2020-04-01,7.0989,14.97,20.28,22.46,22.824333333333332,20.425333333333334,33.25633333333334,3.33102276245093,-0.0629364104046704,27.96693060740857
2020-04-02,7.0857,20.24,25.18,26.16,22.908666666666665,20.37066666666667,32.81266666666667,3.321918232117597,-0.061661120960287155,27.713460453610022
2020-04-03,7.0908,24.33,28.36,29.39,22.993,20.316,32.369,3.3125130207391194,-0.06027933877858906,27.454031404913536
2020-04-06,7.0895,22.58,26.21,27.45,23.246,20.152,31.038000000000004,3.284019542843169,-0.05649779108282029,26.682810133492055
2020-04-07,7.0448,22.1,23.54,26.0,23.330333333333332,20.097333333333335,30.594333333333335,3.272401594086523,-0.054556018427276226,26.374604438372728
2020-04-08,7.0649,25.22,24.97,26.16,23.414666666666665,20.042666666666666,30.15066666666667,3.2619931981280423,-0.052945093677122634,26.101510810889515
2020-04-09,7.0428,20.23,22.9,23.26,23.499,19.988,29.707,3.2512441919688446,-0.051375488498714074,25.822448021172377
2020-04-10,7.0341,20.23,22.9,23.26,23.583333333333332,19.933333333333334,29.263333333333335,3.2405969698922155,-0.049794123025149656,25.54896916114157
2020-04-13,7.0501,20.23,22.36,24.74,23.836333333333332,19.769333333333332,27.932333333333336,3.2094533359056188,-0.04552316536168706,24.765544089693837
2020-04-14,7.0479,21.74,20.15,21.96,23.920666666666666,19.714666666666666,27.488666666666667,3.1966188596392033,-0.04331883319642068,24.449722340489572
2020-04-15,7.0664,19.8,19.96,21.46,24.005,19.66,27.045,3.184959712388978,-0.04149385395758993,24.166314783142944
2020-04-16,7.0778,18.69,19.82,21.71,24.089333333333332,19.605333333333334,26.601333333333336,3.1733140244235876,-0.039715693375509405,23.88651382150867
2020-04-17,7.0711,19.75,18.31,22.23,24.173666666666666,19.550666666666668,26.157666666666668,3.16152639484005,-0.03792968870178485,23.6066014373915
2020-04-20,7.0721,17.36,13.61,21.47,24.426666666666666,19.386666666666667,24.826666666666668,3.12660411167604,-0.033068704023965445,22.796433805243705
2020-04-21,7.0914,9.12,8.91,19.07,24.511,19.332,24.383000000000003,3.111853669359342,-0.030580375123044186,22.46264414793311
2020-04-22,7.0831,13.77,13.64,20.0,24.595333333333333,19.277333333333335,23.939333333333334,3.0992769762548673,-0.028444296804531567,22.181907436311278
2020-04-23,7.0654,15.06,15.06,20.45,24.679666666666666,19.222666666666665,23.495666666666665,3.0863528218422145,-0.026377454850589278,21.8970696479996
2020-04-24,7.0813,15.87,15.99,20.45,24.764,19.168,23.052,3.0731556426356264,-0.02428803941170966,21.609988592447746
2020-04-27,7.0848,15.17,12.17,20.37,25.017,19.004,21.721,3.0338532346968368,-0.018632823710645195,20.777137731899835
2020-04-28,7.0776,15.6,12.4,20.41,25.101333333333333,18.949333333333332,21.27733333333333,3.01778652746902,-0.015690103875458144,20.44598493404736
2020-04-29,7.0755,17.86,15.04,20.38,25.185666666666666,18.894666666666666,20.833666666666666,3.0031785816278282,-0.013215849474417073,20.14948201534588
2020-04-30,7.0622,18.11,19.23,20.39,25.27,18.84,20.39,2.988441100072098,-0.010773836141563322,19.85470685279587
2020-05-01,7.0622,18.49,19.72,25.3,25.61689655172414,19.41413793103448,20.73758620689655,3.0083510265454536,-0.00889068322633149,20.25397410801914
2020-05-04,7.0622,20.4,20.47,26.2,26.65758620689655,21.13655172413793,21.78034482758621,3.068665787291101,-0.00465798999875744,21.513180359779334
2020-05-05,7.0622,25.46,24.56,28.94,27.00448275862069,21.710689655172413,22.12793103448276,3.090022526223754,-0.0028260437865974455,21.97757304191533
2020-05-06,7.1031,24.2,23.88,27.35,27.351379310344825,22.284827586206898,22.47551724137931,3.1092199634633455,-0.0013890144012615063,22.40356198627127
2020-05-07,7.0825,24.23,23.68,27.14,27.698275862068964,22.85896551724138,22.823103448275862,3.128086354496933,-6.661477773047897e-05,22.83024871035259
2020-05-08,7.0732,24.23,24.73,28.54,28.045172413793104,23.433103448275862,23.170689655172414,3.1466795779794134,0.0011933624788810467,23.258707498387615
2020-05-11,7.0972,25.53,24.02,27.27,29.08586206896552,25.15551724137931,24.21344827586207,3.1988576844860255,0.004344347676735496,24.504522307237288
2020-05-12,7.0816,26.67,25.76,26.81,29.432758620689654,25.729655172413793,24.561034482758622,3.217327678736954,0.005715956704369345,24.961326290719818
2020-05-13,7.0911,27.89,25.37,26.68,29.779655172413793,26.303793103448278,24.908620689655173,3.23420709480491,0.006802606537394897,25.386234919041893
2020-05-14,7.0935,29.87,27.4,29.2,30.12655172413793,26.87793103448276,25.256206896551724,3.250931082971538,0.00781284875015947,25.814364046013193
2020-05-15,7.1013,30.95,29.44,29.8,30.47344827586207,27.452068965517242,25.603793103448275,3.2672986646691524,0.008788476334317187,26.240359506029968
2020-05-18,7.1086,33.3,31.83,30.55,31.514137931034483,29.17448275862069,26.64655172413793,3.3135024873523062,0.0112536773179486,27.481209696174588
2020-05-19,7.098,33.06,32.3,30.42,31.86103448275862,29.748620689655176,26.994137931034484,3.329909070503065,0.012315376166821908,27.935801399376256
2020-05-20,7.0928,34.76,33.56,30.57,32.207931034482755,30.322758620689655,27.341724137931035,3.344979002663551,0.013173917060591648,28.359980176356274
2020-05-21,7.1138,34.78,34.3,30.62,32.5548275862069,30.89689655172414,27.689310344827586,3.359768929448711,0.013976709674408672,28.782539313555123
2020-05-22,7.1269,33.8,33.49,30.34,32.90172413793103,31.471034482758622,28.036896551724137,3.374293151708989,0.014745369464717741,29.203633945198593
2020-05-26,7.134,33.95,34.7,30.59,34.289310344827584,33.76758620689655,29.427241379310345,3.4288460628824056,0.017311419743804655,30.841033594855567
2020-05-27,7.1681,32.73,32.8,30.43,34.63620689655173,34.34172413793104,29.774827586206897,3.4439122789125918,0.018210070445050512,31.309209231296663
2020-05-28,7.1447,33.98,33.67,30.51,34.98310344827586,34.915862068965524,30.122413793103448,3.457319589972812,0.018895078993760948,31.73180816582278
2020-05-29,7.1348,34.15,35.57,30.47,35.33,35.49,30.47,3.470510921734803,0.019535448990927858,32.15316600017239
2020-06-01,7.1263,36.74,35.49,38.32,35.875625,35.844375,31.4375,3.49329051474005,0.017390261947497845,32.89400803998446
2020-06-02,7.0992,37.72,36.88,39.17,36.0575,35.962500000000006,31.759999999999998,3.5020145060361547,0.016245227456000245,33.18223047683346
2020-06-03,7.1115,37.98,37.33,39.26,36.239374999999995,36.080625000000005,32.082499999999996,3.5097868747468235,0.015318474952539123,33.441139873001035
2020-06-04,7.1075,38.41,37.42,39.15,36.42125,36.198750000000004,32.405,3.517402158727647,0.014441356816843491,33.69677578439318
2020-06-05,7.0808,41.0,39.49,41.32,36.603125,36.316875,32.7275,3.5250429831409744,0.013582432335166119,33.95523308745161
2020-06-08,7.07,39.66,38.17,40.69,37.14875,36.67125,33.695,3.5461962568219185,0.011405256397560366,34.681148097267865
2020-06-09,7.0765,40.45,38.98,40.82,37.330625,36.789375,34.0175,3.554391015204992,0.010321214221816758,34.96651940384082
2020-06-10,7.0599,41.18,39.54,41.52,37.512499999999996,36.9075,34.339999999999996,3.561727607420555,0.009466804709985826,35.22399785017728
2020-06-11,7.064,37.76,36.43,39.44,37.694375,37.025625000000005,34.6625,3.568768510835926,0.008659450610664702,35.4728817725865
2020-06-12,7.0825,38.54,36.24,39.5,37.87625,37.143750000000004,34.985,3.5758644105741197,0.007872082818358828,35.72548896278244
2020-06-15,7.0887,39.44,37.07,39.85,38.421875,37.498125,35.9525,3.595882441379127,0.005883556785364858,36.447848891073264
2020-06-16,7.0854,40.75,38.26,40.28,38.60375,37.61625,36.275,3.6036303976096016,0.0048906296230039,36.73134205710463
2020-06-17,7.084,40.47,37.91,40.23,38.785624999999996,37.734375,36.5975,3.610519518416308,0.004106168156827049,36.985262349459475
2020-06-18,7.0869,41.75,38.79,40.63,38.9675,37.852500000000006,36.92,3.6173221411894105,0.0033703567437308917,37.237716840179836
2020-06-19,7.0707,42.33,39.72,41.07,39.149375,37.970625000000005,37.2425,3.624058368254133,0.0026504973123077135,37.48940531982822
2020-06-22,7.0678,43.2,40.6,41.12,39.695,38.325,38.21,3.643001414616859,0.000823976455145673,38.20633786767382
2020-06-23,7.0575,42.72,40.4,41.04,39.876875,38.443125,38.5325,3.650287316939784,-9.301527348107351e-05,38.48572206055418
2020-06-24,7.077,40.4,37.91,40.64,40.058749999999996,38.56125,38.855,3.656757771789147,-0.0008218872289785351,38.73554956466259
2020-06-25,7.0768,41.18,38.66,40.78,40.240625,38.679375,39.177499999999995,3.6631944394837923,-0.0015006204628567113,38.98568156988393
2020-06-26,7.0768,40.97,38.53,40.81,40.4225,38.7975,39.5,3.6695537500742876,-0.0021667371638028044,39.23439360794154
2020-06-29,7.0794,41.58,39.67,40.8,40.968125,39.151875000000004,40.4675,3.687544762401025,-0.0038515833683627244,39.946647943677384
2020-06-30,7.0651,41.64,39.27,40.79,41.15,39.27,40.79,3.6944646776477668,-0.004700414320008553,40.22403399894531
2020-07-01,7.0703,42.18,39.88,42.26,41.21935483870968,39.30225806451613,40.84645161290322,3.696108253714104,-0.004925945368752278,40.290199617736576
2020-07-02,7.066,43.19,40.57,43.2,41.288709677419355,39.33451612903226,40.90290322580645,3.6973781547821396,-0.005026917101467092,40.341396685988094
2020-07-03,7.066,42.92,40.57,43.2,41.35806451612903,39.36677419354839,40.95935483870968,3.698563987933656,-0.00510422793046418,40.38926322681312
2020-07-06,7.0159,42.73,40.51,42.89,41.56612903225806,39.46354838709678,41.12870967741935,3.7019451342400225,-0.005288869193463468,40.52605636347376
2020-07-07,7.0127,43.28,40.59,43.09,41.63548387096774,39.49580645161291,41.18516129032258,3.70325302243603,-0.005385798390228488,40.57909459069747
2020-07-08,7.0041,43.67,40.91,43.29,41.70483870967742,39.528064516129035,41.24161290322581,3.704447374645612,-0.005461495781451518,40.62758927608731
2020-07-09,6.9923,42.35,39.64,42.79,41.774193548387096,39.56032258064516,41.29806451612903,3.705579949317395,-0.0055359624973742175,40.67362912153707
2020-07-10,6.999,43.27,40.56,43.4,41.843548387096774,39.59258064516129,41.354516129032255,3.7067812809510703,-0.005606240010383097,40.7225210006576
2020-07-13,6.9959,42.85,40.06,43.1,42.0516129032258,39.68935483870968,41.523870967741935,3.7101263525694104,-0.005788456279477782,40.858968836543816
2020-07-14,7.006,42.97,40.3,43.22,42.12096774193548,39.72161290322581,41.58032258064516,3.711419285201118,-0.0058831680778486176,40.91183089682786
2020-07-15,6.9885,43.96,41.2,43.78,42.19032258064516,39.75387096774194,41.63677419354838,3.7126239278614053,-0.005956776974821596,40.961144730446954
2020-07-16,6.9881,43.71,40.74,43.3,42.25967741935484,39.78612903225807,41.693225806451615,3.713767249295453,-0.0060276990385559346,41.00800326726077
2020-07-17,6.9912,43.53,40.55,43.0,42.329032258064515,39.818387096774195,41.74967741935484,3.7149140044959776,-0.006097497622705539,41.0550563823164
2020-07-20,6.9829,43.3,40.83,43.05,42.53709677419354,39.91516129032259,41.91903225806452,3.7182485153207536,-0.006275377574396708,41.19218341095654
2020-07-21,6.98,44.31,41.76,43.58,42.60645161290322,39.947419354838715,41.97548387096774,3.7195564399989243,-0.006367550810268412,41.24609493260688
2020-07-22,6.9988,43.98,41.88,43.62,42.6758064516129,39.97967741935484,42.03193548387097,3.720719121453516,-0.006440761575346594,41.29407889188363
2020-07-23,7.0034,42.96,40.99,43.3,42.74516129032258,40.01193548387097,42.08838709677419,3.7218433958605694,-0.006512248150858338,41.34053087543984
2020-07-24,7.0168,43.29,41.23,43.28,42.814516129032256,40.0441935483871,42.144838709677416,3.7229965223314654,-0.006580739371287163,41.38822923174646
2020-07-27,6.995,43.39,41.46,43.33,43.02258064516129,40.140967741935484,42.314193548387095,3.7263058285569635,-0.006756155986218799,41.52542243836579
2020-07-28,6.9998,43.11,40.89,43.28,43.09193548387096,40.17322580645162,42.37064516129032,3.7275599987237023,-0.006849964578645606,41.57753505656389
2020-07-29,7.0014,43.51,41.13,43.29,43.16129032258064,40.20548387096775,42.42709677419355,3.728718202961195,-0.0069222261785738546,41.625718231443344
2020-07-30,7.008,42.98,39.85,43.28,43.23064516129032,40.237741935483875,42.483548387096775,3.729839223930947,-0.006994958532615996,41.672407699508646
2020-07-31,6.9744,43.13,40.1,42.54,43.3,40.27,42.54,3.7309648520588805,-0.007060863252427425,41.71934174395862
2020-08-03,6.9799,43.76,40.83,43.39,43.49161290322581,40.49645161290323,42.68032258064516,3.7350332778530526,-0.006820996023204202,41.889419529856056
2020-08-04,6.972,43.99,41.67,43.4,43.55548387096774,40.57193548387097,42.72709677419355,3.7365123905178845,-0.006700724820719338,41.95142454570282
2020-08-05,6.9353,44.92,42.25,43.88,43.619354838709675,40.64741935483871,42.773870967741935,3.737902824872048,-0.0065983400215441764,42.00979581890491
2020-08-06,6.952,45.04,41.93,43.61,43.68322580645161,40.722903225806455,42.82064516129032,3.739255162264646,-0.006499870159619358,42.06664566807063
2020-08-07,6.967,44.07,41.16,43.33,43.747096774193544,40.7983870967742,42.86741935483871,3.74058986126366,-0.006403401304385145,42.12282946382306
2020-08-10,6.9611,44.19,41.94,43.78,43.938709677419354,41.02483870967742,43.00774193548387,3.744583742149092,-0.006138945691976826,42.29139942736381
2020-08-11,6.9451,43.68,41.53,43.38,44.00258064516129,41.10032258064516,43.05451612903226,3.7460099940820744,-0.006018543095955624,42.3517606524704
2020-08-12,6.9363,45.09,42.6,43.97,44.06645161290322,41.17580645161291,43.101290322580645,3.747396816830654,-0.00591656439388807,42.41053578350996
2020-08-13,6.944,44.87,42.26,43.59,44.130322580645164,41.251290322580644,43.14806451612903,3.748730075397113,-0.005819522183708618,42.46711770443527
2020-08-14,6.9501,44.86,42.05,43.39,44.1941935483871,41.32677419354839,43.19483870967742,3.750067249118043,-0.0057235804168747585,42.52394160147728
2020-08-17,6.9318,44.91,42.89,43.78,44.3858064516129,41.553225806451614,43.33516129032258,3.7540197700045814,-0.005463863226998829,42.69235097036228
2020-08-18,6.9215,45.34,42.89,43.96,44.449677419354835,41.62870967741936,43.38193548387097,3.7554579589352444,-0.005346265858234386,42.753794810286244
2020-08-19,6.9192,45.21,42.91,43.96,44.513548387096776,41.704193548387096,43.428709677419356,3.7567934783351706,-0.005247836173966926,42.810931477747296
2020-08-20,6.9143,44.56,42.62,43.78,44.57741935483871,41.77967741935484,43.47548387096774,3.7581137103360116,-0.0051531806083625654,42.86748916588986
2020-08-21,6.9179,43.94,42.32,43.69,44.641290322580645,41.855161290322584,43.52225806451613,3.7594341855710693,-0.005059660515625447,42.92413201323063
2020-08-24,6.918,44.43,42.44,43.91,44.832903225806454,42.0816129032258,43.66258064516129,3.763337917294477,-0.004807013257897303,43.09202379810356
2020-08-25,6.9116,46.01,43.17,44.0,44.89677419354839,42.15709677419355,43.70935483870968,3.7647778272427375,-0.004689943870769864,43.15411712553268
2020-08-26,6.8855,45.79,43.21,43.96,44.96064516129032,42.23258064516129,43.756129032258066,3.7660991814924247,-0.00459300616538658,43.21117669123576
2020-08-27,6.8925,44.84,42.88,43.96,45.02451612903226,42.30806451612903,43.80290322580645,3.7674075699140674,-0.004500662988607946,43.26775069682041
2020-08-28,6.8647,45.22,42.96,43.94,45.08838709677419,42.38354838709677,43.84967741935484,3.768729286968995,-0.004408332949498449,43.32497623049588
2020-08-31,6.8474,45.22,42.61,43.99,45.28,42.61,43.99,3.7725812676699992,-0.004161440203852328,43.492185038607936
2020-09-01,6.8272,45.72,42.76,44.85,45.135666666666665,42.53033333333333,43.906666666666666,3.7709481076854825,-0.004129670851919724,43.42121331223017
2020-09-02,6.8375,42.7,42.76,43.83,44.99133333333334,42.45066666666666,43.82333333333334,3.7690187694150636,-0.004118630409143094,43.33751986608451
2020-09-03,6.8474,42.72,41.39,43.61,44.847,42.371,43.74,3.7671021852186364,-0.004117606252831495,43.25453940531766
2020-09-04,6.8409,41.1,39.69,42.61,44.702666666666666,42.291333333333334,43.656666666666666,3.7651471027969827,-0.004117173742334698,43.17005582875778
2020-09-07,6.8409,40.67,39.69,42.61,44.269666666666666,42.05233333333333,43.406666666666666,3.759614684324409,-0.004117335757320734,42.9318804648191
2020-09-08,6.8435,38.53,36.87,40.2,44.12533333333334,41.97266666666667,43.32333333333334,3.7574176157438433,-0.004108993574898885,42.8376597217635
2020-09-09,6.8308,39.98,38.05,40.78,43.981,41.893,43.24,3.7555341342303574,-0.004101983868803945,42.75705171726947
2020-09-10,6.8335,39.27,37.25,40.25,43.836666666666666,41.81333333333333,43.156666666666666,3.753587187074239,-0.004099187225434692,42.67388698196735
2020-09-11,6.833,38.8,37.33,40.24,43.69233333333334,41.733666666666664,43.07333333333334,3.751661887277853,-0.004095429124083008,42.59180599665678
2020-09-14,6.808,38.57,37.23,40.15,43.25933333333334,41.49466666666667,42.82333333333334,3.7460546752694337,-0.004095167402384399,42.35365302169945
2020-09-15,6.7819,39.54,38.29,40.69,43.115,41.415,42.74,3.7439836761123755,-0.004082078711741819,42.26602940752713
2020-09-16,6.7529,41.23,40.17,41.58,42.970666666666666,41.33533333333333,42.656666666666666,3.7420982228355046,-0.004073211920925187,42.18641386316056
2020-09-17,6.7628,42.35,40.99,42.02,42.82633333333334,41.25566666666666,42.57333333333334,3.740187593197101,-0.00406774424535196,42.105888202349355
2020-09-18,6.7675,42.16,41.09,42.01,42.682,41.176,42.49,3.7382413787109323,-0.004063617738502423,42.02402080437599
2020-09-21,6.8043,40.37,39.26,41.41,42.249,40.937,42.24,3.732509622294601,-0.004067059652960467,41.783838344727364
2020-09-22,6.7779,40.84,39.55,41.5,42.10466666666667,40.85733333333333,42.156666666666666,3.7303811211179623,-0.004055651702578657,41.69499597972717
2020-09-23,6.8089,41.09,39.92,41.49,41.96033333333334,40.77766666666667,42.07333333333334,3.7284125920949758,-0.004049170968066407,41.612998903319074
2020-09-24,6.8273,41.24,40.11,41.56,41.816,40.698,41.99,3.726447573275506,-0.0040447150700404924,41.53130886485675
2020-09-25,6.822,40.91,40.06,41.6,41.67166666666667,40.61833333333333,41.906666666666666,3.724471384312237,-0.004041208012699939,41.44931619383766
2020-09-28,6.8106,41.59,40.47,41.62,41.23866666666667,40.379333333333335,41.656666666666666,3.7187260587737274,-0.004039619231937619,41.21185916609825
2020-09-29,6.815,40.33,39.03,41.53,41.09433333333334,40.29966666666667,41.57333333333334,3.716527903088565,-0.004032054324890155,41.121368576215175
2020-09-30,6.7896,40.3,40.05,41.49,40.95,40.22,41.49,3.714535906664768,-0.004023766446570575,41.039536488741994
2020-10-01,6.7898,39.75,38.51,40.3,40.83366666666667,40.07233333333333,41.46233333333333,3.7126620322085366,-0.004341994613896445,40.962705557861625
2020-10-02,6.7898,38.0,36.9,38.48,40.717333333333336,39.92466666666667,41.434666666666665,3.7108179477148147,-0.004718182155606391,40.88723647479138
2020-10-05,6.7896,39.78,39.12,40.42,40.36833333333334,39.48166666666667,41.35166666666667,3.705680303912478,-0.00575942039774085,40.67771111193793
2020-10-06,6.7896,41.27,40.52,41.56,40.252,39.333999999999996,41.324,3.703939826880831,-0.006261491635619086,40.606974066006245
2020-10-07,6.7896,40.62,39.82,40.98,40.135666666666665,39.18633333333333,41.29633333333334,3.702165978015515,-0.006678449310857328,40.53500727910752
2020-10-08,6.7896,42.0,41.04,41.88,40.019333333333336,39.038666666666664,41.26866666666667,3.700448505526923,-0.007079947152355213,40.465449268363685
2020-10-09,6.6933,41.63,40.44,41.48,39.903000000000006,38.891,41.241,3.698654914400838,-0.007482232309790667,40.39293584679708
2020-10-12,6.6933,40.5,39.22,40.78,39.554,38.448,41.158,3.693270765400408,-0.008562518164448626,40.17603868891117
2020-10-13,6.7452,41.34,40.03,41.24,39.43766666666667,38.300333333333334,41.13033333333333,3.6914570028650453,-0.009081305468764622,40.103234939433314
2020-10-14,6.7136,41.81,40.86,41.78,39.321333333333335,38.15266666666667,41.102666666666664,3.6897012857182867,-0.009509929293697122,40.03288677601897
2020-10-15,6.7233,41.61,40.84,41.65,39.205,38.004999999999995,41.075,3.687892858257778,-0.0099249731042846,39.96055562678075
2020-10-16,6.6962,41.34,40.7,41.48,39.08866666666667,37.85733333333333,41.047333333333334,3.6860705936843887,-0.01033930291359779,39.887803229119655
2020-10-19,6.6803,41.29,40.69,41.37,38.739666666666665,37.41433333333333,40.96433333333333,3.6806077724029977,-0.011452117456339145,39.67049738068907
2020-10-20,6.6754,41.62,41.37,41.59,38.623333333333335,37.266666666666666,40.93666666666667,3.678743317148849,-0.011987248949709135,39.596602421741274
2020-10-21,6.6503,40.09,39.88,41.07,38.507000000000005,37.119,40.909,3.676874288788983,-0.012433896807711186,39.522664366545506
2020-10-22,6.6821,41.28,40.46,41.31,38.39066666666667,36.971333333333334,40.88133333333333,3.6750518794126035,-0.01286249273347251,39.450703483434694
2020-10-23,6.6861,40.71,39.73,41.14,38.27433333333333,36.82366666666667,40.85366666666666,3.673179856623169,-0.013292350311330114,39.37691995122905
2020-10-26,6.7119,39.06,38.39,40.89,37.925333333333334,36.38066666666666,40.77066666666666,3.6675562895777407,-0.014445910341195481,39.156102674158184
2020-10-27,6.7044,39.72,39.34,40.98,37.809,36.233,40.742999999999995,3.665653129118896,-0.014998303375196675,39.08165319495022
2020-10-28,6.7279,37.86,37.27,40.75,37.69266666666667,36.08533333333333,40.715333333333334,3.6637370054406837,-0.015462646404937146,39.00683961280782
2020-10-29,6.714,36.56,35.94,40.68,37.57633333333334,35.937666666666665,40.687666666666665,3.6618155565116606,-0.01591128689055639,38.93196192247532
2020-10-30,6.6919,36.33,35.64,40.66,37.46,35.79,40.66,3.6599104560909144,-0.01635564409941027,38.85786323057209
2020-11-02,6.6899,37.78,36.6,38.36,38.44032258064516,36.714193548387094,40.924193548387095,3.6729104300782933,-0.014379054621578558,39.366312192808756
2020-11-03,6.6759,38.17,37.44,39.16,38.76709677419355,37.02225806451613,41.012258064516125,3.677486357799345,-0.013389984950320935,39.54686236927955
2020-11-04,6.6504,39.68,38.97,40.55,39.093870967741935,37.33032258064516,41.100322580645155,3.681852768033702,-0.012564022996701538,39.71991773427452
2020-11-05,6.6027,39.47,38.56,40.14,39.420645161290324,37.638387096774196,41.18838709677419,3.686123671703299,-0.011774501419786745,39.88992045088221
2020-11-06,6.608,38.08,36.97,39.28,39.74741935483871,37.946451612903225,41.27645161290322,3.690330855782928,-0.011000434993675989,40.05809821848632
2020-11-09,6.628,40.93,40.05,41.4,40.72774193548387,38.87064516129033,41.54064516129032,3.702973797179723,-0.008969254500652505,40.56776546437239
2020-11-10,6.6146,42.25,41.18,42.19,41.05451612903226,39.178709677419356,41.62870967741935,3.707345519368168,-0.00801491201378033,40.74550469497913
2020-11-11,6.6146,42.5,41.23,42.36,41.38129032258065,39.486774193548385,41.71677419354839,3.711462040340119,-0.007241064785300402,40.91358012523861
2020-11-12,6.6114,42.16,40.9,42.37,41.708064516129035,39.79483870967742,41.80483870967742,3.7155614195750797,-0.006505411201831113,41.08164465078597
2020-11-13,6.6039,41.51,39.93,41.87,42.03483870967742,40.10290322580645,41.89290322580645,3.7196193243005142,-0.005783092974517636,41.24868874603425
2020-11-16,6.583,42.71,41.14,42.52,43.01516129032258,41.02709677419355,42.15709677419355,3.731666953140032,-0.0038893253413220734,41.74864322399872
2020-11-17,6.5556,42.54,41.24,42.49,43.34193548387097,41.33516129032258,42.24516129032258,3.7358220268949527,-0.002999667837485831,41.92247280303115
2020-11-18,6.5588,42.91,41.64,42.69,43.66870967741936,41.64322580645162,42.333225806451615,3.7397807958022073,-0.0022760113898943122,42.08876312017453
2020-11-19,6.5823,43.09,41.57,42.6,43.995483870967746,41.95129032258065,42.421290322580646,3.743724014042616,-0.0015874950396014616,42.25505594760796
2020-11-20,6.5608,43.79,41.99,42.84,44.322258064516134,42.25935483870968,42.509354838709676,3.7476691723493647,-0.0009099454627862469,42.42208810007925
2020-11-23,6.585,45.0,42.91,43.08,45.30258064516129,43.18354838709678,42.773548387096774,3.759235213843474,0.0008630474486356525,42.915592174149864
2020-11-24,6.59,46.63,44.71,43.4,45.62935483870968,43.49161290322581,42.861612903225804,3.763279765884104,0.0016995183626213237,43.089518009002155
2020-11-25,6.575,47.3,45.58,43.52,45.95612903225807,43.79967741935484,42.94967741935484,3.7670976788128065,0.002379402702182716,43.25434448324832
2020-11-26,6.575,46.32,45.58,43.52,46.28290322580645,44.10774193548387,43.03774193548387,3.7708879903107704,0.0030252620337432763,43.41860302134173
2020-11-27,6.575,46.88,45.58,43.44,46.60967741935484,44.41580645161291,43.1258064516129,3.774672984764162,0.0036602332901813227,43.58325359714179
2020-11-30,6.576,46.84,45.2,43.39,47.59,45.34,43.39,3.785778673250946,0.005321527573681794,44.0699733110861
2020-12-01,6.5705,47.03,44.54,46.96,47.725806451612904,45.44258064516129,43.59709677419355,3.7896955284830143,0.005325124012214275,44.242927513795266
2020-12-02,6.5622,47.8,45.23,47.67,47.86161290322581,45.54516129032258,43.8041935483871,3.79351680114681,0.005062949026868318,44.412315235486936
2020-12-03,6.5418,48.37,45.65,48.04,47.99741935483871,45.64774193548387,44.01129032258065,3.7973551786490756,0.004755566561656605,44.5831140525786
2020-12-04,6.5301,49.1,46.23,48.35,48.13322580645161,45.75032258064517,44.218387096774194,3.801189310094655,0.0044424329626711586,44.75437968978363
2020-12-07,6.5295,48.63,45.72,48.23,48.54064516129032,46.058064516129036,44.83967741935484,3.8120627080949485,0.0036357779092646243,45.243667160381804
2020-12-08,6.5307,48.84,45.64,48.28,48.67645161290323,46.160645161290326,45.04677419354839,3.816245159969964,0.003223645742578593,45.43329289475815
2020-12-09,6.541,48.81,45.48,48.42,48.81225806451613,46.263225806451615,45.25387096774194,3.8200247894714874,0.0028981224989424992,45.605338839083025
2020-12-10,6.5419,50.33,46.76,49.29,48.94806451612904,46.365806451612904,45.460967741935484,3.8237980318509037,0.0025926772604936738,45.7777438948003
2020-12-11,6.5445,50.01,46.59,49.22,49.08387096774194,46.468387096774194,45.668064516129036,3.827504076055135,0.002290889081896682,45.94771299921114
2020-12-14,6.548,50.27,47.02,49.46,49.491290322580646,46.77612903225807,46.28935483870968,3.8380960726958357,0.0015231170139525622,46.43697759118027
2020-12-15,6.5388,50.77,47.58,49.81,49.62709677419355,46.87870967741936,46.49645161290323,3.842176125648647,0.0011309734051966121,46.62682995920821
2020-12-16,6.5323,50.83,47.86,49.96,49.762903225806454,46.98129032258065,46.703548387096774,3.8458564718663806,0.000821703598046856,46.79874900324239
2020-12-17,6.5321,51.2,48.34,50.08,49.898709677419355,47.08387096774194,46.910645161290326,3.849493093529476,0.0005301671923841277,46.9692481802692
2020-12-18,6.5395,52.17,49.04,50.34,50.034516129032255,47.18645161290323,47.11774193548387,3.853120430641714,0.00024355649726447458,47.1399308519747
2020-12-21,6.5493,50.61,47.79,49.86,50.441935483870964,47.4941935483871,47.73903225806452,3.863380735086088,-0.0004915128798434798,47.62609070305738
2020-12-22,6.5426,49.88,47.02,49.57,50.57774193548387,47.59677419354839,47.946129032258064,3.867311017328108,-0.0008684834386692571,47.81364300692061
2020-12-23,6.54,51.05,47.94,49.81,50.71354838709677,47.69935483870968,48.153225806451616,3.8709072725131715,-0.0011628989989969857,47.9859026276246
2020-12-24,6.54,50.88,48.18,49.84,50.84935483870967,47.80193548387097,48.36032258064516,3.874438821751902,-0.0014415726913818002,48.15566679433658
2020-12-28,6.5346,50.88,47.5,49.77,51.39258064516129,48.212258064516135,49.188709677419354,3.8877477877421747,-0.0023619044328929877,48.80085278174508
2020-12-29,6.53,50.44,47.85,49.78,51.52838709677419,48.314838709677424,49.395806451612906,3.891789617682816,-0.0027665131588528054,48.998496682098626
2020-12-30,6.5208,50.74,48.24,49.82,51.6641935483871,48.417419354838714,49.60290322580646,3.89529416523705,-0.0030571786963164422,49.1705154917973
2020-12-31,6.525,51.22,48.35,49.81,51.8,48.52,49.81,3.8987377576439566,-0.0033257094082689517,49.340130580591875
2021-01-04,6.4601,50.37,47.47,50.61,52.362758620689654,49.02758620689656,50.49413793103449,3.9107529655699103,-0.0036992939469091225,49.9365383150532
2021-01-05,6.455,53.16,49.78,52.84,52.50344827586207,49.154482758620695,50.66517241379311,3.9144035822269245,-0.003869392216780432,50.11917063107887
2021-01-06,6.4617,53.8,50.45,53.63,52.64413793103448,49.28137931034483,50.83620689655173,3.9175517560668096,-0.003984751737398263,50.27720311928736
2021-01-07,6.476,53.7,50.63,53.78,52.784827586206895,49.40827586206897,51.007241379310344,3.9206347147031293,-0.004088552735032415,50.432444835789646
2021-01-08,6.475,55.51,52.14,55.06,52.92551724137931,49.535172413793106,51.178275862068965,3.923750627549599,-0.0041889854472388416,50.589833015118295
2021-01-11,6.4795,54.84,52.15,54.78,53.34758620689655,49.915862068965524,51.69137931034483,3.932553914883944,-0.004437977594139308,51.03715591849454
2021-01-12,6.461,55.98,53.08,55.37,53.48827586206897,50.04275862068966,51.86241379310345,3.935906889453146,-0.004575310703121979,51.20856941633106
2021-01-13,6.4677,55.52,52.81,54.96,53.628965517241376,50.1696551724138,52.03344827586207,3.938933020115644,-0.0046806471358748275,51.36376794550299
2021-01-14,6.4736,55.76,53.47,55.17,53.76965517241379,50.296551724137935,52.20448275862069,3.9419542873093936,-0.004778203515184239,51.51918627447118
2021-01-15,6.48,54.8,52.25,54.53,53.91034482758621,50.42344827586207,52.37551724137931,3.944923291828296,-0.004876614127942753,51.672374266721704
2021-01-18,6.48,54.21,52.25,54.53,54.33241379310345,50.80413793103448,52.88862068965518,3.9535426006917955,-0.00511617036177538,52.11967938142623
2021-01-19,6.4777,55.38,52.87,54.89,54.473103448275864,50.931034482758626,53.0596551724138,3.956818129941942,-0.005248660171475913,52.29067881969021
2021-01-20,6.4777,55.66,53.16,54.97,54.61379310344827,51.05793103448276,53.23068965517242,3.9597994108744814,-0.005349673791528649,52.44680463522573
2021-01-21,6.4595,55.68,53.0,54.95,54.75448275862069,51.1848275862069,53.40172413793104,3.962744807154863,-0.005444863155866686,52.60150897947332
2021-01-22,6.481,55.22,52.28,54.76,54.895172413793105,51.31172413793104,53.572758620689655,3.9656674016423805,-0.005539480230700079,52.755466728098966
2021-01-25,6.4784,55.44,52.78,54.87,55.317241379310346,51.69241379310345,54.08586206896552,3.974121381891765,-0.005768592034337897,53.20335093647883
2021-01-26,6.4635,55.26,52.61,54.82,55.45793103448276,51.81931034482759,54.25689655172414,3.9773054333527744,-0.005896841193031868,53.37302312289795
2021-01-27,6.4822,55.07,52.81,54.81,55.59862068965518,51.94620689655173,54.42793103448276,3.9802188554121174,-0.005993984520550649,53.52874800183702
2021-01-28,6.4491,54.87,52.26,54.76,55.73931034482759,52.073103448275866,54.59896551724138,3.9830976651428522,-0.006086374107659825,53.68306910642896
2021-01-29,6.4282,55.25,52.16,54.77,55.88,52.2,54.77,3.9859753302747714,-0.006176559980990956,53.837773489517076
2021-02-01,6.4669,56.42,53.55,55.66,56.97821428571429,53.19642857142858,55.42142857142858,3.999973024265976,-0.005415873647414756,54.59667722783584
2021-02-02,6.457,57.62,54.77,56.71,57.34428571428572,53.52857142857143,55.63857142857143,4.005087300240101,-0.005056163854066257,54.87661493161917
2021-02-03,6.4614,58.61,55.67,57.69,57.71035714285714,53.86071428571429,55.855714285714285,4.0098274480928895,-0.004750787475072872,55.13735568670558
2021-02-04,6.4715,58.98,56.19,57.97,58.07642857142857,54.19285714285714,56.072857142857146,4.014517167218203,-0.004456131625749818,55.39654167790573
2021-02-05,6.4664,59.48,56.8,58.4,58.4425,54.525000000000006,56.290000000000006,4.019188219404675,-0.004165819537823848,55.6559070981548
2021-02-08,6.4475,60.17,57.95,59.36,59.54071428571429,55.52142857142857,56.941428571428574,4.032717964732717,-0.00339429961591115,56.41403441715168
2021-02-09,6.4344,60.74,58.34,59.63,59.90678571428572,55.85357142857143,57.158571428571435,4.037625893741089,-0.003048796715005272,56.691591050129105
2021-02-10,6.4576,61.17,58.69,59.69,60.27285714285714,56.18571428571428,57.37571428571429,4.04217960749314,-0.002761495927508219,56.950337008314236
2021-02-11,6.4567,61.09,58.22,59.56,60.63892857142857,56.517857142857146,57.59285714285714,4.04669275280453,-0.0024873702168318654,57.20794302420333
2021-02-12,6.4567,62.47,59.5,60.23,61.004999999999995,56.85,57.81,4.0512230892503425,-0.002215535594759541,57.467702207449825
2021-02-15,6.4567,63.58,59.5,60.23,62.10321428571429,57.846428571428575,58.46142857142857,4.064281692447679,-0.0014947153858927672,58.22307142647485
2021-02-16,6.4567,63.96,60.07,60.6,62.46928571428571,58.17857142857143,58.67857142857143,4.069033895345857,-0.0011721084711807472,58.50041775631233
2021-02-17,6.4567,65.02,61.09,60.89,62.83535714285714,58.510714285714286,58.89571428571429,4.073454042393801,-0.000902579574322437,58.75957052990769
2021-02-18,6.4869,64.09,60.4,60.59,63.20142857142857,58.84285714285714,59.112857142857145,4.077813093633929,-0.0006460423880413742,59.016265575662125
2021-02-19,6.4555,62.84,59.12,60.2,63.567499999999995,59.175,59.33,4.082143542792366,-0.00039475949363302774,59.272386672704286
2021-02-22,6.4625,64.73,61.67,60.62,64.66571428571429,60.17142857142857,59.98142857142857,4.094816503411914,0.0002851157191061479,60.028323154294654
2021-02-23,6.464,65.16,61.66,60.63,65.03178571428572,60.503571428571426,60.19857142857143,4.0994120690826765,0.000586972980584978,60.30482210337509
2021-02-24,6.4556,66.85,63.21,60.81,65.39785714285713,60.83571428571429,60.41571428571429,4.1037003694034535,0.0008407810599913522,60.563982573155315
2021-02-25,6.4541,66.69,63.43,60.84,65.76392857142856,61.167857142857144,60.63285714285715,4.107941098598934,0.0010826774564360359,60.82136337767059
2021-02-26,6.473,65.86,61.55,60.85,66.13,61.5,60.85,4.112142324632454,0.0013165004616817026,61.07742518301792
2021-03-01,6.4648,64.56,60.54,62.28,65.89454545454545,61.28727272727273,61.17363636363636,4.114177027885733,0.0004212621362065448,61.20182613533239
2021-03-02,6.4702,63.17,59.7,61.33,65.8160606060606,61.21636363636364,61.28151515151515,4.115025761081974,-4.968084533341885e-05,61.253792206389335
2021-03-03,6.4675,64.7,61.33,62.55,65.73757575757575,61.14545454545455,61.38939393939394,4.115811849721891,-0.000441337133108738,61.301962046996394
2021-03-04,6.4694,67.32,63.81,64.8,65.6590909090909,61.07454545454545,61.49727272727273,4.116606408529224,-0.0008188243551454429,61.350689416664416
2021-03-05,6.496,69.95,66.08,66.89,65.58060606060606,61.00363636363636,61.60515151515152,4.117389851441301,-0.0011938292174119962,61.39877301235565
2021-03-08,6.525,68.0,65.03,65.84,65.34515151515151,60.79090909090909,61.92878787878788,4.119283939615102,-0.002181331050429121,61.51517790797147
2021-03-09,6.505,67.03,64.02,65.37,65.26666666666667,60.72,62.03666666666667,4.1201371721135525,-0.0026683542732578807,61.567687054980254
2021-03-10,6.505,67.53,64.45,65.54,65.18818181818182,60.64909090909091,62.14454545454545,4.120876449328252,-0.003062222064377832,61.6132194716471
2021-03-11,6.4932,69.34,66.02,66.65,65.10969696969697,60.57818181818182,62.25242424242424,4.121621338551827,-0.0034386072196809945,61.65913159246039
2021-03-12,6.5081,68.87,65.59,66.5,65.03121212121212,60.50727272727273,62.36030303030303,4.1223137553353455,-0.003813255950101157,61.70184019440224
2021-03-15,6.4996,68.78,65.36,66.38,64.79575757575758,60.29454545454545,62.68393939393939,4.124186327143094,-0.004797159842511379,61.81748956792074
2021-03-16,6.5052,67.95,64.82,66.05,64.71727272727273,60.22363636363636,62.79181818181818,4.125028893653417,-0.005281636859811219,61.86959686323127
2021-03-17,6.503,67.73,64.55,65.77,64.63878787878788,60.15272727272727,62.89969696969697,4.125734950911046,-0.0056744218668263085,61.91329576627157
2021-03-18,6.5054,62.11,59.95,63.9,64.56030303030303,60.08181818181818,63.00757575757576,4.126324481413848,-0.006055946469069925,61.94980630363505
2021-03-19,6.507,64.0,61.43,64.57,64.48181818181818,60.01090909090909,63.11545454545454,4.127036916509961,-0.006427778861447063,61.9939572453159
2021-03-22,6.507,63.89,61.48,64.71,64.24636363636364,59.79818181818182,63.43909090909091,4.128869138117903,-0.007407766909278127,62.10764803489791
2021-03-23,6.516,59.96,57.75,63.72,64.16787878787879,59.72727272727273,63.5469696969697,4.129636483420067,-0.007895776859030253,62.15532433659964
2021-03-24,6.523,63.7,61.12,64.5,64.08939393939394,59.656363636363636,63.65484848484848,4.130395097214109,-0.008282460543287785,62.20249411257372
2021-03-25,6.5452,61.21,58.47,64.05,64.0109090909091,59.585454545454546,63.76272727272727,4.13102490486244,-0.008661003401734682,62.2416820582497
2021-03-26,6.5412,63.77,60.93,64.43,63.93242424242424,59.51454545454545,63.87060606060606,4.131731123503279,-0.009028735346519701,62.28565381936753
2021-03-29,6.5696,64.06,61.49,64.42,63.696969696969695,59.30181818181818,64.19424242424242,4.133520152447576,-0.01000356089741074,62.397184392829615
2021-03-30,6.5716,63.28,60.55,64.41,63.61848484848485,59.23090909090909,64.30212121212121,4.134327450849014,-0.010485590597354282,62.4475778785975
2021-03-31,6.5518,63.52,59.19,64.41,63.54,59.16,64.41,4.134997858179274,-0.010878744231580985,62.48945722910752
2021-04-01,6.5645,63.85,61.41,63.27,63.663666666666664,59.30733333333333,64.35933333333332,4.135540108261488,-0.010596180037339689,62.52335133113686
2021-04-02,6.5646,63.85,61.41,63.27,63.78733333333333,59.45466666666666,64.30866666666667,4.135947173711815,-0.010200504197345545,62.548807608136336
2021-04-05,6.5649,63.85,58.73,60.71,64.15833333333333,59.89666666666666,64.15666666666667,4.137112892249718,-0.009095856531706166,62.62176442798577
2021-04-06,6.537,61.47,59.34,60.96,64.282,60.044,64.106,4.1373840033902916,-0.008556415805554215,62.638744187561564
2021-04-07,6.5415,61.86,59.77,61.46,64.40566666666666,60.19133333333333,64.05533333333334,4.137732656581438,-0.00811738696338091,62.6605871932075
2021-04-08,6.5505,62.09,59.61,61.47,64.52933333333333,60.33866666666666,64.00466666666667,4.138086593073023,-0.007697339626050257,62.68276898684088
2021-04-09,6.5522,61.89,59.29,61.19,64.653,60.486,63.954,4.138432998975004,-0.0072810020737237476,62.704486429278376
2021-04-12,6.5475,62.38,59.7,61.3,65.024,60.928,63.802,4.139612617833553,-0.006182752450586595,62.77849746781217
2021-04-13,6.5431,62.83,60.2,61.53,65.14766666666667,61.07533333333333,63.751333333333335,4.139882655229246,-0.0056491399150945774,62.7954522988901
2021-04-14,6.5292,66.11,63.15,63.26,65.27133333333333,61.22266666666666,63.70066666666666,4.1402717666486595,-0.005212426186158878,62.81989148094088
2021-04-15,6.522,66.13,63.42,63.48,65.395,61.37,63.65,4.140616339717582,-0.0047962325924230395,62.841541253487904
2021-04-16,6.5203,65.98,63.16,63.42,65.51866666666666,61.51733333333333,63.599333333333334,4.140950341488339,-0.004384711637475189,62.86253394514663
2021-04-19,6.5085,66.54,63.33,63.47,65.88966666666667,61.95933333333333,63.44733333333333,4.142075451557032,-0.0032993135801944982,62.93330101793975
2021-04-20,6.4981,65.34,62.61,63.23,66.01333333333334,62.10666666666666,63.39666666666667,4.142301142774654,-0.0027731633652838374,62.947506114197914
2021-04-21,6.4903,64.02,61.34,62.71,66.137,62.254,63.346,4.142574742886322,-0.0023456495519820816,62.964730915146255
2021-04-22,6.491,65.07,61.45,62.68,66.26066666666667,62.40133333333333,63.29533333333333,4.142898897120056,-0.0019346523522135142,62.9851445076458
2021-04-23,6.4945,65.75,62.18,62.8,66.38433333333333,62.54866666666666,63.24466666666667,4.143231606202357,-0.0015261290429256667,63.00610372374095
2021-04-26,6.4844,65.5,62.02,62.62,66.75533333333334,62.99066666666666,63.092666666666666,4.144295900396288,-0.0004525508194741707,63.07319645098325
2021-04-27,6.483,66.25,63.03,62.75,66.879,63.138,63.042,4.14453500126797,7.061411945474708e-05,63.0882791103011
2021-04-28,6.4771,67.08,63.81,62.81,67.00266666666667,63.285333333333334,62.99133333333334,4.144831251508526,0.0004968382138543513,63.10697179688353
2021-04-29,6.471,68.26,65.0,62.9,67.12633333333333,63.43266666666666,62.940666666666665,4.145151118027865,0.0009058840860771541,63.12716083302445
2021-04-30,6.4749,67.73,63.5,62.89,67.25,63.58,62.89,4.145440756984825,0.0013062711235851563,63.14544756619128
2021-05-03,6.4749,67.73,64.46,65.03,67.48032258064516,63.84516129032258,63.21806451612903,4.149993753964586,0.0012758301356069147,63.43360408834839
2021-05-04,6.4749,68.91,65.72,66.35,67.55709677419355,63.93354838709677,63.32741935483871,4.151769418608987,0.0012273583725648585,63.54634095821051
2021-05-05,6.4749,69.71,65.63,66.65,67.63387096774194,64.02193548387096,63.43677419354839,4.153386263662297,0.0011811642220044916,63.649168651067065
2021-05-06,6.4635,68.62,64.73,66.01,67.71064516129032,64.11032258064516,63.546129032258065,4.154962019484392,0.0011360844082304049,63.749543261309526
2021-05-07,6.431,68.73,64.96,66.15,67.7874193548387,64.19870967741936,63.65548387096774,4.1565604661243185,0.0010921757726320798,63.8515249889935
2021-05-10,6.4156,68.61,64.92,66.2,68.01774193548387,64.46387096774193,63.983548387096775,4.161163141417976,0.000983630722072132,64.1460901995103
2021-05-11,6.4285,68.83,65.31,66.32,68.09451612903226,64.55225806451612,64.09290322580645,4.162907767293147,0.0009223412933832465,64.25809880641009
2021-05-12,6.4566,69.62,65.96,66.77,68.17129032258065,64.64064516129032,64.20225806451613,4.164516669194621,0.0008759015246872794,64.36156699652926
2021-05-13,6.4506,67.36,63.82,65.42,68.24806451612903,64.7290322580645,64.31161290322581,4.166048100225722,0.000830405572759389,64.46020780896018
2021-05-14,6.4367,69.24,65.32,66.33,68.32483870967742,64.8174193548387,64.42096774193548,4.167659170663403,0.0007882519867337273,64.56414144389093
2021-05-17,6.4388,69.62,66.24,66.82,68.55516129032257,65.08258064516129,64.74903225806452,4.172228929160254,0.000683259565025852,64.85985914246395
2021-05-18,6.425,69.01,65.49,66.64,68.63193548387096,65.17096774193548,64.8583870967742,4.173936885205572,0.0006217464320579295,64.97073158666316
2021-05-19,6.4342,66.88,63.28,65.92,68.70870967741935,65.25935483870967,64.96774193548387,4.175471363864395,0.000572688069056129,65.07050431771702
2021-05-20,6.4339,65.18,61.95,65.39,68.78548387096774,65.34774193548387,65.07709677419355,4.177004658420883,0.0005276818045964218,65.1703530970082
2021-05-21,6.4339,66.72,63.61,65.73,68.86225806451613,65.43612903225807,65.18645161290323,4.178590555834492,0.0004877512446840997,65.2737885887892
2021-05-24,6.4177,68.59,66.13,66.26,69.09258064516129,65.70129032258063,65.51451612903226,4.183131128116819,0.00038826679344808237,65.57084283179024
2021-05-25,6.41,68.8,66.27,66.3,69.16935483870968,65.78967741935483,65.62387096774194,4.184835054193603,0.0003297696717025477,65.68266594287026
2021-05-26,6.3905,68.93,66.41,66.33,69.24612903225805,65.87806451612903,65.73322580645161,4.18639489569059,0.0002851088757250976,65.78520043883175
2021-05-27,6.3824,69.43,66.87,66.32,69.32290322580644,65.96645161290321,65.84258064516129,4.187946870459787,0.00024397270616032587,65.88737667706256
2021-05-28,6.3674,69.36,66.31,66.28,69.39967741935483,66.05483870967741,65.95193548387097,4.189484267637764,0.0002017066569645683,65.98874964932389
2021-06-01,6.3796,70.03,67.8,68.49,69.81333333333333,66.55833333333332,66.45633333333333,4.196848310190454,0.00020435726609787551,66.47648726589188
2021-06-02,6.3805,70.6,68.79,69.5,69.99666666666666,66.79666666666667,66.63266666666667,4.200074227006553,0.0002928829636084263,66.69128115136998
2021-06-03,6.4036,70.71,68.81,69.47,70.17999999999999,67.035,66.809,4.203055410658704,0.00040532046553157626,66.89039676111055
2021-06-04,6.3945,71.3,69.57,70.03,70.36333333333333,67.27333333333333,66.98533333333333,4.206028632865238,0.0005223262828549621,67.08957272463633
2021-06-07,6.3963,70.89,69.21,69.84,70.91333333333333,67.98833333333333,67.51433333333333,4.214597668070935,0.0008423295431283263,67.66693582471639
2021-06-08,6.4,71.39,70.11,70.36,71.09666666666666,68.22666666666666,67.69066666666667,4.217761843439146,0.0009815189203535384,67.88138497473227
2021-06-09,6.3865,71.31,69.9,70.34,71.28,68.46499999999999,67.867,4.220677063079587,0.0010990479700949047,68.07956284709253
2021-06-10,6.3929,71.65,70.34,70.52,71.46333333333332,68.70333333333333,68.04333333333334,4.223585971324058,0.0012135361279183615,68.27788836425609
2021-06-11,6.3967,72.05,71.0,70.61,71.64666666666666,68.94166666666666,68.21966666666667,4.226487378532498,0.0013274525568424036,68.47627798710108
2021-06-14,6.3979,72.27,70.94,70.78,72.19666666666666,69.65666666666667,68.74866666666667,4.234888707659903,0.001634631581086095,69.05399312536348
2021-06-15,6.4052,73.38,72.06,71.39,72.38,69.895,68.925,4.237995070757877,0.0017680239223610184,69.26883341459077
2021-06-16,6.3969,73.88,72.03,71.56,72.56333333333333,70.13333333333333,69.10133333333333,4.240858072471822,0.001880607061432023,69.46743436515332
2021-06-17,6.4477,72.92,71.06,70.94,72.74666666666666,70.37166666666667,69.27766666666666,4.243680136423405,0.0019892155065380575,69.66375278876667
2021-06-18,6.4525,73.1,71.64,71.07,72.92999999999999,70.61,69.454,4.246520609588803,0.0020981618352125444,69.86191210904606
2021-06-21,6.4659,74.49,73.64,71.48,73.47999999999999,71.325,69.98299999999999,4.2547754023591375,0.0023961873949067685,70.44099453044169
2021-06-22,6.4811,74.92,73.15,71.41,73.66333333333333,71.56333333333333,70.15933333333332,4.257796371927951,0.002522731750602666,70.65411638655225
2021-06-23,6.4727,75.22,73.11,71.52,73.84666666666666,71.80166666666666,70.33566666666667,4.260599583349051,0.002630634791078556,70.8524526719479
2021-06-24,6.4701,75.95,73.31,71.6,74.03,72.03999999999999,70.512,4.263391542520675,0.002735614426528326,71.05054623290573
2021-06-25,6.4545,76.45,74.21,71.65,74.21333333333332,72.27833333333334,70.68833333333333,4.266179204237063,0.002840906020440725,71.24888744622783
2021-06-28,6.4555,74.78,72.98,71.54,74.76333333333332,72.99333333333334,71.21733333333333,4.274225857532205,0.0031229470582560663,71.82451537443157
2021-06-29,6.4635,75.38,73.14,71.57,74.94666666666666,73.23166666666667,71.39366666666666,4.277193572401712,0.003244531596637178,72.0379866609831
2021-06-30,6.4566,76.94,73.52,71.57,75.13,73.47,71.57,4.279949545138586,0.0033488865996900395,72.23679521788576
2021-07-01,6.4679,76.69,75.33,73.88,75.17,73.486,71.61433333333332,4.280548193532972,0.003319460049892024,72.28005260604967
2021-07-02,6.4721,77.51,75.37,74.23,75.21,73.502,71.65866666666666,4.281034316659213,0.003270927587674563,72.31519815302678
2021-07-05,6.4721,78.34,75.37,74.23,75.33,73.55,71.79166666666666,4.282399168426592,0.003137177690994825,72.41396506479927
2021-07-06,6.4786,75.81,73.62,72.93,75.36999999999999,73.566,71.836,4.282888636811252,0.0030683104492218193,72.4494180871654
2021-07-07,6.4718,74.31,72.22,72.08,75.41,73.582,71.88033333333333,4.283337606421658,0.003012761951844923,72.48195297722006
2021-07-08,6.4898,75.07,72.98,72.58,75.45,73.598,71.92466666666667,4.283827230409964,0.002961192482568983,72.51745056964417
2021-07-09,6.4788,77.14,74.56,73.72,75.49,73.614,71.969,4.284338451815195,0.0029105584178980054,72.55453252036405
2021-07-12,6.4751,76.77,74.21,73.54,75.61,73.662,72.102,4.285689348601466,0.002776923849310066,72.65261243818244
2021-07-13,6.4685,77.5,75.24,74.36,75.64999999999999,73.678,72.14633333333333,4.28624038853787,0.0027095693829848966,72.6926579614479
2021-07-14,6.4688,75.74,73.06,73.48,75.69,73.694,72.19066666666667,4.286683795073926,0.002653106149811309,72.72489750819595
2021-07-15,6.46,74.53,71.67,72.83,75.72999999999999,73.71000000000001,72.235,4.28713069842493,0.002599784041509139,72.75740577207877
2021-07-16,6.4785,74.46,71.76,72.92,75.77,73.726,72.27933333333333,4.287603331911405,0.002548435927509885,72.79180148607854
2021-07-19,6.4893,69.33,66.45,71.01,75.89,73.774,72.41233333333334,4.28886176735777,0.002409418262095963,72.88346293218311
2021-07-20,6.4845,70.03,67.32,71.28,75.92999999999999,73.79,72.45666666666666,4.2894000492182665,0.00234226629052828,72.922705339
2021-07-21,6.4664,72.54,70.26,72.28,75.97,73.806,72.501,4.289925684732361,0.002292060248720941,72.96104617848069
2021-07-22,6.47,74.25,72.15,72.81,76.00999999999999,73.822,72.54533333333333,4.290427949685429,0.002243674946618038,72.99770115940089
2021-07-23,6.4808,74.86,72.24,72.87,76.05,73.83800000000001,72.58966666666667,4.290903442296104,0.002193268728037892,73.03241928034929
2021-07-26,6.4825,74.79,72.15,72.83,76.17,73.886,72.72266666666667,4.292247716825712,0.0020613910204175245,73.13066091849534
2021-07-27,6.5104,74.87,71.68,72.81,76.21,73.902,72.76700000000001,4.292769615285392,0.001993540389926949,73.16883765910859
2021-07-28,6.4905,75.09,72.37,72.81,76.25,73.918,72.81133333333334,4.293249997319484,0.001941035948701866,73.20399509800033
2021-07-29,6.4562,76.3,73.62,72.89,76.28999999999999,73.934,72.85566666666668,4.293735036375776,0.0018921191029662107,73.23951050718344
2021-07-30,6.4609,77.72,73.93,72.9,76.33,73.95,72.9,4.294212632040397,0.0018422517877862774,73.27449773408952
2021-08-02,6.462,73.91,71.31,71.37,76.016875,73.4390625,72.5803125,4.289089777554726,0.0015499388143690729,72.90008299962153
2021-08-03,6.47,73.24,70.64,70.95,75.9125,73.26875,72.47375000000001,4.287182736402244,0.0014148515118295338,72.76119201882321
2021-08-04,6.4655,70.99,68.19,69.39,75.808125,73.0984375,72.3671875,4.285357097091315,0.001298775298709307,72.62847750763898
2021-08-05,6.4608,72.14,69.1,70.22,75.70375,72.92812500000001,72.260625,4.283605614702869,0.001187587083729121,72.5013813442216
2021-08-06,6.4825,71.02,68.26,69.74,75.599375,72.7578125,72.15406250000001,4.281809704622764,0.0010758392539786828,72.37129223178276
2021-08-09,6.4857,69.65,66.56,68.49,75.28625,72.246875,71.83437500000001,4.276542830026088,0.0007710153162571085,71.99112373990616
2021-08-10,6.4852,71.14,68.33,69.71,75.18187499999999,72.07656250000001,71.7278125,4.274661909142067,0.0006332509956298626,71.85584139937357
2021-08-11,6.4783,71.99,69.3,70.42,75.0775,71.90625,71.62125,4.272889220025457,0.0005165227091109005,71.72857616553435
2021-08-12,6.4782,71.79,69.12,70.44,74.973125,71.7359375,71.51468750000001,4.271090451066045,0.0004019934420700595,71.59966900108536
2021-08-13,6.4768,70.9,68.36,70.05,74.86874999999999,71.565625,71.408125,4.269272874245711,0.00028719255621968264,71.46964929855844
2021-08-16,6.4742,70.07,67.44,69.53,74.55562499999999,71.0546875,71.0884375,4.26395529414166,-2.5579285942193284e-05,71.09061238613465
2021-08-17,6.4854,69.4,66.5,69.33,74.45125,70.884375,70.981875,4.261997035287945,-0.00016989797846452042,70.95153478443027
2021-08-18,6.4841,68.61,65.36,68.95,74.346875,70.7140625,70.87531249999999,4.260157697578554,-0.0002923501712253113,70.82115089772098
2021-08-19,6.4942,66.8,63.69,68.03,74.24249999999999,70.54375,70.76875,4.258298456834317,-0.0004116409528466652,70.68959965902494
2021-08-20,6.5012,65.51,62.25,67.6,74.138125,70.3734375,70.6621875,4.256445702813966,-0.0005311854985779462,70.55875047216868
2021-08-23,6.4805,69.07,65.65,68.76,73.82499999999999,69.8625,70.3425,4.251137989828036,-0.0008474266969582848,70.18523700403819
2021-08-24,6.471,71.21,67.5,69.31,73.720625,69.6921875,70.23593749999999,4.249203659546634,-0.0009912462843157947,70.04960679389501
2021-08-25,6.4756,72.12,68.54,69.45,73.61625,69.521875,70.129375,4.247374190647838,-0.0011132133003915613,69.92157037192966
2021-08-26,6.4809,70.42,67.42,69.24,73.51187499999999,69.3515625,70.0228125,4.245507530819714,-0.0012351476566226083,69.79117232765597
2021-08-27,6.4711,72.26,68.84,69.44,73.4075,69.18125,69.91624999999999,4.243678576737318,-0.0013536804472533289,69.66364413526541
2021-08-30,6.4658,72.26,69.28,69.46,73.094375,68.6703125,69.59656249999999,4.238237462644162,-0.0016818818026515788,69.28562565285185
2021-08-31,6.4604,73.45,68.43,69.49,72.99,68.5,69.49,4.236240640623464,-0.001834621473938666,69.14741262915975
2021-09-01,6.4586,71.99,68.63,69.92,73.17433333333332,68.71766666666667,69.594,4.238203899665237,-0.0016752272045787997,69.28330025988204
2021-09-02,6.456,73.56,70.07,71.22,73.35866666666666,68.93533333333333,69.698,4.240328167823717,-0.0014695799753085142,69.4306330002596
2021-09-03,6.4528,73.07,69.34,70.64,73.54299999999999,69.153,69.80199999999999,4.242393009562335,-0.0012577155290772895,69.57414438237385
2021-09-06,6.4528,72.43,69.34,70.64,74.09599999999999,69.806,70.11399999999999,4.248475201863459,-0.0006881011838441908,69.99859720104324
2021-09-07,6.4662,71.52,68.49,69.71,74.28033333333333,70.02366666666667,70.21799999999999,4.250631967526355,-0.0004233287339229187,70.1497306931156
2021-09-08,6.4612,72.36,69.36,70.38,74.46466666666666,70.24133333333333,70.322,4.252700024447886,-0.0002042399005512862,70.29495444295108
2021-09-09,6.4547,71.32,68.26,69.63,74.649,70.459,70.426,4.254722561308167,4.926337008222069e-06,70.43727245259942
2021-09-10,6.444,72.44,69.82,70.7,74.83333333333333,70.67666666666666,70.53,4.2567974055330815,0.00021347148373987302,70.58357054095411
2021-09-13,6.4511,72.97,70.54,71.11,75.38633333333333,71.32966666666667,70.842,4.262797669152853,0.0007662943525561359,71.00836373250036
2021-09-14,6.4382,73.05,70.53,71.19,75.57066666666667,71.54733333333333,70.946,4.2649466890271555,0.0010226165844434399,71.16112620340448
2021-09-15,6.432,74.84,72.59,72.09,75.755,71.765,71.05,4.266999010527258,0.0012364209484134483,71.30732168142974
2021-09-16,6.4566,75.14,72.69,72.07,75.93933333333332,71.98266666666667,71.154,4.269015436486929,0.0014401821837371222,71.45125268031573
2021-09-17,6.4655,74.64,72.09,71.92,76.12366666666667,72.20033333333333,71.258,4.271016806587929,0.0016405330273933886,71.59439627498448
2021-09-20,6.4651,73.59,70.41,71.36,76.67666666666666,72.85333333333334,71.57,4.276879637375846,0.0021734768050506734,72.01537496326502
2021-09-21,6.4651,73.65,70.51,71.57,76.86099999999999,73.071,71.67399999999999,4.278996614926877,0.0024213510399205885,72.16799138115952
2021-09-22,6.4611,75.5,72.37,72.14,77.04533333333333,73.28866666666667,71.77799999999999,4.281011368780023,0.0026286874286942058,72.31353869163662
2021-09-23,6.459,76.44,73.43,72.35,77.22966666666666,73.50633333333333,71.882,4.283008791496451,0.002827509572446301,72.45812374719094
2021-09-24,6.466,77.42,74.18,72.45,77.414,73.724,71.986,4.284998860304588,0.0030237336161732195,72.60246397501217
2021-09-27,6.456,78.85,75.54,72.61,77.967,74.377,72.298,4.290812355319367,0.0035448307465543345,73.02576728103308
2021-09-28,6.4595,78.3,75.44,72.63,78.15133333333333,74.59466666666667,72.402,4.292891562984812,0.0037857491461815635,73.17776097460816
2021-09-29,6.4702,77.86,75.06,72.57,78.33566666666667,74.81233333333333,72.506,4.294839401857796,0.003984211135169377,73.32043837325337
2021-09-30,6.4434,77.81,75.22,72.61,78.52,75.03,72.61,4.296791474765692,0.004175465453479728,73.46370500255557
2021-10-01,6.4434,79.4,76.01,76.77,78.72206896551724,75.32448275862069,72.91931034482758,4.300839275416022,0.0041740296073254,73.76167408832599
2021-10-04,6.4434,81.44,77.68,78.52,79.32827586206896,76.20793103448275,73.84724137931035,4.312740191965165,0.004088318484230736,74.64474989933171
2021-10-05,6.4434,82.72,79.17,79.71,79.5303448275862,76.50241379310344,74.15655172413793,4.317204841360326,0.004021809851696449,74.97875759563425
2021-10-06,6.4434,81.39,77.66,78.69,79.73241379310345,76.79689655172413,74.46586206896552,4.321240052464781,0.0039742320972498335,75.28192396967235
2021-10-07,6.4434,82.34,78.46,79.45,79.93448275862069,77.09137931034482,74.7751724137931,4.325284374575701,0.003932280127091926,75.58700482612329
2021-10-08,6.4435,82.17,79.55,79.76,80.13655172413793,77.38586206896552,75.0844827586207,4.329303789700111,0.0038927870273147472,75.89143177582083
2021-10-11,6.4435,83.75,80.64,80.68,80.74275862068966,78.26931034482759,76.01241379310345,4.340867347354292,0.0038055017394589183,76.77410028115101
2021-10-12,6.4485,83.53,80.75,80.58,80.9448275862069,78.56379310344828,76.32172413793103,4.345177362083751,0.003740770537128682,77.10571189633578
2021-10-13,6.4262,83.53,80.67,80.45,81.14689655172414,78.85827586206896,76.63103448275862,4.349125962939984,0.0036963892396309345,77.41077346316953
2021-10-14,6.438,83.86,81.43,80.95,81.34896551724137,79.15275862068965,76.9403448275862,4.353053952727168,0.00365710015258159,77.71544016286563
2021-10-15,6.434,84.67,82.39,81.51,81.55103448275861,79.44724137931034,77.2496551724138,4.356969458009481,0.0036191440226967424,78.02033189240026
2021-10-18,6.429,84.13,82.62,81.31,82.15724137931034,80.3306896551724,78.17758620689655,4.368191328835908,0.0035372559532612755,78.90079697166898
2021-10-19,6.3822,85.02,83.19,81.61,82.35931034482758,80.6251724137931,78.48689655172414,4.372395951721323,0.0034757483137754465,79.23324348462918
2021-10-20,6.3936,85.76,84.4,81.81,82.56137931034482,80.91965517241378,78.79620689655172,4.376254097194328,0.0034350951405015,79.53952732817629
2021-10-21,6.3925,84.58,82.64,81.44,82.76344827586206,81.21413793103449,79.1055172413793,4.380044704244271,0.0033954934262604747,79.84160258381007
2021-10-22,6.3839,85.43,84.53,81.61,82.9655172413793,81.50862068965517,79.4148275862069,4.383855993620548,0.0033611613602991595,80.14648265956421
2021-10-25,6.3856,84.85,84.64,81.73,83.57172413793103,82.39206896551724,80.34275862068965,4.394784182282243,0.003283637125969748,81.02714178276358
2021-10-26,6.382,85.11,85.64,81.82,83.77379310344827,82.68655172413793,80.65206896551724,4.3988757350793675,0.003225915425141895,81.35934776708054
2021-10-27,6.3915,84.12,82.66,81.6,83.97586206896551,82.98103448275862,80.96137931034482,4.402594742680937,0.003181767582073906,81.66248713930611
2021-10-28,6.3917,83.4,82.78,81.55,84.17793103448275,83.2755172413793,81.27068965517242,4.4063027749054955,0.003145625020488076,81.965856377013
2021-10-29,6.405,83.1,83.5,81.58,84.38,83.57,81.58,4.410002266895039,0.0031118925999670203,82.26965000065174
2021-11-01,6.3972,84.51,84.08,82.38,83.0853125,81.93968749999999,81.458125,4.40219583348634,0.0011531309253775645,81.62991771888514
2021-11-02,6.3995,84.42,83.91,82.54,82.65375,81.39625,81.4175,4.399487760644274,0.00016465968930227254,81.40915700856795
2021-11-03,6.4061,81.1,80.82,80.16,82.22218749999999,80.8528125,81.376875,4.396761011646665,-0.0006682307253288784,81.18747704146477
2021-11-04,6.397,80.15,78.88,78.95,81.79062499999999,80.30937499999999,81.33624999999999,4.394019713781183,-0.0014783329133894586,80.96522275572812
2021-11-05,6.3961,82.43,81.25,80.94,81.3590625,79.76593749999999,81.295625,4.391340161027144,-0.002287054356312408,80.74856257593743
2021-11-08,6.3902,83.22,81.96,81.62,80.064375,78.135625,81.17375,4.383026038734528,-0.00446941430697944,80.07999229050358
2021-11-09,6.3916,84.52,84.12,82.58,79.6328125,77.5921875,81.13312499999999,4.380246947622895,-0.0055285730265446,79.85775165223747
2021-11-10,6.3882,82.91,81.23,81.27,79.20124999999999,77.04875,81.0925,4.377432095112706,-0.006410196822535593,79.63327993514406
2021-11-11,6.3882,83.4,81.47,81.67,78.76968749999999,76.5053125,81.051875,4.374614831577008,-0.007263075471721266,79.40924772641914
2021-11-12,6.3787,82.9,80.87,81.48,78.33812499999999,75.96187499999999,81.01125,4.371756742501905,-0.008116607503218026,79.18261304835414
2021-11-15,6.3824,81.94,80.85,81.41,77.0434375,74.3315625,80.889375,4.363039644133858,-0.010417343951137638,78.49537015515835
2021-11-16,6.3919,82.85,80.76,81.67,76.611875,73.78812500000001,80.84875,4.360108326396429,-0.011537233272374716,78.26561219562618
2021-11-17,6.3775,80.67,78.32,80.76,76.1803125,73.2446875,80.808125,4.35716941312142,-0.012467798252145668,78.03593401640752
2021-11-18,6.3851,82.45,78.92,81.11,75.74875,72.70125,80.7675,4.3542283258838275,-0.013367736878948096,77.80676070134997
2021-11-19,6.3863,80.24,76.11,80.33,75.31718749999999,72.1578125,80.726875,4.351206667205743,-0.014271826880516337,77.5720100744119
2021-11-22,6.3842,80.97,76.74,80.55,74.0225,70.5275,80.605,4.342085162577423,-0.016703466877219065,76.86765390316582
2021-11-23,6.391,83.43,78.32,81.22,73.5909375,69.98406250000001,80.564375,4.339037190366195,-0.017885844524821906,76.63372012306355
2021-11-24,6.3917,82.37,78.32,81.2,73.159375,69.44062500000001,80.52375,4.33598941447686,-0.018867427563875286,76.40051328017918
2021-11-25,6.3917,82.05,78.32,81.2,72.7278125,68.8971875,80.483125,4.332885878499311,-0.019819917151462897,76.16376910057575
2021-11-26,6.3924,72.37,78.32,80.08,72.29624999999999,68.35375,80.4425,4.329694026317944,-0.020770888529444274,75.92105317078014
2021-11-29,6.3875,73.34,69.88,80.31,71.00156249999999,66.7234375,80.320625,4.3200432487915785,-0.023363236725963875,75.19188017965676
2021-11-30,6.364,70.86,66.14,80.28,70.57,66.18,80.28,4.316768042638952,-0.024628261841160407,74.9460141218606
2021-12-01,6.3641,69.53,65.44,67.73,70.80258064516129,66.47129032258066,80.05129032258064,4.3165661300248255,-0.02406217624775044,74.93088310385403
2021-12-02,6.3763,70.56,66.6,68.62,71.03516129032258,66.7625806451613,79.8225806451613,4.316376197986681,-0.02319573731110116,74.91665267995565
2021-12-03,6.3758,70.71,66.39,68.91,71.26774193548387,67.05387096774194,79.59387096774194,4.31609564240981,-0.022278667583761343,74.89563734336852
2021-12-06,6.3756,73.38,69.62,71.65,71.96548387096773,67.92774193548388,78.90774193548387,4.31557419374322,-0.019829960636498275,74.85659329376097
2021-12-07,6.3657,75.54,71.94,73.54,72.19806451612902,68.21903225806452,78.67903225806451,4.3149912725396495,-0.018633180827799113,74.81297051385988
2021-12-08,6.3435,75.94,72.43,73.69,72.43064516129031,68.51032258064517,78.45032258064516,4.314577345867981,-0.017660476256003324,74.78200983814425
2021-12-09,6.3772,74.1,70.87,72.72,72.6632258064516,68.80161290322582,78.2216129032258,4.314159915044816,-0.016730769880050476,74.7508000366393
2021-12-10,6.3685,74.98,71.71,73.19,72.8958064516129,69.09290322580645,77.99290322580646,4.313789247610269,-0.015807912087263405,74.72309748389365
2021-12-13,6.3659,74.12,71.19,72.71,73.59354838709677,69.96677419354839,77.30677419354839,4.31292748028857,-0.01338138671768711,74.65873129862686
2021-12-14,6.3671,73.37,70.57,72.22,73.82612903225807,70.25806451612904,77.07806451612903,4.312182948961732,-0.012196121709748526,74.60316622189
2021-12-15,6.3673,73.71,70.89,72.38,74.05870967741936,70.54935483870968,76.84935483870967,4.31168200848536,-0.011232245901036263,74.56580383521116
2021-12-16,6.3674,74.64,72.34,73.02,74.29129032258064,70.84064516129033,76.62064516129033,4.311239565030366,-0.010307954958471123,74.53281998062124
2021-12-17,6.3748,72.97,70.93,72.43,74.52387096774193,71.13193548387096,76.39193548387097,4.310745245585791,-0.009394680593116189,74.49598606305665
2021-12-20,6.3756,70.51,68.69,71.65,75.2216129032258,72.0058064516129,75.7058064516129,4.309615076301122,-0.006990883424441231,74.41184054607291
2021-12-21,6.3716,72.85,71.1,72.42,75.4541935483871,72.29709677419355,75.47709677419354,4.308838172736574,-0.00581175946590979,74.35405217281135
2021-12-22,6.3695,74.69,72.82,72.71,75.68677419354839,72.5883870967742,75.2483870967742,4.308276595091895,-0.004852601204392889,74.31230832162368
2021-12-23,6.3696,76.26,73.89,72.99,75.91935483870968,72.87967741935483,75.01967741935484,4.30774789335707,-0.003934970518956436,74.27302965955852
2021-12-24,6.3696,75.24,73.89,72.99,76.15193548387097,73.17096774193548,74.79096774193548,4.307193430295283,-0.0030266589941251617,74.23185942286776
2021-12-27,6.3705,75.24,75.49,73.2,76.84967741935483,74.04483870967742,74.10483870967742,4.3058786341906945,-0.0006343018688240898,74.1343237970434
2021-12-28,6.3684,75.24,76.01,73.16,77.08225806451613,74.33612903225806,73.87612903225806,4.304978994276325,0.0005361872744746731,74.06765959171697
2021-12-29,6.368,78.63,76.58,73.21,77.31483870967742,74.62741935483871,73.6474193548387,4.304329552235501,0.0014872445194199933,74.01957255627407
2021-12-30,6.3726,78.61,76.83,73.2,77.54741935483871,74.91870967741934,73.41870967741936,4.303702220404797,0.002398086478587103,73.97315228429389
2021-12-31,6.3726,77.24,75.33,73.19,77.78,75.21,73.19,4.303054134383904,0.003298294005218912,73.92522684995656
2022-01-03,6.355,78.25,75.99,77.03,79.21892857142858,76.59642857142856,74.28928571428571,4.318312178326664,0.003846717199919537,75.06183033187727
2022-01-04,6.3721,79.39,77.0,78.03,79.69857142857143,77.05857142857143,74.65571428571428,4.324031050395161,0.004037676955518975,75.49232914729211
2022-01-05,6.364,80.6,77.83,78.81,80.17821428571429,77.52071428571428,75.02214285714285,4.329334744651185,0.004185320991458095,75.89378102773873
2022-01-06,6.3822,81.99,79.47,79.69,80.65785714285714,77.98285714285714,75.38857142857142,4.334607029835517,0.004326078390357361,76.29497135060866
2022-01-07,6.3769,82.28,79.0,79.53,81.1375,78.445,75.755,4.339820319440944,0.004462505423106944,76.69375772292477
2022-01-10,6.3756,81.56,78.11,78.89,82.57642857142856,79.83142857142857,76.85428571428571,4.354850339340948,0.004838747505119038,77.85517260842913
2022-01-11,6.3735,84.98,81.17,80.79,83.05607142857143,80.29357142857143,77.22071428571428,4.360439362226921,0.004992588716754004,78.29152520638917
2022-01-12,6.358,85.83,82.51,81.34,83.53571428571428,80.75571428571429,77.58714285714285,4.365559053613321,0.005126397951148337,78.69338146586938
2022-01-13,6.3595,85.8,81.97,81.3,84.01535714285714,81.21785714285714,77.95357142857142,4.370612327690755,0.005254459291416514,79.09204712557217
2022-01-14,6.3524,87.17,83.82,82.27,84.495,81.68,78.32,4.375672179558399,0.005382734278850431,79.49325533901963
2022-01-17,6.3524,87.82,83.82,82.27,85.93392857142857,83.06642857142857,79.41928571428572,4.390191408468037,0.005733829360556101,80.65585571684981
2022-01-18,6.3525,88.83,85.42,83.22,86.41357142857143,83.52857142857142,79.78571428571429,4.395556245406198,0.005875581891144323,81.08972400657842
2022-01-19,6.3447,89.64,86.84,83.56,86.89321428571428,83.99071428571429,80.15214285714286,4.400494884399639,0.006000292076563175,81.4911874049423
2022-01-20,6.3406,89.75,86.29,83.5,87.37285714285714,84.45285714285714,80.51857142857143,4.405373797406982,0.006119514668681737,81.88974729807676
2022-01-21,6.3385,89.75,85.16,83.29,87.85249999999999,84.915,80.885,4.410222058498802,0.0062361849872642205,82.28773416626751
2022-01-24,6.3304,87.74,84.48,82.87,89.29142857142857,86.30142857142857,81.98428571428572,4.424224581774827,0.0065635333259781575,83.44807496981343
2022-01-25,6.3257,89.49,86.61,83.21,89.77107142857142,86.76357142857144,82.35071428571429,4.429408148709008,0.006696644410576422,83.88175668999807
2022-01-26,6.3206,91.22,88.33,83.39,90.25071428571428,87.22571428571429,82.71714285714286,4.434184945211294,0.006813743253248393,84.28340129551414
2022-01-27,6.3677,90.7,87.61,83.33,90.73035714285714,87.68785714285715,83.08357142857143,4.438897624159087,0.00692490064228454,84.68153931792108
2022-01-28,6.3605,91.47,87.67,83.36,91.21,88.15,83.45,4.443597594006844,0.007035109426436993,85.08047676198845
2022-01-31,6.361,92.35,89.16,83.45,92.15645161290323,88.8825806451613,84.31032258064516,4.452850479344103,0.0068580504488488184,85.87137003755846
2022-02-01,6.361,90.24,88.22,87.42,92.47193548387096,89.12677419354839,84.59709677419355,4.456346986378522,0.00673738637160893,86.17214541212755
2022-02-02,6.361,91.43,88.16,87.77,92.7874193548387,89.37096774193549,84.88387096774194,4.459526530531921,0.006645874163195223,86.44656959396907
2022-02-03,6.361,92.99,90.17,89.16,93.10290322580644,89.61516129032259,85.17064516129032,4.462701755780748,0.006562349148618459,86.72149316556852
2022-02-04,6.361,96.86,92.27,91.06,93.41838709677418,89.85935483870968,85.45741935483872,4.465880236886657,0.00647985784417593,86.99757432000668
2022-02-07,6.361,97.28,91.25,90.76,94.36483870967741,90.59193548387097,86.31774193548388,4.4748780221260205,0.006277146664000911,87.78389206415383
2022-02-08,6.366,96.07,89.32,89.28,94.68032258064515,90.83612903225807,86.60451612903226,4.478235360168687,0.00616075416792342,88.07910755631664
2022-02-09,6.3619,94.95,89.57,89.88,94.99580645161289,91.08032258064516,86.89129032258064,4.481338528242378,0.006073417434708868,88.352856355436
2022-02-10,6.3526,96.37,89.83,89.92,95.31129032258065,91.32451612903226,87.17806451612904,4.484418431244117,0.005992634322993757,88.62539406235157
2022-02-11,6.354,97.5,93.1,91.79,95.62677419354839,91.56870967741936,87.46483870967742,4.487523623756121,0.005915515933028158,88.90102068776307
2022-02-14,6.3567,101.66,95.52,92.61,96.5732258064516,92.30129032258064,88.32516129032258,4.496372376073671,0.005724769646455461,89.69117458288687
2022-02-15,6.3385,98.43,92.07,90.86,96.88870967741934,92.54548387096774,88.61193548387097,4.4996404224290885,0.005611870259691616,89.98476897783974
2022-02-16,6.3366,97.44,93.83,91.56,97.2041935483871,92.78967741935485,88.89870967741936,4.502686648593153,0.005529869649913915,90.25930086628502
2022-02-17,6.3381,95.28,91.78,90.67,97.51967741935484,93.03387096774193,89.18548387096774,4.505664601386787,0.005450922775460611,90.528489419919
2022-02-18,6.3251,96.18,91.26,90.9,97.83516129032257,93.27806451612904,89.47225806451613,4.508662670629581,0.005373457518570078,90.80030736054812
2022-02-21,6.3251,98.95,91.26,90.9,98.7816129032258,94.01064516129033,90.3325806451613,4.5172978405904685,0.005187966922316636,91.58777852757149
2022-02-22,6.326,98.73,92.11,91.84,99.09709677419355,94.25483870967741,90.61935483870968,4.520559832011945,0.005081304876272772,91.88702487961078
2022-02-23,6.3134,99.29,92.14,91.7,99.41258064516128,94.49903225806452,90.90612903225806,4.52353178924868,0.00500122638316565,92.16051538791037
2022-02-24,6.3283,101.29,92.77,92.07,99.72806451612902,94.74322580645162,91.19290322580646,4.526491073071107,0.004926938294941142,92.43364844996331
2022-02-25,6.3169,98.56,91.68,91.93,100.04354838709676,94.9874193548387,91.47967741935484,4.529408298132072,0.004852703745995784,92.7036919029519
2022-02-28,6.3084,103.08,96.13,92.34,100.99,95.72,92.34,4.537899990471055,0.0046803749047851385,93.49425499199985
2022-03-01,6.3116,110.93,103.66,102.0,101.2132258064516,95.86709677419354,92.93838709677419,4.542860997206065,0.004118188897851761,93.95923304667677
2022-03-02,6.321,118.94,110.74,109.4,101.43645161290323,96.0141935483871,93.5367741935484,4.54766545678909,0.0035008425679570448,94.41174254566792
2022-03-03,6.3195,115.36,107.69,106.58,101.65967741935484,96.16129032258064,94.13516129032259,4.552264367909856,0.002877573757174173,94.84693369407451
2022-03-04,6.3188,123.86,115.77,114.95,101.88290322580644,96.3083870967742,94.73354838709677,4.557022833111733,0.002258352639348409,95.29933504195516
2022-03-07,6.3194,129.02,119.26,118.18,102.55258064516129,96.74967741935484,96.52870967741936,4.570134174585465,0.000666457935984414,96.55706440782443
2022-03-08,6.3178,133.18,123.64,122.53,102.7758064516129,96.89677419354838,97.12709677419355,4.575302759893838,-0.00012888715643786294,97.05741978317802
2022-03-09,6.3174,116.58,108.81,110.86,102.99903225806452,97.04387096774194,97.72548387096775,4.579643761043003,-0.0007653257646487775,97.47966196782511
2022-03-10,6.3212,114.54,105.93,110.2,103.22225806451613,97.19096774193548,98.32387096774194,4.584083870045316,-0.0013664920367291206,97.91344460090517
2022-03-11,6.3389,118.11,109.31,112.59,103.44548387096773,97.33806451612904,98.92225806451613,4.5885750260712515,-0.0019539357159182175,98.35417811832382
2022-03-14,6.3645,110.39,103.22,109.18,104.11516129032258,97.77935483870968,100.71741935483871,4.601042557957565,-0.0034662417909014425,99.58808789175224
2022-03-15,6.3696,105.14,96.42,105.76,104.33838709677418,97.92645161290322,101.3158064516129,4.6058569480687055,-0.004226135543376494,100.06869979556853
2022-03-16,6.351,104.61,94.85,104.89,104.56161290322581,98.07354838709678,101.9141935483871,4.6102175264712,-0.004827792387624346,100.50600997638645
2022-03-17,6.3459,113.5,102.97,108.78,104.78483870967742,98.22064516129032,102.5125806451613,4.614634217841774,-0.00538991394948251,100.95089574169549
2022-03-18,6.3609,114.32,104.69,108.99,105.00806451612902,98.36774193548388,103.11096774193548,4.618929553925139,-0.005945766325448266,101.38544636919984
2022-03-21,6.3552,122.29,112.14,111.73,105.67774193548387,98.80903225806452,104.90612903225806,4.631108566654747,-0.007372589519520808,102.62777079768522
2022-03-22,6.366,121.53,111.03,111.43,105.90096774193547,98.95612903225806,105.50451612903225,4.635824197340577,-0.008089769155860797,103.11286833435905
2022-03-23,6.372,127.52,114.89,112.59,106.1241935483871,99.10322580645162,106.10290322580646,4.640093468310874,-0.008656954297313838,103.55402615086282
2022-03-24,6.367,123.98,114.2,111.82,106.3474193548387,99.25032258064516,106.70129032258065,4.644228956028814,-0.009195909841557005,103.98315927995006
2022-03-25,6.3658,122.67,116.2,112.1,106.57064516129032,99.39741935483872,107.29967741935484,4.648361573641662,-0.009724661667016491,104.41377107953237
2022-03-28,6.3714,114.5,107.55,110.84,107.24032258064516,99.83870967741936,109.09483870967742,4.6599564032462855,-0.011095188074391416,105.63147686679092
2022-03-29,6.3635,112.79,104.25,110.55,107.46354838709676,99.9858064516129,109.69322580645161,4.664486300474299,-0.011782640643590433,106.1110620166722
2022-03-30,6.347,115.59,107.81,110.89,107.68677419354839,100.13290322580646,110.29161290322581,4.6685926927066195,-0.012322290754181859,106.54769152996795
2022-03-31,6.3393,107.29,100.53,110.89,107.91,100.28,110.89,4.672542096032772,-0.01284404500132205,106.96932338637482
2022-04-01,6.3625,106.13,99.32,101.85,107.95931034482759,100.43206896551725,110.61068965517241,4.671788084271698,-0.012513051447435882,106.88869765866075
2022-04-04,6.3619,108.15,103.29,104.77,108.10724137931034,100.88827586206897,109.77275862068966,4.6689056884091045,-0.011174164147707444,106.58104571911316
2022-04-05,6.3619,106.6,101.98,103.27,108.15655172413793,101.04034482758621,109.49344827586206,4.667540592159472,-0.01050301772540263,106.43565159438566
2022-04-06,6.359,100.81,96.39,98.81,108.20586206896552,101.19241379310346,109.21413793103449,4.666297178403334,-0.00995559115157597,106.3033902858554
2022-04-07,6.36,99.83,96.05,98.42,108.2551724137931,101.34448275862069,108.9348275862069,4.665162662518496,-0.00942806921555484,106.18285578804374
2022-04-08,6.3643,101.26,98.35,99.72,108.3044827586207,101.49655172413793,108.65551724137931,4.6640724223475285,-0.00890248954373937,106.06715405599415
2022-04-11,6.3692,97.92,94.22,97.02,108.45241379310345,101.95275862068965,107.81758620689655,4.660921937912212,-0.007522916160394149,105.73351697322155
2022-04-12,6.3651,104.42,100.52,101.49,108.50172413793103,102.1048275862069,107.53827586206897,4.659633098065751,-0.006838110536498731,105.59733118312806
2022-04-13,6.3678,108.49,104.26,103.7,108.55103448275862,102.25689655172414,107.25896551724138,4.658506853978477,-0.0062814192027727065,105.47846975930294
2022-04-14,6.3775,110.83,106.84,104.82,108.60034482758621,102.40896551724138,106.9796551724138,4.657383634044744,-0.005747608840450796,105.36006075161745
2022-04-15,6.3705,110.83,106.84,104.82,108.64965517241379,102.56103448275861,106.7003448275862,4.65622867495399,-0.005219175931699293,105.23844443610355
2022-04-18,6.363,110.83,108.24,105.44,108.79758620689655,103.01724137931035,105.86241379310346,4.65304907881204,-0.0038258029111631403,104.90436009229632
2022-04-19,6.393,105.49,102.54,103.09,108.84689655172414,103.16931034482758,105.58310344827586,4.651551099771033,-0.0031419211268002302,104.7473332004275
2022-04-20,6.4188,105.05,102.56,103.12,108.89620689655173,103.32137931034482,105.30379310344829,4.650325464003846,-0.0025834623593126416,104.6190297650406
2022-04-21,6.45,107.2,103.89,103.85,108.9455172413793,103.47344827586207,105.02448275862069,4.64915300725514,-0.002046776074076892,104.49644035698208
2022-04-22,6.501,105.15,102.86,103.43,108.9948275862069,103.62551724137931,104.74517241379311,4.647944784194149,-0.0015149125981584407,104.3702615893494
2022-04-25,6.5585,99.27,99.6,102.3,109.14275862068966,104.08172413793103,103.90724137931035,4.644597349188563,-0.00011367850050045475,104.02147302138462
2022-04-26,6.5552,102.89,102.62,102.69,109.19206896551725,104.23379310344828,103.62793103448277,4.643156018527572,0.0005827328771850939,103.87165167990105
2022-04-27,6.5595,103.3,101.96,102.69,109.24137931034483,104.38586206896551,103.34862068965518,4.6418950219983035,0.0011459875338344467,103.74075243673435
2022-04-28,6.6243,105.78,105.47,102.76,109.29068965517241,104.53793103448275,103.0693103448276,4.640690409558743,0.0016906859848330286,103.61586027428841
2022-04-29,6.608,108.36,104.59,102.79,109.34,104.69,102.79,4.63946477077797,0.0022270011639174353,103.48894245122393
2022-05-02,6.6079,108.36,105.18,103.86,110.605625,105.625625,103.290625,4.6454052855943955,0.002766119986145917,104.10554971616476
2022-05-03,6.6079,104.94,102.53,103.39,111.0275,105.9375,103.45750000000001,4.64757526596974,0.002991872777262288,104.33170200028007
2022-05-04,6.6079,110.53,107.84,105.97,111.449375,106.249375,103.624375,4.649719628954886,0.0031755829497922307,104.55566708562478
2022-05-05,6.6535,112.11,108.17,106.4,111.87125,106.56125,103.79125,4.65180674948287,0.0033477106259527474,104.77411524924159
2022-05-06,6.6651,113.86,109.72,107.57,112.293125,106.873125,103.95812500000001,4.653901993296151,0.003517942406788426,104.99387270834244
2022-05-09,6.7295,106.67,103.08,102.79,113.55875,107.80875,104.45875000000001,4.659852791563492,0.003968848482864494,105.62053277869427
2022-05-10,6.7343,102.61,99.74,100.43,113.980625,108.120625,104.625625,4.6619817392841165,0.004175611583024514,105.84563289937839
2022-05-11,6.7186,107.7,105.5,104.56,114.4025,108.4325,104.7925,4.664113413600973,0.004350615871848581,106.07150197070087
2022-05-12,6.786,108.06,106.15,104.66,114.824375,108.744375,104.95937500000001,4.666164159347097,0.0045176785578010335,106.28925084963282
2022-05-13,6.788,112.12,110.52,107.23,115.24625,109.05625,105.12625,4.668261689478433,0.004684417699110261,106.51242973632141
2022-05-16,6.7852,114.86,114.07,108.4,116.511875,109.991875,105.626875,4.674257293817468,0.005126815851750485,107.15295436958665
2022-05-17,6.7361,112.89,112.31,106.88,116.93375,110.30375,105.79375,4.676384799255576,0.0053287369475593545,107.38116553688808
2022-05-18,6.754,110.04,109.67,105.53,117.355625,110.615625,105.960625,4.678364101363227,0.005494892852895868,107.59391578320626
2022-05-19,6.7109,113.22,112.21,106.99,117.7775,110.9275,106.1275,4.6804092444459515,0.005657022635768306,107.81418590099202
2022-05-20,6.6921,113.63,112.63,107.21,118.199375,111.239375,106.294375,4.682423123278164,0.0058167614178545445,108.03152938605534
2022-05-23,6.649,115.13,110.32,107.32,119.465,112.175,106.795,4.688283902635066,0.006240102268352921,108.66653734650643
2022-05-24,6.653,115.77,112.55,107.17,119.886875,112.486875,106.96187499999999,4.69041803565927,0.006437870648069365,108.89869383078002
2022-05-25,6.6916,116.41,112.88,107.17,120.30875,112.79875,107.12875,4.692406408045218,0.006600987866175324,109.11544040149569
2022-05-26,6.738,119.81,116.19,107.64,120.730625,113.110625,107.295625,4.694416262314324,0.006760381857673811,109.33496706961918
2022-05-27,6.698,121.19,114.96,107.75,121.1525,113.4225,107.46249999999999,4.696393638871474,0.006913879794420634,109.55137736218504
2022-05-30,6.698,123.01,114.96,107.75,122.418125,114.358125,107.96312499999999,4.70217591960049,0.007327212585681823,110.18666912794222
2022-05-31,6.6715,125.53,114.38,108.13,122.84,114.67,108.13,4.704276501180554,0.007515506876504546,110.41836848198189
2022-06-01,6.6858,122.2,115.26,110.91,122.57233333333333,114.373,108.30033333333333,4.704350665588861,0.00710202249623936,110.42655789862445
2022-06-02,6.6596,122.2,116.88,112.02,122.30466666666668,114.07600000000001,108.47066666666666,4.704432923998633,0.006587900371858396,110.43564178528167
2022-06-03,6.6595,125.68,118.97,113.83,122.037,113.779,108.64099999999999,4.704548365929375,0.006054914323916789,110.44839142489943
2022-06-06,6.6534,124.99,118.41,114.01,121.23400000000001,112.888,109.152,4.704569727300283,0.00463152360612392,110.45075077915435
2022-06-07,6.6675,126.89,119.55,115.29,120.96633333333334,112.59100000000001,109.32233333333333,4.704819850452494,0.003934646189676267,110.47838052437868
2022-06-08,6.6825,129.2,121.94,117.5,120.69866666666667,112.294,109.49266666666666,4.704957681172086,0.003366420594853257,110.49360888850983
2022-06-09,6.6915,128.47,121.52,117.09,120.431,111.997,109.663,4.705019007615236,0.0028205631964581986,110.50038527631747
2022-06-10,6.7081,127.44,120.73,116.67,120.16333333333334,111.7,109.83333333333333,4.705066121360864,0.002277992800644926,110.50559148600227
2022-06-13,6.753,128.44,120.92,116.64,119.36033333333333,110.809,110.34433333333332,4.705009041894744,0.000843586703751148,110.49928406585079
2022-06-14,6.7395,127.02,118.92,115.71,119.09266666666667,110.512,110.51466666666666,4.705187036955631,0.0001403902883149791,110.51895414318243
2022-06-15,6.7128,124.96,115.32,114.35,118.825,110.215,110.685,4.7052246840619585,-0.00043515705976424513,110.52311494032075
2022-06-16,6.703,125.78,117.56,115.34,118.55733333333333,109.918,110.85533333333333,4.705283217169745,-0.0009841894771393568,110.52958439105713
2022-06-17,6.716,119.22,109.56,112.72,118.28966666666668,109.62100000000001,111.02566666666667,4.7052336228049185,-0.0015366738912152918,110.52410288245181
2022-06-20,6.716,118.25,109.56,112.72,117.48666666666666,108.73,111.53666666666666,4.705083109963925,-0.002983761504359709,110.50746883757881
2022-06-21,6.688,118.51,110.49,113.34,117.21900000000001,108.433,111.707,4.705262342250479,-0.003691119353454568,110.5272771189886
2022-06-22,6.6983,115.54,106.22,112.34,116.95133333333334,108.13600000000001,111.87733333333333,4.705267822151889,-0.004272579116785776,110.52788279922986
2022-06-23,6.698,114.5,105.75,111.86,116.68366666666667,107.839,112.04766666666666,4.705266438178501,-0.004827912349774618,110.52772983168734
2022-06-24,6.6878,117.36,109.07,112.3,116.416,107.542,112.21799999999999,4.705294505974749,-0.005375788133396738,110.53083214502527
2022-06-27,6.6899,119.69,111.44,112.7,115.613,106.65100000000001,112.729,4.705085485982964,-0.006831911022652609,110.5077314057406
2022-06-28,6.707,122.21,113.66,113.11,115.34533333333333,106.354,112.89933333333333,4.705245344019747,-0.007543260172166757,110.52539836679769
2022-06-29,6.6997,120.8,111.65,113.02,115.07766666666667,106.057,113.06966666666666,4.705246091039581,-0.008127652642303659,110.52548093149332
2022-06-30,6.6981,119.78,107.76,113.24,114.81,105.76,113.24,4.705206708435337,-0.008692351884196576,110.52112823592968
2022-07-01,6.7,119.21,110.3,107.89,114.6444827586207,105.51379310344828,112.89103448275861,4.702607879993413,-0.008710604909438409,110.2342756861671
2022-07-04,6.7,121.8,110.3,107.89,114.14793103448277,104.77517241379311,111.84413793103448,4.694467356135128,-0.008484983265010546,109.3405535535504
2022-07-05,6.7192,110.49,101.55,100.73,113.98241379310345,104.52896551724139,111.4951724137931,4.69120234361224,-0.008353287838818594,108.98413744509261
2022-07-06,6.707,108.54,100.31,98.98,113.81689655172414,104.28275862068966,111.14620689655172,4.688293977326075,-0.008246247826616844,108.66763213380807
2022-07-07,6.7005,113.4,104.62,102.02,113.65137931034484,104.03655172413794,110.79724137931034,4.6854983660567635,-0.008142844790069721,108.3642639241779
2022-07-08,6.6945,113.95,106.78,104.22,113.48586206896552,103.79034482758621,110.44827586206897,4.6826666433834445,-0.008041336253645441,108.05784043897025
2022-07-11,6.7175,114.85,106.09,104.28,112.98931034482759,103.05172413793105,109.40137931034482,4.674321244044118,-0.007785536552467457,107.15980704441755
2022-07-12,6.7234,106.98,97.69,99.14,112.82379310344828,102.80551724137932,109.05241379310345,4.67101383749528,-0.007647205560556739,106.80597145844244
2022-07-13,6.7175,107.17,98.44,100.0,112.65827586206896,102.5593103448276,108.70344827586207,4.66809074880544,-0.007536298593556886,106.49422398599614
2022-07-14,6.7542,107.74,97.79,99.7,112.49275862068966,102.31310344827587,108.35448275862069,4.665164557412591,-0.007431279223775016,106.18305699350078
2022-07-15,6.7565,112.26,99.59,101.03,112.32724137931035,102.06689655172414,108.00551724137931,4.662273429362986,-0.007325772619217117,105.87651152366203
2022-07-18,6.742,117.27,104.48,103.58,111.83068965517242,101.32827586206898,106.95862068965518,4.653819122774463,-0.007055419123174978,104.98517217185099
2022-07-19,6.743,114.96,106.12,103.78,111.6651724137931,101.08206896551725,106.6096551724138,4.650568962371957,-0.0069045371382796756,104.6445074298208
2022-07-20,6.754,115.86,104.45,103.54,111.4996551724138,100.83586206896553,106.26068965517241,4.647566878872862,-0.006790130931425282,104.33082696385743
2022-07-21,6.7655,112.81,98.44,102.55,111.33413793103449,100.5896551724138,105.91172413793103,4.644532528111099,-0.0066867972161405555,104.01473045595654
2022-07-22,6.75,106.77,97.71,102.32,111.16862068965517,100.34344827586207,105.56275862068966,4.641514291714397,-0.006578605126384237,103.70126270855113
2022-07-25,6.7499,108.23,99.83,102.63,110.67206896551724,99.6048275862069,104.51586206896552,4.6328278471311695,-0.006297898932850264,102.8043684873356
2022-07-26,6.7616,107.32,97.74,102.66,110.50655172413794,99.35862068965518,104.16689655172414,4.629488023257003,-0.006145911481921916,102.46159272704892
2022-07-27,6.757,109.64,100.03,102.75,110.34103448275863,99.11241379310346,103.81793103448277,4.626449052024356,-0.006022969536851151,102.15068754952196
2022-07-28,6.7465,109.68,99.11,102.8,110.17551724137931,98.86620689655173,103.46896551724139,4.623396137440888,-0.00590933924476052,101.83930577861264
2022-07-29,6.7433,111.51,101.31,103.12,110.01,98.62,103.12,4.620359864287324,-0.005793180996257297,101.53056277972952
2022-08-01,6.7674,106.09,96.59,97.87,108.78090909090909,97.79545454545455,102.52727272727273,4.613663470774054,-0.006058917486648212,100.85294550581467
2022-08-02,6.7499,106.51,97.14,99.4,108.37121212121212,97.52060606060607,102.32969696969697,4.611261741160479,-0.006190772519052477,100.61101464253066
2022-08-03,6.7565,101.82,93.25,95.97,107.96151515151516,97.24575757575758,102.13212121212122,4.60893907766008,-0.006308899477603329,100.3776002875184
2022-08-04,6.7485,97.99,91.29,94.08,107.55181818181819,96.97090909090909,101.93454545454546,4.606640717072909,-0.006424430497073241,100.14716128458429
2022-08-05,6.7607,100.31,91.77,94.41,107.14212121212121,96.69606060606061,101.7369696969697,4.60439768048877,-0.006539814180341987,99.92277928062326
2022-08-08,6.7505,103.46,93.52,96.04,105.91303030303031,95.87151515151515,101.14424242424242,4.597808778138422,-0.006858106594010667,99.26656209490918
2022-08-09,6.7525,103.81,93.18,95.97,105.50333333333333,95.59666666666666,100.94666666666667,4.595363965867427,-0.007002218376232733,99.02417040761921
2022-08-10,6.723,105.06,94.68,96.87,105.09363636363636,95.32181818181819,100.74909090909091,4.593100741801114,-0.007123856074865242,98.80030994075855
2022-08-11,6.7445,107.19,97.02,98.18,104.6839393939394,95.0469696969697,100.55151515151515,4.5908481316055525,-0.007241829154456187,98.578001836017
2022-08-12,6.7425,103.7,94.86,96.48,104.27424242424243,94.77212121212122,100.3539393939394,4.58851505005346,-0.007361793311557062,98.34827940327963
2022-08-15,6.7715,98.25,92.24,94.97,103.04515151515152,93.94757575757576,99.76121212121213,4.581723549778081,-0.007692450771447272,97.68261004208969
2022-08-16,6.7875,95.36,89.23,93.46,102.63545454545455,93.67272727272727,99.56363636363636,4.5791913070286725,-0.007843555978625074,97.43556687970427
2022-08-17,6.7805,97.22,90.85,94.04,102.22575757575757,93.3978787878788,99.3660606060606,4.576888153053219,-0.007969166386103213,97.2114159925825
2022-08-18,6.7855,96.35,93.2,95.18,101.8160606060606,93.1230303030303,99.16848484848485,4.574585485999993,-0.008090645899422476,96.98782799093512
2022-08-19,6.8164,96.45,93.55,95.39,101.40636363636364,92.84818181818181,98.97090909090909,4.572258787584907,-0.008213761044420287,96.7624288848211
2022-08-22,6.8476,95.06,93.42,95.39,100.17727272727272,92.02363636363637,98.37818181818182,4.565397396074015,-0.008554404211318836,96.10077650053265
2022-08-23,6.8476,99.49,96.46,96.41,99.76757575757576,91.74878787878788,98.18060606060605,4.562912983176642,-0.008705983558471018,95.86231882825821
2022-08-24,6.8581,99.87,95.52,96.46,99.35787878787879,91.47393939393939,97.9830303030303,4.56054763041856,-0.008838285404001903,95.63583858644832
2022-08-25,6.8477,98.81,93.33,96.23,98.94818181818181,91.19909090909091,97.78545454545454,4.558163620361315,-0.008969245753136736,95.40811334291703
2022-08-26,6.8715,101.13,93.63,96.53,98.53848484848484,90.92424242424242,97.58787878787878,4.555804130888352,-0.009097975207657342,95.1832642726711
2022-08-29,6.9067,101.13,97.4,96.88,97.30939393939394,90.09969696969696,96.9951515151515,4.548853154641861,-0.009446039289198656,94.52394178577478
2022-08-30,6.91,99.34,92.08,96.51,96.89969696969696,89.82484848484849,96.79757575757576,4.546242877008308,-0.009611838032553381,94.27752979645993
2022-08-31,6.889,96.55,90.09,96.6,96.49,89.55,96.6,4.543816617348014,-0.009751528043932058,94.0490652982164
2022-09-01,6.9066,92.24,87.09,92.08,96.20566666666666,89.21466666666666,96.41033333333333,4.541129939612272,-0.009964322181772635,93.79672489886644
2022-09-02,6.8985,93.09,87.29,92.6,95.92133333333332,88.87933333333334,96.22066666666666,4.538530453256907,-0.010192474399054467,93.55321822557248
2022-09-05,6.8985,94.22,87.29,92.6,95.06833333333333,87.87333333333333,95.65166666666666,4.5308426645549265,-0.010821876555402801,92.83675837611837
2022-09-06,6.9532,91.43,87.35,93.13,94.78399999999999,87.538,95.46199999999999,4.528039268176979,-0.01111713404215983,92.5768646067816
2022-09-07,6.965,86.83,82.5,89.36,94.49966666666666,87.20266666666666,95.27233333333332,4.525311061566038,-0.011367236794862286,92.32464000959256
2022-09-08,6.9562,87.99,84.04,90.17,94.21533333333333,86.86733333333333,95.08266666666667,4.522684424132099,-0.011607054209647303,92.08245485959968
2022-09-09,6.924,91.68,87.27,92.78,93.931,86.532,94.893,4.52009288902941,-0.011846405287002763,91.84412889392637
2022-09-12,6.9265,93.45,88.18,93.36,93.07799999999999,85.526,94.324,4.512260470893897,-0.012501656376254144,91.1275771029332
2022-09-13,6.9245,92.04,87.84,92.51,92.79366666666667,85.19066666666666,94.13433333333333,4.50938814132875,-0.012808557684097633,90.86620422324506
2022-09-14,6.9612,92.83,88.88,93.35,92.50933333333333,84.85533333333333,93.94466666666666,4.506712844624607,-0.01306618924580069,90.62343505114747
2022-09-15,6.9934,89.28,85.72,91.98,92.225,84.52,93.755,4.5039635105132625,-0.013319862528969526,90.37462314013865
2022-09-16,6.9799,89.43,85.57,92.26,91.94066666666666,84.18466666666666,93.56533333333333,4.501252479016946,-0.01357182267841692,90.1299465032307
2022-09-19,7.005,89.43,86.15,92.46,91.08766666666666,83.17866666666666,92.99633333333333,4.493234828226803,-0.014254901609068693,89.41020523906447
2022-09-20,7.0176,89.62,84.69,91.9,90.80333333333333,82.84333333333333,92.80666666666666,4.490304303310877,-0.01457743333036224,89.14856995647371
2022-09-21,7.0479,89.86,83.38,91.81,90.51899999999999,82.508,92.61699999999999,4.48754511663693,-0.01484903763592639,88.90293144733832
2022-09-22,7.0772,90.4,84.02,92.18,90.23466666666666,82.17266666666666,92.42733333333332,4.484794505971009,-0.015110844295376414,88.65873010124727
2022-09-23,7.1266,84.29,79.07,91.02,89.95033333333333,81.83733333333333,92.23766666666666,4.481954505874014,-0.015378563703987906,88.4072965038776
2022-09-26,7.1384,82.55,77.17,90.5,89.09733333333332,80.83133333333333,91.66866666666667,4.47372475009965,-0.016094921903672878,87.68271171251934
2022-09-27,7.176,85.97,78.91,90.72,88.81299999999999,80.496,91.479,4.4707731637805255,-0.016428526528720722,87.42429018453925
2022-09-28,7.199,89.55,82.61,90.9,88.52866666666667,80.16066666666666,91.28933333333333,4.468002910160469,-0.016704264002251605,87.18243787895787
2022-09-29,7.1196,89.41,81.78,90.81,88.24433333333333,79.82533333333333,91.09966666666666,4.465174744723174,-0.01697809109433189,86.93621985817265
2022-09-30,7.1135,88.9,79.91,90.91,87.96,79.49,90.91,4.462328531867645,-0.017254776533418396,86.68913266977022
2022-10-03,7.1103,90.68,84.05,88.03,88.62483870967742,80.17129032258065,90.93129032258064,4.465470345113274,-0.016402280996572278,86.96192203727645
2022-10-04,7.1103,93.74,86.87,90.9,88.84645161290322,80.39838709677419,90.93838709677419,4.466592928737492,-0.01596401111345097,87.05959888184145
2022-10-05,7.1103,94.35,88.22,92.12,89.06806451612903,80.62548387096774,90.94548387096773,4.467655664641469,-0.01559562340449896,87.15216942366575
2022-10-06,7.1103,95.65,88.9,92.98,89.28967741935483,80.85258064516128,90.95258064516129,4.468719961394203,-0.01524101173019739,87.2449745719258
2022-10-07,7.1103,98.88,93.07,95.8,89.51129032258063,81.07967741935484,90.95967741935483,4.469831850830264,-0.014887205718780145,87.34203528789449
2022-10-10,7.1103,97.13,91.6,94.42,90.17612903225806,81.76096774193547,90.98096774193549,4.472954617786056,-0.013959570736565645,87.61521041868605
2022-10-11,7.1639,95.17,89.75,92.93,90.39774193548386,81.98806451612903,90.98806451612903,4.473946503310859,-0.013514798594965861,87.70215779144469
2022-10-12,7.172,93.44,87.83,91.58,90.61935483870967,82.21516129032258,90.99516129032257,4.474925329624204,-0.013152234270432833,87.78804499869992
2022-10-13,7.17,95.16,89.59,92.42,90.84096774193549,82.44225806451612,91.00225806451613,4.475974790148464,-0.01280268798586868,87.88022344678902
2022-10-14,7.1895,92.22,86.1,90.79,91.06258064516129,82.66935483870968,91.00935483870967,4.476951087650641,-0.012460696851337688,87.96606258488076
2022-10-17,7.1946,91.04,86.0,90.71,91.7274193548387,83.35064516129032,91.03064516129032,4.480035033522941,-0.011551571422015593,88.23776390122879
2022-10-18,7.2001,89.46,83.29,89.92,91.9490322580645,83.57774193548387,91.03774193548387,4.481011792067887,-0.01111798702878974,88.32399299675359
2022-10-19,7.228,91.34,86.0,90.53,92.17064516129032,83.80483870967741,91.04483870967742,4.482036573718327,-0.010758750681724652,88.41455219784874
2022-10-20,7.2129,91.52,86.02,90.54,92.39225806451613,84.03193548387097,91.05193548387096,4.483044686426252,-0.01041685452136412,88.50372897405312
2022-10-21,7.2399,91.82,85.47,90.95,92.61387096774193,84.25903225806451,91.0590322580645,4.484054146318867,-0.010080162707256325,88.59311504703663
2022-10-24,7.2629,91.57,86.12,90.88,93.27870967741936,84.94032258064516,91.08032258064516,4.487093003669356,-0.009187453149204137,88.86274636395879
2022-10-25,7.2688,91.76,86.93,90.84,93.50032258064516,85.16741935483871,91.0874193548387,4.488089085859745,-0.008757814234324661,88.95130506154949
2022-10-26,7.171,92.93,89.39,91.16,93.72193548387096,85.39451612903225,91.09451612903226,4.489088821070289,-0.00840480111640251,89.04027728016281
2022-10-27,7.2239,94.17,89.06,91.26,93.94354838709677,85.62161290322581,91.1016129032258,4.490081692215578,-0.008070056764667231,89.12872670441736
2022-10-28,7.2499,94.64,87.85,91.11,94.16516129032257,85.84870967741935,91.10870967741936,4.491064132409888,-0.007740210363341868,89.21633337511031
2022-10-31,7.3048,93.3,86.54,91.13,94.83,86.53,91.13,4.494034451010846,-0.006867430777927115,89.48172826821045
2022-11-01,7.273,95.12,88.36,91.22,94.51666666666667,86.33066666666667,90.96633333333332,4.492138557931099,-0.00677473804921209,89.31224119427546
2022-11-02,7.289,96.07,90.06,91.87,94.20333333333333,86.13133333333333,90.80266666666667,4.490154898663228,-0.006810839222364944,89.13525174071737
2022-11-03,7.3,95.29,88.14,89.5,93.89,85.932,90.639,4.48812527187797,-0.006871286338722326,88.95452391333399
2022-11-04,7.2996,99.53,92.58,93.63,93.57666666666667,85.73266666666667,90.47533333333332,4.486222411416219,-0.00693546171206217,88.78541681152068
2022-11-07,7.2266,99.87,91.8,92.68,92.63666666666667,85.13466666666666,89.98433333333332,4.480390438833705,-0.007120810607163502,88.26912964457497
2022-11-08,7.2485,96.85,88.8,90.62,92.32333333333334,84.93533333333333,89.82066666666667,4.478177077396019,-0.007201983231750044,88.07397421130841
2022-11-09,7.2401,93.05,85.79,88.8,92.01,84.736,89.657,4.476109449957726,-0.007273369702908331,87.89205817772972
2022-11-10,7.184,94.25,86.52,89.36,91.69666666666667,84.53666666666666,89.49333333333333,4.47411129192142,-0.0073414883539856665,87.71661129902432
2022-11-11,7.184,96.37,89.14,91.11,91.38333333333334,84.33733333333333,89.32966666666667,4.472139702548974,-0.007408196047950544,87.5438405328691
2022-11-14,7.071,93.59,85.85,89.5,90.44333333333333,83.73933333333333,88.83866666666667,4.466187072114947,-0.007601546994434946,87.02427233632028
2022-11-15,7.044,94.3,86.87,89.44,90.13,83.53999999999999,88.675,4.464000797954342,-0.007682527053137817,86.83422124596042
2022-11-16,7.0964,92.61,85.62,88.94,89.81666666666666,83.34066666666666,88.51133333333333,4.461939534823468,-0.007754922465367912,86.65541741139246
2022-11-17,7.1551,91.0,81.69,87.59,89.50333333333333,83.14133333333334,88.34766666666667,4.4598519698904315,-0.007829504162430032,86.47470728843145
2022-11-18,7.1192,88.93,80.07,86.86,89.19,82.942,88.184,4.4577785323555785,-0.00790185655197355,86.29559313969347
2022-11-21,7.164,88.44,79.74,86.62,88.25,82.344,87.693,4.451777520086116,-0.008098840503329955,85.77928296775225
2022-11-22,7.1388,88.65,80.83,86.6,87.93666666666667,82.14466666666667,87.52933333333333,4.44956028337955,-0.00818191393608564,85.58930068856633
2022-11-23,7.158,85.9,77.93,85.88,87.62333333333333,81.94533333333334,87.36566666666667,4.447449994947733,-0.008258858018366403,85.40887302160357
2022-11-24,7.158,85.59,77.93,85.88,87.31,81.746,87.202,4.445376773816892,-0.008331655513370005,85.23198496867745
2022-11-25,7.1642,83.4,76.45,85.79,86.99666666666667,81.54666666666667,87.03833333333333,4.44328140403919,-0.008406229644947597,85.05357942135183
2022-11-28,7.2074,83.5,77.1,85.97,86.05666666666667,80.94866666666667,86.54733333333333,4.43720519214581,-0.008608075807395909,84.53834277922913
2022-11-29,7.1568,83.22,77.96,86.19,85.74333333333334,80.74933333333333,86.38366666666667,4.434955111607563,-0.008694297579748489,84.34833854198787
2022-11-30,7.0879,85.61,80.48,86.22,85.43,80.55,86.22,4.432879459781153,-0.008766251508718874,84.1734423336483
2022-12-01,7.0424,86.28,81.06,80.94,85.44600000000001,80.54033333333334,85.91933333333333,4.43063483975444,-0.0084147329041669,83.98471682703287
2022-12-02,7.019,86.54,79.86,80.1,85.462,80.53066666666666,85.61866666666667,4.42833857763111,-0.007995001803032272,83.79208715159996
2022-12-05,6.961,83.36,76.83,77.52,85.51,80.50166666666667,84.71666666666667,4.421716829855456,-0.006849584272017317,83.2390700753855
2022-12-06,6.9935,79.92,74.21,75.12,85.52600000000001,80.492,84.416,4.418991028959941,-0.006273301813950204,83.01248589560542
2022-12-07,6.9702,77.11,71.93,73.88,85.542,80.48233333333333,84.11533333333334,4.416565285661908,-0.005807019804877616,82.81136294923182
2022-12-08,6.9649,76.02,71.3,73.45,85.558,80.47266666666667,83.81466666666667,4.414196735844345,-0.00535815135478753,82.61545221438266
2022-12-09,6.9559,76.37,71.05,73.71,85.574,80.463,83.514,4.4118455967014345,-0.004911723609727436,82.42143995515325
2022-12-12,6.9773,78.0,72.96,75.13,85.622,80.434,82.612,4.405166052864263,-0.0037313449509745024,81.872736916939
2022-12-13,6.943,80.14,75.44,76.62,85.638,80.42433333333334,82.31133333333334,4.402490054792426,-0.0031367804492831667,81.65393851343354
2022-12-14,6.9498,83.33,77.14,77.67,85.654,80.41466666666666,82.01066666666667,4.4000948396684585,-0.0026549957856132718,81.45859380466702
2022-12-15,6.9716,82.34,75.89,76.9,85.67,80.405,81.71000000000001,4.397663279558025,-0.0021943931299165205,81.26076295359529
2022-12-16,6.9708,80.2,74.19,75.89,85.686,80.39533333333334,81.40933333333334,4.39521417606387,-0.001736378013286042,81.06199044168957
2022-12-19,6.9772,81.66,75.05,76.31,85.734,80.36633333333333,80.50733333333334,4.388338638805014,-0.0005247062273526022,80.50655734468857
2022-12-20,6.96,79.45,75.92,76.4,85.75,80.35666666666667,80.20666666666666,4.385541605061642,8.55884262912234e-05,80.28169241123663
2022-12-21,6.981,80.25,78.17,77.1,85.766,80.34700000000001,79.906,4.383069664249194,0.0005821846534202321,80.08348589758639
2022-12-22,6.9829,79.58,77.68,76.87,85.782,80.33733333333333,79.60533333333333,4.380588268809941,0.001056194265823638,79.88501344707562
2022-12-23,6.988,82.45,79.57,77.48,85.798,80.32766666666667,79.30466666666666,4.3781446363065415,0.0015299923651242988,79.6900421478039
2022-12-27,6.96,82.45,79.45,77.52,85.862,80.289,78.102,4.368765817727292,0.0031625277274315287,78.94613762565453
2022-12-28,6.9774,81.7,78.89,77.39,85.878,80.27933333333334,77.80133333333333,4.3656994060363115,0.0038630745992410676,78.70442704775039
2022-12-29,6.9625,80.96,78.43,77.24,85.89399999999999,80.26966666666667,77.50066666666667,4.363093332085413,0.004385304533357613,78.49958452391792
2022-12-30,6.8972,82.82,80.16,77.2,85.91,80.26,77.2,4.360559898645604,0.0048794801863237865,78.3009627552235
2023-01-03,6.9135,80.36,76.87,77.91,85.7325,80.08625,77.5975,4.362568419290591,0.004200083132055331,78.4583899003515
2023-01-04,6.8875,75.31,72.82,74.69,85.688125,80.04281250000001,77.696875,4.363251095876978,0.0038816524548161823,78.51196989296444
2023-01-05,6.88,76.73,73.61,75.46,85.64375,79.999375,77.79625,4.363921226786964,0.00363231975109146,78.56460082363068
2023-01-06,6.837,76.41,73.77,75.4,85.599375,79.9559375,77.895625,4.364553011496469,0.0033957934201149925,78.61425242004756
2023-01-09,6.77,77.5,74.69,76.43,85.46625,79.825625,78.19375,4.366312024744379,0.0027798427098464514,78.75265762413582
2023-01-10,6.777,78.4,75.11,77.06,85.421875,79.7821875,78.293125,4.367074916875715,0.002475466755044677,78.81276032998474
2023-01-11,6.77,81.11,77.46,78.68,85.3775,79.73875000000001,78.3925,4.36776651517283,0.0022305593342978915,78.86728595356081
2023-01-12,6.7365,82.59,78.32,79.39,85.333125,79.6953125,78.491875,4.368414731088584,0.001995428331123921,78.91842555650982
2023-01-13,6.701,83.43,79.9,80.02,85.28875,79.651875,78.59125,4.369058698971071,0.0017636448070666847,78.96926285494155
2023-01-16,6.701,82.65,79.9,80.02,85.155625,79.5215625,78.889375,4.370766501272046,0.001151510071141626,79.10424196976639
2023-01-17,6.7723,84.38,80.25,80.66,85.11125,79.478125,78.98875,4.371521313529282,0.0008486445196665103,79.16397336136185
2023-01-18,6.7534,83.78,79.53,80.19,85.066875,79.43468750000001,79.088125,4.372142270971588,0.000603165527548222,79.21314608528748
2023-01-19,6.7738,85.08,80.31,80.49,85.0225,79.39125,79.1875,4.372772914366146,0.000369481441667883,79.26311708791353
2023-01-20,6.7825,86.96,81.27,81.0,84.97812499999999,79.3478125,79.286875,4.373406870020299,0.00013792717140113136,79.31338232043791
2023-01-23,6.7899,87.54,81.62,81.07,84.845,79.2175,79.585,4.375101174649424,-0.0004710544319706903,79.44787725677742
2023-01-24,6.7899,85.25,79.86,80.6,84.800625,79.1740625,79.684375,4.375803009783751,-0.0007737979590410314,79.50365613988431
2023-01-25,6.7899,85.08,79.78,80.57,84.75625,79.13062500000001,79.78375,4.376425827124471,-0.0010178324071610466,79.55318781857198
2023-01-26,6.7899,86.29,80.64,80.74,84.71187499999999,79.0871875,79.88312499999999,4.37704744814674,-0.0012500242834517484,79.60265512587469
2023-01-27,6.7899,85.36,79.73,80.58,84.66749999999999,79.04375,79.9825,4.377641336494417,-0.0014821524664515948,79.64994425603983
2023-01-30,6.7501,84.9,77.97,80.42,84.534375,78.9134375,80.280625,4.379291434867083,-0.0020914651243083356,79.78148299552325
2023-01-31,6.754,83.42,78.95,80.38,84.49,78.87,80.38,4.380010432544655,-0.0023894597796396194,79.83886632327788
2023-02-01,6.7406,81.61,76.34,80.32,84.46857142857142,78.805,80.44071428571428,4.38022004682987,-0.002614859859203747,79.85560344428319
2023-02-02,6.7266,80.57,75.87,80.07,84.44714285714285,78.74000000000001,80.50142857142856,4.380406659229083,-0.0028224384004419878,79.87050688057224
2023-02-03,6.7733,78.85,73.4,78.1,84.42571428571428,78.675,80.56214285714286,4.380548866158234,-0.0030277995774746365,79.88186582772686
2023-02-06,6.7918,80.48,74.11,78.97,84.36142857142856,78.48,80.74428571428571,4.381050595530336,-0.003565020586239985,79.92195496221811
2023-02-07,6.791,82.92,77.17,81.19,84.34,78.415,80.80499999999999,4.381376418973615,-0.003826586357658275,79.94799965153226
2023-02-08,6.789,84.17,78.47,82.17,84.31857142857143,78.35000000000001,80.86571428571428,4.381608948004647,-0.0040399299606504475,79.96659204397588
2023-02-09,6.7782,83.46,78.04,81.86,84.29714285714286,78.285,80.92642857142857,4.381791576827635,-0.004245394951957193,79.98119758221478
2023-02-10,6.8106,85.46,79.74,83.15,84.27571428571429,78.22,80.98714285714286,4.382015241187952,-0.0044483288298739114,79.99908852631809
2023-02-13,6.8198,85.98,80.14,83.52,84.21142857142857,78.025,81.1692857142857,4.382493807084467,-0.00498531948311133,80.03738252420891
2023-02-14,6.8255,84.96,79.08,83.05,84.19,77.96000000000001,81.22999999999999,4.382737421905543,-0.005249765834852534,80.05688319206135
2023-02-15,6.851,84.11,78.57,82.95,84.16857142857143,77.895,81.29071428571429,4.3829280716587355,-0.0054648381000561505,80.07214747210266
2023-02-16,6.859,83.84,78.45,82.83,84.14714285714285,77.83,81.35142857142857,4.383111302958979,-0.005670420082881383,80.08682054003887
2023-02-17,6.8661,81.97,76.31,82.07,84.12571428571428,77.765,81.41214285714285,4.383263498870947,-0.0058766655433150445,80.09901035432397
2023-02-20,6.8661,82.79,76.31,82.07,84.06142857142856,77.57,81.59428571428572,4.383721349845401,-0.006414618094617996,80.13569216102721
2023-02-21,6.87,82.14,76.28,82.17,84.04,77.505,81.655,4.383975279679566,-0.006678422311420197,80.15604358785622
2023-02-22,6.8908,79.55,73.95,81.69,84.01857142857143,77.44,81.71571428571428,4.384136961172258,-0.006895988135601645,80.16900438436402
2023-02-23,6.9075,82.08,75.26,81.98,83.99714285714286,77.375,81.77642857142857,4.384342508622501,-0.007100482879809498,80.18548461248012
2023-02-24,6.9545,82.31,76.19,82.12,83.97571428571429,77.31,81.83714285714285,4.384532365291249,-0.007302959170239102,80.2007098067272
2023-02-27,6.945,81.24,75.57,82.05,83.91142857142857,77.115,82.01928571428572,4.384965824714178,-0.00784143049321099,80.23548109554551
2023-02-28,6.9325,83.21,76.88,82.08,83.89,77.05,82.08,4.385234163434196,-0.008103327753460095,80.25701427080581
2023-03-01,6.8656,83.68,77.57,82.35,83.75709677419354,77.00548387096774,81.9641935483871,4.384263412452002,-0.008064040903840953,80.17914249853946
2023-03-02,6.9122,84.15,78.05,83.06,83.6241935483871,76.96096774193548,81.84838709677419,4.383181652604674,-0.007969161519288535,80.09245481767107
2023-03-03,6.9048,85.74,79.62,84.31,83.49129032258064,76.91645161290322,81.73258064516129,4.38210144983449,-0.007863016487634662,80.0059854367466
2023-03-06,6.9295,85.86,80.39,84.4,83.09258064516129,76.78290322580645,81.38516129032257,4.3788973787526,-0.007581276145596345,79.75005080775597
2023-03-07,6.9605,83.03,77.45,82.07,82.95967741935483,76.73838709677419,81.26935483870967,4.377585224589505,-0.0074385237208544905,79.64547507132991
2023-03-08,6.9496,82.1,76.56,81.97,82.82677419354839,76.69387096774193,81.15354838709678,4.376435245279732,-0.007324467834086118,79.55393706637463
2023-03-09,6.963,81.0,75.6,81.24,82.69387096774193,76.64935483870967,81.03774193548387,4.375287548324945,-0.007214955175664521,79.46268562957668
2023-03-10,6.9025,82.3,76.55,82.16,82.56096774193549,76.60483870967742,80.92193548387097,4.374183724189287,-0.007105361531142467,79.37502119125703
2023-03-13,6.8455,79.67,74.68,81.01,82.16225806451612,76.47129032258064,80.57451612903226,4.370904717455541,-0.006821695054563803,79.1151762118169
2023-03-14,6.868,76.77,71.18,79.2,82.02935483870968,76.42677419354838,80.45870967741935,4.369578137016494,-0.006679163720410286,79.01029314991295
2023-03-15,6.9005,74.3,67.38,77.25,81.89645161290322,76.38225806451612,80.34290322580645,4.368363784211903,-0.006566658628931191,78.91440501163311
2023-03-16,6.8965,73.12,68.15,77.85,81.76354838709678,76.33774193548388,80.22709677419354,4.367232635480266,-0.00645472698553972,78.82519154885632
2023-03-17,6.887,71.03,66.61,77.14,81.63064516129032,76.29322580645162,80.11129032258064,4.366064480317903,-0.006345358109624781,78.73316525538401
2023-03-20,6.877,72.42,67.56,77.37,81.23193548387097,76.15967741935484,79.76387096774194,4.36281029032988,-0.006055149578073542,78.47736900781331
2023-03-21,6.883,74.78,69.4,77.97,81.09903225806451,76.11516129032258,79.64806451612903,4.361568661586111,-0.00590454546055471,78.37998971769106
2023-03-22,6.8802,76.08,70.71,78.35,80.96612903225807,76.07064516129033,79.53225806451613,4.360433719409709,-0.005783739668449084,78.29108342286965
2023-03-23,6.8188,74.31,69.77,78.13,80.83322580645161,76.02612903225807,79.41645161290322,4.359268939207261,-0.005671211799837724,78.1999446075185
2023-03-24,6.8675,73.63,69.22,77.86,80.70032258064516,75.98161290322581,79.30064516129032,4.35811015451979,-0.0055592625725197084,78.1093801916094
2023-03-27,6.8834,76.8,72.87,78.4,80.3016129032258,75.84806451612903,78.95322580645161,4.354858406633097,-0.005260534069921806,77.85580069138534
2023-03-28,6.8725,78.07,73.12,78.45,80.16870967741936,75.80354838709678,78.8374193548387,4.353580686607735,-0.005109233254818522,77.75638630115503
2023-03-29,6.8862,77.51,72.95,78.41,80.0358064516129,75.75903225806452,78.7216129032258,4.352409137438952,-0.004988815443755238,77.66534421197147
2023-03-30,6.87,78.45,74.32,78.47,79.90290322580645,75.71451612903226,78.60580645161289,4.35126582001816,-0.0048715409853839825,77.57659881268971
2023-03-31,6.8676,79.19,75.68,78.49,79.77,75.67,78.49,4.350121285875486,-0.004754676788085293,77.48786053835538
2023-04-03,6.8776,85.81,80.4,84.69,79.74535714285715,75.78892857142857,79.01714285714286,4.354694652051992,-0.005263657237978257,77.84305249117311
2023-04-04,6.878,85.7,80.7,84.47,79.73714285714286,75.82857142857144,79.19285714285714,4.356499983817901,-0.005539745189892504,77.98371195688819
2023-04-05,6.8781,85.89,80.69,84.59,79.72892857142857,75.86821428571429,79.36857142857143,4.358132477960825,-0.0057686506560679805,78.11112388121491
2023-04-06,6.875,86.56,80.7,84.99,79.72071428571428,75.90785714285714,79.5442857142857,4.359750680648737,-0.005988685629100268,78.23762583713327
2023-04-07,6.875,86.56,80.7,84.99,79.71249999999999,75.9475,79.72,4.36135590475787,-0.0062060362486261594,78.36331561350879
2023-04-10,6.8807,86.56,79.79,84.28,79.68785714285714,76.06642857142857,80.24714285714285,4.365904866519164,-0.006769665975792001,78.7205993586628
2023-04-11,6.8866,87.32,81.54,85.19,79.67964285714285,76.10607142857143,80.42285714285714,4.367724954088975,-0.007051320478797893,78.86400821178958
2023-04-12,6.873,88.31,83.26,86.35,79.67142857142858,76.14571428571429,80.59857142857142,4.369365058023635,-0.007276620328263598,78.99345950973432
2023-04-13,6.8677,86.51,82.16,85.61,79.66321428571429,76.18535714285714,80.77428571428571,4.370931639007661,-0.007492686004771286,79.11730614382718
2023-04-14,6.869,87.31,82.58,85.64,79.655,76.225,80.94999999999999,4.372519507314088,-0.007705381084015259,79.24303379980627
2023-04-17,6.8786,85.63,80.93,84.95,79.63035714285715,76.34392857142858,81.47714285714285,4.376994763485763,-0.008259327069670573,79.59846139745007
2023-04-18,6.8755,85.48,80.85,85.0,79.62214285714286,76.38357142857143,81.65285714285714,4.378763589885575,-0.008537577896430344,79.73938185252285
2023-04-19,6.8851,85.34,79.18,84.36,79.61392857142857,76.42321428571428,81.82857142857142,4.380332776300579,-0.008761903017459221,79.86460603161149
2023-04-20,6.8725,83.29,77.27,83.55,79.60571428571428,76.46285714285715,82.00428571428571,4.381867764645682,-0.008975726610117515,79.98729140727798
2023-04-21,6.892,83.36,77.86,83.71,79.5975,76.5025,82.17999999999999,4.383433789754091,-0.009184515559386318,80.1126516469971
2023-04-24,6.8958,84.23,78.64,83.9,79.57285714285715,76.62142857142857,82.70714285714286,4.387885038555414,-0.009725736040307879,80.47004783117076
2023-04-25,6.932,82.13,77.05,83.62,79.56464285714286,76.66107142857143,82.88285714285713,4.389608424432409,-0.010000393015172743,80.60884834419227
2023-04-26,6.9261,79.19,74.33,83.23,79.55642857142858,76.70071428571428,83.05857142857143,4.391138163929384,-0.010222788919841753,80.73225324792267
2023-04-27,6.922,80.11,74.77,83.32,79.5482142857143,76.74035714285715,83.2342857142857,4.3926910287181595,-0.01043067166508724,80.85771691014978
2023-04-28,6.911,81.32,76.78,83.41,79.54,76.78,83.41,4.394251435994446,-0.010632920417908672,80.98398637023158
2023-05-01,6.9164,81.32,75.65,79.24,78.91454545454546,75.99,82.63909090909091,4.385090499526186,-0.010802284440996233,80.24548506267584
2023-05-02,6.9164,76.71,71.71,75.01,78.70606060606062,75.72666666666667,82.3821212121212,4.38149457950998,-0.010857019835298465,79.95744690818779
2023-05-03,6.9164,72.91,68.62,72.28,78.49757575757576,75.46333333333334,82.12515151515152,4.378155668665033,-0.010905072120334666,79.69092132176675
2023-05-04,6.9094,73.0,68.52,72.5,78.28909090909092,75.2,81.86818181818181,4.374899333502838,-0.010952255169495655,79.43184302437646
2023-05-05,6.9101,75.85,71.32,74.88,78.08060606060606,74.93666666666667,81.61121212121212,4.371701263547873,-0.010997978422406709,79.17822020166112
2023-05-08,6.9125,75.85,73.13,76.25,77.45515151515151,74.14666666666668,80.84030303030303,4.362165834731356,-0.011137105938902355,78.42681012122743
2023-05-09,6.9201,77.76,73.68,76.55,77.24666666666667,73.88333333333334,80.58333333333333,4.358596272932954,-0.011187060548846264,78.14735983011427
2023-05-10,6.9321,76.7,72.53,75.64,77.03818181818183,73.62,80.32636363636364,4.355238802591463,-0.011235808802921275,77.88542235692738
2023-05-11,6.948,75.32,70.81,74.74,76.82969696969697,73.35666666666667,80.06939393939393,4.351874603905298,-0.011286155386156934,77.62384057461853
2023-05-12,6.9575,74.54,70.02,74.01,76.62121212121212,73.09333333333333,79.81242424242424,4.34851121753347,-0.011335716994732117,77.3632001699983
2023-05-15,6.952,75.46,71.07,74.54,75.99575757575758,72.30333333333334,79.04151515151516,4.338732693216084,-0.011481600868093609,76.61038892600544
2023-05-16,6.9751,75.15,70.85,74.42,75.78727272727272,72.04,78.78454545454545,4.3350558043854015,-0.011534787968555517,76.32921827603445
2023-05-17,6.9981,76.98,72.78,75.18,75.57878787878788,71.77666666666667,78.52757575757576,4.331675967464944,-0.011583294834171353,76.07167344093422
2023-05-18,7.0355,75.75,71.82,74.76,75.37030303030303,71.51333333333334,78.27060606060607,4.328246843053184,-0.011635036172299837,75.81126095707738
2023-05-19,7.006,75.42,71.57,74.61,75.16181818181818,71.25,78.01363636363637,4.3248176709345225,-0.011686804009082463,75.55173632635396
2023-05-22,7.0351,75.77,71.81,74.77,74.53636363636363,70.46000000000001,77.24272727272728,4.31478791591114,-0.011840475793049244,74.79775834720726
2023-05-23,7.049,76.66,72.87,74.99,74.32787878787879,70.19666666666667,76.98575757575757,4.311040752108655,-0.011895096534036493,74.51800336583355
2023-05-24,7.0585,77.99,74.37,75.41,74.11939393939394,69.93333333333334,76.72878787878788,4.307567472668511,-0.011946259481775379,74.25963047718719
2023-05-25,7.0775,75.66,71.68,75.0,73.91090909090909,69.67,76.47181818181818,4.304036947941023,-0.012003536441984469,73.99791727983666
2023-05-26,7.063,76.33,72.35,75.14,73.70242424242424,69.40666666666667,76.21484848484849,4.300538287837347,-0.012057294934167267,73.73947608147287
2023-05-30,7.0792,73.38,69.45,74.95,72.86848484848484,68.35333333333334,75.1869696969697,4.2868150775362714,-0.012277047205266825,72.73444563855199
2023-05-31,7.11,71.98,68.11,74.93,72.66,68.09,74.93,4.282778504955709,-0.012341660180524223,72.4414395376727
2023-06-01,7.0934,74.18,70.09,72.75,72.73466666666667,68.175,74.932,4.283062150197286,-0.012207062174375874,72.46199012169045
2023-06-02,7.0827,76.0,71.76,74.41,72.80933333333333,68.26,74.93400000000001,4.283561255647279,-0.012053429894206916,72.49816532274659
2023-06-05,7.105,76.61,72.14,75.14,73.03333333333333,68.515,74.94,4.284968120783253,-0.011638616606390997,72.60023224432315
2023-06-06,7.119,76.22,71.71,75.5,73.108,68.60000000000001,74.94200000000001,4.2854224265359155,-0.011439911026985041,72.63322244072698
2023-06-07,7.1287,76.85,72.52,75.83,73.18266666666666,68.685,74.944,4.285884177803189,-0.011275488545598747,72.66676866764551
2023-06-08,7.1109,75.88,71.28,75.2,73.25733333333334,68.77,74.946,4.286316796051336,-0.011119433792690148,72.6982124388892
2023-06-09,7.1273,74.74,70.16,74.38,73.332,68.855,74.94800000000001,4.286746178440803,-0.010964459929336798,72.72943447367247
2023-06-12,7.1437,71.8,67.08,72.41,73.556,69.11,74.95400000000001,4.2880571193933905,-0.010554644703511421,72.82484099027384
2023-06-13,7.1585,74.24,69.39,73.89,73.63066666666667,69.19500000000001,74.956,4.288554144248093,-0.010354660638115624,72.8610457428714
2023-06-14,7.148,73.39,68.22,73.42,73.70533333333333,69.28,74.958,4.288981164438049,-0.01019353176380973,72.89216552437952
2023-06-15,7.13,75.75,70.61,74.69,73.78,69.36500000000001,74.96,4.289477625757119,-0.010035663129013541,72.9283626495184
2023-06-16,7.125,76.76,71.81,75.2,73.85466666666667,69.45,74.962,4.289951130171725,-0.009879643817403446,72.96290272797745
2023-06-19,7.125,76.09,71.81,75.2,74.07866666666666,69.705,74.968,4.291314502695065,-0.009470565077895189,73.06244618676902
2023-06-20,7.1811,75.79,70.94,75.1,74.15333333333334,69.79,74.97,4.291751066354257,-0.00927517505698606,73.0943495590456
2023-06-21,7.1779,76.92,72.55,75.7,74.22800000000001,69.875,74.972,4.292216775656491,-0.00911255298896355,73.12839820534626
2023-06-22,7.1777,73.93,69.22,74.91,74.30266666666667,69.96000000000001,74.974,4.292615163522946,-0.008962447943535791,73.15753747586507
2023-06-23,7.1777,73.56,68.91,74.88,74.37733333333334,70.045,74.976,4.293056775541723,-0.00881049560868579,73.18985185836324
2023-06-26,7.2364,73.86,69.09,74.93,74.60133333333334,70.3,74.982,4.294414753198722,-0.008405245372740342,73.28930955728822
2023-06-27,7.2193,71.88,67.68,74.78,74.676,70.385,74.984,4.2948347228820385,-0.008212410821347918,73.32009530950232
2023-06-28,7.2436,73.64,69.54,74.94,74.75066666666667,70.47,74.98599999999999,4.295296143877212,-0.008050133219854214,73.35393454731324
2023-06-29,7.2515,73.86,69.85,74.95,74.82533333333333,70.555,74.988,4.295743314010202,-0.007896065578447613,73.38674357104112
2023-06-30,7.2513,74.51,70.66,74.99,74.9,70.64,74.99,4.296196913958408,-0.007742757240438371,73.42003934503374
2023-07-03,7.24,74.52,69.71,74.91,75.93161290322581,71.72,75.51741935483871,4.305800258254351,-0.006832093074386127,74.12851367769035
2023-07-04,7.24,76.23,69.71,74.91,76.27548387096775,72.08,75.69322580645161,4.309274890469645,-0.006400993239905034,74.38653099744403
2023-07-05,7.2465,76.74,71.78,76.42,76.61935483870968,72.44,75.86903225806451,4.312566551793432,-0.006041659612692352,74.6317896973786
2023-07-06,7.25,76.72,71.76,76.54,76.96322580645162,72.8,76.04483870967742,4.31581403277434,-0.005698485696087873,74.87454897972056
2023-07-07,7.2205,78.77,73.91,78.24,77.30709677419355,73.16,76.22064516129032,4.319096286661544,-0.0053587954755366565,75.12071001968211
2023-07-10,7.2315,77.83,73.05,77.62,78.33870967741936,74.24,76.74806451612903,4.3285340949031275,-0.004463778321759317,75.83304101006436
2023-07-11,7.209,79.54,74.87,78.79,78.6825806451613,74.6,76.92387096774193,4.33194829553053,-0.004047717390052321,76.09239271369997
2023-07-12,7.1656,80.35,75.77,79.07,79.02645161290323,74.96,77.09967741935483,4.335132695238178,-0.0037054129958925945,76.33508752036217
2023-07-13,7.15,81.31,76.86,79.89,79.37032258064517,75.32,77.27548387096773,4.338317220908244,-0.0033780962280252824,76.57856604213508
2023-07-14,7.1403,79.9,75.44,79.31,79.7141935483871,75.67999999999999,77.45129032258065,4.341447609661885,-0.0030573762939891955,76.81866232533045
2023-07-17,7.1711,77.8,74.17,78.83,80.7458064516129,76.75999999999999,77.97870967741935,4.350636170050158,-0.0022063938639232403,77.52776808447611
2023-07-18,7.1786,79.54,75.76,79.33,81.08967741935484,77.12,78.15451612903226,4.353957630561201,-0.001810206322680205,77.78570162558464
2023-07-19,7.226,79.38,75.4,79.3,81.43354838709678,77.48,78.33032258064516,4.3570464060801,-0.001485833662817777,78.02633563739373
2023-07-20,7.1761,79.62,75.65,79.41,81.77741935483871,77.84,78.50612903225806,4.360134405740854,-0.0011746760595189385,78.26765333809892
2023-07-21,7.1861,81.06,77.06,79.9,82.12129032258065,78.2,78.68193548387096,4.363232137908359,-0.0008663269472870606,78.51048147961168
2023-07-24,7.1855,82.53,78.81,80.3,83.15290322580645,79.28,79.20935483870967,4.372242678803887,-5.130925282827972e-05,79.22110010489176
2023-07-25,7.134,83.46,79.76,80.49,83.49677419354839,79.64,79.38516129032257,4.375475366437007,0.00032606126892253647,79.47761156280743
2023-07-26,7.1503,82.98,79.11,80.29,83.84064516129033,80.0,79.56096774193549,4.37848445717018,0.0006350729693231025,79.71712708850329
2023-07-27,7.173,84.28,80.17,80.42,84.18451612903226,80.36,79.73677419354838,4.3815082674712595,0.0009329176457066547,79.95854137011558
2023-07-28,7.1488,84.49,80.55,80.43,84.5283870967742,80.72,79.91258064516128,4.384514087616539,0.0012262889644948285,80.19924393763824
2023-07-31,7.1426,85.22,81.8,80.44,85.56,81.8,80.44,4.3932967703081625,0.002003926852359404,80.90671062942357
2023-08-01,7.1775,85.34,81.37,85.58,85.60193548387097,81.85903225806452,80.63419354838709,4.395310928983419,0.0019400408108274027,81.0698338053573
2023-08-02,7.192,84.01,79.5,84.32,85.64387096774193,81.91806451612904,80.8283870967742,4.3970625610153045,0.0017487781082548034,81.21196276554986
2023-08-03,7.1651,86.19,81.56,86.18,85.6858064516129,81.97709677419354,81.02258064516128,4.398899324444066,0.0015378565284248106,81.36126700504339
2023-08-04,7.1709,87.38,82.76,87.23,85.72774193548388,82.03612903225806,81.21677419354839,4.400720229030694,0.0013235643907668012,81.50955307572721
2023-08-07,7.1895,86.47,81.94,86.75,85.85354838709678,82.2132258064516,81.79935483870968,4.4058216401015144,0.0007648950600720013,81.92642923641726
2023-08-08,7.216,88.0,82.94,87.47,85.89548387096774,82.27225806451612,81.99354838709677,4.407842308062677,0.00048357495567337124,82.09214271672258
2023-08-09,7.2085,89.31,84.35,88.18,85.93741935483871,82.33129032258064,82.18774193548387,4.409664586191744,0.0002597596244110841,82.2418738173842
2023-08-10,7.2165,87.44,82.81,87.32,85.97935483870968,82.39032258064516,82.38193548387096,4.411414045450298,4.490545185119256e-05,82.38587855345575
2023-08-11,7.2367,87.93,83.17,87.63,86.02129032258064,82.44935483870968,82.57612903225807,4.413189988802167,-0.00016645683116367474,82.53232120519785
2023-08-14,7.2585,87.4,82.5,87.2,86.14709677419354,82.62645161290322,83.15870967741935,4.41821891991788,-0.0007132893840946872,82.94841594231953
2023-08-15,7.2817,86.28,81.06,86.39,86.18903225806451,82.68548387096774,83.35290322580644,4.4201655748603885,-0.0009902898477909226,83.1100451532974
2023-08-16,7.2985,84.49,79.4,85.68,86.23096774193549,82.74451612903225,83.54709677419355,4.4219106481999235,-0.0012122478862417057,83.25520489770426
2023-08-17,7.291,85.24,80.43,86.0,86.27290322580646,82.80354838709677,83.74129032258064,4.423673009529051,-0.001420702110340299,83.40206001914811
2023-08-18,7.28,85.92,81.25,86.44,86.31483870967742,82.86258064516129,83.93548387096774,4.42543004029562,-0.0016267916541994115,83.5487288176602
2023-08-21,7.2865,85.44,80.71,86.36,86.44064516129032,83.03967741935483,84.51806451612903,4.430391409633661,-0.002162211702549909,83.9642749054628
2023-08-22,7.293,84.7,80.25,86.28,86.48258064516129,83.09870967741935,84.71225806451612,4.432325714062083,-0.00243292674121674,84.12684455314805
2023-08-23,7.2771,83.94,78.91,86.09,86.52451612903226,83.15774193548387,84.90645161290323,4.4340582771861925,-0.0026505236343966226,84.2727259596493
2023-08-24,7.2786,84.07,79.52,86.18,86.56645161290322,83.21677419354839,85.10064516129032,4.435788055695667,-0.0028549810607622593,84.4186252603074
2023-08-25,7.289,85.42,80.47,86.4,86.6083870967742,83.2758064516129,85.2948387096774,4.437520867726653,-0.003056376323617119,84.565033682301
2023-08-28,7.29,85.42,80.65,86.39,86.7341935483871,83.45290322580645,85.87741935483871,4.442419099534436,-0.0035795547572918963,84.98026894918912
2023-08-29,7.2796,86.37,81.14,86.43,86.77612903225807,83.51193548387096,86.0716129032258,4.444340066553747,-0.0038433563553945164,85.14367013703165
2023-08-30,7.2839,86.62,81.64,86.42,86.81806451612903,83.57096774193548,86.2658064516129,4.446066407926232,-0.004053644379507427,85.2907841253403
2023-08-31,7.2582,87.29,83.55,86.46,86.86,83.63,86.46,4.4477816315157295,-0.00425138632331919,85.43720242440223
2023-09-01,7.2606,89.98,85.52,89.68,87.16178571428571,83.88571428571429,86.70464285714286,4.450728916655472,-0.004261202530092267,85.68938166100115
2023-09-04,7.2606,90.42,85.52,89.68,88.06714285714285,84.65285714285714,87.43857142857142,4.459131917501951,-0.004178809070722702,86.41246338103169
2023-09-05,7.3018,91.25,86.74,90.8,88.36892857142857,84.90857142857142,87.68321428571429,4.4622737841415985,-0.004152829043158847,86.68438676679845
2023-09-06,7.316,91.79,87.55,91.69,88.67071428571428,85.16428571428571,87.92785714285714,4.465163792644966,-0.0041254374794503414,86.93526773110756
2023-09-07,7.3287,91.16,86.87,90.86,88.9725,85.42,88.1725,4.468001043885716,-0.00409736975669891,87.18227517272695
2023-09-08,7.343,91.85,87.51,91.37,89.27428571428571,85.67571428571428,88.41714285714285,4.470855998218596,-0.004069029155975198,87.4315322264315
2023-09-11,7.2882,91.97,87.3,91.38,90.17964285714285,86.44285714285714,89.15107142857143,4.479080907633039,-0.003983147960248083,88.15361411735111
2023-09-12,7.2911,93.58,88.87,92.34,90.48142857142857,86.69857142857143,89.39571428571428,4.482162378134622,-0.003956584993735596,88.42567583866688
2023-09-13,7.27,93.04,88.59,92.18,90.78321428571428,86.95428571428572,89.64035714285714,4.484973160907806,-0.00393022032781908,88.67457083604063
2023-09-14,7.277,95.2,90.13,93.45,91.08500000000001,87.21000000000001,89.88499999999999,4.487800352027809,-0.0039027794758952003,88.9256255178383
2023-09-15,7.2744,95.55,90.83,93.56,91.38678571428571,87.46571428571428,90.12964285714285,4.490595975208086,-0.003874968355748577,89.17457588142072
2023-09-18,7.2915,95.95,91.47,93.64,92.29214285714286,88.23285714285714,90.86357142857143,4.498666917915883,-0.0037909629211106714,89.89721102506611
2023-09-19,7.2964,96.11,91.16,93.15,92.59392857142858,88.48857142857143,91.10821428571428,4.501656717437309,-0.003766237671491444,90.16638785543365
2023-09-20,7.287,94.56,89.2,93.14,92.89571428571429,88.74428571428572,91.35285714285715,4.50440014235637,-0.0037434902242991053,90.41409219450638
2023-09-21,7.3066,93.7,89.56,93.04,93.1975,89.0,91.5975,4.507139890763124,-0.0037172616797024843,90.66214370374728
2023-09-22,7.298,93.99,90.0,93.05,93.49928571428572,89.25571428571429,91.84214285714286,4.50987766265129,-0.0036906864032723104,90.91069605667269
2023-09-25,7.311,94.01,89.68,92.91,94.40464285714286,90.02285714285715,92.57607142857142,4.51778494822287,-0.0036107219879428524,91.63240250098363
2023-09-26,7.31,94.46,91.43,93.03,94.70642857142857,90.27857142857144,92.82071428571429,4.520737261057809,-0.0035850746790509584,91.90332975319872
2023-09-27,7.3105,97.1,93.67,93.26,95.00821428571429,90.53428571428572,93.06535714285714,4.52347088645976,-0.0035577347226681153,92.15490272641009
2023-09-28,7.301,96.64,91.65,93.16,95.31,90.79,93.31,4.526148081051093,-0.003535025861815598,92.40194988265273
2023-09-29,7.296,95.86,90.77,93.31,95.07060606060607,90.4939393939394,93.20242424242424,4.524402915771325,-0.003766217203523745,92.24083383589134
2023-10-02,7.296,91.21,88.81,91.33,94.35242424242425,89.60575757575758,92.87969696969697,4.518701107604912,-0.004492799519200106,91.716390853718
2023-10-03,7.296,94.46,89.26,91.43,94.1130303030303,89.30969696969697,92.77212121212122,4.51670236444583,-0.004840821233305132,91.53325642523467
2023-10-04,7.296,89.83,84.32,86.93,93.87363636363636,89.01363636363637,92.66454545454546,4.514688300738779,-0.005132369744004647,91.34908814106478
2023-10-05,7.296,88.28,82.3,85.5,93.63424242424243,88.71757575757576,92.5569696969697,4.512721840904417,-0.005414737669449436,91.16963033444387
2023-10-06,7.296,87.86,82.83,85.88,93.39484848484848,88.42151515151515,92.44939393939394,4.510793095220356,-0.005695097726828528,90.99395677269051
2023-10-09,7.296,91.37,82.83,88.54,92.67666666666666,87.53333333333333,92.12666666666667,4.505087516665681,-0.006455719954288272,90.47626188315617
2023-10-10,7.2948,90.7,85.89,88.22,92.43727272727273,87.23727272727272,92.0190909090909,4.503056988591299,-0.0068121032155714295,90.2927336859736
2023-10-11,7.2992,87.58,83.7,87.21,92.19787878787879,86.94121212121212,91.91151515151516,4.501070439813596,-0.0071129534901353325,90.11354081285593
2023-10-12,7.3019,88.4,82.87,87.37,91.95848484848484,86.64515151515151,91.8039393939394,4.499108497053703,-0.007404998077668951,89.93691652391776
2023-10-13,7.3049,94.33,87.67,90.12,91.71909090909091,86.3490909090909,91.69636363636364,4.497225085930423,-0.0076917966384141565,89.76768774864654
2023-10-16,7.3105,90.99,86.65,89.61,91.00090909090909,85.4609090909091,91.37363636363636,4.4913476447877505,-0.008473319052773652,89.24163089584033
2023-10-17,7.3105,92.52,86.66,89.84,90.76151515151516,85.16484848484849,91.2660606060606,4.48927375975037,-0.008846483592716649,89.05674579430276
2023-10-18,7.3161,91.99,88.35,90.53,90.5221212121212,84.86878787878788,91.15848484848485,4.487306041068409,-0.009154584736746903,88.88167946897501
2023-10-19,7.3126,93.12,89.35,90.83,90.28272727272727,84.57272727272728,91.0509090909091,4.485323920535511,-0.009453260302017255,88.70567975105074
2023-10-20,7.3155,93.72,89.12,90.66,90.04333333333334,84.27666666666667,90.94333333333334,4.483319606499089,-0.009752558880289303,88.52806377057773
2023-10-23,7.3158,91.88,85.49,90.07,89.32515151515152,83.38848484848485,90.62060606060606,4.477318638396489,-0.010564216459179376,87.99840051934504
2023-10-24,7.309,88.0,84.58,89.54,89.08575757575757,83.09242424242424,90.5130303030303,4.475171831540267,-0.010950496260143935,87.80968758735972
2023-10-25,7.3165,90.14,86.07,90.02,88.84636363636363,82.79636363636364,90.40545454545455,4.473173125193175,-0.01126930912582491,87.63435708290663
2023-10-26,7.315,88.45,83.8,89.64,88.6069696969697,82.50030303030303,90.29787878787879,4.471115603190466,-0.01158194367889498,87.45423283336338
2023-10-27,7.3171,90.73,86.04,89.88,88.36757575757575,82.20424242424242,90.19030303030303,4.469098960683462,-0.01188884482115957,87.27804662202591
2023-10-30,7.3133,90.73,83.03,89.68,87.64939393939393,81.3160606060606,89.86757575757576,4.462998771160881,-0.01272725828008948,86.74725460840973
2023-10-31,7.3166,86.82,81.64,89.76,87.41,81.02,89.76,4.460817009067871,-0.013128277788093714,86.55819904875261
2023-11-01,7.3175,86.92,81.05,85.24,87.25733333333334,80.85133333333333,89.55333333333334,4.458619388685244,-0.01317146963251859,86.36818585115049
2023-11-02,7.316,89.02,83.04,87.65,87.10466666666666,80.68266666666666,89.34666666666668,4.456456952023429,-0.013155922504988097,86.18162190870581
2023-11-03,7.3005,87.55,81.19,85.93,86.952,80.514,89.14,4.454192900922141,-0.013130271401547747,85.98672302648022
2023-11-06,7.2695,87.31,81.54,86.32,86.494,80.008,88.52000000000001,4.44769488874047,-0.013064298746114894,85.42979168577219
2023-11-07,7.2788,83.43,77.96,83.58,86.34133333333332,79.83933333333333,88.31333333333333,4.445163478234492,-0.013020726552106354,85.21380730148144
2023-11-08,7.28,81.46,75.85,82.2,86.18866666666666,79.67066666666666,88.10666666666667,4.442851064441702,-0.012989707916561724,85.01698537271751
2023-11-09,7.2835,81.74,76.34,82.44,86.036,79.502,87.9,4.440593782751509,-0.012959360892857942,84.82529451980035
2023-11-10,7.2835,83.66,76.34,83.35,85.88333333333333,79.33333333333333,87.69333333333334,4.438346396393657,-0.0129311160334299,84.63487336519572
2023-11-13,7.289,84.09,78.86,83.86,85.42533333333333,78.82733333333333,87.07333333333334,4.431765506853639,-0.01285926187367995,84.0797292867938
2023-11-14,7.253,84.2,78.9,83.82,85.27266666666667,78.65866666666666,86.86666666666667,4.429267593156471,-0.012811873890761685,83.86996747187816
2023-11-15,7.2466,82.4,77.15,83.21,85.12,78.49,86.66,4.426934585284096,-0.012779980330475865,83.67452624911374
2023-11-16,7.2416,77.73,73.5,81.51,84.96733333333333,78.32133333333333,86.45333333333333,4.424566916754413,-0.012752649123078618,83.47664705518783
2023-11-17,7.212,81.22,76.47,83.08,84.81466666666667,78.15266666666666,86.24666666666667,4.422316186024905,-0.012719924176621551,83.28897487945653
2023-11-20,7.168,83.25,78.1,83.78,84.35666666666667,77.64666666666666,85.62666666666667,4.415632350834377,-0.012647094236164048,82.73414137157175
2023-11-21,7.1352,82.42,78.35,83.92,84.204,77.478,85.42,4.413093494138009,-0.012598352472511898,82.52435766080687
2023-11-22,7.155,81.76,76.8,83.76,84.05133333333333,77.30933333333333,85.21333333333334,4.410734335017823,-0.012565827971495752,82.32989903939942
2023-11-23,7.155,80.85,76.8,83.76,83.89866666666667,77.14066666666666,85.00666666666667,4.4083925684626415,-0.012534050577121019,82.1373272024843
2023-11-24,7.1488,79.82,74.83,83.4,83.746,76.972,84.8,4.4060281473198035,-0.01250524443616336,81.94334938242925
2023-11-27,7.1528,79.49,74.46,83.32,83.288,76.466,84.18,4.399197412061425,-0.012432687108137863,81.38552340635702
2023-11-28,7.138,81.66,76.09,83.46,83.13533333333334,76.29733333333333,83.97333333333333,4.396637713984842,-0.01238087128242835,81.17746743246965
2023-11-29,7.13,82.98,77.56,83.49,82.98266666666666,76.12866666666666,83.76666666666667,4.394271238698667,-0.01234236902935108,80.98559008803925
2023-11-30,7.136,81.72,75.66,83.56,82.83,75.96,83.56,4.391877662618518,-0.012312048671581323,80.79197672336461
2023-12-01,7.1386,78.72,73.7,79.44,82.6303448275862,75.81137931034482,83.34517241379311,4.389454766786926,-0.012238772399218747,80.5964631299164
2023-12-04,7.1424,78.16,72.73,78.19,82.03137931034483,75.36551724137931,82.70068965517241,4.382592938654223,-0.012038904008981598,80.04531714885707
2023-12-05,7.1444,77.27,71.95,77.48,81.83172413793103,75.21689655172413,82.48586206896552,4.379966891879259,-0.011927105829035934,79.83539016159146
2023-12-06,7.158,74.33,68.98,75.3,81.63206896551723,75.06827586206896,82.27103448275862,4.377505318476299,-0.011841916492322614,79.63911116524338
2023-12-07,7.1515,74.21,69.0,75.27,81.43241379310345,74.91965517241378,82.05620689655173,4.375115086516805,-0.011759520236654348,79.44898253279779
2023-12-08,7.1645,75.94,70.87,76.51,81.23275862068965,74.77103448275862,81.84137931034483,4.372762943810598,-0.011676154429602514,79.26232679454158
2023-12-11,7.1765,75.75,70.95,76.77,80.63379310344828,74.3251724137931,81.19689655172414,4.365817336951766,-0.011468808718269635,78.71370928020276
2023-12-12,7.1755,74.11,68.27,74.98,80.43413793103448,74.17655172413792,80.98206896551724,4.363114613256538,-0.011355307004270296,78.50125510478536
2023-12-13,7.1725,74.14,69.09,74.87,80.23448275862069,74.02793103448276,80.76724137931035,4.360680239168359,-0.011263896440706637,78.31038610100754
2023-12-14,7.1088,77.05,71.21,76.3,80.0348275862069,73.87931034482759,80.55241379310345,4.35830097208143,-0.011177001936534458,78.12428625520295
2023-12-15,7.1179,76.84,71.05,76.34,79.8351724137931,73.73068965517241,80.33758620689655,4.3558690832434985,-0.011092488045409776,77.9345275051014
2023-12-18,7.1297,78.89,72.16,76.72,79.23620689655172,73.2848275862069,79.69310344827586,4.34882061541445,-0.01087686820534003,77.38713988345407
2023-12-19,7.1287,79.82,73.23,77.19,79.03655172413794,73.13620689655173,79.47827586206897,4.346141752577335,-0.01075617677531878,77.18010777946486
2023-12-20,7.1355,81.1,73.87,77.36,78.83689655172414,72.98758620689655,79.26344827586207,4.343674834493894,-0.010662331435191998,76.98994542981032
2023-12-21,7.1381,80.73,73.59,77.27,78.63724137931035,72.83896551724138,79.04862068965517,4.3411998031173535,-0.010574464664794813,76.79962851651268
2023-12-22,7.1315,80.23,73.29,77.29,78.43758620689655,72.69034482758622,78.83379310344827,4.338720364638056,-0.010487496478147606,76.60944443466995
2023-12-26,7.1432,80.23,75.84,77.59,77.63896551724139,72.09586206896552,77.9744827586207,4.329179558811788,-0.010194099872730709,75.8820043014391
2023-12-27,7.1405,80.97,74.31,77.39,77.43931034482759,71.94724137931036,77.75965517241379,4.326293768412298,-0.010054888456747025,75.66334040277053
2023-12-28,7.1065,79.04,72.02,77.29,77.2396551724138,71.79862068965518,77.54482758620689,4.323727749579769,-0.009959053147051056,75.46943573427681
2023-12-29,7.0999,77.69,71.89,77.33,77.04,71.65,77.33,4.321198207455189,-0.009867721183721158,75.27877386275028
2024-01-02,7.1426,76.24,70.62,75.97,77.60606060606061,72.1590909090909,77.51424242424243,4.324991913539413,-0.00933953660337479,75.56490180465576
2024-01-03,7.1497,77.18,72.97,78.2,77.74757575757576,72.28636363636365,77.56030303030303,4.326112345448026,-0.009127405149972375,75.64961458039527
2024-01-04,7.1589,75.79,72.38,77.14,77.88909090909091,72.41363636363637,77.60636363636364,4.327087729526526,-0.008965993892886017,75.72343800724643
2024-01-05,7.145,78.31,74.0,78.29,78.03060606060606,72.5409090909091,77.65242424242425,4.32812733520384,-0.0088133249127056,75.80220145767579
2024-01-08,7.154,75.47,71.06,76.16,78.45515151515151,72.92272727272727,77.79060606060605,4.331032795651007,-0.008416304968058959,76.0227620156491
2024-01-09,7.1675,77.97,72.43,77.41,78.59666666666666,73.05,77.83666666666666,4.332114728798463,-0.008227817819810338,76.10505807322349
2024-01-10,7.1711,78.46,71.57,77.04,78.73818181818181,73.17727272727272,77.88272727272727,4.333100634456189,-0.00807401340878663,76.18012748015524
2024-01-11,7.167,80.21,72.15,77.48,78.87969696969697,73.30454545454546,77.92878787878787,4.334113840425869,-0.007925164210379582,76.25735275603785
2024-01-12,7.1665,79.89,72.94,77.88,79.02121212121212,73.43181818181819,77.97484848484848,4.335119545679841,-0.007776841674972678,76.33408375427518
2024-01-15,7.1665,79.76,72.94,77.88,79.44575757575758,73.81363636363636,78.1130303030303,4.338058808228614,-0.007384671946549643,76.5587797263095
2024-01-16,7.1874,80.15,72.63,77.7,79.58727272727273,73.94090909090909,78.1590909090909,4.339093091717317,-0.007199796839792166,76.63800417130089
2024-01-17,7.196,78.88,72.79,77.45,79.72878787878788,74.06818181818181,78.20515151515151,4.340069366720661,-0.007046596991119006,76.71286047330216
2024-01-18,7.1961,81.04,74.32,77.99,79.87030303030303,74.19545454545454,78.25121212121212,4.341082849206594,-0.006898328488989641,76.79064702483332
2024-01-19,7.1931,80.71,73.69,77.77,80.01181818181819,74.32272727272728,78.29727272727273,4.342061464560717,-0.00675372159209414,76.86583231380364
2024-01-22,7.192,81.7,75.26,78.3,80.43636363636364,74.70454545454545,78.43545454545455,4.3449961889569755,-0.006366142960347699,77.0917436787903
2024-01-23,7.172,82.04,74.72,78.18,80.57787878787879,74.83181818181818,78.48151515151514,4.346021279139128,-0.006184475170167982,77.17081018658723
2024-01-24,7.158,82.15,75.48,78.33,80.71939393939394,74.9590909090909,78.52757575757575,4.347004432777509,-0.006033471704610505,77.2467182579329
2024-01-25,7.169,82.33,77.91,78.81,80.86090909090909,75.08636363636363,78.57363636363635,4.348005728411725,-0.005885751361109081,77.32410379611736
2024-01-26,7.1763,83.34,78.45,78.89,81.00242424242424,75.21363636363635,78.61969696969696,4.3489927954713306,-0.0057417067655359845,77.40046555277536
2024-01-29,7.1798,83.99,77.25,78.78,81.42696969696969,75.59545454545454,78.75787878787878,4.351873047147764,-0.005363765712373486,77.62371973321399
2024-01-30,7.1755,84.14,78.3,78.83,81.56848484848484,75.72272727272727,78.80393939393939,4.352900720714797,-0.005183079635530578,77.70353258191176
2024-01-31,7.1673,82.98,76.28,78.85,81.71,75.85,78.85,4.353849728970346,-0.005038543735197954,77.77730887743702
2024-02-01,7.1799,82.2,74.36,78.57,81.77586206896551,75.93310344827586,78.91999999999999,4.354766555935257,-0.004993683892772794,77.84864991016805
2024-02-02,7.192,79.54,72.72,77.36,81.84172413793102,76.01620689655172,78.99,4.355680225791646,-0.004964521623476486,77.91981037858874
2024-02-05,7.1982,79.3,73.21,78.08,82.03931034482758,76.2655172413793,79.19999999999999,4.358478276913628,-0.004889511201582535,78.13813929673728
2024-02-06,7.1908,80.46,73.83,78.35,82.1051724137931,76.34862068965516,79.27,4.359523797619324,-0.004858018000265042,78.21987706109338
2024-02-07,7.1943,81.18,74.26,78.85,82.17103448275861,76.43172413793103,79.33999999999999,4.3604934815477785,-0.004830956624123667,78.29576240521837
2024-02-08,7.1965,83.01,76.67,80.56,82.23689655172413,76.51482758620689,79.41,4.361493314787445,-0.004802964816450551,78.37408425886785
2024-02-09,7.1929,83.58,77.26,80.66,82.30275862068966,76.59793103448276,79.47999999999999,4.362454655161518,-0.0047756722707646675,78.4494646576519
2024-02-12,7.1928,83.88,77.34,80.59,82.5003448275862,76.84724137931035,79.69,4.365225665706199,-0.004701718948756388,78.66715041691835
2024-02-13,7.1928,84.72,78.28,81.1,82.56620689655172,76.93034482758621,79.75999999999999,4.366267128403782,-0.00467045960642183,78.74912199736521
2024-02-14,7.1928,84.41,77.09,80.41,82.63206896551723,77.01344827586207,79.83,4.367199761419495,-0.004644706868009178,78.82260028731191
2024-02-15,7.1928,84.33,78.47,81.02,82.69793103448276,77.09655172413792,79.89999999999999,4.368162003850103,-0.004617233179812423,78.898483240843
2024-02-16,7.1928,84.88,79.65,81.24,82.76379310344828,77.17965517241379,79.97,4.3691206586781215,-0.004589466756152404,78.97415591891887
2024-02-19,7.1928,85.52,79.65,81.24,82.96137931034482,77.42896551724138,80.17999999999999,4.371874865505952,-0.004516619063234614,79.19196688891674
2024-02-20,7.1905,84.78,78.72,80.78,83.02724137931034,77.51206896551724,80.25,4.372878363176767,-0.004487407746359056,79.27147573003326
2024-02-21,7.1891,84.77,78.89,81.02,83.09310344827587,77.59517241379311,80.32,4.373825638267221,-0.004461276382828817,79.34660320194942
2024-02-22,7.1944,85.84,79.64,81.19,83.15896551724138,77.67827586206897,80.39,4.374777342753501,-0.004434684766794789,79.42215366534282
2024-02-23,7.197,84.18,77.6,80.71,83.2248275862069,77.76137931034484,80.46,4.375690369943428,-0.004411472248342539,79.49470136509332
2024-02-26,7.1972,84.01,78.53,80.83,83.42241379310346,78.01068965517241,80.67,4.378429423647139,-0.00433874094530018,79.71274009486987
2024-02-27,7.1977,83.8,79.8,80.93,83.48827586206897,78.09379310344828,80.74,4.3794498600082985,-0.0043070133393474,79.79412338948485
2024-02-28,7.1976,84.08,79.44,80.86,83.55413793103449,78.17689655172414,80.81,4.3803853101754004,-0.004281252499444567,79.86880173903486
2024-02-29,7.1977,84.57,79.22,80.88,83.62,78.26,80.88,4.381319931155694,-0.004256324269706516,79.94348369103436
2024-03-01,7.196,84.82,80.9,83.07,83.75310344827587,78.42931034482758,80.99275862068966,4.38300119408732,-0.0041692772106151485,80.07800275606145
2024-03-04,7.1987,86.58,79.67,82.06,84.15241379310345,78.93724137931035,81.33103448275861,4.387841453415668,-0.003905185275144008,80.46654060932259
2024-03-05,7.1965,85.82,79.11,81.62,84.28551724137931,79.10655172413793,81.44379310344827,4.389599848163738,-0.003785555232664267,80.60815702401607
2024-03-06,7.1977,86.59,80.08,82.42,84.41862068965517,79.27586206896552,81.55655172413793,4.391268601654254,-0.0036842955295527716,80.7427844661791
2024-03-07,7.1925,84.88,79.81,82.44,84.55172413793103,79.4451724137931,81.66931034482758,4.392905611152,-0.003587059934865804,80.87506941754418
2024-03-08,7.1855,84.29,78.96,81.97,84.68482758620691,79.6144827586207,81.78206896551724,4.394533800134721,-0.0034911799994103133,81.00685657262966
2024-03-11,7.182,83.44,78.87,82.28,85.08413793103449,80.12241379310345,82.12034482758621,4.399324532136951,-0.0032310399000660345,81.3958697978423
2024-03-12,7.1804,83.66,78.51,82.14,85.21724137931035,80.29172413793104,82.23310344827586,4.401071180440493,-0.0031141936017742883,81.53816398851765
2024-03-13,7.1875,83.95,80.67,83.46,85.35034482758621,80.46103448275862,82.34586206896552,4.402732807410942,-0.003014056144776828,81.6737626269002
2024-03-14,7.1932,86.16,82.16,83.9,85.48344827586207,80.63034482758621,82.45862068965518,4.40438324820854,-0.0029171677532874216,81.80867163587533
2024-03-15,7.1953,85.39,81.94,83.82,85.61655172413793,80.7996551724138,82.57137931034482,4.406001389232588,-0.002822797116664688,81.94115676447502
2024-03-18,7.1981,86.47,83.68,84.47,86.01586206896552,81.30758620689656,82.90965517241379,4.410758677003085,-0.002566482375836689,82.33190313698023
2024-03-19,7.1991,87.36,84.39,84.62,86.14896551724138,81.47689655172414,83.02241379310345,4.412498651241315,-0.0024509175175284146,82.47528323008345
2024-03-20,7.1992,85.77,82.79,84.15,86.28206896551724,81.64620689655173,83.1351724137931,4.414087661568012,-0.002356322879479927,82.60644148514679
2024-03-21,7.1993,84.92,81.99,84.14,86.4151724137931,81.81551724137931,83.24793103448276,4.415684248717924,-0.0022648460298776954,82.73843520982561
2024-03-22,7.2289,84.87,81.1,84.03,86.54827586206898,81.9848275862069,83.36068965517242,4.417280630141148,-0.0021743276564029613,82.87062279361015
2024-03-25,7.2102,86.18,82.41,84.23,86.94758620689656,82.49275862068966,83.69896551724139,4.421975081686193,-0.0019243274654676128,83.26056949363384
2024-03-26,7.2176,85.91,82.41,84.14,87.08068965517242,82.66206896551725,83.81172413793104,4.423682863041031,-0.001812239290652441,83.40288182639448
2024-03-27,7.227,84.94,82.15,84.11,87.21379310344828,82.83137931034483,83.9244827586207,4.425268824905767,-0.0017185900074726224,83.53526056244634
2024-03-28,7.2262,86.17,83.96,84.15,87.34689655172414,83.00068965517241,84.03724137931034,4.426872735799444,-0.0016252912311897519,83.66935118282598
2024-03-29,7.2203,86.17,83.96,84.15,87.48,83.17,84.15,4.428458158388346,-0.0015350055085095492,83.80210767195068
2024-04-01,7.2308,86.17,84.54,87.77,87.515625,83.05375000000001,84.620625,4.4313439988419745,-0.0022573698630782594,84.04429647541242
2024-04-02,7.232,87.63,85.95,89.24,87.5275,83.015,84.7775,4.432567080835673,-0.002635259448007363,84.1471524289148
2024-04-03,7.233,90.6,86.22,89.63,87.539375,82.97625000000001,84.934375,4.433632753727334,-0.0029483322000839252,84.23687356636971
2024-04-04,7.2339,90.32,87.37,90.53,87.55125000000001,82.9375,85.09125,4.434675037875473,-0.0032481148635869262,84.32471809590449
2024-04-05,7.2339,92.81,87.69,90.74,87.563125,82.89875,85.248125,4.435709637936328,-0.0035458599018711396,84.41200560042081
2024-04-08,7.2305,91.73,87.24,90.02,87.59875,82.7825,85.71875,4.43853491908334,-0.004324843706814631,84.65083046325378
2024-04-09,7.2316,92.13,86.04,89.43,87.610625,82.74375,85.875625,4.439707028443929,-0.004711608812974775,84.75010866511025
2024-04-10,7.2341,91.57,86.98,90.13,87.6225,82.705,86.0325,4.440750930547078,-0.005022807007390024,84.83862567529607
2024-04-11,7.2373,91.49,85.79,89.79,87.634375,82.66625,86.189375,4.441750099088996,-0.005321934966743323,84.92343612412087
2024-04-12,7.2374,93.12,86.46,90.22,87.64625000000001,82.6275,86.34625,4.442769441325145,-0.005616819955385602,85.01004630460912
2024-04-15,7.2382,90.84,86.21,89.96,87.681875,82.51125,86.81687500000001,4.445552409692886,-0.006388606455545246,85.24695607771359
2024-04-16,7.2383,91.29,86.15,89.91,87.69375,82.47250000000001,86.97375000000001,4.446720225577346,-0.006770706492451884,85.34656697939892
2024-04-17,7.2389,89.54,83.58,88.84,87.705625,82.43375,87.13062500000001,4.447702641137621,-0.007081864834186447,85.43045397401302
2024-04-18,7.2382,88.34,83.5,88.81,87.7175,82.39500000000001,87.28750000000001,4.448690483261923,-0.007377192647494337,85.51488747176361
2024-04-19,7.2403,87.96,83.79,88.82,87.729375,82.35625,87.44437500000001,4.449679704465277,-0.007668969342486063,85.5995224661169
2024-04-22,7.2403,87.3,83.82,88.72,87.765,82.24000000000001,87.915,4.452428540484658,-0.008433477017280701,85.83514521249398
2024-04-23,7.2445,88.29,84.17,89.04,87.776875,82.20125,88.071875,4.4535886270133815,-0.008811914632324674,85.93477918898903
2024-04-24,7.246,89.02,84.09,89.02,87.78875,82.16250000000001,88.22875,4.454593275258574,-0.009117987102225313,86.0211567963929
2024-04-25,7.246,88.1,84.92,89.18,87.800625,82.12375,88.385625,4.455576347462184,-0.009409150920321975,86.10576338494066
2024-04-26,7.2464,89.95,85.38,89.19,87.8125,82.08500000000001,88.5425,4.456560826413538,-0.009698023169021809,86.19057443708134
2024-04-29,7.2318,88.44,84.26,89.11,87.848125,81.96875,89.013125,4.459258007561459,-0.010457280587488682,86.42335982063356
2024-04-30,7.2401,88.23,83.49,89.17,87.86,81.93,89.17,4.46038642714135,-0.010833820368487838,86.5209366754779
2024-05-01,7.2405,83.55,80.7,83.46,87.65870967741935,81.77064516129033,89.00451612903225,4.458604587343525,-0.010913513476425623,86.36690749557881
2024-05-02,7.2405,84.81,80.59,83.87,87.4574193548387,81.61129032258066,88.83903225806452,4.45674252464455,-0.01093828791425119,86.20623653483112
2024-05-03,7.2405,83.6,79.65,83.2,87.25612903225806,81.45193548387097,88.67354838709677,4.454834036226879,-0.010952760290304911,86.04186982674248
2024-05-06,7.2071,83.6,80.1,83.56,86.65225806451613,80.97387096774195,88.17709677419356,4.449315888296206,-0.010992404539635405,85.56838564016277
2024-05-07,7.2185,82.69,79.97,83.57,86.45096774193549,80.81451612903226,88.01161290322581,4.447238817830532,-0.011001051592303388,85.39083852631886
2024-05-08,7.2185,82.44,80.57,84.16,86.24967741935484,80.65516129032258,87.84612903225806,4.4453293769184485,-0.011011684246489455,85.22794533267563
2024-05-09,7.2198,83.27,80.86,84.18,86.04838709677419,80.4958064516129,87.68064516129033,4.443420335761412,-0.01102297640539827,85.06539688251307
2024-05-10,7.226,83.39,79.81,83.65,85.84709677419355,80.33645161290323,87.51516129032258,4.441489520207709,-0.011035792390046635,84.90130975309825
2024-05-13,7.2325,83.18,80.71,84.14,85.24322580645162,79.8583870967742,87.01870967741935,4.435899971799585,-0.011075466503142981,84.428073592645
2024-05-14,7.2335,81.0,79.62,83.56,85.04193548387097,79.69903225806452,86.85322580645162,4.433775833528488,-0.01108489869710766,84.24892702377197
2024-05-15,7.219,79.98,80.23,83.67,84.84064516129033,79.53967741935485,86.68774193548387,4.4318302452428,-0.011095127342780611,84.08517264922432
2024-05-16,7.2181,81.65,80.85,83.94,84.63935483870968,79.38032258064516,86.52225806451614,4.4299035034215235,-0.011106500933269068,83.9233182064652
2024-05-17,7.2233,82.24,81.66,84.38,84.43806451612903,79.22096774193548,86.35677419354839,4.427972684662583,-0.011117956450450163,83.7614338243534
2024-05-20,7.2344,81.91,81.39,84.33,83.8341935483871,78.74290322580644,85.86032258064516,4.42229262824803,-0.0111595541484716,83.28701279948139
2024-05-21,7.2376,81.22,80.66,84.13,83.63290322580646,78.58354838709677,85.69483870967743,4.420152678131518,-0.011169557048021922,83.10897331249028
2024-05-22,7.2405,79.9,79.15,83.76,83.43161290322581,78.4241935483871,85.52935483870968,4.41816006503757,-0.01118298689612771,82.94353416688693
2024-05-23,7.2421,79.25,77.47,83.65,83.23032258064516,78.26483870967742,85.36387096774195,4.41617613084009,-0.011198176987191942,82.779142777763
2024-05-24,7.2425,78.92,78.48,83.83,83.02903225806452,78.10548387096775,85.1983870967742,4.414211922428072,-0.011209669363111985,82.61670687039177
2024-05-28,7.2451,81.34,80.9,84.15,82.22387096774195,77.46806451612903,84.53645161290324,4.40659076120843,-0.011263653505954901,81.98946482024886
2024-05-29,7.2494,81.5,80.24,84.05,82.0225806451613,77.30870967741934,84.37096774193549,4.404337065440667,-0.01127200203110919,81.80489357222456
2024-05-30,7.2493,81.42,78.96,84.0,81.82129032258065,77.14935483870967,84.20548387096775,4.402319644159669,-0.011285502526408935,81.64002499964339
2024-05-31,7.241,79.41,77.97,84.04,81.62,76.99,84.04,4.40030481187213,-0.01129992274306065,81.47569964092835
2024-06-03,7.242,76.45,75.26,79.17,82.13321428571429,77.47749999999999,83.88035714285715,4.401282781789141,-0.010424306040737916,81.55541939955367
2024-06-04,7.2393,75.33,74.27,78.46,82.30428571428571,77.64,83.82714285714286,4.401530799374115,-0.009981809762127005,81.57564908626998
2024-06-05,7.2475,75.41,75.08,78.87,82.47535714285715,77.8025,83.77392857142857,4.401854897408114,-0.00961373046698788,81.60209187855811
2024-06-06,7.2451,77.62,76.52,80.01,82.64642857142857,77.965,83.7207142857143,4.402217984214659,-0.009259729628951897,81.63172590104143
2024-06-07,7.2466,78.12,76.53,79.79,82.8175,78.1275,83.6675,4.402548317737353,-0.008909061771337292,81.65869605094898
2024-06-10,7.2475,79.59,78.75,81.26,83.3307142857143,78.615,83.50785714285715,4.403665129163237,-0.007983647950472777,81.74994435981412
2024-06-11,7.2544,80.15,78.88,81.36,83.50178571428572,78.7775,83.45464285714286,4.403923903181257,-0.007534964269187476,81.77110185877648
2024-06-12,7.2544,80.52,79.56,81.68,83.67285714285714,78.94,83.40142857142857,4.404233559726094,-0.007168916559255043,81.79642673645033
2024-06-13,7.2519,81.44,79.61,81.6,83.84392857142858,79.1025,83.34821428571429,4.404552278911631,-0.006818654339372976,81.82250098192003
2024-06-14,7.2557,81.49,79.41,81.53,84.015,79.265,83.295,4.4048672351694655,-0.006471941927853759,81.84827554935352
2024-06-17,7.2561,82.45,81.33,82.15,84.52821428571428,79.7525,83.13535714285715,4.405930900458994,-0.00555513617790592,81.9353810363922
2024-06-18,7.2543,84.79,82.67,82.49,84.69928571428571,79.915,83.08214285714286,4.406194455462825,-0.005109318624463158,81.95697836197172
2024-06-19,7.2543,85.64,82.67,82.49,84.87035714285715,80.0775,83.02892857142857,4.4064860224532465,-0.0047473565259141684,81.9808777954704
2024-06-20,7.2604,85.92,83.34,82.57,85.04142857142857,80.24000000000001,82.97571428571429,4.406795350157172,-0.004399750612722142,82.00624067468307
2024-06-21,7.2609,86.42,81.71,82.42,85.2125,80.4025,82.9225,4.407090133752028,-0.004058493699536827,82.03041833252314
2024-06-24,7.2586,86.75,82.63,82.6,85.72571428571429,80.89,82.76285714285714,4.408102561410692,-0.0031519071578761763,82.11351025207598
2024-06-25,7.2629,86.81,81.97,82.42,85.89678571428571,81.05250000000001,82.70964285714285,4.40832475303734,-0.002712739981662422,82.13175721357469
2024-06-26,7.2666,85.76,82.19,82.47,86.06785714285714,81.215,82.65642857142856,4.40859769899676,-0.0023540883767562202,82.15417780451186
2024-06-27,7.2688,87.0,83.04,82.49,86.23892857142857,81.37750000000001,82.60321428571429,4.408899136803527,-0.0020094939371077757,82.17894591252048
2024-06-28,7.2672,87.26,82.83,82.55,86.41,81.54,82.55,4.409192660459817,-0.0016694631851512263,82.20307091765142
2024-07-01,7.2683,86.57,84.7,86.5,85.89272727272727,81.21000000000001,82.66636363636363,4.4085622878786195,-0.0021910386681710005,82.15126868472375
2024-07-02,7.2712,88.28,84.09,85.95,85.72030303030303,81.10000000000001,82.70515151515151,4.408410641275877,-0.002476217517782135,82.13881166847268
2024-07-03,7.2699,88.25,85.19,87.15,85.54787878787879,80.99000000000001,82.74393939393939,4.408261521785338,-0.0027200189557683558,82.1265640839227
2024-07-04,7.2699,88.34,85.19,87.15,85.37545454545455,80.88000000000001,82.78272727272727,4.40808360810471,-0.0029568008678255487,82.1119539443396
2024-07-05,7.268,88.66,84.44,86.48,85.2030303030303,80.77000000000001,82.82151515151514,4.407890658316968,-0.003192762889669816,82.0961119886551
2024-07-08,7.2683,87.15,83.63,86.03,84.68575757575758,80.44,82.93787878787879,4.407253086274831,-0.0038175988288854327,82.04378648529449
2024-07-09,7.2725,86.48,82.78,85.21,84.51333333333334,80.33,82.97666666666666,4.407099901836111,-0.004122101328794965,82.03121961646026
2024-07-10,7.2758,86.55,83.39,85.42,84.3409090909091,80.22,83.01545454545455,4.406934369786779,-0.004370036470330692,82.01764194436885
2024-07-11,7.2573,86.49,83.92,85.55,84.16848484848485,80.11,83.05424242424242,4.4067550259484305,-0.004608070045102124,82.00293390458785
2024-07-12,7.2495,87.35,83.49,85.11,83.99606060606061,80.0,83.0930303030303,4.406563379027825,-0.004845353514361825,81.98721980065237
2024-07-15,7.2592,86.42,83.22,85.13,83.47878787878787,79.67,83.20939393939393,4.405920321504879,-0.005473997006433769,81.93451425034064
2024-07-16,7.2685,86.6,81.92,84.57,83.30636363636363,79.56,83.24818181818182,4.405765600527203,-0.0057815762606363025,81.92183824283785
2024-07-17,7.2607,85.76,84.16,85.21,83.13393939393939,79.45,83.28696969696969,4.4056064344790595,-0.006029196788748782,81.90880010523004
2024-07-18,7.26,86.26,84.17,85.06,82.96151515151514,79.34,83.32575757575758,4.405417343503011,-0.006268961934152139,81.89331335451972
2024-07-19,7.2695,85.19,81.43,84.21,82.7890909090909,79.23,83.36454545454545,4.40519241133573,-0.006510678612264744,81.87489498558058
2024-07-22,7.2736,83.44,81.25,84.15,82.27181818181818,78.9,83.4809090909091,4.404527287414603,-0.0071435041694743046,81.82045614068181
2024-07-23,7.2748,82.2,78.24,83.78,82.09939393939393,78.78999999999999,83.51969696969697,4.4043513670582755,-0.0074560109458694365,81.806063522897
2024-07-24,7.2622,83.01,78.78,83.93,81.92696969696969,78.67999999999999,83.55848484848485,4.4041770014157935,-0.007707935961355507,81.79180059958993
2024-07-25,7.231,82.58,79.43,84.07,81.75454545454545,78.57,83.59727272727272,4.403985956429918,-0.00794892933325561,81.77617617873081
2024-07-26,7.2502,81.35,78.58,83.88,81.58212121212121,78.46,83.63606060606061,4.403773959076392,-0.008190071445674976,81.75884168329793
2024-07-29,7.2597,80.94,77.27,83.75,81.06484848484848,78.13,83.75242424242424,4.403089008884156,-0.008828708430914295,81.70286012344876
2024-07-30,7.2511,79.26,76.17,83.73,80.89242424242424,78.02,83.79121212121213,4.4029215572684715,-0.009140849516759973,81.68917999292697
2024-07-31,7.2193,81.39,79.36,83.83,80.72,77.91,83.83,4.402764555247144,-0.009389671936402725,81.67635563329901
2024-08-01,7.2441,81.37,77.74,78.63,80.656,77.76466666666667,83.62233333333333,4.400589914862091,-0.00936935318307321,81.49893191814365
2024-08-02,7.16,78.35,74.99,76.3,80.592,77.61933333333333,83.41466666666666,4.398279551072174,-0.009301763835856701,81.3108570812281
2024-08-05,7.13,77.51,74.46,75.28,80.4,77.18333333333334,82.79166666666666,4.391684014622713,-0.009102160467488341,80.77633303372848
2024-08-06,7.1563,76.62,74.6,75.35,80.336,77.038,82.584,4.389173406373264,-0.00899035995160805,80.57378966556773
2024-08-07,7.176,78.26,76.68,76.93,80.27199999999999,76.89266666666666,82.37633333333333,4.386911749849758,-0.008902348646727976,80.3917653443829
2024-08-08,7.1747,80.76,77.64,77.5,80.208,76.74733333333333,82.16866666666667,4.384643276524261,-0.00881942960110669,80.2096054596451
2024-08-09,7.166,81.07,78.28,77.39,80.144,76.602,81.961,4.382349253752691,-0.008736396549364114,80.02581369007534
2024-08-12,7.1744,83.06,81.45,79.66,79.952,76.166,81.338,4.375726195323358,-0.008527143060140243,79.49754934398675
2024-08-13,7.1558,82.51,79.81,78.42,79.888,76.02066666666667,81.13033333333333,4.373150099799071,-0.008412659068941203,79.29301962009261
2024-08-14,7.1382,82.15,78.47,77.89,79.824,75.87533333333333,80.92266666666666,4.370788723542545,-0.0083244741839381,79.10599986516122
2024-08-15,7.1734,83.09,79.66,78.79,79.75999999999999,75.72999999999999,80.715,4.368478022989031,-0.008239179258732899,78.92342061171517
2024-08-16,7.1644,81.56,78.05,78.05,79.696,75.58466666666666,80.50733333333334,4.366114482159547,-0.008156204286702563,78.73710215707052
2024-08-19,7.1393,81.09,75.82,77.24,79.50399999999999,75.14866666666666,79.88433333333333,4.359292180516407,-0.00794486285973997,78.20176209772664
2024-08-20,7.132,78.85,75.27,77.21,79.44,75.00333333333333,79.67666666666666,4.35668440907993,-0.007827239826168585,77.9980954496988
2024-08-21,7.1344,78.77,72.76,76.73,79.376,74.858,79.469,4.3542770093504135,-0.007738632219209792,77.81054869639036
2024-08-22,7.144,78.8,73.72,77.13,79.312,74.71266666666666,79.26133333333333,4.3519155010955926,-0.007650462591621669,77.62701523651485
2024-08-23,7.1244,80.34,75.82,77.53,79.24799999999999,74.56733333333332,79.05366666666666,4.349565271612511,-0.007560392131237247,77.4447881582272
2024-08-26,7.1212,80.34,78.4,78.0,79.056,74.13133333333333,78.43066666666667,4.342680403028282,-0.007335017912441874,76.91342226036912
2024-08-27,7.1244,81.51,76.5,77.61,78.99199999999999,73.98599999999999,78.223,4.340030523794737,-0.007214735627585293,76.70988077921578
2024-08-28,7.1245,80.04,75.49,77.53,78.928,73.84066666666666,78.01533333333333,4.337592254634449,-0.00712104117121282,76.52306928352881
2024-08-29,7.0972,81.55,76.9,77.54,78.864,73.69533333333334,77.80766666666666,4.335193984357698,-0.007028573699850079,76.33976617403859
2024-08-30,7.09,80.2,74.52,77.6,78.8,73.55,77.6,4.3327545668868925,-0.006942338751111799,76.15376856985458
2024-09-02,7.09,77.82,74.52,77.6,78.11967741935483,73.02935483870968,77.2041935483871,4.327029004214439,-0.007144795101763329,75.71899125528688
2024-09-03,7.1209,76.46,71.28,73.59,77.89290322580645,72.8558064516129,77.07225806451612,4.32484360927018,-0.007242670733469049,75.553696038066
2024-09-04,7.1119,74.67,70.11,73.07,77.66612903225806,72.68225806451613,76.94032258064516,4.322861691133442,-0.007331695739661241,75.40410308704868
2024-09-05,7.0921,74.47,70.09,73.14,77.43935483870968,72.50870967741935,76.80838709677418,4.320908105044665,-0.007418897403639418,75.25693847639364
2024-09-06,7.0876,72.82,68.58,72.08,77.21258064516128,72.33516129032257,76.67645161290322,4.318917560269882,-0.007507007802351446,75.10728516596474
2024-09-09,7.1133,72.37,69.65,72.68,76.53225806451613,71.81451612903226,76.28064516129032,4.313190501559062,-0.007746959647952361,74.67837071566537
2024-09-10,7.1205,70.34,66.73,70.89,76.30548387096773,71.64096774193548,76.14870967741935,4.311011118120015,-0.007856465836539372,74.51579513288787
2024-09-11,7.1192,70.31,68.25,71.92,76.07870967741935,71.46741935483871,76.01677419354839,4.309055310823257,-0.007947253780943643,74.37019902242183
2024-09-12,7.1173,73.81,69.89,72.65,75.85193548387096,71.29387096774194,75.88483870967742,4.307116326510794,-0.008035395356861425,74.22613608622491
2024-09-13,7.093,73.68,69.59,72.64,75.62516129032258,71.12032258064517,75.75290322580645,4.305130776409098,-0.008125425044609832,74.07890259228105
2024-09-16,7.0958,73.96,71.1,73.11,74.94483870967741,70.59967741935483,75.35709677419355,4.299326930773147,-0.008371440546629106,73.65020532650722
2024-09-17,7.0958,74.55,72.16,73.6,74.71806451612903,70.42612903225806,75.22516129032257,4.297192696670031,-0.008480451983408945,73.49318616402485
2024-09-18,7.0812,74.52,71.87,73.52,74.49129032258064,70.25258064516129,75.09322580645161,4.295181539563819,-0.008575234281082053,73.3455283517121
2024-09-19,7.0675,75.93,72.86,73.97,74.26451612903226,70.07903225806452,74.96129032258065,4.293192898231672,-0.008666777128308023,73.19981533598742
2024-09-20,7.0505,75.96,72.72,73.71,74.03774193548387,69.90548387096774,74.82935483870968,4.291176174076741,-0.008758899696763566,73.05234025852228
2024-09-23,7.0508,74.95,71.33,73.51,73.35741935483871,69.38483870967742,74.43354838709678,4.28525007187513,-0.009016248961007209,72.62070484507544
2024-09-24,7.0318,75.29,72.34,73.82,73.13064516129032,69.21129032258065,74.30161290322582,4.283079563333175,-0.009129111292823552,72.46325192315715
2024-09-25,7.0315,75.4,70.42,73.54,72.90387096774194,69.03774193548387,74.16967741935484,4.281024926769862,-0.00922955249013555,72.31451912450578
2024-09-26,7.0106,73.06,68.28,73.34,72.67709677419354,68.86419354838709,74.03774193548388,4.278956629179607,-0.009328687414512782,72.16510574778768
2024-09-27,7.0111,71.63,68.72,73.45,72.45032258064516,68.69064516129032,73.9058064516129,4.276911016030083,-0.009423613069327307,72.01763474426998
2024-09-30,7.0176,72.35,68.75,73.51,71.77,68.17,73.51,4.270918996479071,-0.009686658779836613,71.58739396174525
2024-10-01,7.0175,75.3,70.41,73.2,71.81483870967742,68.20516129032258,73.55612903225807,4.271263329693627,-0.009727190548034422,71.61204812360964
2024-10-02,7.0175,74.86,70.74,73.6,71.85967741935484,68.24032258064517,73.60225806451614,4.27184884474628,-0.00974559569612035,71.65399033343667
2024-10-03,7.0175,77.57,74.33,76.67,71.90451612903226,68.27548387096775,73.6483870967742,4.272515715793065,-0.009759128224840473,71.70179024139252
2024-10-04,7.0175,79.32,74.93,76.77,71.94935483870967,68.31064516129032,73.69451612903227,4.273118311191367,-0.009772821541007348,71.74501043107784
2024-10-07,7.0175,81.74,77.76,78.92,72.08387096774193,68.41612903225807,73.83290322580646,4.2748712934916115,-0.009806457248458283,71.87088846324086
2024-10-08,7.0595,78.19,74.26,76.4,72.12870967741935,68.45129032258065,73.87903225806451,4.275441010786584,-0.009828742703664572,71.91184621746604
2024-10-09,7.0818,77.06,73.85,76.09,72.17354838709677,68.48645161290322,73.92516129032258,4.276013335079596,-0.009844504112028037,71.95301489380468
2024-10-10,7.0794,79.45,76.46,77.96,72.2183870967742,68.52161290322582,73.97129032258064,4.276650310351634,-0.009857470408225436,71.99886178515854
2024-10-11,7.0667,80.27,76.11,77.74,72.26322580645162,68.55677419354839,74.01741935483871,4.277234060178846,-0.009871974049601879,72.04090337797747
2024-10-14,7.0667,78.47,76.11,76.92,72.39774193548386,68.66225806451614,74.1558064516129,4.278902159445364,-0.009905468606477452,72.16117504070922
2024-10-15,7.1192,73.68,71.22,75.25,72.44258064516129,68.69741935483871,74.20193548387097,4.279459317959459,-0.009931103553304699,72.20139145618904
2024-10-16,7.1192,73.65,70.97,75.16,72.4874193548387,68.73258064516129,74.24806451612903,4.280038444627042,-0.009947549335432012,72.24321731748479
2024-10-17,7.1216,74.37,71.26,75.18,72.53225806451613,68.76774193548387,74.2941935483871,4.280625627415935,-0.009961671858520387,72.2856497478851
2024-10-18,7.1015,72.75,69.78,74.66,72.57709677419355,68.80290322580646,74.34032258064516,4.281180783780602,-0.009977534058417416,72.325790727646
2024-10-21,7.1189,73.29,71.16,75.13,72.7116129032258,68.90838709677419,74.47870967741936,4.282879237624463,-0.010010585819698659,72.44873712475224
2024-10-22,7.123,75.59,72.84,75.59,72.75645161290322,68.94354838709678,74.52483870967743,4.283544102713165,-0.010028484718546863,72.49692177715868
2024-10-23,7.1252,74.68,71.37,75.27,72.80129032258064,68.97870967741936,74.57096774193549,4.284108637596403,-0.010045460219577348,72.5378603729747
2024-10-24,7.119,74.27,70.58,75.23,72.84612903225806,69.01387096774194,74.61709677419354,4.284678903504305,-0.010061303902052923,72.57923803879228
2024-10-25,7.1199,75.62,72.02,75.46,72.89096774193548,69.04903225806451,74.6632258064516,4.285277120010616,-0.010073486773279022,72.62266912630413
2024-10-28,7.1254,71.87,67.65,74.89,73.02548387096773,69.15451612903226,74.8016129032258,4.286892850272881,-0.010114337093475687,72.74010261541153
2024-10-29,7.1301,71.09,67.48,74.87,73.07032258064515,69.18967741935484,74.84774193548387,4.287518232992516,-0.010135589914236276,72.78560724603342
2024-10-30,7.1229,73.21,68.91,74.94,73.11516129032258,69.22483870967743,74.89387096774193,4.288120717228922,-0.01014857787075678,72.82947263981362
2024-10-31,7.1178,73.25,69.58,74.94,73.16,69.26,74.94,4.288703228039502,-0.010161108002280476,72.87190895356096
2024-11-01,7.1214,73.63,69.81,72.01,73.15241379310345,69.21655172413793,74.86,4.2878393812779425,-0.010115261480354522,72.80898597282227
2024-11-04,7.0995,74.89,71.83,74.06,73.12965517241379,69.08620689655173,74.62,4.285267059809602,-0.00997066621513212,72.62193853132948
2024-11-05,7.1047,76.98,72.26,74.48,73.12206896551724,69.04275862068965,74.53999999999999,4.284278712033106,-0.009894416600711829,72.55019825786694
2024-11-06,7.1782,76.52,71.98,73.85,73.11448275862068,68.99931034482759,74.46,4.283345133996981,-0.00983318540932888,72.48249859263423
2024-11-07,7.1412,75.73,72.69,74.43,73.10689655172413,68.95586206896552,74.38,4.282438398433196,-0.009774662298233452,72.41680592085002
2024-11-08,7.1785,74.04,70.69,73.05,73.09931034482759,68.91241379310345,74.3,4.281481459249076,-0.009718441247813892,72.34754058831672
2024-11-11,7.1785,72.19,70.69,71.77,73.07655172413793,68.78206896551724,74.06,4.278808598348166,-0.009568312379149867,72.15442387782538
2024-11-12,7.232,72.56,68.43,71.91,73.06896551724138,68.73862068965518,73.98,4.2777770979433765,-0.009494694096378143,72.0800349330971
2024-11-13,7.2245,72.86,68.76,72.19,73.06137931034482,68.6951724137931,73.9,4.276857028787816,-0.009433637373347804,72.01374681572577
2024-11-14,7.2272,73.39,68.99,72.28,73.05379310344827,68.65172413793104,73.82000000000001,4.275941316024858,-0.009374916477605794,71.94783309228296
2024-11-15,7.2288,73.45,67.33,71.56,73.04620689655172,68.60827586206896,73.74,4.274997238136071,-0.009318841043758935,71.87994078676921
2024-11-18,7.2364,74.35,69.46,72.53,73.02344827586207,68.47793103448276,73.5,4.272369002404417,-0.009166898021479818,71.69127140042036
2024-11-19,7.2392,74.32,69.75,72.5,73.01586206896552,68.43448275862069,73.42,4.2713478689075,-0.009087369360915348,71.61810240577036
2024-11-20,7.2459,74.33,69.25,72.35,73.00827586206896,68.39103448275863,73.34,4.270407573179716,-0.009025586478569212,71.55079186091449
2024-11-21,7.2368,75.09,70.39,72.83,73.00068965517241,68.34758620689655,73.26,4.2694981474899745,-0.00896505753830064,71.48575131193057
2024-11-22,7.2455,76.1,71.68,73.07,72.99310344827586,68.30413793103449,73.18,4.268588210052319,-0.00890415999481475,71.4207333361842
2024-11-25,7.2395,74.27,69.41,72.6,72.9703448275862,68.17379310344828,72.94,4.265876749170294,-0.008755419284829619,71.22734111778044
2024-11-26,7.252,74.56,69.05,72.6,72.96275862068966,68.13034482758621,72.86,4.264843469005549,-0.008677020049339665,71.15378132949576
2024-11-27,7.2458,73.91,69.03,72.6,72.95517241379311,68.08689655172414,72.78,4.263899366086172,-0.008614073267045746,71.08663653760227
2024-11-28,7.2458,73.92,69.03,72.6,72.94758620689655,68.04344827586208,72.7,4.262964765523325,-0.008554048621763647,71.02022996372767
2024-11-29,7.2423,74.16,68.26,72.62,72.94,68.0,72.62,4.262025906891296,-0.008496016099431219,70.95358329857149
2024-12-02,7.2714,72.81,68.35,71.35,73.099375,68.34875,72.6771875,4.264259855110297,-0.00801801727998146,71.11226710932836
2024-12-03,7.2858,74.8,70.15,73.07,73.1525,68.465,72.69625,4.265093672042102,-0.007783797735917732,71.17158644900124
2024-12-04,7.2632,74.68,68.81,71.96,73.205625,68.58125,72.71531250000001,4.265831353045486,-0.0075913178366930345,71.2241077459051
2024-12-05,7.2558,73.78,68.58,71.79,73.25874999999999,68.6975,72.734375,4.266588902999623,-0.0074055983803760364,71.2780840077375
2024-12-06,7.27,73.78,68.58,71.16,73.311875,68.81375,72.7534375,4.267346947893309,-0.007220387399197543,71.33213647986314
2024-12-09,7.2604,73.73,68.65,71.96,73.47125,69.1625,72.810625,4.26965073941158,-0.006733348510297918,71.49666029238067
2024-12-10,7.25,73.64,68.85,71.94,73.52437499999999,69.27875,72.8296875,4.270431889079605,-0.006499786586872268,71.5525317039592
2024-12-11,7.2605,74.38,70.57,72.8,73.5775,69.395,72.84875000000001,4.2712145525386545,-0.0063067873789508415,71.60855517682909
2024-12-12,7.2685,73.52,70.25,72.79,73.630625,69.51125,72.8678125,4.271968533331194,-0.0061235549466202984,71.66256701139805
2024-12-13,7.2756,74.89,71.54,73.41,73.68375,69.6275,72.886875,4.2727532325611595,-0.0059405848781542625,71.71882264153747
2024-12-16,7.2836,74.3,71.03,73.13,73.843125,69.97625,72.9440625,4.275014286017271,-0.005459450069025237,71.8811661979057
2024-12-17,7.2846,73.16,70.31,72.85,73.89625,70.0925,72.963125,4.275771683820677,-0.0052300415912592095,71.93562945786344
2024-12-18,7.2864,74.57,70.8,72.94,73.949375,70.20875,72.98218750000001,4.276529808793885,-0.005040973957748522,71.99018633287052
2024-12-19,7.2965,73.75,70.1,72.76,74.0025,70.325,73.00125,4.277271090961536,-0.004860852655430442,72.04357115840995
2024-12-20,7.2953,73.19,69.71,72.79,74.055625,70.44125,73.0203125,4.278018637969694,-0.004682356937797784,72.09744724943285
2024-12-23,7.2977,72.12,69.5,72.74,74.215,70.78999999999999,73.0775,4.280260047584965,-0.004207661310989628,72.25922840211851
2024-12-24,7.2946,73.5,70.87,72.95,74.268125,70.90625,73.0965625,4.281045026420483,-0.003978553665612107,72.31597263568251
2024-12-26,7.2981,73.5,70.38,72.94,74.374375,71.13875,73.1346875,4.282526770689484,-0.0036458981807157603,72.4232058401659
2024-12-27,7.298,73.77,71.28,73.06,74.4275,71.255,73.15375,4.283288789627396,-0.003441767563919931,72.47841472699757
2024-12-30,7.2993,74.24,71.73,73.15,74.586875,71.60375,73.2109375,4.285519284964338,-0.002967607983484787,72.64025792122115
2024-12-31,7.2993,74.58,72.44,73.23,74.64,71.72,73.23,4.28628488272736,-0.0027414252466335907,72.69589243430288
2025-01-02,7.2994,76.14,73.79,76.14,74.79703703703704,71.78,73.76185185185186,4.290903163533585,-0.0033710016785209237,73.03239892165097
2025-01-03,7.3199,76.72,74.64,76.67,74.87555555555555,71.81,74.02777777777779,4.293523998610854,-0.0038237374832020285,73.22405583539907
2025-01-06,7.3223,77.27,74.31,76.51,75.11111111111111,71.9,74.82555555555555,4.300498222453632,-0.004895517189084277,73.73652174025248
2025-01-07,7.3264,77.84,74.99,76.99,75.18962962962964,71.92999999999999,75.09148148148148,4.303279016552792,-0.0054272159906904914,73.94185318471912
2025-01-08,7.3316,77.37,73.99,76.28,75.26814814814816,71.96,75.35740740740741,4.305723086182105,-0.0058531400879684985,74.12279324740894
2025-01-09,7.3321,78.44,73.99,76.78,75.34666666666666,71.99,75.62333333333333,4.308154714731365,-0.006258426165877958,74.30325166261925
2025-01-10,7.3326,79.76,77.27,78.76,75.42518518518519,72.02,75.88925925925926,4.310617525163994,-0.006655210981135243,74.48647201187676
2025-01-13,7.3319,82.69,79.57,80.07,75.66074074074075,72.11,76.68703703703704,4.317465461787956,-0.0076877414661173,74.99830113811457
2025-01-14,7.3311,82.39,78.2,79.5,75.73925925925926,72.14,76.95296296296296,4.320150633366127,-0.008205185814597496,75.19995506127043
2025-01-15,7.3304,83.48,80.73,80.98,75.81777777777778,72.17,77.21888888888888,4.322595576242389,-0.008616957279712956,75.38403960208518
2025-01-16,7.3316,82.39,79.35,80.74,75.8962962962963,72.2,77.48481481481481,4.324945998789368,-0.009011926774897455,75.56143234072763
2025-01-17,7.3249,83.02,78.56,80.9,75.97481481481482,72.23,77.75074074074074,4.327298107515311,-0.009402305734729279,75.73937022767377
2025-01-20,7.3249,81.68,78.56,80.9,76.21037037037037,72.32000000000001,78.54851851851852,4.333940791453304,-0.010409292975958974,76.24415764122635
2025-01-21,7.2712,80.57,76.79,80.79,76.28888888888889,72.35,78.81444444444445,4.336562500668892,-0.01091456887696515,76.44430990782685
2025-01-22,7.2728,80.0,76.12,80.61,76.36740740740741,72.38,79.08037037037037,4.33890440517062,-0.011318465507201449,76.62354497511883
2025-01-23,7.288,78.62,75.03,80.58,76.44592592592593,72.41,79.34629629629629,4.341203099949247,-0.011703378210904496,76.79988171239476
2025-01-24,7.244,78.71,74.97,80.65,76.52444444444446,72.44,79.61222222222221,4.343504492662228,-0.012082208703261746,76.97683193840574
2025-01-27,7.2507,77.3,73.51,80.44,76.76,72.53,80.41,4.349987966701427,-0.013064898132462439,77.47753060939293
2025-01-28,7.2422,78.01,74.15,80.49,76.64812500000001,72.4434375,80.3321875,4.349479842781373,-0.013279661665325179,77.43817242308839
2025-01-29,7.2422,77.02,72.94,80.54,76.53625000000001,72.356875,80.254375,4.348479278148763,-0.013345127353800376,77.36072927644553
2025-01-30,7.2422,77.42,73.1,80.54,76.42437500000001,72.2703125,80.1765625,4.347442352531965,-0.013380649277027932,77.28055352985123
2025-01-31,7.2422,77.11,72.84,80.41,76.3125,72.18375,80.09875,4.346389230546075,-0.013411294819608495,77.1992105194214
2025-02-03,7.2422,76.49,73.52,78.06,75.976875,71.9240625,79.8653125,4.343292512343685,-0.013489349040896563,76.960516094431
2025-02-04,7.2422,76.58,73.04,78.34,75.86500000000001,71.8375,79.7875,4.342151482367328,-0.01352414742401171,76.87275191887097
2025-02-05,7.272,74.71,71.39,77.16,75.75312500000001,71.7509375,79.7096875,4.34105661064831,-0.013555494985180872,76.78863217539916
2025-02-06,7.2883,74.54,70.97,77.04,75.64125,71.664375,79.631875,4.339992970867336,-0.013585929389629822,76.7070001527203
2025-02-07,7.2943,74.68,71.32,77.59,75.529375,71.57781250000001,79.5540625,4.338945540823456,-0.013615926097380597,76.62669699949384
2025-02-10,7.3045,76.23,72.73,78.34,75.19375000000001,71.31812500000001,79.32062499999999,4.335882138511449,-0.013698406615663562,76.39231778095711
2025-02-11,7.3072,77.65,73.67,79.0,75.08187500000001,71.23156250000001,79.2428125,4.334756943032921,-0.013732637316753206,76.3064098310778
2025-02-12,7.3088,75.38,71.72,78.0,74.97,71.14500000000001,79.16499999999999,4.333653748785872,-0.013765057068440278,76.22227545555167
2025-02-13,7.2888,75.61,71.66,77.68,74.858125,71.0584375,79.0871875,4.3325840961106366,-0.013795162932822316,76.14078768427392
2025-02-14,7.253,75.19,71.05,77.64,74.74625,70.971875,79.009375,4.331511160343501,-0.013826315545336426,76.05913732046038
2025-02-17,7.253,75.81,71.05,77.64,74.41062500000001,70.7121875,78.7759375,4.328399158801064,-0.013911498665267707,75.82280908544638
2025-02-18,7.2786,76.46,72.21,78.14,74.29875000000001,70.625625,78.698125,4.327260555412763,-0.013945737735521093,75.7365261084777
2025-02-19,7.2833,76.34,72.58,78.39,74.186875,70.5390625,78.6203125,4.326191838565552,-0.013976425394104163,75.65562844312508
2025-02-20,7.2555,76.95,72.88,78.54,74.075,70.4525,78.5425,4.325126206590257,-0.0140067820183297,75.57505032727862
2025-02-21,7.2501,74.88,70.72,77.94,73.963125,70.3659375,78.4646875,4.32401948154879,-0.014040188545465902,75.49145579318589
2025-02-24,7.2476,74.89,71.06,78.01,73.62750000000001,70.10625,78.23125,4.320883245193408,-0.014126308401132767,75.25506762335175
2025-02-25,7.2512,73.11,69.15,77.75,73.515625,70.0196875,78.1534375,4.3196917322542605,-0.014165330833592879,75.16545363525738
2025-02-26,7.2595,73.49,68.87,77.75,73.40375,69.933125,78.075625,4.318607884307673,-0.01419807508895766,75.08402984615472
2025-02-27,7.2853,75.01,70.62,77.87,73.291875,69.8465625,77.9978125,4.317548862271927,-0.014226516424365652,75.00455629356439
2025-02-28,7.2828,74.76,69.97,77.92,73.18,69.76,77.92,4.316461984435566,-0.014258461800793555,74.92307978922692
2025-03-03,7.2843,72.85,68.63,72.32,73.3309677419355,69.92645161290324,77.72548387096775,4.315710062944477,-0.013740769902555586,74.86676469027472
2025-03-04,7.2651,72.31,68.47,71.16,73.38129032258065,69.98193548387097,77.66064516129032,4.3153541998690645,-0.013473784285522372,74.84012711309201
2025-03-05,7.2506,70.92,66.58,70.04,73.43161290322581,70.03741935483872,77.5958064516129,4.3150452778607775,-0.013255557115905762,74.8170109214578
2025-03-06,7.2468,71.08,66.62,70.43,73.48193548387097,70.09290322580645,77.53096774193548,4.3147914284849325,-0.013044984537061821,74.79802108031443
2025-03-07,7.234,72.49,67.29,71.09,73.53225806451613,70.1483870967742,77.46612903225807,4.314555877957079,-0.012835263264205045,74.78040444185226
2025-03-10,7.2591,71.08,66.31,70.56,73.68322580645162,70.31483870967742,77.2716129032258,4.31386012262582,-0.012283373755301131,74.72839367227132
2025-03-11,7.2278,71.51,66.52,70.82,73.73354838709677,70.37032258064517,77.20677419354838,4.313524260072004,-0.012012035456715326,74.70329941747616
2025-03-12,7.2372,72.36,67.65,71.44,73.78387096774193,70.42580645161291,77.14193548387097,4.313270578564776,-0.011790239312267534,74.6843509754213
2025-03-13,7.2439,70.82,66.82,70.96,73.8341935483871,70.48129032258065,77.07709677419355,4.312986377828635,-0.01157917876310794,74.66312864373984
2025-03-14,7.2377,71.94,67.43,71.39,73.88451612903226,70.5367741935484,77.01225806451613,4.312739554796072,-0.0113689629004401,74.64470233801924
2025-03-17,7.2327,71.93,67.84,71.72,74.03548387096774,70.70322580645161,76.81774193548387,4.312059827209228,-0.01081564405049522,74.59398151475261
2025-03-18,7.2273,71.93,67.49,71.57,74.0858064516129,70.75870967741936,76.75290322580645,4.311707572204172,-0.01054441369666038,74.5677100388181
2025-03-19,7.23,71.94,67.4,71.72,74.13612903225807,70.8141935483871,76.68806451612903,4.311428292108396,-0.010324060351872898,74.54688766938868
2025-03-20,7.2477,72.61,68.55,72.23,74.18645161290323,70.86967741935484,76.62322580645161,4.311178958925224,-0.010111175237437223,74.52830297357742
2025-03-21,7.2486,72.64,68.52,72.26,74.23677419354838,70.92516129032259,76.5583870967742,4.310912792085691,-0.009901111281645303,74.50846865045588
2025-03-24,7.2531,73.96,69.46,72.36,74.38774193548387,71.09161290322581,76.36387096774193,4.310225704795263,-0.009346418031821145,74.45729241190173
2025-03-25,7.2569,73.78,69.48,72.38,74.43806451612903,71.14709677419356,76.29903225806451,4.309872730327261,-0.009074384299760136,74.43101552653143
2025-03-26,7.2675,74.6,70.05,72.44,74.48838709677419,71.20258064516129,76.2341935483871,4.309596236359568,-0.008852542883369716,74.41043864455204
2025-03-27,7.2645,74.72,70.3,72.44,74.53870967741935,71.25806451612904,76.16935483870968,4.3093253307789094,-0.008640204676483304,74.39028317170227
2025-03-28,7.2628,74.69,69.74,72.49,74.5890322580645,71.31354838709677,76.10451612903225,4.30904983425051,-0.008431130626234263,74.369791729732
2025-03-31,7.2567,77.23,71.87,75.91,74.74,71.48,75.91,4.30840904111174,-0.007879389980706013,74.32215134290647
2025-04-01,7.2697,77.78,71.61,75.91,74.35266666666666,71.03766666666667,75.63766666666666,4.303915317999617,-0.008067035224906748,73.98891746482829
2025-04-02,7.2675,77.27,72.12,76.56,73.96533333333333,70.59533333333334,75.36533333333333,4.299363665616969,-0.008379668820438148,73.65291090499154
2025-04-03,7.2813,72.54,67.43,72.53,73.57799999999999,70.153,75.09299999999999,4.29468733094418,-0.008719355068669223,73.3092893149485
2025-04-04,7.2803,68.36,62.42,69.02,73.19066666666666,69.71066666666667,74.82066666666667,4.289988810468628,-0.009068284513451838,72.96565204361234
2025-04-07,7.3081,66.13,61.05,69.02,72.02866666666667,68.38366666666667,74.00366666666666,4.276387654912357,-0.010025388341932139,71.97995337579587
2025-04-08,7.3388,64.86,60.04,66.0,71.64133333333334,67.94133333333333,73.73133333333332,4.271341446989183,-0.010468880536374459,71.61764248164347
2025-04-09,7.3499,67.3,62.63,67.83,71.25399999999999,67.49900000000001,73.459,4.266705463555566,-0.01084442658860098,71.2863927050598
2025-04-10,7.314,65.37,60.57,66.47,70.86666666666666,67.05666666666667,73.18666666666667,4.261941090299552,-0.011215849388344076,70.94756551267174
2025-04-11,7.2915,66.83,61.91,67.29,70.47933333333333,66.61433333333333,72.91433333333333,4.257226289210115,-0.011586371193057523,70.61384917476762
2025-04-14,7.3119,67.18,61.99,67.23,69.31733333333332,65.28733333333334,72.09733333333332,4.243156774887924,-0.012610571125239396,69.6273029991807
2025-04-15,7.315,66.58,61.74,67.27,68.92999999999999,64.845,71.82499999999999,4.237988604818895,-0.013091208199136076,69.2683855279886
2025-04-16,7.3053,67.94,62.88,67.9,68.54266666666666,64.40266666666668,71.55266666666667,4.233145669991226,-0.013497119734510458,68.9337342524935
2025-04-17,7.299,69.33,65.07,68.77,68.15533333333333,63.96033333333334,71.28033333333333,4.228290471353434,-0.01389228638235083,68.59985845238741
2025-04-18,7.2996,69.33,65.07,68.77,67.768,63.518,71.008,4.223368845796043,-0.014291937714895035,68.26306510100586
2025-04-21,7.2914,69.33,63.48,68.14,66.606,62.191,70.191,4.2087333552939885,-0.015397200134718543,67.27127701578394
2025-04-22,7.3118,68.93,64.6,68.44,66.21866666666666,61.748666666666665,69.91866666666667,4.203386035938278,-0.015914076158238217,66.91251607364094
2025-04-23,7.286,68.26,62.64,68.07,65.83133333333333,61.306333333333335,69.64633333333333,4.198304432582428,-0.01635639009272505,66.57335567655466
2025-04-24,7.2879,67.5,63.55,68.1,65.444,60.864000000000004,69.374,4.193222637421529,-0.01678471023899104,66.23590168208956
2025-04-25,7.2864,66.99,63.85,68.14,65.05666666666666,60.42166666666667,69.10166666666666,4.188106521487273,-0.017215890677715198,65.89789650417569
2025-04-28,7.2942,66.13,63.3,67.94,63.894666666666666,59.09466666666667,68.28466666666667,4.172892954753903,-0.01840789548832221,64.90294205142904
2025-04-29,7.269,64.04,61.84,67.78,63.50733333333333,58.65233333333333,68.01233333333333,4.1672971455457,-0.018971884549556284,64.54077183343357
2025-04-30,7.2706,63.37,59.55,67.74,63.12,58.21,67.74,4.1620113020580005,-0.019452633022830294,64.20051946754745
2025-05-01,7.2706,62.37,60.59,62.26,63.146,58.296,67.60633333333332,4.1611365949603245,-0.019150814744308988,64.14438737064543
2025-05-02,7.2706,61.57,59.67,61.37,63.172,58.382,67.47266666666667,4.160379348868054,-0.018731766972813507,64.09583267021672
2025-05-05,7.2706,61.57,58.5,60.32,63.25,58.64,67.07166666666666,4.1583203787587735,-0.0175641831770706,63.96399703600923
2025-05-06,7.2164,62.37,60.42,61.99,63.275999999999996,58.726,66.93799999999999,4.157412531145721,-0.016986442936323065,63.90595382516055
2025-05-07,7.225,60.31,59.42,61.53,63.302,58.812,66.80433333333333,4.156586553148287,-0.01651807460189852,63.85319070698304
2025-05-08,7.234,62.22,61.25,62.99,63.327999999999996,58.898,66.67066666666666,4.155860575592775,-0.016067133879979382,63.80685154631245
2025-05-09,7.2364,64.26,62.37,63.83,63.354,58.984,66.53699999999999,4.155122946573009,-0.015619793883839168,63.75980311522928
2025-05-12,7.2018,65.28,63.32,64.39,63.431999999999995,59.242,66.136,4.153044352582625,-0.01444174165683103,63.6274100150647
2025-05-13,7.2057,66.93,65.04,65.45,63.458,59.328,66.00233333333333,4.15210177494585,-0.013860346107866926,63.567464497389
2025-05-14,7.208,65.91,64.48,64.72,63.483999999999995,59.414,65.86866666666666,4.1512581668215685,-0.013388583457394833,63.51386108121674
2025-05-15,7.2067,64.36,63.03,63.51,63.51,59.5,65.735,4.150418021545193,-0.012937240108034525,63.460522620010515
2025-05-16,7.209,65.2,63.84,64.07,63.536,59.586,65.60133333333333,4.14963851877537,-0.012488158913096075,63.41107424193144
2025-05-19,7.2144,66.25,63.98,64.03,63.614,59.844,65.20033333333333,4.147474554630405,-0.011306016139781874,63.274003312655275
2025-05-20,7.2194,66.93,63.97,63.96,63.64,59.93,65.06666666666666,4.14646770133937,-0.010723646863359908,63.21032773554446
2025-05-21,7.2019,65.86,62.93,63.9,63.666,60.016,64.93299999999999,4.145604788129068,-0.010252232357909764,63.15580623575831
2025-05-22,7.2037,64.87,62.55,63.68,63.692,60.102,64.79933333333332,4.144768885156205,-0.009799029859868283,63.10303616797323
2025-05-23,7.1798,65.41,62.89,63.69,63.717999999999996,60.188,64.66566666666667,4.143952338480028,-0.009348045864724644,63.0515306247354
2025-05-27,7.195,64.32,61.61,63.53,63.821999999999996,60.532,64.131,4.1409800765717915,-0.007794423894211066,62.86440319563054
2025-05-28,7.1941,65.72,62.54,63.65,63.848,60.618,63.99733333333333,4.1398556937760045,-0.0071407813134970015,62.79375926506259
2025-05-29,7.1855,64.6,61.66,63.67,63.873999999999995,60.704,63.86366666666666,4.138950056566864,-0.006654406787385258,62.736916643452055
2025-05-30,7.1991,64.32,61.46,63.73,63.9,60.79,63.73,4.138093009761804,-0.006196809032950211,62.683171203951865
2025-06-02,7.1975,66.55,63.27,63.63,64.25903225806451,61.208064516129035,64.26612903225806,4.145408501286231,-0.006253327077653172,63.143410798515866
2025-06-03,7.1872,67.48,64.1,64.89,64.37870967741935,61.347419354838706,64.44483870967741,4.148254144382638,-0.0063278893530370065,63.32335030992803
2025-06-04,7.1844,66.69,63.57,64.14,64.4983870967742,61.486774193548385,64.62354838709678,4.150833691655132,-0.006394316493899754,63.48690674559103
2025-06-05,7.175,67.14,64.06,64.47,64.61806451612902,61.62612903225806,64.80225806451612,4.153424951868565,-0.006458422623519408,63.65163117086755
2025-06-06,7.1886,68.02,65.3,65.44,64.73774193548387,61.76548387096774,64.98096774193549,4.156028282261257,-0.006521553228906075,63.81755327816244
2025-06-09,7.1802,68.73,65.99,65.88,65.09677419354838,62.18354838709677,65.51709677419355,4.163459472349807,-0.00667637892401376,64.29356010564253
2025-06-10,7.187,68.41,65.66,65.87,65.21645161290323,62.32290322580645,65.6958064516129,4.166248263518742,-0.00676691819848168,64.47311166782036
2025-06-11,7.1928,71.29,68.91,67.8,65.33612903225806,62.46225806451613,65.87451612903226,4.168874047426235,-0.006832022514715889,64.64262658427678
2025-06-12,7.1726,70.84,68.73,67.41,65.4558064516129,62.601612903225806,66.05322580645161,4.1714024171928035,-0.0068942883908603555,64.80627384017279
2025-06-13,7.181,76.0,73.84,69.93,65.57548387096774,62.740967741935485,66.23193548387097,4.174028973018238,-0.006951413566181406,64.97671487471202
2025-06-16,7.179,75.05,72.53,69.34,65.93451612903226,63.159032258064514,66.76806451612903,4.181292820399115,-0.007102022252086901,65.45041417173827
2025-06-17,7.1845,78.7,75.62,70.85,66.05419354838709,63.29838709677419,66.94677419354838,4.184095466375667,-0.007186647380082137,65.63410580274689
2025-06-18,7.1888,78.38,75.89,70.83,66.17387096774193,63.43774193548387,67.12548387096774,4.186609241637218,-0.00725122842511291,65.79930274122557
2025-06-19,7.1888,80.37,75.89,70.83,66.29354838709678,63.57709677419355,67.30419354838709,4.189108645586174,-0.007312166872714476,65.96396747445583
2025-06-20,7.1785,78.73,75.72,71.19,66.4132258064516,63.71645161290323,67.48290322580645,4.191588600753763,-0.007372590168011424,66.12775816931367
2025-06-23,7.179,74.34,69.36,69.88,66.77225806451612,64.13451612903226,68.01903225806451,4.198659459843264,-0.007526280757994917,66.59699522875961
2025-06-24,7.1713,69.13,65.45,69.13,66.89193548387097,64.27387096774194,68.19774193548386,4.201285007414842,-0.007617662327332863,66.77207855207595
2025-06-25,7.1764,68.4,65.98,69.12,67.01161290322581,64.4132258064516,68.37645161290322,4.203750975890219,-0.007680860480056225,66.9369395803267
2025-06-26,7.1675,68.57,66.44,69.14,67.13129032258064,64.55258064516129,68.55516129032257,4.206203069263851,-0.007738801850194713,67.1012766088489
2025-06-27,7.1721,69.37,66.66,69.19,67.25096774193548,64.69193548387096,68.73387096774194,4.208649676906302,-0.007796185350865478,67.26564809929825
2025-06-30,7.1636,68.15,66.3,69.27,67.61,65.11,69.27,4.215675191723114,-0.007936605215686421,67.73988784524335
2025-07-01,7.1647,67.63,66.64,67.9,67.76870967741935,65.24387096774194,69.3216129032258,4.217193549849236,-0.007833280083993166,67.8428193781055
2025-07-02,7.1649,70.8,68.66,69.88,67.9274193548387,65.37774193548387,69.37322580645161,4.218487785193128,-0.007677307332999691,67.93068079718655
2025-07-03,7.1684,70.42,68.13,69.53,68.08612903225806,65.51161290322581,69.42483870967742,4.21968749228958,-0.007512459716575645,68.01222662277787
2025-07-04,7.1684,71.03,68.13,69.53,68.24483870967742,65.64548387096774,69.47645161290322,4.220893439038843,-0.007345900299806872,68.09429522161764
2025-07-07,7.1744,71.95,69.16,70.33,68.72096774193548,66.04709677419355,69.63129032258064,4.224462697179944,-0.006900635166830254,68.33777560287953
2025-07-08,7.1738,72.5,69.55,70.75,68.87967741935483,66.18096774193549,69.68290322580646,4.225730182311757,-0.006691012608094742,68.42444763354914
2025-07-09,7.18,71.98,69.61,70.7,69.03838709677419,66.31483870967742,69.73451612903226,4.2269160812791124,-0.006518196747878423,68.50564024894351
2025-07-10,7.1748,70.38,67.78,69.81,69.19709677419355,66.44870967741936,69.78612903225806,4.228071154956733,-0.006354224241962682,68.58481502831249
2025-07-11,7.1681,72.06,69.63,70.78,69.3558064516129,66.58258064516129,69.83774193548388,4.229295915759682,-0.006188558014817732,68.66886648239318
2025-07-14,7.167,70.96,68.19,70.06,69.83193548387096,66.9841935483871,69.9925806451613,4.23277755987759,-0.005753396407892376,68.90836371760615
2025-07-15,7.1729,70.27,67.76,70.0,69.99064516129032,67.11806451612904,70.0441935483871,4.234010899508889,-0.005548611103598566,68.9934035642339
2025-07-16,7.1791,69.67,67.13,69.93,70.14935483870968,67.25193548387097,70.0958064516129,4.235177580156023,-0.005380474428277487,69.0739438061874
2025-07-17,7.1832,71.32,68.76,70.24,70.30806451612904,67.38580645161291,70.1474193548387,4.2363802546345815,-0.005215642922955765,69.15706725073983
2025-07-18,7.1776,71.06,68.53,70.17,70.46677419354839,67.51967741935484,70.19903225806452,4.237554172684003,-0.005054539706682033,69.23829965099223
2025-07-21,7.176,71.92,68.39,70.32,70.94290322580645,67.92129032258065,70.35387096774194,4.241029656417866,-0.004626956861057668,69.47935488431888
2025-07-22,7.1748,69.69,67.56,70.21,71.10161290322581,68.05516129032259,70.40548387096774,4.242240401809712,-0.004426510079395198,69.56352763867834
2025-07-23,7.1599,69.17,66.05,70.26,71.26032258064517,68.18903225806451,70.45709677419354,4.243389993467521,-0.00426356337669308,69.64354327358058
2025-07-24,7.1541,70.42,67.16,70.48,71.41903225806452,68.32290322580646,70.50870967741936,4.244573641954182,-0.004102890161798387,69.72602555356502
2025-07-25,7.1679,69.23,66.38,70.36,71.57774193548387,68.4567741935484,70.56032258064516,4.245725572015055,-0.003945862612004557,69.80639133741978
2025-07-28,7.1778,70.87,67.81,70.59,72.05387096774194,68.8583870967742,70.71516129032258,4.249182072935437,-0.003523588891798508,70.04809467658943
2025-07-29,7.1769,73.21,70.27,70.83,72.2125806451613,68.99225806451614,70.76677419354839,4.250433555759547,-0.003321454911537757,70.13581354181659
2025-07-30,7.1934,73.98,71.09,70.85,72.37129032258065,69.12612903225806,70.8183870967742,4.251596463910388,-0.0031564061660086496,70.21742249371086
2025-07-31,7.2002,73.43,70.36,70.87,72.53,69.26,70.87,4.252742667393208,-0.0030007856874823898,70.29795209076357
2025-08-01,7.2116,70.55,68.39,71.51,72.37793103448276,69.07896551724139,70.81896551724138,4.2513774030287514,-0.0031838382496141336,70.2020422878954
2025-08-04,7.178,69.56,67.33,70.64,71.92172413793104,68.53586206896553,70.66586206896552,4.247190954183135,-0.003829385996969773,69.90875936432596
2025-08-05,7.1835,69.14,66.2,69.56,71.76965517241379,68.3548275862069,70.6148275862069,4.245703191732135,-0.0041417209143686734,69.80482906811409
2025-08-06,7.1822,67.97,65.38,69.15,71.61758620689655,68.17379310344828,70.56379310344828,4.244286706958278,-0.004401953543958262,69.70602158676473
2025-08-07,7.1806,66.99,64.9,69.13,71.46551724137932,67.99275862068966,70.51275862068965,4.24287047949352,-0.004653766661780272,69.60737187623774
2025-08-08,7.1839,67.17,64.94,69.22,71.31344827586207,67.81172413793104,70.46172413793104,4.241461729680606,-0.0049040942493767305,69.50938154226772
2025-08-11,7.1884,67.36,65.03,69.03,70.85724137931035,67.26862068965518,70.30862068965517,4.237250161338057,-0.0055751634628975295,69.21725362160227
2025-08-12,7.1785,66.8,64.22,68.71,70.70517241379311,67.08758620689656,70.25758620689655,4.235758245626312,-0.005897525289584364,69.1140643074199
2025-08-13,7.1744,66.25,63.68,68.32,70.55310344827586,66.90655172413794,70.20655172413794,4.234328534825487,-0.006164084493606148,69.01532178663463
2025-08-14,7.1795,68.12,64.99,69.08,70.40103448275862,66.72551724137932,70.15551724137931,4.2329335283735094,-0.006420063626878149,68.91911208963337
2025-08-15,7.1817,67.3,63.78,68.61,70.24896551724139,66.54448275862069,70.10448275862069,4.231482385577804,-0.006677678585168563,68.81917314701413
2025-08-18,7.1847,68.18,64.51,68.94,69.79275862068965,66.00137931034483,69.95137931034483,4.2272245758543985,-0.007364823593527255,68.52677712747536
2025-08-19,7.1819,66.62,63.38,68.59,69.64068965517242,65.82034482758621,69.90034482758621,4.225704136315752,-0.007695546397583978,68.42266547386858
2025-08-20,7.1757,67.61,64.19,69.07,69.48862068965518,65.63931034482759,69.84931034482759,4.224285748729707,-0.007967583337544461,68.32568440918449
2025-08-21,7.1793,68.41,64.56,69.35,69.33655172413793,65.45827586206897,69.79827586206896,4.22285065663788,-0.008230719193025399,68.22770108418396
2025-08-22,7.1651,68.29,64.08,69.46,69.18448275862069,65.27724137931035,69.74724137931035,4.221395902730785,-0.008494308656036998,68.12851872991
2025-08-25,7.151,68.29,65.18,69.64,68.72827586206897,64.73413793103448,69.59413793103448,4.217070638621713,-0.009197245929874984,67.83448124633263
2025-08-26,7.152,66.89,63.6,69.37,68.57620689655172,64.55310344827586,69.54310344827586,4.215526819995167,-0.009537034605898796,67.72983790661466
2025-08-27,7.1536,67.75,64.49,69.39,68.4241379310345,64.37206896551724,69.49206896551725,4.214080220587168,-0.009815083093726869,67.63193079645264
2025-08-28,7.1306,68.61,64.96,69.38,68.27206896551725,64.19103448275862,69.44103448275862,4.212619760687527,-0.010083976044429885,67.53322916601951
2025-08-29,7.1304,67.83,64.36,69.39,68.12,64.01,69.39,4.211136981486987,-0.010353951657497189,67.43316650221854
2025-09-01,7.1304,67.09,64.36,69.39,68.016875,63.85625,69.448125,4.210736491765927,-0.010742213694188082,67.40616561932485
2025-09-02,7.139,68.09,65.95,71.68,67.9825,63.80500000000001,69.4675,4.210714311487436,-0.010925660128473616,67.40467054838
2025-09-03,7.1415,67.76,64.36,70.03,67.948125,63.753750000000004,69.486875,4.2105823824337065,-0.011073526053747687,67.39577850055022
2025-09-04,7.1414,66.41,63.81,69.51,67.91375000000001,63.7025,69.50625,4.210457503730428,-0.01121442071689583,67.3873627286109
2025-09-05,7.1323,64.92,62.22,68.45,67.879375,63.651250000000005,69.525625,4.210313744731929,-0.011355419839452308,67.37767588513567
2025-09-08,7.1293,65.44,62.6,69.03,67.77625,63.4975,69.58375000000001,4.209965387963877,-0.011725392989176589,67.35420850347344
2025-09-09,7.1209,67.97,62.97,69.5,67.74187500000001,63.44625,69.603125,4.2099125624710165,-0.011905914638801153,67.35065057818841
2025-09-10,7.1207,67.62,64.01,70.41,67.7075,63.395,69.6225,4.209835024854136,-0.012052344296930436,67.34542857170078
2025-09-11,7.1184,67.25,62.71,69.85,67.673125,63.34375,69.641875,4.209709005504279,-0.012195192286551738,67.33694227930611
2025-09-12,7.1242,67.87,63.02,70.2,67.63875,63.292500000000004,69.66125,4.209611484445684,-0.012335628921755258,67.33037582960127
2025-09-15,7.1186,67.88,63.66,70.74,67.535625,63.13875,69.719375,4.209257760312888,-0.012706205365369724,67.30656366251748
2025-09-16,7.1142,69.69,64.89,70.97,67.50125,63.0875,69.73875000000001,4.209201838051605,-0.0128850006841965,67.3027998325202
2025-09-17,7.1033,69.19,64.41,70.5,67.466875,63.03625,69.758125,4.209088598532657,-0.013032442843507122,67.29517892734523
2025-09-18,7.1125,67.83,63.91,70.23,67.4325,62.985,69.7775,4.2089648086816,-0.013174472905000666,67.28684898276092
2025-09-19,7.1142,67.05,63.02,69.88,67.398125,62.93375,69.796875,4.208837793242284,-0.013316351680096533,67.27830305682096
2025-09-22,7.114,66.87,62.99,69.74,67.295,62.78,69.855,4.208460539352481,-0.013688700713097943,67.25292684223224
2025-09-23,7.1116,67.96,63.76,69.81,67.260625,62.72875,69.874375,4.20839231039995,-0.01386875544702439,67.24833840201315
2025-09-24,7.1315,69.64,65.4,70.24,67.22625,62.6775,69.89375000000001,4.208318082058488,-0.01401429445906476,67.24334685464693
2025-09-25,7.1338,70.48,65.51,70.19,67.191875,62.62625,69.91312500000001,4.208213232191368,-0.014155954176800338,67.23629676827127
2025-09-26,7.1328,71.15,66.5,70.17,67.1575,62.574999999999996,69.9325,4.208112333639881,-0.014295193638651409,67.22951306555863
2025-09-29,7.1194,69.0,64.27,69.95,67.054375,62.42125,69.99062500000001,4.207701337191915,-0.01467245170237425,67.20188765185256
2025-09-30,7.119,68.52,63.17,70.01,67.02,62.37,70.01,4.207606863393204,-0.014857346952938319,67.19553913413455
2025-10-01,7.12,66.67,62.59,65.83,66.95709677419354,62.325161290322576,69.8483870967742,4.205936450411116,-0.014719560400796718,67.08338852821812
2025-10-02,7.12,65.44,61.28,64.04,66.8941935483871,62.28032258064516,69.68677419354839,4.204161180879306,-0.014525778424972921,66.96440307934385
2025-10-03,7.12,66.13,61.65,64.74,66.83129032258064,62.23548387096774,69.52516129032259,4.202431348773999,-0.014322349262586537,66.84866603667074
2025-10-06,7.12,67.09,62.49,65.59,66.64258064516129,62.100967741935484,69.04032258064517,4.19743188528848,-0.013782579966707615,66.51529261027952
2025-10-07,7.12,67.1,62.52,65.67,66.57967741935484,62.05612903225806,68.87870967741937,4.19545644475822,-0.013507797458705497,66.38402530344192
2025-10-08,7.12,67.42,63.37,66.03,66.51677419354839,62.01129032258064,68.71709677419355,4.193681517045575,-0.013285291987444246,66.26630296248236
2025-10-09,7.1275,67.23,62.36,65.47,66.45387096774193,61.96645161290322,68.55548387096775,4.1918898461331695,-0.013074245394119381,66.14768185172068
2025-10-10,7.134,64.41,59.75,63.8,66.39096774193548,61.92161290322581,68.39387096774193,4.1900501483666135,-0.01286581326861136,66.02610197855623
2025-10-13,7.134,64.15,59.75,64.18,66.20225806451613,61.78709677419354,67.90903225806451,4.18495129486075,-0.012314740337088374,65.6903013835452
2025-10-14,7.1384,63.0,59.52,63.81,66.13935483870968,61.74225806451613,67.74741935483871,4.182928777235439,-0.012033628328542016,65.55757585628777
2025-10-15,7.1262,62.33,59.08,63.45,66.07645161290323,61.69741935483871,67.58580645161291,4.1810982419522835,-0.011807518165504013,65.43768017072551
2025-10-16,7.123,61.08,58.29,63.08,66.01354838709676,61.65258064516129,67.4241935483871,4.17927658503488,-0.011591756950234802,65.3185836773936
2025-10-17,7.1264,61.23,58.3,63.26,65.95064516129031,61.607741935483865,67.2625806451613,4.177477760291422,-0.011376738752819332,65.20119260750192
2025-10-20,7.1195,60.71,58.34,63.15,65.76193548387096,61.47322580645161,66.77774193548387,4.172295687716508,-0.010812241188774503,64.86418923755295
2025-10-21,7.1218,61.0,58.66,63.34,65.6990322580645,61.42838709677419,66.61612903225807,4.170263641850235,-0.01052473268907168,64.73251605822234
2025-10-22,7.1257,62.28,59.3,63.86,65.63612903225805,61.38354838709677,66.45451612903226,4.16844110555637,-0.010293106760569796,64.61464614203996
2025-10-23,7.1221,66.32,62.44,65.24,65.5732258064516,61.33870967741935,66.29290322580646,4.166684634007564,-0.010067912877095972,64.50125197042695
2025-10-24,7.1211,65.8,62.27,65.54,65.51032258064515,61.29387096774193,66.13129032258064,4.164858263640878,-0.009847951149357851,64.38355630586678
2025-10-27,7.1102,65.52,62.13,65.36,65.3216129032258,61.159354838709675,65.64645161290322,4.159595713972149,-0.009271062694920215,64.04562461401603
2025-10-28,7.0988,64.03,60.97,64.94,65.25870967741935,61.11451612903225,65.48483870967742,4.157499442189999,-0.008979043545274814,63.91150819970782
2025-10-29,7.098,65.01,61.26,64.86,65.1958064516129,61.06967741935483,65.32322580645162,4.155632099472744,-0.008742172432461922,63.792274869714404
2025-10-30,7.1097,65.11,61.36,64.92,65.13290322580644,61.02483870967742,65.1616129032258,4.15377763509561,-0.008515556385087563,63.67408399268967
2025-10-31,7.1169,65.44,61.75,65.0,65.07,60.98,65.0,4.151925835221681,-0.008289663572179768,63.55628143902015
2025-11-03,7.1222,65.79,61.79,66.3,64.86964285714285,60.71964285714285,64.94321428571429,4.149757383751014,-0.008612385343532243,63.41861204570835
2025-11-04,7.1295,65.04,61.38,65.54,64.80285714285714,60.63285714285714,64.92428571428572,4.14900606287275,-0.008786391003722612,63.37098221329213
2025-11-05,7.126,63.54,60.4,65.1,64.73607142857142,60.54607142857142,64.90535714285714,4.148289267684391,-0.008939012764662805,63.32557447412876
2025-11-06,7.1195,63.41,60.24,64.73,64.6692857142857,60.45928571428571,64.88642857142857,4.147584953339093,-0.009086694323371674,63.280989066516554
2025-11-07,7.1219,63.72,60.54,64.93,64.60249999999999,60.372499999999995,64.8675,4.146894979594743,-0.009233795458881257,63.23734190497344
2025-11-10,7.1193,63.01,60.94,65.37,64.40214285714285,60.11214285714286,64.81071428571428,4.144816872425436,-0.009627490673816495,63.10606438301643
2025-11-11,7.1193,63.86,60.94,65.96,64.33535714285713,60.02535714285714,64.79178571428571,4.144110729189347,-0.009817493800911837,63.061518192342774
2025-11-12,7.112,61.88,59.3,64.27,64.26857142857142,59.93857142857143,64.77285714285715,4.143364908231591,-0.009973771205670046,63.01450312503766
2025-11-13,7.095,62.14,59.54,64.45,64.2017857142857,59.85178571428571,64.75392857142857,4.142668722306766,-0.010123667548482622,62.97064858213117
2025-11-14,7.0992,63.45,60.87,65.18,64.135,59.765,64.735,4.141996862907694,-0.010271513443383269,62.928355369152875
2025-11-17,7.1075,63.16,60.66,65.0,63.934642857142855,59.504642857142855,64.67821428571429,4.139890143547395,-0.01067020466215572,62.79592253297583
2025-11-18,7.1074,64.86,61.51,65.2,63.86785714285714,59.41785714285714,64.65928571428572,4.139183633760395,-0.010860191320611091,62.7515722679156
2025-11-19,7.1106,63.78,60.27,64.66,63.801071428571426,59.33107142857143,64.64035714285714,4.138459089274294,-0.011019207243625553,62.70612242943791
2025-11-20,7.1098,63.64,60.07,64.67,63.73428571428571,59.24428571428571,64.62142857142857,4.137749894487546,-0.011171761263414438,62.66166733983591
2025-11-21,7.1066,62.78,58.86,64.39,63.667500000000004,59.1575,64.60249999999999,4.137021942573964,-0.011325029264813703,62.61606925780675
2025-11-24,7.102,64.83,59.11,64.5,63.46714285714286,58.89714285714285,64.54571428571428,4.134917933345036,-0.011729034723203158,62.48446296918222
2025-11-25,7.0845,63.99,58.25,64.33,63.400357142857146,58.81035714285714,64.52678571428571,4.134172010194684,-0.011924209114845855,62.437871740614476
2025-11-26,7.0758,64.81,58.81,64.4,63.33357142857143,58.723571428571425,64.50785714285715,4.133476380543397,-0.012083045032908723,62.3944532090283
2025-11-27,7.0758,64.18,58.81,64.4,63.26678571428572,58.636785714285715,64.48892857142857,4.132761534571181,-0.012236653438531872,62.34986672359662
2025-11-28,7.0751,64.07,58.58,64.47,63.2,58.55,64.47,4.132045954344383,-0.012390232351382225,62.30526635130115
2025-12-01,7.0717,64.22,59.47,63.8,62.98636363636364,58.447272727272725,64.24909090909091,4.129379710086909,-0.012241820760180674,62.13936655565021
2025-12-02,7.07,63.37,58.81,63.24,62.91515151515152,58.413030303030304,64.17545454545454,4.12831920741905,-0.01215252723777933,62.07350252230333
2025-12-03,7.0636,63.75,59.09,63.41,62.843939393939394,58.378787878787875,64.10181818181817,4.1273712825144395,-0.012076688717652865,62.0146893829697
2025-12-04,7.0714,64.15,59.82,63.89,62.77272727272727,58.344545454545454,64.02818181818182,4.1264392182627265,-0.012002958478406243,61.95691463698506
2025-12-05,7.0696,64.42,60.23,64.26,62.70151515151515,58.310303030303025,63.95454545454545,4.125502024862745,-0.011930032308391188,61.89887622635982
2025-12-08,7.071,63.3,59.04,63.35,62.48787878787879,58.20757575757575,63.733636363636364,4.122735703569767,-0.011742665892319095,61.72788067041293
2025-12-09,7.0633,62.62,58.4,62.78,62.41666666666667,58.17333333333333,63.66,4.121657785676197,-0.011645472794564795,61.66137893145237
2025-12-10,7.064,63.12,58.67,62.74,62.34545454545455,58.13909090909091,63.586363636363636,4.120698435620167,-0.011567142211552695,61.602252450150914
2025-12-11,7.0579,61.87,57.76,62.1,62.27424242424242,58.10484848484848,63.51272727272727,4.119716915667475,-0.011493616150913728,61.54181827376706
2025-12-12,7.0548,62.11,57.61,62.06,62.2030303030303,58.07060606060606,63.43909090909091,4.118759448793615,-0.011420409690018528,61.48292222142181
2025-12-15,7.047,61.55,56.97,61.69,61.98939393939394,57.96787878787879,63.21818181818182,4.115988971535796,-0.011230651600322984,61.31282092335362
2025-12-16,7.0417,59.93,55.44,60.99,61.91818181818182,57.93363636363636,63.14454545454545,4.1148874673465565,-0.011134007605805258,61.245321776373856
2025-12-17,7.0431,60.61,56.07,61.31,61.8469696969697,57.89939393939394,63.07090909090909,4.113931337569108,-0.01105481166044392,61.18679128632522
2025-12-18,7.0404,60.69,56.22,61.41,61.77575757575758,57.86515151515152,62.99727272727273,4.112972624436318,-0.010979566349719309,61.12815881631615
2025-12-19,7.0409,61.35,56.8,61.65,61.70454545454545,57.83090909090909,62.92363636363636,4.112023219877878,-0.010904270967229032,61.07015100448462
2025-12-22,7.0367,62.22,58.18,62.12,61.49090909090909,57.72818181818182,62.70272727272727,4.109273565552619,-0.010709108276590024,60.90245985163654
2025-12-23,7.028,63.7,58.55,62.11,61.41969696969697,57.693939393939395,62.629090909090905,4.108212283064547,-0.010608195725070836,60.83785942323058
2025-12-24,7.0142,63.7,58.72,62.07,61.34848484848485,57.659696969696974,62.555454545454545,4.107236299927892,-0.010527914875029343,60.778511664280224
2025-12-26,7.0063,63.7,56.6,61.86,61.20606060606061,57.59121212121212,62.408181818181816,4.10533379205946,-0.010396591292837137,60.66298999289631
2025-12-29,7.0056,63.1,57.89,62.02,60.99242424242424,57.48848484848485,62.18727272727273,4.102494765426123,-0.010186443847107832,60.49101039149698
2025-12-30,6.9961,62.3,57.79,62.02,60.92121212121212,57.45424242424242,62.11363636363636,4.101402960191126,-0.01008260958003422,60.42500203037546
2025-12-31,6.9931,61.35,57.26,62.04,60.85,57.42,62.04,4.100407630616776,-0.01000252153706225,60.36488915984613
2026-01-02,6.9877,61.98,57.21,60.2,61.506,57.93933333333334,62.035333333333334,4.1035326581011535,-0.009015371011498555,60.5538261604619
2026-01-05,6.988,63.0,58.1,60.31,62.49,58.718333333333334,62.028333333333336,4.108281579798035,-0.007409973559683898,60.842075434237245
2026-01-06,6.9834,62.1,56.97,59.16,62.818,58.978,62.025999999999996,4.109750154871304,-0.0066612081416290506,60.931492231194966
2026-01-07,6.9965,61.08,56.01,58.35,63.146,59.23766666666667,62.023666666666664,4.1112207586594645,-0.006059701698733741,61.021164234321205
2026-01-08,6.9835,63.34,57.74,60.08,63.474000000000004,59.49733333333333,62.02133333333333,4.112799195329894,-0.005485603166079384,61.11755833359802
2026-01-09,6.9772,65.11,58.96,61.02,63.802,59.757,62.019,4.114358702260933,-0.004918272012115225,61.212945948918666
2026-01-12,6.9731,65.4,59.39,61.17,64.786,60.536,62.012,4.118957043453506,-0.0034280386385242335,61.4950721188651
2026-01-13,6.9775,67.58,60.85,61.78,65.114,60.79566666666666,62.00966666666667,4.120461343826269,-0.002711513450019488,61.58764879288146
2026-01-14,6.973,68.87,61.84,62.58,65.44200000000001,61.05533333333333,62.007333333333335,4.1219492955262504,-0.0021288073086371184,61.679356450963475
2026-01-15,6.966,66.16,59.13,61.29,65.77,61.315,62.004999999999995,4.123367326619907,-0.0015753885321778461,61.76688173837078
2026-01-16,6.9681,66.97,59.4,61.66,66.098,61.574666666666666,62.00266666666666,4.124852712126189,-0.0010260181643921636,61.858697543324496
2026-01-19,6.9681,66.91,59.4,61.66,67.082,62.35366666666666,61.995666666666665,4.1293051035960575,0.00042007680068538683,62.13473072850128
2026-01-20,6.9599,67.68,60.3,61.79,67.41,62.61333333333333,61.99333333333333,4.130745113287226,0.001115698784697489,62.224269795998374
2026-01-21,6.9637,66.72,60.38,61.85,67.738,62.873,61.991,4.1321574348307575,0.0016814125964794292,62.312212559873856
2026-01-22,6.97,65.46,59.24,61.41,68.066,63.132666666666665,61.98866666666667,4.133565582455764,0.0022205515836604198,62.40001916181881
2026-01-23,6.9631,68.16,60.7,61.67,68.394,63.392333333333326,61.986333333333334,4.135027565606139,0.0027569670026114587,62.491313657662715
2026-01-26,6.9542,67.7,60.46,61.58,69.378,64.17133333333332,61.97933333333333,4.139345858506593,0.004162334208994844,62.761752951557376
2026-01-27,6.9545,70.28,62.04,61.86,69.706,64.431,61.977,4.140761794935324,0.004839364110751814,62.850682548362606
2026-01-28,6.9462,70.9,62.75,61.88,70.03399999999999,64.69066666666666,61.974666666666664,4.14214693800922,0.005390559189150254,62.937800057162264
2026-01-29,6.948,71.0,64.77,62.01,70.362,64.95033333333333,61.97233333333333,4.143557574450663,0.005920263196658213,63.02664506073433
2026-01-30,6.951,72.25,64.5,61.97,70.69,65.21,61.97,4.144952003584593,0.00643982370277333,63.114592554844215
2026-02-02,6.9463,67.72,61.6,65.02,70.88178571428571,65.40392857142857,62.65892857142857,4.15251277176469,0.005681370955287155,63.5935958926715
2026-02-03,6.9377,70.01,62.62,66.11,70.94571428571429,65.46857142857142,62.88857142857143,4.155558572304487,0.0052529121776175745,63.787584576820706
2026-02-04,6.9415,71.15,64.56,68.1,71.00964285714285,65.53321428571428,63.11821428571429,4.158337336282014,0.004895217611875145,63.96508171617226
2026-02-05,6.9378,69.87,62.9,66.52,71.07357142857143,65.59785714285714,63.347857142857144,4.160986195727219,0.004550899202332484,64.13474082941124
2026-02-06,6.9388,70.45,63.77,67.18,71.1375,65.6625,63.5775,4.163682687250863,0.0042117186917163185,64.30791298812908
2026-02-09,6.92,71.19,64.53,67.79,71.32928571428572,65.85642857142857,64.26642857142858,4.171307773775572,0.0033355835369341174,64.80014064319646
2026-02-10,6.9106,71.01,64.2,67.38,71.39321428571428,65.92107142857142,64.49607142857143,4.17427470051159,0.002894947606080881,64.99268340185712
2026-02-11,6.9125,71.52,64.8,67.68,71.45714285714286,65.98571428571428,64.72571428571429,4.176955969136307,0.002544149484509341,65.16718007638698
2026-02-12,6.901,69.8,63.08,66.82,71.52107142857143,66.05035714285714,64.95535714285714,4.179551858990049,0.002208704351038886,65.33656665727797
2026-02-13,6.908,69.96,63.05,67.05,71.58500000000001,66.115,65.185,4.182173030620304,0.001878751388726372,65.50804965722384
2026-02-16,6.908,70.81,63.05,67.05,71.77678571428572,66.30892857142857,65.87392857142858,4.189614971270669,0.0010293094791206765,65.9973751823159
2026-02-17,6.9031,69.77,62.53,66.91,71.84071428571428,66.37357142857142,66.10357142857143,4.192512856138301,0.0006014557331593731,66.18890535932604
2026-02-18,6.9031,71.78,65.33,68.06,71.90464285714286,66.43821428571428,66.33321428571429,4.1951736062373985,0.0002642655089867062,66.36525199895094
2026-02-19,6.9031,73.17,66.66,68.5,71.96857142857144,66.50285714285714,66.56285714285714,4.197772720200887,-5.692669341010188e-05,66.53796720813787
2026-02-20,6.9031,72.75,66.69,68.5,72.0325,66.5675,66.7925,4.200332954610156,-0.00037559320338532846,66.70853825907227
2026-02-23,6.9031,71.9,66.36,68.38,72.22428571428571,66.76142857142857,67.48142857142858,4.207601594492728,-0.0011989508746716726,67.19518508845914
2026-02-24,6.883,71.21,65.62,68.23,72.28821428571429,66.82607142857142,67.71107142857143,4.2104355925470465,-0.0016142679529436998,67.38588620792477
2026-02-25,6.8692,70.69,65.3,68.32,72.35214285714287,66.89071428571428,67.9407142857143,4.21298619707684,-0.001945457588514467,67.55798033326097
2026-02-26,6.8409,71.66,65.1,68.34,72.41607142857143,66.95535714285714,68.17035714285714,4.215508267445732,-0.0022598130688861267,67.72858135710477
2026-02-27,6.8579,71.32,66.96,68.4,72.48,67.02,68.4,4.218029005361947,-0.0025658045529353478,67.89952271881388
2026-03-02,6.8821,77.24,71.13,76.53,76.78031250000001,70.24125,74.03625000000001,4.282021144398215,-0.0058893049705315646,72.38659601941904
2026-03-03,6.8996,83.28,74.48,80.39,78.21375,71.315,75.915,4.306003914926775,-0.007623149829007753,74.14361198150065
2026-03-04,6.8969,81.56,74.58,81.11,79.6471875,72.38875,77.79375,4.327267060581481,-0.008944264189669357,75.73701878896067
2026-03-05,6.8912,88.59,80.88,89.31,81.080625,73.46249999999999,79.67250000000001,4.348070929644587,-0.010148824063194948,77.3291455873785
2026-03-06,6.8965,95.74,90.77,99.14,82.5140625,74.53625,81.55125000000001,4.368450882495324,-0.011292717750097311,78.92127862018224
2026-03-09,6.9066,94.35,94.65,107.55,86.814375,77.7575,87.1875,4.424407656752718,-0.014008871966748777,83.46335362282046
2026-03-10,6.8766,89.84,83.71,105.13,88.2478125,78.83125,89.06625000000001,4.444963902185542,-0.015394287049751872,85.19680236344982
2026-03-11,6.8655,90.98,86.8,113.55,89.68125,79.905,90.94500000000001,4.463484640945446,-0.016427212308145214,86.78941271916472
2026-03-12,6.8689,102.38,95.61,123.06,91.1146875,80.97874999999999,92.82375,4.481599991030419,-0.017361098236546302,88.37596035987715
2026-03-13,6.8961,103.23,98.48,127.86,92.548125,82.0525,94.70250000000001,4.499255796887561,-0.018255361960759633,89.95016519251884
2026-03-16,6.8955,101.04,93.39,129.9,96.8484375,85.27374999999999,100.33875,4.548229968081155,-0.020390317652206336,94.46505408650609
2026-03-17,6.8863,108.39,96.01,122.84,98.281875,86.3475,102.2175,4.566370070351264,-0.02147351713880899,96.19429672884537
2026-03-18,6.8726,118.09,96.12,136.42,99.7153125,87.42125,104.09625000000001,4.582766385980974,-0.022302768132965493,97.78453013798097
2026-03-19,6.8998,111.05,96.11,137.82,101.14875,88.495,105.97500000000001,4.59863652362313,-0.023052998942069303,99.34876355971794
2026-03-20,6.8857,118.42,98.71,134.07,102.5821875,89.56875,107.85375,4.6142484593011,-0.023764427776326248,100.91196058174256
2026-03-23,6.8807,103.79,89.33,131.97,106.8825,92.78999999999999,113.49000000000001,4.65779797250464,-0.02548497864552583,105.40372452208885
2026-03-24,6.8918,108.42,93.18,133.6,108.31593749999999,93.86375,115.36875,4.674053592049061,-0.026372617757958943,107.13112934626494
2026-03-25,6.9011,109.14,91.51,130.93,109.74937499999999,94.9375,117.2475,4.688588453665685,-0.027040480656973044,108.6996368924437
2026-03-26,6.9107,113.39,96.18,129.99,111.1828125,96.01124999999999,119.12625000000001,4.702863810663505,-0.027645088358340432,110.26249162871912
2026-03-27,6.9116,121.47,101.26,128.49,112.61625,97.085,121.00500000000001,4.716930729641311,-0.028224836066242636,111.8245057706445
2026-03-30,6.9119,121.88,104.69,128.51,116.9165625,100.30625,126.64125000000001,4.756353583908305,-0.029626370399485433,116.32099688099015
2026-03-31,6.898,126.69,102.86,128.52,118.35,101.38,128.52,4.771003345840567,-0.030369157719058824,118.03761511629085
2026-04-01,6.872,119.56,101.9,105.13,118.20533333333333,101.503,127.75933333333334,4.768537477706475,-0.02976385783395841,117.74690849195557
2026-04-02,6.8856,127.61,113.23,117.25,118.06066666666666,101.62599999999999,126.99866666666668,4.7654186487711705,-0.028897523882489968,117.38024809944066
2026-04-03,6.8824,127.61,113.23,117.25,117.916,101.749,126.23800000000001,4.762009332430469,-0.027980587582115725,116.98074310793588
2026-04-06,6.8778,127.61,114.01,120.43,117.482,102.118,123.956,4.752269361284972,-0.025522558118664593,115.84688488248537
2026-04-07,6.8567,138.21,114.58,119.05,117.33733333333333,102.241,123.19533333333334,4.748185364013948,-0.024291583710908973,115.37473131396663
2026-04-08,6.8287,122.11,96.17,104.15,117.19266666666667,102.36399999999999,122.43466666666667,4.744279038861848,-0.02329563017055988,114.9249192272396
2026-04-09,6.8314,119.03,99.62,102.7,117.048,102.487,121.674,4.740667856106541,-0.022324886900360004,114.51065278687557
2026-04-10,6.8278,119.07,98.34,100.75,116.90333333333334,102.61,120.91333333333334,4.737030783768338,-0.02136137803031661,114.0949257321602
2026-04-13,6.8303,123.28,100.72,105.53,116.46933333333334,102.979,118.63133333333334,4.7268241084039015,-0.018813488717199747,112.93631868573938
2026-04-14,6.8157,118.69,93.07,103.01,116.32466666666667,103.10199999999999,117.87066666666668,4.722436421974959,-0.01754599499741792,112.44187505794858
2026-04-15,6.818,114.93,93.04,105.51,116.18,103.225,117.11000000000001,4.718625447241997,-0.016510379692747244,112.01417740329323
2026-04-16,6.8208,116.63,96.46,104.93,116.03533333333333,103.348,116.34933333333333,4.714863921216626,-0.015505465178733913,111.59362461577729
2026-04-17,6.817,98.63,85.91,100.45,115.89066666666666,103.47099999999999,115.58866666666667,4.710902145029073,-0.014515558227705075,111.1523902640879
2026-04-20,6.8172,103.4,91.06,101.65,115.45666666666666,103.83999999999999,113.30666666666667,4.700128774572407,-0.011864685563043095,109.96133176390352
2026-04-21,6.8208,106.14,93.64,102.88,115.312,103.963,112.546,4.695628419668349,-0.010537711720475651,109.46757861079465
2026-04-22,6.8275,113.44,94.76,105.1,115.16733333333333,104.086,111.78533333333334,4.691655321473683,-0.009459375666980257,109.03351602946219
2026-04-23,6.826,113.25,99.27,106.05,115.02266666666667,104.20899999999999,111.02466666666668,4.687705737453142,-0.008415145324318023,108.60372829692493
2026-04-24,6.8359,111.86,98.42,105.99,114.878,104.332,110.26400000000001,4.68369333707715,-0.007378323673748944,108.1688397136817
2026-04-27,6.8228,113.89,99.89,105.97,114.444,104.701,107.982,4.672279879036075,-0.004624627938749724,106.94127788882147
2026-04-28,6.8374,117.62,103.45,105.55,114.29933333333334,104.824,107.22133333333333,4.66751986102096,-0.003241513966065481,106.4334450850216
2026-04-29,6.8375,124.16,110.47,105.69,114.15466666666667,104.94699999999999,106.46066666666667,4.663324167867106,-0.0021089508370744302,105.98781851803355
2026-04-30,6.8273,124.24,108.64,105.7,114.01,105.07,105.7,4.659107815855299,-0.001027154925888242,105.54187734931763
