adjust_date,fuel,oil_price_usd_bbl,inventory_cost,quantity_tonnes,transport_share,actual_delta,mechanism_delta,mechanism_signal_with_carry,optimal_ratio,raw_optimal_delta,optimal_delta,carry_over_next,discounted_horizon_loss,scenario,actual_price,optimal_price,actual_loss,mechanism_loss,optimal_loss,actual_cpi_pred,mechanism_cpi_pred,optimal_cpi_pred,actual_loss_consumer,actual_loss_profit,actual_loss_cpi,actual_loss_expectation,actual_loss_security,mechanism_loss_consumer,mechanism_loss_profit,mechanism_loss_cpi,mechanism_loss_expectation,mechanism_loss_security,optimal_loss_consumer,optimal_loss_profit,optimal_loss_cpi,optimal_loss_expectation,optimal_loss_security
2016-04-27,diesel,42.396839673275,5031.603999999999,13370645.024,0.14604640289872012,160,160.17911140627916,160.17911140627916,0.75,120.13433355470937,120.13433355470937,40.04477785156979,0.02603909776464426,stability_priority,5180,5300.134333554709,0.02860342892373317,0.028656851265554208,0.01620743226285865,0.02264021894903443,0.0226405107526594,0.02256922544978807,0.0003325046005505065,0.0009829556512276124,6.9707560988404735e-06,0.1024,0.007445522789380783,0.00033181635255083794,0.0009808508095279706,6.972297034909905e-06,0.10262939092362076,0.007428157344010473,2.9956281585389374e-05,8.714565055662515e-05,6.600919411838707e-06,0.05772903239453668,0.00035178955047532844
2016-05-12,diesel,44.53533986703174,5031.603999999999,6542708.621499999,0.14604640289872012,115,158.1493553764472,198.194133228017,1.0,198.194133228017,198.194133228017,0.0,0.011673257929823405,stability_priority,5295,5498.328466782726,0.00223074180603218,7.318697651578747e-06,0.006307874054530483,0.022964187570048346,0.02303322479576574,0.0228668596611624,3.608306919592664e-05,0.0001051796478406653,8.786407950429114e-06,0.0081,0.00046838605131250947,2.3124863764407862e-06,6.62857154161529e-06,9.20045266164811e-06,1.6479638162556774e-05,0.0,0.00022124443756067197,0.0006192528595970429,8.218884316800183e-06,0.024373329300147663,0.0
2016-05-26,diesel,47.87412315362528,5031.603999999999,6542708.621499999,0.14604640289872012,200,265.1988649897921,265.1988649897921,0.75,198.8991487423441,198.8991487423441,66.29971624744803,0.031665774631319,stability_priority,5495,5697.227615525069,0.007467175404087337,0.011868685769096401,0.003800446614270866,0.023128292823653588,0.023441634168456873,0.023503070040316543,0.00021150678950604851,0.0005919723668385825,9.786215990522537e-06,0.028900000000000006,0.0,0.000447372868728247,0.0012297378736795723,1.1844845749489828e-05,0.0458383900338305,0.0,0.0011744600204207963,0.0032299783477022738,1.2271499707363342e-05,1.988187501767629e-06,0.0
2016-06-09,diesel,49.297681034260485,5144.264999999999,13665880.887999998,0.14604640289872012,110,96.04865528881574,162.34837153626376,0.5,81.17418576813188,81.17418576813188,81.17418576813188,0.05038499744310798,stability_priority,5605,5778.401801293201,0.008357781653035136,0.029397487905443935,0.01970825950503033,0.023986884523141384,0.024280438488725863,0.023898926938432655,0.00017287332012945065,0.0004928716865039463,1.58952482008643e-05,0.0324,0.0,0.0001385170241797428,0.00039642916206811463,1.832215365576575e-05,0.11444717376753717,0.0,0.0008769601839953619,0.002474325631077047,1.5201631271235837e-05,0.055436667629118544,0.0
2016-07-22,diesel,45.323769115979474,5276.469999999999,13201929.606,0.14604640289872012,-150,-132.14127162561334,-50.967085857481464,1.0,-50.967085857481464,-50.967085857481464,0.0,0.039843511352525625,stability_priority,5455,5727.434715435719,0.07108461828083996,0.05473604042083413,0.017950023816321,0.023528369013212806,0.023489617007188456,0.023527809021572185,0.00023837179838078612,0.0007437743826877787,1.244938789340031e-05,0.27040000000000003,0.005476807216311296,0.00018765415628955656,0.0005815755886613013,1.217742685685891e-05,0.20828257098084993,0.004151529780982943,0.00011942650273480289,0.0003510993012214413,1.2445436492686095e-05,0.06984526266733651,0.0
2016-08-05,diesel,41.821543066021135,5328.219999999999,6717389.0139999995,0.14604640289872012,-215,-221.85685505078612,-221.85685505078612,0.25,-55.46421376269653,-55.46421376269653,-166.39264128808958,0.03090539332224764,stability_priority,5240,5671.970501673023,0.016409141070227288,0.020817030367951208,0.022171818499206988,0.02187707657112077,0.02194813009094992,0.022578206840251455,0.0017699681408386294,0.005903752126915662,3.523416453850509e-06,0.016900000000000002,0.03839484259577056,0.0018269086280821253,0.006110269396165424,3.7952108512645455e-06,0.03219554363727655,0.03994431458637798,1.2316402363704518e-07,3.6618062333251083e-07,6.64715051111939e-06,8.08966375834562e-05,0.0
2016-08-19,diesel,44.95531466879161,5341.147999999999,6717389.0139999995,0.14604640289872012,170,112.89370646736108,-53.49893482072849,0.0,-0.0,0.0,-53.49893482072849,0.010225933700045072,stability_priority,5410,5671.970501673023,0.15764805702018966,0.12333828570545266,0.005447360096265728,0.021236812598587958,0.02111559584849022,0.021730377094772015,0.0007433036916623712,0.002234755228525241,1.5297054040258956e-06,0.5929,0.017754167317370406,0.001087232298758943,0.00334150215314653,1.2445540971686129e-06,0.4482317537468594,0.026727554421485663,9.497948081569165e-07,2.8027776392490937e-06,2.9942048901116383e-06,0.01230511603325638,0.0
2016-09-02,diesel,47.59264263315335,5293.360000000001,6455027.0575,0.14604640289872012,200,128.34413134349825,74.84519652276975,0.75,56.133897392077316,56.133897392077316,18.71129913069244,0.022284782320174425,stability_priority,5610,5728.104399065101,0.0009261079616767354,0.000722011955856187,0.0035351540282176626,0.022300088902389166,0.021913570261788473,0.021250524742666213,4.438906649789009e-06,1.2658881993893737e-05,5.290408958893797e-06,0.0036,2.6400735970219883e-07,8.487278531192805e-05,0.0002485609656331284,3.661751146801204e-06,0.0009548625154126324,0.0015055990650037722,8.743813503397498e-05,0.00025270605842534594,1.5638121320203973e-06,0.012604057745697058,0.0
2016-09-19,diesel,46.13663267214746,5272.156,6455027.0575,0.14604640289872012,-150,-96.89843937657452,-78.18714024588208,0.0,-0.0,0.0,-78.18714024588208,0.035190272995535204,stability_priority,5460,5728.104399065101,0.12718861075904644,0.05257547499576405,0.008156448006567802,0.021437292480247283,0.02117660186780481,0.020964910871554162,0.00021037099186943813,0.0006551724676300494,2.0658096737753854e-06,0.48999999999999994,0.0047513910336476756,8.699240087616506e-05,0.0002655538815411577,1.3843919553217677e-06,0.2029368626583479,0.0016355714724144864,0.00013187989016434607,0.00038410038832612935,9.310529900434116e-07,0.012604057745697058,0.0
2016-10-20,diesel,50.22665824618214,5290.305,14192912.776999999,0.14604640289872012,340,234.32029167375885,156.13315142787678,0.0,0.0,0.0,156.13315142787678,0.03637941067811199,stability_priority,5800,5728.104399065101,0.2464361732953918,0.11258035053175194,0.01952480138978634,0.020266833432214654,0.020350161394940638,0.02044008617440613,0.0002848308342411042,0.0007772078782699145,7.120008054745235e-08,0.9603999999999999,0.0,4.2726663871053044e-05,0.00011991506492818466,1.22613002506773e-07,0.4388233911943722,0.0,9.251668855215913e-05,0.0002699470790310343,1.9367584090342368e-07,0.0,0.0
2016-11-17,diesel,43.853398014610974,5393.816,13809707.712,0.14604640289872012,-355,-288.15667957327844,-132.02352814540166,0.0,-0.0,0.0,-132.02352814540166,0.06215891919298115,stability_priority,5445,5728.104399065101,0.5020089133775869,0.28374250985818605,0.01394439563458817,0.021028922531855395,0.020629099808097653,0.019939921787166876,0.0007715615969362411,0.0025603414141751393,1.0586815765597156e-06,1.9320999999999997,0.020410577318461486,0.0004601797169892364,0.0014889254941729878,3.9576656854850296e-07,1.0919287419339092,0.011623873628809445,9.122086162111815e-07,2.691761291808024e-06,3.609391657222176e-09,0.0,0.0
2016-12-01,diesel,46.28107919720019,5446.173999999999,4722540.127333333,0.14604640289872012,170,204.78278928722472,72.75926114182306,1.0,72.75926114182306,72.75926114182306,0.0,0.05530202282836047,stability_priority,5615,5800.863660206924,0.2849310352966452,0.25061909165338636,0.005432284416805851,0.0181561871803396,0.018502619848996166,0.019567142942029086,0.00030336880865207286,0.0008959866746700673,3.3996457139440302e-06,1.1025,0.006728459562756956,0.00019690439821135712,0.0005741611821821401,2.2421473166202647e-06,0.9719572798418998,0.004091268329632424,4.5050300792442616e-07,1.3093878933796242e-06,1.873652326352357e-07,0.021175640327616013,0.0
2016-12-15,diesel,52.12131287707897,5473.206,4722540.127333333,0.14604640289872012,420,385.8668092213213,385.8668092213213,0.5,192.93340461066066,192.93340461066066,192.93340461066066,0.05882677028618584,stability_priority,6035,5993.797064817584,0.06422788050587111,0.033715779974961564,0.04465939694910792,0.020516720253850696,0.020630069562244086,0.019704251641685842,0.0004072248590187505,0.0010949025914422136,2.669998207395274e-07,0.25,0.0,0.00028764546925231084,0.0007801276337028781,3.9698765326645303e-07,0.13116568910196916,0.0,0.0002569302353354001,0.0007211894187796339,8.746709144551962e-08,0.05776729903387506,0.0
2016-12-29,diesel,53.07575348934881,5468.79,4722540.127333333,0.14604640289872012,95,112.78639412062374,305.7197987312844,0.5,152.8598993656422,152.8598993656422,152.8598993656422,0.032023979228164655,stability_priority,6130,6146.656964183227,0.10857912528988148,0.07673846112340739,0.020558335562055333,0.021276796172487608,0.021145724383793786,0.020296243069779826,0.0008122858888147975,0.002291019964393019,1.630208466079005e-06,0.42250000000000004,0.0,0.0009062516612738871,0.0025447657334272044,1.31268436361965e-06,0.2982916524462772,0.0,0.0009063236247511806,0.00252830146152719,8.775995639257478e-08,0.006423543290490085,0.0
2017-01-13,diesel,53.99351442246399,5640.469999999999,7434651.493666667,0.13639340683331513,500,64.46102505964228,217.3209244252845,0.75,162.99069331896337,162.99069331896337,54.33023110632112,0.017982615375840175,stability_priority,6630,6309.64765750219,0.16902151189775264,0.002469869634455568,0.002649256360034324,0.02087175148291134,0.020365901748844686,0.02067071465368188,0.003083024198915873,0.007965629807834511,7.599506479581201e-07,0.6561000000000001,0.0,0.00030229253550099127,0.0008663185204230941,1.3388408980759966e-07,0.009341365179520255,0.0,0.0007592363060327323,0.0021211794505888587,4.498581466636026e-07,0.00041053194449859425,0.0
2017-01-26,diesel,53.59469121042442,5743.477999999999,7434651.493666667,0.13639340683331513,-340,2.083027342747865,56.41325844906899,1.0,56.41325844906899,56.41325844906899,0.0,0.021079832288876922,stability_priority,6290,6366.060915951259,0.724081978463744,0.004461112807948991,0.011776978455028618,0.02182242318125776,0.02043071393758123,0.02090972764973617,0.0002364834271038195,0.0007229344502718444,3.3212262515856505e-06,2.8223999999999996,0.0,0.0019413569005258724,0.005473900325376341,1.8551449602672823e-07,0.015564058396675537,0.0,0.0005001622011199876,0.0014286281300305106,8.27604396694496e-07,0.045434998493786315,0.0
2017-02-15,diesel,54.325999515736456,5832.51,14383899.924666665,0.13639340683331513,50,-28.170084127213805,-28.170084127213805,0.0,-0.0,0.0,-28.170084127213805,0.014123647332152559,stability_priority,6340,6366.060915951259,0.1561051653200253,0.0009453167079522254,0.0039482716887523995,0.019143442817197716,0.020358888320702474,0.020615725382837978,0.00013910050599318457,0.00040183174526564993,7.336902074101863e-07,0.6084,0.0,2.4895692712773716e-05,7.329781682471077e-05,1.2880082673664123e-07,0.003661003014455705,0.0,0.0001951527166685164,0.0005670010088818049,3.7911774707097406e-07,0.012729822915365816,0.0
2017-03-15,diesel,52.055328052771,5849.696,6870025.187,0.13639340683331513,-85,-83.0127745186846,-111.18285864589839,0.75,-83.3871439844238,-83.3871439844238,-27.79571466147459,0.025810490857035837,stability_priority,6255,6282.6737719668345,0.018702741429319134,0.003088409515136681,0.007759661554337709,0.020200575505693468,0.01988590066881178,0.020000180982775284,7.728435371912898e-06,2.300931477999076e-05,4.02305334841903e-08,0.0729,0.0,8.719412239889813e-06,2.5947043359122625e-05,1.3018657377599599e-08,0.012030882757498888,0.0,2.6773204029202654e-05,7.949796894975402e-05,3.275476494938828e-14,0.027813663127516108,0.0
2017-03-29,diesel,49.38071351199277,5860.822,6870025.187,0.13639340683331513,-220,-130.06457978393456,-157.86029444540915,0.5,-78.93014722270458,-78.93014722270458,-78.93014722270458,0.0329558095387795,stability_priority,6035,6203.74362474413,0.020997269672597862,0.0028348590425967125,0.005011802704865547,0.018890799570141555,0.019016391884340872,0.019083572176190985,0.0003067542179670348,0.0009696180752843992,1.2303255935981595e-06,0.0729,0.007335492593446031,9.293504225198365e-05,0.00028490020029004967,9.674849251905014e-07,0.00885548951487602,0.0017846182272235123,7.439924248632568e-06,2.2310857953162322e-05,8.398399562513269e-07,7.945928053590261e-05,1.7740753889479065e-05
2017-04-13,diesel,52.84095880895715,5820.295,13436247.083999999,0.13639340683331513,190,174.37233211673492,95.44218489403035,0.0,0.0,0.0,95.44218489403035,0.03730714544776482,stability_priority,6225,6203.74362474413,0.1724919581823509,0.09510290207965551,0.013681031499302259,0.018006805939616222,0.018352655748178383,0.018326450862609266,8.825412868956907e-06,2.512867921485126e-05,3.972822562349172e-06,0.6723999999999999,0.0,2.4748757324252646e-06,7.073939495309146e-06,2.713743084009725e-06,0.3707273333104639,0.0,1.112499643269982e-06,3.2733179648039143e-06,2.8007667152612703e-06,0.02491987256239128,0.0
2017-05-12,diesel,48.041424392545125,5781.821,7014740.934,0.13639340683331513,-235,-277.3903335018204,-181.94814860779007,0.5,-90.97407430389504,-90.97407430389504,-90.97407430389504,0.037111941607613955,stability_priority,5990,6112.769550440235,0.1867854916542337,0.21187505291372197,0.015135980804454127,0.018420515936018712,0.01829872149498483,0.01780566938761693,0.00020240782621552657,0.0006373391055487576,2.4947699083708458e-06,0.7224999999999999,0.004605779082335996,0.000322969454198202,0.0010320259194786616,2.8943485516266485e-06,0.8163580241871305,0.007850482826511476,1.1410047902679073e-05,3.4333451540488375e-05,4.815086836441455e-06,0.03310512878180246,6.096282615246049e-05
2017-05-26,diesel,51.03890868988692,5757.036,7014740.934,0.13639340683331513,135,119.70543148705302,28.731357183157982,0.0,0.0,0.0,28.731357183157982,0.03552847744499721,stability_priority,6125,6112.769550440235,0.1404772472773867,0.16180575264209904,0.00915540687223815,0.016649951781464535,0.016455239949090667,0.017054956015272432,1.992449051572313e-09,5.73883548521355e-09,1.1222823066512645e-05,0.5476,0.0,1.7911518190225518e-06,5.185545314249548e-06,1.256532381852274e-05,0.6307401862883945,0.0,1.1037184914867108e-06,3.2574778907723524e-06,8.673284071980033e-06,0.03310512878180246,0.0
2017-06-10,diesel,48.441866975263295,5699.865,6925385.069,0.13639340683331513,-175,-200.80132664464497,-172.069969461487,0.75,-129.05247709611524,-129.05247709611524,-43.017492365371766,0.03630452612718324,stability_priority,5950,5983.71707334412,0.09926584852228193,0.10647947422347909,0.018837671575709408,0.017055492007536813,0.016955861828349066,0.016541188059697325,0.0001042644014551655,0.0003225797111785877,8.670127317679587e-06,0.3844,0.002077707546165805,0.00015691359168597399,0.0004898544297310487,9.266777208102296e-06,0.41089832803236304,0.003408830794268002,5.171324104058362e-05,0.00015781852805387021,1.1963380038380357e-05,0.06661816737857341,0.0008323544637413408
2017-06-24,diesel,45.03258488301636,5668.673999999999,6925385.069,0.13639340683331513,-240,-192.2288384530724,-235.24633081844416,0.5,-117.62316540922208,-117.62316540922208,-117.62316540922208,0.0347394085822865,stability_priority,5710,5866.093907934898,0.011283372671305856,0.004984104013801139,0.012797114076352463,0.015165000784271796,0.015123133180280397,0.015524538770808883,0.0008555718406350569,0.0027838837163424055,2.337721741609235e-05,0.016900000000000002,0.022226549492746984,0.0006199097980217949,0.001982542859260112,2.3783829977282e-05,0.000293950215178605,0.015687546203504505,0.00022430239586317377,0.0006940903059386357,2.002975321399287e-05,0.0005225166625446101,0.005069652692809183
2017-07-22,diesel,46.99182937767929,5584.1849999999995,13369591.988,0.13639340683331513,75,63.98740597436138,-53.6357594348607,0.0,-0.0,0.0,-53.6357594348607,0.022887641725107873,stability_priority,5785,5866.093907934898,0.10327512457584632,0.06906627659862602,0.016736319949993344,0.01433311662816057,0.01452229165103145,0.014753559884934453,0.00021380087145542808,0.000639429790034575,3.211356715003023e-05,0.39690000000000003,0.0046228419276824195,0.00024509795920187044,0.0007359293991632125,3.0005288756359757e-05,0.26258705563399387,0.005412462046327179,4.777651169141629e-05,0.0001426269709934499,2.7525133880968992e-05,0.05534083616354088,0.0007245182357659803
2017-08-05,diesel,50.15160002264495,5565.503000000001,13495524.523,0.13639340683331513,165,165.97225839415302,112.33649895929231,0.5,56.16824947964616,56.16824947964616,56.16824947964616,0.00946059388021711,stability_priority,5950,5922.262157414544,0.008319917480733458,0.010681151514826006,0.005769159678197175,0.01508914868920727,0.015041291007188791,0.014598901582119043,7.47750539636962e-06,2.1356825337192795e-05,2.4116460596714683e-05,0.0324,0.0,7.98221886806046e-06,2.2792650514219692e-05,2.4588794875386756e-05,0.041603640492346716,0.0,1.980428322068948e-08,5.776911763881095e-08,2.917186411963618e-05,0.012619488998431084,0.0
2017-09-16,diesel,52.38592119344901,5613.171,7416758.774,0.13639340683331513,95,32.78344285632657,88.95169233597272,1.0,88.95169233597272,88.95169233597272,0.0,0.0037878587998303867,stability_priority,6045,6011.213849750517,0.0050452470682610375,0.01820912354914195,0.0011136816231294552,0.015231856679152715,0.01515062832667886,0.014740460959489993,4.5405024672974e-05,0.00013077596660283493,2.273519072814058e-05,0.019600000000000003,0.0,1.081959469329767e-06,3.1660689144308617e-06,2.3516405626009475e-05,0.07095704233747663,0.0,1.3365897345128415e-05,3.864757736317047e-05,2.7662750918648928e-05,0.004299016502056118,0.0
2017-09-30,diesel,55.187765045612345,5657.84,7416758.774,0.13639340683331513,195,165.98413617268545,165.98413617268545,0.75,124.48810212951409,124.48810212951409,41.49603404317136,0.004183428800355255,stability_priority,6240,6135.701951880031,0.010362695059108978,0.018285137408748812,0.0027072326232331,0.015179500079843875,0.014873321484341596,0.015060888013971437,0.0003960283966513749,0.0011085484878369477,2.3237219480225215e-05,0.04000000000000001,0.0,0.0002995285448286992,0.0008444264166292982,2.6282832602913457e-05,0.07096969879983475,0.0,0.0001119562146096358,0.0003197729912910874,2.4394827210531024e-05,0.005051345684058012,0.0
2017-11-03,diesel,57.00834724985867,5811.035,6974477.750999999,0.13639340683331513,150,84.99311888256604,126.4891529257374,1.0,126.4891529257374,126.4891529257374,0.0,0.004398906792890214,stability_priority,6390,6262.191104805768,0.0021627050232228147,0.006774378534531087,2.195877335744829e-05,0.015833521119650716,0.01562579201018272,0.015510722471193127,0.0003314358923328982,0.0009366569249438568,1.7359546260396625e-05,0.0081,0.0,0.0001574279519479743,0.00045191485191598614,1.9133695538181346e-05,0.026238179526753686,0.0,5.061555286484247e-05,0.00014506874066326427,2.0153612730650345e-05,1.601681715626378e-05,0.0
2017-11-17,diesel,60.43819147787639,5888.21,6974477.750999999,0.13639340683331513,250,171.75155530412553,171.75155530412553,0.75,128.81366647809415,128.81366647809415,42.93788882603138,0.006881691392735449,stability_priority,6640,6391.004771283862,0.0105107691767475,0.0078846255090355,0.0015146569962847308,0.016175772398645948,0.015809691638272793,0.015936649934103337,0.0010306551525203923,0.00283251587902816,1.4624716746958172e-05,0.04000000000000001,0.0,0.000649904526492248,0.0018187333768575618,1.7558684166360952e-05,0.03010810516125512,0.0,0.00012210640500667807,0.0003486531898252369,1.651081375802242e-05,2.1613453020360758e-05,0.0
2017-12-29,diesel,62.21587332766389,6036.0,13941508.355,0.13639340683331513,70,31.764201685469185,74.70209051150057,1.0,74.70209051150057,74.70209051150057,0.0,0.0075448109566266805,stability_priority,6710,6465.706861795363,0.03338812764592434,0.020217272959727268,0.003011853564320834,0.01673300985847745,0.016373328287425076,0.016268773672778715,0.0005745523803550874,0.0016359674041235698,1.067322458480554e-05,0.1296,0.0,0.00043361972046447004,0.001245508838078108,1.3152747710791134e-05,0.07838583669261896,0.0,1.438433479204268e-05,4.172357499647635e-05,1.3922049904949244e-05,0.01171225061435371,0.0
2018-01-13,diesel,66.11343927180071,6153.093999999999,7272460.064,0.13474034151009923,175,148.87906727879488,148.87906727879488,0.5,74.43953363939744,74.43953363939744,74.43953363939744,0.019973256467375907,stability_priority,6885,6540.14639543476,0.011500653667444367,0.014235576314611333,0.004436769886289333,0.01644701506327901,0.016268184302783532,0.016357140895549137,0.0007672263075326071,0.0021441002302269637,1.2623701960566266e-05,0.04409999999999999,0.0,0.0006547728705265339,0.0018404902014054671,1.3926448397991233e-05,0.05486356697177097,0.0,2.301456172851479e-07,6.707631021707103e-07,1.3270422454880543e-05,2.757444443543234e-07,0.0
2018-01-27,diesel,67.75322721683503,6227.204,7272460.064,0.13474034151009923,60,13.574179714155203,88.01371335355265,0.0,0.0,0.0,88.01371335355265,0.02190679096924968,stability_priority,6945,6540.14639543476,0.013733152413449426,0.018906462926916175,0.012128725072391749,0.016785846747346483,0.016631327621929388,0.01634271374941879,0.0006600489350695096,0.0018796001539609054,1.0330781131543182e-05,0.0529,0.0,0.000484112779134218,0.0013927925763579673,1.1347953590775916e-05,0.07322965039551914,0.0,4.944284802290122e-05,0.00014763591177183814,1.3375742718690374e-05,0.022164976673803932,0.0007598639676236798
2018-02-10,diesel,65.67800657880974,6287.73,14781686.805,0.13474034151009923,-160,-147.22818023371673,-59.21446688016408,1.0,-59.21446688016408,-59.21446688016408,0.0,0.013091392434564093,stability_priority,6785,6480.931928554596,0.04968252943355248,0.026555857335211243,0.005749643726641428,0.016069114447588944,0.015912026654397133,0.015961027814323483,5.902828204362884e-05,0.00017661371887030445,1.5451861226153975e-05,0.1936,0.0,7.572633767709393e-05,0.00022592301129855383,1.67115260743595e-05,0.10342959585921986,0.0,0.00029644710097104834,0.0009113862779058402,1.6313296316668547e-05,0.014025412351608195,0.006855353980917382
2018-03-01,diesel,64.32478933099402,6243.200999999999,6634633.606,0.13474034151009923,-185,-47.427566863823685,-47.427566863823685,0.0,-0.0,0.0,-47.427566863823685,0.012606110709997176,stability_priority,6600,6480.931928554596,0.0006711255170103998,0.010241849070629631,0.00661033571375423,0.014860240686232574,0.01507301030568295,0.015440204902967995,1.1573030103149647e-05,3.527820020660992e-05,2.6417125803459e-05,0.0025000000000000005,6.49795409478277e-05,6.077716623110739e-05,0.00017889878739736585,2.4275227447906416e-05,0.03984064971602749,0.0,0.00017984380538332663,0.0005437479518100341,2.079173132691712e-05,0.014025412351608195,0.0038444622829245877
2018-03-29,diesel,65.81290998890657,6217.956,6634633.606,0.13474034151009923,165,58.78840053731071,11.360833673487022,0.0,0.0,0.0,11.360833673487022,0.020751164624167436,stability_priority,6765,6480.931928554596,0.12574309734753525,0.011586298319683051,0.0008992291841352748,0.014683421447589247,0.015069388065294244,0.01517497347968942,0.00015330770290788756,0.0004353005745301146,2.8266007503954018e-05,0.48999999999999994,0.0,1.3227143175725484e-05,3.847838659462336e-05,2.4310934050662847e-05,0.04512732692383538,0.0,0.00012531937393865157,0.00037725800170918265,2.328088092170043e-05,0.0,0.0025083066445527095
2018-04-13,diesel,67.1364923044488,6213.334999999999,6503574.637499999,0.13474034151009923,50,79.93657948086607,91.2974131543531,1.0,91.2974131543531,91.2974131543531,0.0,0.020361484834576983,stability_priority,6815,6572.2293417089495,0.013643313859444242,0.0005536577562745524,0.008574158942129633,0.01562082048059424,0.01524621825457568,0.01503741520161786,0.00027812484960700973,0.000800063844859083,1.9177213263182863e-05,0.0529,0.0,0.00036450202246708614,0.0010415347086836799,2.2598440883129493e-05,0.0017889818905145543,0.0,9.950338497641222e-06,2.907687716083209e-05,2.4627247881133513e-05,0.033340870594706584,4.0070964863700466e-05
2018-04-27,diesel,71.45750403433306,6226.549999999999,6503574.637499999,0.13474034151009923,245,245.68522396890145,245.68522396890145,0.75,184.26391797667608,184.26391797667608,61.42130599222537,0.012390245176955639,stability_priority,7060,6756.493259685625,0.039316156732893126,0.028488863114461003,0.011921344936219413,0.01527379407423815,0.015387577790011705,0.015380004678153775,0.0012260280296030458,0.0033700820667046647,2.2337022452706425e-05,0.1521,0.0,0.0012298280012418695,0.003380026928388477,2.127443864319331e-05,0.10989045259848458,0.0,0.00011987303169556629,0.00033983673335197137,2.1344356773881005e-05,0.03457108407551602,0.0
2018-05-12,diesel,73.11339128033123,6319.1449999999995,6572711.574999999,0.13474034151009923,105,117.13527896292425,178.55658495514962,1.0,178.55658495514962,178.55658495514962,0.0,0.0268440296995541,stability_priority,7165,6935.049844640775,0.020404933628078444,0.017265162145439383,0.00010871288520650427,0.016156925972656142,0.016173550360494608,0.016049424475045204,0.0012011388853844223,0.003370235964740992,1.4769217979644941e-05,0.07840000000000001,0.0,0.0012669042238378663,0.0035456010853708877,1.4641716843670946e-05,0.06610035344415907,0.0,0.00029408823351491863,0.0008300415902216787,1.5607046978371864e-05,0.00013029460087442572,0.0
2018-05-26,diesel,75.7600727398957,6369.415999999999,6572711.574999999,0.13474034151009923,250,164.00819681582647,164.00819681582647,0.5,82.00409840791323,82.00409840791323,82.00409840791323,0.030132623922057847,stability_priority,7415,7017.053943048688,0.02215040947829004,0.0026932478621270748,0.015037469348622748,0.016420575732336833,0.016366298212313612,0.016526880076161442,0.0024181605002602333,0.00656250757141969,1.2812278087936e-05,0.0841,0.0,0.0018212485104358203,0.0050311646535075895,1.3203788681835252e-05,0.008788281712179678,0.0,0.00036500761334932617,0.0010429573543160704,1.2062562005364351e-05,0.037289530633817056,0.0
2018-06-09,diesel,71.57248681191464,6508.135,6610286.048,0.13474034151009923,-125,-165.49491042365094,-83.4908120157377,0.0,-0.0,0.0,-83.4908120157377,0.0290641592776673,stability_priority,7290,7017.053943048688,0.1444867855668152,0.1115596719548197,0.012493332832879324,0.01696339370846282,0.016612366245802042,0.016512431664805028,0.0007659337615584348,0.0022327245399771543,9.220977769803188e-06,0.5625,0.0,0.0006076053077640244,0.0017863238304964238,1.1476062452581355e-05,0.43428919072188216,0.0,5.365295395512273e-05,0.00015690099294154154,1.2163132892654631e-05,0.026898688622778867,0.0
2018-06-26,diesel,71.34368611064708,6571.258,6610286.048,0.13474034151009923,-55,14.74342969592821,-68.74738231980949,0.0,-0.0,0.0,-68.74738231980949,0.025754376693512847,stability_priority,7235,7017.053943048688,0.005117769806259067,0.033477664678066885,0.0037859816470665456,0.015704792762950608,0.01564362889236974,0.016196818762943085,0.00034572153593106396,0.0010074547996307226,1.844880520920148e-05,0.019600000000000003,0.0,0.0005687144814410862,0.0016331466997920525,1.89779692273957e-05,0.12994343699624433,0.0,4.24007945211278e-06,1.2463421511960336e-05,1.4464187521901767e-05,0.0,0.0
2018-07-10,diesel,75.52675702206679,6618.655,6501765.6355,0.13474034151009923,260,239.94922434534084,171.20184202553133,0.5,85.60092101276567,85.60092101276567,85.60092101276567,0.022562604732043676,stability_priority,7495,7102.654864061454,0.10210086706996421,0.05230317661561537,0.013390841764538489,0.015997351382786133,0.01621890047365029,0.015995804594960167,0.0011780193317722527,0.0032403360038558097,1.6021195952884088e-05,0.39690000000000003,0.0,0.0010776047455320788,0.002976268693317377,1.4296713628162e-05,0.20287059977469368,0.0,2.2896468754506313e-05,6.631682690695423e-05,1.6033580841742116e-05,0.029310070712934993,0.0
2018-07-24,diesel,71.84604043418894,6621.843999999999,6501765.6355,0.13474034151009923,-120,-131.4530988096168,-45.85217779685112,0.0,-0.0,0.0,-45.85217779685112,0.018084559790075103,stability_priority,7375,7102.654864061454,0.14832246456360962,0.14168375628162924,0.009210089668053499,0.01649086464890999,0.016407623374206284,0.016015867324396135,0.0006073705527131731,0.001774334277938533,1.2314030912269617e-05,0.5776,0.0,0.0005664182426626441,0.0016586322523416638,1.290516982154905e-05,0.5517587425795983,0.0,2.0189772081530568e-05,5.920575137527546e-05,1.587331317681442e-05,0.029310070712934993,0.0
2018-08-07,diesel,72.24956008101798,6686.825,6504841.2715,0.13474034151009923,70,32.31118912561594,-13.540988671235183,0.0,-0.0,0.0,-13.540988671235183,0.018850273149619592,stability_priority,7445,7102.654864061454,0.03719734743193148,0.027642733911626947,0.00015188993420737001,0.015392512208711021,0.015311710068992858,0.015723586843037027,0.0006145745507961238,0.001750318103973579,2.1228943746876997e-05,0.1444,0.0,0.0004838784227219891,0.001388821759379361,2.198006247718296e-05,0.10727496801173525,0.0,7.16903061763038e-07,2.1150035654515886e-06,1.8287709489046028e-05,0.0,0.0
2018-08-21,diesel,69.1787498069334,6724.538,6504841.2715,0.13474034151009923,-50,-123.60242424700888,-137.14341291824405,0.0,-0.0,0.0,-137.14341291824405,0.020331547979067034,stability_priority,7395,7102.654864061454,0.014860323918688231,0.024988153585490027,0.015090556227965778,0.015632402035211226,0.015421097974364775,0.015445039951750509,0.00032274194067621876,0.000940295160308328,1.907591198202704e-05,0.0576,0.0,0.00015657988561447686,0.000463223543922729,2.0966343760366373e-05,0.0972362193396333,0.0,1.541527041549919e-05,4.575182986147015e-05,2.074766104114901e-05,0.0,0.0001137382550976331
2018-09-04,diesel,72.78311549184721,6811.19,6790231.524999999,0.13474034151009923,170,201.5491454011302,64.40573248288615,1.0,64.40573248288615,64.40573248288615,0.0,0.007939516311886054,stability_priority,7565,7167.06059654434,0.049804605412603634,0.10865245982897996,0.0044168839231497215,0.015196156157086077,0.014978686224982095,0.015253742236595803,0.0005585098483536549,0.0015716796461947588,2.3076915667102008e-05,0.1936,0.0,0.0006731016219112008,0.00188214299872897,2.5213592027184567e-05,0.42289417297859466,0.0,3.624828216408239e-05,0.00010704731011379832,2.252696275667462e-05,0.016592393506628385,0.0004807563827145175
2018-09-18,diesel,74.11763302719488,6848.096,6790231.524999999,0.13474034151009923,145,109.91402595673398,109.91402595673398,1.0,109.91402595673398,109.91402595673398,0.0,0.0036382190090696776,stability_priority,7710,7276.974622501074,0.0008764956117623627,0.008815850950815005,0.0021311018682857214,0.01574085252157359,0.015811825715687552,0.015354169559059527,0.0009564215625677566,0.0026822457471136806,1.8140337242986056e-05,0.0025000000000000005,0.0,0.0008066936931892596,0.0022781471529414693,1.7540803835776084e-05,0.03358798046235505,0.0,3.8950706619503097e-07,1.131263855742848e-06,2.1583740485969156e-05,0.008284019099607442,0.0
2018-10-01,diesel,76.98512082710351,6952.07,6795043.7565,0.13474034151009923,230,163.09626741347927,163.09626741347927,0.75,122.32220056010945,122.32220056010945,40.77406685336982,0.04206555075080157,stability_priority,7940,7399.296823061183,0.0077779663829958025,0.0031868306903067266,0.0014932867115955077,0.015826232299659845,0.015636872114984757,0.015621934663295806,0.0015067512170792335,0.004150507599502572,1.7420336816402754e-05,0.028900000000000006,0.0,0.0011637020127662912,0.0032471758748043793,1.903688494099759e-05,0.011313403225454228,0.0,6.740104005892101e-08,1.951877583985073e-07,1.9167456092450812e-05,0.0006158511879514081,0.0
2018-10-20,diesel,77.91850696573522,6999.692,6795043.7565,0.13474034151009923,160,87.15951531489476,127.93358216826458,0.0,0.0,0.0,127.93358216826458,0.09565403738624109,stability_priority,8100,7399.296823061183,0.005529336594651459,0.006318537524150816,0.02847536068376095,0.016274467949301152,0.01597793078256541,0.015777255881910496,0.002082695845762174,0.005751780503947568,1.3879589060784363e-05,0.019600000000000003,0.0,0.0016513937095300579,0.004623849168326592,1.6177040789834903e-05,0.023065561277127517,0.0,1.2116707398324551e-05,3.593063018072684e-05,1.78315678868595e-05,0.05985088299947056,6.779531738915152e-05
2018-11-03,diesel,72.54628464866491,7019.195,6785361.953000001,0.13474034151009923,-365,-292.76674511562726,-164.83316294736267,1.0,-164.83316294736267,-164.83316294736267,0.0,0.10884991590807094,stability_priority,7735,7234.463660113821,0.2829135947818608,0.1482573992211388,0.030040648857138925,0.015642045132415863,0.015480798965911518,0.015313996885331728,0.0003498088635959256,0.0010589197520985446,1.8991770627900273e-05,1.1025,0.0,0.0005615240299636212,0.0016758332691346953,2.042317798650641e-05,0.5773758534588834,0.0,0.00029353707696687815,0.0009146998750967827,2.1958625190680752e-05,0.10867988642892724,0.00688266316177713
2018-11-17,diesel,64.89815719013242,7011.848,6785361.953000001,0.13474034151009923,-490,-407.6549313117842,-407.6549313117842,0.75,-305.74119848383816,-305.74119848383816,-101.91373282794603,0.13108982081049764,stability_priority,7245,6928.722461629983,0.017837266488358455,0.014122544731138586,0.03929491964023739,0.013386323721712348,0.013701029315251072,0.014140403560037106,0.00023855590478177112,0.0007738917309336388,4.374071391398481e-05,0.0625,0.005724008398072601,9.05781997857948e-05,0.000287048729882085,3.967703168732639e-05,0.052797181309771304,0.0018012355374758386,0.0015574302095173558,0.005183602403530296,3.4334870439225825e-05,0.07942029791499455,0.03371894538203689
2018-12-01,diesel,57.47630975735433,6760.67,4418409.912666666,0.13474034151009923,-520,-419.4105869634928,-521.3243197914388,0.5,-260.6621598957194,-260.6621598957194,-260.6621598957194,0.15948848807571903,stability_priority,6725,6668.060301734264,0.010276345872179784,0.006503623412296403,0.06757989321048322,0.011732169693090395,0.012117471285291044,0.012549763233997556,0.0012507313307870993,0.004264624068766326,6.835701798385298e-05,0.0036,0.029774304677294885,0.0007709873664334063,0.002549120892872877,6.213425893821123e-05,0.0005527817592061928,0.0203192545843795,0.0016449710079620965,0.005459518028584393,5.550602786949456e-05,0.008128478880116398,0.03536752156054182
2018-12-15,diesel,56.98627403563451,6612.902,4418409.912666666,0.13474034151009923,-120,-95.16194866279814,-355.82410855851754,0.75,-266.86808141888815,-266.86808141888815,-88.95602713962938,0.1426416543891187,stability_priority,6605,6401.192220315375,0.1732251039585733,0.11615069350284961,0.026620789071206484,0.010442263413649044,0.01082688258230347,0.011132700207964466,0.0011672726953962866,0.0037449952592288668,9.135032865407163e-05,0.6400000000000001,0.028849975589034144,0.0010366068454931534,0.00329998321682306,8.414608315884745e-05,0.4205487177594189,0.026393852883701458,0.002551532086152323,0.008662674912945003,7.862900560183343e-05,0.00015405384780691609,0.06467283593887924
2018-12-29,diesel,51.25025677943197,6514.389999999999,4418409.912666666,0.13474034151009923,-355,-336.64047791887833,-425.5965050585077,0.5,-212.79825252925386,-212.79825252925386,-212.79825252925386,0.15209292976600783,stability_priority,6250,6188.393967786122,0.08363853042830455,0.08442336805667376,0.07544658245701785,0.010174803843953407,0.010291817292481279,0.00977635982644861,0.003009531859607468,0.010465781045759981,9.653447950479276e-05,0.22089999999999999,0.08645149633288955,0.0028499254040296814,0.009850479110802387,9.424881148256553e-05,0.23324752036671834,0.07872273322992104,0.0036903992027882146,0.012696470603024293,0.00010452281839825392,0.011694185584617326,0.1164486361118844
2019-01-15,diesel,53.62385738254757,6371.9349999999995,6343922.0235,0.13275198293056265,105,44.9285268603161,-167.86972566893775,0.5,-83.93486283446887,-83.93486283446887,-83.93486283446887,0.09144344414753107,stability_priority,6355,6104.459104951653,0.22626261462048466,0.16010618839247248,0.050910665556016185,0.008542666625236096,0.008535015154024047,0.008817733213476385,0.0012651435177175215,0.003926881024438518,0.00013127048806047884,0.8464,0.02904722692802603,0.0016481793273706706,0.005217620344955848,0.00013144587751845826,0.5823796216327396,0.03391187042950085,0.0032258287993567306,0.010777861001411477,0.0001250430904849892,0.06642309281452005,0.09047294246207421
2019-01-29,diesel,57.5914267742096,6286.4619999999995,6343922.0235,0.13275198293056265,230,138.38498367257426,54.45012083810539,1.0,54.45012083810539,54.45012083810539,0.0,0.05184950042023364,stability_priority,6585,6158.909225789758,0.01645948183295975,0.010834204457341632,0.03327382235011808,0.009588520489460508,0.009225269380052295,0.008590399785470805,7.440967424055155e-05,0.00021503093635070406,0.00010839890559838366,0.0625,0.0012521944058643349,0.0002660582825458649,0.0007914805549785876,0.00011609481993243867,0.03493643727960591,0.005868496068212209,0.0020428520201649526,0.006514150336864552,0.00013017897705538465,0.07660161482423458,0.04320904747997967
2019-02-15,diesel,58.91424279892484,6206.235,12600631.149999999,0.13275198293056265,50,67.99494959585758,67.99494959585758,1.0,67.99494959585758,67.99494959585758,0.0,0.022862526880483108,stability_priority,6635,6226.904175385615,0.033277230151194166,0.005119968733521917,0.008251179392335663,0.0096329879762724,0.009287338243058055,0.008965007695852078,7.32648655656477e-06,2.1360139449120754e-05,0.00010747493830011262,0.1296,0.0,1.7616249877208235e-05,5.114687446172273e-05,0.00011476112191864648,0.01981902758928535,0.0,0.0010358282778289768,0.0032126978865246957,0.00012177105515260388,0.0007338495443073225,0.025691558690176402
2019-03-01,diesel,62.15537233921507,6294.102999999999,5523514.9065,0.13275198293056265,260,162.60066136393755,162.60066136393755,0.75,121.95049602295316,121.95049602295316,40.65016534098439,0.018537700415606647,stability_priority,6895,6348.854671408569,0.04534497566891254,0.009231241543202028,0.010922034845508757,0.009518337960794132,0.009468038749109764,0.009446019340162896,0.0002641516451308539,0.0007371047807446371,0.00010986523910412932,0.17639999999999997,0.0,6.941444227275687e-05,0.00019796233495628413,0.00011092220779025345,0.0358009627965801,0.0,0.00086314496944187,0.002639507153381997,0.00011138650776821564,0.011644803960985868,0.021054436084380464
2019-03-29,diesel,64.18432514642905,6345.894,5523514.9065,0.13275198293056265,80,82.14566148471899,122.79582682570337,1.0,122.79582682570337,122.79582682570337,0.0,0.010780801754452885,stability_priority,6975,6471.650498234272,0.03334783177344339,0.006747371829542664,0.0040688810282682895,0.010557627408335582,0.010185449100837175,0.010120551370672281,0.00031861190805600073,0.0009117023108336203,8.915840015981542e-05,0.1296,0.0,0.0003246966484498643,0.0009286767737294127,9.632540935225783e-05,0.025892028022260233,0.0,0.0005444186090953644,0.0016457703249159713,9.760350521952535e-05,2.8583366643132695e-06,0.012917396337652556
2019-04-13,diesel,67.7074125661637,6437.08,5423320.284,0.13275198293056265,-30,162.01832877351626,162.01832877351626,0.75,121.5137465801372,121.5137465801372,40.504582193379065,0.019754421180668114,stability_priority,6945,6593.164244814409,0.012455874286541872,0.006694618079605543,0.0045385360378128094,0.010366279192071143,0.010599371684744919,0.010752563117432216,5.8760187830373515e-05,0.0001725184850006821,9.280857660512145e-05,0.0484,0.0,0.0005147176758466854,0.0014494416273342795,8.83718127215756e-05,0.025518571919307623,0.0,0.000438312799181317,0.001319603901678173,8.551508889707497e-05,6.574919024284123e-06,0.010225828074802193
2019-04-27,diesel,69.11899911641486,6467.356,5423320.284,0.13275198293056265,185,55.34297402852409,95.84755622190315,1.0,95.84755622190315,95.84755622190315,0.0,0.023068617149622387,stability_priority,7130,6689.011801036312,0.047547941151414745,0.011719203742040914,0.002357512920791382,0.010815657280149623,0.011365711959675106,0.011305785273819334,0.000385380719124602,0.0010848754415788552,8.435215119566862e-05,0.18489999999999998,0.0,8.994464287885999e-05,0.0002604113489924817,7.455092996329751e-05,0.045518525239879704,0.0,0.00024118965925443424,0.000721604568707471,7.558936970493676e-05,0.002635013310020426,0.005295021304063175
2019-05-14,diesel,67.89285334783487,6571.37,5973745.558,0.13275198293056265,-75,-25.901531019298474,-25.901531019298474,0.0,-0.0,0.0,-25.901531019298474,0.0900962938147745,stability_priority,7055,6689.011801036312,0.06938934302342067,0.0068121353314077775,0.014416152609501484,0.011828770637635067,0.01140852684191003,0.011605913826300695,2.4686536726722346e-05,7.312613408568234e-05,6.676898929237484e-05,0.27040000000000003,0.0,7.665494676026433e-05,0.00022466686706950576,7.381341102618045e-05,0.02640267840186267,0.0,0.0005825865640277425,0.001798835297871633,7.046068269148985e-05,0.03674701613484354,0.014177816463921966
2019-05-28,diesel,68.00149017161712,6621.668,5973745.558,0.13275198293056265,50,53.88376591056597,27.982234891267495,0.0,0.0,0.0,27.982234891267495,0.11961528252164305,stability_priority,7105,6689.011801036312,0.016059113367670984,0.006557926901474976,0.006854721648812527,0.011310294752470997,0.011490578861816052,0.011520846954623628,2.21322761818417e-05,6.443310182390384e-05,7.551097728893309e-05,0.0625,0.0,2.5050028568148487e-05,7.286643751122028e-05,7.24102481069718e-05,0.025462774424746544,0.0,0.0008008994945318184,0.0024932220882788124,7.189603636691541e-05,0.0,0.019864058121461792
2019-06-12,diesel,60.803864299344106,6660.895,5534258.5335,0.13275198293056265,-445,-382.0891214756658,-354.10688658439835,0.5,-177.05344329219918,-177.05344329219918,-177.05344329219918,0.14501463637845968,stability_priority,6660,6511.958357744113,0.26043501673194996,0.20147488701419652,0.0718060328919583,0.011108457278261222,0.011194925432853605,0.01122329927789162,0.0010769402987748573,0.0036161441852889,7.905953197250584e-05,0.9801,0.0288006319008503,0.000782926349375422,0.002578145552641946,7.752933813300828e-05,0.7602894341435518,0.02055545008338566,0.0020734363993831747,0.006867644449850312,7.703047556545777e-05,0.12539168712649598,0.04629870807994117
2019-06-26,diesel,60.31181874518448,6664.312,5534258.5335,0.13275198293056265,-115,-93.18423770483672,-270.2376809970359,0.5,-135.11884049851795,-135.11884049851795,-135.11884049851795,0.1008405283630376,stability_priority,6545,6376.839517245595,0.12435957129527751,0.09709351260995065,0.045697846464955616,0.009416200313573304,0.009669015441838518,0.010310837678776016,0.0018742903523361494,0.006119852817603461,0.00011201681580240583,0.43560000000000004,0.0400182639405665,0.0017276001125246232,0.005602044323820512,0.00010672924194097099,0.33386412746654504,0.03629088476520446,0.0032765121544858643,0.01104195659493427,9.387986648702655e-05,0.007034043645855267,0.09392533372986889
2019-07-10,diesel,62.23218388585334,6556.619999999999,12060863.369,0.13275198293056265,140,44.59222853914254,-90.52661195937542,0.75,-67.89495896953156,-67.89495896953156,-22.631652989843857,0.09391465671854485,stability_priority,6685,6308.944558276064,0.07083916584402457,0.027060715642318857,0.029660673604526955,0.010020786248154641,0.009985183783811425,0.009669883086722885,0.000551516970196461,0.0016642982374386543,9.958470710501953e-05,0.2601,0.013070075042961246,0.0009728691046255462,0.00302459491814554,0.00010029654384403365,0.07592941860271343,0.024174622675938208,0.002971474975501596,0.009852115833813235,0.00010671131544197392,0.01807620099129279,0.0787429174699123
2019-08-07,diesel,59.78548531751208,6461.293,6160658.426000001,0.13275198293056265,-70,-127.555958885432,-150.18761187527588,0.5,-75.09380593763794,-75.09380593763794,-75.09380593763794,0.09300145281238574,stability_priority,6615,6233.850752338426,0.04855980919547925,0.03552779641363785,0.027150376682263198,0.010136174565914384,0.00969365172354923,0.009306653351245595,0.000435837035437513,0.001351582136821131,9.729505219411429e-05,0.17639999999999997,0.01048995486241409,0.0006509172085549625,0.0020554540899185487,0.00010622081479549976,0.11853999373426576,0.016285732957274767,0.002812307832688872,0.009309361507742878,0.00011434766255042707,0.0002072935906808577,0.07216820534284972
2019-08-21,diesel,56.781321350083445,6399.698,6160658.426000001,0.13275198293056265,-205,-139.75528950591507,-214.849095443553,0.25,-53.71227386088825,-53.71227386088825,-161.13682158266477,0.08488483131919647,stability_priority,6410,6180.138478477537,0.02725364365021863,0.005994405408996393,0.0431593793299561,0.00880887586725244,0.008669762958998494,0.008955317344919682,0.0010517100086389608,0.0034097218611714884,0.00012524125935456482,0.0729,0.027275357784910893,0.0007358414016869683,0.002336078434324975,0.00012837427140528255,0.0005952946703514231,0.018582271978538255,0.0027686460801587902,0.00912533791862612,0.00012198501495143202,0.0018286796557963028,0.06999586584894654
2019-09-04,diesel,57.816294465619606,6364.164999999999,6545744.299000001,0.13275198293056265,105,89.62483010633724,-71.51199147632752,0.0,-0.0,0.0,-71.51199147632752,0.08066185468793294,stability_priority,6515,6180.138478477537,0.10194551474823647,0.05777652475589448,0.025283812027480923,0.00833768561361999,0.008569842753028245,0.008774851566222921,0.0004496746432255275,0.0013577782712896338,0.00013600957684676613,0.3844,0.010541128539616564,0.0005053625740505753,0.001533413435753327,0.00013064849469050094,0.21046095709332474,0.011990948199277473,0.002481505560257951,0.008059925361152563,0.00012600395736032802,0.011540033453228238,0.0580648307658967
2019-09-19,diesel,61.16112727142305,6349.888,6545744.299000001,0.13275198293056265,125,172.70944780806536,101.19745633173784,0.0,0.0,0.0,101.19745633173784,0.08266710248113261,stability_priority,6640,6180.138478477537,0.0009590482135187773,0.007233571806795871,0.025107121793709948,0.009397870704886947,0.009396532584741303,0.00882280982290575,9.035820123764672e-05,0.0002659650108869207,0.00011240514559029442,0.0016,0.0016387274435083986,3.1028525657954856e-05,8.998847185393039e-05,0.00011243352122645296,0.027612214794569254,0.0003697931117255215,0.0023611494422141176,0.007650466406541603,0.0001249295802549322,0.0,0.05381226558699226
2019-10-22,diesel,57.12562169048032,6378.09,13589885.717,0.13275198293056265,-145,-225.8634624665325,-124.66600613479466,0.0,-0.0,0.0,-124.66600613479466,0.08454537474703552,stability_priority,6495,6180.138478477537,0.07917787029371628,0.1704198279268294,0.032041923472111905,0.009179687893322411,0.009267021660874456,0.008868514631001058,0.0005590805109999145,0.001764000000000002,0.0001170791540859136,0.2916,0.013891151936486122,0.0009132253465125867,0.0029571998269852257,0.00011519682402813812,0.6354414592190505,0.023629971742405113,0.00260149053092188,0.008469571115068917,0.00012390996652023752,0.0,0.06251354695432423
2019-11-05,diesel,58.82863583797074,6415.647000000001,6131433.170499999,0.13275198293056265,105,58.77561968980722,-65.89038644498743,0.0,-0.0,0.0,-65.89038644498743,0.08243896125398022,stability_priority,6600,6180.138478477537,0.06661765193309643,0.0868775873843722,0.027237500712987302,0.008486850270454595,0.00811777408087854,0.008912071874894309,0.00034229169453477354,0.0010283391324380248,0.00013255261669493145,0.25,0.007820049873241152,0.0004970137258465182,0.0015150629907144113,0.00014118729279304185,0.324077628363214,0.011839552165653225,0.0029377394605358785,0.009625046455979225,0.00012294215010750983,0.0,0.07596288634467271
2019-11-19,diesel,60.38635653789781,6439.6900000000005,6131433.170499999,0.13275198293056265,65,53.653222237082495,-12.237164207904932,0.0,-0.0,0.0,-12.237164207904932,0.07902836498566601,stability_priority,6665,6180.138478477537,0.0032424065999004724,0.0018566692900535214,0.026874948538313268,0.009446800628209344,0.009251068310639116,0.008953582463706316,0.0002284583416272058,0.0006861805796535444,0.0001113700169807627,0.0064,0.005004917594269117,0.0002571939669172128,0.0007752184584412598,0.00011553953246254664,0.00010495582265472307,0.005734904179019037,0.0031625531381477942,0.010403528156212025,0.00012202334038613663,0.0,0.08565717529289558
2019-12-03,diesel,61.6447790105661,6498.66,6566013.291500001,0.13275198293056265,50,83.19869862157157,70.96153441366664,1.0,70.96153441366664,70.96153441366664,0.0,0.17835476713773774,stability_priority,6715,6251.100012891204,0.0020516918857756356,0.002099849031232482,0.03005415553253428,0.009305896209671923,0.009302747663589732,0.009087049128463968,0.0002559412216634232,0.0007718715470693009,0.00011436385587830935,0.0009,0.005707418538981975,0.00017753893349770766,0.0005299865075882687,0.00011443120754883495,0.0034917406991456052,0.0037330035974969854,0.003057987494035241,0.009920683463317048,0.00011909249672455904,0.020142157465367978,0.07959036282904292
2019-12-31,diesel,65.79524728050137,6530.459999999999,6566013.291500001,0.13275198293056265,230,217.2499934493532,217.2499934493532,0.0,0.0,0.0,217.2499934493532,0.271180179417291,stability_priority,6945,6251.100012891204,0.03327567576837848,0.018468393164003002,0.07189459208673596,0.009591962225160343,0.009703583578719043,0.009413441088041973,3.3954827706794907e-08,9.67304041161887e-08,0.00010832725032248925,0.1296,0.0,1.455951756420561e-06,4.163493103926075e-06,0.00010601619112042416,0.07187899858001934,0.0,0.0033224276782153135,0.010959940080938122,0.00011207522959635793,0.020142157465367978,0.09284849083025343
2020-02-05,diesel,56.51253007511973,6508.360000000001,5826400.531166668,0.13022159358793023,-405,-521.0995819041096,-303.84958845475643,0.5,-151.92479422737821,-151.92479422737821,-151.92479422737821,0.27256975900797353,stability_priority,6540,6099.175218663826,0.421374103611375,0.5703263184690038,0.09396417762862999,0.009828798566398353,0.009643610792988368,0.009232626906266684,0.000915266106889249,0.00304285501594517,0.00010345333860290021,1.6129,0.024322086613076267,0.001550697920302085,0.005350587526936521,0.00010725479740710703,2.1806403816985553,0.03469417144722921,0.004668895885191788,0.01615149786247692,0.00011593632333965217,0.09232457240412484,0.16714512349804844
2020-02-19,diesel,53.91955130446159,6482.38,5826400.531166668,0.13022159358793023,-400,-189.9702758586409,-341.89507008601913,0.5,-170.94753504300957,-170.94753504300957,-170.94753504300957,0.1944795733566388,stability_priority,6140,5928.227683620817,0.03932071311825034,0.12618929022978448,0.11162088010672391,0.007270262605389649,0.007106179738893013,0.00840945541764019,0.0037707209247632868,0.013400890417935471,0.00016204621413574112,0.0001,0.12643731941951358,0.001972146007141166,0.006535504238539049,0.00016625060092573306,0.43858646928861483,0.04338978103744065,0.0066058152540497276,0.023555157281302006,0.00013434072371567036,0.0014474586725547476,0.28457457887170906
2020-03-18,diesel,36.82233377727081,6217.004999999999,9574194.771,0.13022159358793023,-975,-81.70038221494632,-252.6479172579559,0.25,-63.161979314488974,-63.161979314488974,-189.48593794346692,0.09134611951150366,stability_priority,5165,5865.0657043063275,0.6557791412958384,0.028263103961461356,0.08442964505834197,0.005614617380327372,0.007624271151682503,0.007671982509588,0.015195875490692571,0.06952691777443108,0.0002069392331143793,1.3224999999999998,1.0309695868896909,0.0022655564801604207,0.00742981203446825,0.00015315866452707795,0.04688947947846774,0.051608090195341766,0.004251774715881168,0.014401446708016803,0.00015198001524390417,0.04647090409482408,0.14096080876342804
2020-06-29,diesel,40.36722861556009,5486.427,13604170.254999999,0.13022159358793023,110,134.8968886649345,-54.58904927853243,0.0,-0.0,0.0,-54.58904927853243,0.010276367461006446,stability_priority,5275,5865.0657043063275,1.2332554016864266,0.0698494285785786,0.006522250569229129,0.00389242368600591,0.007645697320282094,0.007499788580021087,0.0031158405699289074,0.010016196126016922,0.00025945401471114344,4.7089,0.08077682286279708,0.0028467707877975366,0.009062096658763901,0.00015262879470208504,0.1876575110104498,0.0692563532893628,7.07290341774754e-06,2.0778150259528808e-05,0.00015625528554417124,0.01595774252369573,0.0
2020-07-11,diesel,41.77423652824659,5209.293,14596658.588,0.13022159358793023,100,73.1624626820904,18.57341340355798,0.0,0.0,0.0,18.57341340355798,0.0041359743883013795,stability_priority,5375,5865.0657043063275,0.002132994605257054,0.006732280414557445,0.0005463024732581677,0.008306349211750795,0.008387786656334347,0.007607659124680862,0.0002849281897064781,0.0008509350299275247,0.00013674146875752125,0.0004,0.006357461644755591,0.0003838555180917054,0.001158324913871249,0.00013484349873880665,0.01524455740572502,0.008893498410457302,0.0009391538163227016,0.002684270939516406,0.0001535701123701055,0.0,0.0
2020-08-22,diesel,43.85823497882871,5189.5109999999995,13207330.352,0.13022159358793023,80,43.18109865978206,61.75451206334004,0.0,0.0,0.0,61.75451206334004,0.006714266711246215,stability_priority,5455,5865.0657043063275,0.0006477816693406329,0.0016016634615734267,0.003351458213228147,0.008316106511708792,0.00813021177011029,0.0077104610796271695,4.367865266770932e-05,0.00012839320197499383,0.0001365133670457337,0.0016,0.0006253387740752895,0.00010623733104970893,0.0003166898411705217,0.0001408918726224283,0.003595528754552662,0.002031674024588891,0.0010675471908696344,0.003045141684936232,0.0001510327668753586,0.0,0.0
2020-09-19,diesel,39.64007599342116,5356.751,12132160.858,0.13022159358793023,-300,-78.22391345657047,-16.469401393230434,0.0,-0.0,0.0,-16.469401393230434,0.004375335267638587,stability_priority,5155,5865.0657043063275,0.17268803929988497,0.023075411029951448,0.00031782889012872564,0.007738588351843532,0.007896228918859211,0.007808432606276217,0.002831723967458786,0.009828135730323134,0.00015034221560554715,0.5776,0.0784474009100216,0.000995880084972666,0.0031669468879649515,0.00014650127438466007,0.05895670786788682,0.02532304045869117,0.0002451867190347869,0.000711193044312085,0.0001486343155157089,0.0,0.0
2020-10-23,diesel,41.00596192843084,5351.187,11254370.355999999,0.13022159358793023,70,-53.89307733077841,-70.36247872400884,0.75,-52.77185904300663,-52.77185904300663,-17.59061968100221,0.004279578656345248,stability_priority,5225,5812.293845263321,0.15568482757293256,0.03340275636928071,0.0031771513803539333,0.006609001477086428,0.007450248775322503,0.00782821374821811,0.0022229041971618753,0.007081327184597418,0.00017931884144067344,0.5476,0.048262428024838655,0.003549688896313386,0.011886378404108507,0.00015749625580129432,0.0023679583463205923,0.10524093288058547,0.00012715739126887996,0.0003737658046242635,0.00014815238055906665,0.011139476427419843,0.0
2020-11-06,diesel,38.34252841915856,5286.643,5579338.011,0.13022159358793023,-150,-80.16374438473167,-97.75436406573388,0.75,-73.31577304930042,-73.31577304930042,-24.438591016433463,0.025629515877598354,stability_priority,5075,5738.97807221402,0.07617791208922482,0.017679253999761564,0.0009828176017940514,0.008032493363080167,0.007528305558179136,0.007587808975003008,0.003054973905322271,0.010343511231002937,0.00014322121510472027,0.1936,0.08489393334656416,0.002329794632277883,0.007667266125043266,0.00015554316225014546,0.002760591789838661,0.053982674344205006,0.00011999821711277371,0.0003541190816740767,0.00015406248604101592,0.0016882096107919764,0.0
2020-11-20,diesel,41.39589389256359,5237.312,5579338.011,0.13022159358793023,145,-40.252559269532775,-64.69115028596624,0.0,-0.0,0.0,-64.69115028596624,0.03412515593852905,stability_priority,5220,5738.97807221402,0.09849355996087088,0.027009835246852843,0.008970738692078307,0.007192388078185242,0.007235035607760138,0.007369551294369825,0.0013056331784676873,0.004008976018555215,0.00016403492313981152,0.34809999999999997,0.029182424438591505,0.0030354103243715224,0.010046716621288162,0.0001629443159351516,0.006371610789198695,0.08115740071112118,0.00025920111052186567,0.0007515182533068812,0.00015952823450555496,0.0215008103112661,0.0
2020-12-04,diesel,45.8284697044521,5274.335,5798512.823499999,0.13022159358793023,240,253.97861746014792,189.28746717418167,0.75,141.96560038063626,141.96560038063626,47.32186679354541,0.028738466424249945,stability_priority,5460,5880.943672594656,0.010840817980242865,0.09010720317584363,0.022673387149963146,0.008588898214214314,0.007678996772696216,0.007685852491916795,0.00023309033497865685,0.0006757619257268985,0.00013021324396556128,0.0361,0.004919687467714505,0.00019196478383112764,0.0005535954158819887,0.00015180712052723026,0.3462879414389304,0.003924305562056214,0.000664090445822644,0.0018617659668053476,0.0001516382288508318,0.08061692676573805,0.0
2020-12-18,diesel,48.69680983086777,5305.201999999999,5798512.823499999,0.13022159358793023,150,167.5849799811479,214.90684677469332,0.75,161.18013508101998,161.18013508101998,53.72671169367334,0.007444688124420372,stability_priority,5610,6042.123807675676,0.008362043629538265,0.007690947870866372,0.003055495459690606,0.009183307231268645,0.009278005521815428,0.008640586410493676,1.1138652178917905e-05,3.213535811083323e-05,0.0001170008424531252,0.0324,5.191127306315933e-05,2.569293571771179e-06,7.364689896024463e-06,0.00011496116559022045,0.029855442387411495,0.0,0.0013885349455143136,0.0038395418000687167,0.00012903627709746096,0.0014767933750090005,0.0
2021-01-01,diesel,49.85432428184906,5468.51,3785022.6151111107,0.13095435684647302,85,53.86912165236582,107.59583334603916,1.0,107.59583334603916,107.59583334603916,0.0,0.006232807988627133,stability_priority,5695,6149.719641021716,0.005234835206725662,0.014778153357663708,0.0031973070843294535,0.009520054048600544,0.009556884212326122,0.00954010898351056,0.0001378837652161541,0.0004092539656723369,0.00010982926714425386,0.016900000000000002,0.0027625838927528928,0.00021674071174461297,0.000650649525961463,0.00010905866735476341,0.051725185741806554,0.0047144463524001375,0.0009173553191608871,0.0025776786999111632,0.0001094093200768365,0.011485109569701876,0.0
2021-01-16,diesel,53.26909011347213,5554.147999999999,3785022.6151111107,0.13095435684647302,180,144.50215100579845,144.50215100579845,0.5,72.25107550289923,72.25107550289923,72.25107550289923,0.03515770574258649,stability_priority,5875,6221.9707165246145,0.00930154318289786,0.008646557736491924,0.005676250022833672,0.010197372321336273,0.010004742223248125,0.010102766351210195,1.0102024879547074e-05,2.9018622841103168e-05,9.609150940650421e-05,0.0361,3.985473129506742e-05,4.261649811154553e-05,0.0001239619943740141,9.990517802371884e-05,0.032857384039120724,0.0005948815931735958,0.0007909718731780578,0.002240411878857697,9.795523389873715e-05,0.004997007627960806,0.0
2021-01-30,diesel,54.2745690912804,5611.24,3785022.6151111107,0.13095435684647302,70,33.25350379491296,105.50457929781219,1.0,105.50457929781219,105.50457929781219,0.0,0.03276525028919264,stability_priority,5945,6327.475295822427,0.012440107605745624,0.012851464870646055,0.0014020044494501868,0.010992590276304004,0.010782323928752438,0.010526914831766793,5.093243628538373e-06,1.4889602686809875e-05,8.113342993053319e-05,0.0484,2.1580952784754258e-06,3.196575750778015e-05,9.465445566806373e-05,8.49655521544499e-05,0.04950504602500824,0.0003996661300918586,0.0010076334030175093,0.002829653038729126,8.973934260459998e-05,0.004423182058553162,0.0
2021-02-19,diesel,60.96463300505847,5711.120000000001,11547531.687666668,0.13095435684647302,265,347.4396305973653,347.4396305973653,0.75,260.57972294802397,260.57972294802397,86.85990764934132,0.03340673912773009,stability_priority,6210,6588.055018770451,0.039074825603066604,0.10140305293286155,0.03119983782373495,0.011161253053510614,0.011115001286823288,0.011262206426760393,0.00014836928304412509,0.00041350993281315517,7.812344758407546e-05,0.1521,0.0,0.0003839512648705047,0.0010487120078030822,7.894320213315183e-05,0.3948516891005066,0.0,0.001972063574197588,0.005345050243153954,7.634903652854738e-05,0.09619320071253526,0.0
2021-03-04,diesel,63.49776121057933,5912.128000000001,5210210.642499999,0.13095435684647302,250,156.04950956061575,242.90941720995707,1.0,242.90941720995707,242.90941720995707,0.0,0.04900506468250787,stability_priority,6460,6830.964435980408,0.00029863447637620583,0.03761126967576992,0.000819871691464182,0.01266039716987136,0.01289064708245463,0.012546088484092876,0.00022051233915466553,0.000615531491339891,5.3869769704032345e-05,0.0009,0.0,4.475760174560307e-05,0.00012776875129271023,5.054289890621087e-05,0.14652071372184655,0.0,0.0020415945797184532,0.0055518144840355724,5.5560796886972855e-05,0.00124895881950704,0.0
2021-03-18,diesel,67.01854661579151,6036.728,5210210.642499999,0.13095435684647302,230,214.17331893477825,214.17331893477825,0.5,107.08665946738913,107.08665946738913,107.08665946738913,0.04936350889745958,stability_priority,6690,6938.051095447797,0.0005433619932100044,0.0035872493277587614,0.028536216964341624,0.013735675611453882,0.013329446917488566,0.013486257704604689,0.0005093185115707544,0.0014174493395090275,3.924176004493371e-05,0.0016,0.0,0.0004514325455204595,0.0012609071640789988,4.44962784266028e-05,0.013513508864655924,0.0,0.0017556599789123925,0.004887425786736338,4.242883869082178e-05,0.07379128608318519,0.0
2021-04-01,diesel,62.04512012374969,6164.375,4908016.0975,0.13095435684647302,-220,-213.44763922034176,-106.36097975295263,0.0,-0.0,0.0,-106.36097975295263,0.03073744931935453,stability_priority,6470,6938.051095447797,0.2080728461680821,0.18786717439525383,0.021053415624728136,0.013952737648177421,0.0138982085367626,0.013713011943548034,5.272056082706772e-05,0.00016288781715156626,3.656938195177075e-05,0.81,0.0008687386576612671,4.515220713294456e-05,0.0001392125372104016,3.723185906083681e-05,0.7314387354140115,0.0007005510305655864,0.0009282199316993765,0.0026534882480061797,3.952621882196968e-05,0.045870210543538244,0.0
2021-04-29,diesel,64.58044852548319,6207.103999999999,4908016.0975,0.13095435684647302,95,110.9725198580946,4.6115401051419695,0.0,0.0,0.0,4.6115401051419695,0.014796703107706977,stability_priority,6565,6938.051095447797,0.10184554176685622,0.10801113764547184,0.0002029827372806933,0.01280957781087121,0.012854769572201382,0.013528937359654134,1.0297510910075939e-05,3.0076828898894433e-05,5.170217125791567e-05,0.39690000000000003,4.383868499054681e-05,3.500415620282122e-06,1.0172735272242189e-05,5.105431786633923e-05,0.4209937584659118,0.0,0.0007169233173464749,0.002056928579700172,4.1874651695280015e-05,0.0,0.0
2021-05-15,diesel,67.36618689441394,6260.895,11140665.192,0.13095435684647302,100,140.97400999417795,145.5855500993199,0.75,109.18916257448993,109.18916257448993,36.396387524829976,0.018071956741219627,stability_priority,6665,7047.240258022287,3.607198870709445e-05,0.0009370324112963466,0.013532901351358397,0.013852901928557987,0.013966963985711926,0.013482222287484349,1.3725183627435022e-07,3.980445599020837e-07,3.778681469992613e-05,0.0001,0.0,1.4125923805505378e-05,4.058357797344762e-05,3.6397523549696933e-05,0.003600357641542026,0.0,0.0009454311236452669,0.0026607041227732376,4.248142630976576e-05,0.04768909289487357,0.0
2021-06-12,diesel,70.3200309153057,6313.668,5459774.984499997,0.13095435684647302,170,110.9846124842816,147.38100000911157,1.0,147.38100000911157,147.38100000911157,0.0,0.005323077245633152,stability_priority,6835,7194.621258031399,0.005060692378974675,0.0009384892615850148,0.001843051707409854,0.013906425754478764,0.013993329148819575,0.013881763573881344,9.307290326241596e-05,0.00026483931406456787,3.7131647085679704e-05,0.019600000000000003,0.0,2.3481972886661976e-05,6.771148220613756e-05,3.608009471442057e-05,0.003597455852026309,0.0,0.0014017138739297029,0.0038995144332452008,3.74328169658852e-05,0.0058344657865302685,0.0
2021-06-29,diesel,73.81668627930864,6346.343999999999,5459774.984499997,0.13095435684647302,215,210.420038155214,210.420038155214,0.75,157.8150286164105,157.8150286164105,52.6050095388035,0.022120698363902316,stability_priority,7050,7352.4362866478095,0.002222244795996186,0.010286573451313749,0.0028455484346101355,0.014598114200500894,0.01436660677239279,0.014403003862102734,0.000567883289248672,0.0015847852791308387,2.9180370190830096e-05,0.0081,0.0,0.0005507635700290838,0.0015385364315542809,3.1735119256850773e-05,0.03954961551343809,0.0,0.0021428712801216288,0.0059040700936280185,3.132636576763691e-05,0.00043547581191172963,0.0
2021-07-13,diesel,75.49530422422905,6451.754999999999,5934784.188999999,0.13095435684647302,65,92.50243893834084,145.10744847714435,0.75,108.83058635785827,108.83058635785827,36.27686211928608,0.046888932008047106,stability_priority,7115,7461.266873005668,0.02318780779861263,0.0143889982251508,0.00401127031503426,0.015064875505453308,0.015079675260525968,0.014867498473146622,0.00038538309141242206,0.0011034255329446195,2.4355453776674747e-05,0.09,0.0,0.00047344160685584467,0.0013475832715934256,2.4209595541880206e-05,0.0556182408202845,0.0,0.0020417012396429304,0.005670139756036579,2.6342571923152256e-05,0.009597902333525754,0.0
2021-07-27,diesel,72.90358332124636,6505.98,5934784.188999999,0.13095435684647302,-95,-121.98945564689002,-85.71259352760394,0.75,-64.28444514570296,-64.28444514570296,-21.428148381900982,0.0542087863406238,stability_priority,7020,7396.982427859964,0.026290507934828112,0.047223013111323466,0.03143564698108272,0.014755331018838322,0.014823888847720222,0.014936560161453913,5.900820877479953e-05,0.0001748271604938289,2.7506552721959483e-05,0.1024,0.0,3.121586133709744e-05,9.303243852696615e-05,2.679212666075509e-05,0.18402709137104714,0.0,0.0012742294384795031,0.0036547892000648487,2.5638422998575634e-05,0.11987525652991599,0.0
2021-08-24,diesel,68.50168497549342,6584.21,12683994.61,0.13095435684647302,-245,-203.13750179589755,-224.56565017779855,0.5,-112.28282508889927,-112.28282508889927,-112.28282508889927,0.025736093791559115,stability_priority,6775,7284.699602771065,0.02550679655042287,0.00829259937761084,0.01256843778795479,0.014068728349042615,0.014020667959688538,0.014350916356827002,0.00032055219110696363,0.0010137292052123472,3.517998339745075e-05,0.09,0.007699461473018275,0.00021435968097017756,0.0006693101742185733,3.5752411648295243e-05,0.026340021575205822,0.004866931493585232,0.00044637533686109554,0.0013074750050712527,3.191214600756472e-05,0.00921537790868572,0.0
2021-09-07,diesel,70.94020696686133,6592.987999999999,6088655.286499999,0.13095435684647302,140,97.80563799377084,-14.477187095128428,0.0,-0.0,0.0,-14.477187095128428,0.08216647629997913,stability_priority,6915,7284.699602771065,0.15242304366629691,0.09371950751559122,0.01321829809851792,0.013414978148544246,0.013516267360898466,0.013749383512233806,6.158923121731062e-05,0.00018044084624316612,4.336251278414978e-05,0.5929,0.0009960813639723035,0.00012536222664963917,0.0003719597339914047,4.203878893535055e-05,0.3622670935458556,0.002466350373240177,0.0004232514852691971,0.0012217843874045983,3.9070206477134595e-05,0.0504297312397774,0.0
2021-09-19,diesel,72.09496687218568,6599.938,6088655.286499999,0.13095435684647302,85,26.38502166895121,11.907834573822782,0.0,0.0,0.0,11.907834573822782,0.09612690253366268,stability_priority,7000,7284.699602771065,0.003113930938839668,0.005419057271254777,0.00022253630472382577,0.014191620668824966,0.013963316647548707,0.013563599911671038,2.7793081396658325e-06,8.112731510204152e-06,3.373727045482134e-05,0.0121,0.0,3.934296087992215e-05,0.00011685518911222698,3.644154589776258e-05,0.02040361774486837,0.0005464972435028312,0.000400238888333218,0.0011559985074914095,4.1427246097041076e-05,0.0,0.0
2021-10-10,diesel,78.96768144260471,6665.584999999999,7002062.752,0.13095435684647302,330,383.4111900673122,395.319024641135,0.5,197.6595123205675,197.6595123205675,197.6595123205675,0.12252012343423072,stability_priority,7330,7482.359115091633,0.06168294088865248,0.13092622191694703,0.07156402813705942,0.014085879454277594,0.01393190492944244,0.013608456037964435,0.00033977226194707776,0.0009390085824388813,3.49768218293359e-05,0.24009999999999998,0.0,0.0005069043417418803,0.0013854388427979008,3.682177778532497e-05,0.5098707396848593,0.0,0.0008671203830609231,0.0024167028942705436,4.085183421863329e-05,0.1562771312432183,0.0
2021-10-23,diesel,83.66223786031158,6708.9259999999995,7002062.752,0.13095435684647302,290,236.6157064455024,434.2752187660699,0.5,217.13760938303494,217.13760938303494,217.13760938303494,0.11649283927760919,stability_priority,7620,7699.496724474668,0.001957154076738603,0.022364165489215496,0.038525723065061857,0.01495626641164371,0.015091476365833384,0.014359263253932783,0.0012963550246602655,0.0035478125646006935,2.5439248510313424e-05,0.0064,0.0,0.0010289723177979227,0.00284641733019601,2.4093604267172247e-05,0.08619565604704409,0.0,0.0017140817084106933,0.004713365882421897,3.181791103843298e-05,0.001517585060699611,0.0
2021-11-20,diesel,81.7741352559971,6844.895,15948376.496000001,0.13095435684647302,-90,-114.27892698615666,102.85868239687828,0.0,0.0,0.0,102.85868239687828,0.08446813001456854,stability_priority,7530,7699.496724474668,0.1482572634250154,0.1264147702706626,0.057071745983472484,0.01505815328810956,0.014846183954924604,0.014885607835818071,0.0003278661290624318,0.000959971059101351,2.4421848923822357e-05,0.5776,0.0,0.00026726483199308144,0.0007864088968814071,2.6561819826476605e-05,0.4925081750845537,0.0,0.000909383649559806,0.0026004381730886056,2.6157007209045515e-05,0.18859496563431785,0.0
2021-12-04,diesel,74.59425467322328,6878.105,8308062.3875,0.13095435684647302,-415,-329.50508077201914,-226.64639837514085,0.5,-113.32319918757042,-113.32319918757042,-113.32319918757042,0.04383440491976912,stability_priority,7115,7586.173525287098,0.11002997931417567,0.04797754444187051,0.023552592778219122,0.013894200384824702,0.01390572413689932,0.014526063057131344,0.00022203805003145059,0.0007131489553460852,3.7280788940674816e-05,0.42250000000000004,0.0052257320783378304,7.3993519356311e-05,0.00023185239263238513,3.714019829557155e-05,0.18528918909382291,0.001378773955086054,0.0003789657996137943,0.0011113366462384316,2.9963985654502255e-05,0.05136858989642304,0.0
2021-12-18,diesel,73.19518770813278,6902.314,8308062.3875,0.13095435684647302,-125,-99.59666253439931,-212.91986172196974,0.25,-53.229965430492435,-53.229965430492435,-159.6898962914773,0.08695362686449518,stability_priority,6990,7532.943559856605,0.0919024811205129,0.059008367700041114,0.024163721211419183,0.012753248464909371,0.013072277203733856,0.013870689741341478,0.0007126230176049867,0.002252025227046203,5.251540781133839e-05,0.3364,0.01789540224051781,0.000613878160719062,0.0019254414442424136,4.79933431419056e-05,0.21143152310609725,0.015218659143745778,0.00019222047025368414,0.0005624590882679093,3.7568444246896604e-05,0.014444786973531269,0.0
2022-01-01,diesel,74.9262029070608,6889.77,5422451.147777777,0.1302062107751243,135,94.79936727972148,-64.89052901175583,0.0,-0.0,0.0,-64.89052901175583,0.09382479937418933,stability_priority,7125,7532.943559856605,0.0710547315480473,0.041304936199225435,0.0063419547725215,0.013388691868395936,0.013432796782908105,0.013500092414366732,0.0002445082048020969,0.0007282044277008343,4.3709395211014025e-05,0.27040000000000003,0.005349120978608165,0.0003499241907823345,0.0010544398562955832,4.312815809458214e-05,0.15115926562997017,0.008035522307300098,0.00022193099330439749,0.0006442174376933552,4.2248798621772906e-05,0.01133371687892568,0.0
2022-01-18,diesel,82.42811864871784,6889.691999999999,5422451.147777777,0.1302062107751243,330,423.49793025847833,358.6074012467225,0.75,268.95555093504186,268.95555093504186,89.65185031168062,0.09654832571919295,stability_priority,7455,7801.899110791647,0.03904856667997843,0.11093755613196968,0.08094766408023782,0.014197820028565188,0.014158333341595832,0.013618025190053,8.982181776108966e-05,0.00025056915270294184,3.366529242091928e-05,0.1521,0.0,0.00027183998154564523,0.0007440034820899809,3.412506934791093e-05,0.4321709812171992,0.0,0.0011776376498273363,0.003240018697308652,4.072960247479805e-05,0.2893483535150876,0.0
2022-01-30,diesel,88.27679784336111,6889.639999999999,5422451.147777777,0.1302062107751243,300,295.1176745679044,384.769524879585,1.0,384.769524879585,384.769524879585,0.0,0.022380872104688764,stability_priority,7755,8186.668635671233,0.0011613372644853576,0.01714364580807326,0.014627633417904665,0.014949818652374353,0.015279437863775822,0.014753159185075596,0.0009684426695650477,0.0026612560204289978,2.5504331643906004e-05,0.0036,0.0,0.0009466329963259153,0.002603825303865534,2.2283706881953383e-05,0.06592596020470859,0.0,0.003658752852759866,0.009688818955903688,2.7529338537156594e-05,0.05365150624330927,0.0
2022-02-18,diesel,95.09613645496208,7069.8099999999995,15864101.077666668,0.1302062107751243,200,372.2513357589925,372.2513357589925,0.75,279.1885018192444,279.1885018192444,93.06283393974815,0.06909220277410558,stability_priority,7955,8465.857137490477,0.010492379689704246,0.006540033273162464,0.019339132593140733,0.015758365041095523,0.015923304331141266,0.016058032699739492,0.0009432716797604291,0.002629091785542584,1.799146712460059e-05,0.04000000000000001,0.0,0.0018221582814378213,0.004915492576622004,1.661944757649156e-05,0.023798406754966313,0.0,0.004111847234481146,0.011004686445119703,1.5539106196323123e-05,0.04458940972187271,0.0
2022-03-04,diesel,101.13341693701254,7445.986999999999,7460848.796,0.1302062107751243,255,296.66459773736915,389.7274316771173,1.0,389.7274316771173,389.7274316771173,0.0,0.11090900023141761,stability_priority,8210,8855.584569167595,0.0032008661335908486,0.005986697084337898,0.013409097945600466,0.016684264184415026,0.01729409055151528,0.01701080223282364,0.00039030266271094925,0.0010928862868727633,1.0994103998752957e-05,0.0121,0.0,0.0005098523308634643,0.0014166333640572612,7.321945943398887e-06,0.022853419858998095,0.0,0.0037043796555786862,0.009835902265677654,8.935303291292134e-06,0.048875420056495,0.0
2022-03-18,diesel,113.50585413252529,7678.9,7460848.796,0.1302062107751243,720,675.5018928121759,675.5018928121759,0.5,337.75094640608796,337.75094640608796,337.75094640608796,0.2690369433159538,stability_priority,8930,9193.335515573683,0.22244615571341056,0.14777825403602982,0.09500029011974988,0.0182072736585175,0.01829664385737173,0.018158826783780804,0.002483490194099485,0.006416135577322193,3.213867735445229e-06,0.8649000000000001,0.0,0.002206788011213434,0.005744799508997816,2.901422148629459e-06,0.5740707845583849,0.0,0.004113988839689338,0.010968768342986759,3.3899188121229413e-06,0.010806220084518117,0.0
2022-04-01,diesel,114.89434328685368,8035.200000000001,4598421.739666667,0.1302062107751243,110,59.71263449611234,397.4635809022003,0.25,99.36589522555008,99.36589522555008,298.09768567665026,0.17879475483146678,stability_priority,9040,9292.701410799233,0.3820384379536229,0.38927794041194524,0.12988960795323037,0.020105239967742133,0.01992083002656299,0.018827837718347326,0.0009263102630457274,0.002616367765682505,1.1075450810365191e-08,1.4884,0.0,0.0007485751297775034,0.0021324377484405826,6.267884694017188e-09,1.5167856426297912,0.0,0.002034831055242112,0.005673314045409399,1.3739644145292033e-06,0.22730973050539066,0.0
2022-04-16,diesel,103.45333688276853,8184.642,4598421.739666667,0.1302062107751243,-530,-528.8401293912625,-230.74244371461225,0.25,-57.68561092865306,-57.68561092865306,-173.0568327859592,0.07817125887582063,stability_priority,8510,9235.01579987058,0.42132422740007763,0.3564542818311806,0.04951335198424314,0.01823837962388642,0.01809568052066826,0.018628565649932264,0.00014778393404036555,0.0004738269978086184,3.10330634953855e-06,1.6384,0.0032797684654777065,0.00014605081394734315,0.0004681381886210935,3.626432679362306e-06,1.3855774235178717,0.0032340192165872302,0.0010052368277446754,0.002887790948375488,1.8808321765457146e-06,0.09866070234121481,0.0
2022-04-29,diesel,105.00803524072398,8284.27,4598421.739666667,0.1302062107751243,200,98.57054167742372,-74.48629110853547,0.0,-0.0,0.0,-74.48629110853547,0.06312104999203548,stability_priority,8710,9235.01579987058,0.5470051924875354,0.4050173754467531,0.008010459982514283,0.01690913749917663,0.01681493489527311,0.018055059892651538,4.244669764417e-05,0.00012369219301356076,9.55343099899611e-06,2.1315999999999997,0.0005930341064768148,0.00016698737902717434,0.0004985475091610456,1.0144639721348922e-05,1.5745766006834372,0.0034789329521245694,0.0006420479383728631,0.0018447110878922477,3.7827920211726492e-06,0.013310518832847751,0.0
2022-05-17,diesel,108.36545148363524,8218.324999999999,7291895.2095,0.1302062107751243,270,290.7492603985941,216.26296929005866,1.0,216.26296929005866,216.26296929005866,0.0,0.08014309960023136,stability_priority,8980,9451.278769160639,0.005081277683760736,0.03795995750629154,0.048421391842477346,0.018520408930260995,0.0182356421624969,0.017858483105134226,0.00021871180248553173,0.0006159848614962289,2.1891897336514133e-06,0.019600000000000003,0.0,0.00025838621705198065,0.0007251598391611871,3.112958578758613e-06,0.14773063971724293,0.0,0.001797242767315606,0.004963716150626167,4.58609461099555e-06,0.18707868754461143,0.0
2022-05-31,diesel,114.66074917575683,8178.758,7291895.2095,0.1302062107751243,390,341.01582426834307,341.01582426834307,1.0,341.01582426834307,341.01582426834307,0.0,0.14246535090477708,stability_priority,9370,9792.294593428982,0.015169935316751386,0.002933298318345963,0.016936846782988357,0.01862611151822017,0.01864231035040528,0.01837249114880411,0.0016604400989801231,0.0045069226563124705,1.8875695603672905e-06,0.0576,0.0,0.0014298119723305297,0.003912064106098337,1.8433211846166349e-06,0.0101069097730862,0.0,0.004109415616457344,0.010978041408905074,2.64878506072097e-06,0.062253099300931446,0.0
2022-06-15,diesel,123.52366202148691,8359.32,7044438.2925,0.1302062107751243,375,507.6800543613966,507.6800543613966,0.5,253.8400271806983,253.8400271806983,253.8400271806983,0.17296252841286885,stability_priority,9745,10046.13462060968,0.0008225910764864374,0.02927984408411744,0.06036690727923979,0.01940541420525337,0.0193819782692138,0.019102526117123188,0.002503543448239077,0.006755844695454991,3.535322673144831e-07,0.0009,0.0,0.0033223010003184663,0.008782737747560151,3.8195085972396874e-07,0.11110786237004121,0.0,0.004324333196089,0.011643884018862743,8.054593704459828e-07,0.030398478391464846,0.0
2022-06-29,diesel,116.30201988976656,8483.484,7044438.2925,0.1302062107751243,-310,-306.3025341177192,-52.46250693702086,1.0,-52.46250693702086,-52.46250693702086,0.0,0.12733363340584475,stability_priority,9435,9993.67211367266,0.4816145693049825,0.6800073535517764,0.09698313100272708,0.019426659595749594,0.019791223929215736,0.019284216970877992,0.0005616152182343106,0.001668690027979908,3.28719219146019e-07,1.8769000000000002,0.0,0.0005716842125532308,0.0016975908784504076,4.358744773211629e-08,2.650270617388646,0.0,0.002958695934720483,0.008301840240566015,5.123453447790773e-07,0.3752849696277461,0.0
2022-07-13,diesel,111.43747117484044,8585.5,6757802.989500001,0.1302062107751243,-345,-265.9541054842491,-265.9541054842491,0.75,-199.46557911318683,-199.46557911318683,-66.48852637106228,0.03605313851569903,stability_priority,9090,9794.206534559473,0.0012637681796198513,0.0016729187195154637,0.026050642702578813,0.01772727461081007,0.017805478635308174,0.018541824165358902,6.588607659770708e-06,2.0245049807510963e-05,5.165280694668519e-06,0.004900000000000001,1.2263807668566136e-05,4.388065644368202e-06,1.327169267530612e-05,4.815924020088878e-06,0.006511982772760909,0.0,0.001388273662550027,0.004020873499144408,2.1262767647312637e-06,0.08643961291692426,0.0
2022-07-27,diesel,106.91515195236693,8597.044,6757802.989500001,0.1302062107751243,-290,-229.02546843554217,-295.51399480660444,1.0,-295.51399480660444,-295.51399480660444,0.0,0.013575467620904811,stability_priority,8800,9498.692539752868,0.006419932554268919,0.0035520348486145566,0.009569572135418746,0.016936525081615215,0.01720524682118965,0.017374598412434467,0.00043033693201732255,0.0013643285373966933,9.384878575572664e-06,0.0121,0.010595225500106307,0.0002920954045125453,0.0009129025437899612,7.81064533047055e-06,0.0054548969371005255,0.006867850159616345,0.0004097553943471321,0.001219646428901119,6.892733495991626e-06,0.036901192628862205,0.0
2022-08-10,diesel,101.49214704487676,8439.94,6623921.1435,0.1302062107751243,-125,-319.91286206338094,-319.91286206338094,0.75,-239.9346465475357,-239.9346465475357,-79.97821551584525,0.017437813933864798,stability_priority,8675,9258.757893205333,0.03052817178951486,0.016105253447761106,0.008358590504551079,0.01608791798102255,0.016078002052400592,0.016041686822535477,0.00034927934856335036,0.0010826565270037993,1.5304385723206672e-05,0.10890000000000001,0.008268512472194945,0.0009400291271227002,0.0030542994030411425,1.5382067900973973e-05,0.033042073281846836,0.024414485887286157,0.00027202919422740984,0.0008086698574902072,1.5668243210889294e-05,0.012356255811611396,0.0
2022-08-24,diesel,97.35805634700957,8341.06,6623921.1435,0.1302062107751243,-200,-261.5267194598303,-341.50493497567555,0.75,-256.1287012317567,-256.1287012317567,-85.37623374391887,0.013126231983719885,stability_priority,8475,9002.629191973576,0.010606116873427612,0.01008747722474585,0.006122653570260571,0.015197044890870334,0.01457364286122856,0.014877149642769354,0.000616819600091981,0.0019532749433088764,2.3068377780314765e-05,0.0225,0.015447257411772717,0.0008215735350013117,0.0026412585786337504,2.944535179749577e-05,0.013635766592488602,0.021068671297222348,6.050680506649063e-05,0.0001818781376595391,2.624359578257816e-05,0.001048989628462159,0.0
2022-09-07,diesel,94.71181033628494,8148.02,7713546.251499999,0.1302062107751243,185,-115.09860276158948,-200.47483650550834,1.0,-200.47483650550834,-200.47483650550834,0.0,0.041599943546858587,stability_priority,8660,8802.154355468068,0.15210405454682915,0.024904924650894646,0.0032059797276742627,0.014228388396201755,0.013757744053917444,0.013750096296643064,2.683393956671173e-07,7.742374219288427e-07,3.3311500505098555e-05,0.5929,0.0,0.0003869483556868867,0.001200971542696842,3.896575929640303e-05,0.08576477343917456,0.009245805091737759,6.85853846771407e-05,0.00020492655821603047,3.9061296301234746e-05,0.012389410635870199,0.0
2022-09-22,diesel,89.00777637279255,8071.748,7713546.251499999,0.1302062107751243,-280,-279.84911813887135,-279.84911813887135,0.5,-139.92455906943567,-139.92455906943567,-139.92455906943567,0.04759415307294593,stability_priority,8380,8662.229796398633,0.2230749482385102,0.02905739278344734,0.019444701367434078,0.013857070167386859,0.01295331354162048,0.012865827338239325,0.0001725198163518386,0.0005389711311737777,3.773558692840852e-05,0.8649000000000001,0.003805757092335084,0.0001722685842090067,0.0005381661990186153,4.9655790042709304e-05,0.10857092926831999,0.003799236623569776,2.239208636329207e-05,6.670663580392742e-05,5.0896419567813396e-05,0.014665344390341482,0.0
2022-10-25,diesel,90.25207977745296,7997.48,17788387.699,0.1302062107751243,175,142.589204459133,2.664645389697313,0.0,0.0,0.0,2.664645389697313,0.03878065190045723,stability_priority,8555,8662.229796398633,0.21244953394010274,0.18313084020022247,0.020135523197728995,0.012067005507819127,0.012035818972151419,0.012315770650708121,9.287853269645128e-06,2.671760031781216e-05,6.293240161297207e-05,0.8281000000000001,0.0,9.001120945110899e-07,2.6043874528759233e-06,6.34281794443433e-05,0.7138165455976624,0.0,9.60708550822042e-05,0.0002802673412267332,5.90473806925187e-05,0.07831552892310398,0.0
2022-11-08,diesel,92.85719227531808,7960.647999999999,8469173.105,0.1302062107751243,150,135.22031414605644,137.88495953575375,0.0,0.0,0.0,137.88495953575375,0.06815529735036342,stability_priority,8705,8662.229796398633,0.0007106281487095179,0.00011886506923099024,0.015263651585482131,0.01287382373591304,0.012760966341875636,0.012197349233454459,0.00022810670879807568,0.0006506865465357124,5.0782388146836384e-05,0.0025000000000000005,0.0,0.00020061634192692498,0.00057375860208759,5.240360830345742e-05,0.00021720217778461358,0.0,0.00015144013779083175,0.00044071486334447976,6.088135898467373e-05,0.0,0.0
2022-11-22,diesel,89.9855541292591,7937.611999999999,8469173.105,0.1302062107751243,-165,-215.6804366752055,-77.79547713945175,1.0,-77.79547713945175,-77.79547713945175,0.0,0.08033620250488835,stability_priority,8540,8584.43431925918,0.10184075164791663,0.12636444646671702,0.006247398050526115,0.01237704882480253,0.012285333707879148,0.012011041490062994,3.720624064001789e-05,0.00011103335377257792,5.81093846194445e-05,0.39690000000000003,0.0,8.262840829109074e-06,2.4884449302693637e-05,5.95160759987857e-05,0.4925253477077014,0.0,7.995995025213488e-05,0.0002355695506684677,6.382345807349492e-05,0.024208545053419836,0.0
2022-12-06,diesel,82.85068835840534,7789.814999999999,8291342.8815,0.1302062107751243,-425,-404.6757934565794,-404.6757934565794,0.75,-303.50684509243456,-303.50684509243456,-101.16894836414485,0.12615320982301226,stability_priority,8115,8280.927474166747,0.07022513633353314,0.03729156770761863,0.0604842479490896,0.011016081149152212,0.010886928333656612,0.011388529617088337,0.00012528230033950408,0.00039712164780084146,8.071079791861825e-05,0.27040000000000003,0.0026659912151109216,9.744636780152967e-05,0.0003072923347645565,8.304807519591066e-05,0.14287697953967526,0.0019583864967418025,1.574117686162593e-07,4.810010553376681e-07,7.415742215576476e-05,0.20378248649282715,0.0
2022-12-20,diesel,77.40143904041409,7706.603999999999,8291342.8815,0.1302062107751243,-460,-364.75852580259976,-465.9274741667446,0.5,-232.9637370833723,-232.9637370833723,-232.9637370833723,0.06789986015106293,stability_priority,7655,8047.963737083374,0.010817962550325006,0.009040039279801399,0.049172292928969935,0.009579720456631058,0.009736457363245691,0.010181085266770768,0.0013255840237256667,0.004454389765290452,0.00010858222576195327,0.004900000000000001,0.030369309812769838,0.0009025474902873898,0.002956046184091346,0.0001053403074564736,0.0063735530278377995,0.023620643348082816,0.00010002979546742827,0.0003092088230629442,9.641108653842609e-05,0.019905320350312894,0.001973315986697079
2023-01-04,diesel,80.02398854283592,7480.73,8347824.3265,0.13628899835796388,240,133.06854783117575,-99.89518925219656,1.0,-99.89518925219656,-99.89518925219656,0.0,0.03940528505352956,stability_priority,7895,7948.068547831178,0.5028827218524453,0.25523508756850083,0.018200869224835606,0.008972390902556776,0.00915774153887179,0.009343319684265397,1.9673563636131995e-05,5.666399517736066e-05,0.00012160816240601257,1.9599999999999997,0.00017088197604615975,0.00014236730027907362,0.00042177892370366796,0.00011755456853790628,0.9913271809710741,0.0028625108792190556,4.829805922507684e-07,1.4423812694900711e-06,0.00011356483535176537,0.07082895368759164,0.0
2023-01-18,diesel,78.62842100135482,7378.49,8347824.3265,0.13628899835796388,-195,-133.6937778661516,-133.6937778661516,0.5,-66.8468889330758,-66.8468889330758,-66.8468889330758,0.024214220987933487,stability_priority,7700,7881.221658898102,0.19487277080174414,0.07321812478923156,0.004730091875562182,0.00996288232199877,0.009669810444667238,0.00897893200064819,0.00010799359955843649,0.00033289661157024687,0.0001007437312820448,0.7569,0.002158519322281861,3.758856503361968e-05,0.00011398370515742815,0.0001067128162491061,0.2846485536457878,0.0005271202672393915,4.842585049254775e-06,1.4353069808349601e-05,0.00012146393984633651,0.004368760615931187,0.0
2023-02-04,diesel,81.87760826356454,7213.125,16653078.709999999,0.13628899835796388,200,192.25001984349592,125.40313091042012,0.0,0.0,0.0,125.40313091042012,0.02565887073088212,stability_priority,7900,7881.221658898102,0.16019625797656092,0.10910553517204423,0.017252109319703265,0.00859923837622649,0.008789227131651233,0.00880260926707617,0.00025686857910374016,0.0007260978308764626,0.0001299773656021068,0.6241000000000001,0.0,0.00023969896016422487,0.0006785820729794783,0.00012568142830570483,0.42495743706155054,0.0,0.00021130429239366624,0.0006135874654559942,0.0001253815592257685,0.01787402624012389,0.0
2023-03-18,diesel,77.07737262331753,7150.6669999999995,17095511.0385,0.13628899835796388,-95,-181.958665274744,-56.555534364323876,0.0,-0.0,0.0,-56.555534364323876,0.10164748231908438,stability_priority,7805,7881.221658898102,0.08937541677973251,0.14373471456926465,0.0026833215108934914,0.009413947497390138,0.009298231330156215,0.00884926325300132,0.00019318642747019225,0.0005681122638004139,0.00011206450758801252,0.34809999999999997,0.0,6.103518774652995e-05,0.000182594032974924,0.00011452785266285002,0.5601285600716882,0.0,0.00036983713174508086,0.0010690029935989933,0.0001243389300008667,0.0,0.0
2023-04-01,diesel,74.4896395741793,7112.909,5907516.4706666665,0.13628899835796388,-320,-158.58282357797208,-215.13835794229595,0.0,-0.0,0.0,-215.13835794229595,0.10921515924997588,stability_priority,7485,7881.221658898102,0.05213622508461813,0.0006072908138992573,0.03718041729192836,0.008251446378376824,0.008139603106420996,0.008893725075033184,3.406730931661786e-05,0.00010585207075919721,0.00013802851220015507,0.2025,0.0004728340292727732,3.194203461376491e-05,9.549800899468188e-05,0.0001406690144732185,0.0021857199001301623,0.0,0.0004875246921808993,0.001405237146180423,0.00012334934270894664,0.0,0.0
2023-04-18,diesel,84.67019067631662,7113.418,5907516.4706666665,0.13628899835796388,525,591.8257693885319,376.6874114462359,0.25,94.17185286155897,94.17185286155897,282.5155585846769,0.12293645917318674,stability_priority,8010,7975.393511759661,0.7329407129951739,0.5781591280161306,0.07318238723605393,0.008463155908783687,0.0090640981689043,0.0090338211740937,0.0010098729927816524,0.002697019242862781,0.00013309877158503277,2.8560999999999996,0.0,0.0013326359403304181,0.00351417699330924,0.0001195939488593623,2.252452225591872,0.0,0.0008166351100164522,0.0023116258859894527,0.00012025707804175567,0.035473351485516454,0.0
2023-04-29,diesel,81.1746215874899,7114.86,5907516.4706666665,0.13628899835796388,-155,-191.60398459407412,90.91157399060279,0.0,0.0,0.0,90.91157399060279,0.050949674810041284,stability_priority,7855,7975.393511759661,0.4745940615426766,0.6298839544761098,0.01593757382588375,0.010701805453683473,0.01089233352985913,0.009374627497259232,0.0003977664980608876,0.001171373499872979,8.645642182115042e-05,1.8496000000000004,0.0,0.0003031311565839748,0.0008990821994082164,8.294958853132828e-05,2.455048717700986,0.0,0.0008008488248347639,0.0022942724873848265,0.00011289854082199963,0.035473351485516454,0.0
2023-05-17,diesel,73.76447278392433,7156.129999999999,8973100.5525,0.13628899835796388,-365,-369.5760189801889,-278.6644449895861,0.5,-139.33222249479306,-139.33222249479306,-139.33222249479306,0.04460360804433911,stability_priority,7490,7836.061289264868,0.04573758490722454,0.03303172838502817,0.03554274217801618,0.008520410180023462,0.00839899390326671,0.009251523934150374,7.569725679002901e-05,0.00023791723900670075,0.00013178098243490897,0.17639999999999997,0.0014246896773606433,8.143555084826171e-05,0.0002562765549997532,0.00013458334245644297,0.1266961800941297,0.0015644961222112351,0.00024275148101353348,0.0007166072864679229,0.00011552973773814225,0.07765387290135405,0.0
2023-05-31,diesel,74.49563514786755,7180.892,8973100.5525,0.13628899835796388,95,11.951726356159996,-127.38049613863306,0.5,-63.69024806931653,-63.69024806931653,-63.69024806931653,0.013456678158734341,stability_priority,7585,7772.371041195552,0.21720006641335352,0.14999273315493816,0.009172647727192697,0.008194658962138173,0.008089106298289775,0.008764652084015537,1.5421605094608497e-05,4.5195263419761397e-05,0.00013936607702022457,0.8464,0.00011097758992783654,9.871084836181965e-05,0.0002959491788750638,0.00014186938877344031,0.5822536818457517,0.0018702031299664018,8.810035651833269e-05,0.00025921664920157704,0.00012623304279321644,0.022886833179937772,0.0
2023-06-14,diesel,73.23711900787694,7080.85,8852466.9455,0.13628899835796388,-50,-0.1990594309468676,-63.8893075002634,1.0,-63.8893075002634,-63.8893075002634,0.0,0.007862843272358191,stability_priority,7535,7708.481733695288,0.021606680556389802,0.00018912381036062482,7.46262949542767e-05,0.009082948229394977,0.008853607780963873,0.008538384861636284,2.496901845018812e-08,7.40186583380392e-08,0.00011918201936207027,0.0841,0.0,1.414215426953835e-05,4.150207591425168e-05,0.00012424205950058913,0.0005905663809766328,0.0,0.00015641644905557055,0.0004588561423021045,0.0001313686215799683,1.5849862819556304e-07,0.0
2023-06-29,diesel,73.17608224854365,7010.92,8852466.9455,0.13628899835796388,70,-10.033558486414687,-10.033558486414687,0.0,-0.0,0.0,-10.033558486414687,0.016899650609677908,stability_priority,7605,7708.481733695288,0.014840013612749522,0.0001408425551858334,0.004384523805171235,0.008505160486123063,0.0085858938507406,0.008387622808015352,0.00011364568824401706,0.0003282267133676627,0.00013213133544978659,0.0576,0.0,2.3537809863695337e-05,6.909140730249939e-05,0.00013028181918656124,0.00038686948668798974,0.0,0.00032126814359130203,0.0009298079868084916,0.00013484730404892528,0.01632737445145285,0.0
2023-07-13,diesel,75.1157600634876,7034.955,8469985.7175,0.13628899835796388,150,84.7492822749147,74.71572378850001,1.0,74.71572378850001,74.71572378850001,0.0,0.026484823322200618,stability_priority,7755,7783.197457483789,0.006693345995917862,0.00930824892210097,0.005875317941961515,0.00885222985716688,0.00851092456207067,0.008533047052997681,0.00038071569218037774,0.0010790653150709534,0.00012427277915744156,0.0256,0.0,0.00022032869802024555,0.0006326018527645196,0.000131998854418431,0.0359351476111501,0.0,0.00045705013414541436,0.001305782515822445,0.00013149100988876517,0.022329757524957708,0.0
2023-07-27,diesel,79.32382195397709,7077.348,8469985.7175,0.13628899835796388,260,192.3382764542406,192.3382764542406,1.0,192.3382764542406,192.3382764542406,0.0,0.030781322095038255,stability_priority,8015,7975.535733938029,0.012728161929146938,0.012120851896964114,0.014467611732615165,0.009370050543026148,0.009079675239267808,0.009041895282636532,0.0011779346346691966,0.0032475351620265963,0.0001129958254578187,0.0484,0.0,0.0008762372244278502,0.0024472205868987817,0.00011925349287986063,0.04630156667407608,0.0,0.0009930850872372167,0.002768638758564395,0.00012008005899670351,0.055340259582419664,0.0
2023-08-10,diesel,84.41944702954262,7220.764999999999,8548879.645,0.13628899835796388,230,308.86291572839946,308.86291572839946,0.5,154.43145786419973,154.43145786419973,154.43145786419973,0.053410043771838896,stability_priority,8245,8129.967191802229,0.0013071650438385486,0.014418639569738356,0.02081252711724447,0.010167825722057723,0.010025578081609095,0.009866483308316042,0.0014956069835280752,0.00412484867760788,9.667165103182975e-05,0.0036,0.0,0.001934877983153548,0.005259491964968869,9.948909260607691e-05,0.054311966231891384,0.0,0.0009582203767158127,0.002686705421337994,0.0001026881605406374,0.005747707582473073,0.0
2023-08-24,diesel,84.1976009708773,7289.858,8548879.645,0.13628899835796388,55,56.93111494420887,211.3625728084086,1.0,211.3625728084086,211.3625728084086,0.0,0.06047243622118764,stability_priority,8300,8341.329764610637,0.031774240694337694,0.06547731228272648,0.0037276550731531865,0.010650225249037597,0.010903309177581675,0.010570049758551995,0.0013488986277439842,0.0038073657739004186,8.741828789373408e-05,0.12249999999999998,0.0,0.0013583275599639002,0.0038326198014281354,8.27497839186698e-05,0.25387852898546037,0.0,0.0015796663012113714,0.00436334920209682,8.892396155618529e-05,0.01296460739516289,0.0
2023-09-21,diesel,92.16037381014016,7522.135,17546177.301,0.13628899835796388,370,462.8841605274048,462.8841605274048,0.5,231.4420802637024,231.4420802637024,231.4420802637024,0.07493563398294709,stability_priority,8670,8572.77184487434,0.10229606116162537,0.1697093738976064,0.04362470444355261,0.011068519001668504,0.011166021733203071,0.011424222315898142,0.0019391601312012184,0.005241041870041994,7.977135282355658e-05,0.39690000000000003,0.0,0.002503409783602573,0.006657158866827258,7.803917201824047e-05,0.6591915008730894,0.0,0.0014161185251027187,0.003913139574980836,7.354396288713943e-05,0.001612746478588796,0.0
2023-10-11,diesel,90.43988939931766,7727.829,9163923.803,0.13628899835796388,-80,-118.2006431647814,113.241437098921,1.0,113.241437098921,113.241437098921,0.0,0.05830649604632132,stability_priority,8590,8686.01328197326,0.20794002938768558,0.34660090423308376,0.014569523941433668,0.012410168231103224,0.012659799847060898,0.012164001751711954,0.0005611176874517838,0.0016296682858211579,5.760554628015477e-05,0.81,0.0,0.00045187482156504576,0.0013213606602051192,5.387853828520722e-05,1.3506381963279461,0.0,0.0008965888478923663,0.0025314454531176708,6.140286854717333e-05,0.05588556817827193,0.0
2023-10-25,diesel,89.53334896276725,7858.6939999999995,9163923.803,0.13628899835796388,-70,-75.1250579250824,-75.1250579250824,1.0,-75.1250579250824,-75.1250579250824,0.0,0.06632318065384124,stability_priority,8520,8610.888224048178,0.00014731672010720814,0.0019475668874663068,0.03648734922276138,0.011750524270528936,0.011633172014738062,0.012319170395669307,0.00010558486179198848,0.00031039657084132565,6.805384981113214e-05,0.0004,0.0,9.894418176978842e-05,0.00029114249990539517,7.000381053496235e-05,0.007422024174970296,0.0,0.0002558270939236332,0.0007482330193379792,5.899514341076279e-05,0.1419277457905116,0.0
2023-11-08,diesel,86.10020979440196,7843.594999999999,8265784.681,0.13628899835796388,-135,-216.98661191472155,-216.98661191472155,1.0,-216.98661191472155,-216.98661191472155,0.0,0.03287012164928838,stability_priority,8385,8393.901612133457,0.004355238437670914,0.020675458314511987,0.020671270719913107,0.011862983235228924,0.011769053227820167,0.011773719449208166,6.99135867094018e-06,2.0869151866656484e-05,6.621104183016556e-05,0.016900000000000002,0.0,7.17325388868235e-06,2.1794664192867953e-05,6.774848476645762e-05,0.08049880200142122,1.6303739115244648e-05,1.0264773119461954e-05,3.0916809264923655e-05,6.767169170033602e-05,0.08049880200142122,0.0
2023-11-22,diesel,80.37544506746394,7811.983999999999,8265784.681,0.13628899835796388,-330,-356.58685614210725,-356.58685614210725,0.75,-267.4401421065804,-267.4401421065804,-89.14671403552683,0.01911193373438402,stability_priority,8055,8126.461470026877,0.041131005884610536,0.022631315240238634,0.009972913500171817,0.010954423332054705,0.010682851415153485,0.010776940782846387,0.0002807034737319782,0.0008898537122151641,8.182245725567632e-05,0.1521,0.006677933870050752,0.00034205129404277955,0.0010917804945040157,8.680925775210743e-05,0.07795291275338294,0.008343860080041166,0.0001456301233874213,0.00045377696521072566,8.506482132312222e-05,0.01018223483528326,0.003118675374113183
2023-12-06,diesel,78.42588848557556,7646.494999999999,8871585.946,0.13628899835796388,-50,-170.0990792785089,-259.2457933140357,1.0,-259.2457933140357,-259.2457933140357,0.0,0.05211582280864399,stability_priority,8005,7867.215676712841,0.08091132707975138,0.03779741568399028,0.002525401602672733,0.009675428157124261,0.009472549078421114,0.009656606746516005,7.678077979015617e-05,0.00023149213854082844,0.00010659678373870254,0.31360000000000005,0.0013760509945158759,0.0002847861705695203,0.0008859103688775088,0.00011082722290625216,0.13911076367810898,0.006645450415819976,0.0003236377153757595,0.001020434779241845,0.00010698578399621823,0.00026858940853551527,0.00775480621365528
2023-12-20,diesel,74.0227212693011,7559.846,8871585.946,0.13628899835796388,-400,-245.4716465161005,-245.4716465161005,0.5,-122.73582325805025,-122.73582325805025,-122.73582325805025,0.05129797197316027,stability_priority,7605,7744.479853454791,0.13302240515903552,0.008686685567041441,0.03437550284907161,0.009096013233881131,0.008873289002240312,0.008721201626184599,0.000887989184019215,0.0029227636808719067,0.00011889692739569543,0.48999999999999994,0.023351443621574486,0.0003719201381658508,0.0011741706718256164,0.0001238036976276664,0.022724095567941065,0.009024398185119157,0.0004197130471211396,0.0013074946719514723,0.00012721129275718095,0.07453988769874423,0.01012580341601474
2024-01-04,diesel,77.05655540788125,7396.48,8951660.835666668,0.14085804371700852,190,151.00055440726737,28.264731149217127,0.0,0.0,0.0,28.264731149217127,0.03696953478830198,stability_priority,7795,7744.479853454791,0.3573269558950044,0.1616622535316097,0.016558130376802465,0.007700466877876971,0.008151294734980672,0.008373439761597495,2.7136619813801743e-05,7.876420181848676e-05,0.00015127851502220145,1.3923999999999999,0.00029966621120296725,6.349529916441578e-05,0.00018621717015863102,0.00014039181645729675,0.6287608244200774,0.001038407262978586,7.57564095998895e-05,0.00022694780087545528,0.00013517690297720213,0.060256329243325385,0.0013417469186380497
2024-01-18,diesel,76.2303624464535,7333.119999999999,8951660.835666668,0.14085804371700852,-50,0.1659045847311517,28.43063573394828,0.0,0.0,0.0,28.43063573394828,0.029751747516172853,stability_priority,7745,7744.479853454791,0.05917631172226108,0.02337869387342787,0.0007241788367578582,0.009025549260314989,0.008947278333227901,0.008440259439164089,1.5569496569849387e-05,4.651081499090628e-05,0.00012043856903777289,0.2304,0.00011752968471127927,1.7911015540148062e-07,5.279628736758182e-07,0.00012216265624313342,0.0910043663483485,0.0,1.59624565534635e-05,4.7382235707482444e-05,0.00013362760183383495,0.0,0.00012191989890540613
2024-02-01,diesel,80.03755552747323,7312.18,17963826.237166665,0.14085804371700852,200,183.33218194432817,211.76281767827646,0.5,105.88140883913823,105.88140883913823,105.88140883913823,0.030188702556712865,stability_priority,7945,7850.361262293929,0.06420069183500542,0.03448762547565069,0.020514066171883394,0.008551394477950641,0.00869807517225098,0.00861575403857078,0.0001360030092226011,0.00038612620988933766,0.00013107056839949908,0.25,0.0,0.00011018354705535449,0.00031382947632567737,0.00012773350481208972,0.13419954064709128,0.0,2.5311336918601978e-05,7.318747131067808e-05,0.0001296010561103175,0.04484349095104295,0.0
2024-03-05,diesel,82.66674488641249,7371.119999999999,17273050.292000003,0.14085804371700852,120,142.33664829095153,248.21805713008976,0.75,186.16354284756733,186.16354284756733,62.05451428252243,0.01650510919679475,stability_priority,8065,8036.5248051414965,0.00665526292849074,0.001824732437220659,0.009770391984988738,0.009453894333869308,0.009421951820980374,0.009214130006871714,0.0002371416356664643,0.0006778711007779771,0.0001112203447211939,0.0256,0.0,0.0002865645126591711,0.0008156885360992186,0.00011189510327766044,0.006722535118100546,0.0,0.0001830173032231242,0.0005197296519603758,0.00011633499150866517,0.025780884163789472,0.0
2024-04-02,diesel,84.84844065575193,7483.995999999999,5504148.090833333,0.14085804371700852,190,123.12769135832492,185.18220564084737,0.75,138.88665423063554,138.88665423063554,46.29555141021183,0.043102957444725844,stability_priority,8255,8175.411459372132,0.005151819865306865,0.000464503883691809,0.004086975332900559,0.009819672436970737,0.009823625589684989,0.009988128855914715,0.0003951611728660208,0.0011154548056296176,0.00010363906929057333,0.019600000000000003,0.0,0.00023641426740173308,0.0006756997101055705,0.0001035585961389142,0.0014759361057580152,0.0,0.00021150667492068423,0.000603810603961384,0.00010023756380576761,0.008940416789191098,0.0
2024-04-17,diesel,89.69483516514862,7548.455999999998,5504148.090833333,0.14085804371700852,195,305.97641534571426,352.2719667559261,0.5,176.13598337796304,176.13598337796304,176.13598337796304,0.08781298100898137,stability_priority,8450,8351.547442750096,0.0002362788146909301,0.03462511654382516,0.026378969699538575,0.01077364417754108,0.010671932089644443,0.010596431167269108,0.0007784186914818788,0.002180105289534699,8.512564176262162e-05,0.0001,0.0,0.0012367957123104168,0.003395579872165237,8.701285094020509e-05,0.133734623455266,0.0,0.00046306660411404236,0.001307603105207401,8.842710679190784e-05,0.005550050087703769,0.0
2024-04-30,diesel,87.27778304465804,7579.119999999999,5504148.090833333,0.14085804371700852,-70,-114.94001255446229,61.19597082350076,0.0,0.0,0.0,61.19597082350076,0.07812459005597613,stability_priority,8380,8351.547442750096,0.07218676635367006,0.18189554038096442,0.03494071799905273,0.011094041407064544,0.011393715572662031,0.011108761449648178,0.00043483576561306243,0.0012652537636491106,7.931609845908089e-05,0.28090000000000004,0.0,0.00032113263750072025,0.0009421220553956736,7.406813164424003e-05,0.708682557104978,0.0,0.00036513692956693526,0.0010555442342857378,7.905412295926238e-05,0.1240955385620883,0.0
2024-05-16,diesel,82.0104261021214,7604.369999999999,16274322.105,0.14085804371700852,-225,-310.0419752029099,-248.84600437940912,0.5,-124.42300218970456,-124.42300218970456,-124.42300218970456,0.09619792776000369,stability_priority,8155,8227.124440560392,0.02468112262964724,0.03908434545178628,0.028313314942077384,0.010616001812450303,0.01039724507059972,0.010925210423652921,1.876732283222e-05,5.655851506732295e-05,8.8059421983936e-05,0.0961,0.0,1.7341330990977471e-06,5.317712287580929e-06,9.221290223412139e-05,0.152259103317105,0.0,8.313366192122602e-05,0.00024634163280326174,8.23518058549776e-05,0.06192433389559691,0.0
2024-06-14,diesel,78.1073728456169,7547.504999999999,7877451.612,0.14085804371700852,-180,-227.3804561941312,-351.80345838383573,0.25,-87.95086459595893,-87.95086459595893,-263.8525937878768,0.08181037440507685,stability_priority,7975,8139.173575964433,0.002135988417132734,0.007277013080319529,0.057098267088750855,0.01000622621608124,0.009699658652267403,0.010404394987089189,1.348323063586678e-05,4.090384371222635e-05,9.987551444414191e-05,0.0081,9.028605455285305e-05,4.7291943611910646e-05,0.00014524753605157372,0.00010609703187980978,0.02733170689935473,0.0007429833557195098,5.451734730206945e-05,0.0001611360515360033,9.207563556379909e-05,0.005320867282628454,0.0
2024-06-28,diesel,84.04572783153426,7514.395999999999,7877451.612,0.14085804371700852,200,338.28621500616623,74.43362121828943,0.75,55.825215913717074,55.825215913717074,18.608405304572358,0.03421726327360223,stability_priority,8175,8194.99879187815,0.1482342808752848,0.32847276940522313,0.021559811259225813,0.010017451461665956,0.010010955360188225,0.010158989282199233,0.00015249212793181516,0.0004329657371302517,9.965127532019518e-05,0.5776,0.0,0.00047087178609868353,0.0013030659193875005,9.978101281615237e-05,1.2799151316273016,0.0,0.00018405496079680836,0.0005313483040450546,9.684549194786958e-05,0.08268624530689933,0.0
2024-07-12,diesel,86.2060657899071,7474.459999999999,7849297.2715,0.14085804371700852,105,122.62247704740582,141.23088235197818,0.5,70.61544117598909,70.61544117598909,70.61544117598909,0.053974419846881894,stability_priority,8280,8265.614233054139,0.009401860508518826,0.04787684466537531,0.004347449563386417,0.010887123959178603,0.011347386986412246,0.010387466678867328,0.0004884994743190309,0.0013903531529323987,8.304450973537667e-05,0.0361,0.0,0.0005417818568889985,0.001537002156662398,7.486771196290816e-05,0.1860433914813795,0.0,0.0004459202151218724,0.00127565599939647,9.240079684988592e-05,0.0008750030532349974,0.0
2024-07-26,diesel,83.75396290647076,7467.781999999999,7849297.2715,0.14085804371700852,-140,-136.65724799380064,-66.04180681781155,1.0,-66.04180681781155,-66.04180681781155,0.0,0.058582415870492975,stability_priority,8140,8199.572426236327,0.06165925896810713,0.06904938084021119,0.01925941078996052,0.010549235469629941,0.010607564105519208,0.010514267856082594,0.00017242619041164922,0.0005099496091736183,8.93169502085008e-05,0.24009999999999998,0.0,0.00017833708825543758,0.0005270997835627076,8.82178520319312e-05,0.2689039032697745,0.0,0.0002929881826899157,0.0008554097367674457,8.997911430614791e-05,0.07470081371695651,0.0
2024-08-09,diesel,78.63468861164303,7430.215,15494893.162,0.14085804371700852,-290,-330.6257819756396,-330.6257819756396,0.75,-247.9693364817297,-247.9693364817297,-82.6564454939099,0.04493814910561969,stability_priority,7850,7951.603089754598,0.023149424703214183,0.038840384234991164,0.03945728920291642,0.009757513099212306,0.009727000914086252,0.010029206862068995,1.3834402879245374e-05,4.2565235506511655e-05,0.00010490853791280751,0.09,9.816699222386368e-05,4.2142436136183596e-05,0.00013106115756160143,0.0001055345102191847,0.15049516870025528,0.0006437770874343227,1.024811575505812e-05,3.102696669637214e-05,9.941671579941202e-05,0.13239050419846332,0.0
2024-09-06,diesel,77.16119851371884,7296.001,8299637.643999999,0.14085804371700852,-100,-140.21721994578974,-222.87366543969964,0.75,-167.15524907977473,-167.15524907977473,-55.7184163599249,0.04125325228083007,stability_priority,7750,7784.447840674823,0.037075889141620126,0.03726566669644016,0.009218492336869472,0.00900461169833996,0.008835310689340882,0.00907432821044347,6.743097494084077e-07,2.0149344599376427e-06,0.00012089856390428247,0.1444,0.0,1.3267077743068687e-05,4.0072614039134547e-05,0.00012465028740354597,0.14502168197710072,8.640846094917231e-05,2.5111621231905258e-06,7.543251129097277e-06,0.00011937030405311141,0.026123666890443265,0.0
2024-09-21,diesel,72.45480098191294,7214.147999999999,8299637.643999999,0.14085804371700852,-350,-284.278856821292,-339.9972731812169,0.5,-169.99863659060844,-169.99863659060844,-169.99863659060844,0.038228681392212166,stability_priority,7400,7614.449204084214,0.06710151451297947,0.022916051554828183,0.023218733812019034,0.008413683604118084,0.008352259068889062,0.0083929989409026,0.00037944886796930223,0.0012169537966398756,0.00013424272762548213,0.25,0.009377840163658752,0.00021970395439453545,0.0006918426101011546,0.0001356698687982771,0.08301502087699628,0.005051254491758952,1.817431385860491e-05,5.518614829096147e-05,0.00013472247358588819,3.233941014706043e-05,0.0001628395364786795
2024-10-11,diesel,75.382461095612,7078.365,8592082.697333334,0.14085804371700852,135,96.83656848453674,-73.1620681060717,1.0,-73.1620681060717,-73.1620681060717,0.0,0.030084241282081193,stability_priority,7535,7541.287135978143,0.2414094985689407,0.1490865051025852,0.009663057901064084,0.007455279661388351,0.007629572267274104,0.007822858880831464,1.2527185038951175e-07,3.622330473715397e-07,0.00015737000837397677,0.9409,0.0,5.982181948036523e-06,1.7474461690756348e-05,0.000153027482290594,0.5809958696241708,6.1979260764285255e-06,6.455535522035094e-07,1.918307695934507e-06,0.00014828276583614517,0.0375092839834415,0.0
2024-10-24,diesel,74.64565408972837,7024.338,8592082.697333334,0.14085804371700852,85,-16.890696782546293,-16.890696782546293,0.0,-0.0,0.0,-16.890696782546293,0.03008083989445457,stability_priority,7620,7541.287135978143,0.0026297245344074245,0.01331233340491319,0.005768586877499303,0.008473498577662464,0.008231259774173414,0.007670279801447543,0.00011455116644715126,0.0003301803763407538,0.00013286023503914925,0.010000000000000002,0.0,1.095522479833687e-05,3.223503247575009e-05,0.0001385032465029888,0.05173556346051788,0.0,2.493616199033863e-05,7.308867516194522e-05,0.00015202200017459247,0.021410752838229897,0.0
2024-11-07,diesel,72.70753615902433,6996.21,17114046.087333333,0.14085804371700852,-140,-166.38690480815978,-183.27760159070607,0.0,-0.0,0.0,-183.27760159070607,0.06255891854518149,stability_priority,7480,7541.287135978143,0.05198871431356974,0.022975467563356347,0.02692631566520386,0.007907838534720216,0.00753433672155195,0.007770139354284812,7.312261572905097e-06,2.1881882881981214e-05,0.00014622036890239734,0.2025,0.0,6.207466725044514e-07,1.867669568674611e-06,0.0001553927609716482,0.08939646485615003,0.0,5.1550944490668685e-05,0.0001507752838711397,0.00014956949141361312,0.0,0.0
2025-01-03,diesel,72.91250667945691,7039.624,8565874.82,0.1460849504681775,70,57.09943172471508,-126.17816986599098,0.0,-0.0,0.0,-126.17816986599098,0.04658691814903104,stability_priority,7550,7541.287135978143,0.04529935434007164,0.05129700227795784,0.012780783102595375,0.007472847467964077,0.007370346995348087,0.007865306735557555,1.9877233320647118e-05,5.775194730055752e-05,0.00015692955056089406,0.17639999999999997,0.0,1.2372845242891742e-05,3.6042791867143856e-05,0.0001595081350179131,0.19978457046754158,0.0,1.4496641393948425e-05,4.2539308816555173e-05,0.00014725078062210485,0.0,0.0
2025-01-17,diesel,78.64825306101768,7065.987999999999,8565874.82,0.1460849504681775,325,355.44481167080534,229.26664180481436,0.25,57.31666045120359,57.31666045120359,171.94998135361078,0.04576502235314593,stability_priority,7875,7598.603796429346,0.06691688645655407,0.09155530496079127,0.027072449323657957,0.008546941819133114,0.008535895457762403,0.008018161782977373,0.0006628067446805878,0.001825996692672217,0.0001311725416943219,0.2601,0.0,0.0007789131055003768,0.0021332546670971356,0.00013142569295535272,0.3560398629407078,0.0,3.50565871798141e-05,0.00010188687508208377,0.00014356444705890397,0.01314079826111426,0.0
2025-02-20,diesel,74.43100270687172,7142.12,16683126.728999998,0.1460849504681775,-160,-244.11721388629047,-72.16723253267969,0.75,-54.12542439950977,-54.12542439950977,-18.041808133169923,0.02650495063683094,stability_priority,7715,7544.4783720298365,0.24141616468483607,0.36889403432037937,0.013078178261713865,0.009034343808392561,0.009049920002303393,0.008237432544660236,6.814589762550217e-05,0.00020321491031140615,0.00012024561571253856,0.9409,0.0,5.410443722449223e-06,1.640753567165884e-05,0.00011990425195595534,1.4378984899605105,0.0,1.4877870466066032e-05,4.446885029711407e-05,0.00013835799314141817,0.04967735310349438,0.0001073999912040113
2025-03-06,diesel,72.48036962055622,7129.946,8049863.375,0.1460849504681775,-130,-140.25281114503792,-158.29461927820785,0.75,-118.72096445865589,-118.72096445865589,-39.57365481955196,0.03154676431399946,stability_priority,7585,7425.757407571181,0.0009653894368050772,0.01111343469379492,0.006436147847144339,0.0076541946391824826,0.007370660536103264,0.00800011658866805,1.2276954899471889e-11,3.6779387551759586e-11,0.00015241891000719056,0.0036,0.0,5.440130577151953e-07,1.6343354774390424e-06,0.0001595002152943395,0.043151256627188446,0.0,0.00013282882372616612,0.0004065926772267148,0.00014399720188555974,0.016690335182131002,0.0027413783493695936
2025-03-20,diesel,70.03629620842324,7125.067999999999,8049863.375,0.1460849504681775,-270,-166.79236296187594,-206.3660177814279,0.5,-103.18300889071395,-103.18300889071395,-103.18300889071395,0.07177084424650451,stability_priority,7315,7322.574398680467,0.022938032931671928,0.0016605581337720127,0.011416854416586198,0.007363219626863297,0.007440578601546381,0.007569143282081319,0.0003651504874208883,0.0011583996035076129,0.00015968821819889296,0.07840000000000001,0.008894115400436053,0.00013615375832237697,0.00041958462430003525,0.00015773906586393464,0.0028173912425545193,0.0028449895269020225,0.00035197904729390787,0.0010908314459612686,0.00015452619874142402,0.0009657122529253512,0.00833602244933636
2025-04-03,diesel,73.12522518772467,7013.815,7562696.785999999,0.1460849504681775,220,163.2183139275017,60.03530503678775,0.0,0.0,0.0,60.03530503678775,0.0935555065646585,stability_priority,7535,7322.574398680467,0.24642202275298183,0.11179511362769569,0.014496146541649995,0.00701105835950427,0.007294911955892473,0.007319053425047034,2.9553109526872245e-05,8.406225008795593e-05,0.0001687126049402039,0.9603999999999999,0.0,1.5336824125391623e-06,4.413346064601413e-06,0.000161419262208524,0.43562818744394083,0.0,0.00010584616099142068,0.00031807237198992923,0.00016080640603681134,0.04258693329496462,0.002042472664398189
2025-04-18,diesel,65.23406046403404,6958.719999999999,7562696.785999999,0.1460849504681775,-465,-376.3744322950284,-316.33912725824064,0.75,-237.25434544368048,-237.25434544368048,-79.08478181456016,0.09697271333966342,stability_priority,7070,7085.320053236786,0.4863564919965558,0.30125205625675977,0.06717819198621544,0.007698429635870472,0.007596475422050087,0.007170431149067707,0.0005940979712192625,0.00195897013698136,0.0001513286334236299,1.8769000000000002,0.015494022106470433,0.0003201606361711742,0.0010287971232703608,0.00015384742195580757,1.164641327103887,0.007823830347193013,0.0005564462377042859,0.0017751107219239604,0.00016459783690081216,0.22515849772763707,0.013982596197850842
2025-05-20,diesel,63.74256473909944,6829.244999999999,15397793.670000002,0.1460849504681775,-220,-244.99166301260897,-324.0764448271691,0.5,-162.03822241358455,-162.03822241358455,-162.03822241358455,0.08513554186462172,stability_priority,6850,6923.281830823202,0.06975688908794511,0.02677173530721276,0.032205045835692045,0.005463977588813175,0.0057353096855804146,0.006279662487843126,0.0010024870939755062,0.0032455892167936318,0.00021129594753852563,0.24009999999999998,0.025956320799167026,0.0011265107647489292,0.0036748760249232675,0.00020348138976629594,0.06904572825726979,0.02881347009008334,0.0006788702434506929,0.0021545661321793314,0.0001882476614474991,0.02262986065471411,0.01709790604769905
2025-06-04,diesel,64.51466400998532,6740.168,8021039.971,0.1460849504681775,60,-79.19319371097305,-241.2314161245576,0.25,-60.3078540311394,-60.3078540311394,-180.92356209341818,0.06082261547378405,stability_priority,6910,6862.973976792063,0.08353590033799173,0.03595110464133851,0.04122770039601135,0.005722173707339025,0.005465751864229687,0.0057898364435986106,0.000413079285897308,0.0012547383838100326,0.00020385632364340107,0.31360000000000005,0.009689991553943619,0.0009713068466024824,0.003077460787173362,0.00021124436887214282,0.10995652969106202,0.024601431868097143,0.0005693810205624761,0.0017729162121004772,0.0002019287482996782,0.04139627140491198,0.013964535711947884
2025-06-18,diesel,69.9983912088471,6683.012,8021039.971,0.1460849504681775,255,271.1803557219119,90.25679362849371,0.0,0.0,0.0,90.25679362849371,0.029648204307026173,stability_priority,7165,6862.973976792063,0.039072331480543405,0.1260280214399318,0.013043887589377903,0.006503455546026559,0.0060038978800944715,0.005755693262888377,1.8682859096815332e-05,5.2849754617629426e-05,0.00018215671219808127,0.1521,0.0,3.115358502095239e-05,8.782267023232849e-05,0.00019589087455082406,0.4910464965687931,0.0,0.0003730280880811549,0.0011409427202003911,0.0002029002744209236,0.014548149031364865,0.00874991260286652
2025-07-02,diesel,71.3322865500842,6726.315,7973027.604,0.1460849504681775,225,-2.836095627393263,87.42069800110045,0.0,0.0,0.0,87.42069800110045,0.055084539315651035,stability_priority,7390,6862.973976792063,0.0010451383783541624,0.07709223394455891,0.010108485894258008,0.00714435498138898,0.006944065717278524,0.00594551484999082,0.00031652699015145006,0.0008885481646924431,0.00016526760884453837,0.0036,0.0,2.478486456950645e-07,7.299319059087568e-07,0.00017045741999474194,0.30034006244026445,0.0,0.0005217833337830359,0.001607007568876195,0.00019752855283182858,0.0,0.012597882856311355
2025-07-16,diesel,70.28199592347697,6760.32,7973027.604,0.1460849504681775,-125,-136.12905539730605,-48.7083573962056,0.0,-0.0,0.0,-48.7083573962056,0.07592381658346539,stability_priority,7265,6862.973976792063,0.12575363097869818,0.018290377644938873,0.0069741779896662056,0.006789688629274045,0.005965660073794869,0.006126417155682233,3.007819109593009e-05,8.962994000120386e-05,0.00017451232651153147,0.48999999999999994,0.0,2.1639854648847417e-05,6.463620351171411e-05,0.00019696269716427546,0.07106805249689435,0.0,0.0006551883942121616,0.002028813108599437,0.00019247630093814828,0.0,0.01606723103344275
2025-08-27,diesel,66.40231906729642,6777.035,16122673.045,0.1460849504681775,-175,-208.42142083526463,-257.12977823147025,0.5,-128.56488911573513,-128.56488911573513,-128.56488911573513,0.12591303256675496,stability_priority,7090,6734.4090876763275,0.0031042489568896005,0.0063039945637296,0.03971403476834667,0.005670037182140333,0.005593971256111824,0.006145611368180051,8.185197493748431e-05,0.0002514841266130999,0.00020534783436124056,0.010000000000000002,0.001527889485367672,0.00013394022487683854,0.00041556429406400686,0.00020753366416973235,0.020904744402461393,0.00281290349115017,0.0013625575216956044,0.00439961182870012,0.00019194408436150185,0.06611572285336507,0.030184637093425747
2025-10-14,diesel,64.79524527100162,6741.132,8491582.402999999,0.1460849504681775,-70,-158.4591177773928,-287.02400689312793,0.5,-143.51200344656397,-143.51200344656397,-143.51200344656397,0.13308406559110886,stability_priority,7020,6590.897084229764,0.012243140738235334,0.0051447837413032375,0.03126810133363125,0.00562147425039477,0.005402003335502028,0.0056646308832698986,0.0001350794468903894,0.0004110842895755692,0.0002067420027320607,0.04409999999999999,0.0027771737397405145,0.00033870986658819576,0.0010582060230419593,0.00021310150661669393,0.009984926907386511,0.008066617463323014,0.002080723719470909,0.006854896875329423,0.00020550280771289918,0.0008936649072754754,0.04618377681173173
2025-10-28,diesel,61.85814749117869,6719.351999999999,8491582.402999999,0.1460849504681775,-255,-224.75456343889616,-368.2665668854601,0.5,-184.13328344273006,-184.13328344273006,-184.13328344273006,0.149901571937324,stability_priority,6765,6406.763800787034,0.04225128220860897,0.010500201608003835,0.0614084911580733,0.0053096234793357415,0.005026372811641203,0.005086263762186167,0.0008747101678029444,0.002835810454422528,0.00021580716231888377,0.1369,0.02264744272524511,0.0007423381416188928,0.00238450478693357,0.00022420951117595777,0.01758034446182937,0.018977606896495275,0.0034728391329730724,0.011835338589206818,0.0002224195285710815,0.006600353554107696,0.10454577547686209
2025-11-11,diesel,63.26464256803477,6629.75,8412856.4225,0.1460849504681775,120,31.196774817792875,-152.93650862493718,0.75,-114.70238146870288,-114.70238146870288,-38.234127156234294,0.13603029514802426,stability_priority,6885,6292.061419318331,0.14552400197887683,0.07033587151717632,0.0433523978785566,0.004525358538340966,0.004527982308218662,0.004447964567548247,0.0001770126228308897,0.0005256313784557907,0.00023946452836689686,0.5625,0.003697760025010286,0.00041335431580403483,0.0012608773815189578,0.00023938333145479473,0.2620443502215602,0.00974070703982022,0.0038112732592772078,0.012920639261926959,0.0002418658060922348,0.019282600595707886,0.11960431568034183
2025-11-25,diesel,62.23296396645118,6583.748,8412856.4225,0.1460849504681775,-65,-103.06897676971826,-141.30310392595254,0.5,-70.65155196297627,-70.65155196297627,-70.65155196297627,0.17260562156662618,stability_priority,6820,6221.409867355354,0.03663921505564086,0.020801721956199642,0.04790475932763979,0.005074824921109177,0.0046945178323951325,0.004150386180090712,0.00021021197988325393,0.0006430760550734828,0.0002227608511355437,0.1369,0.004652605537729464,0.0003060814163689257,0.0009472722604938967,0.00023425778438287062,0.072109168197437,0.007151192916846247,0.004132640150035694,0.013980820069523716,0.0002512102582402595,0.007761902320570378,0.13481070656085703
2025-12-09,diesel,62.23817103955421,6530.67,8641713.531,0.1460849504681775,-55,-55.99401036862268,-126.64556233159895,0.5,-63.322781165799476,-63.322781165799476,-63.322781165799476,0.17034911112327772,stability_priority,6765,6158.087086189555,0.0016318249636923972,0.003822770695884745,0.04761686081672289,0.004108688826001393,0.003966352648458156,0.0040457636521501125,0.000210544562236149,0.0006432015771800537,0.00025253377082885294,0.0004,0.0046536302598633485,0.00021284186795872368,0.0006504175250630733,0.00025707784739360475,0.008864209846657112,0.004712551558539699,0.004286954226433904,0.014520979694874427,0.0002545376574430545,0.00021484352559020554,0.14271959592398628
2025-12-23,diesel,60.02514654872086,6517.224,8641713.531,0.1460849504681775,-165,-182.1829027628588,-245.50568392865827,0.25,-61.37642098216457,-61.37642098216457,-184.1292629464937,0.15299020117567788,stability_priority,6600,6096.71066520739,0.018079462332305268,0.022642906010263312,0.08125399691649102,0.003910595484737373,0.003886101944916131,0.003974601330160633,0.0007077524608062922,0.002252279021487606,0.0002588689376557534,0.0484,0.017897477513882314,0.0007824785437507824,0.0025035722955243215,0.0002596577105296357,0.0636945462547364,0.01994837244032267,0.004869782983295666,0.0166342424704929,0.0002568134025272894,1.515327185775726e-05,0.17451433960046234
2026-01-21,diesel,63.27606746491273,6423.525,16881760.39533333,0.1460849504681775,85,114.94349121150518,-69.18577173498852,0.0,-0.0,0.0,-69.18577173498852,0.08458742203551516,stability_priority,6685,6096.71066520739,0.06514118931004571,0.09120291883840283,0.04488060529820247,0.0037308370022349096,0.0037031045384016527,0.003993692239635024,0.0001465389550227865,0.0004362380557058192,0.00026468566464784877,0.25,0.00297811596224998,9.344157331091526e-05,0.0002756097226008878,0.0002655888016862649,0.3531363759848358,0.001712908850784018,0.0038766396700290395,0.012906101972325515,0.0002562018881195201,0.015068260210319564,0.11939899949637434
2026-02-04,diesel,66.21568324403765,6394.749,8240046.8643333325,0.1460849504681775,195,174.96326559244994,105.77749385746142,0.75,79.33312039309607,79.33312039309607,26.444373464365356,0.13363551569917953,stability_priority,6880,6176.0437856004855,0.012488572635528106,0.003764077436216216,0.028897554213815537,0.00483362364184008,0.004924922798327206,0.0043727278966002765,3.898257504018545e-05,0.00011089498126098639,0.00023001897183735218,0.0484,0.0,2.137818511044812e-05,6.108756993859769e-05,0.00022725795263639484,0.014409493266958055,0.0,0.002822592203343814,0.009103423538774509,0.0002442116333936952,0.025174975965221898,0.0697391964697703
2026-02-25,diesel,68.7834083434205,6374.093999999999,8240046.8643333325,0.1460849504681775,170,131.9197094977494,158.36408296211476,1.0,158.36408296211476,158.36408296211476,0.0,0.6123924826904461,stability_priority,7050,6334.4078685626,0.0008087301701069796,0.0020410437576728314,0.015945678616751176,0.005574225775816531,0.005452448112024043,0.005169406650962044,0.000457064904702987,0.0012868858676324218,0.00020810296196711617,0.0025000000000000005,0.0,0.00033769890878150284,0.0009587114046854529,0.00021163126593335283,0.007410990885110527,0.0,0.0014215086064502975,0.004391072531082875,0.00021994649908452886,0.02498357217834254,0.030156777551982226
2026-03-10,diesel,78.4036612824465,6636.485,8039213.5309999995,0.1460849504681775,670,576.1707536740139,576.1707536740139,1.0,576.1707536740139,576.1707536740139,0.0,0.6141601853369973,stability_priority,7720,6910.578622236614,0.25715575703798516,0.20299500262512968,0.18004933148864657,0.006794767973947008,0.006544631294249994,0.006785228340398388,0.0025163146691192795,0.0064563931116439445,0.0001743781528618956,1.0,0.0,0.0018624542579223323,0.0048685404529780945,0.0001810469470076766,0.7894359610068052,0.0,0.0001497351705241456,0.000413597439820553,0.00017463019001540998,0.6982496563654452,0.002797213808998298
2026-03-24,diesel,100.53825399545414,6788.624,8039213.5309999995,0.1460849504681775,1115,1514.7864971220276,1514.7864971220276,0.5,757.3932485610138,757.3932485610138,757.3932485610138,1.3496468992008541,stability_priority,8835,7667.971870797628,0.2060236346414343,0.9081770915187246,0.49290999163860166,0.010533836215741416,0.0106176255366531,0.010144911510243354,0.01271142381118792,0.029453941107642507,8.960825679040882e-05,0.7921,0.0,0.019364651284376318,0.0419781328249111,8.802895057046402e-05,3.5239980553938706,0.0,0.001162628788393041,0.0029896864307216438,9.712276914093394e-05,0.13136637061227485,0.0
2026-04-08,diesel,116.21363904838014,6890.049999999999,8039213.5309999995,0.1460849504681775,400,803.3757745086745,1560.7690230696883,0.5,780.3845115348441,780.3845115348441,780.3845115348441,0.895931343297825,stability_priority,9235,8448.356382332473,0.528013243187247,0.5241175479951049,0.48917221221114954,0.01418560023856072,0.01588092441616729,0.013758541068983911,0.015045728759714197,0.037604916003915134,3.380724458582517e-05,2.0448999999999997,0.0,0.021625967852455158,0.0506898558990619,1.696678366532679e-05,2.0244208649970132,0.0,0.0062416930440998865,0.015488010132850654,3.89558095875605e-05,0.0021143926925272834,0.0
2026-04-22,diesel,106.71277678317998,6890.049999999999,8039213.5309999995,0.1460849504681775,-530,-617.4322521842347,162.95225935060944,1.0,162.95225935060944,162.95225935060944,0.0,0.4150603378435464,stability_priority,8705,8611.308641683083,0.88936435599577,2.0730694291220324,0.39290726738372145,0.014258673496169032,0.015346708336100402,0.01632798187731452,0.007720559240189401,0.022050799995117276,3.2962830023591925e-05,3.4596000000000005,0.0,0.0068034216563312815,0.019730319379598613,2.1653123309317497e-05,8.074781794859993,0.0,0.0073673876409629385,0.019567397821827953,1.3483717093330589e-05,1.5248903441491857,0.0
2026-05-09,diesel,114.44845662872568,6890.049999999999,16078427.061999999,0.1460849504681775,310,369.3292136759377,369.3292136759377,0.75,276.99691025695324,276.99691025695324,92.33230341898445,0.022605173938596915,stability_priority,9015,8888.305551940037,0.7268139116847167,1.0020886410568255,0.022605173938596915,0.014847294582404132,0.014661360801105066,0.01677647048084592,0.012090448031439856,0.03087495331162184,2.655037312052181e-05,2.8223999999999996,0.0,0.012914948966982824,0.032656001686274146,2.8501068495977547e-05,3.894792762026065,0.0,0.01052629574492384,0.027165139062680824,1.0391142560857736e-05,0.0520247296013993,0.0
