adjust_date,fuel,oil_price_usd_bbl,inventory_cost,quantity_tonnes,transport_share,actual_delta,mechanism_delta,mechanism_signal_with_carry,optimal_ratio,raw_optimal_delta,optimal_delta,carry_over_next,discounted_horizon_loss,scenario,actual_price,optimal_price,actual_loss,mechanism_loss,optimal_loss,actual_cpi_pred,mechanism_cpi_pred,optimal_cpi_pred,actual_loss_consumer,actual_loss_profit,actual_loss_cpi,actual_loss_expectation,actual_loss_security,mechanism_loss_consumer,mechanism_loss_profit,mechanism_loss_cpi,mechanism_loss_expectation,mechanism_loss_security,optimal_loss_consumer,optimal_loss_profit,optimal_loss_cpi,optimal_loss_expectation,optimal_loss_security
2016-04-27,diesel,42.396839673275,5031.603999999999,13370645.024,0.14604640289872012,160,160.17911140627916,160.17911140627916,0.75,120.13433355470937,120.13433355470937,40.04477785156979,0.01886689382959486,baseline,5180,5300.134333554709,0.020882413096172867,0.020913885074079708,0.011328850309977543,0.02264021894903443,0.0226405107526594,0.02256922544978807,0.0003325046005505065,0.0009829556512276124,6.9707560988404735e-06,0.1024,0.007445522789380783,0.00033181635255083794,0.0009808508095279706,6.972297034909905e-06,0.10262939092362076,0.007428157344010473,2.9956281585389374e-05,8.714565055662515e-05,6.600919411838707e-06,0.05772903239453668,0.00035178955047532844
2016-05-12,diesel,44.53533986703174,5031.603999999999,6542708.621499999,0.14604640289872012,115,158.1493553764472,198.194133228017,1.0,198.194133228017,198.194133228017,0.0,0.009248470727698046,baseline,5295,5498.328466782726,0.001603514759722348,5.392915234400198e-06,0.004235143401992015,0.022964187570048346,0.02303322479576574,0.0228668596611624,3.608306919592664e-05,0.0001051796478406653,8.786407950429114e-06,0.0081,0.00046838605131250947,2.3124863764407862e-06,6.62857154161529e-06,9.20045266164811e-06,1.6479638162556774e-05,0.0,0.00022124443756067197,0.0006192528595970429,8.218884316800183e-06,0.024373329300147663,0.0
2016-05-26,diesel,47.87412315362528,5031.603999999999,6542708.621499999,0.14604640289872012,200,265.1988649897921,265.1988649897921,0.75,198.8991487423441,198.8991487423441,66.29971624744803,0.02494728837629971,baseline,5495,5697.227615525069,0.005007671605515613,0.007971653678592096,0.003840842337872823,0.023128292823653588,0.023441634168456873,0.023503070040316543,0.00021150678950604851,0.0005919723668385825,9.786215990522537e-06,0.028900000000000006,0.0,0.000447372868728247,0.0012297378736795723,1.1844845749489828e-05,0.0458383900338305,0.0,0.0011744600204207963,0.0032299783477022738,1.2271499707363342e-05,1.988187501767629e-06,0.0
2016-06-09,diesel,49.297681034260485,5144.264999999999,13665880.887999998,0.14604640289872012,110,96.04865528881574,162.34837153626376,0.5,81.17418576813188,81.17418576813188,81.17418576813188,0.03870420982321887,baseline,5605,5778.401801293201,0.005597893153598517,0.019634018644334752,0.015007688812562814,0.023986884523141384,0.024280438488725863,0.023898926938432655,0.00017287332012945065,0.0004928716865039463,1.58952482008643e-05,0.0324,0.0,0.0001385170241797428,0.00039642916206811463,1.832215365576575e-05,0.11444717376753717,0.0,0.0008769601839953619,0.002474325631077047,1.5201631271235837e-05,0.055436667629118544,0.0
2016-07-22,diesel,45.323769115979474,5276.469999999999,13201929.606,0.14604640289872012,-150,-132.14127162561334,-50.967085857481464,1.0,-50.967085857481464,-50.967085857481464,0.0,0.03252640520105522,baseline,5455,5727.434715435719,0.048756404587375894,0.037528033114460846,0.01199282858169701,0.023528369013212806,0.023489617007188456,0.023527809021572185,0.00023837179838078612,0.0007437743826877787,1.244938789340031e-05,0.27040000000000003,0.005476807216311296,0.00018765415628955656,0.0005815755886613013,1.217742685685891e-05,0.20828257098084993,0.004151529780982943,0.00011942650273480289,0.0003510993012214413,1.2445436492686095e-05,0.06984526266733651,0.0
2016-08-05,diesel,41.821543066021135,5328.219999999999,6717389.0139999995,0.14604640289872012,-215,-221.85685505078612,-221.85685505078612,0.5,-110.92842752539306,-110.92842752539306,-110.92842752539306,0.02701260683375692,baseline,5240,5616.506287910326,0.02022886388389463,0.02354330526357654,0.012436015202616606,0.02187707657112077,0.02194813009094992,0.022499007079525637,0.0017699681408386294,0.005903752126915662,3.523416453850509e-06,0.016900000000000002,0.03839484259577056,0.0018269086280821253,0.006110269396165424,3.7952108512645455e-06,0.03219554363727655,0.03994431458637798,2.4792128371804004e-05,7.51966262973661e-05,6.245036383519254e-06,0.014381449978464125,0.00027795607349440907
2016-08-19,diesel,44.95531466879161,5341.147999999999,6717389.0139999995,0.14604640289872012,170,112.89370646736108,1.9652789419680232,0.0,0.0,0.0,1.9652789419680232,0.018453607356721087,baseline,5410,5616.506287910326,0.10947526042303915,0.08873850359544339,0.008690422449806265,0.021161334253136255,0.021040117503038518,0.02140769878176892,0.0007433036916623712,0.002234755228525241,1.3486972475075432e-06,0.5929,0.017754167317370406,0.001087232298758943,0.00334150215314653,1.0818444201270799e-06,0.4482317537468594,0.026727554421485663,4.038003090151409e-05,0.00012041519208205025,1.9816158601936996e-06,0.04922046413302552,0.000570660506331312
2016-09-02,diesel,47.59264263315335,5293.360000000001,6455027.0575,0.14604640289872012,200,128.34413134349825,130.30941028546627,0.5,65.15470514273314,65.15470514273314,65.15470514273314,0.024651220890266713,baseline,5610,5681.660993053059,0.0006184451669795663,0.0008466684069894217,0.006309847595095975,0.021992572503912462,0.02160605386331177,0.02095694325536653,4.438906649789009e-06,1.2658881993893737e-05,3.970345183347978e-06,0.0036,2.6400735970219883e-07,8.487278531192805e-05,0.0002485609656331284,2.579409011858658e-06,0.0009548625154126324,0.0015055990650037722,2.401971661438504e-05,6.960340471654559e-05,9.157403939914886e-07,0.016980542408945982,0.0
2016-09-19,diesel,46.13663267214746,5272.156,6455027.0575,0.14604640289872012,-150,-96.89843937657452,-31.74373423384138,0.0,-0.0,0.0,-31.74373423384138,0.036753807758682096,baseline,5460,5681.660993053059,0.0860203601287304,0.03548030541891066,0.0037271285544780985,0.021157505714308144,0.02089681510186567,0.020728618044980773,0.00021037099186943813,0.0006551724676300494,1.3398194786560056e-06,0.48999999999999994,0.0047513910336476756,8.699240087616506e-05,0.0002655538815411577,8.042773269343337e-07,0.2029368626583479,0.0016355714724144864,4.984490566956031e-05,0.0001458025518016952,5.308842554716036e-07,0.016980542408945982,0.0
2016-10-20,diesel,50.22665824618214,5290.305,14192912.776999999,0.14604640289872012,340,234.32029167375885,202.57655743991745,0.25,50.64413935997936,50.64413935997936,151.9324180799381,0.038486037598236385,baseline,5800,5732.305132413039,0.16448226146657383,0.07513114577113947,0.02025145898094949,0.020041643464108454,0.020124971426834438,0.02028779578762644,0.0002848308342411042,0.0007772078782699145,1.7341781029520954e-09,0.9603999999999999,0.0,4.2726663871053044e-05,0.00011991506492818466,1.5617857525035128e-08,0.4388233911943722,0.0,0.00010122921177702115,0.00029264515499378356,8.282641537552306e-08,0.010259315406052044,0.0
2016-11-17,diesel,43.853398014610974,5393.816,13809707.712,0.14604640289872012,-355,-288.15667957327844,-136.22426149334035,0.0,-0.0,0.0,-136.22426149334035,0.05859662255460182,baseline,5445,5732.305132413039,0.33990687893521354,0.19214293452826442,0.016601952201543188,0.020883787921384487,0.020483965197626745,0.02002232289111321,0.0007715615969362411,0.0025603414141751393,7.810810899851113e-07,1.9320999999999997,0.020410577318461486,0.0004601797169892364,0.0014889254941729878,2.342223125138936e-07,1.0919287419339092,0.011623873628809445,3.06478685984926e-07,9.036557071167335e-07,4.983114676521956e-10,0.010259315406052044,0.0
2016-12-01,diesel,46.28107919720019,5446.173999999999,4722540.127333333,0.14604640289872012,170,204.78278928722472,68.55852779388437,1.0,68.55852779388437,68.55852779388437,0.0,0.04812821896224185,baseline,5615,5800.863660206924,0.19176019979232553,0.16822886579171956,0.003218589951251469,0.018234716445229608,0.018581149113886173,0.01963960276577922,0.00030336880865207286,0.0008959866746700673,3.1162260287427923e-06,1.1025,0.006728459562756956,0.00019690439821135712,0.0005741611821821401,2.013137837025993e-06,0.9719572798418998,0.004091268329632424,4.501728714496537e-07,1.3093878933796242e-06,1.298861664339878e-07,0.018801086933059263,0.0
2016-12-15,diesel,52.12131287707897,5473.206,4722540.127333333,0.14604640289872012,420,385.8668092213213,385.8668092213213,0.5,192.93340461066066,192.93340461066066,192.93340461066066,0.05168753520951983,baseline,6035,5993.797064817584,0.04290608139653188,0.02253165062014962,0.04044195356188275,0.020585775356520966,0.020699124664914356,0.019754362676355382,0.0004072248590187505,0.0010949025914422136,3.431327683072645e-07,0.25,0.0,0.00028764546925231084,0.0007801276337028781,4.887752970916093e-07,0.13116568910196916,0.0,0.0002569302353354001,0.0007211894187796339,6.03376947672908e-08,0.06187643993275311,0.0
2016-12-29,diesel,53.07575348934881,5468.79,4722540.127333333,0.14604640289872012,95,112.78639412062374,305.7197987312844,0.75,229.2898490484633,229.2898490484633,76.4299496828211,0.02466407179136265,baseline,6130,6223.086913866047,0.07255067835117245,0.05131366057346781,0.005951985938860944,0.02132455260446502,0.021193480815771198,0.020448287107041104,0.0008122858888147975,0.002291019964393019,1.754439601995066e-06,0.42250000000000004,0.0,0.0009062516612738871,0.0025447657334272044,1.4243964576138827e-06,0.2982916524462772,0.0,0.0013686100002382906,0.003746596213264216,2.00961330339282e-07,0.005287164208636125,0.0
2017-01-13,diesel,53.99351442246399,5640.469999999999,7434651.493666667,0.13639340683331513,500,64.46102505964228,140.89097474246338,1.0,140.89097474246338,140.89097474246338,0.0,0.01966839926570807,baseline,6630,6363.9778886085105,0.11313059035782977,0.001683698658573857,0.005635813648014738,0.02101665131926321,0.020510801585196557,0.021109411962385687,0.003083024198915873,0.007965629807834511,1.0335799049596253e-06,0.6561000000000001,0.0,0.00030229253550099127,0.0008663185204230941,2.6091825943931456e-07,0.009341365179520255,0.0,0.0010324552080885662,0.002882400844716537,1.2307949022844591e-06,0.03125744391427189,0.0
2017-01-26,diesel,53.59469121042442,5743.477999999999,7434651.493666667,0.13639340683331513,-340,2.083027342747865,2.083027342747865,0.0,0.0,0.0,2.083027342747865,0.01857743067450695,baseline,6290,6363.9778886085105,0.48321787142361,0.003202800464430451,0.01373280766081556,0.022240507108679072,0.020848797865002544,0.021155724514826536,0.0002364834271038195,0.0007229344502718444,5.019872104041454e-06,2.8223999999999996,0.0,0.0019413569005258724,0.005473900325376341,7.204578156328763e-07,0.015564058396675537,0.0,0.0004879297307101226,0.0014063919486364982,1.3356991541710317e-06,0.07940106705552584,0.0
2017-02-15,diesel,54.325999515736456,5832.51,14383899.924666665,0.13639340683331513,50,-28.170084127213805,-26.08705678446594,0.0,-0.0,0.0,-26.08705678446594,0.007970410360284206,baseline,6340,6363.9778886085105,0.10418719766622735,0.0006338427706157672,0.0005981196481612689,0.01937788085328731,0.020593326356792067,0.0206219339218213,0.00013910050599318457,0.00040183174526564993,3.870322327065273e-07,0.6084,0.0,2.4895692712773716e-05,7.329781682471077e-05,3.5203616566414634e-07,0.003661003014455705,0.0,0.00019023520543729676,0.0005528094680098121,3.868018031120204e-07,0.0,0.0
2017-03-15,diesel,52.055328052771,5849.696,6870025.187,0.13639340683331513,-85,-83.0127745186846,-109.09983130315054,0.75,-81.8248734773629,-81.8248734773629,-27.274957825787638,0.0211641377281524,baseline,6255,6282.153015131147,0.012481492811257709,0.002061980173152526,0.005187147931525833,0.020206492319656526,0.019891817482774837,0.020008070431969952,7.728435371912898e-06,2.300931477999076e-05,4.263907807713293e-08,0.0729,0.0,8.719412239889813e-06,2.5947043359122625e-05,1.1703457033172865e-08,0.012030882757498888,0.0,2.6316960888025574e-05,7.812759379515751e-05,6.513187218161969e-11,0.02678123967834579,0.0
2017-03-29,diesel,49.38071351199277,5860.822,6870025.187,0.13639340683331513,-220,-130.06457978393456,-157.33953760972219,0.5,-78.66976880486109,-78.66976880486109,-78.66976880486109,0.028100924570511582,baseline,6035,6203.4832463262865,0.01577912008690944,0.002323794644774817,0.004968532510296095,0.018898318312196852,0.01902391062639617,0.019097578406819807,0.0003067542179670348,0.0009696180752843992,1.2137025412407928e-06,0.0729,0.007335492593446031,9.293504225198365e-05,0.00028490020029004967,9.527504652623199e-07,0.00885548951487602,0.0017846182272235123,7.56533419446624e-06,2.2687025484386436e-05,8.143647318378776e-07,3.981874197777094e-05,1.881508441237035e-05
2017-04-13,diesel,52.84095880895715,5820.295,13436247.083999999,0.13639340683331513,190,174.37233211673492,95.70256331187383,0.0,0.0,0.0,95.70256331187383,0.029673588465331347,baseline,6225,6203.4832463262865,0.11510706493674232,0.06346365201100596,0.011565835002640976,0.018020154049562392,0.018366003858124553,0.018340830404379768,8.825412868956907e-06,2.512867921485126e-05,3.919789987464196e-06,0.6723999999999999,0.0,2.4748757324252646e-06,7.073939495309146e-06,2.6699433916638477e-06,0.3707273333104639,0.0,1.064574875252815e-06,3.132378564744082e-06,2.752843747030605e-06,0.024755730095241183,0.0
2017-05-12,diesel,48.041424392545125,5781.821,7014740.934,0.13639340683331513,-235,-277.3903335018204,-181.68777018994658,0.5,-90.84388509497329,-90.84388509497329,-90.84388509497329,0.029045383835919543,baseline,5990,6112.639361231313,0.12575508902377824,0.1432778695237429,0.012284333358629038,0.018434219816071438,0.018312425375037557,0.017819539870620644,0.00020240782621552657,0.0006373391055487576,2.451667584383363e-06,0.7224999999999999,0.004605779082335996,0.000322969454198202,0.0010320259194786616,2.847908114817132e-06,0.8163580241871305,0.007850482826511476,1.1488616075377868e-05,3.456993865753382e-05,4.75440637581304e-06,0.03301044583659484,6.196141225523705e-05
2017-05-26,diesel,51.03890868988692,5757.036,7014740.934,0.13639340683331513,135,119.70543148705302,28.86154639207973,0.0,0.0,0.0,28.86154639207973,0.02780801747303542,baseline,6125,6112.639361231313,0.09374241422158033,0.1079754252262599,0.006319353156220237,0.016663170522255442,0.016468458689881574,0.01706869476071613,1.992449051572313e-09,5.73883548521355e-09,1.1134430963545024e-05,0.5476,0.0,1.7911518190225518e-06,5.185545314249548e-06,1.2471784025072972e-05,0.6307401862883945,0.0,1.1283624102583947e-06,3.330286802858995e-06,8.592550405853061e-06,0.03301044583659484,0.0
2017-06-10,diesel,48.441866975263295,5699.865,6925385.069,0.13639340683331513,-175,-200.80132664464497,-171.93978025256524,0.75,-128.95483518942393,-128.95483518942393,-42.98494506314131,0.03038556941428858,baseline,5950,5983.6845260418895,0.06674407564478492,0.07187818577675509,0.013246846862993803,0.01706858520081378,0.01696895502162603,0.016554408216274116,0.0001042644014551655,0.0003225797111785877,8.593192724887992e-06,0.3844,0.002077707546165805,0.00015691359168597399,0.0004898544297310487,9.187233660926052e-06,0.41089832803236304,0.003408830794268002,5.1756427100653344e-05,0.00015794873626372757,1.187210274007932e-05,0.06651739807492596,0.0008332866466094268
2017-06-24,diesel,45.03258488301636,5668.673999999999,6925385.069,0.13639340683331513,-240,-192.2288384530724,-235.2137835162137,0.5,-117.60689175810685,-117.60689175810685,-117.60689175810685,0.029812261777005963,baseline,5710,5866.077634283783,0.012877973814488136,0.007102258129329069,0.013441206566613153,0.015177599755984388,0.015135732151992988,0.01553755539129657,0.0008555718406350569,0.0027838837163424055,2.325554411348184e-05,0.016900000000000002,0.022226549492746984,0.0006199097980217949,0.001982542859260112,2.366110169715477e-05,0.000293950215178605,0.015687546203504505,0.00022434797848779333,0.0006942315693683151,1.9913411885746315e-05,0.0005151032804814895,0.005070809050985013
2017-07-22,diesel,46.99182937767929,5584.1849999999995,13369591.988,0.13639340683331513,75,63.98740597436138,-53.619485783745475,0.0,-0.0,0.0,-53.619485783745475,0.017164588874578356,baseline,5785,5866.077634283783,0.07003297117870115,0.047394915969706,0.012107404630952303,0.014345521627478493,0.014534696650349373,0.014766031579253349,0.00021380087145542808,0.000639429790034575,3.1973125665313476e-05,0.39690000000000003,0.0046228419276824195,0.00024509795920187044,0.0007359293991632125,2.9869540703702367e-05,0.26258705563399387,0.005412462046327179,4.779750199495317e-05,0.00014269005609719338,2.7394425429373196e-05,0.05532552395601225,0.0007249620399012451
2017-08-05,diesel,50.15160002264495,5565.503000000001,13495524.523,0.13639340683331513,165,165.97225839415302,112.35277261040754,0.5,56.17638630520377,56.17638630520377,56.17638630520377,0.007610089556407667,baseline,5950,5922.254020588986,0.005553454523347068,0.007129205115295067,0.004691585456121984,0.0151010343671884,0.015053176685169922,0.01461079882166243,7.47750539636962e-06,2.1356825337192795e-05,2.399986427146916e-05,0.0324,0.0,7.98221886806046e-06,2.2792650514219692e-05,2.4471060908146443e-05,0.041603640492346716,0.0,1.959209033781933e-08,5.715011208876006e-08,2.9043489340595056e-05,0.012623145513245945,0.0
2017-09-16,diesel,52.38592119344901,5613.171,7416758.774,0.13639340683331513,95,32.78344285632657,88.95982916153034,1.0,88.95982916153034,88.95982916153034,0.0,0.0029983276573873363,baseline,6045,6011.213849750517,0.0033726654700000944,0.012151878072019867,0.0007454400039771623,0.015243194894671904,0.015161966542198046,0.014751846666684689,4.5405024672974e-05,0.00013077596660283493,2.2627194810075442e-05,0.019600000000000003,0.0,1.081959469329767e-06,3.1660689144308617e-06,2.3406567738811136e-05,0.07095704233747663,0.0,1.3365915709078143e-05,3.864757736317047e-05,2.754311340998861e-05,0.004299016502056118,0.0
2017-09-30,diesel,55.187765045612345,5657.84,7416758.774,0.13639340683331513,195,165.98413617268545,165.98413617268545,0.75,124.48810212951409,124.48810212951409,41.49603404317136,0.0037074552409618183,baseline,6240,6135.701951880031,0.006961575005677263,0.012237369707020145,0.0022781891882424667,0.015190350798747285,0.014884172203245007,0.015071774331909406,0.0003960283966513749,0.0011085484878369477,2.313272543911088e-05,0.04000000000000001,0.0,0.0002995285448286992,0.0008444264166292982,2.617169404605105e-05,0.07096969879983475,0.0,0.0001119562146096358,0.0003197729912910874,2.4287408235626987e-05,0.0050490327203502605,0.0
2017-11-03,diesel,57.00834724985867,5811.035,6974477.750999999,0.13639340683331513,150,84.99311888256604,126.4891529257374,1.0,126.4891529257374,126.4891529257374,0.0,0.003439151164384413,baseline,6390,6262.191104805768,0.0014822192409727848,0.004539602393403233,2.1097718588667572e-05,0.01584389591445425,0.015636166804986248,0.015521097265996658,0.0003314358923328982,0.0009366569249438568,1.7273201169890088e-05,0.0081,0.0,0.0001574279519479743,0.00045191485191598614,1.9043040153903938e-05,0.026238179526753686,0.0,5.061555286484247e-05,0.00014506874066326427,2.0060569700662616e-05,1.601681715626378e-05,0.0
2017-11-17,diesel,60.43819147787639,5888.21,6974477.750999999,0.13639340683331513,250,171.75155530412553,171.75155530412553,0.75,128.81366647809415,128.81366647809415,42.93788882603138,0.00545485114800939,baseline,6640,6391.004771283862,0.0071323385565572155,0.005337166765749161,0.0015161555671589695,0.016185659705614995,0.015819578945241844,0.015946537241072388,0.0010306551525203923,0.00283251587902816,1.454919188136909e-05,0.04000000000000001,0.0,0.000649904526492248,0.0018187333768575618,1.74759201950653e-05,0.03010810516125512,0.0,0.00012210640500667807,0.0003486531898252369,1.643056033801305e-05,2.1613453020360758e-05,0.0
2017-12-29,diesel,62.21587332766389,6036.0,13941508.355,0.13639340683331513,70,31.764201685469185,74.70209051150057,1.0,74.70209051150057,74.70209051150057,0.0,0.006457621911275574,baseline,6710,6465.706861795363,0.022347759522266926,0.013542538367669428,0.00201189190960012,0.01674243258354831,0.016382751012495936,0.016278196397849574,0.0005745523803550874,0.0016359674041235698,1.0611745472727751e-05,0.1296,0.0,0.00043361972046447004,0.001245508838078108,1.308449023759918e-05,0.07838583669261896,0.0,1.438433479204268e-05,4.172357499647635e-05,1.3851822052979887e-05,0.01171225061435371,0.0
2018-01-13,diesel,66.11343927180071,6153.093999999999,7272460.064,0.13474034151009923,175,148.87906727879488,148.87906727879488,0.75,111.65930045909616,111.65930045909616,37.21976681969872,0.018621724636158958,baseline,6885,6577.366162254459,0.007763568794246643,0.009575906705752339,0.0020481481772618724,0.016455995036090507,0.01627716427559503,0.016413200037864346,0.0007672263075326071,0.0021441002302269637,1.2559971184215132e-05,0.04409999999999999,0.0,0.0006547728705265339,0.0018404902014054671,1.3859505830905884e-05,0.05486356697177097,0.0,7.027139023452448e-06,2.029387154612345e-05,1.286513396837633e-05,0.005463341468442634,0.0
2018-01-27,diesel,67.75322721683503,6227.204,7272460.064,0.13474034151009923,60,13.574179714155203,50.793946533853926,0.0,0.0,0.0,50.793946533853926,0.019848715674166618,baseline,6945,6577.366162254459,0.00924169750068534,0.012673705019979147,0.010657752920217482,0.016839271799021095,0.016684752673604,0.016543083300256146,0.0006600489350695096,0.0018796001539609054,9.990202760463346e-06,0.0529,0.0,0.000484112779134218,0.0013927925763579673,1.0990864835175831e-05,0.07322965039551914,0.0,1.540866982414525e-05,4.5732164632058754e-05,1.195027306896794e-05,0.04987119751605884,0.00011364042702389665
2018-02-10,diesel,65.67800657880974,6287.73,14781686.805,0.13474034151009923,-160,-147.22818023371673,-96.4342336998628,0.75,-72.3256752748971,-72.3256752748971,-24.108558424965707,0.014309212386803861,baseline,6785,6505.040486979562,0.03316095270627383,0.01773026528712046,0.006381693666268176,0.01626006909236951,0.0161029812991777,0.01613609869046269,5.902828204362884e-05,0.00017661371887030445,1.3987083193849825e-05,0.1936,0.0,7.572633767709393e-05,0.00022592301129855383,1.518675475455874e-05,0.10342959585921986,0.0,0.00023049975952414389,0.0007072154527375702,1.4929733329844154e-05,0.020924013215879445,0.005177125555646311
2018-03-01,diesel,64.32478933099402,6243.200999999999,6634633.606,0.13474034151009923,-185,-47.427566863823685,-71.53612528878939,0.0,-0.0,0.0,-71.53612528878939,0.011649392910201548,baseline,6600,6505.040486979562,0.00046490701231118666,0.00684205004554202,0.00885861834623777,0.015027085383068378,0.015239855002518753,0.015557472845319258,1.1573030103149647e-05,3.527820020660992e-05,2.4729879787292182e-05,0.0025000000000000005,6.49795409478277e-05,6.077716623110739e-05,0.00017889878739736585,2.265898039704575e-05,0.03984064971602749,0.0,0.0001295025031637228,0.00038999202069319155,1.973604752007577e-05,0.020924013215879445,0.002609325599269589
2018-03-29,diesel,65.81290998890657,6217.956,6634633.606,0.13474034151009923,165,58.78840053731071,-12.747724751478685,0.0,-0.0,0.0,-12.747724751478685,0.015830811701427232,baseline,6765,6505.040486979562,0.08392825328495744,0.007733641960020063,0.0008280921946865521,0.014795179238043198,0.015181145855748195,0.01528673127014337,0.00015330770290788756,0.0004353005745301146,2.7090159164096585e-05,0.48999999999999994,0.0,1.3227143175725484e-05,3.847838659462336e-05,2.3221355263572805e-05,0.04512732692383538,0.0,8.396802167820898e-05,0.00025177371350969236,2.2214902119844325e-05,0.0,0.001530099297864461
2018-04-13,diesel,67.1364923044488,6213.334999999999,6503574.637499999,0.13474034151009923,50,79.93657948086607,67.18885472938739,1.0,67.18885472938739,67.18885472938739,0.0,0.01541185337094823,baseline,6815,6572.2293417089495,0.009137380229263739,0.00041256005459025096,0.003116457690194233,0.01572732702856229,0.01535272480254373,0.015113184313078412,0.00027812484960700973,0.000800063844859083,1.8255734320854347e-05,0.0529,0.0,0.00036450202246708614,0.0010415347086836799,2.1597166760892225e-05,0.0017889818905145543,0.0,9.913461199567717e-06,2.907687716083209e-05,2.3880967557942913e-05,0.018057368799386887,4.0070964863700466e-05
2018-04-27,diesel,71.45750403433306,6226.549999999999,6503574.637499999,0.13474034151009923,245,245.68522396890145,245.68522396890145,0.75,184.26391797667608,184.26391797667608,61.42130599222537,0.01286105330973565,baseline,7060,6756.493259685625,0.026376977223071935,0.019152193804435235,0.012441265067003679,0.015346002968772397,0.01545978668454595,0.015356275236036087,0.0012260280296030458,0.0033700820667046647,2.165968836667535e-05,0.1521,0.0,0.0012298280012418695,0.003380026928388477,2.0613536949826254e-05,0.10989045259848458,0.0,0.00011987303169556629,0.00033983673335197137,2.15641796834517e-05,0.054826281737426596,0.0
2018-05-12,diesel,73.11339128033123,6319.1449999999995,6572711.574999999,0.13474034151009923,105,117.13527896292425,178.55658495514962,1.0,178.55658495514962,178.55658495514962,0.0,0.021532485311654498,baseline,7165,6935.049844640775,0.013756125175196358,0.011668311940364058,0.00010720107777008827,0.016134311522648707,0.016150935910487173,0.01602681002503777,0.0012011388853844223,0.003370235964740992,1.4943547403926559e-05,0.07840000000000001,0.0,0.0012669042238378663,0.0035456010853708877,1.4815294365177207e-05,0.06610035344415907,0.0,0.00029408823351491863,0.0008300415902216787,1.5786238577140375e-05,0.00013029460087442572,0.0
2018-05-26,diesel,75.7600727398957,6369.415999999999,6572711.574999999,0.13474034151009923,250,164.00819681582647,164.00819681582647,0.5,82.00409840791323,82.00409840791323,82.00409840791323,0.023841853983072744,baseline,7415,7017.053943048688,0.015056423117956672,0.002006794086775704,0.01186758252612707,0.01639902388351534,0.01634474636349212,0.01650532822733995,0.0024181605002602333,0.00656250757141969,1.296702899149295e-05,0.0841,0.0,0.0018212485104358203,0.0050311646535075895,1.3360879147204094e-05,0.008788281712179678,0.0,0.00036500761334932617,0.0010429573543160704,1.2212730798626948e-05,0.037289530633817056,0.0
2018-06-09,diesel,71.57248681191464,6508.135,6610286.048,0.13474034151009923,-125,-165.49491042365094,-83.4908120157377,0.0,-0.0,0.0,-83.4908120157377,0.02436647619321735,baseline,7290,7017.053943048688,0.09650889007474349,0.07451788673926216,0.010198931026946984,0.016942854531632436,0.016591827068971658,0.016491892487974644,0.0007659337615584348,0.0022327245399771543,9.346138414760334e-06,0.5625,0.0,0.0006076053077640244,0.0017863238304964238,1.1615642727794321e-05,0.43428919072188216,0.0,5.365295395512273e-05,0.00015690099294154154,1.2306818315928734e-05,0.026898688622778867,0.0
2018-06-26,diesel,71.34368611064708,6571.258,6610286.048,0.13474034151009923,-55,14.74342969592821,-68.74738231980949,0.0,-0.0,0.0,-68.74738231980949,0.02089943264670307,baseline,7235,7017.053943048688,0.0034566683868334593,0.022407431048474195,0.0037852218987828733,0.015685218674974962,0.015624054804394095,0.01617724467496744,0.00034572153593106396,0.0010074547996307226,1.8617337882784826e-05,0.019600000000000003,0.0,0.0005687144814410862,0.0016331466997920525,1.9148896354946407e-05,0.12994343699624433,0.0,4.24007945211278e-06,1.2463421511960336e-05,1.4613458275064797e-05,0.0,0.0
2018-07-10,diesel,75.52675702206679,6618.655,6501765.6355,0.13474034151009923,260,239.94922434534084,171.20184202553133,0.5,85.60092101276567,85.60092101276567,85.60092101276567,0.017608257777621455,baseline,7495,7102.654864061454,0.06826853053153309,0.035026688488325054,0.010889241675825855,0.015978697036351398,0.016200246127215556,0.015977150248525432,0.0011780193317722527,0.0032403360038558097,1.6170877525449037e-05,0.39690000000000003,0.0,0.0010776047455320788,0.002976268693317377,1.4438129493740386e-05,0.20287059977469368,0.0,2.2896468754506313e-05,6.631682690695423e-05,1.6183320122939e-05,0.029310070712934993,0.0
2018-07-24,diesel,71.84604043418894,6621.843999999999,6501765.6355,0.13474034151009923,-120,-131.4530988096168,-45.85217779685112,0.0,-0.0,0.0,-45.85217779685112,0.01424450318073725,baseline,7375,7102.654864061454,0.09904984720958192,0.09461500641192394,0.006708406815504852,0.016473086827468696,0.01638984555276499,0.01599808950295484,0.0006073705527131731,0.001774334277938533,1.2439116526574833e-05,0.5776,0.0,0.0005664182426626441,0.0016586322523416638,1.3033215132890723e-05,0.5517587425795983,0.0,2.0189772081530568e-05,5.920575137527546e-05,1.6015287626360234e-05,0.029310070712934993,0.0
2018-08-07,diesel,72.24956008101798,6686.825,6504841.2715,0.13474034151009923,70,32.31118912561594,-13.540988671235183,0.0,-0.0,0.0,-13.540988671235183,0.017898125597846593,baseline,7445,7102.654864061454,0.024894706210911523,0.018503795998711964,0.0001507470039575633,0.015375569726362243,0.01529476758664408,0.01570664436068825,0.0006145745507961238,0.001750318103973579,2.1385355355737382e-05,0.1444,0.0,0.0004838784227219891,0.001388821759379361,2.2139212063695183e-05,0.10727496801173525,0.0,7.16903061763038e-07,2.1150035654515886e-06,1.843290264561002e-05,0.0,0.0
2018-08-21,diesel,69.1787498069334,6724.538,6504841.2715,0.13474034151009923,-50,-123.60242424700888,-137.14341291824405,0.0,-0.0,0.0,-137.14341291824405,0.018916340960408038,baseline,7395,7102.654864061454,0.009955270855035739,0.016694210085953096,0.015105175529644153,0.015616255641285146,0.015404951580438694,0.015428893557824428,0.00032274194067621876,0.000940295160308328,1.9217214602564315e-05,0.0576,0.0,0.00015657988561447686,0.000463223543922729,2.1114469978112862e-05,0.0972362193396333,0.0,1.541527041549919e-05,4.575182986147015e-05,2.089501410569902e-05,0.0,0.0001137382550976331
2018-09-04,diesel,72.78311549184721,6811.19,6790231.524999999,0.13474034151009923,170,201.5491454011302,64.40573248288615,1.0,64.40573248288615,64.40573248288615,0.0,0.005842489275012945,baseline,7565,7167.06059654434,0.03330069722109733,0.07258363960617747,0.0030657086368573077,0.015180768445211908,0.014963298513107926,0.015238354524721633,0.0005585098483536549,0.0015716796461947588,2.3224992778665256e-05,0.1936,0.0,0.0006731016219112008,0.00188214299872897,2.5368361868060834e-05,0.42289417297859466,0.0,3.624828216408239e-05,0.00010704731011379832,2.2673267632238946e-05,0.016592393506628385,0.0004807563827145175
2018-09-18,diesel,74.11763302719488,6848.096,6790231.524999999,0.13474034151009923,145,109.91402595673398,109.91402595673398,1.0,109.91402595673398,109.91402595673398,0.0,0.0028670377542719568,baseline,7710,7276.974622501074,0.0006962380408733384,0.005977287378009323,0.0014227415084198318,0.015726187843020198,0.015797161037134157,0.015339504880506134,0.0009564215625677566,0.0026822457471136806,1.8265470353148352e-05,0.0025000000000000005,0.0,0.0008066936931892596,0.0022781471529414693,1.7663855347783236e-05,0.03358798046235505,0.0,3.8950706619503097e-07,1.131263855742848e-06,2.1720214758826152e-05,0.008284019099607442,0.0
2018-10-01,diesel,76.98512082710351,6952.07,6795043.7565,0.13474034151009923,230,163.09626741347927,163.09626741347927,0.75,122.32220056010945,122.32220056010945,40.77406685336982,0.0351118454514648,baseline,7940,7399.296823061183,0.005363571310327518,0.002261592043544567,0.0014394980840318644,0.01581225668074828,0.015622896496073192,0.01560795904438424,0.0015067512170792335,0.004150507599502572,1.753719410793741e-05,0.028900000000000006,0.0,0.0011637020127662912,0.0032471758748043793,1.9159035084088345e-05,0.011313403225454228,0.0,6.740104005892101e-08,1.951877583985073e-07,1.9290023755806197e-05,0.0006158511879514081,0.0
2018-10-20,diesel,77.91850696573522,6999.692,6795043.7565,0.13474034151009923,160,87.15951531489476,127.93358216826458,0.0,0.0,0.0,127.93358216826458,0.08031306190378423,baseline,8100,7399.296823061183,0.00392934412810398,0.0044080852731597205,0.02337594979064686,0.01626114901269779,0.015964611845962047,0.015763936945307134,0.002082695845762174,0.005751780503947568,1.3979006705250715e-05,0.019600000000000003,0.0,0.0016513937095300579,0.004623849168326592,1.628435755374984e-05,0.023065561277127517,0.0,1.2116707398324551e-05,3.593063018072684e-05,1.794423020333386e-05,0.05985088299947056,6.779531738915152e-05
2018-11-03,diesel,72.54628464866491,7019.195,6785361.953000001,0.13474034151009923,-365,-292.76674511562726,-164.83316294736267,1.0,-164.83316294736267,-164.83316294736267,0.0,0.1047960535365545,baseline,7735,7234.463660113821,0.18883460354360282,0.09900206764851764,0.021705724325243748,0.0156293520221238,0.015468105855619453,0.015301303775039663,0.0003498088635959256,0.0010589197520985446,1.9102563746513333e-05,1.1025,0.0,0.0005615240299636212,0.0016758332691346953,2.0538064535870692e-05,0.5773758534588834,0.0,0.00029353707696687815,0.0009146998750967827,2.2077746214456524e-05,0.10867988642892724,0.00688266316177713
2018-11-17,diesel,64.89815719013242,7011.848,6785361.953000001,0.13474034151009923,-490,-407.6549313117842,-407.6549313117842,0.75,-305.74119848383816,-305.74119848383816,-101.91373282794603,0.14147799010193163,baseline,7245,6928.722461629983,0.013283677611560825,0.009861097153864958,0.03713609149770772,0.013374227031587265,0.013688932625125988,0.014128306869912023,0.00023855590478177112,0.0007738917309336388,4.390086742894892e-05,0.0625,0.005724008398072601,9.05781997857948e-05,0.000287048729882085,3.9829571410199154e-05,0.052797181309771304,0.0018012355374758386,0.0015574302095173558,0.005183602403530296,3.447678021392235e-05,0.07942029791499455,0.03371894538203689
2018-12-01,diesel,57.47630975735433,6760.67,4418409.912666666,0.13474034151009923,-520,-419.4105869634928,-521.3243197914388,0.5,-260.6621598957194,-260.6621598957194,-260.6621598957194,0.19323009979620287,baseline,6725,6668.060301734264,0.014041368198312084,0.009230129893906933,0.0717302236307697,0.011720641398715313,0.012105942990915962,0.012538234939622476,0.0012507313307870993,0.004264624068766326,6.854777884866673e-05,0.0036,0.029774304677294885,0.0007709873664334063,0.002549120892872877,6.231613606266884e-05,0.0005527817592061928,0.0203192545843795,0.0016449710079620965,0.005459518028584393,5.56779378162708e-05,0.008128478880116398,0.03536752156054182
2018-12-15,diesel,56.98627403563451,6612.902,4418409.912666666,0.13474034151009923,-120,-95.16194866279814,-355.82410855851754,0.75,-266.86808141888815,-266.86808141888815,-88.95602713962938,0.17817750726369835,baseline,6605,6401.192220315375,0.12254498241789158,0.08386231807738027,0.03545010354651147,0.010431276807410125,0.01081589597606455,0.011121713601725546,0.0011672726953962866,0.0037449952592288668,9.156046353640739e-05,0.6400000000000001,0.028849975589034144,0.0010366068454931534,0.00329998321682306,8.434776672246735e-05,0.4205487177594189,0.026393852883701458,0.002551532086152323,0.008662674912945003,7.882396936978518e-05,0.00015405384780691609,0.06467283593887924
2018-12-29,diesel,51.25025677943197,6514.389999999999,4418409.912666666,0.13474034151009923,-355,-336.64047791887833,-425.5965050585077,0.5,-212.79825252925386,-212.79825252925386,-212.79825252925386,0.17813447547822492,baseline,6250,6188.393967786122,0.07659263290146673,0.0752718484040698,0.09033608360042893,0.010164333473166382,0.010281346921694254,0.009765889455661585,0.003009531859607468,0.010465781045759981,9.674033602707529e-05,0.22089999999999999,0.08645149633288955,0.0028499254040296814,0.009850479110802387,9.445221765646175e-05,0.23324752036671834,0.07872273322992104,0.0036903992027882146,0.012696470603024293,0.00010473701863373874,0.011694185584617326,0.1164486361118844
2019-01-15,diesel,53.62385738254757,6371.9349999999995,6343922.0235,0.13275198293056265,105,44.9285268603161,-167.86972566893775,0.5,-83.93486283446887,-83.93486283446887,-83.93486283446887,0.10082006962570245,baseline,6355,6104.459104951653,0.157994123160765,0.11504359629117962,0.057594413229268504,0.00853268823318001,0.00852503676196796,0.008807754821420299,0.0012651435177175215,0.003926881024438518,0.0001314992391574482,0.8464,0.02904722692802603,0.0016481793273706706,0.005217620344955848,0.00013167478131418674,0.5823796216327396,0.03391187042950085,0.0032258287993567306,0.010777861001411477,0.00012526635213744056,0.06642309281452005,0.09047294246207421
2019-01-29,diesel,57.5914267742096,6286.4619999999995,6343922.0235,0.13275198293056265,230,138.38498367257426,54.45012083810539,1.0,54.45012083810539,54.45012083810539,0.0,0.056400418986481446,baseline,6585,6158.909225789758,0.01129039306229697,0.008648097273532706,0.032648757718776435,0.009579010959182139,0.009215759849773925,0.008580890255192436,7.440967424055155e-05,0.00021503093635070406,0.00010859701258884597,0.0625,0.0012521944058643349,0.0002660582825458649,0.0007914805549785876,0.00011629983561774812,0.03493643727960591,0.005868496068212209,0.0020428520201649526,0.006514150336864552,0.0001303960673639591,0.07660161482423458,0.04320904747997967
2019-02-15,diesel,58.91424279892484,6206.235,12600631.149999999,0.13275198293056265,50,67.99494959585758,67.99494959585758,1.0,67.99494959585758,67.99494959585758,0.0,0.029834236759908976,baseline,6635,6226.904175385615,0.02220997554138835,0.0034217041297899395,0.011692913194536685,0.009623925277031186,0.009278275543816841,0.008955944996610864,7.32648655656477e-06,2.1360139449120754e-05,0.00010766292665663235,0.1296,0.0,1.7616249877208235e-05,5.114687446172273e-05,0.00011495537531431606,0.01981902758928535,0.0,0.0010358282778289768,0.0032126978865246957,0.00012197115091788462,0.0007338495443073225,0.025691558690176402
2019-03-01,diesel,62.15537233921507,6294.102999999999,5523514.9065,0.13275198293056265,260,162.60066136393755,162.60066136393755,0.75,121.95049602295316,121.95049602295316,40.65016534098439,0.022542360588175065,baseline,6895,6348.854671408569,0.030292640085563503,0.006171145598915156,0.012799465157287651,0.009509701097023529,0.00945940188533916,0.009437382476392293,0.0002641516451308539,0.0007371047807446371,0.00011004637107378937,0.17639999999999997,0.0,6.941444227275687e-05,0.00019796233495628413,0.00011110420861479165,0.0358009627965801,0.0,0.00086314496944187,0.002639507153381997,0.00011156888895002462,0.011644803960985868,0.021054436084380464
2019-03-29,diesel,64.18432514642905,6345.894,5523514.9065,0.13275198293056265,80,82.14566148471899,122.79582682570337,1.0,122.79582682570337,122.79582682570337,0.0,0.014380415739578415,baseline,6975,6471.650498234272,0.022293116986562094,0.004543202031648593,0.005828662756383167,0.010549396371002606,0.010177218063504198,0.010112320333339305,0.00031861190805600073,0.0009117023108336203,8.931390895241872e-05,0.1296,0.0,0.0003246966484498643,0.0009286767737294127,9.648704497194822e-05,0.025892028022260233,0.0,0.0005444186090953644,0.0016457703249159713,9.776620919049536e-05,2.8583366643132695e-06,0.012917396337652556
2019-04-13,diesel,67.7074125661637,6437.08,5423320.284,0.13275198293056265,-30,162.01832877351626,162.01832877351626,0.75,121.5137465801372,121.5137465801372,40.504582193379065,0.021417038252634718,baseline,6945,6593.164244814409,0.008321382642916956,0.004529512638048599,0.005930950687791881,0.010358434912321423,0.010591527404995199,0.010744718837682497,5.8760187830373515e-05,0.0001725184850006821,9.295977733994242e-05,0.0484,0.0,0.0005147176758466854,0.0014494416273342795,8.851935657095639e-05,0.025518571919307623,0.0,0.000438312799181317,0.001319603901678173,8.566022939354924e-05,6.574919024284123e-06,0.010225828074802193
2019-04-27,diesel,69.11899911641486,6467.356,5423320.284,0.13275198293056265,185,55.34297402852409,95.84755622190315,1.0,95.84755622190315,95.84755622190315,0.0,0.024989086599307025,baseline,7130,6689.011801036312,0.031776280851643544,0.007832942764025862,0.002852375373968353,0.010808181585130559,0.01135823626465604,0.01129830957880027,0.000385380719124602,0.0010848754415788552,8.448952577193297e-05,0.18489999999999998,0.0,8.994464287885999e-05,0.0002604113489924817,7.468008045750598e-05,0.045518525239879704,0.0,0.00024118965925443424,0.000721604568707471,7.571941618639916e-05,0.002635013310020426,0.005295021304063175
2019-05-14,diesel,67.89285334783487,6571.37,5973745.558,0.13275198293056265,-75,-25.901531019298474,-25.901531019298474,0.0,-0.0,0.0,-25.901531019298474,0.08735987335020688,baseline,7055,6689.011801036312,0.046309041880296456,0.004556874625986985,0.01321403550432513,0.011821646208394756,0.01140140241266972,0.011598789397060385,2.4686536726722346e-05,7.312613408568234e-05,6.688547074066388e-05,0.27040000000000003,0.0,7.665494676026433e-05,0.00022466686706950576,7.393588046884212e-05,0.02640267840186267,0.0,0.0005825865640277425,0.001798835297871633,7.058033959494502e-05,0.03674701613484354,0.014177816463921966
2019-05-28,diesel,68.00149017161712,6621.668,5973745.558,0.13275198293056265,50,53.88376591056597,27.982234891267495,0.0,0.0,0.0,27.982234891267495,0.13128710090821633,baseline,7105,6689.011801036312,0.010721035509946266,0.004381044270659749,0.009565760548833867,0.011303505083835408,0.011483789193180462,0.011514057285988038,2.21322761818417e-05,6.443310182390384e-05,7.56290238268766e-05,0.0625,0.0,2.5050028568148487e-05,7.286643751122028e-05,7.252584650618989e-05,0.025462774424746544,0.0,0.0008008994945318184,0.0024932220882788124,7.201122374549271e-05,0.0,0.019864058121461792
2019-06-12,diesel,60.803864299344106,6660.895,5534258.5335,0.13275198293056265,-445,-382.0891214756658,-354.10688658439835,0.5,-177.05344329219918,-177.05344329219918,-177.05344329219918,0.16154110264946153,baseline,6660,6511.958357744113,0.18072184629955682,0.13939411145854813,0.06744209965433628,0.011101986640596624,0.011188454795189007,0.011216828640227022,0.0010769402987748573,0.0036161441852889,7.917464174412096e-05,0.9801,0.0288006319008503,0.000782926349375422,0.002578145552641946,7.76433288964276e-05,0.7602894341435518,0.02055545008338566,0.0020734363993831747,0.006867644449850312,7.71440991351363e-05,0.12539168712649598,0.04629870807994117
2019-06-26,diesel,60.31181874518448,6664.312,5534258.5335,0.13275198293056265,-115,-93.18423770483672,-270.2376809970359,0.5,-135.11884049851795,-135.11884049851795,-135.11884049851795,0.13154849456024723,baseline,6545,6376.839517245595,0.09266116431420983,0.07356781466657192,0.05792178539997181,0.009410033716345413,0.009662848844610628,0.010304671081548126,0.0018742903523361494,0.006119852817603461,0.00011214738588894094,0.43560000000000004,0.0400182639405665,0.0017276001125246232,0.005602044323820512,0.00010685669400936785,0.33386412746654504,0.03629088476520446,0.0032765121544858643,0.01104195659493427,9.39994028369692e-05,0.007034043645855267,0.09392533372986889
2019-07-10,diesel,62.23218388585334,6556.619999999999,12060863.369,0.13275198293056265,140,44.59222853914254,-90.52661195937542,0.75,-67.89495896953156,-67.89495896953156,-22.631652989843857,0.12457685839720851,baseline,6685,6308.944558276064,0.050422089379314715,0.023879019094369094,0.038875107562633134,0.010014909405200032,0.009979306940856816,0.009664006243768276,0.000551516970196461,0.0016642982374386543,9.970203418636278e-05,0.2601,0.013070075042961246,0.0009728691046255462,0.00302459491814554,0.00010041428938556039,0.07592941860271343,0.024174622675938208,0.002971474975501596,0.009852115833813235,0.0001068327669288612,0.01807620099129279,0.0787429174699123
2019-08-07,diesel,59.78548531751208,6461.293,6160658.426000001,0.13275198293056265,-70,-127.555958885432,-150.18761187527588,0.5,-75.09380593763794,-75.09380593763794,-75.09380593763794,0.1194727642557159,baseline,6615,6233.850752338426,0.03493345339254448,0.027630854384126602,0.03699406887640041,0.010130573862343712,0.009688051019978558,0.009301052647674923,0.000435837035437513,0.001351582136821131,9.740557228665312e-05,0.17639999999999997,0.01048995486241409,0.0006509172085549625,0.0020554540899185487,0.00010633629176656526,0.11853999373426576,0.016285732957274767,0.002812307832688872,0.009309361507742878,0.00011446747444782379,0.0002072935906808577,0.07216820534284972
2019-08-21,diesel,56.781321350083445,6399.698,6160658.426000001,0.13275198293056265,-205,-139.75528950591507,-214.849095443553,0.25,-53.71227386088825,-53.71227386088825,-161.13682158266477,0.10428368584306612,baseline,6410,6180.138478477537,0.024752506714343474,0.008475671772688789,0.05256839274842138,0.008803538327908814,0.008664425419654868,0.008949979805576056,0.0010517100086389608,0.0034097218611714884,0.00012536075397460696,0.0729,0.027275357784910893,0.0007358414016869683,0.002336078434324975,0.00012849525106656672,0.0005952946703514231,0.018582271978538255,0.0027686460801587902,0.00912533791862612,0.000122102946297177,0.0018286796557963028,0.06999586584894654
2019-09-04,diesel,57.816294465619606,6364.164999999999,6545744.299000001,0.13275198293056265,105,89.62483010633724,-71.51199147632752,0.0,-0.0,0.0,-71.51199147632752,0.10006940860563246,baseline,6515,6180.138478477537,0.07057223026461144,0.04144628122862311,0.032238307461331266,0.00833259887301941,0.008564756012427665,0.00876976482562234,0.0004496746432255275,0.0013577782712896338,0.00013612824905786795,0.3844,0.010541128539616564,0.0005053625740505753,0.001533413435753327,0.00013076480505530926,0.21046095709332474,0.011990948199277473,0.002481505560257951,0.008059925361152563,0.00012611818207182923,0.011540033453228238,0.0580648307658967
2019-09-19,diesel,61.16112727142305,6349.888,6545744.299000001,0.13275198293056265,125,172.70944780806536,101.19745633173784,0.5,50.59872816586892,50.59872816586892,50.59872816586892,0.1046931272862726,baseline,6640,6230.737206643406,0.0010399669903294918,0.004920808862282287,0.022399883476933294,0.009393022978571168,0.009391684858425524,0.008884921650289682,9.035820123764672e-05,0.0002659650108869207,0.00011250796153311928,0.0016,0.0016387274435083986,3.1028525657954856e-05,8.998847185393039e-05,0.0001125363501429583,0.027612214794569254,0.0003697931117255215,0.0019651591783673866,0.006260459434195699,0.00012354496672019904,0.010240925168013986,0.04112337858842635
2019-10-22,diesel,57.12562169048032,6378.09,13589885.717,0.13275198293056265,-145,-225.8634624665325,-175.26473430066358,0.0,-0.0,0.0,-175.26473430066358,0.11538618496696817,baseline,6495,6230.737206643406,0.05618313055992605,0.11941153987990773,0.04777094474896561,0.009238881228263798,0.009326214995815842,0.009136703540551912,0.0005590805109999145,0.001764000000000002,0.00011580167721941328,0.2916,0.013891151936486122,0.0009132253465125867,0.0029571998269852257,0.0001139296863155466,0.6354414592190505,0.023629971742405113,0.002168215829452227,0.006997211295876705,0.00011801120996585738,0.010240925168013986,0.047481145554436256
2019-11-05,diesel,58.82863583797074,6415.647000000001,6131433.170499999,0.13275198293056265,105,58.77561968980722,-116.48911461085635,0.0,-0.0,0.0,-116.48911461085635,0.10736603368330819,baseline,6600,6230.737206643406,0.04634164299349496,0.06082822933757411,0.03694056430170035,0.008742437597687466,0.00837336140811141,0.00916765920212718,0.00034229169453477354,0.0010283391324380248,0.00012673271124196076,0.25,0.007820049873241152,0.0004970137258465182,0.0015150629907144113,0.0001351787249463931,0.324077628363214,0.011839552165653225,0.0024762368647893588,0.008041970237916508,0.00011733960716125999,0.0,0.05787414488118562
2019-11-19,diesel,60.38635653789781,6439.6900000000005,6131433.170499999,0.13275198293056265,65,53.653222237082495,-62.83589237377385,0.0,-0.0,0.0,-62.83589237377385,0.1132348611091889,baseline,6665,6230.737206643406,0.0033728577242707353,0.0026238365084418212,0.03270875385499399,0.009690378492601444,0.009494646175031216,0.009197160328098416,0.0002284583416272058,0.0006861805796535444,0.0001062882956258149,0.0064,0.005004917594269117,0.0002571939669172128,0.0007752184584412598,0.00011036245898778627,0.00010495582265472307,0.005734904179019037,0.0026830817141244214,0.008748946978777991,0.00011670134497681074,0.0,0.06564974477554406
2019-12-03,diesel,61.6447790105661,6498.66,6566013.291500001,0.13275198293056265,50,83.19869862157157,20.362806247797714,0.0,0.0,0.0,20.362806247797714,0.2106768364376687,baseline,6715,6230.737206643406,0.0027473828325040588,0.0023044846221117513,0.039953030616111766,0.009538028908363042,0.00953488036228085,0.009225275263760655,0.0002559412216634232,0.0007718715470693009,0.00010945283912224742,0.0009,0.005707418538981975,0.00017753893349770766,0.0005299865075882687,0.000109518729031775,0.0034917406991456052,0.0037330035974969854,0.003221678984868602,0.010609036152255408,0.00011609469314172802,0.0,0.08828942037594659
2019-12-31,diesel,65.79524728050137,6530.459999999999,6566013.291500001,0.13275198293056265,230,217.2499934493532,237.61279969715093,0.25,59.40319992428773,59.40319992428773,178.2095997728632,0.32701856176110383,baseline,6945,6290.140406567694,0.022207485543745836,0.012326522492322363,0.06207139817451226,0.009723693431097889,0.00983531478465659,0.009330041661465073,3.3954827706794907e-08,9.67304041161887e-08,0.0001056024766980607,0.1296,0.0,1.455951756420561e-06,4.163493103926075e-06,0.00010332082552702094,0.07187899858001934,0.0,0.0029713980445248067,0.00964437125635605,0.00011384801094607103,0.014114960644979593,0.07619787356896199
2020-02-05,diesel,56.51253007511973,6508.360000000001,5826400.531166668,0.13022159358793023,-405,-521.0995819041096,-342.8899821312464,0.25,-85.7224955328116,-85.7224955328116,-257.16748659843483,0.36258693600798897,baseline,6540,6204.417911034882,0.28704198471608017,0.3889712346950337,0.11442506831584232,0.009749317887770581,0.009564130114360596,0.009483825724065214,0.000915266106889249,0.00304285501594517,0.00010507648376598018,1.6129,0.024322086613076267,0.001550697920302085,0.005350587526936521,0.00010890738026999539,2.1806403816985553,0.03469417144722921,0.003536059229041511,0.011878386404394635,0.00011058992140183254,0.08424586992762696,0.10513199230345205
2020-02-19,diesel,53.91955130446159,6482.38,5826400.531166668,0.13022159358793023,-400,-189.9702758586409,-447.1377624570757,0.5,-223.56888122853786,-223.56888122853786,-223.56888122853786,0.26641888784994006,baseline,6140,5980.849029806344,0.05655261187964745,0.09469181709616276,0.15911140841010635,0.0075096581663496725,0.0073455752998530365,0.008855889445470437,0.0037707209247632868,0.013400890417935471,0.00015600863912143542,0.0001,0.12643731941951358,0.001972146007141166,0.006535504238539049,0.00016013446449168959,0.43858646928861483,0.04338978103744065,0.005811246522575843,0.020694591739984308,0.00012419120005157722,0.07600650419749971,0.23830509313560344
2020-03-18,diesel,36.82233377727081,6217.004999999999,9574194.771,0.13022159358793023,-975,-81.70038221494632,-305.2692634434842,0.5,-152.6346317217421,-152.6346317217421,-152.6346317217421,0.1142828454918539,baseline,5165,5828.214398084602,0.6830574913518475,0.0313162533789826,0.09603570121849486,0.006040074496171687,0.00804972826752682,0.007771494510500415,0.015195875490692571,0.06952691777443108,0.0001948795200724362,1.3224999999999998,1.0309695868896909,0.0022655564801604207,0.00742981203446825,0.00014280899447994758,0.04688947947846774,0.051608090195341766,0.004637003596284064,0.01605500752386219,0.0001495363465067215,0.02012667101236942,0.16567909582687249
2020-06-29,diesel,40.36722861556009,5486.427,13604170.254999999,0.13022159358793023,110,134.8968886649345,-17.737743056807602,0.0,-0.0,0.0,-17.737743056807602,0.022418356138375325,baseline,5275,5828.214398084602,0.8424053741546732,0.06329638071936419,0.01623855190141804,0.00398725984602235,0.007740533480298534,0.007215140939853355,0.0031158405699289074,0.010016196126016922,0.0002564078472388082,4.7089,0.08077682286279708,0.0028467707877975366,0.009062096658763901,0.0001502945193476812,0.1876575110104498,0.0692563532893628,6.237081228689959e-07,1.8398562377980898e-06,0.00016345262118781377,0.09318932320332736,0.0
2020-07-11,diesel,41.77423652824659,5209.293,14596658.588,0.13022159358793023,100,73.1624626820904,55.424719625282805,1.0,55.424719625282805,55.424719625282805,0.0,0.00736048173140656,baseline,5375,5883.639117709885,0.00296111548969538,0.006640210569605863,0.0024295745626503134,0.008035076511938353,0.008116513956521906,0.007414161267578763,0.0002849281897064781,0.0008509350299275247,0.0001431593940751693,0.0004,0.006357461644755591,0.0003838555180917054,0.001158324913871249,0.00014121724054553866,0.01524455740572502,0.008893498410457302,0.0010552314744278614,0.002982664933832682,0.0001584033365985146,0.012287598182164834,0.0
2020-08-22,diesel,43.85823497882871,5189.5109999999995,13207330.352,0.13022159358793023,80,43.18109865978206,43.18109865978206,0.0,0.0,0.0,43.18109865978206,0.008404080927181057,baseline,5455,5883.639117709885,0.0005893164803387563,0.0015650467534884104,0.003955457273594311,0.008131700675521013,0.00794580593392251,0.007768807726756483,4.367865266770932e-05,0.00012839320197499383,0.00014085652885542838,0.0016,0.0006253387740752895,0.00010623733104970893,0.0003166898411705217,0.00014530359458265777,0.003595528754552662,0.002031674024588891,0.0011803140458144352,0.0033612147857473157,0.0001496020644250519,0.012287598182164834,0.0
2020-09-19,diesel,39.64007599342116,5356.751,12132160.858,0.13022159358793023,-300,-78.22391345657047,-35.04281479678841,0.0,-0.0,0.0,-35.04281479678841,0.0051744635602842875,baseline,5155,5883.639117709885,0.1341067387693751,0.021495762822544378,0.0010980414833754914,0.007794193423722738,0.007951833990738417,0.007864037678155423,0.002831723967458786,0.009828135730323134,0.00014898171417749326,0.5776,0.0784474009100216,0.000995880084972666,0.0031669468879649515,0.0001451583041867262,0.05895670786788682,0.02532304045869117,0.000301573173104309,0.0008732852180944223,0.00014728158147723122,0.0,0.0
2020-10-23,diesel,41.00596192843084,5351.187,11254370.355999999,0.13022159358793023,70,-53.89307733077841,-88.93589212756683,0.75,-66.70191909567512,-66.70191909567512,-22.233973031891708,0.004297938498509091,baseline,5225,5816.93719861421,0.11554958651488756,0.04756020974806247,0.0035116024571832205,0.006661993794054342,0.0075032410922904165,0.007862075119669477,0.0022229041971618753,0.007081327184597418,0.00017790240954984493,0.5476,0.048262428024838655,0.003549688896313386,0.011886378404108507,0.00015616898319741887,0.0023679583463205923,0.10524093288058547,0.0001367431249974858,0.0004027223539216309,0.00014732922040054674,0.017796584044183956,0.0
2020-11-06,diesel,38.34252841915856,5286.643,5579338.011,0.13022159358793023,-150,-80.16374438473167,-102.39771741662338,0.5,-51.19885870831169,-51.19885870831169,-51.19885870831169,0.020371312713842814,baseline,5075,5765.738339905898,0.07124700519600514,0.024824178403152826,0.00234534960805696,0.008064763666278717,0.007560575861377684,0.0075915454857257494,0.003054973905322271,0.010343511231002937,0.00014244986634178065,0.1936,0.08489393334656416,0.002329794632277883,0.007667266125043266,0.00015473927290053955,0.002760591789838661,0.053982674344205006,0.00018186542291109996,0.0005333094311099075,0.00015396974343281303,0.0009613795254969491,0.0
2020-11-20,diesel,41.39589389256359,5237.312,5579338.011,0.13022159358793023,145,-40.252559269532775,-91.45141797784447,0.0,-0.0,0.0,-91.45141797784447,0.023348695674387607,baseline,5220,5765.738339905898,0.07276886880013744,0.037548182503673824,0.008615799152264946,0.007195949018831154,0.00723859654840605,0.007470426039556284,0.0013056331784676873,0.004008976018555215,0.0001639437215283709,0.34809999999999997,0.029182424438591505,0.0030354103243715224,0.010046716621288162,0.000162853418054354,0.006371610789198695,0.08115740071112118,0.00034633566580761523,0.0010016832083989745,0.00015699022363022924,0.010485292532134654,0.0
2020-12-04,diesel,45.8284697044521,5274.335,5798512.823499999,0.13022159358793023,240,253.97861746014792,162.52719948230344,0.75,121.89539961172758,121.89539961172758,40.63179987057586,0.016959448233753033,baseline,5460,5887.633739517626,0.008424327039411686,0.06108068804887923,0.011718353909660098,0.008685033086274023,0.007775131644755924,0.007752579666193064,0.00023309033497865685,0.0006757619257268985,0.00012802847625871357,0.0361,0.004919687467714505,0.00019196478383112764,0.0005535954158819887,0.00014944740630304802,0.3462879414389304,0.003924305562056214,0.0006938044770264426,0.0019507478309564567,0.0001499993048329476,0.05943395378601103,0.0
2020-12-18,diesel,48.69680983086777,5305.201999999999,5798512.823499999,0.13022159358793023,150,167.5849799811479,208.21677985172377,0.75,156.16258488879282,156.16258488879282,52.05419496293095,0.006635174110546019,baseline,5610,6043.7963244064185,0.005596374232916726,0.00513524605106216,0.00338287139801725,0.009246899048527739,0.009341597339074522,0.00860516577327026,1.1138652178917905e-05,3.213535811083323e-05,0.00011562918007255367,0.0324,5.191127306315933e-05,2.569293571771179e-06,7.364689896024463e-06,0.00011360154728242332,0.029855442387411495,0.0,0.0013984459812869936,0.0038697130514263774,0.00012984224705465155,0.004696959947250866,0.0
2021-01-01,diesel,49.85432428184906,5468.51,3785022.6151111107,0.13095435684647302,85,53.86912165236582,105.92331661529677,1.0,105.92331661529677,105.92331661529677,0.0,0.004603539346234446,baseline,5695,6149.719641021716,0.004163979158175798,0.011002057206453203,0.002005289831357799,0.00948629774595559,0.00952312790968117,0.00948149978691994,0.0001378837652161541,0.0004092539656723369,0.00011053793508669852,0.016900000000000002,0.0027625838927528928,0.00021674071174461297,0.000650649525961463,0.00010976484879690166,0.051725185741806554,0.0047144463524001375,0.0009171014568470405,0.0025776786999111632,0.00011063884673256528,0.010095936306625227,0.0
2021-01-16,diesel,53.26909011347213,5554.147999999999,3785022.6151111107,0.13095435684647302,180,144.50215100579845,144.50215100579845,0.5,72.25107550289923,72.25107550289923,72.25107550289923,0.02836829988395517,baseline,5875,6221.9707165246145,0.006220323230786368,0.005918037365797638,0.005193164754406563,0.01014151703659333,0.009948886938505182,0.01003972117981594,1.0102024879547074e-05,2.9018622841103168e-05,9.718968633977957e-05,0.0361,3.985473129506742e-05,4.261649811154553e-05,0.0001239619943740141,0.00010102487377495174,0.032857384039120724,0.0005948815931735958,0.0007909718731780578,0.002240411878857697,9.920715417580719e-05,0.004535279286125741,0.0
2021-01-30,diesel,54.2745690912804,5611.24,3785022.6151111107,0.13095435684647302,70,33.25350379491296,105.50457929781219,1.0,105.50457929781219,105.50457929781219,0.0,0.024398192854973452,baseline,5945,6327.475295822427,0.008304867758949683,0.008676398583721961,0.0010550065420754048,0.010932507453048627,0.010722241105497061,0.010466832008511416,5.093243628538373e-06,1.4889602686809875e-05,8.22194210890187e-05,0.0484,2.1580952784754258e-06,3.196575750778015e-05,9.465445566806373e-05,8.60768101045284e-05,0.04950504602500824,0.0003996661300918586,0.0010076334030175093,0.002829653038729126,9.08812919539425e-05,0.004423182058553162,0.0
2021-02-19,diesel,60.96463300505847,5711.120000000001,11547531.687666668,0.13095435684647302,265,347.4396305973653,347.4396305973653,0.75,260.57972294802397,260.57972294802397,86.85990764934132,0.025034986628554752,baseline,6210,6588.055018770451,0.02609445795479772,0.06771352163154455,0.023054174009074044,0.011103993384443147,0.011057741617755822,0.011204946757692926,0.00014836928304412509,0.00041350993281315517,7.91389337040313e-05,0.1521,0.0,0.0003839512648705047,0.0010487120078030822,7.996398497481628e-05,0.3948516891005066,0.0,0.001972063574197588,0.005345050243153954,7.735296153501617e-05,0.09619320071253526,0.0
2021-03-04,diesel,63.49776121057933,5912.128000000001,5210210.642499999,0.13095435684647302,250,156.04950956061575,242.90941720995707,1.0,242.90941720995707,242.90941720995707,0.0,0.03912363306893992,baseline,6460,6830.964435980408,0.00022632656120899144,0.02510515960594728,0.0007810243481939657,0.012605828001445635,0.012836077914028904,0.01249151931566715,0.00022051233915466553,0.000615531491339891,5.467377954420546e-05,0.0009,0.0,4.475760174560307e-05,0.00012776875129271023,5.1321779653864464e-05,0.14652071372184655,0.0,0.0020415945797184532,0.0055518144840355724,5.637728218699951e-05,0.00124895881950704,0.0
2021-03-18,diesel,67.01854661579151,6036.728,5210210.642499999,0.13095435684647302,230,214.17331893477825,214.17331893477825,0.5,107.08665946738913,107.08665946738913,107.08665946738913,0.03934270054164683,baseline,6690,6938.051095447797,0.0004225003269669649,0.002447301972440193,0.02229846903292756,0.013683670523209892,0.013277441829244577,0.0134342526163607,0.0005093185115707544,0.0014174493395090275,3.98960180593676e-05,0.0016,0.0,0.0004514325455204595,0.0012609071640789988,4.519278835919051e-05,0.013513508864655924,0.0,0.0017556599789123925,0.004887425786736338,4.310903870576633e-05,0.07379128608318519,0.0
2021-04-01,diesel,62.04512012374969,6164.375,4908016.0975,0.13095435684647302,-220,-213.44763922034176,-106.36097975295263,0.0,-0.0,0.0,-106.36097975295263,0.025164380063714603,baseline,6470,6938.051095447797,0.1390618215845836,0.12553777143491449,0.01717004276184605,0.013903176159862893,0.013848647048448072,0.013663450455233506,5.272056082706772e-05,0.00016288781715156626,3.7171260937664177e-05,0.81,0.0008687386576612671,4.515220713294456e-05,0.0001392125372104016,3.783914313456662e-05,0.7314387354140115,0.0007005510305655864,0.0009282199316993765,0.0026534882480061797,4.0151860133280466e-05,0.045870210543538244,0.0
2021-04-29,diesel,64.58044852548319,6207.103999999999,4908016.0975,0.13095435684647302,95,110.9725198580946,4.6115401051419695,0.0,0.0,0.0,4.6115401051419695,0.010868427811105355,baseline,6565,6938.051095447797,0.06797577875442898,0.07207899464558211,0.00022656143493351234,0.012762345103324847,0.012807536864655019,0.013481704652107771,1.0297510910075939e-05,3.0076828898894433e-05,5.238364840336583e-05,0.39690000000000003,4.383868499054681e-05,3.500415620282122e-06,1.0172735272242189e-05,5.173152595329656e-05,0.4209937584659118,0.0,0.0007169233173464749,0.002056928579700172,4.248817424235348e-05,0.0,0.0
2021-05-15,diesel,67.36618689441394,6260.895,11140665.192,0.13095435684647302,100,140.97400999417795,145.5855500993199,0.75,109.18916257448993,109.18916257448993,36.396387524829976,0.013626945580705334,baseline,6665,7047.240258022287,2.5179115936154242e-05,0.000628007680694914,0.009494258951873785,0.01380788857770778,0.01392195063486172,0.013437208936634143,1.3725183627435022e-07,3.980445599020837e-07,3.834224386608179e-05,0.0001,0.0,1.4125923805505378e-05,4.058357797344762e-05,3.694268408505786e-05,0.003600357641542026,0.0,0.0009454311236452669,0.0026607041227732376,4.307022654139477e-05,0.04768909289487357,0.0
2021-06-12,diesel,70.3200309153057,6313.668,5459774.984499997,0.13095435684647302,170,110.9846124842816,147.38100000911157,1.0,147.38100000911157,147.38100000911157,0.0,0.004931608517761499,baseline,6835,7194.621258031399,0.00338901036050138,0.0006300722069334337,0.0013926411946434125,0.01386352747783911,0.013950430872179922,0.01383886529724169,9.307290326241596e-05,0.00026483931406456787,3.765629501523563e-05,0.019600000000000003,0.0,2.3481972886661976e-05,6.771148220613756e-05,3.6597286632273786e-05,0.003597455852026309,0.0,0.0014017138739297029,0.0038995144332452008,3.795958082553273e-05,0.0058344657865302685,0.0
2021-06-29,diesel,73.81668627930864,6346.343999999999,5459774.984499997,0.13095435684647302,215,210.420038155214,210.420038155214,0.75,157.8150286164105,157.8150286164105,52.6050095388035,0.018109196506548766,baseline,7050,7352.4362866478095,0.0015493992596096432,0.006928951432708384,0.0028820265077894695,0.014557231615581229,0.014325724187473125,0.014362121277183068,0.000567883289248672,0.0015847852791308387,2.9623727686428527e-05,0.0081,0.0,0.0005507635700290838,0.0015385364315542809,3.219740599662753e-05,0.03954961551343809,0.0,0.0021428712801216288,0.0059040700936280185,3.178567649319188e-05,0.00043547581191172963,0.0
2021-07-13,diesel,75.49530422422905,6451.754999999999,5934784.188999999,0.13095435684647302,65,92.50243893834084,145.10744847714435,0.75,108.83058635785827,108.83058635785827,36.27686211928608,0.033726641077300126,baseline,7115,7461.266873005668,0.015519436653244968,0.009658018498282094,0.0032630372729117894,0.015025913899518566,0.015040713654591226,0.01482853686721188,0.00038538309141242206,0.0011034255329446195,2.4741532535002606e-05,0.09,0.0,0.00047344160685584467,0.0013475832715934256,2.459452105575792e-05,0.0556182408202845,0.0,0.0020417012396429304,0.005670139756036579,2.6744030933786718e-05,0.009597902333525754,0.0
2021-07-27,diesel,72.90358332124636,6505.98,5934784.188999999,0.13095435684647302,-95,-121.98945564689002,-85.71259352760394,0.75,-64.28444514570296,-64.28444514570296,-21.428148381900982,0.04138465240662409,baseline,7020,7396.982427859964,0.0175518319189628,0.031517006209636926,0.021250026007377437,0.014718200129487833,0.014786757958369734,0.014899429272103424,5.900820877479953e-05,0.0001748271604938289,2.789740987214235e-05,0.1024,0.0,3.121586133709744e-05,9.303243852696615e-05,2.717789258462131e-05,0.18402709137104714,0.0,0.0012742294384795031,0.0036547892000648487,2.6015821750275415e-05,0.11987525652991599,0.0
2021-08-24,diesel,68.50168497549342,6584.21,12683994.61,0.13095435684647302,-245,-203.13750179589755,-224.56565017779855,0.5,-112.28282508889927,-112.28282508889927,-112.28282508889927,0.02077086159536964,baseline,6775,7284.699602771065,0.01887687615388914,0.006708514061830345,0.011796563668918281,0.014033342155099084,0.013985281765745008,0.01431553016288347,0.00032055219110696363,0.0010137292052123472,3.5601005838117655e-05,0.09,0.007699461473018275,0.00021435968097017756,0.0006693101742185733,3.61768354374795e-05,0.026340021575205822,0.004866931493585232,0.00044637533686109554,0.0013074750050712527,3.231319732908763e-05,0.00921537790868572,0.0
2021-09-07,diesel,70.94020696686133,6592.987999999999,6088655.286499999,0.13095435684647302,140,97.80563799377084,-14.477187095128428,0.0,-0.0,0.0,-14.477187095128428,0.06510564210237461,baseline,6915,7284.699602771065,0.10195705038287195,0.06313771754043157,0.008927523952214429,0.013381254670768382,0.013482543883122602,0.013715660034457943,6.158923121731062e-05,0.00018044084624316612,4.3807789733225364e-05,0.5929,0.0009960813639723035,0.00012536222664963917,0.0003719597339914047,4.247723423542261e-05,0.3622670935458556,0.002466350373240177,0.0004232514852691971,0.0012217843874045983,3.949292880250915e-05,0.0504297312397774,0.0
2021-09-19,diesel,72.09496687218568,6599.938,6088655.286499999,0.13095435684647302,85,26.38502166895121,11.907834573822782,0.0,0.0,0.0,11.907834573822782,0.06908341518182727,baseline,7000,7284.699602771065,0.00207924247134909,0.003750763734862565,0.00023461521582800892,0.014159481779994085,0.013931177758717826,0.013531461022840157,2.7793081396658325e-06,8.112731510204152e-06,3.411165307822107e-05,0.0121,0.0,3.934296087992215e-05,0.00011685518911222698,3.6830603396281194e-05,0.02040361774486837,0.0005464972435028312,0.000400238888333218,0.0011559985074914095,4.1841996499036114e-05,0.0,0.0
2021-10-10,diesel,78.96768144260471,6665.584999999999,7002062.752,0.13095435684647302,330,383.4111900673122,395.319024641135,0.5,197.6595123205675,197.6595123205675,197.6595123205675,0.10490650475136748,baseline,7330,7482.359115091633,0.04120177624861951,0.0874275110200215,0.058255097083141125,0.01405525069818818,0.013901276173353025,0.01357782728187502,0.00033977226194707776,0.0009390085824388813,3.5340044261392136e-05,0.24009999999999998,0.0,0.0005069043417418803,0.0013854388427979008,3.7194432313711525e-05,0.5098707396848593,0.0,0.0008671203830609231,0.0024167028942705436,4.1244302421428795e-05,0.1562771312432183,0.0
2021-10-23,diesel,83.66223786031158,6708.9259999999995,7002062.752,0.13095435684647302,290,236.6157064455024,434.2752187660699,0.5,217.13760938303494,217.13760938303494,217.13760938303494,0.09706354799380007,baseline,7620,7699.496724474668,0.001454820012322745,0.015042838323493292,0.03845455975563221,0.014927076830618636,0.01506228678480831,0.01433007367290771,0.0012963550246602655,0.0035478125646006935,2.5734549482446273e-05,0.0064,0.0,0.0010289723177979227,0.00284641733019601,2.4381011795478662e-05,0.08619565604704409,0.0,0.0017140817084106933,0.004713365882421897,3.214806455465428e-05,0.001517585060699611,0.0
2021-11-20,diesel,81.7741352559971,6844.895,15948376.496000001,0.13095435684647302,-90,-114.27892698615666,102.85868239687828,0.0,0.0,0.0,102.85868239687828,0.06312083492819988,baseline,7530,7699.496724474668,0.09897353135094059,0.0843907197782749,0.041007877679016536,0.01503033525861035,0.014818365925425394,0.014857789806318862,0.0003278661290624318,0.000959971059101351,2.4697567641811455e-05,0.5776,0.0,0.00026726483199308144,0.0007864088968814071,2.6849331682792634e-05,0.4925081750845537,0.0,0.000909383649559806,0.0026004381730886056,2.644232567599821e-05,0.18859496563431785,0.0
2021-12-04,diesel,74.59425467322328,6878.105,8308062.3875,0.13095435684647302,-415,-329.50508077201914,-226.64639837514085,0.5,-113.32319918757042,-113.32319918757042,-113.32319918757042,0.035733896206046875,baseline,7115,7586.173525287098,0.07468511813104518,0.03235119380960542,0.019180828938704333,0.013867689460788002,0.01387921321286262,0.014499552133094644,0.00022203805003145059,0.0007131489553460852,3.760523254933055e-05,0.42250000000000004,0.0052257320783378304,7.3993519356311e-05,0.00023185239263238513,3.746403089359554e-05,0.18528918909382291,0.001378773955086054,0.0003789657996137943,0.0011113366462384316,3.025492673654369e-05,0.05136858989642304,0.0
2021-12-18,diesel,73.19518770813278,6902.314,8308062.3875,0.13095435684647302,-125,-99.59666253439931,-212.91986172196974,0.25,-53.229965430492435,-53.229965430492435,-159.6898962914773,0.07426670022397959,baseline,6990,7532.943559856605,0.06563618132574027,0.0430417976173594,0.02293569827312812,0.012727983228444666,0.013047011967269151,0.013845424504876773,0.0007126230176049867,0.002252025227046203,5.288222792578207e-05,0.3364,0.01789540224051781,0.000613878160719062,0.0019254414442424136,4.834404258329841e-05,0.21143152310609725,0.015218659143745778,0.00019222047025368414,0.0005624590882679093,3.787879952517132e-05,0.014444786973531269,0.0
2022-01-01,diesel,74.9262029070608,6889.77,5422451.147777777,0.1302062107751243,135,94.79936727972148,-64.89052901175583,0.0,-0.0,0.0,-64.89052901175583,0.06866948773012613,baseline,7125,7532.943559856605,0.04870713511764469,0.029500932977226762,0.00538018194667673,0.01336461378749865,0.01340871870201082,0.013476014333469446,0.0002445082048020969,0.0007282044277008343,4.402835018905301e-05,0.27040000000000003,0.005349120978608165,0.0003499241907823345,0.0010544398562955832,4.344498914922194e-05,0.15115926562997017,0.008035522307300098,0.00022193099330439749,0.0006442174376933552,4.256238897709612e-05,0.01133371687892568,0.0
2022-01-18,diesel,82.42811864871784,6889.691999999999,5422451.147777777,0.1302062107751243,330,423.49793025847833,358.6074012467225,0.75,268.95555093504186,268.95555093504186,89.65185031168062,0.06763502641904261,baseline,7455,7801.899110791647,0.026068876327392642,0.07406194214583979,0.05629256029663608,0.014174873321515517,0.01413538663454616,0.013595078483003328,8.982181776108966e-05,0.00025056915270294184,3.3932100820391674e-05,0.1521,0.0,0.00027183998154564523,0.0007440034820899809,3.439368992625982e-05,0.4321709812171992,0.0,0.0011776376498273363,0.003240018697308652,4.102301963888695e-05,0.2893483535150876,0.0
2022-01-30,diesel,88.27679784336111,6889.639999999999,5422451.147777777,0.1302062107751243,300,295.1176745679044,384.769524879585,1.0,384.769524879585,384.769524879585,0.0,0.016283574567593984,baseline,7755,8186.668635671233,0.0008865634052969703,0.011549227258406158,0.010171813619640268,0.014927950158507685,0.015257569369909154,0.014731290691208928,0.0009684426695650477,0.0026612560204289978,2.572568959458222e-05,0.0036,0.0,0.0009466329963259153,0.002603825303865534,2.2490648281223862e-05,0.06592596020470859,0.0,0.003658752852759866,0.009688818955903688,2.77592977805417e-05,0.05365150624330927,0.0
2022-02-18,diesel,95.09613645496208,7069.8099999999995,15864101.077666668,0.1302062107751243,200,372.2513357589925,372.2513357589925,0.75,279.1885018192444,279.1885018192444,93.06283393974815,0.05716056390798556,baseline,7955,8465.857137490477,0.007111111652077318,0.004571064979580644,0.0156742100906058,0.01573752409764506,0.015902463387690805,0.01603719175628903,0.0009432716797604291,0.002629091785542584,1.816870081815655e-05,0.04000000000000001,0.0,0.0018221582814378213,0.004915492576622004,1.6789806289214317e-05,0.023798406754966313,0.0,0.004111847234481146,0.011004686445119703,1.570384917642362e-05,0.04458940972187271,0.0
2022-03-04,diesel,101.13341693701254,7445.986999999999,7460848.796,0.1302062107751243,255,296.66459773736915,389.7274316771173,1.0,389.7274316771173,389.7274316771173,0.0,0.09417629261725075,baseline,8210,8855.584569167595,0.002181480801338828,0.004053969008190988,0.009363929458066222,0.016664402509141297,0.01727422887624155,0.016990940557549912,0.00039030266271094925,0.0010928862868727633,1.1126210621022879e-05,0.0121,0.0,0.0005098523308634643,0.0014166333640572612,7.429828219115402e-06,0.022853419858998095,0.0,0.0037043796555786862,0.009835902265677654,9.054438728198036e-06,0.048875420056495,0.0
2022-03-18,diesel,113.50585413252529,7678.9,7460848.796,0.1302062107751243,720,675.5018928121759,675.5018928121759,0.5,337.75094640608796,337.75094640608796,337.75094640608796,0.23831232388347967,baseline,8930,9193.335515573683,0.14871529761294086,0.09885903315698458,0.09421893163731496,0.018188345237852822,0.018277715436707052,0.018139898363116125,0.002483490194099485,0.006416135577322193,3.2820929772105484e-06,0.8649000000000001,0.0,0.002206788011213434,0.005744799508997816,2.966264116957181e-06,0.5740707845583849,0.0,0.004113988839689338,0.010968768342986759,3.4599780995380707e-06,0.010806220084518117,0.0
2022-04-01,diesel,114.89434328685368,8035.200000000001,4598421.739666667,0.1302062107751243,110,59.71263449611234,397.4635809022003,0.5,198.73179045110015,198.73179045110015,198.73179045110015,0.1488066720099815,baseline,9040,9392.067306024783,0.2550466244792151,0.25985739293632887,0.045539955925452374,0.020087200950190932,0.01990279100901179,0.018898195267097205,0.0009263102630457274,0.002616367765682505,7.604005714201397e-09,1.4884,0.0,0.0007485751297775034,0.0021324377484405826,9.449587928945809e-09,1.5167856426297912,0.0,0.0026008968287948822,0.007135097120193869,1.2139736694470003e-06,0.07730530288974889,0.0
2022-04-16,diesel,103.45333688276853,8184.642,4598421.739666667,0.1302062107751243,-530,-528.8401293912625,-330.10833894016235,0.25,-82.52708473504059,-82.52708473504059,-247.58125420512175,0.1333331840686644,baseline,8510,9309.540221289742,0.28194641138016596,0.23864692712722257,0.10356542632155499,0.018305431232641434,0.018162732129423275,0.018950428078101746,0.00014778393404036555,0.0004738269978086184,2.87156330730713e-06,1.6384,0.0032797684654777065,0.00014605081394734315,0.0004681381886210935,3.375553228253535e-06,1.3855774235178717,0.0032340192165872302,0.0012902818253235266,0.003700634909375518,1.1016012192371962e-06,0.3164262194838924,0.0
2022-04-29,diesel,105.00803524072398,8284.27,4598421.739666667,0.1302062107751243,200,98.57054167742372,-149.01071252769805,0.0,-0.0,0.0,-149.01071252769805,0.05168518435340497,baseline,8710,9309.540221289742,0.36516778247187043,0.27111294538541786,0.02267297661424731,0.01721587634937849,0.01712167374547497,0.018295958417754773,4.244669764417e-05,0.00012369219301356076,7.75134450195005e-06,2.1315999999999997,0.0005930341064768148,0.00016698737902717434,0.0004985475091610456,8.284762027488088e-06,1.5745766006834372,0.0034789329521245694,0.0008784028477578806,0.0025131305929002993,2.903757714020819e-06,0.027242878859458274,0.0
2022-05-17,diesel,108.36545148363524,8218.324999999999,7291895.2095,0.1302062107751243,270,290.7492603985941,141.73854787089607,1.0,141.73854787089607,141.73854787089607,0.0,0.05676089309316283,baseline,8980,9451.278769160639,0.0034161358035885094,0.025361013897508958,0.014248077141976762,0.018749988185676855,0.01846522141791276,0.018021059326849588,0.00021871180248553173,0.0006159848614962289,1.562529535947443e-06,0.019600000000000003,0.0,0.00025838621705198065,0.0007251598391611871,2.3555452960337192e-06,0.14773063971724293,0.0,0.0017828555393537278,0.004963716150626167,3.916206187849007e-06,0.08035926381020118,0.0
2022-05-31,diesel,114.66074917575683,8178.758,7291895.2095,0.1302062107751243,390,341.01582426834307,341.01582426834307,1.0,341.01582426834307,341.01582426834307,0.0,0.13041949385870316,baseline,9370,9792.294593428982,0.010311773533033456,0.0021206777474121912,0.028300050922404132,0.018781048655812614,0.018797247487997725,0.018318297001089414,0.0016604400989801231,0.0045069226563124705,1.4858423794962359e-06,0.0576,0.0,0.0014298119723305297,0.003912064106098337,1.4466136051277833e-06,0.0101069097730862,0.0,0.004109415616457344,0.010978041408905074,2.82812497654486e-06,0.15884573155353793,0.0
2022-06-15,diesel,123.52366202148691,8359.32,7044438.2925,0.1302062107751243,375,507.6800543613966,507.6800543613966,0.5,253.8400271806983,253.8400271806983,253.8400271806983,0.13966508603927086,baseline,9745,10046.13462060968,0.0008325272384098054,0.019910608823902037,0.057922132578788796,0.01935376651635654,0.01933033058031697,0.019050878428226357,0.002503543448239077,0.006755844695454991,4.176177153819642e-07,0.0009,0.0,0.0033223010003184663,0.008782737747560151,4.4845713165860496e-07,0.11110786237004121,0.0,0.004324333196089,0.011643884018862743,9.008317580060706e-07,0.030398478391464846,0.0
2022-06-29,diesel,116.30201988976656,8483.484,7044438.2925,0.1302062107751243,-310,-306.3025341177192,-52.46250693702086,1.0,-52.46250693702086,-52.46250693702086,0.0,0.08809195419398236,baseline,9435,9993.67211367266,0.32145458036188945,0.4538456203478613,0.06506104297003114,0.019377438713405866,0.019742003046872007,0.019234996088534264,0.0005616152182343106,0.001668690027979908,3.8758255556574404e-07,1.8769000000000002,0.0,0.0005716842125532308,0.0016975908784504076,6.656242782332788e-08,2.650270617388646,0.0,0.002958695934720483,0.008301840240566015,5.852309845578763e-07,0.3752849696277461,0.0
2022-07-13,diesel,111.43747117484044,8585.5,6757802.989500001,0.1302062107751243,-345,-265.9541054842491,-265.9541054842491,0.75,-199.46557911318683,-199.46557911318683,-66.48852637106228,0.02546456891158912,baseline,9090,9794.206534559473,0.000847204206850165,0.0011170589772363743,0.018724626561694668,0.01768036650494042,0.017758570529438522,0.01849491605948925,6.588607659770708e-06,2.0245049807510963e-05,5.38069955140233e-06,0.004900000000000001,1.2263807668566136e-05,4.388065644368202e-06,1.327169267530612e-05,5.024006071501509e-06,0.006511982772760909,0.0,0.001388273662550027,0.004020873499144408,2.265277667983367e-06,0.08643961291692426,0.0
2022-07-27,diesel,106.91515195236693,8597.044,6757802.989500001,0.1302062107751243,-290,-229.02546843554217,-295.51399480660444,1.0,-295.51399480660444,-295.51399480660444,0.0,0.009127194038134013,baseline,8800,9498.692539752868,0.00683565150073416,0.004025615716777748,0.006435355143409275,0.01689182108015274,0.017160542819727176,0.01732989441097199,0.00043033693201732255,0.0013643285373966933,9.660776197782883e-06,0.0121,0.010595225500106307,0.0002920954045125453,0.0009129025437899612,8.0625170786029e-06,0.0054548969371005255,0.006867850159616345,0.0004097553943471321,0.001219646428901119,7.129463856558613e-06,0.036901192628862205,0.0
2022-08-10,diesel,101.49214704487676,8439.94,6623921.1435,0.1302062107751243,-125,-319.91286206338094,-319.91286206338094,1.0,-319.91286206338094,-319.91286206338094,0.0,0.014288359656324566,baseline,8675,9178.779677689488,0.0223643445970776,0.016621915987532793,0.0004511602554699729,0.01604531451815176,0.0160353985895298,0.015930221454234336,0.00034927934856335036,0.0010826565270037993,1.5639537260341258e-05,0.10890000000000001,0.008268512472194945,0.0009400291271227002,0.0030542994030411425,1.5718064343902308e-05,0.033042073281846836,0.024414485887286157,0.00013942691486871066,0.00042001737154085544,1.656309741157449e-05,0.002381218893655201,0.0
2022-08-24,diesel,97.35805634700957,8341.06,6623921.1435,0.1302062107751243,-200,-261.5267194598303,-261.5267194598303,0.75,-196.14503959487274,-196.14503959487274,-65.38167986495756,0.018459476636754985,baseline,8475,8982.634638094616,0.010796608341542243,0.011802320068841332,0.013927467360310985,0.015090817024808205,0.014467414995166432,0.014607463682384634,0.000616819600091981,0.0019532749433088764,2.4100077483912966e-05,0.0225,0.015447257411772717,0.0008215735350013117,0.0026412585786337504,3.060949683570926e-05,0.013635766592488602,0.021068671297222348,4.3645544058308916e-05,0.00013050508415754803,2.9079447936800693e-05,0.061273895514384655,0.0
2022-09-07,diesel,94.71181033628494,8148.02,7713546.251499999,0.1302062107751243,185,-115.09860276158948,-180.48028262654702,1.0,-180.48028262654702,-180.48028262654702,0.0,0.029585221833368747,baseline,8660,8802.154355468068,0.10150237602353322,0.018848154980042546,0.0001960447602559651,0.01397137436112328,0.01350073001883897,0.013671546688300121,2.683393956671173e-07,7.742374219288427e-07,3.634432709372174e-05,0.5929,0.0,0.0003869483556868867,0.001200971542696842,4.224051028802091e-05,0.08576477343917456,0.009245805091737759,6.873804970521837e-05,0.00020492655821603047,4.004932131836517e-05,0.0009815384435068368,0.0
2022-09-22,diesel,89.00777637279255,8071.748,7713546.251499999,0.1302062107751243,-280,-279.84911813887135,-279.84911813887135,0.5,-139.92455906943567,-139.92455906943567,-139.92455906943567,0.03685331733069272,baseline,8380,8662.229796398633,0.1497801851414464,0.020308723480540986,0.016806435980658254,0.013782211425147352,0.012878454799380974,0.012846523614529223,0.0001725198163518386,0.0005389711311737777,3.866089476156813e-05,0.8649000000000001,0.003805757092335084,0.0001722685842090067,0.0005381661990186153,5.071640604445989e-05,0.10857092926831999,0.003799236623569776,2.239208636329207e-05,6.670663580392742e-05,5.1172224397488056e-05,0.006579066852963346,0.0
2022-10-25,diesel,90.25207977745296,7997.48,17788387.699,0.1302062107751243,175,142.589204459133,2.664645389697313,0.0,0.0,0.0,2.664645389697313,0.030981942732113615,baseline,8555,8662.229796398633,0.14177288688934866,0.12220719911165336,0.013451551241220007,0.012048608821852621,0.012017422286184912,0.012297373964741615,9.287853269645128e-06,2.671760031781216e-05,6.322462166791997e-05,0.8281000000000001,0.0,9.001120945110899e-07,2.6043874528759233e-06,6.372154695709731e-05,0.7138165455976624,0.0,9.60708550822042e-05,0.0002802673412267332,5.9330447839040316e-05,0.07831552892310398,0.0
2022-11-08,diesel,92.85719227531808,7960.647999999999,8469173.105,0.1302062107751243,150,135.22031414605644,137.88495953575375,0.0,0.0,0.0,137.88495953575375,0.06074358680351276,baseline,8705,8662.229796398633,0.0005022830332101595,0.000104253219798166,0.015265316417317924,0.012856291468064992,0.012743434074027588,0.01217981696560641,0.00022810670879807568,0.0006506865465357124,5.1032571589241035e-05,0.0025000000000000005,0.0,0.00020061634192692498,0.00057375860208759,5.265774903798386e-05,0.00021720217778461358,0.0,0.00015144013779083175,0.00044071486334447976,6.115526269141733e-05,0.0,0.0
2022-11-22,diesel,89.9855541292591,7937.611999999999,8469173.105,0.1302062107751243,-165,-215.6804366752055,-77.79547713945175,1.0,-77.79547713945175,-77.79547713945175,0.0,0.06152089731491255,baseline,8540,8584.43431925918,0.06796557974349293,0.08432709285333748,0.004180214674946175,0.012360340358046324,0.012268625241122943,0.011994333023306788,3.720624064001789e-05,0.00011103335377257792,5.836439944489577e-05,0.39690000000000003,0.0,8.262840829109074e-06,2.4884449302693637e-05,5.977415566220128e-05,0.4925253477077014,0.0,7.995995025213488e-05,0.0002355695506684677,6.409070374171623e-05,0.024208545053419836,0.0
2022-12-06,diesel,82.85068835840534,7789.814999999999,8291342.8815,0.1302062107751243,-425,-404.6757934565794,-404.6757934565794,0.75,-303.50684509243456,-303.50684509243456,-101.16894836414485,0.1015386109488441,baseline,8115,8280.927474166747,0.04750828873790324,0.02536107447525783,0.04308794252889169,0.011000157774962244,0.010871004959466643,0.011372606242898368,0.00012528230033950408,0.00039712164780084146,8.099716007557256e-05,0.27040000000000003,0.0026659912151109216,9.744636780152967e-05,0.0003072923347645565,8.333855045008263e-05,0.14287697953967526,0.0019583864967418025,1.574117686162593e-07,4.810010553376681e-07,7.443192304007621e-05,0.20378248649282715,0.0
2022-12-20,diesel,77.40143904041409,7706.603999999999,8291342.8815,0.1302062107751243,-460,-364.75852580259976,-465.9274741667446,0.5,-232.9637370833723,-232.9637370833723,-232.9637370833723,0.06042404790580439,baseline,7655,8047.963737083374,0.01455228847522888,0.011718235290396716,0.04773780210623125,0.00956454528530664,0.009721282191921274,0.01016591009544635,0.0013255840237256667,0.004454389765290452,0.00010889871510241588,0.004900000000000001,0.030369309812769838,0.0009025474902873898,0.002956046184091346,0.00010565203977811475,0.0063735530278377995,0.023620643348082816,0.00010002979546742827,0.0003092088230629442,9.670932425084401e-05,0.019905320350312894,0.001973315986697079
2023-01-04,diesel,80.02398854283592,7480.73,8347824.3265,0.13628899835796388,240,133.06854783117575,-99.89518925219656,1.0,-99.89518925219656,-99.89518925219656,0.0,0.030589434345106345,baseline,7895,7948.068547831178,0.3356254416553308,0.17101631937973458,0.012148711324287579,0.008957928777759725,0.00914327941407474,0.009328857559468348,1.9673563636131995e-05,5.666399517736066e-05,0.00012192733687702684,1.9599999999999997,0.00017088197604615975,0.00014236730027907362,0.00042177892370366796,0.00011786838188085332,0.9913271809710741,0.0028625108792190556,4.829805922507684e-07,1.4423812694900711e-06,0.00011387328098611583,0.07082895368759164,0.0
2023-01-18,diesel,78.62842100135482,7378.49,8347824.3265,0.13628899835796388,-195,-133.6937778661516,-133.6937778661516,0.5,-66.8468889330758,-66.8468889330758,-66.8468889330758,0.02195349021396631,baseline,7700,7881.221658898102,0.13056564348331295,0.04899096236403102,0.004349521186763428,0.009949099739306681,0.009656027861975149,0.0089651494179561,0.00010799359955843649,0.00033289661157024687,0.00010102059605040503,0.7569,0.002158519322281861,3.758856503361968e-05,0.00011398370515742815,0.00010699775959223443,0.2846485536457878,0.0005271202672393915,4.842585049254775e-06,1.4353069808349601e-05,0.00012176792736803459,0.004368760615931187,0.0
2023-02-04,diesel,81.87760826356454,7213.125,16653078.709999999,0.13628899835796388,200,192.25001984349592,125.40313091042012,0.0,0.0,0.0,125.40313091042012,0.021782922624545523,baseline,7900,7881.221658898102,0.10693420415033968,0.07283866928728261,0.01572631427650257,0.008586103405512985,0.00877609216093773,0.008789474296362666,0.00025686857910374016,0.0007260978308764626,0.00013027703546964226,0.6241000000000001,0.0,0.00023969896016422487,0.0006785820729794783,0.0001259761071797635,0.42495743706155054,0.0,0.00021130429239366624,0.0006135874654559942,0.00012567588655191335,0.01787402624012389,0.0
2023-03-18,diesel,77.07737262331753,7150.6669999999995,17095511.0385,0.13628899835796388,-95,-181.958665274744,-56.555534364323876,0.0,-0.0,0.0,-56.555534364323876,0.09006712658677282,baseline,7805,7881.221658898102,0.059667272754363496,0.09592625911079199,0.002688822507681426,0.009401429708852318,0.009285713541618395,0.0088367454644635,0.00019318642747019225,0.0005681122638004139,0.00011232969221639827,0.34809999999999997,0.0,6.103518774652995e-05,0.000182594032974924,0.00011479593431225944,0.5601285600716882,0.0,0.00036983713174508086,0.0010690029935989933,0.00012461825182517622,0.0,0.0
2023-04-01,diesel,74.4896395741793,7112.909,5907516.4706666665,0.13628899835796388,-320,-158.58282357797208,-215.13835794229595,0.0,-0.0,0.0,-215.13835794229595,0.10631011237461807,baseline,7485,7881.221658898102,0.03491040557852913,0.000412791540585642,0.03719026512323813,0.008239516772038493,0.008127673500082665,0.008881795468694853,3.406730931661786e-05,0.00010585207075919721,0.00013830896575516393,0.2025,0.0004728340292727732,3.194203461376491e-05,9.549800899468188e-05,0.00014095213652063943,0.0021857199001301623,0.0,0.0004875246921808993,0.001405237146180423,0.0001236144719999343,0.0,0.0
2023-04-18,diesel,84.67019067631662,7113.418,5907516.4706666665,0.13628899835796388,525,591.8257693885319,376.6874114462359,0.25,94.17185286155897,94.17185286155897,282.5155585846769,0.11062193981328042,baseline,8010,7975.393511759661,0.48921726336194615,0.3859645392568902,0.07017662335859569,0.008451786847311082,0.009052729107431694,0.009022452112621095,0.0010098729927816524,0.002697019242862781,0.00013336122701993733,2.8560999999999996,0.0,0.0013326359403304181,0.00351417699330924,0.00011984273999527328,2.252452225591872,0.0,0.0008166351100164522,0.0023116258859894527,0.00012050655761969707,0.035473351485516454,0.0
2023-04-29,diesel,81.1746215874899,7114.86,5907516.4706666665,0.13628899835796388,-155,-191.60398459407412,90.91157399060279,0.0,0.0,0.0,90.91157399060279,0.04139697945530267,baseline,7855,7975.393511759661,0.3167520376530044,0.4203676052706371,0.01293202150978634,0.010690970598357816,0.010881498674533472,0.009363792641933575,0.0003977664980608876,0.001171373499872979,8.665802840063865e-05,1.8496000000000004,0.0,0.0003031311565839748,0.0008990821994082164,8.314706642253483e-05,2.455048717700986,0.0,0.0008008488248347639,0.0022942724873848265,0.00011312890696378637,0.035473351485516454,0.0
2023-05-17,diesel,73.76447278392433,7156.129999999999,8973100.5525,0.13628899835796388,-365,-369.5760189801889,-278.6644449895861,0.5,-139.33222249479306,-139.33222249479306,-139.33222249479306,0.03605623891036593,baseline,7490,7836.061289264868,0.030869919441359507,0.022424898691523556,0.028917050577982224,0.008510084429722014,0.008388668152965262,0.009241198183848926,7.569725679002901e-05,0.00023791723900670075,0.0001320181598121165,0.17639999999999997,0.0014246896773606433,8.143555084826171e-05,0.0002562765549997532,0.00013482302726196315,0.1266961800941297,0.0015644961222112351,0.00024275148101353348,0.0007166072864679229,0.00011575181651921564,0.07765387290135405,0.0
2023-05-31,diesel,74.49563514786755,7180.892,8973100.5525,0.13628899835796388,95,11.951726356159996,-127.38049613863306,0.5,-63.69024806931653,-63.69024806931653,-63.69024806931653,0.010160431637638224,baseline,7585,7772.371041195552,0.14497183620382678,0.10054840425898681,0.007214459193448963,0.008184818395182437,0.008079265731334039,0.0087548115170598,1.5421605094608497e-05,4.5195263419761397e-05,0.00013959851635481934,0.8464,0.00011097758992783654,9.871084836181965e-05,0.0002959491788750638,0.000142103905504147,0.5822536818457517,0.0018702031299664018,8.810035651833269e-05,0.00025921664920157704,0.0001264542640168509,0.022886833179937772,0.0
2023-06-14,diesel,73.23711900787694,7080.85,8852466.9455,0.13628899835796388,-50,-0.1990594309468676,-63.8893075002634,1.0,-63.8893075002634,-63.8893075002634,0.0,0.005473804331794603,baseline,7535,7708.481733695288,0.014421518013380527,0.00013114014007312684,7.186414286102225e-05,0.009073570048131311,0.008844229599700206,0.008529006680372618,2.496901845018812e-08,7.40186583380392e-08,0.00011938687149309321,0.0841,0.0,1.414215426953835e-05,4.150207591425168e-05,0.00012445121322420503,0.0005905663809766328,0.0,0.00015641644905557055,0.0004588561423021045,0.00013158368773893604,1.5849862819556304e-07,0.0
2023-06-29,diesel,73.17608224854365,7010.92,8852466.9455,0.13628899835796388,70,-10.033558486414687,-10.033558486414687,0.0,-0.0,0.0,-10.033558486414687,0.012083950392207509,baseline,7605,7708.481733695288,0.009919779049168838,0.00010019600883306771,0.002994112436677904,0.00849622296410733,0.008576956328724869,0.00837868528599962,0.00011364568824401706,0.0003282267133676627,0.00013233688609153154,0.0576,0.0,2.3537809863695337e-05,6.909140730249939e-05,0.00013048592671585884,0.00038686948668798974,0.0,0.00032126814359130203,0.0009298079868084916,0.00013505495568184175,0.01632737445145285,0.0
2023-07-13,diesel,75.1157600634876,7034.955,8469985.7175,0.13628899835796388,150,84.7492822749147,74.71572378850001,1.0,74.71572378850001,74.71572378850001,0.0,0.01951730460993818,baseline,7755,7783.197457483789,0.004514203320368193,0.0062408540090679795,0.003977671347644101,0.008843712288830772,0.008502406993734562,0.008524529484661572,0.00038071569218037774,0.0010790653150709534,0.00012446275549438555,0.0256,0.0,0.00022032869802024555,0.0006326018527645196,0.00013219464493772391,0.0359351476111501,0.0,0.00045705013414541436,0.001305782515822445,0.00013168642354840162,0.022329757524957708,0.0
2023-07-27,diesel,79.32382195397709,7077.348,8469985.7175,0.13628899835796388,260,192.3382764542406,192.3382764542406,1.0,192.3382764542406,192.3382764542406,0.0,0.022539568838418497,baseline,8015,7975.535733938029,0.008631740933822431,0.008192807190310344,0.009772236320091627,0.009361933195708562,0.009071557891950221,0.009033777935318945,0.0011779346346691966,0.0032475351620265963,0.00011316846533256747,0.0484,0.0,0.0008762372244278502,0.0024472205868987817,0.0001194308469089955,0.04630156667407608,0.0,0.0009930850872372167,0.002768638758564395,0.00012025802637189763,0.055340259582419664,0.0
2023-08-10,diesel,84.41944702954262,7220.764999999999,8548879.645,0.13628899835796388,230,308.86291572839946,308.86291572839946,0.5,154.43145786419973,154.43145786419973,154.43145786419973,0.04592907944986977,baseline,8245,8129.967191802229,0.0010464286438038523,0.009844444071058726,0.020349615008092705,0.010160089790290084,0.010017842149841456,0.009858747376548403,0.0014956069835280752,0.00412484867760788,9.682383293515346e-05,0.0036,0.0,0.001934877983153548,0.005259491964968869,9.964347534548186e-05,0.054311966231891384,0.0,0.0009582203767158127,0.002686705421337994,0.00010284500477266391,0.005747707582473073,0.0
2023-08-24,diesel,84.1976009708773,7289.858,8548879.645,0.13628899835796388,55,56.93111494420887,211.3625728084086,1.0,211.3625728084086,211.3625728084086,0.0,0.054772121818908726,baseline,8300,8341.329764610637,0.021362556112928782,0.04385395983371976,0.0026712585338195226,0.010642852810977209,0.010895936739521286,0.010562677320491607,0.0013488986277439842,0.0038073657739004186,8.755620351703714e-05,0.12249999999999998,0.0,0.0013583275599639002,0.0038326198014281354,8.288396785079831e-05,0.25387852898546037,0.0,0.0015796663012113714,0.00436334920209682,8.906305935716348e-05,0.01296460739516289,0.0
2023-09-21,diesel,92.16037381014016,7522.135,17546177.301,0.13628899835796388,370,462.8841605274048,462.8841605274048,0.5,231.4420802637024,231.4420802637024,231.4420802637024,0.06533031098687164,baseline,8670,8572.77184487434,0.06848532180097662,0.11353225681665365,0.043532354714257065,0.011061492977578991,0.011158995709113557,0.011417196291808629,0.0019391601312012184,0.005241041870041994,7.98969077898697e-05,0.39690000000000003,0.0,0.002503409783602573,0.006657158866827258,7.81633568714725e-05,0.6591915008730894,0.0,0.0014161185251027187,0.003913139574980836,7.366451949334356e-05,0.001612746478588796,0.0
2023-10-11,diesel,90.43988939931766,7727.829,9163923.803,0.13628899835796388,-80,-118.2006431647814,113.241437098921,1.0,113.241437098921,113.241437098921,0.0,0.04105595752572642,baseline,8590,8686.01328197326,0.13882879224577588,0.23134604195871927,0.009828358668385344,0.012403472343785886,0.01265310395974356,0.012157305864394615,0.0005611176874517838,0.0016296682858211579,5.770723243162591e-05,0.81,0.0,0.00045187482156504576,0.0013213606602051192,5.397688142633577e-05,1.3506381963279461,0.0,0.0008965888478923663,0.0025314454531176708,6.15078513046591e-05,0.05588556817827193,0.0
2023-10-25,diesel,89.53334896276725,7858.6939999999995,9163923.803,0.13628899835796388,-70,-75.1250579250824,-75.1250579250824,1.0,-75.1250579250824,-75.1250579250824,0.0,0.04704996495365827,baseline,8520,8610.888224048178,0.00011267631064579589,0.0013132700923378926,0.024380399756794336,0.01174414300761334,0.011626790751822467,0.012312789132753712,0.00010558486179198848,0.00031039657084132565,6.81591746787397e-05,0.0004,0.0,9.894418176978842e-05,0.00029114249990539517,7.011063311376578e-05,0.007422024174970296,0.0,0.0002558270939236332,0.0007482330193379792,5.9093210917509435e-05,0.1419277457905116,0.0
2023-11-08,diesel,86.10020979440196,7843.594999999999,8265784.681,0.13628899835796388,-135,-216.98661191472155,-216.98661191472155,1.0,-216.98661191472155,-216.98661191472155,0.0,0.026547642985164543,baseline,8385,8393.901612133457,0.0029088739874677636,0.013803465760222273,0.013797195777835457,0.011856901813235378,0.011762971805826623,0.011767638027214622,6.99135867094018e-06,2.0869151866656484e-05,6.631004807928928e-05,0.016900000000000002,0.0,7.17325388868235e-06,2.1794664192867953e-05,6.784863347160712e-05,0.08049880200142122,1.6303739115244648e-05,1.0264773119461954e-05,3.0916809264923655e-05,6.777178365096278e-05,0.08049880200142122,0.0
2023-11-22,diesel,80.37544506746394,7811.983999999999,8265784.681,0.13628899835796388,-330,-356.58685614210725,-356.58685614210725,0.75,-267.4401421065804,-267.4401421065804,-89.14671403552683,0.02242407870873847,baseline,8055,8126.461470026877,0.029058524948523852,0.01711412810480771,0.009525524088489366,0.010948627662145355,0.010677055745244135,0.010771145112937038,0.0002807034737319782,0.0008898537122151641,8.192734119848027e-05,0.1521,0.006677933870050752,0.00034205129404277955,0.0010917804945040157,8.69172895772854e-05,0.07795291275338294,0.008343860080041166,0.0001456301233874213,0.00045377696521072566,8.517176252646593e-05,0.01018223483528326,0.003118675374113183
2023-12-06,diesel,78.42588848557556,7646.494999999999,8871585.946,0.13628899835796388,-50,-170.0990792785089,-259.2457933140357,1.0,-259.2457933140357,-259.2457933140357,0.0,0.043490943662180565,baseline,8005,7867.215676712841,0.05432952728338652,0.02682716616102825,0.0035562615583189404,0.009669904812463458,0.00946702573376031,0.009651083401855201,7.678077979015617e-05,0.00023149213854082844,0.00010671086658356563,0.31360000000000005,0.0013760509945158759,0.0002847861705695203,0.0008859103688775088,0.00011094354689326754,0.13911076367810898,0.006645450415819976,0.0003236377153757595,0.001020434779241845,0.00010710007475535692,0.00026858940853551527,0.00775480621365528
2023-12-20,diesel,74.0227212693011,7559.846,8871585.946,0.13628899835796388,-400,-245.4716465161005,-245.4716465161005,0.5,-122.73582325805025,-122.73582325805025,-122.73582325805025,0.04145317712179865,baseline,7605,7744.479853454791,0.09438850056726206,0.007973509258797295,0.029390505573768134,0.009090749418529463,0.008868025186888643,0.00871593781083293,0.000887989184019215,0.0029227636808719067,0.00011901174824931525,0.48999999999999994,0.023351443621574486,0.0003719201381658508,0.0011741706718256164,0.00012392086323974563,0.022724095567941065,0.009024398185119157,0.0004197130471211396,0.0013074946719514723,0.00012733005948898992,0.07453988769874423,0.01012580341601474
2024-01-04,diesel,77.05655540788125,7396.48,8951660.835666668,0.14085804371700852,190,151.00055440726737,28.264731149217127,0.0,0.0,0.0,28.264731149217127,0.02832775894546319,baseline,7795,7744.479853454791,0.2385263183191193,0.10813513022919541,0.011590989839201229,0.007695450397146901,0.008146278254250601,0.008368423280867425,2.7136619813801743e-05,7.876420181848676e-05,0.00015140194092907235,1.3923999999999999,0.00029966621120296725,6.349529916441578e-05,0.00018621717015863102,0.00014051071922565217,0.6287608244200774,0.001038407262978586,7.57564095998895e-05,0.00022694780087545528,0.00013529357697306693,0.060256329243325385,0.0013417469186380497
2024-01-18,diesel,76.2303624464535,7333.119999999999,8951660.835666668,0.14085804371700852,-50,0.1659045847311517,28.43063573394828,0.0,0.0,0.0,28.43063573394828,0.020884017487423513,baseline,7745,7744.479853454791,0.039521768381881726,0.015604078235061776,0.0007325088563237268,0.009020768492519404,0.008942497565432316,0.008435478671368504,1.5569496569849387e-05,4.651081499090628e-05,0.00012054352449485465,0.2304,0.00011752968471127927,1.7911015540148062e-07,5.279628736758182e-07,0.00012226836009047027,0.0910043663483485,0.0,1.59624565534635e-05,4.7382235707482444e-05,0.0001337381535603728,0.0,0.00012191989890540613
2024-02-01,diesel,80.03755552747323,7312.18,17963826.237166665,0.14085804371700852,200,183.33218194432817,211.76281767827646,0.75,158.82211325870736,158.82211325870736,52.9407044195691,0.022143630536432538,baseline,7945,7903.301966713499,0.042861172009723864,0.023030212345338346,0.01956247047653477,0.008546838347478873,0.008693519041779212,0.00866710522078647,0.0001360030092226011,0.00038612620988933766,0.00013117491183878047,0.25,0.0,0.00011018354705535449,0.00031382947632567737,0.00012783651165860927,0.13419954064709128,0.0,7.647835726685775e-05,0.0002188714189065859,0.0001284345040767253,0.10089785463984666,0.0
2024-03-05,diesel,82.66674488641249,7371.119999999999,17273050.292000003,0.14085804371700852,120,142.33664829095153,195.27735271052063,0.75,146.45801453289047,146.45801453289047,48.81933817763016,0.009531485711970659,baseline,8065,8049.759981246389,0.00447159394652709,0.0012538486054158827,0.0020926611913087384,0.009502832641701413,0.009470890128812479,0.00939518039349717,0.0002371416356664643,0.0006778711007779771,0.00011019052254812933,0.0256,0.0,0.0002865645126591711,0.0008156885360992186,0.0001108621546795385,0.006722535118100546,0.0,0.00020715839997236877,0.0005907630136775166,0.00011246219888646685,0.0006114837492069872,0.0
2024-04-02,diesel,84.84844065575193,7483.995999999999,5504148.090833333,0.14085804371700852,190,123.12769135832492,171.9470295359551,1.0,171.9470295359551,171.9470295359551,0.0,0.03593880900989338,baseline,8255,8221.707010782344,0.003485795373164554,0.000339628206250105,0.0005522200045972566,0.009992215680796798,0.00999616883351105,0.010061729406906434,0.0003951611728660208,0.0011154548056296176,0.00010015574697968951,0.019600000000000003,0.0,0.00023641426740173308,0.0006756997101055705,0.00010007663800761567,0.0014759361057580152,0.0,0.0003117231121113904,0.0008837083107381881,9.876922238154835e-05,0.0025987595433058135,0.0
2024-04-17,diesel,89.69483516514862,7548.455999999998,5504148.090833333,0.14085804371700852,195,305.97641534571426,305.97641534571426,0.5,152.98820767285713,152.98820767285713,152.98820767285713,0.0625247187639402,baseline,8450,8374.695218455201,0.00024974381140975647,0.02324926003586429,0.019135128940767663,0.010843786407293773,0.010742074319397136,0.010746668339297341,0.0007784186914818788,0.002180105289534699,8.383624735525828e-05,0.0001,0.0,0.0012367957123104168,0.003395579872165237,8.5709187907566e-05,0.133734623455266,0.0,0.0005285108276269066,0.0014945197849260386,8.562414682296224e-05,0.0014377477057467257,0.0
2024-04-30,diesel,87.27778304465804,7579.119999999999,5504148.090833333,0.14085804371700852,-70,-114.94001255446229,38.048195118394844,0.0,0.0,0.0,38.048195118394844,0.05346960559692977,baseline,8380,8374.695218455201,0.04822414005953689,0.12142071258876602,0.017320036071786563,0.011237219278640326,0.011536893444237813,0.011176973307944921,0.00043483576561306243,0.0012652537636491106,7.678632597063278e-05,0.28090000000000004,0.0,0.00032113263750072025,0.0009421220553956736,7.162417257418493e-05,0.708682557104978,0.0,0.0004243159116426563,0.0012248259209405434,7.78458000087164e-05,0.09362156674781304,0.0
2024-05-16,diesel,82.0104261021214,7604.369999999999,16274322.105,0.14085804371700852,-225,-310.0419752029099,-271.99378008451504,0.75,-203.99533506338628,-203.99533506338628,-67.99844502112876,0.09374522292148016,baseline,8155,8170.699883391815,0.016474298721772883,0.02608378218213731,0.03221917936154434,0.01068100855182983,0.010462251809979247,0.010912846209692465,1.876732283222e-05,5.655851506732295e-05,8.684360161106876e-05,0.0961,0.0,1.7341330990977471e-06,5.317712287580929e-06,9.096864053624415e-05,0.152259103317105,0.0,2.887830844887772e-05,8.671866200702703e-05,8.25763640087006e-05,0.16645638691049292,0.0
2024-06-14,diesel,78.1073728456169,7547.504999999999,7877451.612,0.14085804371700852,-180,-227.3804561941312,-295.37890121525993,0.25,-73.84472530381498,-73.84472530381498,-221.53417591144495,0.07082853594752933,baseline,7975,8096.855158088,0.0014509192490565084,0.005039754891559101,0.050886908085723735,0.009994442968202793,0.009687875404388955,0.01016463563744194,1.348323063586678e-05,4.090384371222635e-05,0.00010011117151654653,0.0081,9.028605455285305e-05,4.7291943611910646e-05,0.00014524753605157372,0.00010633991367540627,0.02733170689935473,0.0007429833557195098,2.0811743668173738e-05,6.158088705421344e-05,9.673439214427713e-05,0.06775672488315286,0.0
2024-06-28,diesel,84.04572783153426,7514.395999999999,7877451.612,0.14085804371700852,200,338.28621500616623,116.75203909472128,0.5,58.37601954736064,58.37601954736064,58.37601954736064,0.029143493184191956,baseline,8175,8155.231177635361,0.09893984672835933,0.2192514788285053,0.014751519696660944,0.009788957854461768,0.009782461752984037,0.009975551020441174,0.00015249212793181516,0.0004329657371302517,0.00010426538169795804,0.5776,0.0,0.00047087178609868353,0.0013030659193875005,0.00010439808782923404,1.2799151316273016,0.0,0.00011930910097632361,0.0003452032393277211,0.000100489577343778,0.06992930147599875,0.0
2024-07-12,diesel,86.2060657899071,7474.459999999999,7849297.2715,0.14085804371700852,105,122.62247704740582,180.99849659476646,0.0,0.0,0.0,180.99849659476646,0.05948498602999913,baseline,8280,8155.231177635361,0.006333911817033214,0.03201458937667911,0.02861551814767423,0.01071230504100072,0.011172568068234363,0.01015113183051974,0.0004884994743190309,0.0013903531529323987,8.626127765142065e-05,0.0361,0.0,0.0005417818568889985,0.001537002156662398,7.79235545099556e-05,0.1860433914813795,0.0,0.00018966093859332505,0.0005511519376933118,9.700020421980144e-05,0.013631038632775328,0.0
2024-07-26,diesel,83.75396290647076,7467.781999999999,7849297.2715,0.14085804371700852,-140,-136.65724799380064,44.34124860096583,0.0,0.0,0.0,44.34124860096583,0.03665824386841383,baseline,8140,8155.231177635361,0.04116980406023427,0.046101985946874015,0.0016505367989707654,0.010324005454256423,0.01038233409014569,0.010134421831262395,0.00017242619041164922,0.0005099496091736183,9.362487044925946e-05,0.24009999999999998,0.0,0.00017833708825543758,0.0005270997835627076,9.249949755357375e-05,0.2689039032697745,0.0,0.00020321863938250377,0.0005902706523350328,9.732963260347204e-05,0.0,0.0
2024-08-09,diesel,78.63468861164303,7430.215,15494893.162,0.14085804371700852,-290,-330.6257819756396,-286.28453337467374,0.75,-214.7134000310053,-214.7134000310053,-71.57113334366844,0.04078468395893522,baseline,7850,7940.517777604356,0.015477010623453987,0.02607991208144711,0.035688505784898,0.009395515168699757,0.009365002983573704,0.009903172208406662,1.3834402879245374e-05,4.2565235506511655e-05,0.00011245509853727694,0.09,9.816699222386368e-05,4.2142436136183596e-05,0.00013106115756160143,0.00011310316153939623,0.15049516870025528,0.0006437770874343227,6.029865839126065e-06,1.8196029165693627e-05,0.00010194593145309162,0.18440737661149803,0.0
2024-09-06,diesel,77.16119851371884,7296.001,8299637.643999999,0.14085804371700852,-100,-140.21721994578974,-211.78835328945817,0.75,-158.84126496709362,-158.84126496709362,-52.94708832236455,0.03306467189807843,baseline,7750,7781.676512637262,0.02474494076195156,0.024893582342594468,0.0044058321774469444,0.008884499124250954,0.008715198115251876,0.009062436089248572,6.743097494084077e-07,2.0149344599376427e-06,0.00012355435971877783,0.1444,0.0,1.3267077743068687e-05,4.0072614039134547e-05,0.00012734675357801482,0.14502168197710072,8.640846094917231e-05,1.9395229656177407e-06,5.821165290349742e-06,0.00011963030430177207,0.012486781906399957,0.0
2024-09-21,diesel,72.45480098191294,7214.147999999999,8299637.643999999,0.14085804371700852,-350,-284.278856821292,-337.22594514365653,0.5,-168.61297257182827,-168.61297257182827,-168.61297257182827,0.03288807115411,baseline,7400,7613.063540065434,0.047039443447811816,0.01651371832199528,0.022920683889057415,0.008402350266447919,0.008340925731218897,0.008409036538409999,0.00037944886796930223,0.0012169537966398756,0.00013450547934216068,0.25,0.009377840163658752,0.00021970395439453545,0.0006918426101011546,0.00013593401280495362,0.08301502087699628,0.005051254491758952,1.9027480176184834e-05,5.777794941164385e-05,0.00013435043396791446,0.00038194507804971547,0.0001769999350770315
2024-10-11,diesel,75.382461095612,7078.365,8592082.697333334,0.14085804371700852,135,96.83656848453674,-71.77640408729152,1.0,-71.77640408729152,-71.77640408729152,0.0,0.02217586168290138,baseline,7535,7541.287135978142,0.16109943489217,0.09949324589280212,0.006452071542435671,0.00747056368893825,0.007644856294824003,0.00784396413357171,1.2527185038951175e-07,3.622330473715397e-07,0.00015698677427295268,0.9409,0.0,5.982181948036523e-06,1.7474461690756348e-05,0.00015264957597555006,0.5809958696241708,6.1979260764285255e-06,6.456710504005596e-07,1.91830769593418e-06,0.000147769207985891,0.0375092839834415,0.0
2024-10-24,diesel,74.64565408972837,7024.338,8592082.697333334,0.14085804371700852,85,-16.890696782546293,-16.890696782546293,0.0,-0.0,0.0,-16.890696782546293,0.02252783320273913,baseline,7620,7541.287135978142,0.0017716767996086144,0.00888826231680084,0.00379462427474555,0.008493612142938105,0.008251373339449055,0.007694994885138838,0.00011455116644715126,0.0003301803763407538,0.00013239696151714144,0.010000000000000002,0.0,1.095522479833687e-05,3.223503247575009e-05,0.00013803022840900845,0.05173556346051788,0.0,2.493616199045822e-05,7.308867516194332e-05,0.0001514131508767594,0.020607408734808638,0.0
2024-11-07,diesel,72.70753615902433,6996.21,17114046.087333333,0.14085804371700852,-140,-166.38690480815978,-183.27760159070607,0.5,-91.63880079535303,-91.63880079535303,-91.63880079535303,0.055868878604440786,baseline,7480,7449.648335182789,0.034697226152615945,0.015335767121095554,0.012500060757200199,0.00793139231326227,0.007557890500094001,0.007694311740607585,7.312261572905097e-06,2.1881882881981214e-05,0.00014565129149638506,0.2025,0.0,6.207466725044514e-07,1.867669568674611e-06,0.0001548060888076511,0.08939646485615003,0.0,2.52282487507065e-07,7.518263281481405e-07,0.00015142996353734834,0.03359067924484159,0.0
2025-01-03,diesel,72.91250667945691,7039.624,8565874.82,0.1460849504681775,70,57.09943172471508,-34.53936907063795,0.0,-0.0,0.0,-34.53936907063795,0.06090171205770992,baseline,7550,7449.648335182789,0.0302355837868223,0.03423706926544836,0.006750467915386702,0.007400582820098263,0.007298082347482273,0.007482850785260068,1.9877233320647118e-05,5.775194730055752e-05,0.00015874531327320305,0.17639999999999997,0.0,1.2372845242891742e-05,3.6042791867143856e-05,0.00016133871205134147,0.19978457046754158,0.0,8.307899135227724e-06,2.4607338474159775e-05,0.00015667902446406452,0.03359067924484159,2.4634475125890317e-05
2025-01-17,diesel,78.64825306101768,7065.987999999999,8565874.82,0.1460849504681775,325,355.44481167080534,320.90544260016736,0.25,80.22636065004184,80.22636065004184,240.67908195012552,0.06332622036051061,baseline,7875,7529.874695832831,0.044735601608410815,0.06119012175439688,0.050780277180763556,0.008182456597560941,0.00817141023619023,0.007679592162316981,0.0006628067446805878,0.001825996692672217,0.00013965433206853095,0.2601,0.0,0.0007789131055003768,0.0021332546670971356,0.0001399155358005053,0.3560398629407078,0.0,8.861216782298663e-07,2.5797629748850156e-06,0.00015179244928684114,0.025745075772602325,0.0
2025-02-20,diesel,74.43100270687172,7142.12,16683126.728999998,0.1460849504681775,-160,-244.11721388629047,-3.4381319361649503,0.0,-0.0,0.0,-3.4381319361649503,0.023403952409864374,baseline,7715,7529.874695832831,0.1611126907568229,0.24617264245559714,0.004567443258199641,0.00871168279839122,0.008727258992302051,0.008053915589027233,6.814589762550217e-05,0.00020321491031140615,0.00012742610524413668,0.9409,0.0,5.410443722449223e-06,1.640753567165884e-05,0.00012707468982663497,1.4378984899605105,0.0,2.4321377212461336e-05,7.232644472796348e-05,0.00014270893275408658,0.025745075772602325,0.0002607176740137061
2025-03-06,diesel,72.48036962055622,7129.946,8049863.375,0.1460849504681775,-130,-140.25281114503792,-143.69094308120287,0.75,-107.76820731090216,-107.76820731090216,-35.92273577030072,0.03281240525891546,baseline,7585,7422.106488521929,0.0006490602526639985,0.007421241188758979,0.010321765504234541,0.007479300724774516,0.007195766621695297,0.008018698261758463,1.2276954899471889e-11,3.6779387551759586e-11,0.00015676791034063196,0.0036,0.0,5.440130577151953e-07,1.6343354774390424e-06,0.0001639483924060923,0.043151256627188446,0.0,0.0001392522105687817,0.00042586290925385965,0.00014355159134278969,0.04645594602802234,0.002895137478622911
2025-03-20,diesel,70.03629620842324,7125.067999999999,8049863.375,0.1460849504681775,-270,-166.79236296187594,-202.71509873217667,0.5,-101.35754936608834,-101.35754936608834,-101.35754936608834,0.061475816938840876,baseline,7315,7320.748939155841,0.01745299680393521,0.0017994172138443981,0.012087994605987256,0.00738092818971419,0.007458287164397274,0.007625158923400523,0.0003651504874208883,0.0011583996035076129,0.00015924097335314998,0.07840000000000001,0.008894115400436053,0.00013615375832237697,0.00041958462430003525,0.00015729456085072216,0.0028173912425545193,0.0028449895269020225,0.00035716068927099757,0.0011069172591701313,0.00015313669167109372,0.0001643861411416182,0.008468871262225031
2025-04-03,diesel,73.12522518772467,7013.815,7562696.785999999,0.1460849504681775,220,163.2183139275017,61.86076456141336,0.0,0.0,0.0,61.86076456141336,0.07622438626153634,baseline,7535,7320.748939155841,0.16444787515600603,0.07460627696113328,0.011083303874233045,0.007064441954194996,0.007348295550583199,0.007378540823362831,2.9553109526872245e-05,8.406225008795593e-05,0.00016732866195639062,0.9603999999999999,0.0,1.5336824125391623e-06,4.413346064601413e-06,0.00016006562547539292,0.43562818744394083,0.0,0.00010867115146547436,0.0003266486433253786,0.0001593012317475186,0.04109341125399613,0.002109552767911015
2025-04-18,diesel,65.23406046403404,6958.719999999999,7562696.785999999,0.1460849504681775,-465,-376.3744322950284,-314.513667733615,0.75,-235.88525080021128,-235.88525080021128,-78.62841693340374,0.08461369897112925,baseline,7070,7084.86368835563,0.32828342342877054,0.20291733001111834,0.049381683655322486,0.007755121857651884,0.007653167643831498,0.007228586794394517,0.0005940979712192625,0.00195897013698136,0.00014993704072095466,1.8769000000000002,0.015494022106470433,0.0003201606361711742,0.0010287971232703608,0.00015244426923132946,1.164641327103887,0.007823830347193013,0.0005581832121797385,0.001780445535650454,0.0001631089952683141,0.2225674061803143,0.01402649900119896
2025-05-20,diesel,63.74256473909944,6829.244999999999,15397793.670000002,0.1460849504681775,-220,-244.99166301260897,-323.6200799460127,0.75,-242.71505995950952,-242.71505995950952,-80.90501998650319,0.08290391260585298,baseline,6850,6842.14862839612,0.0528000181791498,0.024805189505580895,0.017437559772060872,0.005519400633626905,0.005790732730394144,0.006246511384864084,0.0010024870939755062,0.0032455892167936318,0.00020968775800940488,0.24009999999999998,0.025956320799167026,0.0011265107647489292,0.0036748760249232675,0.00020190327633909226,0.06904572825726979,0.02881347009008334,0.0010384919113766312,0.003377248274008942,0.00018915844908667324,0.0001865851726097363,0.027014672999645988
2025-06-04,diesel,64.51466400998532,6740.168,8021039.971,0.1460849504681775,60,-79.19319371097305,-160.09821369747624,0.5,-80.04910684873812,-80.04910684873812,-80.04910684873812,0.0693107029062641,baseline,6910,6762.099521547382,0.058084311540018974,0.029916557893873128,0.03485874851502253,0.005690580298724832,0.005434158455615495,0.005443085243916607,0.000413079285897308,0.0012547383838100326,0.00020475949218724194,0.31360000000000005,0.009689991553943619,0.0009713068466024824,0.003077460787173362,0.0002121637398961176,0.10995652969106202,0.024601431868097143,0.0010151663971613024,0.0032213229249037248,0.00021190376721587847,0.10584084920574272,0.025761000829626582
2025-06-18,diesel,69.9983912088471,6683.012,8021039.971,0.1460849504681775,255,271.1803557219119,191.13124887317377,0.5,95.56562443658689,95.56562443658689,95.56562443658689,0.054041780350942877,baseline,7165,6857.6651459839695,0.026082200675056382,0.0841106387515847,0.03259556360794464,0.006172997390654142,0.005673439724722055,0.005464529807311409,1.8682859096815332e-05,5.2849754617629426e-05,0.00019118600115885717,0.1521,0.0,3.115358502095239e-05,8.782267023232849e-05,0.00020525032932117206,0.4910464965687931,0.0,0.00039504637951346744,0.001192437572261593,0.00021127989372253856,0.12336213537766764,0.009175303562531961
2025-07-02,diesel,71.3322865500842,6726.315,7973027.604,0.1460849504681775,225,-2.836095627393263,92.72952880919362,0.75,69.54714660689521,69.54714660689521,23.182382202298413,0.05383899992473172,baseline,7390,6927.212292590864,0.0007399145112664629,0.05145052903437958,0.004203109570993534,0.006866872629402709,0.006666583365292253,0.00611173233077527,0.00031652699015145006,0.0008885481646924431,0.0001724790345323317,0.0036,0.0,2.478486456950645e-07,7.299319059087568e-07,0.00017777999915470126,0.30034006244026445,0.0,0.0003183314564879757,0.0009609271815301791,0.00019288397885203293,0.0027078447542966287,0.007263806440845977
2025-07-16,diesel,70.28199592347697,6760.32,7973027.604,0.1460849504681775,-125,-136.12905539730605,-112.94667319500763,0.75,-84.71000489625573,-84.71000489625573,-28.23666829875191,0.08464236226103156,baseline,7265,6842.502287694609,0.0839241491978487,0.012212152344453544,0.02519616060876018,0.006948095931515687,0.006124067376036511,0.006443693692477579,3.007819109593009e-05,8.962994000120386e-05,0.00017035219981291738,0.48999999999999994,0.0,2.1639854648847417e-05,6.463620351171411e-05,0.00019254150618477428,0.07106805249689435,0.0,0.0007322852193884107,0.0023029863035681423,0.00018377344070337218,0.09518107515946425,0.01831195212064449
2025-08-27,diesel,66.40231906729642,6777.035,16122673.045,0.1460849504681775,-175,-208.42142083526463,-236.65808913401654,0.75,-177.4935668505124,-177.4935668505124,-59.16452228350414,0.13085535909992954,baseline,7090,6665.008720844096,0.0024451889014380146,0.004889846966222776,0.026060005840136687,0.005972405621495383,0.005896339695466874,0.006076883617534605,8.185197493748431e-05,0.0002514841266130999,0.00019677340404785433,0.010000000000000002,0.001527889485367672,0.00013394022487683854,0.00041556429406400686,0.00019891323398566344,0.020904744402461393,0.00281290349115017,0.0017935505685779986,0.005899487592372659,0.0001938531697996763,0.03443515747567755,0.03836375430171954
2025-10-14,diesel,64.79524527100162,6741.132,8491582.402999999,0.1460849504681775,-70,-158.4591177773928,-217.62364006089695,0.75,-163.2177300456727,-163.2177300456727,-54.40591001522424,0.1618424469712451,baseline,7020,6501.790990798424,0.008846807831467898,0.005382457304679497,0.03530549347036384,0.005555975859265864,0.005336504944373122,0.005389172481079551,0.0001350794468903894,0.0004110842895755692,0.0002086298333781105,0.04409999999999999,0.0027771737397405145,0.00033870986658819576,0.0010582060230419593,0.0002150180872463939,0.009984926907386511,0.008066617463323014,0.0027943598307374803,0.00937247636391788,0.00021347628078764307,0.0008151980659136613,0.07292011316403293
2025-10-28,diesel,61.85814749117869,6719.351999999999,8491582.402999999,0.1460849504681775,-255,-224.75456343889616,-279.1604734541204,0.5,-139.5802367270602,-139.5802367270602,-139.5802367270602,0.1889399460004434,baseline,6765,6362.210754071364,0.03365123659973479,0.0115812401615068,0.07309034741653092,0.005047108236264817,0.004763857568570279,0.00479552284395963,0.0008747101678029444,0.002835810454422528,0.00022358897209797944,0.1369,0.02264744272524511,0.0007423381416188928,0.00238450478693357,0.0002321400361908132,0.01758034446182937,0.018977606896495275,0.003953976075927444,0.0134872851153605,0.00023117612558855348,0.002234924361549805,0.12767654390298155
2025-11-11,diesel,63.26464256803477,6629.75,8412856.4225,0.1460849504681775,120,31.196774817792875,-108.38346190926733,0.5,-54.19173095463366,-54.19173095463366,-54.19173095463366,0.17909415777405924,baseline,6885,6308.019023116731,0.09801075840843546,0.049290432368271214,0.057172441724990614,0.004248278869643253,0.004250902639520949,0.004412790957283484,0.0001770126228308897,0.0005256313784557907,0.0002481167185685273,0.5625,0.003697760025010286,0.00041335431580403483,0.0012608773815189578,0.0002480340676698483,0.2620443502215602,0.00974070703982022,0.0036794159271731244,0.012321774500697404,0.0002429610857413435,0.029164787672190873,0.11122510245450129
2025-11-25,diesel,62.23296396645118,6583.748,8412856.4225,0.1460849504681775,-65,-103.06897676971826,-157.26070772435193,0.5,-78.63035386217597,-78.63035386217597,-78.63035386217597,0.22956543925243109,baseline,6820,6229.388669254555,0.02557813391833561,0.015610834585245597,0.0636008884439887,0.005041304038192142,0.004660996949478097,0.0043463362669717304,0.00021021197988325393,0.0006430760550734828,0.00022376258487780674,0.1369,0.004652605537729464,0.0003060814163689257,0.0009472722604938967,0.00023528501458392023,0.072109168197437,0.007151192916846247,0.004038979355274316,0.013662124101062682,0.0002450371882667245,0.0023889851584682053,0.13019333105026065
2025-12-09,diesel,62.23817103955421,6530.67,8641713.531,0.1460849504681775,-55,-55.99401036862268,-134.62436423079865,0.5,-67.31218211539932,-67.31218211539932,-67.31218211539932,0.22655621130640272,baseline,6765,6162.076487139156,0.002216869468832217,0.003693194041464328,0.06643972418387945,0.004295431667309944,0.004153095489766707,0.004195812657945982,0.000210544562236149,0.0006432015771800537,0.0002466334665161314,0.0004,0.0046536302598633485,0.00021284186795872368,0.0006504175250630733,0.00025112438255645237,0.008864209846657112,0.004712551558539699,0.004238524101566004,0.014355980631739611,0.00024977233754274044,0.0005124040467581321,0.14029308723425749
2025-12-23,diesel,60.02514654872086,6517.224,8641713.531,0.1460849504681775,-165,-182.1829027628588,-249.49508487825813,0.25,-62.37377121956453,-62.37377121956453,-187.1213136586936,0.1965113026388201,baseline,6600,6099.702715919591,0.016377761413641025,0.019916146651194802,0.10501210027930086,0.004053594031580876,0.004029100491759634,0.00410031397550006,0.0007077524608062922,0.002252279021487606,0.00025428786330963316,0.0484,0.017897477513882314,0.0007824785437507824,0.0025035722955243215,0.0002550696311023124,0.0636945462547364,0.01994837244032267,0.00483207409293968,0.01649926070041708,0.0002528000156776787,9.755160870439918e-05,0.17244813341335127
2026-01-21,diesel,63.27606746491273,6423.525,16881760.39533333,0.1460849504681775,85,114.94349121150518,-72.17782244718842,0.0,-0.0,0.0,-72.17782244718842,0.10703503262837405,baseline,6685,6099.702715919591,0.044195115229195954,0.06128176490832516,0.05956333699376137,0.003850642698434236,0.003822910234600979,0.004109531069076287,0.0001465389550227865,0.0004362380557058192,0.00026080174125363547,0.25,0.00297811596224998,9.344157331091526e-05,0.0002756097226008878,0.0002616982332777777,0.3531363759848358,0.001712908850784018,0.0038434859254930067,0.0127889426981579,0.0002525070028446519,0.015561949344602309,0.11774768931178538
2026-02-04,diesel,66.21568324403765,6394.749,8240046.8643333325,0.1460849504681775,195,174.96326559244994,102.78544314526152,0.75,77.08908235894614,77.08908235894614,25.69636078631538,0.1247805729723333,baseline,6880,6176.7917982785375,0.00834356993540634,0.002519492021575281,0.03587454318213114,0.0049440194701249295,0.005035318626612056,0.004480062726789917,3.898257504018545e-05,0.00011089498126098639,0.00022668254971597722,0.0484,0.0,2.137818511044812e-05,6.108756993859769e-05,0.0002239416886070241,0.014409493266958055,0.0,0.002814505796905818,0.00907951208193985,0.00024086845296437566,0.023770906475777523,0.06945963596804121
2026-02-25,diesel,68.7834083434205,6374.093999999999,8240046.8643333325,0.1460849504681775,170,131.9197094977494,157.6160702840648,1.0,157.6160702840648,157.6160702840648,0.0,0.4542487155336201,baseline,7050,6334.407868562603,0.0005975304854436813,0.0014062828060784304,0.018092521133438785,0.005676517188288091,0.005554739524495603,0.005261128200703789,0.000457064904702987,0.0012868858676324218,0.00020516215985740653,0.0025000000000000005,0.0,0.00033769890878150284,0.0009587114046854529,0.00020866555020516953,0.007410990885110527,0.0,0.0014213364610235028,0.004391072531082816,0.00021723434191608915,0.025938383137168813,0.030156777551982043
2026-03-10,diesel,78.4036612824465,6636.485,8039213.5309999995,0.1460849504681775,670,576.1707536740139,576.1707536740139,1.0,576.1707536740139,576.1707536740139,0.0,0.45037700086144655,baseline,7720,6910.578622236617,0.17188387126322507,0.1356722317551243,0.12125803360912622,0.006882179738241848,0.006632043058544834,0.006869469534667374,0.0025163146691192795,0.0064563931116439445,0.0001720772084197927,1.0,0.0,0.0018624542579223323,0.0048685404529780945,0.0001787022727885994,0.7894359610068052,0.0,0.00014973517052457158,0.0004135974398205375,0.00017241083030102825,0.7007520919506421,0.0027972138089981742
2026-03-24,diesel,100.53825399545414,6788.624,8039213.5309999995,0.1460849504681775,1115,1514.7864971220276,1514.7864971220276,0.75,1136.0898728415207,1136.0898728415207,378.69662428050697,1.037909120785315,baseline,8835,8046.668495078137,0.1388036626410484,0.6079779978332813,0.3304074567505599,0.010614119109326293,0.010697908430237978,0.010673369971824739,0.01271142381118792,0.029453941107642507,8.809476009391388e-05,0.7921,0.0,0.019364651284376318,0.0419781328249111,8.652890757223768e-05,3.5239980553938706,0.0,0.003884567777606325,0.009282074283834938,8.698602768246047e-05,1.2540376800372668,0.0
2026-04-08,diesel,116.21363904838014,6890.049999999999,8039213.5309999995,0.1460849504681775,400,803.3757745086745,1182.0723987891815,0.75,886.5542990918862,886.5542990918862,295.5180996972954,0.7315226587643513,baseline,9235,8933.222794170024,0.3539791981096372,0.3520089920382703,0.11553855843769414,0.014689227647969198,0.016384551825575768,0.015729760222839662,0.015045728759714197,0.037604916003915134,2.8204302975094777e-05,2.0448999999999997,0.0,0.021625967852455158,0.0506898558990619,1.3071465501947514e-05,2.0244208649970132,0.0,0.011894160314337982,0.028465157008723097,1.8234947754442376e-05,0.24907201026623718,0.0
2026-04-22,diesel,106.71277678317998,6890.049999999999,8039213.5309999995,0.1460849504681775,-530,-617.4322521842347,-321.9141524869393,0.0,-0.0,0.0,-321.9141524869393,0.6285552044149563,baseline,8705,8933.222794170024,0.5943852071728253,1.3841862290516476,0.6239695550617443,0.0161372695789377,0.017225304418869068,0.018263374010552412,0.007720559240189401,0.022050799995117276,1.4920686305800144e-05,3.4596000000000005,0.0,0.0068034216563312815,0.019730319379598613,7.698935567947522e-06,8.074781794859993,0.0,0.010713755526085507,0.028465157008723097,3.0158698272248154e-06,3.143914100953222,0.0
2026-05-09,diesel,114.44845662872568,6890.049999999999,16078427.061999999,0.1460849504681775,310,369.3292136759377,47.41506118899838,0.0,0.0,0.0,47.41506118899838,0.004679234033889729,baseline,9015,8933.222794170024,0.4863350932419459,0.6701114972620861,0.004679234033889729,0.016691747074157902,0.016505813292858836,0.01786548834006283,0.012090448031439856,0.03087495331162184,1.0944537421342805e-05,2.8223999999999996,0.0,0.012914948966982824,0.032656001686274146,1.2209340744362017e-05,3.894792762026065,0.0,0.010713755526085507,0.028465157008723097,4.556140026407731e-06,0.0,0.0
