adjust_date,fuel,oil_price_usd_bbl,inventory_cost,quantity_tonnes,transport_share,actual_delta,mechanism_delta,mechanism_signal_with_carry,optimal_ratio,raw_optimal_delta,optimal_delta,carry_over_next,supply_constraint_feasible,actual_price,optimal_price,actual_loss,mechanism_loss,optimal_loss,actual_cpi_pred,mechanism_cpi_pred,optimal_cpi_pred,actual_loss_consumer,actual_loss_profit,actual_loss_cpi,actual_loss_expectation,actual_loss_security,mechanism_loss_consumer,mechanism_loss_profit,mechanism_loss_cpi,mechanism_loss_expectation,mechanism_loss_security,optimal_loss_consumer,optimal_loss_profit,optimal_loss_cpi,optimal_loss_expectation,optimal_loss_security
2016-04-27,diesel,42.396839673275,5031.603999999999,13370645.024,0.14604640289872012,160,160.17911140627916,160.17911140627916,0.5,80.08955570313958,80.08955570313958,80.08955570313958,True,5180,5260.08955570314,0.017625413901183953,0.01766448293826664,0.009551388868080178,0.02280333956823501,0.02280379864369759,0.022592182781374072,0.0003325046005505065,0.0009829556512276124,7.85871273483205e-06,0.1024,0.0,0.00033181635255083794,0.0009808508095279706,7.861286834400434e-06,0.10262939092362076,0.0,9.28276083382504e-05,0.00027431378887612386,6.7194115720522175e-06,0.02565734773090519,0.0
2016-05-12,diesel,44.53533986703174,5031.603999999999,6542708.621499999,0.14604640289872012,115,158.1493553764472,238.23891107958679,0.75,178.67918330969007,178.67918330969007,59.55972776989671,True,5295,5438.76873901283,0.0013978719007384038,4.67300853489175e-06,0.009516404089720036,0.022292741007865102,0.022399919861152032,0.02244415639666713,3.608306919592664e-05,0.0001051796478406653,5.256661329146283e-06,0.0081,0.0,2.3124863764407862e-06,6.62857154161529e-06,5.7596153399519885e-06,1.6479638162556774e-05,0.0,7.821578449296572e-05,0.00022092076557654085,5.973900491368845e-06,0.03887965868639321,0.0
2016-05-26,diesel,47.87412315362528,5031.603999999999,6542708.621499999,0.14604640289872012,200,265.1988649897921,324.75859275968884,0.75,243.56894456976664,243.56894456976664,81.1896481899222,True,5495,5682.337683582597,0.005006782405317301,0.007970495001414064,0.008454593409973694,0.02235291950994533,0.022511349948679413,0.022443144854753364,0.00021150678950604851,0.0005919723668385825,5.536230220281376e-06,0.028900000000000006,0.0,0.000447372868728247,0.0012297378736795723,6.306878564732087e-06,0.0458383900338305,0.0,0.001088240735723406,0.0029722840270591496,5.968956781307832e-06,0.01684272446555893,0.0
2016-06-09,diesel,49.297681034260485,5144.264999999999,13665880.887999998,0.14604640289872012,110,96.04865528881574,177.23830347873792,1.0,177.23830347873792,177.23830347873792,0.0,True,5605,5859.575987061335,0.005595510959615276,0.0196310998782414,0.0033968750286303036,0.022123536893422422,0.02209086961706334,0.022267294264686682,0.00017287332012945065,0.0004928716865039463,4.50940893772615e-06,0.0324,0.0,0.0001385170241797428,0.00039642916206811463,4.371735755558598e-06,0.11444717376753717,0.0,0.0013987629828619294,0.003853374451776874,5.140623282681121e-06,0.017599015790187474,0.0
2016-07-22,diesel,45.323769115979474,5276.469999999999,13201929.606,0.14604640289872012,-150,-132.14127162561334,-132.14127162561334,0.0,-0.0,0.0,-132.14127162561334,True,5455,5859.575987061335,0.046358251027247714,0.035709727770957454,0.03563155810274991,0.021355125799358398,0.02139612160908929,0.021699460028017894,0.00023837179838078612,0.0007437743826877787,1.8363659320867362e-06,0.27040000000000003,0.0,0.00018765415628955656,0.0005815755886613013,1.949155547366067e-06,0.20828257098084993,0.0,0.0005423132217780103,0.0015613041674967863,2.8881643868305793e-06,0.1256536648800848,0.0
2016-08-05,diesel,41.821543066021135,5328.219999999999,6717389.0139999995,0.14604640289872012,-215,-221.85685505078612,-353.99812667639947,0.5,-176.99906333819973,-176.99906333819973,-176.99906333819973,True,5240,5682.576923723135,0.05678120142792055,0.06274586130197973,0.046515393152854856,0.020654669263576963,0.0206384961078652,0.02077312682864986,0.0017699681408386294,0.005903752126915662,4.285918446724023e-07,0.016900000000000002,0.1219504543198302,0.0018269086280821253,0.006110269396165424,4.0767727975900683e-07,0.03219554363727655,0.12955813863580135,1.8339815101831385e-06,5.5624812649404364e-06,5.977250931781892e-07,0.12531467369040017,0.0
2016-08-19,diesel,44.95531466879161,5341.147999999999,6717389.0139999995,0.14604640289872012,170,112.89370646736108,-64.10535687083865,1.0,-64.10535687083865,-64.10535687083865,0.0,True,5410,5618.471566852297,0.10170818458221889,0.07704586834286213,0.008737728922608476,0.02070208404351335,0.02056186169382557,0.02013950662156823,0.0007433036916623712,0.002234755228525241,4.929220041560573e-07,0.5929,0.0,0.001087232298758943,0.00334150215314653,3.156885629885388e-07,0.4482317537468594,0.0,3.755472964774395e-05,0.0001132254690266315,1.9462097461380915e-08,0.05097995583975475,0.0
2016-09-02,diesel,47.59264263315335,5293.360000000001,6455027.0575,0.14604640289872012,200,128.34413134349825,128.34413134349825,0.5,64.17206567174912,64.17206567174912,64.17206567174912,True,5610,5682.643632524046,0.0006175043590122934,0.00018747592321935181,0.014568835684084758,0.020160350769487106,0.01998993136084535,0.01983164776771896,4.438906649789009e-06,1.2658881993893737e-05,2.571236927510702e-08,0.0036,0.0,8.487278531192805e-05,0.0002485609656331284,1.0137749442657745e-10,0.0009548625154126324,0.0,2.4954201486958162e-05,7.231745667909528e-05,2.8342474114009823e-08,0.06582038853667843,0.0
2016-09-19,diesel,46.13663267214746,5272.156,6455027.0575,0.14604640289872012,-150,-96.89843937657452,-32.72637370482539,0.0,-0.0,0.0,-32.72637370482539,True,5460,5682.643632524046,0.08394168295824198,0.034764769229571564,0.0036911358929680657,0.01904915582122642,0.019170945077274824,0.019393183156633992,0.00021037099186943813,0.0006551724676300494,9.041046523076076e-07,0.48999999999999994,0.0,8.699240087616506e-05,0.0002655538815411577,6.873320648948487e-07,0.2029368626583479,0.0,5.118313612608528e-05,0.00014970327633644334,3.68226681392687e-07,0.01647221605031713,0.0
2016-10-20,diesel,50.22665824618214,5290.305,14192912.776999999,0.14604640289872012,340,234.32029167375885,201.59391796893345,0.5,100.79695898446673,100.79695898446673,100.79695898446673,True,5800,5783.440591508513,0.16448227130158635,0.0751311886839667,0.015147517400462676,0.019779225881730127,0.019530189087502377,0.019206231771493425,0.0002848308342411042,0.0007772078782699145,4.874121129783988e-08,0.9603999999999999,0.0,4.2726663871053044e-05,0.00011991506492818466,2.207222935018498e-07,0.4388233911943722,0.0,0.00022381732071635288,0.0006384122244698186,6.300680005864663e-07,0.040640107762065066,0.0
2016-11-17,diesel,43.853398014610974,5393.816,13809707.712,0.14604640289872012,-355,-288.15667957327844,-187.3597205888117,0.5,-93.67986029440586,-93.67986029440586,-93.67986029440586,True,5445,5689.760731214107,0.3485084106396234,0.18705850883265143,0.032924708723994126,0.01801346017550279,0.018161744272083113,0.018592573340137898,0.0007715615969362411,0.0025603414141751393,3.946340474313402e-06,1.9320999999999997,0.04007110319854035,0.0004601797169892364,0.0014889254941729878,3.379184121219244e-06,1.0919287419339092,0.0,2.1113401197452483e-05,6.378316762801783e-05,1.980849802890594e-06,0.15128493294730908,0.0
2016-12-01,diesel,46.28107919720019,5446.173999999999,4722540.127333333,0.14604640289872012,170,204.78278928722472,111.10292899281886,0.0,0.0,0.0,111.10292899281886,True,5615,5689.760731214107,0.18881645321930127,0.1664389932770345,0.015913145966998672,0.01862163502750883,0.01870382731655164,0.018219922300507663,0.00030336880865207286,0.0008959866746700673,1.8998899973905864e-06,1.1025,0.0,0.00019690439821135712,0.0005741611821821401,1.6800636253177279e-06,0.9719572798418998,0.0,9.838806517053145e-05,0.00029544731352877375,3.168676616229931e-06,0.03510366489911759,0.0
2016-12-15,diesel,52.12131287707897,5473.206,4722540.127333333,0.14604640289872012,420,385.8668092213213,496.9697382141402,0.5,248.4848691070701,248.4848691070701,248.4848691070701,True,6035,5938.245600321177,0.04290629626489987,0.022531874606448517,0.09170814600772062,0.018829483429320254,0.018751268135437215,0.01842897949707555,0.0004072248590187505,0.0010949025914422136,1.370109042235874e-06,0.25,0.0,0.00028764546925231084,0.0007801276337028781,1.5593312695744506e-06,0.13116568910196916,0.0,0.0001200818455379761,0.0003353522310929158,2.4681054206089963e-06,0.24697892070063104,0.0
2016-12-29,diesel,53.07575348934881,5468.79,4722540.127333333,0.14604640289872012,95,112.78639412062374,361.27126322769385,0.75,270.9534474207704,270.9534474207704,90.31781580692348,True,6130,6209.199047741948,0.07255093923634963,0.05131396332246097,0.007222918651332428,0.018267557798912225,0.018305478398086363,0.018652102890426892,0.0008122858888147975,0.002291019964393019,3.0013559801098565e-06,0.42250000000000004,0.0,0.0009062516612738871,0.0025447657334272044,2.8714034593519614e-06,0.2982916524462772,0.0,0.001289715917065805,0.0035098384928843366,1.8168266179955396e-06,0.0020193480457555294,0.0
2017-01-13,diesel,53.99351442246399,5640.469999999999,7434651.493666667,0.13639340683331513,500,64.46102505964228,154.77884086656576,1.0,154.77884086656576,154.77884086656576,0.0,True,6630,6363.977888608513,0.1131304692183439,0.0016841719500048451,0.009527048348956202,0.019325769732025606,0.018411591019667304,0.01859702065412038,0.003083024198915873,0.007965629807834511,4.545864542528232e-07,0.6561000000000001,0.0,0.00030229253550099127,0.0008663185204230941,2.5230430888015564e-06,0.009341365179520255,0.0,0.0010347644591851381,0.0028824008447165786,1.9683510449648027e-06,0.05398615683209697,0.0
2017-01-26,diesel,53.59469121042442,5743.477999999999,7434651.493666667,0.13639340683331513,-340,2.083027342747865,2.083027342747865,0.0,0.0,0.0,2.083027342747865,True,6290,6363.977888608513,0.4832180623889249,0.0032033065576558975,0.016544858389045618,0.017564306608045498,0.018228175857396108,0.018224133394929763,0.0002364834271038195,0.0007229344502718444,5.932602299610831e-06,2.8223999999999996,0.0,0.0019413569005258724,0.005473900325376341,3.1393607923140176e-06,0.015564058396675537,0.0,0.00048792973071023826,0.0014063919486365275,3.1537021990036922e-06,0.09582595831999076,0.0
2017-02-15,diesel,54.325999515736456,5832.51,14383899.924666665,0.13639340683331513,50,-28.170084127213805,-26.08705678446594,0.0,-0.0,0.0,-26.08705678446594,True,6340,6363.977888608513,0.1041879760552528,0.0006347694374486894,0.0005989870119694997,0.017973330479619506,0.017813428261641354,0.017871052082606444,0.00013910050599318457,0.00040183174526564993,4.107389344839301e-06,0.6084,0.0,2.4895692712773716e-05,7.329781682471077e-05,4.781095966988755e-06,0.003661003014455705,0.0,0.00019023520543740607,0.0005528094680098305,4.53241923497436e-06,0.0,0.0
2017-03-15,diesel,52.055328052771,5849.696,6870025.187,0.13639340683331513,-85,-83.0127745186846,-109.09983130315054,0.5,-54.54991565157527,-54.54991565157527,-54.54991565157527,True,6255,6309.427972956938,0.012482937438555677,0.002063426828249836,0.00443543966062669,0.017364222687569195,0.01736825563390688,0.017426436286855928,7.728435371912898e-06,2.300931477999076e-05,6.947322040724962e-06,0.0729,0.0,8.719412239889813e-06,2.5947043359122625e-05,6.926078408462875e-06,0.012030882757498888,0.0,5.611577476171403e-05,0.00016548988951790795,6.623230185611906e-06,0.011902773190375906,0.0
2017-03-29,diesel,49.38071351199277,5860.822,6870025.187,0.13639340683331513,-220,-130.06457978393456,-184.61449543550984,0.75,-138.46087157663237,-138.46087157663237,-46.15362385887747,True,6035,6170.967101380305,0.012572145544897655,0.0015449586859970375,0.006536478190501023,0.01666318167014209,0.01684818008537645,0.016833365746795698,0.0003067542179670348,0.0009696180752843992,1.1134356566475733e-05,0.0729,0.0,9.293504225198365e-05,0.00028490020029004967,9.933968774217607e-06,0.00885548951487602,0.0,3.116586826825471e-05,9.489192449393893e-05,1.0027572493566773e-05,0.028164194097027497,0.0
2017-04-13,diesel,52.84095880895715,5820.295,13436247.083999999,0.13639340683331513,190,174.37233211673492,128.21870825785746,0.0,0.0,0.0,128.21870825785746,True,6225,6170.967101380305,0.11510817936150064,0.06346507056046433,0.02628280153010603,0.016959235281451723,0.016925917087454168,0.016554155207647876,8.825412868956907e-06,2.512867921485126e-05,9.246250073567988e-06,0.6723999999999999,0.0,2.4748757324252646e-06,7.073939495309146e-06,9.44998575320627e-06,0.3707273333104639,0.0,3.4078889357397814e-06,1.0073530341228178e-05,1.1873846332980258e-05,0.07668565183104273,0.0
2017-05-12,diesel,48.041424392545125,5781.821,7014740.934,0.13639340683331513,-235,-277.3903335018204,-149.17162524396295,0.5,-74.58581262198147,-74.58581262198147,-74.58581262198147,True,5990,6096.3812887583235,0.12374337438034336,0.13984677030777545,0.008269503831977554,0.01580404705451881,0.01571642931761689,0.016134261662239097,0.00020240782621552657,0.0006373391055487576,1.760602112069227e-05,0.7224999999999999,0.0,0.000322969454198202,0.0010320259194786616,1.8348977790972092e-05,0.8163580241871305,0.0,2.3455180936313355e-05,7.059578977580817e-05,1.494393289603443e-05,0.02225217377792533,0.0
2017-05-26,diesel,51.03890868988692,5757.036,7014740.934,0.13639340683331513,135,119.70543148705302,45.119618865071544,0.0,0.0,0.0,45.119618865071544,True,6125,6096.3812887583235,0.09374313425067025,0.10797591815930058,0.005443167960454161,0.016182166418304746,0.01614931342381823,0.015892184111714957,1.992449051572313e-09,5.73883548521355e-09,1.4575853257520012e-05,0.5476,0.0,1.7911518190225518e-06,5.185545314249548e-06,1.4827787107986494e-05,0.6307401862883945,0.0,6.353780047433674e-06,1.8806130105446025e-05,1.687415137204704e-05,0.02225217377792533,0.0
2017-06-10,diesel,48.441866975263295,5699.865,6925385.069,0.13639340683331513,-175,-200.80132664464497,-155.68170777957343,0.5,-77.84085388978671,-77.84085388978671,-77.84085388978671,True,5950,6018.540434868537,0.06583797613868725,0.07038974421994146,0.00900528399625869,0.015295346755052647,0.015241146603882507,0.015498678737493731,0.0001042644014551655,0.0003225797111785877,2.2133762155193665e-05,0.3844,0.0,0.00015691359168597399,0.0004898544297310487,2.2646685645739e-05,0.41089832803236304,0.0,1.653209916842286e-05,4.971721633870261e-05,2.0261893108291035e-05,0.024236794137164498,0.0
2017-06-24,diesel,45.03258488301636,5668.673999999999,6925385.069,0.13639340683331513,-240,-192.2288384530724,-270.0696923428591,0.75,-202.55226925714436,-202.55226925714436,-67.51742308571477,True,5710,5815.988165611393,0.01237728862881567,0.00023998951922962744,0.014414169757501403,0.014771370433516243,0.01487467354184736,0.01485733772108486,0.0008555718406350569,0.0027838837163424055,2.733856714350813e-05,0.016900000000000002,0.0210800922129335,0.0006199097980217949,0.001982542859260112,2.6268971302639488e-05,0.000293950215178605,0.0,0.0003794128690486497,0.0012020663021082242,2.6446975314976663e-05,0.06221174849171844,0.0
2017-07-22,diesel,46.99182937767929,5584.1849999999995,13369591.988,0.13639340683331513,75,63.98740597436138,-3.530017111353388,0.0,-0.0,0.0,-3.530017111353388,True,5785,5815.988165611393,0.06800947651558217,0.04502648073399575,0.02814746257301945,0.014852085292143779,0.01482727007526841,0.014683084122998728,0.00021380087145542808,0.000639429790034575,2.6501025839362408e-05,0.39690000000000003,0.0,0.00024509795920187044,0.0007359293991632125,2.675713487421369e-05,0.26258705563399387,0.0,0.00013468338919923748,0.00040577283024510323,2.8269594443108208e-05,0.16410968712487484,0.0
2017-08-05,diesel,50.15160002264495,5565.503000000001,13495524.523,0.13639340683331513,165,165.97225839415302,162.4422412827996,0.5,81.2211206413998,81.2211206413998,81.2211206413998,True,5950,5897.2092862527925,0.005553907004664195,0.007129554383479975,0.00980184266605123,0.01488506833756549,0.014887230771719093,0.014697770275940075,7.47750539636962e-06,2.1356825337192795e-05,2.6162525911375058e-05,0.0324,0.0,7.98221886806046e-06,2.2792650514219692e-05,2.614040918165615e-05,0.041603640492346716,0.0,4.825764822783954e-06,1.4077429790315946e-05,2.811364004670459e-05,0.026387481752979284,0.0
2017-09-16,diesel,52.38592119344901,5613.171,7416758.774,0.13639340683331513,95,32.78344285632657,114.00456349772638,0.75,85.50342262329478,85.50342262329478,28.5011408744316,True,6045,5982.712708876087,0.0033737257129032774,0.012153075312628069,0.0006685483026772778,0.014737425585861113,0.014602884922949068,0.014718544808536358,4.5405024672974e-05,0.00013077596660283493,2.7694689464349253e-05,0.019600000000000003,0.0,1.081959469329767e-06,3.1660689144308617e-06,2.9128851154930492e-05,0.07095704233747663,0.0,1.0780569742516451e-06,3.1267166905211614e-06,2.789376893943826e-05,7.335244105656651e-05,0.0
2017-09-30,diesel,55.187765045612345,5657.84,7416758.774,0.13639340683331513,195,165.98413617268545,194.48527704711705,0.75,145.8639577853378,145.8639577853378,48.62131926177926,True,6240,6128.576666661425,0.00696203555579763,0.012237325305200409,0.004419160406728203,0.014966715544609469,0.014904956047197056,0.014865363124288947,0.0003960283966513749,0.0011085484878369477,2.533395240887596e-05,0.04000000000000001,0.0,0.0002995285448286992,0.0008444264166292982,2.5959472880993854e-05,0.07096969879983475,0.0,9.922911686882409e-05,0.00028257990108056496,2.636449584541177e-05,0.01457357682019292,0.0
2017-11-03,diesel,57.00834724985867,5811.035,6974477.750999999,0.13639340683331513,150,84.99311888256604,133.61443814434529,1.0,133.61443814434529,133.61443814434529,0.0,True,6390,6262.191104805771,0.001483835922859536,0.004541132989822622,0.00012220225963438763,0.014999977062400683,0.014865935557734796,0.01497119969711624,0.0003314358923328982,0.0009366569249438568,2.500022937651931e-05,0.0081,0.0,0.0001574279519479743,0.00045191485191598614,2.6358617697331924e-05,0.026238179526753686,0.0,5.067440017435247e-05,0.00014506874066327397,2.5288832486283792e-05,0.0006002029257402443,0.0
2017-11-17,diesel,60.43819147787639,5888.21,6974477.750999999,0.13639340683331513,250,171.75155530412553,171.75155530412553,1.0,171.75155530412553,171.75155530412553,0.0,True,6640,6433.942660109897,0.007133927518745301,0.005338458825690273,0.001061361314529988,0.015294287288534178,0.015136729669296899,0.015143787953446978,0.0010306551525203923,0.00283251587902816,2.2143732122851026e-05,0.04000000000000001,0.0,0.000649904526492248,0.0018187333768575618,2.3651398309497053e-05,0.03010810516125512,0.0,0.0002179864910908886,0.0006160759436262749,2.3582795441086692e-05,0.005817758821035218,0.0
2017-12-29,diesel,62.21587332766389,6036.0,13941508.355,0.13639340683331513,70,31.764201685469185,31.764201685469185,0.0,0.0,0.0,31.764201685469185,True,6710,6433.942660109897,0.02235058336612755,0.013544998229501162,0.021011520465504294,0.015089961623494503,0.015015870422147557,0.014954319520467843,0.0005745523803550874,0.0016359674041235698,2.410847685875674e-05,0.1296,0.0,0.00043361972046447004,0.001245508838078108,2.4841547648823576e-05,0.07838583669261896,0.0,1.1638756710778014e-06,3.4244017970410098e-06,2.545889150153186e-05,0.11799438699754436,0.0
2018-01-13,diesel,66.11343927180071,6153.093999999999,7272460.064,0.13474034151009923,175,148.87906727879488,180.64326896426405,0.5,90.32163448213203,90.32163448213203,90.32163448213203,True,6885,6524.264294592029,0.007765942948201591,0.009578111970332774,0.012118716725279716,0.015110482370511312,0.015060394713789536,0.014955540262604565,0.0007672263075326071,0.0021441002302269637,2.3907382649080678e-05,0.04409999999999999,0.0,0.0006547728705265339,0.0018404902014054671,2.4399700383558368e-05,0.05486356697177097,0.0,3.3166595572438096e-06,9.66743015397052e-06,2.544657404220363e-05,0.032631990622095444,0.0
2018-01-27,diesel,67.75322721683503,6227.204,7272460.064,0.13474034151009923,60,13.574179714155203,103.89581419628723,1.0,103.89581419628723,103.89581419628723,0.0,True,6945,6628.160108788316,0.009245074446703245,0.01267705976028196,0.00013146204927070158,0.014888198053802747,0.014801437923571859,0.014980965483692823,0.0006600489350695096,0.0018796001539609054,2.6130519137146027e-05,0.0529,0.0,0.000484112779134218,0.0013927925763579673,2.7025047662476874e-05,0.07322965039551914,0.0,8.37969855239276e-08,2.4287339578008297e-07,2.5190707475882827e-05,0.000737033419648731,0.0
2018-02-10,diesel,65.67800657880974,6287.73,14781686.805,0.13474034151009923,-160,-147.22818023371673,-147.22818023371673,0.0,-0.0,0.0,-147.22818023371673,True,6785,6628.160108788316,0.03316434673984289,0.01773335401775262,0.024744979388063124,0.0145037221187523,0.01452738377196778,0.014800145383702466,5.902828204362884e-05,0.00017661371887030445,3.0209070547892714e-05,0.1936,0.0,7.572633767709393e-05,0.00022592301129855383,2.9949528379321617e-05,0.10342959585921986,0.0,2.5091952888329417e-05,7.462925172989506e-05,2.7038488030630777e-05,0.043177360830037766,0.0
2018-03-01,diesel,64.32478933099402,6243.200999999999,6634633.606,0.13474034151009923,-185,-47.427566863823685,-194.65574709754043,0.5,-97.32787354877021,-97.32787354877021,-97.32787354877021,True,6600,6530.832235239546,0.0004381564032383195,0.006843548852521332,0.014095112195299908,0.014278107877624624,0.014538991082067047,0.014439996137506834,1.1573030103149647e-05,3.527820020660992e-05,3.274004946010139e-05,0.0025000000000000005,0.0,6.077716623110739e-05,0.00017889878739736585,2.982261840174325e-05,0.03984064971602749,0.0,8.367376920722873e-05,0.00025465619071419603,3.091364295093893e-05,0.037890859878101625,0.0
2018-03-29,diesel,65.81290998890657,6217.956,6634633.606,0.13474034151009923,165,58.78840053731071,-38.539473011459506,0.0,-0.0,0.0,-38.539473011459506,True,6765,6530.832235239546,0.0839286647286645,0.007735338865339295,0.007695355588422769,0.014609575241113953,0.014402516977649642,0.014287909682507873,0.00015330770290788756,0.0004353005745301146,2.90566790812117e-05,0.48999999999999994,0.0,1.3227143175725484e-05,3.847838659462336e-05,3.13318161855005e-05,0.04512732692383538,0.0,4.897423808461581e-05,0.00014622711226418405,3.262797579518731e-05,0.037890859878101625,0.0
2018-04-13,diesel,67.1364923044488,6213.334999999999,6503574.637499999,0.13474034151009923,50,79.93657948086607,41.397106469406566,0.0,0.0,0.0,41.397106469406566,True,6815,6530.832235239546,0.009140504660379844,0.0004148487967801425,0.0013905710488389036,0.01423899830294279,0.014295935873151026,0.014143901315919558,0.00027812484960700973,0.000800063844859083,3.318914055349606e-05,0.0529,0.0,0.00036450202246708614,0.0010415347086836799,3.253634756320535e-05,0.0017889818905145543,0.0,4.344513011850377e-05,0.00012961534470479322,3.4293891797688686e-05,0.0,0.0
2018-04-27,diesel,71.45750403433306,6226.549999999999,6503574.637499999,0.13474034151009923,245,245.68522396890145,287.082330438308,0.5,143.541165219154,143.541165219154,143.541165219154,True,7060,6674.3734004587,0.026378843529289365,0.019154275997697326,0.030603289185074423,0.014470098458472143,0.01447139215150649,0.014290337468647968,0.0012260280296030458,0.0033700820667046647,3.057981105899218e-05,0.1521,0.0,0.0012298280012418695,0.003380026928388477,3.056550474242405e-05,0.10989045259848458,0.0,1.75421072878451e-05,5.035245643424226e-05,3.26002462219253e-05,0.08241626444988986,0.0
2018-05-12,diesel,73.11339128033123,6319.1449999999995,6572711.574999999,0.13474034151009923,105,117.13527896292425,260.6764441820783,0.75,195.5073331365587,195.5073331365587,65.16911104551957,True,7165,6869.880733595259,0.013759707029467426,0.011671868327716757,0.005292935890472586,0.01433755926412269,0.014359675418720139,0.014523092311953364,0.0012011388853844223,0.003370235964740992,3.206323508732277e-05,0.07840000000000001,0.0,0.0012669042238378663,0.0035456010853708877,3.181326138218985e-05,0.06610035344415907,0.0,0.00014377551926434947,0.0004066961751425175,2.9996517823384353e-05,0.010801930432079606,0.0
2018-05-26,diesel,75.7600727398957,6369.415999999999,6572711.574999999,0.13474034151009923,250,164.00819681582647,229.17730786134604,1.0,229.17730786134604,229.17730786134604,0.0,True,7415,7099.058041456605,0.015059333778456533,0.0020099623386572933,0.0009630948050574053,0.01481553226255182,0.014661111598731687,0.014795819132483035,0.0024181605002602333,0.00656250757141969,2.6878705720641057e-05,0.0841,0.0,0.0018212485104358203,0.0050311646535075895,2.850372936119733e-05,0.008788281712179678,0.0,0.0006581596118712223,0.0018301387162521136,2.7083498501829637e-05,0.0045346687918712695,0.0
2018-06-09,diesel,71.57248681191464,6508.135,6610286.048,0.13474034151009923,-125,-165.49491042365094,-165.49491042365094,0.0,-0.0,0.0,-165.49491042365094,True,7290,7099.058041456605,0.09651347733695696,0.07452216462433928,0.057933032395492065,0.014407931173262058,0.014337663780236425,0.01462483310084539,0.0007659337615584348,0.0022327245399771543,3.127123376297427e-05,0.5625,0.0,0.0006076053077640244,0.0017863238304964238,3.206205146564646e-05,0.43428919072188216,0.0,0.00018582573027602274,0.0005400809049543437,2.8892419193767393e-05,0.21008895375429673,0.0
2018-06-26,diesel,71.34368611064708,6571.258,6610286.048,0.13474034151009923,-55,14.74342969592821,-150.75148072772274,0.5,-75.37574036386137,-75.37574036386137,-75.37574036386137,True,7235,7023.682301092744,0.0034594147156953,0.02240977912398864,0.00844412555234516,0.014365855728231205,0.014488950703661902,0.014326314944471326,0.00034572153593106396,0.0010074547996307226,3.1743581675105134e-05,0.019600000000000003,0.0,0.0005687144814410862,0.0016331466997920525,3.037166434666865e-05,0.12994343699624433,0.0,6.561561606113138e-06,1.9484438416326902e-05,3.2190702109329425e-05,0.02272600894160096,0.0
2018-07-10,diesel,75.52675702206679,6618.655,6501765.6355,0.13474034151009923,260,239.94922434534084,164.57348398147946,0.5,82.28674199073973,82.28674199073973,82.28674199073973,True,7495,7105.9690430834835,0.06827115218565281,0.035029752878735415,0.02245150328361041,0.014642647025120234,0.01460698900742049,0.01433100704318197,0.0011780193317722527,0.0032403360038558097,2.8701230897453082e-05,0.39690000000000003,0.0,0.0010776047455320788,0.002976268693317377,2.9084567566083434e-05,0.20287059977469368,0.0,2.539978458729565e-05,7.35842521780623e-05,3.213748114445243e-05,0.0994298333688596,0.0
2018-07-24,diesel,71.84604043418894,6621.843999999999,6501765.6355,0.13474034151009923,-120,-131.4530988096168,-49.16635681887706,0.0,-0.0,0.0,-49.16635681887706,True,7375,7105.9690430834835,0.09905483027525132,0.09461991479768811,0.006583730770643349,0.013978706262610744,0.013959044795358625,0.014184709555647327,0.0006073705527131731,0.001774334277938533,3.6255978271923075e-05,0.5776,0.0,0.0005664182426626441,0.0016586322523416638,3.649313978448372e-05,0.5517587425795983,0.0,2.2541710542545198e-05,6.608631096309364e-05,3.3817602952179516e-05,0.027084431629802272,0.0
2018-08-07,diesel,72.24956008101798,6686.825,6504841.2715,0.13474034151009923,70,32.31118912561594,-16.855167693261123,0.0,-0.0,0.0,-16.855167693261123,True,7445,7105.9690430834835,0.02489734731029167,0.01850644073197099,0.00023479319704967406,0.014168306547991895,0.014102553640042837,0.014046182674893994,0.0006145745507961238,0.001750318103973579,3.400864851819421e-05,0.1444,0.0,0.0004838784227219891,0.001388821759379361,3.4779873568572e-05,0.10727496801173525,0.0,3.495289113651229e-07,1.0306652506405245e-06,3.544794074073244e-05,0.0,0.0
2018-08-21,diesel,69.1787498069334,6724.538,6504841.2715,0.13474034151009923,-50,-123.60242424700888,-140.45759194027,0.5,-70.228795970135,-70.228795970135,-70.228795970135,True,7395,7035.740247113348,0.009959218693787873,0.01669809284463992,0.007354571733661565,0.01382860250014173,0.013701401076849987,0.013787851923246996,0.00032274194067621876,0.000940295160308328,3.80861471012569e-05,0.0576,0.0,0.00015657988561447686,0.000463223543922729,3.967234839470651e-05,0.0972362193396333,0.0,8.21129774585428e-05,0.00024864154746928846,3.8590783727506044e-05,0.0197283351336594,0.0
2018-09-04,diesel,72.78311549184721,6811.19,6790231.524999999,0.13474034151009923,170,201.5491454011302,131.3203494309952,0.5,65.6601747154976,65.6601747154976,65.6601747154976,True,7565,7101.4004218288455,0.03330345519191756,0.07258581116751671,0.016136331375699895,0.013966188600018197,0.014021081221946521,0.013790480338239042,0.0005585098483536549,0.0015716796461947588,3.640688001055036e-05,0.1936,0.0,0.0006731016219112008,0.00188214299872897,3.574746975456051e-05,0.42289417297859466,0.0,0.00012278248334627527,0.00036608521003980097,3.855813442979593e-05,0.07386324941600286,0.0
2018-09-18,diesel,74.11763302719488,6848.096,6790231.524999999,0.13474034151009923,145,109.91402595673398,175.5742006722316,0.75,131.68065050417368,131.68065050417368,43.893550168057914,True,7710,7233.08107233302,0.0007001519751950612,0.005981479764116494,0.0045380682140543065,0.01391951033306198,0.013859835782157204,0.0139114776440426,0.0009564215625677566,0.0026822457471136806,3.6972354589740035e-05,0.0025000000000000005,0.0,0.0008066936931892596,0.0022781471529414693,3.770161662207703e-05,0.03358798046235505,0.0,1.5749208371648662e-05,4.589250957839843e-05,3.7070104478993046e-05,0.017434812893452657,0.0
2018-10-01,diesel,76.98512082710351,6952.07,6795043.7565,0.13474034151009923,230,163.09626741347927,206.98981758153718,0.75,155.2423631861529,155.2423631861529,51.747454395384295,True,7940,7388.323435519173,0.005367010253312253,0.002264966583232092,0.0025298339236995604,0.014171292706584649,0.014059642244767398,0.014063617587015513,0.0015067512170792335,0.004150507599502572,3.397382871231331e-05,0.028900000000000006,0.0,0.0011637020127662912,0.0032471758748043793,3.5287850260152124e-05,0.011313403225454228,0.0,3.1507083183705466e-07,9.094730967850046e-07,3.524063615319153e-05,0.002220617218032558,0.0
2018-10-20,diesel,77.91850696573522,6999.692,6795043.7565,0.13474034151009923,160,87.15951531489476,138.90696971027904,1.0,138.90696971027904,138.90696971027904,0.0,True,8100,7527.230405229451,0.0039334800324357655,0.004412028686749623,0.000199732178556287,0.014190799543765828,0.014072762892907532,0.014173426319949809,0.002082695845762174,0.005751780503947568,3.374680994071132e-05,0.019600000000000003,0.0,0.0016513937095300579,0.004623849168326592,3.51321397236939e-05,0.023065561277127517,0.0,3.537654962125876e-05,0.0001016870278919979,3.394896084905363e-05,0.001067380320046487,0.0
2018-11-03,diesel,72.54628464866491,7019.195,6785361.953000001,0.13474034151009923,-365,-292.76674511562726,-292.76674511562726,0.25,-73.19168627890681,-73.19168627890681,-219.57505883672044,True,7735,7454.0387189505445,0.18883956743424746,0.09900641974093986,0.06938192306089072,0.01345570650803568,0.013570447003257,0.01391038901649223,0.0003498088635959256,0.0010589197520985446,4.282777730896655e-05,1.1025,0.0,0.0005615240299636212,0.0016758332691346953,4.1339151737926896e-05,0.5773758534588834,0.0,9.284642868023494e-07,2.766701483574967e-06,3.7083361930458474e-05,0.17994335948967605,0.0
2018-11-17,diesel,64.89815719013242,7011.848,6785361.953000001,0.13474034151009923,-490,-407.6549313117842,-627.2299901485046,0.5,-313.6149950742523,-313.6149950742523,-313.6149950742523,True,7245,7140.423723876293,0.010780752660246971,0.009074716373526205,0.11843626235587931,0.012971352552168849,0.01310832771709736,0.01324509318591386,0.00023855590478177112,0.0007738917309336388,4.940188494590336e-05,0.0625,0.0,9.05781997857948e-05,0.000287048729882085,4.749514685492849e-05,0.052797181309771304,0.0,0.0005473429113092085,0.0017634342336966902,4.562876606698737e-05,0.2312134696484082,0.0
2018-12-01,diesel,57.47630975735433,6760.67,4418409.912666666,0.13474034151009923,-520,-419.4105869634928,-733.0255820377452,0.5,-366.5127910188726,-366.5127910188726,-366.5127910188726,True,6725,6773.9109328574195,0.05310819417547289,0.015671239745934137,0.13508760014582755,0.01223298984823654,0.012411629736348318,0.012496039700465903,0.0012507313307870993,0.004264624068766326,6.0326446697596655e-05,0.0036,0.11908017837800289,0.0007709873664334063,0.002549120892872877,5.7583363258273106e-05,0.0005527817592061928,0.035045100112987226,0.0010177965247712463,0.003369257380674866,5.630942017698386e-05,0.011192707263194738,0.05802960785866129
2018-12-15,diesel,56.98627403563451,6612.902,4418409.912666666,0.13474034151009923,-120,-95.16194866279814,-461.6747396816707,0.5,-230.83736984083535,-230.83736984083535,-230.83736984083535,True,6605,6543.073563016585,0.12166671234808452,0.07535329884351469,0.09417239696254909,0.01221761641346435,0.012265137874627578,0.012008745479335716,0.0011672726953962866,0.0037449952592288668,6.056549428797949e-05,0.6400000000000001,0.026857182304407035,0.0010366068454931534,0.00329998321682306,5.9828092098520796e-05,0.4205487177594189,0.006955012072712208,0.0015155865850805667,0.004994547913434119,6.386014881403736e-05,0.07363127964735115,0.08793279852129698
2018-12-29,diesel,51.25025677943197,6514.389999999999,4418409.912666666,0.13474034151009923,-355,-336.64047791887833,-567.4778477597137,0.25,-141.8694619399284,-141.8694619399284,-425.6083858197852,True,6250,6401.204101076656,43.947673114824305,43.91896062773887,0.19497116645590218,0.01129425073870091,0.011330015316602285,0.01170681606215971,0.003009531859607468,0.010465781045759981,7.579007020060965e-05,0.22089999999999999,100.37033603406779,0.0028499254040296814,0.009850479110802387,7.516863441035099e-05,0.23324752036671834,100.29999242298217,0.0018409088394478138,0.006034488464154381,6.877689982685218e-05,0.03166115454505703,0.10073466873262049
2019-01-15,diesel,53.62385738254757,6371.9349999999995,6343922.0235,0.13275198293056265,105,44.9285268603161,-380.67985895946913,0.25,-95.16996473986728,-95.16996473986728,-285.50989421960185,True,6355,6306.034136336789,0.14527302351388613,0.11794077787301155,0.09396491248522429,0.011916062016136326,0.011792395302768221,0.011508608126886132,0.0012651435177175215,0.003926881024438518,6.535005332695389e-05,0.8464,0.0,0.0016481793273706706,0.005217620344955848,6.736477486602117e-05,0.5823796216327396,0.040565226855926895,0.0015364090145408794,0.004963265217529636,7.210373594278425e-05,0.00872337215495407,0.06122662823941316
2019-01-29,diesel,57.5914267742096,6286.4619999999995,6343922.0235,0.13275198293056265,230,138.38498367257426,-147.12491054702758,0.0,-0.0,0.0,-147.12491054702758,True,6585,6306.034136336789,0.01073334023638312,0.006070574077816596,0.02383682809871394,0.011977891133213757,0.011792403199909799,0.011512222661274192,7.440967424055155e-05,0.00021503093635070406,6.435423067057047e-05,0.0625,0.0,0.0002660582825458649,0.0007914805549785876,6.736464523285091e-05,0.03493643727960591,0.0,0.0010320872562829897,0.003237187181887323,7.204236415178736e-05,0.03622928875435033,0.0
2019-02-15,diesel,58.91424279892484,6206.235,12600631.149999999,0.13275198293056265,50,67.99494959585758,-79.12996095117,0.75,-59.347470713377504,-59.347470713377504,-19.7824902377925,True,6635,6246.6866656234115,0.022202165850140832,0.003412245546934659,0.003008021708112332,0.011613341658362664,0.011648502511901554,0.011394554603639648,7.32648655656477e-06,2.1360139449120754e-05,7.033603813935512e-05,0.1296,0.0,1.7616249877208235e-05,5.114687446172273e-05,6.974751029371465e-05,0.01981902758928535,0.0,0.0009080798643947636,0.002864850745622121,7.405369046973957e-05,0.014088489120300801,0.0
2019-03-01,diesel,62.15537233921507,6294.102999999999,5523514.9065,0.13275198293056265,260,162.60066136393755,142.81817112614505,0.5,71.40908556307252,71.40908556307252,71.40908556307252,True,6895,6318.095751186484,0.030283314392786625,0.006162245566151,0.01609897643156783,0.011908420292252347,0.01171954304932706,0.01155131207559207,0.0002641516451308539,0.0007371047807446371,6.54736621668336e-05,0.17639999999999997,0.0,6.941444227275687e-05,0.00019796233495628413,6.85659673119478e-05,0.0358009627965801,0.0,0.0010193458860119483,0.0031587248745159027,7.138032764403638e-05,0.06838910803710577,0.0
2019-03-29,diesel,64.18432514642905,6345.894,5523514.9065,0.13275198293056265,80,82.14566148471899,153.55474704779152,0.75,115.16606028584364,115.16606028584364,38.38868676194788,True,6975,6433.261811472328,0.02228883705526962,0.004537407406472346,0.002708657325086755,0.011701944793787958,0.011705948770002963,0.01178719079221453,0.00031861190805600073,0.0009117023108336203,6.885772020534279e-05,0.1296,0.0,0.0003246966484498643,0.0009286767737294127,6.879128580581536e-05,0.025892028022260233,0.0,0.0007074842200193545,0.0021547570003436945,6.745023508348581e-05,0.007658691347556922,0.0
2019-04-13,diesel,67.7074125661637,6437.08,5423320.284,0.13275198293056265,-30,162.01832877351626,200.40701553546415,0.75,150.30526165159813,150.30526165159813,50.101753883866024,True,6945,6583.567073123926,0.008316274967799908,0.004524133099543163,0.003002932947515925,0.011720668067220521,0.012074879869299598,0.012076621208183655,5.8760187830373515e-05,0.0001725184850006821,6.854733725314199e-05,0.0484,0.0,0.0005147176758466854,0.0014494416273342795,6.280752908603277e-05,0.025518571919307623,0.0,0.0004747209164384364,0.001425031470805935,6.277993147860504e-05,0.004939053890492169,0.0
2019-04-27,diesel,69.11899911641486,6467.356,5423320.284,0.13275198293056265,185,55.34297402852409,105.4447279123901,1.0,105.4447279123901,105.4447279123901,0.0,True,7130,6689.011801036316,0.031770711278172555,0.007830202273332443,0.0014596520380492546,0.012392805066780576,0.012152596573266866,0.012256142019694086,0.000385380719124602,0.0010848754415788552,5.786941475199929e-05,0.18489999999999998,0.0,8.994464287885999e-05,0.0002604113489924817,6.158174054190294e-05,0.045518525239879704,0.0,0.0002415412526299117,0.000721604568707443,5.9967336419147596e-05,0.008049869949466486,0.0
2019-05-14,diesel,67.89285334783487,6571.37,5973745.558,0.13275198293056265,-75,-25.901531019298474,-25.901531019298474,0.0,-0.0,0.0,-25.901531019298474,True,7055,6689.011801036316,0.046308156103330694,0.004554221912544549,0.008332372062297476,0.012084708058697019,0.012173309946222295,0.012220051210985692,2.4686536726722346e-05,7.312613408568234e-05,6.265184651605592e-05,0.27040000000000003,0.0,7.665494676026433e-05,0.00022466686706950576,6.125707719790286e-05,0.02640267840186267,0.0,0.0005825865640277482,0.0017988352978715884,6.052760315968521e-05,0.04447436257807193,0.0
2019-05-28,diesel,68.00149017161712,6621.668,5973745.558,0.13275198293056265,50,53.88376591056597,27.982234891267495,0.0,0.0,0.0,27.982234891267495,True,7105,6689.011801036316,0.010717690996274133,0.00437832613755551,0.0008735609045929732,0.012277065337883858,0.012284148392348026,0.012185877369462575,2.21322761818417e-05,6.443310182390384e-05,5.964371979531497e-05,0.0625,0.0,2.5050028568148487e-05,7.286643751122028e-05,5.953436603130556e-05,0.025462774424746544,0.0,0.0008008994945318179,0.002493222088278759,6.106051248507714e-05,0.0,0.0
2019-06-12,diesel,60.803864299344106,6660.895,5534258.5335,0.13275198293056265,-445,-382.0891214756658,-354.10688658439835,0.25,-88.52672164609959,-88.52672164609959,-265.58016493829876,True,6660,6600.485079390216,0.20440463572013357,0.14381543107042202,0.08575071987888608,0.011347657036474935,0.011461583921107892,0.011983233447930116,0.0010769402987748573,0.0036161441852889,7.486303875846171e-05,0.9801,0.08293862717433131,0.000782926349375422,0.002578145552641946,7.290454913628329e-05,0.7602894341435518,0.030664307319605788,0.0014848169856140968,0.004782046902726989,6.426854595038646e-05,0.031347921781623996,0.053722401889831684
2019-06-26,diesel,60.31181874518448,6664.312,5534258.5335,0.13275198293056265,-115,-93.18423770483672,-358.7644026431355,0.25,-89.69110066078387,-89.69110066078387,-269.0733019823516,True,6545,6510.793978729432,0.11760112881906852,0.09199052339135326,0.10877697497064426,0.011739466800510922,0.011781613223124082,0.011786799312038222,0.0018742903523361494,0.006119852817603461,6.823640873986127e-05,0.43560000000000004,0.09704894510164497,0.0017276001125246232,0.005602044323820512,6.754188121432896e-05,0.33386412746654504,0.07842172554011251,0.0021353158602666817,0.006985449498923559,6.745666554073583e-05,5.423113959348595e-06,0.11474871151857435
2019-07-10,diesel,62.23218388585334,6556.619999999999,12060863.369,0.13275198293056265,140,44.59222853914254,-224.48107344320908,0.25,-56.12026836080227,-56.12026836080227,-168.3608050824068,True,6685,6454.673710368629,0.044696698030869154,0.013296215260760375,0.05694016358732058,0.012050859560039966,0.01186330023779509,0.011664732892511994,0.000551516970196461,0.0016642982374386543,6.318883373420801e-05,0.2601,0.0,0.0009728691046255462,0.00302459491814554,6.620588302026545e-05,0.07592941860271343,0.0,0.0017794755362463511,0.005744757985105565,6.947667775317148e-05,0.004508003125253952,0.07531083388185378
2019-08-07,diesel,59.78548531751208,6461.293,6160658.426000001,0.13275198293056265,-70,-127.555958885432,-295.91676396783885,0.25,-73.97919099195971,-73.97919099195971,-221.93757297587914,True,6615,6380.69451937667,0.030339070836192517,0.02049952580350463,0.06893611712417884,0.011525325813403582,0.011414547834848663,0.01151258614770483,0.000435837035437513,0.001351582136821131,7.182010256896367e-05,0.17639999999999997,0.0,0.0006509172085549625,0.0020554540899185487,7.370998888010178e-05,0.11853999373426576,0.0,0.001634866691056276,0.005275351589072242,7.203619390013195e-05,0.0012757644701826697,0.06585486884260083
2019-08-21,diesel,56.781321350083445,6399.698,6160658.426000001,0.13275198293056265,-205,-139.75528950591507,-361.69286248179424,0.25,-90.42321562044856,-90.42321562044856,-271.2696468613457,True,6410,6290.271303756221,0.026899041707634918,0.00033566072346978104,0.09871788177429919,0.011117250525813494,0.011244155899946052,0.011333651657200256,0.0010517100086389608,0.0034097218611714884,7.890323822116065e-05,0.0729,0.03220429062232344,0.0007358414016869683,0.002336078434324975,7.666480590444953e-05,0.0005952946703514231,0.0,0.0018419750651438216,0.005990168786740634,7.510559359874787e-05,0.001081623783929391,0.08936586958990178
2019-09-04,diesel,57.816294465619606,6364.164999999999,6545744.299000001,0.13275198293056265,105,89.62483010633724,-181.64481675500843,0.0,-0.0,0.0,-181.64481675500843,True,6515,6290.271303756221,0.06594724583606341,0.03618827712016645,0.05328595703953975,0.011557322727835084,0.011526460558646263,0.011346559023288199,0.0004496746432255275,0.0013577782712896338,7.127879952193003e-05,0.3844,0.0,0.0005053625740505753,0.001533413435753327,7.18008706641774e-05,0.21046095709332474,0.0,0.0016153126900815896,0.005147674878378039,7.48820407374349e-05,0.03270543169256852,0.047539004660337225
2019-09-19,diesel,61.16112727142305,6349.888,6545744.299000001,0.13275198293056265,125,172.70944780806536,-8.935368946943072,0.0,-0.0,0.0,-8.935368946943072,True,6640,6290.271303756221,0.0003142782581038528,0.00474990444112081,0.017270407481216936,0.01160564616903748,0.01169986864750237,0.011358780813238493,9.035820123764672e-05,0.0002659650108869207,7.046517623939516e-05,0.0016,0.0,3.1028525657954856e-05,8.998847185393039e-05,6.889218046871414e-05,0.027612214794569254,0.0,0.0015183935067434125,0.004827137364231112,7.46706690336552e-05,0.0,0.03826856745568641
2019-10-22,diesel,57.12562169048032,6378.09,13589885.717,0.13275198293056265,-145,-225.8634624665325,-234.79883141347557,0.0,-0.0,0.0,-234.79883141347557,True,6495,6290.271303756221,0.05009856672495221,0.11761800314403176,0.06939794889902018,0.011089380513803324,0.010932687797989355,0.011370353441501406,0.0005590805109999145,0.001764000000000002,7.939913962778792e-05,0.2916,0.0,0.0009132253465125867,0.0029571998269852257,8.221615056873114e-05,0.6354414592190505,0.019545335502264338,0.0017124982574344095,0.005470234660940577,7.447079972460663e-05,0.0,0.0566201030818938
2019-11-05,diesel,58.82863583797074,6415.647000000001,6131433.170499999,0.13275198293056265,105,58.77561968980722,-176.02321172366834,0.0,-0.0,0.0,-176.02321172366834,True,6600,6290.271303756221,0.042908898929308686,0.05563563477895585,0.06096352179923192,0.011589316830424507,0.011497746138423286,0.011381311388369767,0.00034229169453477354,0.0010283391324380248,7.073959137898046e-05,0.25,0.0,0.0004970137258465182,0.0015150629907144113,7.228832072669615e-05,0.324077628363214,0.0,0.0019875466056464798,0.006389074014136551,7.428179338424468e-05,0.0,0.0813050593341138
2019-11-19,diesel,60.38635653789781,6439.6900000000005,6131433.170499999,0.13275198293056265,65,53.653222237082495,-122.36998948658584,0.0,-0.0,0.0,-122.36998948658584,True,6665,6290.271303756221,0.0011761746930370742,0.00010703321462215332,0.05518989744603572,0.011518404037920397,0.011496283628178047,0.011391687302711942,0.0002284583416272058,0.0006861805796535444,7.193747006396503e-05,0.0064,0.0,0.0002571939669172128,0.0007752184584412598,7.231319213239273e-05,0.00010495582265472307,0.0,0.002173402485226128,0.007014721642949815,7.410304749429081e-05,0.0,0.09725445666446952
2019-12-03,diesel,61.6447790105661,6498.66,6566013.291500001,0.13275198293056265,50,83.19869862157157,-39.17129086501427,,50.0,50.0,-89.17129086501427,True,6715,6340.271303756221,0.00024278773253174073,0.0006633938049308451,0.04264465787920129,0.011498035897779599,0.011562125187724702,0.011503786084923131,0.0002559412216634232,0.0007718715470693009,7.228339359544435e-05,0.0009,0.0,0.00017753893349770766,0.0005299865075882687,7.11977313476299e-05,0.0034917406991456052,0.0,0.002252449383043617,0.007221834129136756,7.218565089074582e-05,0.010000000000000002,0.09200097099450488
2019-12-31,diesel,65.79524728050137,6530.459999999999,6566013.291500001,0.13275198293056265,230,217.2499934493532,128.07870258433894,1.0,128.07870258433894,128.07870258433894,0.0,True,6945,6468.35000634056,0.022198954722672512,0.01231855148346054,0.01089442894304603,0.011948360114022054,0.011923929805880014,0.011767573111706236,3.3954827706794907e-08,9.67304041161887e-08,6.482890485347096e-05,0.1296,0.0,1.455951756420561e-06,4.163493103926075e-06,6.522290978035325e-05,0.07187899858001934,0.0,0.00155441828850904,0.004844457705984429,6.777285247110215e-05,0.024385135189014626,0.01428840098379247
2020-02-05,diesel,56.51253007511973,6508.360000000001,5826400.531166668,0.13022159358793023,-405,-521.0995819041096,-521.0995819041096,0.25,-130.2748954760274,-130.2748954760274,-390.82468642808226,True,6540,6338.075110864533,0.3006563661676079,0.44343294406510303,0.22895013217276278,0.011007111303674778,0.010792019946628742,0.011498294291573674,0.000915266106889249,0.00304285501594517,8.087204710449396e-05,1.6129,0.05545445808152949,0.001550697920302085,0.005350587526936521,8.478689666328295e-05,2.1806403816985553,0.15919845217559425,0.0022834010081111437,0.007545870895662234,7.227899995268878e-05,0.2669863265229494,0.1379414222968134
2020-02-19,diesel,53.91955130446159,6482.38,5826400.531166668,0.13022159358793023,-400,-189.9702758586409,-580.7949622867231,0.0,-0.0,0.0,-580.7949622867231,True,6140,6338.075110864533,44.12214744657599,0.13016638675413536,0.3228696082891935,0.010715507267580575,0.011128714169964742,0.01150245664643337,0.0037707209247632868,0.013400890417935471,8.620180529834913e-05,0.0001,100.85498102285021,0.001972146007141166,0.006535504238539049,7.869971227818438e-05,0.43858646928861483,0.12451921533597687,0.0021247349847127216,0.006850531246627253,7.220824304574442e-05,0.06788619356515947,0.09312917650387265
2020-03-18,diesel,36.82233377727081,6217.004999999999,9574194.771,0.13022159358793023,-975,-81.70038221494632,-662.4953445016695,0.25,-165.62383612541737,-165.62383612541737,-496.8715083762521,True,5165,6172.451274739115,53.091021333633314,0.06363861825659113,0.24409512756027915,0.009463245346416457,0.011335191408679826,0.01117017291003365,0.015195875490692571,0.06952691777443108,0.00011102319862981447,1.3224999999999998,120.82914577563004,0.0022655564801604207,0.00742981203446825,7.507890792421591e-05,0.04688947947846774,0.12552541907006365,0.001387441553119539,0.004518280693311376,7.796584643870364e-05,0.10972502037159643,0.06257408401053488
2020-06-29,diesel,40.36722861556009,5486.427,13604170.254999999,0.13022159358793023,110,134.8968886649345,-361.9746197113176,0.75,-271.48096478348816,-271.48096478348816,-90.49365492782943,True,5275,5900.970309955627,44.646045347513855,43.835445742043674,0.014252560605051603,0.01146578640208305,0.011527807479333463,0.010625854901691477,0.0031158405699289074,0.010016196126016922,7.283280173487059e-05,4.7089,100.21057845997294,0.0028467707877975366,0.009062096658763901,7.177804610723803e-05,0.1876575110104498,100.12702409309733,3.430184203388539e-05,0.00010506300609797337,8.787459632414171e-05,0.044822926750925404,0.0
2020-07-11,diesel,41.77423652824659,5209.293,14596658.588,0.13022159358793023,100,73.1624626820904,-17.331192245739018,0.0,-0.0,0.0,-17.331192245739018,True,5375,5900.970309955627,0.00016721979711864916,0.0027375335121942765,0.05104506925823435,0.010920273979820695,0.010854812660897648,0.010676356968555421,0.0002849281897064781,0.0008509350299275247,8.244142460152114e-05,0.0004,0.0,0.0003838555180917054,0.001158324913871249,8.363445146727797e-05,0.01524455740572502,0.0,0.0011489772365619133,0.0032734607228839417,8.693031937780506e-05,0.29480765695909417,0.0
2020-08-22,diesel,43.85823497882871,5189.5109999999995,13207330.352,0.13022159358793023,80,43.18109865978206,25.84990641404304,0.0,0.0,0.0,25.84990641404304,True,5455,5900.970309955627,0.0003035457899668022,0.0006634542961352246,0.0009119328358332663,0.010915679828993968,0.010827543103659172,0.010724176612707558,4.367865266770932e-05,0.00012839320197499383,8.252487296934706e-05,0.0016,0.0,0.00010623733104970893,0.0003166898411705217,8.413396551523043e-05,0.003595528754552662,0.0,0.0012901408417874472,0.0036683003696533693,8.604089951224144e-05,0.0,0.0
2020-09-19,diesel,39.64007599342116,5356.751,12132160.858,0.13022159358793023,-300,-78.22391345657047,-52.37400704252743,1.0,-52.37400704252743,-52.37400704252743,0.0,True,5155,5848.5963029131,43.979845500812445,0.011481007548142543,0.0019526085068645115,0.010061851049490436,0.010584950802109777,0.010655258724502467,0.002831723967458786,0.009828135730323134,9.876680456251436e-05,0.5776,100.30441789132574,0.000995880084972666,0.0031669468879649515,8.864315139869333e-05,0.05895670786788682,0.0024575751129010115,0.00019810305657415748,0.000580631621319913,8.732418950598726e-05,0.010972146454762853,0.0
2020-10-23,diesel,41.00596192843084,5351.187,11254370.355999999,0.13022159358793023,70,-53.89307733077841,-53.89307733077841,1.0,-53.89307733077841,-53.89307733077841,0.0,True,5225,5794.7032255823215,0.13000187407261307,43.96753287721401,4.6487537057147164e-05,0.010878915505435838,0.01056968457680708,0.010585636901889134,0.0022229041971618753,0.007081327184597418,8.319418235697878e-05,0.5476,0.08134386862476406,0.003549688896313386,0.011886378404108507,8.893084898091026e-05,0.0023679583463205923,100.50090910917237,9.288062653446222e-05,0.00027351246543604404,8.863023254307164e-05,9.230298162587657e-06,0.0
2020-11-06,diesel,38.34252841915856,5286.643,5579338.011,0.13022159358793023,-150,-80.16374438473167,-80.16374438473167,0.75,-60.122808288548754,-60.122808288548754,-20.040936096182918,True,5075,5734.580417293772,43.919435608188714,0.059906801865020114,0.00039836407574596734,0.010268898434120542,0.010440871013438761,0.010504777811823112,0.003054973905322271,0.010343511231002937,9.469433768546165e-05,0.1936,100.31646328153813,0.002329794632277883,0.007667266125043266,9.13769469817153e-05,0.002760591789838661,0.13420752468612407,0.00011136460895944731,0.0003280311004064274,9.015924440284669e-05,0.00015523819122480878,0.0
2020-11-20,diesel,41.39589389256359,5237.312,5579338.011,0.13022159358793023,145,-40.252559269532775,-60.29349536571569,1.0,-60.29349536571569,-60.29349536571569,0.0,True,5220,5674.2869219280565,0.05998537781252433,43.85997361231839,4.707114270771972e-05,0.010929328682598542,0.010459658787342266,0.010426430971813271,0.0013056331784676873,0.004008976018555215,8.227707814832951e-05,0.34809999999999997,0.0,0.0030354103243715224,0.010046716621288162,9.101811045393565e-05,0.006371610789198695,100.25384683165018,9.814931888717938e-05,0.00028932862521187125,9.16532239374562e-05,1.1653631324716988e-07,0.0
2020-12-04,diesel,45.8284697044521,5274.335,5798512.823499999,0.13022159358793023,240,253.97861746014792,253.97861746014792,0.5,126.98930873007396,126.98930873007396,126.98930873007396,True,5460,5801.276230658131,0.006261980505978257,0.05934918045257937,0.03702909686771468,0.011079094305569602,0.011113549782917183,0.010775477675300673,0.00023309033497865685,0.0006757619257268985,7.95825584089207e-05,0.0361,0.0,0.00019196478383112764,0.0005535954158819887,7.896899746069125e-05,0.3462879414389304,0.0,0.00033587242643640786,0.0009506091210191515,8.509181211887627e-05,0.1402993948399277,0.0
2020-12-18,diesel,48.69680983086777,5305.201999999999,5798512.823499999,0.13022159358793023,150,167.5849799811479,294.57428871122187,0.75,220.9307165334164,220.9307165334164,73.64357217780548,True,5610,6022.206947191547,0.005565779635293923,0.005127632524049724,0.010744897551665848,0.011171511148286758,0.011212950579852419,0.01130803367441678,1.1138652178917905e-05,3.213535811083323e-05,7.7942215404825e-05,0.0324,0.0,2.569293571771179e-06,7.364689896024463e-06,7.721223751211595e-05,0.029855442387411495,0.0,0.0012723404968152307,0.003488102979885656,7.555027860507268e-05,0.03529995240029554,0.0
2021-01-01,diesel,49.85432428184906,5468.51,3785022.6151111107,0.13095435684647302,85,53.86912165236582,127.5126938301713,1.0,127.5126938301713,127.5126938301713,0.0,True,5695,6149.719641021718,0.0029473624452226155,0.008931977541446845,0.006244715552681504,0.011517250565812513,0.01144585141163362,0.01159473636480445,0.0001378837652161541,0.0004092539656723369,7.195703796320814e-05,0.016900000000000002,0.0,0.00021674071174461297,0.000650649525961463,7.317345807185055e-05,0.051725185741806554,0.0,0.0009203892298296852,0.0025776786999112044,7.064845677714072e-05,0.03490770786313606,0.0
2021-01-16,diesel,53.26909011347213,5554.147999999999,3785022.6151111107,0.13095435684647302,180,144.50215100579845,144.50215100579845,1.0,144.50215100579845,144.50215100579845,0.0,True,5875,6294.221792027517,0.006195942438180098,0.005650316951223911,0.000539454194523218,0.012000447307444229,0.011920247585400091,0.011896107792851144,1.0102024879547074e-05,2.9018622841103168e-05,6.399284328097629e-05,0.0361,0.0,4.261649811154553e-05,0.0001239619943740141,6.528239908123306e-05,0.032857384039120724,0.0,0.001191315976049828,0.0033154416482167994,6.567306890508797e-05,0.0011545666204898755,0.0
2021-01-30,diesel,54.2745690912804,5611.24,3785022.6151111107,0.13095435684647302,70,33.25350379491296,33.25350379491296,0.0,0.0,0.0,33.25350379491296,True,5945,6294.221792027517,0.008300003322909599,0.008497099335700208,0.015426032071526758,0.012032444677256903,0.011951967521657749,0.011879140240814856,5.093243628538373e-06,1.4889602686809875e-05,6.348193782097187e-05,0.0484,0.0,3.196575750778015e-05,9.465445566806373e-05,6.477082677245172e-05,0.04950504602500824,0.0,0.000821699057091998,0.0023531551356332212,6.59483632283526e-05,0.0835234865812103,0.0
2021-02-19,diesel,60.96463300505847,5711.120000000001,11547531.687666668,0.13095435684647302,265,347.4396305973653,380.69313439227824,0.5,190.34656719613912,190.34656719613912,190.34656719613912,True,6210,6484.568359223656,0.026089868824912155,0.06770820185487071,0.05415608918665721,0.012436607130073002,0.012615029265160506,0.012252179593260698,0.00014836928304412509,0.00041350993281315517,5.720491170486256e-05,0.1521,0.0,0.0003839512648705047,0.0010487120078030822,5.4537792754435776e-05,0.3948516891005066,0.0,0.0012721053819700957,0.0035135524660688624,6.0028721055085975e-05,0.14492726257341723,0.0
2021-03-04,diesel,63.49776121057933,5912.128000000001,5210210.642499999,0.13095435684647302,250,156.04950956061575,346.39607675675484,0.75,259.7970575675661,259.7970575675661,86.59901918918871,True,6460,6744.365416791223,0.0002259325749456873,0.02510606669158066,0.009714701191142627,0.012734279214807622,0.012539621327603116,0.012731786239400569,0.00022051233915466553,0.000615531491339891,5.279069852837655e-05,0.0009,0.0,4.475760174560307e-05,0.00012776875129271023,5.565724993555431e-05,0.14652071372184655,0.0,0.0014726874883807175,0.0040192352093238555,5.282693126976693e-05,0.0192934824513267,0.0
2021-03-18,diesel,67.01854661579151,6036.728,5210210.642499999,0.13095435684647302,230,214.17331893477825,300.77233812396696,1.0,300.77233812396696,300.77233812396696,0.0,True,6690,7045.137754915189,0.0004240320718861543,0.002447816350999648,0.0018548601114471669,0.013128531093965919,0.013097008504456787,0.013244232605870529,0.0005093185115707544,0.0014174493395090275,4.7217084926593216e-05,0.0016,0.0,0.0004514325455204595,0.0012609071640789988,4.765129158754193e-05,0.013513508864655924,0.0,0.0025739744126126655,0.006911521739810801,4.5640393083582906e-05,0.00671589446670304,0.0
2021-04-01,diesel,62.04512012374969,6164.375,4908016.0975,0.13095435684647302,-220,-213.44763922034176,-213.44763922034176,0.0,-0.0,0.0,-213.44763922034176,True,6470,7045.137754915189,0.1386850486521521,0.1252343973386975,0.09881611778176633,0.012732541633760931,0.012745143539831945,0.01315565925943111,5.272056082706772e-05,0.00016288781715156626,5.2815951105018245e-05,0.81,0.0,4.515220713294456e-05,0.0001392125372104016,5.2632942257642164e-05,0.7314387354140115,0.0,0.0014906776846693064,0.004227224468050969,4.6845000173011104e-05,0.3618559975222317,0.0
2021-04-29,diesel,64.58044852548319,6207.103999999999,4908016.0975,0.13095435684647302,95,110.9725198580946,-102.47511936224716,0.5,-51.23755968112358,-51.23755968112358,-51.23755968112358,True,6565,6993.900195234066,0.06795514330606844,0.07207758433570505,0.004176640214400741,0.013260713080464556,0.01329247697241201,0.012978214705927854,1.0297510910075939e-05,3.0076828898894433e-05,4.5417988183821544e-05,0.39690000000000003,0.0,3.500415620282122e-06,1.0172735272242189e-05,4.4990865165623165e-05,0.4209937584659118,0.0,0.0009576224583665943,0.0027559861254234518,4.930546871604786e-05,0.010501150088306802,0.0
2021-05-15,diesel,67.36618689441394,6260.895,11140665.192,0.13095435684647302,100,140.97400999417795,89.73645031305438,0.0,0.0,0.0,89.73645031305438,True,6665,6993.900195234066,2.711885111845457e-05,0.0006300097169687953,0.008446082189018544,0.013099759083368034,0.013180063289388496,0.012903770928847955,1.3725183627435022e-07,3.980445599020837e-07,4.7613324707561965e-05,0.0001,0.0,1.4125923805505378e-05,4.058357797344762e-05,4.651153673674646e-05,0.003600357641542026,0.0,0.0006995081715511813,0.0020076095577806273,5.035646703026342e-05,0.010501150088306802,0.0
2021-06-12,diesel,70.3200309153057,6313.668,5459774.984499997,0.13095435684647302,170,110.9846124842816,200.72106279733597,0.5,100.36053139866799,100.36053139866799,100.36053139866799,True,6835,7094.260726632734,0.003390916248214414,0.0006325283935971484,0.01521092400370001,0.013161462155999313,0.013047534368502853,0.01301791370924722,9.307290326241596e-05,0.00026483931406456787,4.676559984382957e-05,0.019600000000000003,0.0,2.3481972886661976e-05,6.771148220613756e-05,4.833677835714903e-05,0.003597455852026309,0.0,0.0008874201256942486,0.0025031591376305537,4.874952897151791e-05,0.040288945050492096,0.0
2021-06-29,diesel,73.81668627930864,6346.343999999999,5459774.984499997,0.13095435684647302,215,210.420038155214,310.780569553882,0.75,233.0854271654115,233.0854271654115,77.69514238847052,True,7050,7327.346153798146,0.0015524645593531818,0.006931502277305818,0.017445639788236315,0.013346090474666096,0.0133374688741675,0.01336410052395213,0.000567883289248672,0.0015847852791308387,4.427451197132927e-05,0.0081,0.0,0.0005507635700290838,0.0015385364315542809,4.438932100268688e-05,0.03954961551343809,0.0,0.001998782874380253,0.00545859824279681,4.40351618562124e-05,0.07046359182517169,0.0
2021-07-13,diesel,75.49530422422905,6451.754999999999,5934784.188999999,0.13095435684647302,65,92.50243893834084,170.19758132681136,1.0,170.19758132681136,170.19758132681136,0.0,True,7115,7497.543735124957,0.015523407689058008,0.009661881940947642,0.0033456803856935814,0.013387788813115895,0.013437982216713803,0.013568022745446563,0.00038538309141242206,0.0011034255329446195,4.3721336779955306e-05,0.09,0.0,0.00047344160685584467,0.0013475832715934256,4.306007738816431e-05,0.0556182408202845,0.0,0.0022995968865175197,0.0063177347688579775,4.137033140309278e-05,0.015819524616878144,0.0
2021-07-27,diesel,72.90358332124636,6505.98,5934784.188999999,0.13095435684647302,-95,-121.98945564689002,-121.98945564689002,0.0,-0.0,0.0,-121.98945564689002,True,7020,7497.543735124957,0.017555413960339637,0.03152087632092399,0.032261997117304625,0.013290455169029596,0.013241647982369688,0.013462251250927431,5.900820877479953e-05,0.0001748271604938289,4.501799183880168e-05,0.1024,0.0,3.121586133709744e-05,9.303243852696615e-05,4.567532199420772e-05,0.18402709137104714,0.0,0.0018489066751722159,0.0052203241562175234,4.274215870599994e-05,0.11586886675798629,0.0
2021-08-24,diesel,68.50168497549342,6584.21,12683994.61,0.13095435684647302,-245,-203.13750179589755,-325.12695744278756,0.5,-162.56347872139378,-162.56347872139378,-162.56347872139378,True,6775,7334.980256403563,0.015511660557792087,0.004582095575057462,0.039420006359418586,0.012913049035194498,0.012989776806530502,0.013083120736808061,0.00032055219110696363,0.0010137292052123472,5.022487397755765e-05,0.09,0.0,0.00021435968097017756,0.0006693101742185733,4.914322922225769e-05,0.026340021575205822,0.0,0.0006106210959245951,0.001793926995672962,4.784321874157467e-05,0.10570753845600421,0.0
2021-09-07,diesel,70.94020696686133,6592.987999999999,6088655.286499999,0.13095435684647302,140,97.80563799377084,-64.75784072762293,1.0,-64.75784072762293,-64.75784072762293,0.0,True,6915,7270.222415675939,0.10152160930668357,0.062059584864784294,0.006667128663659002,0.013268983407524616,0.013188850725459608,0.01288951019205628,6.158923121731062e-05,0.00018044084624316612,4.530658436817893e-05,0.5929,0.0,0.00012536222664963917,0.0003719597339914047,4.639175444007212e-05,0.3622670935458556,0.0,0.0003769732125542131,0.0010990428578766043,5.055906530887152e-05,0.038263771293474205,0.0
2021-09-19,diesel,72.09496687218568,6599.938,6088655.286499999,0.13095435684647302,85,26.38502166895121,26.38502166895121,0.0,0.0,0.0,26.38502166895121,True,7000,7270.222415675939,0.0020824222053238113,0.0035146219865612913,0.00353996782476173,0.012977936012384212,0.012868872123750576,0.012819777964768787,2.7793081396658325e-06,8.112731510204152e-06,4.930938264617054e-05,0.0121,0.0,3.934296087992215e-05,0.00011685518911222698,5.0852984787421633e-05,0.02040361774486837,0.0,0.0003585132247630616,0.00103657346908468,5.155558847521987e-05,0.016774311742816718,0.0
2021-10-10,diesel,78.96768144260471,6665.584999999999,7002062.752,0.13095435684647302,330,383.4111900673122,409.7962117362634,0.5,204.8981058681317,204.8981058681317,204.8981058681317,True,7330,7475.120521544071,0.041203605982016125,0.08742868202233862,0.06257456598545745,0.013360318911317505,0.013458493427253606,0.013116372116154422,0.00033977226194707776,0.0009390085824388813,4.4085364959407966e-05,0.24009999999999998,0.0,0.0005069043417418803,0.0013854388427979008,4.279130824128428e-05,0.5098707396848593,0.0,0.0008373835096515001,0.0023326311499868337,4.738433284325635e-05,0.16793293515339242,0.0
2021-10-23,diesel,83.66223786031158,6708.9259999999995,7002062.752,0.13095435684647302,290,236.6157064455024,441.5138123136341,0.75,331.13535923522556,331.13535923522556,110.37845307840854,True,7620,7806.255880779297,0.0014581571525027598,0.015046713659045191,0.021319911965011224,0.013543637907812708,0.013449930466573971,0.013604559982131082,0.0012963550246602655,0.0035478125646006935,4.168461146543308e-05,0.0064,0.0,0.0010289723177979227,0.00284641733019601,4.290341089271588e-05,0.08619565604704409,0.0,0.002413137496702976,0.0064916176181922264,4.0901653022159195e-05,0.06374337655067142,0.0
2021-11-20,diesel,81.7741352559971,6844.895,15948376.496000001,0.13095435684647302,-90,-114.27892698615666,-3.900473907748122,0.0,-0.0,0.0,-3.900473907748122,True,7530,7806.255880779297,0.09897763069408903,0.08439448343785007,0.07549351272161468,0.0133448798279129,0.013303884055674798,0.013496847808356718,0.0003278661290624318,0.000959971059101351,4.4290624504920634e-05,0.5776,0.0,0.00026726483199308144,0.0007864088968814071,4.483796873984619e-05,0.4925081750845537,0.0,0.0014048381853780905,0.003988253682599903,4.229098842767483e-05,0.4386025045433676,0.0
2021-12-04,diesel,74.59425467322328,6878.105,8308062.3875,0.13095435684647302,-415,-329.50508077201914,-333.40555467976725,0.5,-166.70277733988362,-166.70277733988362,-166.70277733988362,True,7115,7639.553103439413,0.07240234788361545,0.031750935151881335,0.04142216818255496,0.012685740141772213,0.01283182657444924,0.01312008975647455,0.00022203805003145059,0.0007131489553460852,5.349839727368238e-05,0.42250000000000004,0.0,7.3993519356311e-05,0.00023185239263238513,5.1382710258772136e-05,0.18528918909382291,0.0,0.0005350474313690421,0.0015738526959181607,4.733316495896643e-05,0.11115926389132326,0.0
2021-12-18,diesel,73.19518770813278,6902.314,8308062.3875,0.13095435684647302,-125,-99.59666253439931,-266.29943987428294,0.75,-199.7245799057122,-199.7245799057122,-66.57485996857073,True,6990,7439.828523533701,0.057807244269393966,0.03638466429742744,0.004317906195043655,0.012812062794648122,0.012858001677213583,0.012701731858674398,0.0007126230176049867,0.002252025227046203,5.166644126808176e-05,0.3364,0.0,0.000613878160719062,0.0019254414442424136,5.1008140042684e-05,0.21143152310609725,0.0,4.995065795144987e-05,0.00015001940550907777,5.326471786268826e-05,0.0043617577787862525,0.0
2022-01-01,diesel,74.9262029070608,6889.77,5422451.147777777,0.1302062107751243,135,94.79936727972148,28.224507311150745,0.0,0.0,0.0,28.224507311150745,True,7125,7439.828523533701,0.046368424349747285,0.025987348403453847,0.027981383986946152,0.012890470495820478,0.012816472447292374,0.012641973497755695,0.0002445082048020969,0.0007282044277008343,5.054540977079913e-05,0.27040000000000003,0.0,0.0003499241907823345,0.0010544398562955832,5.160306810050962e-05,0.15115926562997017,0.0,6.644910596182251e-05,0.00019416475217387923,5.4140554007729564e-05,0.1595596312740529,0.0
2022-01-18,diesel,82.42811864871784,6889.691999999999,5422451.147777777,0.1302062107751243,330,423.49793025847833,451.72243756962905,0.5,225.86121878481453,225.86121878481453,225.86121878481453,True,7455,7665.6897423185155,0.026071504673327032,0.07406399812783852,0.0759194625677937,0.013181316980336186,0.01335015944470169,0.012975999152786638,8.982181776108966e-05,0.00025056915270294184,4.649443812265164e-05,0.1521,0.0,0.00027183998154564523,0.0007440034820899809,4.422037941089013e-05,0.4321709812171992,0.0,0.0006089968189654493,0.001699912574101089,4.933658790165404e-05,0.2040531606038474,0.0
2022-01-30,diesel,88.27679784336111,6889.639999999999,5422451.147777777,0.1302062107751243,300,295.1176745679044,520.9788933527188,0.75,390.73417001453913,390.73417001453913,130.2447233381797,True,7755,8056.423912333054,0.0008902411538296458,0.011553605074192968,0.03291955221408365,0.013419444577957237,0.013411018147709555,0.013557508233822619,0.0009684426695650477,0.0026612560204289978,4.330370966257641e-05,0.0036,0.0,0.0009466329963259153,0.002603825303865534,4.341468184981283e-05,0.06592596020470859,0.0,0.002698883678019301,0.0071955400423458936,4.150570015726336e-05,0.1087323601887966,0.0
2022-02-18,diesel,95.09613645496208,7069.8099999999995,15864101.077666668,0.1302062107751243,200,372.2513357589925,502.49605909717224,1.0,502.49605909717224,502.49605909717224,0.0,True,7955,8558.919971430227,0.007115394143704546,0.004574909713885455,0.009890396766008483,0.01378412300322558,0.01406991189884162,0.014254813444203164,0.0009432716797604291,0.002629091785542584,3.863712683902939e-05,0.04000000000000001,0.0,0.0018221582814378213,0.004915492576622004,3.5165944887500206e-05,0.023798406754966313,0.0,0.00501550329838337,0.012992214795645628,3.300716856090872e-05,0.049962879405275135,0.0
2022-03-04,diesel,101.13341693701254,7445.986999999999,7460848.796,0.1302062107751243,255,296.66459773736915,296.66459773736915,1.0,296.66459773736915,296.66459773736915,0.0,True,8210,8855.584569167597,0.0021854245413740246,0.004058532682003388,0.0300061806225926,0.01452500657024474,0.014592395966122999,0.014558538806635069,0.00039030266271094925,0.0010928862868727633,2.9975553055863266e-05,0.0121,0.0,0.0005098523308634643,0.0014166333640572612,2.9242181387202823e-05,0.022853419858998095,0.0,0.0036641012010669967,0.009835902265677692,2.9609499918896506e-05,0.16946636194204845,0.0
2022-03-18,diesel,113.50585413252529,7678.9,7460848.796,0.1302062107751243,720,675.5018928121759,675.5018928121759,0.75,506.626419609132,506.626419609132,168.87547320304395,True,8930,9362.21098877673,0.14871879415489958,0.09886272727887421,0.054474909836089505,0.015528532082394617,0.015458795134743047,0.015136253122998761,0.002483490194099485,0.006416135577322193,1.999402533817423e-05,0.8649000000000001,0.0,0.002206788011213434,0.005744799508997816,2.062254162823342e-05,0.5740707845583849,0.0,0.005533550391133655,0.014351667711885873,2.365603368353931e-05,0.17633586657483943,0.0
2022-04-01,diesel,114.89434328685368,8035.200000000001,4598421.739666667,0.1302062107751243,110,59.71263449611234,228.5881076991563,1.0,228.5881076991563,228.5881076991563,0.0,True,9040,9590.799096475885,0.2550516347311556,0.25986255229123534,0.05398558003777643,0.015105676332001572,0.015033220728348106,0.015261336855027594,0.0009263102630457274,0.002616367765682505,2.395440416712959e-05,1.4884,0.0,0.0007485751297775034,0.0021324377484405826,2.4668896333310927e-05,1.5167856426297912,0.0,0.0038593974197611357,0.010444232252477627,2.2454928401519774e-05,0.30922121155899573,0.0
2022-04-16,diesel,103.45333688276853,8184.642,4598421.739666667,0.1302062107751243,-530,-528.8401293912625,-528.8401293912625,0.25,-132.21003234781563,-132.21003234781563,-396.6300970434469,True,8510,9458.58906412807,0.2805177845663669,0.2372382048128463,0.2155383426285601,0.014311276365602128,0.014312927208200668,0.014888257247618768,0.00014778393404036555,0.0004738269978086184,3.236157658855694e-05,1.6384,0.0,0.00014605081394734315,0.0004681381886210935,3.234279693922425e-05,1.3855774235178717,0.0,0.0019512605263676116,0.005578117629401909,2.612991396652206e-05,0.5207011914454175,0.0
2022-04-29,diesel,105.00803524072398,8284.27,4598421.739666667,0.1302062107751243,200,98.57054167742372,-298.0595553660232,0.75,-223.54466652451737,-223.54466652451737,-74.51488884150581,True,8710,9235.044397603551,0.3649119264918758,0.26959481151764564,0.010338470104565609,0.01501474965976864,0.014861394250271843,0.014408271096243644,4.244669764417e-05,0.00012369219301356076,2.4852720954776895e-05,2.1315999999999997,0.0,0.00016698737902717434,0.0004985475091610456,2.6405269051139277e-05,1.5745766006834372,0.0,0.0006269558666010646,0.0018449497137156207,3.126743213310427e-05,0.03336806160076773,0.0
2022-05-17,diesel,108.36545148363524,8218.324999999999,7291895.2095,0.1302062107751243,270,290.7492603985941,216.2343715570883,0.0,0.0,0.0,216.2343715570883,True,8980,9235.044397603551,0.0034217823711812745,0.025366426210636464,0.0718755317167196,0.014656720240652713,0.014687371549202778,0.01425786972022267,0.00021871180248553173,0.0006159848614962289,2.8550638586650406e-05,0.019600000000000003,0.0,0.00025838621705198065,0.0007251598391611871,2.8224021056220094e-05,0.14773063971724293,0.0,0.0008770689520124658,0.0025093699945699668,3.297206014993567e-05,0.1998888717262307,0.0
2022-05-31,diesel,114.66074917575683,8178.758,7291895.2095,0.1302062107751243,390,341.01582426834307,557.2501958254313,0.5,278.62509791271566,278.62509791271566,278.62509791271566,True,9370,9513.669495516267,0.01031739700996421,0.0021264668733572694,0.11591353437384253,0.014674252331939506,0.014604067377598383,0.014503648231649343,0.0016604400989801231,0.0045069226563124705,2.8363588223851795e-05,0.0576,0.0,0.0014298119723305297,0.003912064106098337,2.9116088865497992e-05,0.0101069097730862,0.0,0.0023650517098679573,0.006450515438041745,3.02098827614514e-05,0.31052778074748155,0.0
2022-06-15,diesel,123.52366202148691,8359.32,7044438.2925,0.1302062107751243,375,507.6800543613966,786.3051522741123,0.75,589.7288642055842,589.7288642055842,196.57628806852813,True,9745,10103.398359721852,0.0008379607749078494,0.019915651226572538,0.09848940299554615,0.014863120417010454,0.01504531296259015,0.01514575101513803,0.002503543448239077,0.006755844695454991,2.6387531850134852e-05,0.0009,0.0,0.0033223010003184663,0.008782737747560151,2.4548923638677202e-05,0.11110786237004121,0.0,0.00489055436903116,0.012683927302583943,2.3563733207033466e-05,0.387142213606431,0.0
2022-06-29,diesel,116.30201988976656,8483.484,7044438.2925,0.1302062107751243,-310,-306.3025341177192,-109.72624604919105,0.0,-0.0,0.0,-109.72624604919105,True,9435,10103.398359721852,0.3214607208811881,0.4538518168976285,0.2487714979056428,0.014546875807336521,0.01455175768492893,0.014956178313926094,0.0005616152182343106,0.001668690027979908,2.973656346061172e-05,1.8769000000000002,0.0,0.0005716842125532308,0.0016975908784504076,2.968334432373098e-05,2.650270617388646,0.0,0.003627092303015045,0.010066833840619224,2.5440137200909424e-05,1.3911205331088332,0.0
2022-07-13,diesel,111.43747117484044,8585.5,6757802.989500001,0.1302062107751243,-345,-265.9541054842491,-375.68035153344016,0.5,-187.84017576672008,-187.84017576672008,-187.84017576672008,True,9090,9915.558183955132,0.0008474963296430361,0.0011225363645476433,0.052929300096481016,0.014306194160863097,0.014413989992616892,0.01453746135451206,6.588607659770708e-06,2.0245049807510963e-05,3.24194249337895e-05,0.004900000000000001,0.0,4.388065644368202e-06,1.327169267530612e-05,3.1203507802584236e-05,0.006511982772760909,0.0,0.0019127116883844572,0.005496518415903086,2.9839328453449223e-05,0.14113572652828918,0.0
2022-07-27,diesel,106.91515195236693,8597.044,6757802.989500001,0.1302062107751243,-290,-229.02546843554217,-416.8656442022623,0.75,-312.6492331516967,-312.6492331516967,-104.21641105056557,True,8800,9602.908950803436,0.0022061564527828753,0.001026849782807611,0.01955518318540605,0.013969711722620239,0.01405601934311056,0.013974498260634705,0.00043033693201732255,0.0013643285373966933,3.636437670830377e-05,0.0121,0.0,0.0002920954045125453,0.0009129025437899612,3.533090604947582e-05,0.0054548969371005255,0.0,0.0006755996480181961,0.002002191933552464,3.63066712110942e-05,0.06230920322130555,0.0
2022-08-10,diesel,101.49214704487676,8439.94,6623921.1435,0.1302062107751243,-125,-319.91286206338094,-424.1292731139465,1.0,-424.1292731139465,-424.1292731139465,0.0,True,8675,9178.77967768949,0.01875225332324408,0.01742895645644535,0.008559061163602482,0.013664372253484052,0.013379387005051657,0.013278859890753147,0.00034927934856335036,0.0010826565270037993,4.014017894242275e-05,0.10890000000000001,0.0,0.0009400291271227002,0.0030542994030411425,4.383251642887888e-05,0.033042073281846836,0.02624583473552211,0.00013791377205506659,0.0004200173715408628,4.5173724368126804e-05,0.04971119723993926,0.0
2022-08-24,diesel,97.35805634700957,8341.06,6623921.1435,0.1302062107751243,-200,-261.5267194598303,-261.5267194598303,1.0,-261.5267194598303,-261.5267194598303,0.0,True,8475,8917.25295822966,0.004044442004756015,0.0036175360007183323,0.01811689576623225,0.012891810485973577,0.012800555031982819,0.012821844599315884,0.000616819600091981,0.0019532749433088764,5.0526358167315194e-05,0.0225,0.0,0.0008215735350013117,0.0026412585786337504,5.1832007847507916e-05,0.013635766592488602,0.002349115353924791,7.045192484639798e-06,2.1303046984224002e-05,5.152591495637055e-05,0.10575836181935898,0.0
2022-09-07,diesel,94.71181033628494,8148.02,7713546.251499999,0.1302062107751243,185,-115.09860276158948,-115.09860276158948,1.0,-115.09860276158948,-115.09860276158948,0.0,True,8660,8802.15435546807,0.10150491705649192,0.014806080806888172,0.014712710971790655,0.013036570759821365,0.012580965404332465,0.012589631721089373,2.683393956671173e-07,7.742374219288427e-07,4.8489346782974816e-05,0.5929,0.0,0.0003869483556868867,0.001200971542696842,5.504207433171176e-05,0.08576477343917456,0.0,6.924204002371627e-05,0.00020492655821603603,5.491355802908486e-05,0.08576477343917456,0.0
2022-09-22,diesel,89.00777637279255,8071.748,7713546.251499999,0.1302062107751243,-280,-279.84911813887135,-279.84911813887135,0.75,-209.88683860415352,-209.88683860415352,-69.96227953471782,True,8380,8592.267516863916,0.14812018807551341,0.0186490558723631,0.010080647789109224,0.012119816686922793,0.01212004086012438,0.012229023738892116,0.0001725198163518386,0.0005389711311737777,6.209728904770047e-05,0.8649000000000001,0.0,0.0001722685842090067,0.0005381661990186153,6.209375604610932e-05,0.10857092926831999,0.0,1.115256339040338e-07,3.3639334324166963e-07,6.038807205070227e-05,0.03593923861658217,0.0
2022-10-25,diesel,90.25207977745296,7997.48,17788387.699,0.1302062107751243,175,142.589204459133,72.62692492441516,0.0,0.0,0.0,72.62692492441516,True,8555,8592.267516863916,0.1417715438215587,0.12220590953794473,0.03440493722298124,0.012463067701281664,0.01241330428050591,0.012194373320584461,9.287853269645128e-06,2.671760031781216e-05,5.6805348475463664e-05,0.8281000000000001,0.0,9.001120945110899e-07,2.6043874528759233e-06,5.755795194018995e-05,0.7138165455976624,0.0,2.903661170589294e-05,8.507442593146766e-05,6.0927807858403655e-05,0.17620994007698396,0.0
2022-11-08,diesel,92.85719227531808,7960.647999999999,8469173.105,0.1302062107751243,150,135.22031414605644,207.8472390704716,0.5,103.9236195352358,103.9236195352358,103.9236195352358,True,8705,8696.191136399151,0.0005037314376717541,0.00010543251168658391,0.01610659962984282,0.012387161650713498,0.012364933171900027,0.012317185375738048,0.00022810670879807568,0.0006506865465357124,5.795530773236724e-05,0.0025000000000000005,0.0,0.00020061634192692498,0.00057375860208759,5.829424546955259e-05,0.00021720217778461358,0.0,0.0002105949085318785,0.0006042854527141239,5.9025640550773324e-05,0.04320047478921777,0.0
2022-11-22,diesel,89.9855541292591,7937.611999999999,8469173.105,0.1302062107751243,-165,-215.6804366752055,-111.7568171399697,0.0,-0.0,0.0,-111.7568171399697,True,8540,8696.191136399151,0.06796664537094418,0.08432811440051546,0.01747133906545968,0.01203397025676235,0.011959060889853539,0.012277852242609579,3.720624064001789e-05,0.00011103335377257792,6.34576298701469e-05,0.39690000000000003,0.0,8.262840829109074e-06,2.4884449302693637e-05,6.465670177308298e-05,0.4925253477077014,0.0,0.00025573175671440396,0.0007415379286624452,5.9631565986969916e-05,0.04320047478921777,0.0
2022-12-06,diesel,82.85068835840534,7789.814999999999,8291342.8815,0.1302062107751243,-425,-404.6757934565794,-516.4326105965491,0.5,-258.21630529827456,-258.21630529827456,-258.21630529827456,True,8115,8437.974831100877,0.04633981565360766,0.024501559170575556,0.09903648442955379,0.0116002904363666,0.011630911500774164,0.011858559229148776,0.00012528230033950408,0.00039712164780084146,7.05551207533944e-05,0.27040000000000003,0.0,9.744636780152967e-05,0.0003072923347645565,7.004164230787415e-05,0.14287697953967526,0.0,9.404176615426434e-05,0.00028273144925280487,6.628305782527858e-05,0.26670264128756693,0.0
2022-12-20,diesel,77.40143904041409,7706.603999999999,8291342.8815,0.1302062107751243,-460,-364.75852580259976,-622.9748311008743,0.75,-467.23112332565574,-467.23112332565574,-155.74370777521858,True,7655,7970.743707775221,0.0463279550824809,0.016195096353454546,0.04940233659626006,0.01111423964324634,0.011265248402335303,0.011131130000221381,0.0013255840237256667,0.004454389765290452,7.895673711765494e-05,0.004900000000000001,0.10301888135244441,0.0009025474902873898,0.002956046184091346,7.629588547290599e-05,0.0063735530278377995,0.03386823501260694,0.00022454748447394427,0.0007215319768668451,7.86568550729732e-05,0.17474877662007707,0.0
2023-01-04,diesel,80.02398854283592,7480.73,8347824.3265,0.13628899835796388,240,133.06854783117575,-22.675159944042832,0.0,-0.0,0.0,-22.675159944042832,True,7895,7970.743707775221,0.3355400861328024,0.16975495069522717,0.14990871175742734,0.011558189409190638,0.011378457650630511,0.011154794325896273,1.9673563636131995e-05,5.666399517736066e-05,7.126416605110112e-05,1.9599999999999997,0.0,0.00014236730027907362,0.00042177892370366796,7.433099248197157e-05,0.9913271809710741,0.0,7.408278989293402e-07,2.1801568096272557e-06,7.823766341719678e-05,0.8732196904166165,0.0
2023-01-18,diesel,78.62842100135482,7378.49,8347824.3265,0.13628899835796388,-195,-133.6937778661516,-156.36893781019444,0.5,-78.18446890509722,-78.18446890509722,-78.18446890509722,True,7700,7892.559238870124,0.12961770313949167,0.04875507780996813,0.009095186033731197,0.010859406739631542,0.010959318583526225,0.011050993917507123,0.00010799359955843649,0.00033289661157024687,8.355044515149329e-05,0.7569,0.0,3.758856503361968e-05,0.00011398370515742815,8.173392047417427e-05,0.2846485536457878,0.0,8.885109471157408e-06,2.635182280061318e-05,8.008470986449453e-05,0.02445124471188845,0.0
2023-02-04,diesel,81.87760826356454,7213.125,16653078.709999999,0.13628899835796388,200,192.25001984349592,114.0655509383987,0.0,0.0,0.0,114.0655509383987,True,7900,7892.559238870124,0.10692237410732498,0.07282778567002358,0.01467709564564002,0.011413112662799518,0.011400162524117814,0.011078914679832162,0.00025686857910374016,0.0007260978308764626,7.373463414177399e-05,0.6241000000000001,0.0,0.00023969896016422487,0.0006785820729794783,7.39572046115877e-05,0.42495743706155054,0.0,0.0002345082793593633,0.0006804488848435777,7.958576328971411e-05,0.02445124471188845,0.0
2023-03-18,diesel,77.07737262331753,7150.6669999999995,17095511.0385,0.13628899835796388,-95,-181.958665274744,-67.89311433634529,0.75,-50.91983575225897,-50.91983575225897,-16.973278584086323,True,7805,7841.639403117865,0.05966090427189956,0.09591991513115979,0.002099263462270495,0.010950627222458618,0.010808998829338418,0.011022341800179638,0.00019318642747019225,0.0005681122638004139,8.189114766690703e-05,0.34809999999999997,0.0,6.103518774652995e-05,0.000182594032974924,8.447450251910259e-05,0.5601285600716882,0.0,0.0002709970187554475,0.0007904987388567885,8.05983467528018e-05,0.010371318692148123,0.0
2023-04-01,diesel,74.4896395741793,7112.909,5907516.4706666665,0.13628899835796388,-320,-158.58282357797208,-175.5561021620584,0.75,-131.6670766215438,-131.6670766215438,-43.88902554051461,True,7485,7709.972326496321,0.034693403952416,0.00040104680915977636,0.006052337442126737,0.010524261149234576,0.01079035901584525,0.010835744069120034,3.406730931661786e-05,0.00010585207075919721,8.978962676790524e-05,0.2025,0.0,3.194203461376491e-05,9.549800899468188e-05,8.481748705702288e-05,0.0021857199001301623,0.0,0.00010255400710328104,0.00030416748675720983,8.398358676666864e-05,0.026080467632009212,0.0
2023-04-18,diesel,84.67019067631662,7113.418,5907516.4706666665,0.13628899835796388,525,591.8257693885319,547.9367438480173,0.5,273.96837192400864,273.96837192400864,273.96837192400864,True,8010,7983.94069842033,0.4892035062774394,0.3859532180904894,0.17296752761586404,0.011777566351386513,0.011892439021738647,0.011332304105580723,0.0010098729927816524,0.002697019242862781,6.76084151058513e-05,2.8560999999999996,0.0,0.0013326359403304181,0.00351417699330924,6.57325450162262e-05,2.252452225591872,0.0,0.0008696807653218701,0.0024043541394712063,7.51289521181328e-05,0.6581604684670062,0.0
2023-04-29,diesel,81.1746215874899,7114.86,5907516.4706666665,0.13628899835796388,-155,-191.60398459407412,82.36438732993452,1.0,82.36438732993452,82.36438732993452,0.0,True,7855,8066.305085750264,0.316750493114121,0.4203670150984699,0.025483562514854174,0.011096303463577423,0.011037505754954897,0.011478018435019766,0.0003977664980608876,0.001171373499872979,7.92758120127034e-05,1.8496000000000004,0.0,0.0003031311565839748,0.0008990821994082164,8.03263030924666e-05,2.455048717700986,0.0,0.0011915298653762127,0.003358553111150131,7.262416979386296e-05,0.1468483476493048,0.0
2023-05-17,diesel,73.76447278392433,7156.129999999999,8973100.5525,0.13628899835796388,-365,-369.5760189801889,-369.5760189801889,0.5,-184.78800949009445,-184.78800949009445,-184.78800949009445,True,7490,7881.517076260169,0.030236422123803185,0.021729682150045466,0.07630197808341214,0.010885381594511677,0.010877885998323494,0.011188501036297791,7.569725679002901e-05,0.00023791723900670075,8.30762686776665e-05,0.17639999999999997,0.0,8.143555084826171e-05,0.0002562765549997532,8.321296385958258e-05,0.1266961800941297,0.0,0.00034680829536672765,0.001026335949181895,7.764251398732511e-05,0.28548161250674486,0.0
2023-05-31,diesel,74.49563514786755,7180.892,8973100.5525,0.13628899835796388,95,11.951726356159996,-172.83628313393444,1.0,-172.83628313393444,-172.83628313393444,0.0,True,7585,7708.680793126235,0.14490965358064606,0.09971661022070018,0.0001218882713253547,0.011372312902662223,0.011229649248013805,0.010926961858458394,1.5421605094608497e-05,4.5195263419761397e-05,7.443698464956875e-05,0.8464,0.0,9.871084836181965e-05,0.0002959491788750638,7.691905231286481e-05,0.5822536818457517,0.0,2.392043545145287e-05,7.16868933510855e-05,8.232002111786878e-05,0.0005713750515701192,0.0
2023-06-14,diesel,73.23711900787694,7080.85,8852466.9455,0.13628899835796388,-50,-0.1990594309468676,-0.1990594309468676,0.0,-0.0,0.0,-0.1990594309468676,True,7535,7708.680793126235,0.01441395425535186,0.0001221957823158977,0.020516332574407797,0.010876654365267212,0.010961132927520358,0.010961470596936581,2.496901845018812e-08,7.40186583380392e-08,8.323543557079783e-05,0.0841,0.0,1.414215426953835e-05,4.150207591425168e-05,8.170111795395671e-05,0.0005905663809766328,0.0,0.00015806449927878015,0.00045987292442612354,8.169501377004197e-05,0.11948952307021422,0.0
2023-06-29,diesel,73.17608224854365,7010.92,8852466.9455,0.13628899835796388,70,-10.033558486414687,-10.232617917361555,0.0,-0.0,0.0,-10.232617917361555,True,7605,7708.680793126235,0.00990861271797699,8.992903097780574e-05,0.00019121491806690263,0.011113677065500763,0.010977013286879583,0.010994146400059884,0.00011364568824401706,0.0003282267133676627,7.896673529620713e-05,0.0576,0.0,2.3537809863695337e-05,6.909140730249939e-05,8.141428922514759e-05,0.00038686948668798974,0.0,0.0003217676228876562,0.0009312408433457218,8.110539906355435e-05,0.0,0.0
2023-07-13,diesel,75.1157600634876,7034.955,8469985.7175,0.13628899835796388,150,84.7492822749147,74.51666435755315,0.75,55.88749826816486,55.88749826816486,18.629166089388292,True,7755,7764.568291394399,0.0045040759071336865,0.006229514317370332,0.00254542837260538,0.011278866157803793,0.011168470846474472,0.011118368906177735,0.00038071569218037774,0.0010790653150709534,7.605817549349999e-05,0.0256,0.0,0.00022032869802024555,0.0006326018527645196,7.799590718957134e-05,0.0359351476111501,0.0,0.000402351502705577,0.0011537579880443749,7.888337088675048e-05,0.012493649850696521,0.0
2023-07-27,diesel,79.32382195397709,7077.348,8469985.7175,0.13628899835796388,260,192.3382764542406,210.9674425436289,0.75,158.22558190772168,158.22558190772168,52.741860635907216,True,8015,7922.793873302121,0.008622917431779764,0.00818307189097973,0.009627036235305307,0.011574087158593488,0.011461826959493052,0.01140490575854453,0.0011779346346691966,0.0032475351620265963,7.099600721097918e-05,0.0484,0.0,0.0008762372244278502,0.0024472205868987817,7.290039886963967e-05,0.04630156667407608,0.0,0.0007765911703257958,0.0021818776219838564,7.387564501950101e-05,0.04189233345206771,0.0
2023-08-10,diesel,84.41944702954262,7220.764999999999,8548879.645,0.13628899835796388,230,308.86291572839946,361.60477636430664,0.75,271.20358227323,271.20358227323,90.40119409107666,True,8245,8193.99745557535,0.0010402965150236993,0.00983729007076953,0.015635370309071955,0.011783251554464047,0.011909851598586717,0.011854463247361289,0.0014956069835280752,0.00412484867760788,6.75149550172175e-05,0.0036,0.0,0.001934877983153548,0.005259491964968869,6.545050115688989e-05,0.054311966231891384,0.0,0.0012551430597372737,0.0034543630177900357,6.634976898858801e-05,0.05105611426635519,0.0
2023-08-24,diesel,84.1976009708773,7289.858,8548879.645,0.13628899835796388,55,56.93111494420887,147.33230903528553,1.0,147.33230903528553,147.33230903528553,0.0,True,8300,8341.329764610637,0.02135787801435259,0.04385024910006229,0.01095147026628655,0.011925537150010448,0.011928550725109352,0.012071056169254617,0.0013488986277439842,0.0038073657739004186,6.51969503158614e-05,0.12249999999999998,0.0,0.0013583275599639002,0.0038326198014281354,6.514829339713277e-05,0.25387852898546037,0.0,0.0015673223322891876,0.00436334920209682,6.286815027111528e-05,0.061376369334357965,0.0
2023-09-21,diesel,92.16037381014016,7522.135,17546177.301,0.13628899835796388,370,462.8841605274048,462.8841605274048,0.75,347.1631203955536,347.1631203955536,115.72104013185117,True,8670,8688.49288500619,0.06848000574169293,0.11352686303934147,0.03862023453858224,0.012618368536763892,0.01276235714101307,0.012580300372168845,0.0019391601312012184,0.005241041870041994,5.448848305903726e-05,0.39690000000000003,0.0,0.002503409783602573,0.006657158866827258,5.2383474154244516e-05,0.6591915008730894,0.0,0.0020358414409253913,0.005511827108265655,5.505194256723778e-05,0.1597294126756122,0.0
2023-10-11,diesel,90.43988939931766,7727.829,9163923.803,0.13628899835796388,-80,-118.2006431647814,-2.4796030329302283,0.0,-0.0,0.0,-2.4796030329302283,True,8590,8688.49288500619,0.13882877700414667,0.23134698796341774,0.08279207747980105,0.012408268698827277,0.0123515774359774,0.012526991857713029,0.0005611176874517838,0.0016296682858211579,5.763438414920569e-05,0.81,0.0,0.00045187482156504576,0.0013213606602051192,5.849836771785004e-05,1.3506381963279461,0.0,0.0008939879871462961,0.00255705981021014,5.584585069468738e-05,0.4820889286511107,0.0
2023-10-25,diesel,89.53334896276725,7858.6939999999995,9163923.803,0.13628899835796388,-70,-75.1250579250824,-77.60466095801263,0.75,-58.20349571850947,-58.20349571850947,-19.401165239503158,True,8520,8630.28938928768,0.0001105908313562902,0.001310800837182826,0.002716605824214158,0.01237166459044394,0.012363987968230388,0.012390322391097925,0.00010558486179198848,0.00031039657084132565,5.8191501120686836e-05,0.0004,0.0,9.894418176978842e-05,0.00029114249990539517,5.830867974933028e-05,0.007422024174970296,0.0,0.00029657735008004955,0.0008646837797904601,5.79071933114256e-05,0.013550587655418203,0.0
2023-11-08,diesel,86.10020979440196,7843.594999999999,8265784.681,0.13628899835796388,-135,-216.98661191472155,-236.3877771542247,0.75,-177.2908328656685,-177.2908328656685,-59.09694428855619,True,8385,8452.998556422011,0.0029079154797322713,0.013795463226683709,0.012531836699864293,0.012143232040389725,0.012019418569404895,0.01208278734682715,6.99135867094018e-06,2.0869151866656484e-05,6.172880277115862e-05,0.016900000000000002,0.0,7.17325388868235e-06,2.1794664192867953e-05,6.368967997035942e-05,0.08049880200142122,0.0,4.8969623479684606e-05,0.00014624503099394068,6.268225619556028e-05,0.0567271754752045,0.0
2023-11-22,diesel,80.37544506746394,7811.983999999999,8265784.681,0.13628899835796388,-330,-356.58685614210725,-415.68380043066344,0.75,-311.76285032299756,-311.76285032299756,-103.92095010766587,True,8055,8141.235706099014,0.026134935909067396,0.01346084868065685,0.021072225774396963,0.011549525593297182,0.011508728570363226,0.011581358502782043,0.0002807034737319782,0.0008898537122151641,7.141051769833935e-05,0.1521,0.0,0.00034205129404277955,0.0010917804945040157,7.210169049176574e-05,0.07795291275338294,0.0,0.0001223551123068655,0.00038249685818311064,7.08735246586802e-05,0.07233089391617685,0.0
2023-12-06,diesel,78.42588848557556,7646.494999999999,8871585.946,0.13628899835796388,-50,-170.0990792785089,-274.02002938617477,1.0,-274.02002938617477,-274.02002938617477,0.0,True,8005,7867.21567671284,0.053720333245054284,0.023912577892077465,0.0010871242969157054,0.011501241591181165,0.011309401802606627,0.011148040454856607,7.678077979015617e-05,0.00023149213854082844,7.222889449146885e-05,0.31360000000000005,0.0,0.0002847861705695203,0.0008859103688775088,7.552649702853695e-05,0.13911076367810898,0.0,0.0003230503966710465,0.0010204347792418522,7.835718778885523e-05,0.005698082129076277,0.0
2023-12-20,diesel,74.0227212693011,7559.846,8871585.946,0.13628899835796388,-400,-245.4716465161005,-245.4716465161005,1.0,-245.4716465161005,-245.4716465161005,0.0,True,7605,7621.744030196739,0.10137270272088995,0.004017488355068298,0.0033046970654367447,0.010527877293507066,0.010776254303595141,0.010769344219948258,0.000887989184019215,0.0029227636808719067,8.972110856685904e-05,0.48999999999999994,0.0393304761788793,0.0003719201381658508,0.0011741706718256164,8.507748467194716e-05,0.022724095567941065,0.0,0.0008358221285421463,0.0026914054980594275,8.520500612980265e-05,0.0032600406579854015,0.005667885793438243
2024-01-04,diesel,77.05655540788125,7396.48,8951660.835666668,0.14085804371700852,190,151.00055440726737,151.00055440726737,0.0,0.0,0.0,151.00055440726737,True,7795,7621.744030196739,0.23837999416272201,0.10766815422415338,0.05960611800168466,0.011133678911905604,0.011067697171198628,0.010812224836244038,2.7136619813801743e-05,7.876420181848676e-05,7.86116496371874e-05,1.3923999999999999,0.0,6.349529916441578e-05,0.00018621717015863102,7.978603382541301e-05,0.6287608244200774,0.0,0.00030415267556840886,0.0009268709794125365,8.44152124597309e-05,0.24102531697330154,0.0
2024-01-18,diesel,76.2303624464535,7333.119999999999,8951660.835666668,0.14085804371700852,-50,0.1659045847311517,151.16645899199852,0.5,75.58322949599926,75.58322949599926,75.58322949599926,True,7745,7697.327259692738,0.03946295544072504,0.01559600163161662,0.008514520509009624,0.010770296590984553,0.01085310169025961,0.01098042342653177,1.5569496569849387e-05,4.651081499090628e-05,8.518742501839137e-05,0.2304,0.0,1.7911015540148062e-07,5.279628736758182e-07,8.366574868873161e-05,0.0910043663483485,0.0,5.43807315150188e-05,0.0001608821321180791,8.135276156465691e-05,0.022851298324179568,0.0
2024-02-01,diesel,80.03755552747323,7312.18,17963826.237166665,0.14085804371700852,200,183.33218194432817,258.91541144032743,0.75,194.18655858024556,194.18655858024556,64.72885286008187,True,7945,7891.513818272983,0.042849402178869414,0.023019241440667478,0.013017144541997183,0.011344348773876755,0.011316658842278966,0.011336688999449741,0.0001360030092226011,0.00038612620988933766,7.492029814828885e-05,0.25,0.0,0.00011018354705535449,0.00031382947632567737,7.540041366137209e-05,0.13419954064709128,0.0,6.309756221204177e-05,0.00017988856212415488,7.505295749225513e-05,0.056266998679464095,0.0
2024-03-05,diesel,82.66674488641249,7371.119999999999,17273050.292000003,0.14085804371700852,120,142.33664829095153,207.0655011510334,1.0,207.0655011510334,207.0655011510334,0.0,True,8065,8098.579319424017,0.004463500585772362,0.001245486997416283,0.0002154949888789561,0.011543770427754119,0.011579943771743527,0.011687042454718372,0.0002371416356664643,0.0006778711007779771,7.150781857852577e-05,0.0256,0.0,0.0002865645126591711,0.0008156885360992186,7.089734688700062e-05,0.006722535118100546,0.0,0.0003153052417725578,0.0008895632695664781,6.910526314965476e-05,0.0006634686469666054,0.0
2024-04-02,diesel,84.84844065575193,7483.995999999999,5504148.090833333,0.14085804371700852,190,123.12769135832492,123.12769135832492,1.0,123.12769135832492,123.12769135832492,0.0,True,8255,8221.707010782342,0.0034782833256720765,0.0003324929326242755,0.004924584005033678,0.011984298865861397,0.011877613095175705,0.011876798617906501,0.0003951611728660208,0.0011154548056296176,6.425146467183089e-05,0.019600000000000003,0.0,0.00023641426740173308,0.0006756997101055705,6.59731690316612e-05,0.0014759361057580152,0.0,0.0003098440027730859,0.0008837083107381766,6.598640069404573e-05,0.028182223651187634,0.0
2024-04-17,diesel,89.69483516514862,7548.455999999998,5504148.090833333,0.14085804371700852,195,305.97641534571426,305.97641534571426,0.75,229.4823115092857,229.4823115092857,76.49410383642856,True,8450,8451.189322291628,0.00024504761080943295,0.023243611116068878,0.01265565559706547,0.012164792635661288,0.012337765576348287,0.012219986747519092,0.0007784186914818788,0.002180105289534699,6.139047444218758e-05,0.0001,0.0,0.0012367957123104168,0.003395579872165237,5.8709836362993296e-05,0.133734623455266,0.0,0.0007859540233297505,0.0021918606550568763,6.052860620877856e-05,0.0452452209098206,0.0
2024-04-30,diesel,87.27778304465804,7579.119999999999,5504148.090833333,0.14085804371700852,-70,-114.94001255446229,-38.44590871803372,0.0,-0.0,0.0,-38.44590871803372,True,8380,8451.189322291628,0.04822120093724731,0.12141908129791404,0.037436653497367356,0.012079228925944784,0.012010799793437823,0.012185816329979934,0.00043483576561306243,0.0012652537636491106,6.273861440758984e-05,0.28090000000000004,0.0,0.00032113263750072025,0.0009421220553956736,6.382731994053313e-05,0.708682557104978,0.0,0.0006492998790540019,0.0018652850941820011,6.106146642880827e-05,0.21064852518257934,0.0
2024-05-16,diesel,82.0104261021214,7604.369999999999,16274322.105,0.14085804371700852,-225,-310.0419752029099,-348.4878839209436,0.5,-174.2439419604718,-174.2439419604718,-174.2439419604718,True,8155,8276.945380331155,0.016470169746973434,0.02607924131205378,0.04513509073686427,0.01180799667408906,0.011677423526315274,0.01188818093776789,1.876732283222e-05,5.655851506732295e-05,6.710891849173591e-05,0.0961,0.0,1.7341330990977471e-06,5.317712287580929e-06,6.926527916033051e-05,0.152259103317105,0.0,0.00015211893398721875,0.0004519403328081556,6.580160849839225e-05,0.12144380523969706,0.0
2024-06-14,diesel,78.1073728456169,7547.504999999999,7877451.612,0.14085804371700852,-180,-227.3804561941312,-401.624398154603,0.75,-301.2182986159522,-301.2182986159522,-100.40609953865078,True,7975,7975.727081715203,0.0014052825663396936,0.004707544524079855,0.019123945878338565,0.011587637852274804,0.011512882924457778,0.011403386545810794,1.348323063586678e-05,4.090384371222635e-05,7.076783690447967e-05,0.0081,0.0,4.7291943611910646e-05,0.00014524753605157372,7.203115625396036e-05,0.02733170689935473,0.0,1.2931023776520092e-05,3.980772263551591e-05,7.390176288074688e-05,0.06448994899229259,0.0
2024-06-28,diesel,84.04572783153426,7514.395999999999,7877451.612,0.14085804371700852,200,338.28621500616623,237.88011546751545,0.0,0.0,0.0,237.88011546751545,True,8175,7975.727081715203,0.0989323231242034,0.21924316628841406,0.10741303907061445,0.011735263850380987,0.011958370622029785,0.011412589935791816,0.00015249212793181516,0.0004329657371302517,6.830586362281931e-05,0.5776,0.0,0.00047087178609868353,0.0013030659193875005,6.466780305263364e-05,1.2799151316273016,0.0,1.5774390445275892e-06,4.657464107192957e-06,7.374361161086401e-05,0.3629298536843559,0.0
2024-07-12,diesel,86.2060657899071,7474.459999999999,7849297.2715,0.14085804371700852,105,122.62247704740582,360.5025925149213,0.5,180.25129625746064,180.25129625746064,180.25129625746064,True,8280,8155.978377972664,0.006330673993959397,0.03201299852158045,0.04830856017590236,0.011586563856283472,0.011614299851016079,0.011712089932645922,0.0004884994743190309,0.0013903531529323987,7.078590774439565e-05,0.0361,0.0,0.0005417818568889985,0.001537002156662398,7.031996698866896e-05,0.1860433914813795,0.0,0.00019534658091235101,0.0005551014744185316,6.868945328454908e-05,0.12996211920997938,0.0
2024-07-26,diesel,83.75396290647076,7467.781999999999,7849297.2715,0.14085804371700852,-140,-136.65724799380064,43.59404826366,0.0,0.0,0.0,43.59404826366,True,8140,8155.978377972664,0.04116537696367152,0.04609777580814455,0.023839772994805428,0.011487344923510612,0.011492539359217645,0.011704896509041295,0.00017242619041164922,0.0005099496091736183,7.246529645128056e-05,0.24009999999999998,0.0,0.00017833708825543758,0.0005270997835627076,7.237688655446093e-05,0.2689039032697745,0.0,0.00020463440902055745,0.0005943540445128155,6.88087419257153e-05,0.12996211920997938,0.0
2024-08-09,diesel,78.63468861164303,7430.215,15494893.162,0.14085804371700852,-290,-330.6257819756396,-287.0317337119796,0.5,-143.5158668559898,-143.5158668559898,-143.5158668559898,True,7850,8012.462511116674,0.01542659377451681,0.02579090843199356,0.030611384956963972,0.011239691985564553,0.011175476187761098,0.011471678917405553,1.3834402879245374e-05,4.2565235506511655e-05,7.674299650778192e-05,0.09,0.0,4.2142436136183596e-05,0.00013106115756160143,7.78722205127714e-05,0.15049516870025528,0.0,5.3912713216630775e-05,0.00016047153741768317,7.273226048782492e-05,0.08238721615770477,0.0
2024-09-06,diesel,77.16119851371884,7296.001,8299637.643999999,0.14085804371700852,-100,-140.21721994578974,-283.73308680177956,0.75,-212.79981510133467,-212.79981510133467,-70.93327170044489,True,7750,7799.66269601534,0.02473487781637231,0.024845165435337106,0.007330563768051383,0.01131334893360194,0.011247430490190748,0.011135535429163882,6.743097494084077e-07,2.0149344599376427e-06,7.545790674935456e-05,0.1444,0.0,1.3267077743068687e-05,4.0072614039134547e-05,7.660747302404258e-05,0.14502168197710072,0.0,6.935054382776002e-06,2.0928838857578906e-05,7.857873212760877e-05,0.019201061937854504,0.0
2024-09-21,diesel,72.45480098191294,7214.147999999999,8299637.643999999,0.14085804371700852,-350,-284.278856821292,-355.2121285217369,0.75,-266.4090963913027,-266.4090963913027,-88.80303213043419,True,7400,7533.253599624037,0.04292736193921953,0.014293657088801048,0.008323961096231802,0.01057789249284742,0.010687003348242564,0.010719487109976302,0.00037944886796930223,0.0012169537966398756,8.877610987634102e-05,0.25,0.0,0.00021970395439453545,0.0006918426101011546,8.673190663564523e-05,0.08301502087699628,0.0,0.00010003845549595745,0.0003111837569074425,8.612791950189602e-05,0.011495820161707656,0.0
2024-10-11,diesel,75.382461095612,7078.365,8592082.697333334,0.14085804371700852,135,96.83656848453674,8.033536354102552,0.0,0.0,0.0,8.033536354102552,True,7535,7533.253599624037,0.16108353757534868,0.09947579545049984,0.04866766630349489,0.010999744813174199,0.01093338880497557,0.01076501589202922,1.2527185038951175e-07,3.622330473715397e-07,8.100459342798474e-05,0.9409,0.0,5.982181948036523e-06,1.7474461690756348e-05,8.220343856174234e-05,0.5809958696241708,0.0,5.0096464038202354e-08,1.4751862965842885e-07,8.528493147447286e-05,0.28389522656012156,0.0
2024-10-24,diesel,74.64565408972837,7024.338,8592082.697333334,0.14085804371700852,85,-16.890696782546293,-8.857160428443741,0.0,-0.0,0.0,-8.857160428443741,True,7620,7533.253599624037,0.001761099748324915,0.008877171624932482,8.595030826031178e-05,0.010953270787391759,0.010779284176125292,0.010808126407927833,0.00011455116644715126,0.0003301803763407538,8.184330944625933e-05,0.010000000000000002,0.0,1.095522479833687e-05,3.223503247575009e-05,8.502160030465345e-05,0.05173556346051788,0.0,1.946720507111862e-05,5.7091369591740085e-05,8.449054013263369e-05,0.0,0.0
2024-11-07,diesel,72.70753615902433,6996.21,17114046.087333333,0.14085804371700852,-140,-166.38690480815978,-175.24406523660352,0.5,-87.62203261830176,-87.62203261830176,-87.62203261830176,True,7480,7445.631567005735,0.034685190082480735,0.015321991080438234,0.011417335338350643,0.010612552467893015,0.010567997305294579,0.01069929070563527,7.312261572905097e-06,2.1881882881981214e-05,8.812417116806153e-05,0.2025,0.0,6.207466725044514e-07,1.867669568674611e-06,8.896267483293033e-05,0.08939646485615003,0.0,4.3604311663042496e-08,1.2991404483143334e-07,8.65031933782825e-05,0.03071048240065095,0.0
2025-01-03,diesel,72.91250667945691,7039.624,8565874.82,0.1460849504681775,70,57.09943172471508,-30.522600893586677,0.0,-0.0,0.0,-30.522600893586677,True,7550,7445.631567005735,0.03021982483222797,0.034220852624527946,0.006023224891353254,0.010866301789269069,0.01084411104862412,0.010745892221876418,1.9877233320647118e-05,5.775194730055752e-05,8.342444300470942e-05,0.17639999999999997,0.0,1.2372845242891742e-05,3.6042791867143856e-05,8.383030248992691e-05,0.19978457046754158,0.0,1.0097393359341927e-05,2.9924900121209536e-05,8.563851076912739e-05,0.03071048240065095,0.0
2025-01-17,diesel,78.64825306101768,7065.987999999999,8565874.82,0.1460849504681775,325,355.44481167080534,324.92221077721865,0.5,162.46110538860933,162.46110538860933,162.46110538860933,True,7875,7608.092672394344,0.04472205937592499,0.061176337504905975,0.03921653770067435,0.011343879720310451,0.011395763414894539,0.011070763742628215,0.0006628067446805878,0.001825996692672217,7.492841829645268e-05,0.2601,0.0,0.0007789131055003768,0.0021332546670971356,7.40328872124673e-05,0.3560398629407078,0.0,4.421966666874035e-05,0.0001266455256712203,7.973126013996289e-05,0.10557444305635531,0.0
2025-02-20,diesel,74.43100270687172,7142.12,16683126.728999998,0.1460849504681775,-160,-244.11721388629047,-81.65610849768115,0.0,-0.0,0.0,-81.65610849768115,True,7715,7608.092672394344,0.1611035997124844,0.24616415589402735,0.02342350999776626,0.010836217339667251,0.010698781857289496,0.01109763442856616,6.814589762550217e-05,0.00020321491031140615,8.397491264581516e-05,0.9409,0.0,5.410443722449223e-06,1.640753567165884e-05,8.651265893828705e-05,1.4378984899605105,0.0,5.283107416180228e-07,1.554950155005093e-06,7.925211276745056e-05,0.10557444305635531,0.0
2025-03-06,diesel,72.48036962055622,7129.946,8049863.375,0.1460849504681775,-130,-140.25281114503792,-221.90891964271907,0.5,-110.95445982135953,-110.95445982135953,-110.95445982135953,True,7585,7497.138212572984,0.0006335625893350247,0.007404306321665137,0.01830715756788607,0.01090627153621329,0.010889172501998117,0.010935434375846416,1.2276954899471889e-11,3.6779387551759586e-11,8.269589737308462e-05,0.0036,0.0,5.440130577151953e-07,1.6343354774390424e-06,8.300717769834725e-05,0.043151256627188446,0.0,4.0144826557929686e-05,0.00012149219600588357,8.216634995458687e-05,0.04924356861699875,0.0
2025-03-20,diesel,70.03629620842324,7125.067999999999,8049863.375,0.1460849504681775,-270,-166.79236296187594,-277.7468227832355,0.75,-208.3101170874266,-208.3101170874266,-69.43670569580888,True,7315,7288.828095485557,0.013547617333425093,0.0005400609665905606,0.010497172142427805,0.010511485444637926,0.010686559101699399,0.010611990335125289,0.0003651504874208883,0.0011583996035076129,9.003190846731794e-05,0.07840000000000001,0.0,0.00013615375832237697,0.00041958462430003525,8.674018136613832e-05,0.0028173912425545193,0.0,0.0004459329029436568,0.0014087055464763847,8.8134725467781e-05,0.03791249600683166,0.0
2025-04-03,diesel,73.12522518772467,7013.815,7562696.785999999,0.1460849504681775,220,163.2183139275017,93.78160823169281,0.0,0.0,0.0,93.78160823169281,True,7535,7288.828095485557,0.16442962459543528,0.07458992212779567,0.036814222899576574,0.011050194905474358,0.010950319510974808,0.010663228819933208,2.9553109526872245e-05,8.406225008795593e-05,8.009901122999715e-05,0.9603999999999999,0.0,1.5336824125391623e-06,4.413346064601413e-06,8.189671695344326e-05,0.43562818744394083,0.0,0.00016421562451087094,0.0004959186106268849,8.717529606892584e-05,0.17357241952390948,0.0
2025-04-18,diesel,65.23406046403404,6958.719999999999,7562696.785999999,0.1460849504681775,-465,-376.3744322950284,-282.59282406333557,0.5,-141.29641203166778,-141.29641203166778,-141.29641203166778,True,7070,7147.53168345389,0.32764138576296015,0.19948338664675708,0.029767212148060024,0.009917720632396631,0.010069055962151645,0.010462321916199528,0.0005940979712192625,0.00195897013698136,0.00010165235724640059,1.8769000000000002,0.014049495930517963,0.0003201606361711742,0.0010287971232703608,9.86236494828758e-05,1.164641327103887,0.0,0.00036168016248054206,0.0011278616895250013,9.096730323020785e-05,0.07985870421209133,0.0
2025-05-20,diesel,63.74256473909944,6829.244999999999,15397793.670000002,0.1460849504681775,-220,-244.99166301260897,-386.28807504427675,0.5,-193.14403752213838,-193.14403752213838,-193.14403752213838,True,6850,6954.387645931752,0.053007550789354346,0.03242997038023534,0.03186908441196914,0.010121134253795329,0.010075652176038917,0.010173822000204419,0.0010024870939755062,0.0032455892167936318,9.759198843153598e-05,0.24009999999999998,0.026484325748419524,0.0011265107647489292,0.0036748760249232675,9.84926797309611e-05,0.06904572825726979,0.046292235205414034,0.0005562520715576204,0.001764438867135981,9.65537740836667e-05,0.010752705076000383,0.0
2025-06-04,diesel,64.51466400998532,6740.168,8021039.971,0.1460849504681775,60,-79.19319371097305,-272.3372312331114,0.5,-136.1686156165557,-136.1686156165557,-136.1686156165557,True,6910,6818.219030315196,0.05382183948741889,0.019130313520901412,0.017297061582618414,0.010361034184937919,0.010099582176708989,0.009996402222297678,0.000413079285897308,0.0012547383838100326,9.290966198393542e-05,0.31360000000000005,0.0,0.0009713068466024824,0.003077460787173362,9.801827307573833e-05,0.10995652969106202,0.0,0.0007435387230347509,0.002357352833483234,0.00010007196849805084,0.012984794805276595,0.0
2025-06-18,diesel,69.9983912088471,6683.012,8021039.971,0.1460849504681775,255,271.1803557219119,135.01174010535618,0.0,0.0,0.0,135.01174010535618,True,7165,6818.219030315196,0.026060863793370456,0.08408624038843016,0.02745179737614544,0.010555155203028199,0.010585283499188742,0.010080337735910685,1.8682859096815332e-05,5.2849754617629426e-05,8.920509323888532e-05,0.1521,0.0,3.115358502095239e-05,8.782267023232849e-05,8.86368867906478e-05,0.4910464965687931,0.0,0.0005238794253827462,0.001613608315586915,9.839969943359756e-05,0.07416756751571721,0.0
2025-07-02,diesel,71.3322865500842,6726.315,7973027.604,0.1460849504681775,225,-2.836095627393263,132.17564447796292,0.5,66.08782223898146,66.08782223898146,66.08782223898146,True,7390,6884.306852554177,0.0007224571898430218,0.051433613146712694,0.0066348928624057725,0.010563861066747207,0.010154722057839384,0.010284528959075908,0.00031652699015145006,0.0008885481646924431,8.904071796764916e-05,0.0036,0.0,2.478486456950645e-07,7.299319059087568e-07,9.692949775839438e-05,0.30034006244026445,0.0,0.00045153625813118515,0.001372734680284517,9.439037754703466e-05,0.017470400993164853,0.0
2025-07-16,diesel,70.28199592347697,6760.32,7973027.604,0.1460849504681775,-125,-136.12905539730605,-70.04123315832459,0.0,-0.0,0.0,-70.04123315832459,True,7265,6884.306852554177,0.08390886655059898,0.012192307216591496,0.007101122048140869,0.010135524894139006,0.010116148256406218,0.01035316059008358,3.007819109593009e-05,8.962994000120386e-05,9.730786911415128e-05,0.48999999999999994,0.0,2.1639854648847417e-05,6.463620351171411e-05,9.769052528934186e-05,0.07106805249689435,0.0,0.000571294127845932,0.0017631541697042483,9.30615106007166e-05,0.017470400993164853,0.0
2025-08-27,diesel,66.40231906729642,6777.035,16122673.045,0.1460849504681775,-175,-208.42142083526463,-278.46265399358924,0.25,-69.61566349839731,-69.61566349839731,-208.84699049519193,True,7090,6814.691189055779,0.0017560869877025808,0.00363838936617046,0.038508950893014975,0.010108214441293638,0.010049023691108452,0.010288036657699302,8.185197493748431e-05,0.0002514841266130999,9.784742153943175e-05,0.010000000000000002,0.0,0.00013394022487683854,0.00041556429406400686,9.902192950012086e-05,0.020904744402461393,0.0,0.0009389700108530744,0.002967445364423905,9.432223196219256e-05,0.019385362417288346,0.0
2025-10-14,diesel,64.79524527100162,6741.132,8491582.402999999,0.1460849504681775,-70,-158.4591177773928,-367.30610827258477,0.25,-91.82652706814619,-91.82652706814619,-275.47958120443855,True,7020,6722.864661987634,0.007608203464412798,0.0018292107319590105,0.07349042338229633,0.010229449034167486,0.010068917290677128,0.010183106953428942,0.0001350794468903894,0.0004110842895755692,9.546366617593067e-05,0.04409999999999999,0.0,0.00033870986658819576,0.0010582060230419593,9.862640377941172e-05,0.009984926907386511,0.0,0.0012294576897666498,0.0039334466189548,9.637138908781519e-05,0.001973289842055992,0.027558340035996443
2025-10-28,diesel,61.85814749117869,6719.351999999999,8491582.402999999,0.1460849504681775,-255,-224.75456343889616,-500.23414464333473,0.25,-125.05853616083368,-125.05853616083368,-375.17560848250105,True,6765,6597.8061258268,0.031541371679746716,0.003252132489055145,0.15755346715626029,0.009789748317795785,0.009845183732306965,0.01001778108432434,0.0008747101678029444,0.002835810454422528,0.000104249239413954,0.1369,0.01788162748504485,0.0007423381416188928,0.00238450478693357,0.0001031202934306031,0.01758034446182937,0.0,0.0018805931044161314,0.006150035989084976,9.964469448047294e-05,0.004417465713345856,0.09967613771456563
2025-11-11,diesel,63.26464256803477,6629.75,8412856.4225,0.1460849504681775,120,31.196774817792875,-343.9788336647082,0.25,-85.99470841617705,-85.99470841617705,-257.98412524853114,True,6885,6511.811417410623,0.09636076033366951,0.044997539431438666,0.09462023049035391,0.010328813826237754,0.010159915443182286,0.009932879640321097,0.0001770126228308897,0.0005256313784557907,9.353184200757003e-05,0.5625,0.0,0.00041335431580403483,0.0012608773815189578,9.682726408532247e-05,0.2620443502215602,0.0,0.001876924169013954,0.006101404275555714,0.0001013469123362615,0.006103930552256822,0.09085602567358753
2025-11-25,diesel,62.23296396645118,6583.748,8412856.4225,0.1460849504681775,-65,-103.06897676971826,-361.05310201824943,0.25,-90.26327550456236,-90.26327550456236,-270.7898265136871,True,6820,6421.548141906061,0.023517295319271797,0.01245483260769768,0.11285938771499202,0.009898717782549919,0.009827574841790625,0.009841838869212353,0.00021021197988325393,0.0006430760550734828,0.00010203590243657324,0.1369,0.0,0.0003060814163689257,0.0009472722604938967,0.00010347823359937102,0.072109168197437,0.0,0.00221746955352575,0.0072690432714109425,0.00010318823755904496,7.288265995218498e-05,0.12228419409291869
2025-12-09,diesel,62.23817103955421,6530.67,8641713.531,0.1460849504681775,-55,-55.99401036862268,-326.7838368823098,0.25,-81.69595922057745,-81.69595922057745,-245.08787766173236,True,6765,6339.852182685483,0.00015108795063921706,0.0016007046575563838,0.11075100827060573,0.009830220948522879,0.009828345647053769,0.00977029281121158,0.000210544562236149,0.0006432015771800537,0.0001034244059558629,0.0004,0.0,0.00021284186795872368,0.0006504175250630733,0.00010346255227581002,0.008864209846657112,0.0,0.002466660697619191,0.008117676501035443,0.00010464690916834948,0.0002935956332393319,0.14144908574054793
2025-12-23,diesel,60.02514654872086,6517.224,8641713.531,0.1460849504681775,-165,-182.1829027628588,-427.2707804245912,0.0,-0.0,0.0,-427.2707804245912,True,6600,6339.852182685483,0.008517804908968177,0.011158966844943073,0.20166792587885327,0.009552418093330592,0.00951973724770937,0.009866238150507255,0.0007077524608062922,0.002252279021487606,0.000109151967696566,0.0484,0.0,0.0007824785437507824,0.0025035722955243215,0.00010983590735705037,0.0636945462547364,0.0,0.002387504456365023,0.007740001730724964,0.00010269312922223463,0.02669691901188101,0.11501004771298273
2026-01-21,diesel,63.27606746491273,6423.525,16881760.39533333,0.1460849504681775,85,114.94349121150518,-312.32728921308603,0.0,-0.0,0.0,-312.32728921308603,True,6685,6339.852182685483,0.04285812768783591,0.06049783806071033,0.10195609940501729,0.010122793842677521,0.010181168326478522,0.009957087342789541,0.0001465389550227865,0.0004362380557058192,9.75592014742491e-05,0.25,0.0,9.344157331091526e-05,0.0002756097226008878,9.640945543294859e-05,0.3531363759848358,0.0,0.0016787012897200692,0.0053579344623501625,0.00010086009464035804,0.0,0.05348528660303509
2026-02-04,diesel,66.21568324403765,6394.749,8240046.8643333325,0.1460849504681775,195,174.96326559244994,-137.3640236206361,0.0,-0.0,0.0,-137.3640236206361,True,6880,6339.852182685483,0.008315350597465361,0.002492001070646866,0.030838085932295294,0.010418427653420985,0.010379862942181815,0.010043111070455028,3.898257504018545e-05,0.00011089498126098639,9.18065286327277e-05,0.0484,0.0,2.137818511044812e-05,6.108756993859769e-05,9.254703701120673e-05,0.014409493266958055,0.0,0.0014841186316251083,0.0047140590881334056,9.913963715529524e-05,0.0,0.03493506398630131
2026-02-25,diesel,68.7834083434205,6374.093999999999,8240046.8643333325,0.1460849504681775,170,131.9197094977494,-5.444314122886681,0.0,-0.0,0.0,-5.444314122886681,True,7050,6339.852182685483,0.0005737173775895331,0.0013820225802314847,0.00994537704022341,0.010442490899988686,0.010371275098149802,0.010124565638575701,0.000457064904702987,0.0012868858676324218,9.134598019679908e-05,0.0025000000000000005,0.0,0.00033769890878150284,0.0009587114046854529,9.271234323551011e-05,0.007410990885110527,0.0,0.0013513060046728372,0.0042772964886660676,9.752420382679975e-05,0.0,0.021720647815048455
2026-03-10,diesel,78.4036612824465,6636.485,8039213.5309999995,0.1460849504681775,670,576.1707536740139,570.7264395511272,0.5,285.3632197755636,285.3632197755636,285.3632197755636,True,7720,6625.215402461046,0.17186325479465875,0.13565084978962405,0.12128583066554201,0.011424479124458892,0.011253235794342377,0.010780833547176807,0.0025163146691192795,0.0064563931116439445,7.353955828684133e-05,1.0,0.0,0.0018624542579223323,0.0048685404529780945,7.650588406937344e-05,0.7894359610068052,0.0,0.001261859083418622,0.0038070153779639297,8.499303008486058e-05,0.32572866880270646,0.0
2026-03-24,diesel,100.53825399545414,6788.624,8039213.5309999995,0.1460849504681775,1115,1514.7864971220276,1800.1497168975911,0.5,900.0748584487956,900.0748584487956,900.0748584487956,True,8835,7525.290260909842,0.13879643743518222,0.6079691525974426,0.9070086257702049,0.012681430838464848,0.013347739371728708,0.0125711109647628,0.01271142381118792,0.029453941107642507,5.356145457217334e-05,0.7921,0.0,0.019364651284376318,0.0419781328249111,4.425257146644838e-05,3.5239980553938706,0.0,0.0005659396073977532,0.0014358091694764046,5.518839229786749e-05,1.5114815948813205,0.0
2026-04-08,diesel,116.21363904838014,6890.049999999999,8039213.5309999995,0.1460849504681775,400,803.3757745086745,1703.4506329574701,0.75,1277.5879747181025,1277.5879747181025,425.86265823936765,True,9235,8802.878235627944,0.35398325588471996,0.3520145922443078,0.24537648204770685,0.013100820137806678,0.013688265950304665,0.014702690272435908,0.015045728759714197,0.037604916003915134,4.759868277089387e-05,2.0448999999999997,0.0,0.021625967852455158,0.0506898558990619,3.9837986714083485e-05,2.0244208649970132,0.0,0.010812112705257716,0.024741960374931444,2.8061490349745157e-05,0.5700646118214531,0.0
2026-04-22,diesel,106.71277678317998,6890.049999999999,8039213.5309999995,0.1460849504681775,-530,-617.4322521842347,-191.56959394486705,0.0,-0.0,0.0,-191.56959394486705,True,8705,8802.878235627944,0.5943901325751991,1.3841929846478902,1.1495034949653602,0.01379823066650492,0.013676416073157744,0.014536650790213518,0.007720559240189401,0.022050799995117276,3.8461942865880006e-05,3.4596000000000005,0.0,0.0068034216563312815,0.019730319379598613,3.998771367981773e-05,8.074781794859993,0.0,0.00924291853901026,0.024741960374931444,2.9848184588074585e-05,6.528924132577211,0.0
2026-05-09,diesel,114.44845662872568,6890.049999999999,16078427.061999999,0.1460849504681775,310,369.3292136759377,177.75961973107064,0.5,88.87980986553532,88.87980986553532,88.87980986553532,True,9015,8891.75804549348,0.4863383792128371,0.6701143307815013,0.014503668746860082,0.014837633031807563,0.014925325919383576,0.014509340630629303,0.012090448031439856,0.03087495331162184,2.665003271428438e-05,2.8223999999999996,0.0,0.012914948966982824,0.032656001686274146,2.5752317024480154e-05,3.894792762026065,0.0,0.010340923823211685,0.02726444631540945,3.0147340310458224e-05,0.031598482406934844,0.0
