adjust_date,fuel,oil_price_usd_bbl,inventory_cost,quantity_tonnes,transport_share,actual_delta,mechanism_delta,mechanism_signal_with_carry,optimal_ratio,raw_optimal_delta,optimal_delta,carry_over_next,supply_constraint_feasible,actual_price,optimal_price,actual_loss,mechanism_loss,optimal_loss,actual_cpi_pred,mechanism_cpi_pred,optimal_cpi_pred,actual_loss_consumer,actual_loss_profit,actual_loss_cpi,actual_loss_expectation,actual_loss_security,mechanism_loss_consumer,mechanism_loss_profit,mechanism_loss_cpi,mechanism_loss_expectation,mechanism_loss_security,optimal_loss_consumer,optimal_loss_profit,optimal_loss_cpi,optimal_loss_expectation,optimal_loss_security
2016-04-27,gasoline,42.396839673275,5983.353999999999,10195945.915,0.14604640289872012,165,171.5829568848506,171.5829568848506,0.5,85.7914784424253,85.7914784424253,85.7914784424253,True,6130,6215.791478442426,0.018768191763159456,0.020278366761783437,0.010978294480869809,0.022765817951185617,0.022780694239712,0.02258160261338464,0.00043621349022820007,0.0013015733526714475,7.649748939100602e-06,0.10890000000000001,0.0,0.0004121756751770368,0.001227118248408617,7.7322604547675e-06,0.11776284437339399,0.0,0.00017151395856324127,0.0005110008911866948,6.664672053434406e-06,0.029440711093348497,0.0
2016-05-12,gasoline,44.53533986703174,5983.353999999999,4894031.2015,0.14604640289872012,120,168.10706650506384,253.89854494748914,0.75,190.42390871061684,190.42390871061684,63.4746362368723,True,6250,6406.215387153043,0.0014166224337342213,1.9199714828746238e-05,0.010724402433909113,0.02226081859818059,0.022366605629756713,0.022409900643667255,0.00010203284055666313,0.0003005590864895964,5.111300733879246e-06,0.0081,0.0,3.465738887578053e-05,0.00010048418018824141,5.600822206796167e-06,4.832725572917663e-05,0.0,1.2673973356610754e-05,3.6095917468108395e-05,5.807621112347847e-06,0.04379178185531186,0.0
2016-05-26,gasoline,47.87412315362528,5983.353999999999,4894031.2015,0.14604640289872012,210,280.7905830666906,344.2652193035629,0.75,258.1989144776722,258.1989144776722,86.06630482589071,True,6460,6664.414301630715,0.005566102694373782,0.008751894326316366,0.009249165946849889,0.02228734758268884,0.022440026651427917,0.02237772219463502,6.720438915508121e-05,0.00019000445983379763,5.231958964032481e-06,0.0324,0.0,0.00020412991499012294,0.0005675800082627935,5.953730059678531e-06,0.050790299618777644,0.0,0.0006443161040543831,0.0017802975036738196,5.65356283485997e-06,0.018373805626897544,0.0
2016-06-09,gasoline,49.297681034260485,6096.014999999999,9903935.825,0.14604640289872012,110,99.50075572334688,185.5670605492376,1.0,185.5670605492376,185.5670605492376,0.0,True,6570,6849.981362179953,0.0068625754079821985,0.02251637297294711,0.00386126243407071,0.022033501673589063,0.022011593329541782,0.02217930750981354,5.1276388266535264e-05,0.00014747274347907897,4.135129056489521e-06,0.04000000000000001,0.0,3.940484936627477e-05,0.00011360775463953024,4.0465077234569915e-06,0.13146400599271751,0.0,0.0009005691426948564,0.0025068428309945982,4.7493812223296945e-06,0.021101544820325835,0.0
2016-07-22,gasoline,45.323769115979474,6228.219999999999,9576173.727,0.14604640289872012,-155,-139.57172673647705,-139.57172673647705,0.0,-0.0,0.0,-139.57172673647705,True,6415,6849.981362179953,0.048175341846161596,0.039213503005187104,0.03925565472435184,0.02129815495816428,0.021329809496439377,0.021616171974640174,0.00030546152801235203,0.0009538131753507795,1.6852062954065032e-06,0.28090000000000004,0.0,0.0002624226088344731,0.0008153573299467269,1.7683932968203494e-06,0.22862260747801127,0.0,0.0003271537198396234,0.0009466900717316694,2.6120118516123185e-06,0.13774053584353765,0.0
2016-08-05,gasoline,41.821543066021135,6279.969999999999,4930784.809249999,0.14604640289872012,-220,-235.3097791206681,-374.88150585714516,0.5,-187.44075292857258,-187.44075292857258,-187.44075292857258,True,6195,6662.54060925138,0.04768081691931369,0.05729646836421441,0.05216543635511792,0.02062088547032769,0.020588715082645485,0.020714313199061272,0.001643252006831932,0.0054340339009107275,3.8549876726403444e-07,0.016900000000000002,0.10124188378149634,0.0017481228696130569,0.005810603534939682,3.4658544853427936e-07,0.036663098697272446,0.11541256353636498,2.189805869002237e-06,6.650571407975144e-06,5.102433463531485e-07,0.14053614343372076,0.0
2016-08-19,gasoline,44.95531466879161,6292.897999999999,4930784.809249999,0.14604640289872012,175,112.32998561032062,-75.11076731825196,1.0,-75.11076731825196,-75.11076731825196,0.0,True,6370,6587.429841933128,0.10705427566382374,0.08306692414530767,0.00866223126535444,0.020610357704979414,0.02047399283147424,0.020077605909623965,0.000759406780245083,0.0022940340342411454,3.725365280277374e-07,0.6241000000000001,0.0,0.001080193839130046,0.0033306600367952197,2.2466920428896692e-07,0.4834136240888688,0.0,7.712726462346726e-05,0.00023374764317275239,6.0226772085629274e-09,0.05047210266885935,0.0
2016-09-02,gasoline,47.59264263315335,6245.110000000001,4638615.2825,0.14604640289872012,205,130.15483416651762,130.15483416651762,0.5,65.07741708325881,65.07741708325881,65.07741708325881,True,6575,6652.507259016387,0.0006256566853151677,0.00025905169630303427,0.016845107368710317,0.02006074473525577,0.01990236181255605,0.01976010336106287,3.346642616185559e-05,9.656238141364076e-05,3.6899228612936992e-09,0.0036,0.0,0.00014591744725538097,0.0004311132917801937,9.533215647339883e-09,0.0012709009042054325,0.0,5.272823094793574e-07,1.5367480928176396e-06,5.755039737333112e-08,0.07861090818316795,0.0
2016-09-19,gasoline,46.13663267214746,6223.906,4638615.2825,0.14604640289872012,-155,-103.75471189199216,-38.67729480873335,0.0,-0.0,0.0,-38.67729480873335,True,6420,6652.507259016387,0.08882324366904344,0.037509366043212033,0.004098629102387294,0.019008648183070007,0.019113709348055553,0.01932642336151056,0.0002783083031405129,0.0008676419880435937,9.827784249304e-07,0.5184,0.0,0.00015466699644677375,0.00047431257751202145,7.855111197241142e-07,0.21885470294919238,0.0,6.670871097025613e-06,1.9598560368644652e-05,4.5370548791873444e-07,0.016940280856913705,0.0
2016-10-20,gasoline,50.22665824618214,6242.055,10322409.696,0.14604640289872012,355,243.71782996522825,205.0405351564949,0.5,102.52026757824746,102.52026757824746,102.52026757824746,True,6775,6755.027526594635,0.17813393127180174,0.08267396577548033,0.015630080277941123,0.0196613296289247,0.019427674893000332,0.01912368467419591,0.00012614172688715637,0.0003483250614779195,1.1469762024428254e-07,1.0404,0.0,3.792436462169107e-06,1.074144061844413e-05,3.275560281021815e-07,0.48294866937887104,0.0,8.838995650048942e-05,0.0002540634777349228,7.679285502391303e-07,0.04204162105726183,0.0
2016-11-17,gasoline,43.853398014610974,6345.566,9667095.747,0.14604640289872012,-365,-309.0135361297743,-206.49326855152685,0.25,-51.62331713788171,-51.62331713788171,-154.86995141364514,True,6410,6703.404209456753,0.3671485823848859,0.2093534969278297,0.03546179945709066,0.01799784149024849,0.0181092344565087,0.018621044913367028,0.0007582156509409485,0.002494792106619675,4.008638698170383e-06,2.0736,0.02732243762076214,0.0005297728608728795,0.0017119998428848844,3.57499434045395e-06,1.2220478522609912,0.0,1.464848921461829e-05,4.380367804138323e-05,1.9015171309509495e-06,0.09504097883655395,0.0
2016-12-01,gasoline,46.28107919720019,6397.923999999999,3425808.1233333335,0.14604640289872012,175,211.82630230190665,56.95635088826151,0.0,0.0,0.0,56.95635088826151,True,6585,6703.404209456753,0.19976465178320446,0.18581717230120068,0.004440574620853066,0.018616331531210346,0.018693774878262136,0.01824831777780774,0.0003359979454463039,0.000997965039293985,1.914538431522706e-06,1.1664,0.0,0.00023356886926741271,0.000685770915713666,1.7062240686590976e-06,1.0850965491901579,0.0,6.954733210547336e-05,0.00020819872633440494,3.068390607544421e-06,0.010659867489273249,0.0
2016-12-15,gasoline,52.12131287707897,6424.956,3425808.1233333335,0.14604640289872012,435,404.6088802501751,461.5652311384366,0.5,230.7826155692183,230.7826155692183,230.7826155692183,True,7020,6934.186825025971,0.046349631070679964,0.02549161216385895,0.0790961509016454,0.018786002216121468,0.018723790103037066,0.01835961465851189,0.00022514209470196736,0.0006132607758053907,1.4737906192619891e-06,0.27040000000000003,0.0,0.0001575477400577485,0.0004320003269084055,1.6287117011061448e-06,0.1486604894415208,0.0,6.390662539248944e-05,0.00018057214261295608,2.6908640685690626e-06,0.21304246259587842,0.0
2016-12-29,gasoline,53.07575348934881,6420.54,3425808.1233333335,0.14604640289872012,100,120.43406272601057,351.21667829522886,0.75,263.41250872142166,263.41250872142166,87.8041695738072,True,7120,7197.599333747393,0.07698826031492471,0.055460205060575085,0.007125678813427072,0.01819289727986632,0.018232134808019367,0.018512941836527276,0.000514741118857515,0.0014622030756848883,3.2656202411145444e-06,0.4489000000000001,0.0,0.0005891359457988785,0.0016662209557113932,3.125347337016721e-06,0.32302130765956893,0.0,0.0008334669657396932,0.002300248353094025,2.2113419815508717e-06,0.004258839708496829,0.0
2017-01-13,gasoline,53.99351442246399,6592.219999999999,5317887.004333334,0.13639340683331513,240,69.15090928209297,156.95507885590018,1.0,156.95507885590018,156.95507885590018,0.0,True,7360,7354.554412603293,0.013615736868909224,0.0018531147337755474,0.007948427699024138,0.0186003753612827,0.01827691824647473,0.01843994830220175,0.0007072052534153016,0.0019640793433955655,1.9589491293045323e-06,0.07840000000000001,0.0,0.00018427346989829428,0.0005304815522154879,2.9690107293317237e-06,0.010519847308609588,0.0,0.0006780326117450649,0.0019057361719077052,2.433761299803201e-06,0.0453327374942897,0.0
2017-01-26,gasoline,53.59469121042442,6695.227999999999,5317887.004333334,0.13639340683331513,-70,4.9418569543929785,4.9418569543929785,0.0,0.0,0.0,4.9418569543929785,True,7290,7354.554412603293,0.06584879029710293,0.0029167955219001436,0.01697405203503055,0.017948707148603485,0.01808596293614621,0.01807691193987037,0.00015866527348696536,0.00046601497407991265,4.207802362190447e-06,0.3844,0.0,0.00033091162310729794,0.0009568303211851221,3.66353788180604e-06,0.016491209603285265,0.0,0.00030358000447971246,0.0008790467858460733,3.6982676870131447e-06,0.09853958711464737,0.0
2017-02-15,gasoline,54.325999515736456,6784.26,10181992.026333332,0.13639340683331513,50,-31.98073207968033,-27.03887512528735,0.0,-0.0,0.0,-27.03887512528735,True,7340,7354.554412603293,0.009885131219159737,0.0009372933585747674,0.0006157544650817303,0.017825756412243945,0.01767416720067981,0.017733302241783013,8.517240994093437e-05,0.0002469265418853794,4.727335178898322e-06,0.0576,0.0,9.430251039929883e-06,2.7814085194257117e-05,5.4094982103935905e-06,0.005453110323916283,0.0,0.00010554280205197529,0.0003077578021134779,5.137918727105916e-06,0.0,0.0
2017-03-15,gasoline,52.055328052771,6801.446,5204902.126999999,0.13639340683331513,-85,-86.42863626810336,-113.46751139339071,0.5,-56.733755696695354,-56.733755696695354,-56.733755696695354,True,7255,7297.820656906598,0.012481464374044121,0.002032049162935179,0.004786647614119257,0.017251978220423597,0.017249354547813484,0.01730409501410661,2.1274961242702165e-06,6.330547311414843e-06,7.551623701026262e-06,0.0729,0.0,1.8261456455577213e-06,5.435493862523481e-06,7.566050403634368e-06,0.011858297082046778,0.0,2.1751542715308755e-05,6.426962897424334e-05,7.2679036929648406e-06,0.012874876141809249,0.0
2017-03-29,gasoline,49.38071351199277,6812.572,5204902.126999999,0.13639340683331513,-230,-134.5397692866529,-191.27352498334824,0.75,-143.45514373751118,-143.45514373751118,-47.81838124583706,True,7025,7154.365513169087,0.014481878993567749,0.0016137650873941083,0.006995304191706716,0.01657449911313196,0.016751864590917324,0.016736863740761266,0.00028164880140388234,0.0008857253820797618,1.173405632593372e-05,0.0841,0.0,9.18527866779714e-05,0.0002808998109700922,1.0550383635736687e-05,0.00925872448131427,0.0,4.906965387227682e-05,0.00014947215332948815,1.0648058246358561e-05,0.03008239657490301,0.0
2017-04-13,gasoline,52.84095880895715,6772.045,9552889.359,0.13639340683331513,200,180.87821619979064,133.05983495395358,0.0,0.0,0.0,133.05983495395358,True,7225,7154.365513169087,0.12661010203351025,0.0681252924710709,0.028262085397708192,0.01684872925608997,0.016812037702142707,0.016464962194077042,2.5357596054730538e-06,7.250814046766668e-06,9.930507301423286e-06,0.7395999999999999,0.0,1.4703251183709383e-08,4.2214010591446056e-08,1.0163103612559554e-05,0.3979540222733052,0.0,1.4508153626635168e-05,4.3049702401772726e-05,1.2496492289304602e-05,0.08231751305899997,0.0
2017-05-12,gasoline,48.041424392545125,6733.571,5247888.948999999,0.13639340683331513,-250,-293.3559093889389,-160.29607443498534,0.5,-80.14803721749267,-80.14803721749267,-80.14803721749267,True,6975,7074.217475951594,0.13872279203818008,0.15409121993837646,0.00955412720635335,0.015741180849496293,0.015660290915919257,0.01605660050876703,0.00020531195332605155,0.0006444755651340546,1.8137540556697117e-05,0.81,0.0,0.0003105606661247493,0.0009875182872198078,1.883307493445292e-05,0.8995920234916277,0.0,4.649070604337179e-05,0.0001403457760193917,1.5550399547456455e-05,0.02569483147926636,0.0
2017-05-26,gasoline,51.03890868988692,6708.786,5247888.948999999,0.13639340683331513,140,120.060225204291,39.91218798679833,0.0,0.0,0.0,39.91218798679833,True,7115,7074.217475951594,0.10415205765846182,0.11703612385408889,0.005683251305622104,0.016091663606624264,0.016053128189238167,0.015821100950359237,2.9178880228315776e-06,8.452851354294418e-06,1.527509336378526e-05,0.6084,0.0,1.0599215547539144e-05,3.0883599140804754e-05,1.5577797090586396e-05,0.6836516013680303,0.0,2.3411791838276914e-05,6.960889509777714e-05,1.7463197267088476e-05,0.02569483147926636,0.0
2017-06-10,gasoline,48.441866975263295,6651.615,5143969.58,0.13639340683331513,-180,-210.9973096188248,-171.08512163202647,0.5,-85.54256081601324,-85.54256081601324,-85.54256081601324,True,6935,6988.674915135581,0.07015602148554045,0.07510268876922846,0.010882144653216023,0.015257181956681054,0.01519845559072173,0.015435203255131634,0.00011861426424790452,0.0003662242446988164,2.2494322992031763e-05,0.4096,0.0,0.0001763601427353062,0.0005495873965156427,2.3054828714271417e-05,0.4383963654526342,0.0,4.585713770190719e-05,0.00013854595593617582,2.083736932196083e-05,0.02927011884384529,0.0
2017-06-24,gasoline,45.03258488301636,6620.423999999999,5143969.58,0.13639340683331513,-250,-202.6109905293957,-288.1535513454089,0.75,-216.11516350905669,-216.11516350905669,-72.03838783635223,True,6685,6772.559751626524,0.006021438563704465,0.00022880112987688764,0.015962828423784527,0.014747021350482968,0.014839133134965349,0.01481611083024028,0.0007843487721422579,0.002534132166668797,2.7593784692281786e-05,0.019600000000000003,0.0055457565009569,0.000590746928801877,0.0018808875816663552,2.6634546798612593e-05,0.0002813213914788913,0.0,0.0004445797456984095,0.0014089848899616832,2.6872706924352128e-05,0.06819681829614149,0.0
2017-07-22,gasoline,46.99182937767929,6535.9349999999995,9561067.345999999,0.13639340683331513,75,64.99909846400752,-7.039289372344712,0.0,-0.0,0.0,-7.039289372344712,True,6760,6772.559751626524,0.07239959922042234,0.049119391325593086,0.03208642766601533,0.014798223950331146,0.014778057857126482,0.014646991885411131,0.00024025255553619516,0.0007211528882260732,2.705847407090851e-05,0.42250000000000004,0.0,0.0002657523074762677,0.0008001428274879773,2.726867974351848e-05,0.28646063892422874,0.0,0.0002073306800959766,0.0006280664025068078,2.8654695874854278e-05,0.18682305559418522,0.0
2017-08-05,gasoline,50.15160002264495,6517.253000000001,9868741.298,0.13639340683331513,175,174.36838320677614,167.32909383443143,0.5,83.66454691721572,83.66454691721572,83.66454691721572,True,6935,6856.22429854374,0.00685292507786831,0.008196126449961507,0.010409506848811104,0.014835882556348278,0.0148346230771394,0.014653445164442358,1.9647988739809218e-08,5.640196925926368e-08,2.6668108971828e-05,0.04000000000000001,0.0,8.03594970507475e-09,2.3071404485495898e-08,2.6681118755220837e-05,0.04784656178057921,0.0,3.787496091016241e-05,0.00011151492697259492,2.8585648609624805e-05,0.027999025643451955,0.0
2017-09-16,gasoline,52.38592119344901,6564.921,5445319.278,0.13639340683331513,95,35.346608299556834,119.01115521677255,0.75,89.25836641257942,89.25836641257942,29.75278880419313,True,7030,6945.482664956319,0.004391906002947238,0.013240403818120897,0.0007381777116591518,0.014677685764901966,0.014561735243434269,0.014668518934456707,1.3089980056399283e-05,3.790039924404414e-05,2.8327028817127177e-05,0.0256,0.0,1.1475039776047033e-06,3.369648553872164e-06,2.957472356250494e-05,0.07730821559341422,0.0,9.271503420448704e-06,2.711609783655392e-05,2.8424690352246656e-05,0.00012516326618684418,0.0
2017-09-30,gasoline,55.187765045612345,6609.59,5445319.278,0.13639340683331513,210,171.151490855452,200.90427965964514,0.75,150.67820974473386,150.67820974473386,50.22606991491128,True,7240,7096.160874701053,0.009133157356831323,0.01268219464299251,0.004614035166789118,0.014909966689313003,0.014835475816637791,0.014799734689500507,0.0002602999261630545,0.0007329583975611237,2.590843910390324e-05,0.0529,0.0,0.00017278089554240673,0.0004905418894758947,2.6672310040533094e-05,0.07377186450408194,0.0,2.5590747316180022e-05,7.34138015711721e-05,2.7042759299584392e-05,0.015089588619785587,0.0
2017-11-03,gasoline,57.00834724985867,6762.785,5193268.4895,0.13639340683331513,150,89.12985930082701,139.35592921573829,1.0,139.35592921573829,139.35592921573829,0.0,True,7390,7235.516803916791,0.0025310563552692566,0.00464129433693085,9.600048502568256e-05,0.014910770056848552,0.014797438783161013,0.014896211616539068,0.0002174886427290935,0.0006186898915258716,2.5900261414269293e-05,0.0144,0.0,0.00010356389992203305,0.0002983612787532035,2.7066643214957165e-05,0.02691019217153062,0.0,9.882856417477921e-06,2.8461212696503416e-05,2.604865586315076e-05,0.0005127761455090894,0.0
2017-11-17,gasoline,60.43819147787639,6839.96,5193268.4895,0.13639340683331513,265,179.49216161645785,179.49216161645785,1.0,179.49216161645785,179.49216161645785,0.0,True,7655,7415.008965533249,0.009274661475096436,0.005726444736580116,0.0011383311120330274,0.015206182774241859,0.015050211177011422,0.015057201492374873,0.0007802172741671791,0.00215960841669294,2.2980683593975486e-05,0.0529,0.0,0.00046996352954806273,0.0013233554820627307,2.4500409392182656e-05,0.03266138271912585,0.0,0.00010827256163716785,0.000308073604622936,2.443125708698119e-05,0.006443668605298283,0.0
2017-12-29,gasoline,62.21587332766389,6987.75,9909746.214,0.13639340683331513,70,31.85656603080484,31.85656603080484,0.0,0.0,0.0,31.85656603080484,True,7725,7415.008965533249,0.02616493498882894,0.015023272249298433,0.02287828630177412,0.014998445570933328,0.014931278157500387,0.014875181395397823,0.00043912786907655805,0.001255773399943444,2.5015546706916453e-05,0.1521,0.0,0.00033240444288291167,0.0009577975064577386,2.5691941116632675e-05,0.08718507633572198,0.0,1.9166622239914983e-06,5.66045343003724e-06,2.6263765730076605e-05,0.1288697443269945,0.0
2018-01-13,gasoline,66.11343927180071,7104.843999999999,5195912.244,0.13474034151009923,180,156.28639151490952,188.14295754571435,0.5,94.07147877285718,94.07147877285718,94.07147877285718,True,7905,7509.080444306106,0.008457839626282921,0.010752678876512243,0.013148241797657135,0.015016994336713123,0.014975615032148212,0.014873914959488739,0.000604573410031863,0.0016992125054919737,2.483034544034909e-05,0.0484,0.0,0.0005254332086266994,0.0014835759061459534,2.5244444305175012e-05,0.061931125880018985,0.0,1.298541728811348e-05,3.803169723680489e-05,2.6276747842553343e-05,0.035397772474048475,0.0
2018-01-27,gasoline,67.75322721683503,7178.954,5195912.244,0.13474034151009923,65,15.41229530970337,109.48377408256054,1.0,109.48377408256054,109.48377408256054,0.0,True,7970,7618.564218388667,0.009211867485149067,0.013704681755499541,0.00016860812983784254,0.014812542565638812,0.014727984281400834,0.014898241048666128,0.0005395073819769831,0.001540793970425485,2.690971463330917e-05,0.0529,0.0,0.0003918682008931618,0.001129873993442495,2.779414973715668e-05,0.0793820439265347,0.0,1.813556609160914e-06,5.278496251828054e-06,2.6027944397515295e-05,0.0009501553868540176,0.0
2018-02-10,gasoline,65.67800657880974,7239.48,10805669.170000002,0.13474034151009923,-170,-150.54472341056493,-150.54472341056493,0.0,-0.0,0.0,-150.54472341056493,True,7800,7618.564218388667,0.03783437874901221,0.018884416153139495,0.026354549389406245,0.014437202832769952,0.014470107925442517,0.014724727182712824,4.706747401900401e-05,0.0001406960946745576,3.0944712323742655e-05,0.22089999999999999,0.0,6.743491264365315e-05,0.00020081165658546936,3.0579706356253666e-05,0.11016692825007793,0.0,3.520587241245636e-05,0.00010489937058311454,2.7828503296808982e-05,0.04794678714944463,0.0
2018-03-01,gasoline,64.32478933099402,7194.950999999999,5092628.8525,0.13474034151009923,-190,-48.93205816678833,-199.47678157735325,0.5,-99.73839078867663,-99.73839078867663,-99.73839078867663,True,7610,7518.82582759999,0.00028368754657221064,0.007089657291096037,0.014803564304548942,0.014232143782677582,0.014475934832556,0.014384027362464616,9.814435457235506e-06,2.981217398436465e-05,3.326816534370488e-05,0.0016,0.0,4.687110493662493e-05,0.00013799525289794688,3.0515295974168122e-05,0.04130053495177522,0.0,9.417052059888799e-05,0.0002864492993362309,3.153914866554614e-05,0.03979098638845909,0.0
2018-03-29,gasoline,65.81290998890657,7169.706,5092628.8525,0.13474034151009923,170,61.938015506460296,-37.80037528221633,0.0,-0.0,0.0,-37.80037528221633,True,7780,7518.82582759999,0.08878104962814534,0.008426445025975397,0.007979219085258426,0.01453915593188952,0.014347742543001075,0.014238029904419785,0.00011932957316939103,0.00034017961875747546,2.982081793621742e-05,0.5184,0.0,1.024894665121229e-05,2.984997642785239e-05,3.194801436019996e-05,0.04916869294524631,0.0,6.154669124603162e-05,0.00018407002840959308,3.320029938236068e-05,0.03979098638845909,0.0
2018-04-13,gasoline,67.1364923044488,7165.084999999999,5134429.475,0.13474034151009923,55,86.37023400264391,48.56985872042758,0.0,0.0,0.0,48.56985872042758,True,7835,7518.82582759999,0.009125971374722423,0.0004986106315243269,0.0019105712322272086,0.014195139350586115,0.014249492184344735,0.014099845007022332,0.0002256594967419219,0.0006503964664472183,3.36964071591138e-05,0.0529,0.0,0.00029662023316307065,0.0008497101056995481,3.30683401379123e-05,0.0023877332025810274,0.0,5.613556151004399e-05,0.00016777115132556006,3.481182894115931e-05,0.0,0.0
2018-04-27,gasoline,71.45750403433306,7178.299999999999,5134429.475,0.13474034151009923,255,258.6832314514729,307.2530901719005,0.5,153.62654508595026,153.62654508595026,153.62654508595026,True,8090,7672.45237268594,0.02767143348160038,0.020617353314663963,0.03505019984324447,0.014407772361612264,0.014414109220554663,0.014244477648715526,0.0010036476614004577,0.0027767298057544934,3.127300995954768e-05,0.16000000000000003,0.0,0.001019796317502045,0.0028194480583635106,3.120217579989244e-05,0.1187670763592006,0.0,6.742745436942589e-06,1.941330135132373e-05,3.3126037536135164e-05,0.09440446142018202,0.0
2018-05-12,gasoline,73.11339128033123,7270.8949999999995,4991426.0934999995,0.13474034151009923,100,123.8461601408466,277.47270522679685,0.75,208.10452892009764,208.10452892009764,69.36817630669921,True,8190,7880.556901606037,0.016725678993080105,0.01275175163545656,0.005917690355434267,0.014272570936570675,0.014312304175132627,0.014471568914567438,0.0009662129979484658,0.002727224257596974,3.2803443676614915e-05,0.0961,0.0,0.0010686688224933237,0.0030030616289870027,3.2349883796213756e-05,0.07272414319850769,0.0,0.00010617846374728375,0.00030146662175163283,3.056355026637706e-05,0.011871402890534495,0.0
2018-05-26,gasoline,75.7600727398957,7321.165999999999,4991426.0934999995,0.13474034151009923,260,173.4331037481288,242.801280054828,1.0,242.801280054828,242.801280054828,0.0,True,8450,8123.358181660865,0.018075325154899225,0.0021033572250562954,0.0009784375230714522,0.014748817698009165,0.014606338331598199,0.014736202421539592,0.0019805076494705696,0.005415461973404304,2.7574915568741767e-05,0.1024,0.0,0.0015034397054663436,0.0041759927386972075,2.909158619318691e-05,0.009835459905247132,0.0,0.0005374275644107359,0.0015016632598589372,2.770756494700566e-05,0.004815458157221651,0.0
2018-06-09,gasoline,71.57248681191464,7459.885,5122005.898,0.13474034151009923,-130,-169.96591349832568,-169.96591349832568,0.0,-0.0,0.0,-169.96591349832568,True,8320,8123.358181660865,0.10433684973546518,0.08089973666896091,0.0635291879548917,0.01436397768899143,0.014300222275702965,0.01457135950519457,0.0006450279524226966,0.001881755576590813,3.176474749018639e-05,0.6084,0.0,0.0005189123653822995,0.0015250129567689744,3.248746610639269e-05,0.471691540183323,0.0,0.0001614961139168727,0.0004697944300944291,2.9470137621841356e-05,0.2358098463850521,0.0
2018-06-26,gasoline,71.34368611064708,7523.008,5122005.898,0.13474034151009923,-55,16.615235212308775,-153.3506782860169,0.5,-76.67533914300844,-76.67533914300844,-76.67533914300844,True,8265,8046.682842517856,0.003944223606842316,0.023981493596782148,0.008738216458787154,0.014326228226369985,0.014442257113449233,0.01428810332157971,0.00030417388183462255,0.0008865623332963714,3.219168613924069e-05,0.0225,0.0,0.0004913465830732519,0.0014133413762903594,3.088850599300566e-05,0.13925010021671957,0.0,8.70279743391097e-06,2.5802262680564388e-05,3.262576366494874e-05,0.023516430530781455,0.0
2018-07-10,gasoline,75.52675702206679,7570.405,5498064.225000001,0.13474034151009923,270,247.03431453195307,170.35897538894463,0.5,85.17948769447231,85.17948769447231,85.17948769447231,True,8535,8131.862330212329,0.072610103325632,0.03661460144005725,0.02375716466679003,0.014587595947050187,0.014550140017034894,0.014289931750557951,0.001016253800215226,0.002810738991965613,2.929411763238757e-05,0.42250000000000004,0.0,0.0009227765756988139,0.0025627183713983026,2.970097383392443e-05,0.21237180845805015,0.0,2.821036689716022e-05,8.179622148891343e-05,3.2604879413286185e-05,0.10478793988236348,0.0
2018-07-24,gasoline,71.84604043418894,7573.593999999999,5498064.225000001,0.13474034151009923,-125,-137.02129850027902,-51.8418108058067,0.0,-0.0,0.0,-51.8418108058067,True,8410,8131.862330212329,0.1069938544824584,0.10114584428479968,0.00713257087082827,0.013951549787512897,0.013932563857044588,0.014148969501238791,0.0005327413996572918,0.0015565980372157684,3.658374997293528e-05,0.6241000000000001,0.0,0.0004974087444958527,0.0014565410691378105,3.681378134884165e-05,0.5899948556062543,0.0,2.5540803645796546e-05,7.485650290172038e-05,3.423455789743385e-05,0.02902218049557104,0.0
2018-08-07,gasoline,72.24956008101798,7638.575,5141021.8935,0.13474034151009923,70,32.13091731342869,-19.710893492378013,0.0,-0.0,0.0,-19.710893492378013,True,8480,8131.862330212329,0.02619464386710036,0.01971993844648403,0.0003183506652981938,0.014127748618153288,0.014067050836410515,0.014015550370385835,0.0005387745784845343,0.0015385728715874222,3.448333629160063e-05,0.1521,0.0,0.00043053567975106225,0.001237914923588994,3.5199885777737176e-05,0.1144498884587486,0.0,1.4842285602141507e-07,4.369908104014459e-07,3.5813637369389124e-05,0.0,0.0
2018-08-21,gasoline,69.1787498069334,7676.288,5141021.8935,0.13474034151009923,-50,-129.38889547571105,-149.09978896808906,0.5,-74.54989448404453,-74.54989448404453,-74.54989448404453,True,8430,8057.312435728284,0.009951962914000217,0.017913570308472654,0.008275224259743245,0.01380979065422631,0.013683593971861047,0.013765692746645054,0.0002968739813138028,0.0008648483251788183,3.831869174450395e-05,0.0576,0.0,0.00014569267170854163,0.00043061844983174137,3.9896985112310104e-05,0.10435459969375499,0.0,5.357715619055978e-05,0.00016156261775507636,3.886658692923409e-05,0.022230747070328693,0.0
2018-09-04,gasoline,72.78311549184721,7762.94,5493699.1855,0.13474034151009923,180,212.3774963561236,137.82760187207907,0.5,68.91380093603954,68.91380093603954,68.91380093603954,True,8610,8126.226236664324,0.03637495978071542,0.08015933191231055,0.017922951760041557,0.013940608672746218,0.013992381242129233,0.01376807560368613,0.0005222537040146979,0.0014730975056689382,3.671622325679835e-05,0.2116,0.0,0.0006217782827370106,0.001743792866219848,3.60914831399207e-05,0.4672170663430046,0.0,7.873292732568372e-05,0.00023392463006842828,3.8836881681372e-05,0.08232732761434658,0.0
2018-09-18,gasoline,74.11763302719488,7799.846,5493699.1855,0.13474034151009923,145,117.6660879835556,186.57988891959513,0.75,139.93491668969637,139.93491668969637,46.64497222989877,True,8755,8266.16115335402,0.0010838753924236094,0.006360752402923879,0.005203466141049474,0.013882050757312397,0.013839256778141205,0.013887163347539767,0.0008562409495485104,0.0024106249321640843,3.7429302936101826e-05,0.004900000000000001,0.0,0.0007580598959742171,0.002144424088412476,3.7954757045679084e-05,0.03588100350366138,0.0,4.426795509159625e-06,1.2869863484703509e-05,3.7366771939661235e-05,0.020175995531577288,0.0
2018-10-01,gasoline,76.98512082710351,7903.82,5958000.7655,0.13474034151009923,240,172.00315055662983,218.6481227865286,0.75,163.98609208989646,163.98609208989646,54.662030696632144,True,8995,8430.147245443917,0.006559927704884722,0.002323544133512122,0.0027944611967089025,0.014137274885829682,0.014032582120702585,0.014035169759366167,0.001358836460545903,0.0037588690696857448,3.437154576432337e-05,0.0361,0.0,0.0010659407717528663,0.002982977905371037,3.561007614615846e-05,0.011810065476280739,0.0,2.054065528518176e-06,5.924028198026934e-06,3.5579199799579875e-05,0.0023138361525247603,0.0
2018-10-20,gasoline,77.91850696573522,7951.442,5958000.7655,0.13474034151009923,165,93.2528611835263,147.91489188015845,1.0,147.91489188015845,147.91489188015845,0.0,True,9160,8578.062137324076,0.0043717318787587145,0.0046713844206465755,0.00020063011033989608,0.014155107605576797,0.014047588052815927,0.01414435637050556,0.0018661834249700088,0.005175168829780135,3.4162767102386206e-05,0.0225,0.0,0.0015093754190337837,0.0042361539342781205,3.54312079889797e-05,0.024806432305390164,0.0,5.926749940978737e-05,0.00017028028391483885,3.4288562315638817e-05,0.001033133904725932,0.0
2018-11-03,gasoline,72.54628464866491,7970.945,5723211.4684999995,0.13474034151009923,-375,-306.89986142267765,-306.89986142267765,0.25,-76.72496535566941,-76.72496535566941,-230.17489606700823,True,8785,8501.337171968406,0.19977914833378363,0.10980049607276071,0.07694652018885986,0.01345933564925494,0.013559551531069384,0.013890616238287235,0.00035400874612960586,0.0010669499839490748,4.278029014910729e-05,1.1664,0.0,0.0005276462358610132,0.0015716183311311252,4.147937648095072e-05,0.6404888056366304,0.0,1.923451800886954e-06,5.708584031873308e-06,3.732456994787962e-05,0.2018522618357325,0.0
2018-11-17,gasoline,64.89815719013242,7963.598,5723211.4684999995,0.13474034151009923,-510,-425.9952697573099,-656.1701658243181,0.5,-328.08508291215907,-328.08508291215907,-328.08508291215907,True,8275,8173.252089056246,0.01253599114792877,0.009737080951078957,0.12949401477241718,0.012988471388147512,0.013117369336841872,0.01325080652626878,0.0001560450201879725,0.0005003425613712904,4.916153347482608e-05,0.0729,0.0,5.133982600666032e-05,0.0001612115928802919,4.737060484544449e-05,0.056734865145571196,0.0,0.0003706250005171633,0.0011798369929700383,4.555161254585609e-05,0.25272763479204924,0.0
2018-12-01,gasoline,57.47630975735433,7712.42,3566871.4790000003,0.13474034151009923,-540,-440.81427464748793,-768.899357559647,0.5,-384.4496787798235,-384.4496787798235,-384.4496787798235,True,7735,7788.802410276423,0.03308223245307605,0.001934212894821812,0.1290712545477716,0.012285799794007912,0.012447371459412979,0.012531392060224526,0.0009708110724731864,0.0032582179057491435,5.950888481812839e-05,0.0036,0.07350708932472161,0.0006046578075099195,0.0019764364638183885,5.7042197872089645e-05,0.0008784116237404788,0.003634621662169435,0.0007710126594053443,0.0025193678587860004,5.578010455807726e-05,0.01270787066930054,0.019226720041198186
2018-12-15,gasoline,56.98627403563451,7564.652,3566871.4790000003,0.13474034151009923,-125,-102.93004666218256,-487.3797254420061,0.75,-365.5347940815046,-365.5347940815046,-121.8449313605015,True,7610,7423.267616194918,0.11821286715162525,0.07843007496944371,0.07507410750314854,0.012266694078164256,0.01230515548158203,0.011851913361208432,0.0009188768092061545,0.0029204295389737207,5.980402048069979e-05,0.6889,0.0,0.0008286851946718364,0.002618009872097397,5.92106321626271e-05,0.4566630060849033,0.0,0.0018542618573971134,0.006248287766541374,6.639131587325368e-05,0.0014310914526027983,0.14257183375716087
2018-12-29,gasoline,51.25025677943197,7466.139999999999,3566871.4790000003,0.13474034151009923,-370,-352.1609207702925,-474.005852130794,0.25,-118.5014630326985,-118.5014630326985,-355.5043890980955,True,7240,7304.76615316222,43.87605557221686,0.12394800534827237,0.19237810136162947,0.011186021485883354,0.011217620374484294,0.01162622811566384,0.0024344279659573144,0.008323789940783234,7.768621724730989e-05,0.24009999999999998,100.19953998931787,0.0023128383175997826,0.007867712956359447,7.713019188667341e-05,0.2484641144347701,0.1844408328072391,0.0020582514424015057,0.00673902797853419,7.012005557089877e-05,0.24410186659627603,0.11166697598146125
2019-01-15,gasoline,53.62385738254757,7323.6849999999995,5216883.113666668,0.13275198293056265,105,44.81157768235306,-310.6928114157424,0.25,-77.6732028539356,-77.6732028539356,-233.01960856180682,True,7345,7227.092950308284,0.15481448541925305,0.11441616578879811,0.07476523541192362,0.011823299564650088,0.011711237550596042,0.011484471062970214,0.0010542646431599583,0.0032601845580156373,6.685843000945146e-05,0.9025,0.0,0.0013570702696346735,0.004268822811281606,6.87035829426491e-05,0.6303486581109427,0.013937094544626438,0.0016681581059461211,0.005382462864419707,7.251423307739165e-05,0.006667787316899022,0.06782663675719713
2019-01-29,gasoline,57.5914267742096,7238.2119999999995,5216883.113666668,0.13275198293056265,245,141.962482125215,-91.05712643659183,0.0,-0.0,0.0,-91.05712643659183,True,7590,7227.092950308284,0.013452472615123123,0.006545706855813573,0.013829750866341263,0.011943266704127126,0.011754168406835654,0.011493633562801735,6.43824283610253e-05,0.00018635307437669187,6.49109514008266e-05,0.07840000000000001,0.0,0.00024078128901166648,0.0007169281359786269,6.799373866282726e-05,0.037753192936264356,0.0,0.001201365635140851,0.0037869898294473946,7.23582699638931e-05,0.024132505766354527,0.006163555884425742
2019-02-15,gasoline,58.91424279892484,7157.985,11492102.228666667,0.13275198293056265,50,74.01842618112357,-17.038700255468257,0.0,-0.0,0.0,-17.038700255468257,True,7640,7227.092950308284,0.02605272870508048,0.003179169243820329,0.00048645465113416686,0.011591105617837466,0.011633762273284878,0.011502305762414514,3.2709124119062915e-06,9.554086802034214e-06,7.070950473036463e-05,0.1521,0.0,1.2496707370668537e-05,3.632674466402909e-05,6.999393369991142e-05,0.018465578952535297,0.0,0.0008167495837037725,0.002543957123268649,7.221080735549358e-05,0.0,0.0
2019-03-01,gasoline,62.15537233921507,7245.852999999999,5229608.432999999,0.13275198293056265,270,172.00853260044428,154.96983234497603,0.5,77.48491617248801,77.48491617248801,77.48491617248801,True,7910,7304.577866480772,0.03321116097034424,0.006604075583390559,0.00918355026224304,0.011986894903066099,0.011814001296873365,0.011655037094693312,0.00020464104763971775,0.000574223369560532,6.420985329450807e-05,0.1936,0.0,5.4391208853620516e-05,0.00015556243950936397,6.701057476759095e-05,0.038408243824279195,0.0,0.0008746650564518125,0.0026998976472902216,6.963840589094465e-05,0.024015648937029975,0.0
2019-03-29,gasoline,64.18432514642905,7297.644,5229608.432999999,0.13275198293056265,80,87.27408260169162,164.75899877417964,0.75,123.56924908063473,123.56924908063473,41.18974969354491,True,7990,7428.147115561407,0.02480226580460524,0.005004099244477574,0.002996423063575959,0.011791404244244307,0.011803800364342256,0.011883106177080396,0.00024737856418990484,0.0007103726017973016,6.738104428141038e-05,0.1444,0.0,0.0002634066118365721,0.0007553465896148322,6.717768846755614e-05,0.028719708066364463,0.0,0.0005929494554129369,0.001800412622541886,6.588396533255042e-05,0.00849506295835558,0.0
2019-04-13,gasoline,67.7074125661637,7388.83,5203551.0595,0.13275198293056265,-50,168.19382500329834,209.38357469684325,0.75,157.03768102263246,157.03768102263246,52.3458936742108,True,7940,7585.18479658404,0.011594662168338264,0.004612096295895826,0.0030832304085407552,0.01178658276003862,0.012154694532426243,0.012155912488930835,3.0080315309388354e-05,8.867756441573787e-05,6.746022275769484e-05,0.06760000000000001,0.0,0.0004161196337257659,0.0011768780719506413,6.15488178795427e-05,0.026192018841369555,0.0,0.00038837620218476184,0.0011637226938992344,6.152970888131126e-05,0.004480543746624534,0.0
2019-04-27,gasoline,69.11899911641486,7419.106,5203551.0595,0.13275198293056265,195,57.45213562653202,109.79802930074283,1.0,109.79802930074283,109.79802930074283,0.0,True,8135,7694.982825884783,0.04119004714455535,0.00842474556487095,0.0015962486067279983,0.012460198535669426,0.012226682139528225,0.012324269842097,0.0002771737158195504,0.0007840963766556164,5.684860612152147e-05,0.24009999999999998,0.0,5.224049674601145e-05,0.00015169120796216154,6.04244705599295e-05,0.04905488706408079,0.0,0.00019548741233564023,0.0005831491164189098,5.8916833456941615e-05,0.00892633877922172,0.0
2019-05-14,gasoline,67.89285334783487,7523.12,5434433.2469999995,0.13275198293056265,-75,-25.859273361364075,-25.859273361364075,0.0,-0.0,0.0,-25.859273361364075,True,8060,7694.982825884783,0.0499341556683368,0.0047797041501041505,0.008936452060223005,0.012164217213432423,0.012245644140794569,0.01228849334791187,1.4754844996893194e-05,4.3697676852883933e-05,6.139949187826876e-05,0.2916,0.0,5.128320619894852e-05,0.0001504715854735131,6.013003479119361e-05,0.02776316347019398,0.0,0.00046186348320991004,0.001418697409083341,5.946733484519948e-05,0.04822242895330712,0.0
2019-05-28,gasoline,68.00149017161712,7573.418,5434433.2469999995,0.13275198293056265,50,56.94525428735654,31.085980925992466,0.0,0.0,0.0,31.085980925992466,True,8110,7694.982825884783,0.010714927782540722,0.004711880139288468,0.0009698047515389153,0.012338253012007548,0.012349868491427746,0.012254631311925637,1.3021450330707047e-05,3.798267538971739e-05,5.8702366908011414e-05,0.0625,0.0,1.6638615459517628e-05,4.84700721383203e-05,5.852451209845e-05,0.027426359196510944,0.0,0.0006315486059688038,0.001953822695303169,5.999073611420279e-05,0.0,0.0
2019-06-12,gasoline,60.803864299344106,7612.645,5105936.3975,0.13275198293056265,-465,-401.1308578789897,-370.0448769529972,0.25,-92.5112192382493,-92.5112192382493,-277.5336577147479,True,7645,7602.4716066465335,0.20670040951874552,0.14885115541319507,0.07664161525308227,0.011449694063377914,0.011555852437607931,0.012060523174482397,0.0009358383826162827,0.0031100499824410705,7.310773160983489e-05,1.0609,0.05667231358731106,0.0006912517723779388,0.0022579352056242945,7.130362805545193e-05,0.8393348981497399,0.011310773566945098,0.0011794599578729258,0.003762371000897838,6.303529226293107e-05,0.03423330273978971,0.020112047679172074
2019-06-26,gasoline,60.31181874518448,7616.062,5105936.3975,0.13275198293056265,-120,-101.5675800752677,-379.1012377900156,0.25,-94.7753094475039,-94.7753094475039,-284.3259283425117,True,7525,7507.69629719903,0.11226346590957192,0.08630214379165303,0.09787340922877183,0.01182727377392334,0.01185977418816345,0.011870815641069461,0.0016050804800557615,0.005198592048105427,6.679345396640126e-05,0.4760999999999999,0.06919060832615909,0.0015044809702467565,0.00484808446393953,6.626327626769003e-05,0.3589526296340397,0.05575852059456299,0.0017119862126771894,0.005540412710984506,6.608363834148092e-05,2.0504417902570234e-05,0.07468197273712618
2019-07-10,gasoline,62.23218388585334,7508.369999999999,9872437.775,0.13275198293056265,150,48.91147160222594,-235.41445674028577,0.25,-58.85361418507144,-58.85361418507144,-176.56084255521432,True,7675,7448.842683013958,0.050069909468931514,0.015767038870315095,0.04465667484061129,0.012128004908338168,0.01194692119138559,0.011753634516837504,0.00048646622474055794,0.0014660667279228323,6.196830672314798e-05,0.2916,0.0,0.000851109967566716,0.002636454538086188,6.485207829775448e-05,0.09057577997503118,0.0,0.0014450202874116136,0.004622842076635822,6.800254368189383e-05,0.005161472762108249,0.04203844026981951
2019-08-07,gasoline,59.78548531751208,7413.043,5236898.556750001,0.13275198293056265,-80,-132.88519684719734,-309.44603940241166,0.25,-77.36150985060291,-77.36150985060291,-232.08452955180874,True,7595,7371.481173163355,0.036359538816051126,0.02281769643089109,0.05931968440584706,0.011607887397119808,0.011515003640610609,0.011608396181035955,0.00041925368367971204,0.0012990638231122017,7.042755393942056e-05,0.2116,0.0,0.0005850607541147254,0.0018392539126009034,7.199516321885123e-05,0.13220011463723813,0.0,0.001346645909653239,0.004308372260746337,7.041901465445195e-05,0.0013701688078647943,0.03561314719873132
2019-08-21,gasoline,56.781321350083445,7351.448,5236898.556750001,0.13275198293056265,-210,-147.65089853976062,-379.73542809156936,0.25,-94.93385702289234,-94.93385702289234,-284.80157106867705,True,7385,7276.547316140463,0.018784552690376453,0.0003721743143886967,0.09094196452985454,0.011238213383690245,0.011348872309755391,0.011437326977211412,0.0009548912323636164,0.003075449637460703,7.676890470974475e-05,0.06760000000000001,0.015799202124068712,0.0007015800041194638,0.0022205570445819386,7.484201031291704e-05,0.0008721037858950649,0.0,0.001532912879616424,0.004941167333252185,7.331936929519147e-05,0.0012351495405738726,0.05798854560636402
2019-09-04,gasoline,57.816294465619606,7315.914999999999,5164827.531500001,0.13275198293056265,115,92.42867299716372,-192.37289807151333,0.0,-0.0,0.0,-192.37289807151333,True,7500,7276.547316140463,0.07245942356445172,0.03962171131560949,0.04570987809495426,0.011658921383950355,0.011617722009377896,0.011449012233494232,0.00041663035151197597,0.0012570806617777683,6.957359247912066e-05,0.42250000000000004,0.0,0.00048566300703894544,0.0014745475346288424,7.026258431206774e-05,0.23055280267741265,0.0,0.0013516717678986718,0.004278496197968143,7.311939178293131e-05,0.03604974883697186,0.021757728548877253
2019-09-19,gasoline,61.16112727142305,7301.638,5164827.531500001,0.13275198293056265,125,180.36717840663857,-12.00571966487476,0.0,-0.0,0.0,-12.00571966487476,True,7625,7276.547316140463,0.00011272298595203518,0.005320364690093732,0.006561213415148051,0.011684735826991184,0.011784247759129955,0.011460072192771117,0.0001047295801702891,0.0003094738497221172,6.9143618266924e-05,0.0004,0.0,3.924566675911727e-05,0.00011424750506944115,6.749858488336118e-05,0.030932722934608956,0.0,0.0012744712378865788,0.004025668736485366,7.293036695268113e-05,0.0,0.013840135779966678
2019-10-22,gasoline,57.12562169048032,7329.84,10836076.226,0.13275198293056265,-150,-235.3656320066696,-247.37135167154437,0.0,-0.0,0.0,-247.37135167154437,True,7475,7276.547316140463,0.05195333883653332,0.12095838988744971,0.062301417363608495,0.011205363567110863,0.011054450362199824,0.011470540315698484,0.0005238976462698404,0.0016467852592252895,7.734562998670098e-05,0.30250000000000005,0.0,0.0008370376591027515,0.0026944763352700217,8.002285832234686e-05,0.6913350786165905,0.005364700931310473,0.001428994883809972,0.004532507122079298,7.275168250612492e-05,0.0,0.029509618718546626
2019-11-05,gasoline,58.82863583797074,7367.397000000001,5029172.0385,0.13275198293056265,105,62.424369412822166,-184.94698225872222,0.0,-0.0,0.0,-184.94698225872222,True,7580,7276.547316140463,0.04463677698260669,0.06086932195573535,0.04998748341602219,0.011669796887192956,0.011593019395043713,0.011480448272398785,0.00033916236215354484,0.00102093738572205,6.939228390062018e-05,0.2601,0.0,0.00046032622713508396,0.0014019217388895001,7.067732289211119e-05,0.3547155397816836,0.0,0.0016474201499768616,0.00525411488396935,7.258276163927285e-05,0.0,0.050561995679123894
2019-11-19,gasoline,60.38635653789781,7391.4400000000005,5029172.0385,0.13275198293056265,70,57.33953546583127,-127.60744679289095,0.0,-0.0,0.0,-127.60744679289095,True,7650,7276.547316140463,0.0009190740774498252,0.00010620451534982251,0.04163901752812821,0.011614309846154074,0.011591795234229318,0.01148982603827488,0.00022842704223688002,0.0006865084984407741,7.031979935630852e-05,0.004900000000000001,0.0,0.00025632754928337685,0.0007730059757668515,7.06979073831288e-05,0.00010342214507388413,0.0,0.0017947321325506801,0.005744040811267126,7.242306085882424e-05,0.0,0.06414969949150229
2019-12-03,gasoline,61.6447790105661,7450.41,5261351.740999999,0.13275198293056265,55,87.89816178529668,-39.709285007594275,0.0,-0.0,0.0,-39.709285007594275,True,7705,7276.547316140463,0.0002381565369467201,0.0007039836805307713,0.044729410163808575,0.011595615709262751,0.011653584498171336,0.011498701984697232,0.00024111617911616815,0.0007267240374601884,7.063367530639106e-05,0.0009,0.0,0.000174717063831693,0.0005219734133178666,6.966265172916585e-05,0.0037353185701308965,0.0,0.0021803351008791495,0.007038130884498732,7.22720679449908e-05,0.0,0.09783927759517974
2019-12-31,gasoline,65.79524728050137,7482.209999999999,5261351.740999999,0.13275198293056265,235,227.7799153800312,188.07063037243694,0.75,141.05297277932772,141.05297277932772,47.01765759310922,True,7940,7417.600288919791,0.02219958314765292,0.013412832820918647,0.0209688567110287,0.01191823304173678,0.011905601578140945,0.011768403871205143,1.9169524535888275e-06,5.493533046970144e-06,6.531495716767516e-05,0.1296,0.0,3.5698735120970284e-06,1.0249670570865325e-05,6.551928581179436e-05,0.07826761995495211,0.0,0.0015150672494125687,0.004721108795761131,6.775917482759049e-05,0.07958376451954306,0.011701630738278457
2020-02-05,gasoline,56.51253007511973,7460.110000000001,4446113.120499999,0.13022159358793023,-420,-546.1838171183399,-499.1661595252307,0.25,-124.79153988130767,-124.79153988130767,-374.374619643923,True,7520,7292.808749038483,0.3092439856227903,0.4678367459553798,0.2121149792256902,0.011049334431649838,0.010835110893109033,0.01153559214599919,0.0008219229896250932,0.0027077353316687495,8.011441411644913e-05,1.7161000000000002,0.03477021761370236,0.0013939625196170112,0.004756325222163438,8.399519234160872e-05,2.396079436891241,0.13079823425893822,0.0020973314744865278,0.006879139547555505,7.164620031887062e-05,0.2826932196470828,0.11646632384328104
2020-02-19,gasoline,53.91955130446159,7434.13,4446113.120499999,0.13022159358793023,-415,-203.5411198372661,-577.9157394811891,0.0,-0.0,0.0,-577.9157394811891,True,7105,7292.808749038483,43.9592840733303,0.12526458202570656,0.3130139011665032,0.010798119540287386,0.011177165714533123,0.011542019073808621,0.003232368808340595,0.01130473251880286,8.467460399484083e-05,0.0001,100.48310656741003,0.0017591633733837317,0.005788633530548103,7.784240482880983e-05,0.4696160720001982,0.10132518790154799,0.0019612609087308382,0.006300893072436952,7.153744134781718e-05,0.062291713703792016,0.07900482764018113
2020-03-18,gasoline,36.82233377727081,7168.754999999999,7667176.181,0.13022159358793023,-1015,-89.82294244593515,-667.7386819271243,0.25,-166.93467048178107,-166.93467048178107,-500.80401144534324,True,6090,7125.874078556702,50.88007269000289,0.05598985105675803,0.24345179749826598,0.009622413792977813,0.011377687319061908,0.011239544840065337,0.012833105962064259,0.05623323017423373,0.00010769429548417714,1.44,115.73150403323517,0.002055612587550317,0.006706339034308604,7.434427596786583e-05,0.051727295476824864,0.10629737657279303,0.0013445017259057534,0.004358328356724188,7.674557460922587e-05,0.11146873683544331,0.05327898057516145
2020-06-29,gasoline,40.36722861556009,6438.177,9971345.506000001,0.13022159358793023,120,145.34868109642406,-355.4553303489192,0.75,-266.59149776168937,-266.59149776168937,-88.86383258722981,True,6210,6859.282580795013,44.69785087220472,43.83156582094904,0.013135905128618192,0.011527425917507425,0.011583533570884845,0.010757510008132304,0.002917051926384041,0.009359300586011332,7.17845115833249e-05,5.1529,100.15539839706071,0.002691112453308849,0.008561576120536204,7.083690715242242e-05,0.2212227700781965,100.10512732656933,6.338313032646325e-07,1.937868807012152e-06,8.542362124977454e-05,0.039725932893989895,0.0
2020-07-11,gasoline,41.77423652824659,6161.043,10703417.385,0.13022159358793023,100,75.52626927038409,-13.337563316845717,0.0,-0.0,0.0,-13.337563316845717,True,6310,6859.282580795013,0.000416991366910526,0.0035086861955283713,0.04899498839177889,0.011022639685695666,0.010969515460684663,0.010805573372439562,0.00043874803559737675,0.0013244870152777353,8.059299821284642e-05,0.0016,0.0,0.0005309096796534967,0.001615658213509972,8.154965101481333e-05,0.019500676772820507,0.0,0.0006075605435953962,0.0017468087477289218,8.453748100959241e-05,0.28428410671528337,0.0
2020-08-22,gasoline,43.85823497882871,6141.2609999999995,10684992.898999998,0.13022159358793023,85,44.27440074524165,30.936837428395933,0.0,0.0,0.0,30.936837428395933,True,6395,6859.282580795013,0.00021052329960383908,0.0007527922428087507,0.0009778814188397505,0.01103264712331676,0.010945646542007434,0.010851064788210208,0.00013889958079188044,0.0004129951876985567,8.04134176149592e-05,0.0009,0.0,0.00023267821255139402,0.000701039362533172,8.198131654226195e-05,0.0039067171452511545,0.0,0.0006954793373655136,0.0019961966203698024,8.370301550952714e-05,0.0,0.0
2020-09-19,gasoline,39.64007599342116,6308.501,10790824.909999998,0.13022159358793023,-315,-81.0969677119297,-50.16013028353376,1.0,-50.16013028353376,-50.16013028353376,0.0,True,6080,6809.12245051148,43.97456139216747,0.016364628645882208,0.0017581694142645387,0.0102301433565485,0.010723180153629953,0.010795547518852236,0.00276473483004604,0.009522325046555797,9.545009883359343e-05,0.6400000000000001,100.26797970926984,0.0010984562184892148,0.0034980627331582205,8.605938646200519e-05,0.06287192011529527,0.01202009723666242,6.210423318578223e-05,0.0001828490503469385,8.472194547770723e-05,0.010064154680244323,0.0
2020-10-23,gasoline,41.00596192843084,6302.937,9994825.7,0.13022159358793023,80,-59.97616409702915,-59.97616409702915,1.0,-59.97616409702915,-59.97616409702915,0.0,True,6160,6749.1462864144505,0.14160944292363703,43.93752184953787,8.757760007617615e-05,0.01101894146131647,0.010708603760031373,0.010722842398519146,0.0021744389948977834,0.00692291534114627,8.065941247526034e-05,0.6241000000000001,0.07797709025529875,0.003427976758097502,0.011448006234013998,8.633004408810314e-05,0.0017843533813567836,100.43262574717052,1.262132356406532e-05,3.737416377215092e-05,8.606565316271399e-05,0.0003854180793107392,0.0
2020-11-06,gasoline,38.34252841915856,6238.393,5241168.8005,0.13022159358793023,-160,-90.85912886722424,-90.85912886722424,0.75,-68.14434665041819,-68.14434665041819,-22.714782216806057,True,6000,6681.001939764033,43.905509327171345,0.06034028139941945,0.0004805493732173131,0.010422635738575244,0.010573935472813855,0.010636658721856394,0.0029520147266247866,0.00994650506802778,9.172590619601617e-05,0.2304,100.27030896274822,0.0023477028764867258,0.007724182617481029,8.885069247067697e-05,0.0038150300519884453,0.13477488789019776,1.3170652885665935e-05,3.9048583519344914e-05,8.767215989098794e-05,0.0002668768249019562,0.0
2020-11-20,gasoline,41.39589389256359,6189.062,5241168.8005,0.13022159358793023,150,-48.39148331653406,-71.10626553334012,1.0,-71.10626553334012,-71.10626553334012,0.0,True,6150,6609.895674230693,0.06623494199231,43.85723925947705,2.599150635755664e-05,0.011028184485726882,0.010582470969324858,0.010547722600698051,0.0014241937888615753,0.0044025274861259804,8.049347362215182e-05,0.3844,0.0,0.0030157418413559196,0.009979483063606027,8.868985304360908e-05,0.007214003674476224,100.24728179544135,4.526861318067162e-06,1.3448493831681093e-05,8.934554803335442e-05,3.50918538760381e-05,0.0
2020-12-04,gasoline,45.8284697044521,6226.085,5130828.1115,0.13022159358793023,250,266.670492495811,266.670492495811,0.5,133.3352462479055,133.3352462479055,133.3352462479055,True,6400,6743.230920478598,0.006967713074260186,0.06807452709592829,0.04288662476714845,0.011154972112714016,0.01119151117055155,0.010878927797377914,0.00036700135888193626,0.0010775319146728518,7.823451832686676e-05,0.04000000000000001,0.0,0.0003143517687700964,0.0009179919830213475,7.758947545851813e-05,0.39705619441111484,0.0,9.742063456571886e-05,0.0002785934312528877,8.319395812544532e-05,0.16718532695760477,0.0
2020-12-18,gasoline,48.69680983086777,6256.951999999999,5130828.1115,0.13022159358793023,155,177.70307772620797,311.0383239741135,0.75,233.27874298058512,233.27874298058512,77.75958099352837,True,6555,6976.509663459183,0.006216176272412616,0.005447914063793114,0.01187671934441107,0.011246958242435847,0.011294775954466632,0.011386821546365257,7.223510346190887e-05,0.00021115570250203176,7.661574000966177e-05,0.0361,0.0,4.350329518135802e-05,0.00012626148204365197,7.578092568293233e-05,0.03166080356314633,0.0,0.0006702230873758621,0.001861065248977454,7.418684307415779e-05,0.039954810156620564,0.0
2021-01-01,gasoline,49.85432428184906,6420.26,3347901.540333334,0.13095435684647302,90,56.53186546586574,134.2914464593941,1.0,134.2914464593941,134.2914464593941,0.0,True,6645,7110.801109918577,0.002973395969086217,0.010160578204323352,0.006859155186693921,0.011586287023531705,0.01151746255913807,0.011660683630217883,0.00022906101241934875,0.000685344335229452,7.079056605039099e-05,0.016900000000000002,0.0,0.0003192887707529204,0.0009653425634966234,7.195344143562447e-05,0.05872985072256365,0.0,0.0004869124243589319,0.0013772691516129503,6.954419751531599e-05,0.03919393949029677,0.0
2021-01-16,gasoline,53.26909011347213,6505.897999999999,3347901.540333334,0.13095435684647302,185,151.27707930079168,151.27707930079168,1.0,151.27707930079168,151.27707930079168,0.0,True,6830,7262.078189219368,0.006208262159133151,0.006188920437119385,0.00040288677637231787,0.012035701335939696,0.011967292180898618,0.011947189954331605,5.41681339220587e-05,0.0001574345205138784,6.343005321035276e-05,0.0361,0.0,0.00010161855543133,0.00029838423986758625,6.452439490705249e-05,0.03590662217850337,0.0,0.0006926213559296246,0.0019472136832510358,6.484774963161782e-05,0.0011540468920910553,0.0
2021-01-30,gasoline,54.2745690912804,6562.99,3347901.540333334,0.13095435684647302,75,33.84687382384159,33.84687382384159,0.0,0.0,0.0,33.84687382384159,True,6905,7262.078189219368,0.00830896604856268,0.00948081939950931,0.016728062501477462,0.012079613044311413,0.011998392450874347,0.011931591616201559,3.7179488343696994e-05,0.00010960467627012015,6.273252952784193e-05,0.0484,0.0,8.758129083153088e-05,0.0002614007488956824,6.402572337022465e-05,0.05515941263343487,0.0,0.0004559593396249331,0.0013151924957736896,6.509921384774898e-05,0.09153901888711205,0.0
2021-02-19,gasoline,60.96463300505847,6662.870000000001,10538256.978,0.13095435684647302,275,360.4277061922937,394.2745800161353,0.5,197.13729000806765,197.13729000806765,197.13729000806765,True,7180,7459.215479227436,0.027415507661722006,0.0730939561960474,0.057929910905899065,0.012453678073925077,0.012620448520872896,0.01228275281061664,5.1389958589127325e-05,0.0001445688057200025,5.694697461195914e-05,0.16000000000000003,0.0,0.00019039812667034776,0.0005260108118170112,5.445778003308703e-05,0.42662016028188415,0.0,0.0007834188128596594,0.002186493019612059,5.9555904182045366e-05,0.15545244444689987,0.0
2021-03-04,gasoline,63.49776121057933,6863.878000000001,5430784.616,0.13095435684647302,260,165.2816717297884,362.4189617378561,0.75,271.81422130339206,271.81422130339206,90.60474043446402,True,7440,7731.0297005308275,0.00019502576872862645,0.02609059835301068,0.010667380897376316,0.01273732507621944,0.012559499751513855,0.012740403269498485,0.00010802458928481275,0.0003040054718030958,5.2746447048510975e-05,0.0009,0.0,1.0690723510237632e-05,3.06824156735967e-05,5.5361043947722395e-05,0.15232789906576527,0.0,0.0009869746966525408,0.002721197402520303,5.270174468950829e-05,0.022306576270746406,0.0
2021-03-18,gasoline,67.01854661579151,6988.478,5430784.616,0.13095435684647302,235,225.134381264712,315.73912169917605,1.0,315.73912169917605,315.73912169917605,0.0,True,7675,8046.768822230004,0.0005233634280283971,0.0025416712049277797,0.0018428991699863547,0.013108132623962142,0.013090258061390372,0.013232881315852015,0.0003089305649564052,0.0008672506994705508,4.7497835928894955e-05,0.0025000000000000005,0.0,0.00028427179944617896,0.000799598420066578,4.774453365818074e-05,0.014329387354687738,0.0,0.0018846639260988326,0.005114751093626897,4.579389528534476e-05,0.007717587499118179,0.0
2021-04-01,gasoline,62.04512012374969,7116.125,5196195.93425,0.13095435684647302,-225,-221.4627653483768,-221.4627653483768,0.0,-0.0,0.0,-221.4627653483768,True,7450,8046.768822230004,0.14492245843560586,0.1366009739042288,0.10781139306018547,0.012753309729663391,0.012759522274225655,0.013148483548812696,7.46995061675324e-05,0.00023057097653258855,5.2514519874191275e-05,0.8464,0.0,7.037515600324056e-05,0.00021701003899167267,5.242451769743444e-05,0.7977960454518109,0.0,0.0010861743375924252,0.003097406736096805,4.694327768089028e-05,0.39876477188546844,0.0
2021-04-29,gasoline,64.58044852548319,7158.853999999999,5196195.93425,0.13095435684647302,100,116.34857925038446,-105.11418609799233,0.5,-52.557093048996165,-52.557093048996165,-52.557093048996165,True,7550,7994.211729181008,0.07234104347766025,0.0781525532425317,0.0043040205313265665,0.013249539198176188,0.013279119852367271,0.012980559243889512,2.2881048484171586e-05,6.711841263102355e-05,4.556872103695978e-05,0.42250000000000004,0.0,1.2925712153706539e-05,3.7746608276677495e-05,4.517022995884374e-05,0.45646601815849214,0.0,0.0006851991554894437,0.001979833684381662,4.9272548528544986e-05,0.011048992119043364,0.0
2021-05-15,gasoline,67.36618689441394,7212.645,11256094.574999996,0.13095435684647302,100,150.02609110473497,97.46899805573881,0.0,0.0,0.0,97.46899805573881,True,7650,7994.211729181008,1.0770373590750234e-05,0.0007874041478826627,0.009640941715508042,0.013088204276410805,0.0131775211778684,0.012909663639944526,2.745236791818252e-06,8.00557093425635e-06,4.7772920124625895e-05,0.0,0.0,3.768830998031016e-06,1.086382115886845e-05,4.654621727843419e-05,0.004536699218799678,0.0,0.0004949182713647014,0.0014263144574019227,5.027286969872471e-05,0.011048992119043364,0.0
2021-06-12,gasoline,70.3200309153057,7265.418,5896739.0345,0.13095435684647302,175,116.85780444999692,214.3268025057357,0.5,107.16340125286786,107.16340125286786,107.16340125286786,True,7825,8101.375130433876,0.003874389625215992,0.0007654323404542578,0.01724383104197012,0.01315092362558138,0.013048473139669243,0.013023260410127302,4.632824897899318e-05,0.00013252790942441076,4.690984718261931e-05,0.0225,0.0,7.190951408648798e-06,2.0807064135580062e-05,4.83237256899e-05,0.004400540958443498,0.0,0.0006579458001186821,0.001865122671383956,4.867489530489707e-05,0.04593597827233264,0.0
2021-06-29,gasoline,73.81668627930864,7298.093999999999,5896739.0345,0.13095435684647302,225,219.0240814421149,326.18748269498275,0.75,244.64061202123708,244.64061202123708,81.54687067374567,True,8050,8346.015742455113,0.0018310658739520036,0.007262032603822041,0.018698187074651037,0.013337678399725534,0.01332738392114904,0.013357135499258835,0.000397312173115452,0.0011158587529184903,4.438652910548372e-05,0.010000000000000002,0.0,0.00038101937781529377,0.0010713157922190473,4.4523805335740356e-05,0.0417517926177207,0.0,0.0015619303516684064,0.004298050849898169,4.4127648775207174e-05,0.07559993392260245,0.0
2021-07-13,gasoline,75.49530422422905,7403.504999999999,6539542.521,0.13095435684647302,70,95.85030750703018,177.39717818077585,1.0,177.39717818077585,177.39717818077585,0.0,True,8120,8523.412920635888,0.016537634047853595,0.010492373582819257,0.0036106370321172796,0.013383304498602982,0.013426591137337658,0.013552606443402965,0.0002775507906046145,0.0007974016147109908,4.378065935820754e-05,0.0961,0.0,0.00033898660635777567,0.0009691836700559889,4.320970407572783e-05,0.06068711434164541,0.0,0.0018425755318856566,0.0050968118036197226,4.156888367364896e-05,0.01808671757862594,0.0
2021-07-27,gasoline,72.90358332124636,7457.73,6539542.521,0.13095435684647302,-100,-126.66540069098052,-126.66540069098052,0.0,-0.0,0.0,-126.66540069098052,True,8020,8523.412920635888,0.01980806503998677,0.033917663769575106,0.03480747789175624,0.01328509205500921,0.013240825460227167,0.013451099666501872,3.4463282397171374e-05,0.00010218134371055029,4.508998870970043e-05,0.11560000000000002,0.0,1.6472485163134657e-05,4.908968270718427e-05,4.56864404591133e-05,0.19805296157944904,0.0,0.0014912836879757943,0.004228910103845387,4.2888095578091896e-05,0.12587903530600775,0.0
2021-08-24,gasoline,68.50168497549342,7535.96,12879899.287999999,0.13095435684647302,-250,-211.2887832862567,-337.9541839772372,0.5,-168.9770919886186,-168.9770919886186,-168.9770919886186,True,7770,8354.43582864727,0.015500523701592257,0.004972815383784477,0.04254305521578311,0.012934830852190425,0.012999895709786363,0.013087786607503527,0.0002840029130572375,0.0008927559484470683,4.9916615087160277e-05,0.09,0.0,0.00020202186475674102,0.0006285502723975326,4.900146007386738e-05,0.02864446752746596,0.0,0.0004903790230843435,0.0014416459149524316,4.77786939834076e-05,0.11421303046772029,0.0
2021-09-07,gasoline,70.94020696686133,7544.737999999999,6034873.745000001,0.13095435684647302,140,101.13162667316834,-67.84546531545027,1.0,-67.84546531545027,-67.84546531545027,0.0,True,7910,8286.590363331821,0.10417599687096894,0.0668771944569445,0.007098086304879621,0.013254032698074179,0.013186601732762763,0.012901684956231953,6.501926509979588e-05,0.00019106858357533405,4.550807483865235e-05,0.6084,0.0,0.00011569378756529551,0.0003434654420811348,4.642239594799139e-05,0.3904260502368607,0.0,0.0002985739238397811,0.0008716925683240418,5.038607646058378e-05,0.040910423654244375,0.0
2021-09-19,gasoline,72.09496687218568,7551.688,6034873.745000001,0.13095435684647302,90,26.51082644378488,26.51082644378488,0.0,0.0,0.0,26.51082644378488,True,8000,8286.590363331821,0.0017236379536203085,0.0038361032374362655,0.0038047475410733275,0.01298838344717006,0.012880188439851973,0.012835010043277726,5.3634015527518585e-06,1.5689521000000105e-05,4.9162766683918806e-05,0.010000000000000002,0.0,4.456593189107241e-05,0.0001325340073649184,5.069171665201749e-05,0.022273055307494218,0.0,0.00028402075317864554,0.0008228714362172529,5.133708107993106e-05,0.018412028655479862,0.0
2021-10-10,gasoline,78.96768144260471,7617.334999999999,6062452.9565,0.13095435684647302,345,401.3145502239773,427.82537666776216,0.5,213.91268833388108,213.91268833388108,213.91268833388108,True,8345,8500.503051665703,0.04460730751950717,0.09630935782287996,0.0681394534948788,0.01335322016654266,0.013448108902888565,0.013119875338355595,0.00026609965405937036,0.0007397161465859176,4.417968215445518e-05,0.2601,0.0,0.00040342187369659597,0.001109975538442133,4.292727694840809e-05,0.561911325437995,0.0,0.0006883335125871572,0.0019268566121371062,4.7336115359767544e-05,0.18303455292091256,0.0
2021-10-23,gasoline,83.66223786031158,7660.6759999999995,6062452.9565,0.13095435684647302,300,248.6669819591909,462.579670293072,0.75,346.934752719804,346.934752719804,115.644917573268,True,8645,8847.437804385507,0.0016837553795661557,0.016197667665055943,0.023374668092713425,0.013526119721250769,0.013443200638768811,0.013591682420269768,0.0010527321560055108,0.0029009531798888225,4.1911125863578226e-05,0.0081,0.0,0.00084823599740914,0.0023587799236667135,4.2991617863441734e-05,0.09320512038861047,0.0,0.0020283608589441405,0.0054961781207531835,4.1066534202679545e-05,0.0707794784539705,0.0
2021-11-20,gasoline,81.7741352559971,7796.645,12737818.603999998,0.13095435684647302,-95,-119.49603024612348,-3.8511126728554785,0.0,-0.0,0.0,-3.8511126728554785,True,8550,8847.437804385507,0.10692124700920293,0.09288362519087683,0.08277603297611562,0.013339954755786369,0.013301759032160743,0.013488084624502896,0.000269679843088895,0.000790267446735745,4.435620265497262e-05,0.6241000000000001,0.0,0.0002207813749143758,0.0006498216381076885,4.48664320632402e-05,0.5421760142243619,0.0,0.001213357077652795,0.0034536819586704413,4.240504185763559e-05,0.4814548905790062,0.0
2021-12-04,gasoline,74.59425467322328,7829.855,6298273.9135,0.13095435684647302,-430,-343.4935993842226,-347.3447120570781,0.5,-173.67235602853904,-173.67235602853904,-173.67235602853904,True,8120,8673.765448356968,0.07691017962901156,0.034385853636948294,0.0449267222360686,0.012712098144796234,0.012848483003362112,0.013125426025616388,0.00018479615771718885,0.0005889288903061196,5.3113513451082505e-05,0.4489000000000001,0.0,6.379633505693711e-05,0.00019890362667448003,5.1144195353200606e-05,0.20069964391910994,0.0,0.0004730205771146142,0.0013908864028759512,4.725976732927249e-05,0.12064834899401447,0.0
2021-12-18,gasoline,73.19518770813278,7854.064,6298273.9135,0.13095435684647302,-130,-104.7350670457769,-278.40742307431594,0.75,-208.80556730573696,-208.80556730573696,-69.60185576857899,True,7990,8464.95988105123,0.06180986621730549,0.03919376209314356,0.004745969187351805,0.012830968470406207,0.012872910182148735,0.012722275579038263,0.0005885138497862688,0.0018478592498445364,5.139501307230993e-05,0.36,0.0,0.0005100572609268699,0.0015910732003154755,5.079540927171919e-05,0.22802254705763444,0.0,4.9397636212318716e-05,0.00014805061147822224,5.296527274746285e-05,0.004937370138592907,0.0
2022-01-01,gasoline,74.9262029070608,7841.52,4245521.644888889,0.1302062107751243,140,101.11892643151924,31.517070662940256,0.0,0.0,0.0,31.517070662940256,True,8130,8464.95988105123,0.04998531555870715,0.029108097298200134,0.030678178879301247,0.012901393208688128,0.012835797489361925,0.012665201152687057,0.00020201552734655108,0.0006010639288680735,5.039021837765904e-05,0.2916,0.0,0.0002827976025560554,0.0008498096335410457,5.1325797613432896e-05,0.16950346652220272,0.0,6.374995565403169e-05,0.0001863082642519859,5.379927413054329e-05,0.1743990597514826,0.0
2022-01-18,gasoline,82.42811864871784,7841.441999999999,4245521.644888889,0.1302062107751243,345,443.3662765199027,474.88334718284295,0.5,237.44167359142148,237.44167359142148,237.44167359142148,True,8475,8702.401554642653,0.0288071468477963,0.08027840976602592,0.08386696156345023,0.013183202670715414,0.013346297321399232,0.012989289049503416,7.771705844797252e-05,0.0002177426700289798,4.646872582854148e-05,0.16809999999999997,0.0,0.00023385610993476721,0.0006437315819066698,4.427175933521904e-05,0.4685329945700821,0.0,0.0005410999460319996,0.0015158219895159424,4.915006803141272e-05,0.22551419343158058,0.0
2022-01-30,gasoline,88.27679784336111,7841.389999999999,4245521.644888889,0.1302062107751243,310,308.0656893683331,545.5073629597546,0.75,409.13052221981593,409.13052221981593,136.37684073993864,True,8785,9111.532076862468,0.001071014673535454,0.012765253319341568,0.03570611058635595,0.01341099339054034,0.013407916794036122,0.013551659983814862,0.0008131113939545837,0.0022478500354221847,4.34150080995031e-05,0.004900000000000001,0.0,0.0008061116771187685,0.002229248714987592,4.3455560994351e-05,0.07322499553423795,0.0,0.002347915005779122,0.006304264237021606,4.158108896433456e-05,0.11790824297337497,0.0
2022-02-18,gasoline,95.09613645496208,8021.5599999999995,12634411.127833333,0.1302062107751243,210,388.370281063454,524.7471218033927,1.0,524.7471218033927,524.7471218033927,0.0,True,8995,9636.279198665861,0.007084978960151036,0.004853494449977027,0.010340098287281664,0.013772430579871986,0.014046124254867346,0.014226527271580225,0.0008311971456112893,0.002325180193678107,3.878262088251358e-05,0.04000000000000001,0.0,0.0015832067804843128,0.004298140880323129,3.544863638847892e-05,0.025795309789280324,0.0,0.004428821495396572,0.01157058809649643,3.333298734580689e-05,0.0534687923970765,0.0
2022-03-04,gasoline,101.13341693701254,8397.737,6282748.0935,0.1302062107751243,260,309.81850499199913,309.81850499199913,1.0,309.81850499199913,309.81850499199913,0.0,True,9255,9946.09770365786,0.0018230842997454437,0.004370238390408415,0.03255653642211361,0.01447859132770978,0.014553248846661952,0.014522351015568574,0.0003789170048374463,0.001064521939827821,3.0485953726441653e-05,0.010000000000000002,0.0,0.0005042798208945524,0.001405135481991823,2.966709812638936e-05,0.02468152609591996,0.0,0.003394370363684748,0.009153743018164809,3.0004638396642644e-05,0.18477724129783543,0.0
2022-03-18,gasoline,113.50585413252529,8630.65,6282748.0935,0.1302062107751243,750,703.1630148709548,703.1630148709548,0.75,527.3722611532162,527.3722611532162,175.79075371773865,True,10005,10473.469964811076,0.16502044910514624,0.10649356076663026,0.0585070874433769,0.015461319386093485,0.015393101769918427,0.015083692464485427,0.0022988188763702266,0.005985546981631628,2.0599621715050827e-05,0.9603999999999999,0.0,0.0020493318362338688,0.005374213331486236,2.1223511302328733e-05,0.6188796138076635,0.0,0.0051508502986155145,0.013444688671450785,2.417007978375738e-05,0.18931854727941716,0.0
2022-04-01,gasoline,114.89434328685368,8986.95,3361088.0993333333,0.1302062107751243,110,61.34933358022732,237.14008729796598,1.0,237.14008729796598,237.14008729796598,0.0,True,10115,10710.610052109043,0.2807328985328412,0.2822825070946809,0.058703461632709286,0.0150484586892848,0.01498291124985395,0.015205464550315344,0.000938812620519761,0.0026545671148573333,2.4517761351719204e-05,1.6384,0.0,0.000783062762215274,0.0022305292798659405,2.517117952684206e-05,1.6476992059678226,0.0,0.0037548396855058455,0.010186894610446397,2.2987570178282852e-05,0.3369388589629767,0.0
2022-04-16,gasoline,103.45333688276853,9136.392,3361088.0993333333,0.1302062107751243,-545,-551.005172540214,-551.005172540214,0.25,-137.7512931350535,-137.7512931350535,-413.25387940516043,True,9570,10572.85875897399,0.29379496717143383,0.2567888609586834,0.23342634598618414,0.014289212995967459,0.014281210165199275,0.014842144026947526,6.818965804386084e-05,0.00021582280991735468,3.261308820542697e-05,1.7161000000000002,0.0,7.377212672209012e-05,0.00023379491144600643,3.2704557174620105e-05,1.4999121646640377,0.0,0.002016556230927145,0.005755287321653243,2.6603478238753092e-05,0.5621741884918997,0.0
2022-04-29,gasoline,105.00803524072398,9236.02,3361088.0993333333,0.1302062107751243,205,99.36648701055998,-313.88739239460045,0.75,-235.41554429595033,-235.41554429595033,-78.47184809865013,True,9775,10337.443214678038,0.3851704809032072,0.28965882573170276,0.011673339577098686,0.014960384636885374,0.014811594612285749,0.01437149002906392,8.150784180571957e-06,2.363302594828701e-05,2.5397723008140964e-05,2.25,0.0,7.774447896181961e-05,0.00023054079574304302,2.691955046726227e-05,1.6919331821873116,0.0,0.0007388607099963102,0.0021666200794382066,3.1680124492926874e-05,0.03815322381927496,0.0
2022-05-17,gasoline,108.36545148363524,9170.074999999999,5398316.6405,0.1302062107751243,285,301.78496063385234,223.3131125352022,0.0,0.0,0.0,223.3131125352022,True,10060,10337.443214678038,0.0044680774753767475,0.02815033580157327,0.07812408915366459,0.01461918117711302,0.014642327797611694,0.014226163464052852,0.00028771689330823054,0.0008100700530910028,2.8953211204734822e-05,0.0256,0.0,0.00032004849430822095,0.0008988054570333737,2.8704651428244367e-05,0.163892953855934,0.0,0.0009807069309231895,0.002801183002051392,3.333718834383817e-05,0.2216819139846342,0.0
2022-05-31,gasoline,114.66074917575683,9130.508,5398316.6405,0.1302062107751243,400,356.2915632744834,579.6046758096857,0.5,289.80233790484283,289.80233790484283,289.80233790484283,True,10460,10627.245552582881,0.009511766153719788,0.002441596926984773,0.1253547022080853,0.014624590420077771,0.014566023643293482,0.01446650997946076,0.0016530373059088178,0.004502743581704318,2.889502815191968e-05,0.0529,0.0,0.0014680980759851085,0.004024591365258895,2.952809904524545e-05,0.011883878925694594,0.0,0.002391839313999129,0.006535049141332899,3.061951180740737e-05,0.33594158022045084,0.0
2022-06-15,gasoline,123.52366202148691,9311.07,5469238.1915,0.1302062107751243,390,530.798940253133,820.6012781579758,0.75,615.4509586184819,615.4509586184819,205.15031953949392,True,10850,11242.696511201362,0.0007456660313108966,0.021729630514206996,0.1075653256261484,0.014818692341415049,0.015000140151806653,0.015096749467634984,0.0024747704148546184,0.006697272695533994,2.6845949052911076e-05,0.0004,0.0,0.00324740124080011,0.00861749569653448,2.4998598501576007e-05,0.12181129847987406,0.0,0.00479941978944778,0.012501850509074857,2.4041865783137815e-05,0.42418809669078217,0.0
2022-06-29,gasoline,116.30201988976656,9435.234,5469238.1915,0.1302062107751243,-320,-314.68578734433385,-109.53546780483993,0.0,-0.0,0.0,-109.53546780483993,True,10530,11242.696511201362,0.34536662645269667,0.48967439233616933,0.269973484918976,0.014515051640289288,0.014521653909385547,0.014912613094393002,0.0006533393890100094,0.0019330427256272242,3.0084658508693235e-05,2.0164,0.0,0.0006673552247536869,0.001972990540537625,3.001227588855067e-05,2.859377698402251,0.0,0.0036595278064047465,0.010154130282843536,2.588150552734155e-05,1.5151195298576332,0.0
2022-07-13,gasoline,111.43747117484044,9537.25,5489161.390333334,0.1302062107751243,-360,-278.69525475574534,-388.23072256058526,0.5,-194.11536128029263,-194.11536128029263,-194.11536128029263,True,10170,11048.58114992107,0.0011028926166639697,0.0009024510550369202,0.056527838263737265,0.0142774816765238,0.014381562699577424,0.014505588861434307,1.6141956508181837e-06,4.916445016818325e-06,3.274721596252086e-05,0.0064,0.0,3.098206538559874e-05,9.321923825760881e-05,3.1566837698779724e-05,0.005181273744041006,0.0,0.0020580196899597993,0.005896644806810807,3.0188553759594755e-05,0.15072309393991412,0.0
2022-07-27,gasoline,106.91515195236693,9548.794,5489161.390333334,0.1302062107751243,-300,-240.3048452859468,-434.4202065662395,0.75,-325.81515492467963,-325.81515492467963,-108.60505164155984,True,9870,10722.76599499639,0.002543387064965089,0.0010607862140864731,0.021556158205026064,0.013955451699691843,0.014034574592927172,0.01395557577039522,0.00024087254725152718,0.0007538501844751775,3.653656415475823e-05,0.0144,0.0,0.00015151135158610217,0.0004682981055858688,3.558630028735002e-05,0.005895294157035186,0.0,0.0008303161509735377,0.002448672558050638,3.653506426743335e-05,0.06937934258389647,0.0
2022-08-10,gasoline,101.49214704487676,9391.69,5464900.115666667,0.1302062107751243,-130,-335.8412099395813,-444.44626158114113,1.0,-444.44626158114113,-444.44626158114113,0.0,True,9740,10278.31973341525,0.019852837056932936,0.00644728945541074,0.009711616277203832,0.01365495972240738,0.013373834893852472,0.013273782567638033,0.00019157244270026657,0.0005875397722720953,4.025953612427264e-05,0.11560000000000002,0.0,0.000633296784584571,0.0020301346170339993,4.390606401392708e-05,0.036508787884928874,0.0,0.00022786745115925804,0.0006896993719249694,4.5242000947410016e-05,0.056293357866146976,0.0
2022-08-24,gasoline,97.35805634700957,9292.81,5464900.115666667,0.1302062107751243,-205,-276.2229640229892,-276.2229640229892,1.0,-276.2229640229892,-276.2229640229892,0.0,True,9535,10002.096769392261,0.003974480568683088,0.0026084613630054506,0.019399482768644057,0.012903483305345322,0.012804913223595856,0.012824935019563267,0.0003828216276302651,0.0011971527425385258,5.036054919751256e-05,0.0225,0.0,0.0005536636432428782,0.0017585096286705584,5.1769273719985776e-05,0.014217340984685009,0.0,3.959938037371542e-05,0.0001191112039482351,5.148155747348958e-05,0.11319631136535414,0.0
2022-09-07,gasoline,94.71181033628494,9099.77,5670928.372,0.1302062107751243,190,-121.70158940169318,-121.70158940169318,1.0,-121.70158940169318,-121.70158940169318,0.0,True,9725,9880.395179990568,0.10684757604773827,0.016428140635908247,0.01639555605363679,0.013030973877356416,0.012590315176566762,0.012598349982554062,6.391623765015769e-06,1.8412703061702944e-05,4.856732509808867e-05,0.6241000000000001,0.0,0.00023178744753511317,0.0007125180613538267,5.4903429182616854e-05,0.0955074208594196,0.0,0.00012249503198649817,0.0003612845091618365,5.478442298075745e-05,0.0955074208594196,0.0
2022-09-22,gasoline,89.00777637279255,9023.498,5670928.372,0.1302062107751243,-290,-292.8422731000546,-292.8422731000546,0.75,-219.63170482504097,-219.63170482504097,-73.21056827501366,True,9435,9660.763475165528,0.1578009334460646,0.02009439023390503,0.010870610518943643,0.012145938148362486,0.012141998474918142,0.012248263594030868,8.682168134201013e-05,0.00026848741498254863,6.168628756934771e-05,0.9216,0.0,8.98466237063639e-05,0.0002780149884568073,6.17481879681888e-05,0.11715653446697039,0.0,1.18493493871416e-05,3.557284369623644e-05,6.0089417307627236e-05,0.03836123002732088,0.0
2022-10-25,gasoline,90.25207977745296,8949.23,11412628.235666666,0.1302062107751243,185,144.13260244804465,70.922034173031,0.0,0.0,0.0,70.922034173031,True,9620,9660.763475165528,0.15451416062951054,0.130763166886163,0.03708490767690302,0.01248086447529472,0.012422477079077622,0.012216554317388759,3.293275849427887e-05,9.460696595364035e-05,5.6537399038884954e-05,0.9025,0.0,1.1465256509100837e-05,3.315216058371734e-05,5.741885361710401e-05,0.7637881674411074,0.0,6.37725581813461e-05,0.00018637406206895488,6.058202669415958e-05,0.19295234305741568,0.0
2022-11-08,gasoline,92.85719227531808,8912.398,5131944.2036666665,0.1302062107751243,155,137.98403611313432,208.90607028616532,0.5,104.45303514308266,104.45303514308266,104.45303514308266,True,9775,9765.21651030861,0.0007063794639325593,0.00010745604377773508,0.016284281439258058,0.012403732271159859,0.0123798890178132,0.012332286848932051,0.0002797398578161527,0.000797821201106748,5.770328340821816e-05,0.0036,0.0,0.00024847071245920853,0.0007105323460542856,5.806609138084388e-05,0.0001512194718991705,0.0,0.0002604345212377603,0.0007470529017462994,5.879382496706038e-05,0.043641746202408245,0.0
2022-11-22,gasoline,89.9855541292591,8889.362,5131944.2036666665,0.1302062107751243,-175,-224.4120743943581,-119.95903925127543,0.0,-0.0,0.0,-119.95903925127543,True,9600,9765.21651030861,0.07459961083353216,0.08994834651076156,0.01908093675741756,0.012054754685801167,0.011986614964832642,0.012296081351715307,6.61132655186421e-05,0.00019669478129340535,6.312692310279852e-05,0.43560000000000004,0.0,2.8434639391618176e-05,8.526776377984473e-05,6.421433972184417e-05,0.5253237636438345,0.0,0.00030445911555525897,0.0008815705392669073,5.9350362539388666e-05,0.043641746202408245,0.0
2022-12-06,gasoline,82.85068835840534,8741.564999999999,4802312.8075,0.1302062107751243,-440,-421.1996767706015,-541.1587160218769,0.5,-270.57935801093845,-270.57935801093845,-270.57935801093845,True,9160,9494.637152297671,0.04811926363067709,0.026545437677258907,0.10875155844522913,0.011643988275239924,0.011670386706122603,0.011888307929131722,6.53619503657095e-05,0.00020504301530529137,6.982293194432787e-05,0.28090000000000004,0.0,4.894246370731544e-05,0.00015288468479245784,6.938245762553907e-05,0.15490144179596196,0.0,0.00012452960646718652,0.00037308959504391427,6.57995482525873e-05,0.29285275592644644,0.0
2022-12-20,gasoline,77.40143904041409,8658.354,4802312.8075,0.1302062107751243,-480,-379.0577942867295,-649.637152297668,0.75,-487.227864223251,-487.227864223251,-162.40928807441696,True,8680,9007.409288074421,0.02644690181994688,0.0014277765339833386,0.05329879860576786,0.011169494452098501,0.011318040583856577,0.011184128609644916,0.0009984290717036796,0.0033069654764913163,7.797782823151915e-05,0.0064,0.057221033370252306,0.0006554745016660917,0.0021196160344017557,7.537641930356145e-05,0.00710375303713791,0.0,0.00014198883099205296,0.00045147673336559007,7.77195883712813e-05,0.1877463009761057,0.0
2023-01-04,gasoline,80.02398854283592,8432.48,5439128.513,0.13628899835796388,250,140.25507975422644,-22.15420832019052,0.0,-0.0,0.0,-22.15420832019052,True,8930,9007.409288074421,0.36491130817370004,0.18470321534990383,0.1629599115010263,0.011597606528543507,0.011427175473569265,0.011209362921020349,6.387485409231222e-06,1.837557511514797e-05,7.06002160491747e-05,2.1315999999999997,0.0,8.712980577435041e-05,0.00025714825836492306,7.349332036097237e-05,1.0787434445787112,0.0,4.9872860651940386e-06,1.465729692063061e-05,7.72753002543319e-05,0.9495639667022028,0.0
2023-01-18,gasoline,78.62842100135482,8330.24,5439128.513,0.13628899835796388,-205,-135.13841020570231,-157.29261852589283,0.5,-78.64630926294642,-78.64630926294642,-78.64630926294642,True,8725,8928.762978811475,0.1417949000957898,0.05195304567922055,0.009204710952042552,0.010923799792524499,0.01102925572974003,0.011115550693011438,7.103198214005278e-05,0.00021771890345727792,8.237741020617834e-05,0.8281000000000001,0.0,1.7057286347986893e-05,5.142675222749338e-05,8.047425276240208e-05,0.30336629724923747,0.0,1.671448234423821e-05,4.946499528498033e-05,7.893343948844954e-05,0.024740967842732043,0.0
2023-02-04,gasoline,81.87760826356454,8164.875,11700958.251000002,0.13628899835796388,210,202.5397081237589,123.8933988608125,0.0,0.0,0.0,123.8933988608125,True,8935,8928.762978811475,0.11801085569395856,0.07815650754248585,0.016594673168462564,0.011468897332042132,0.011457371443547516,0.011144454719873324,0.00024213301564786805,0.0006860178153542548,7.277971273123785e-05,0.6889,0.0,0.00022792865456211628,0.0006465993960744518,7.297650265351747e-05,0.4561060463941024,0.0,0.00022497466416275826,0.000652987402676034,7.842068220837386e-05,0.024740967842732043,0.0
2023-03-18,gasoline,77.07737262331753,8102.4169999999995,12568781.188000001,0.13628899835796388,-100,-190.57361940055424,-66.68022053974174,0.75,-50.0101654048063,-50.0101654048063,-16.67005513493544,True,8835,8878.752813406669,0.0658704729787481,0.10585211492629194,0.002024325449359774,0.011020946706251615,0.010884302508161001,0.011096311336954988,0.00017866617509221838,0.0005252475384437536,8.062339805197374e-05,0.3844,0.0,6.0295486613565155e-05,0.00018007674339219618,8.309594076271982e-05,0.6181523531089517,0.0,0.00025819780635394417,0.000752815567462129,7.927567180843629e-05,0.01000406657526434,0.0
2023-04-01,gasoline,74.4896395741793,8064.659,4110451.5045000017,0.13628899835796388,-335,-163.87268280146787,-180.5427379364033,0.75,-135.40705345230248,-135.40705345230248,-45.135684484100835,True,8500,8743.345759954367,0.03784013698222955,0.0005150592764324626,0.006670403638718275,0.010615125589288621,0.010876219545119878,0.010920668447469226,2.4951321727842964e-05,7.714832222837293e-05,8.807586770482527e-05,0.22089999999999999,0.0,3.311801958140334e-05,9.882577736403602e-05,8.324336978885254e-05,0.002851760061073718,0.0,0.00010489056493558764,0.00031057832053027994,8.243426144078088e-05,0.029170513952786383,0.0
2023-04-18,gasoline,84.67019067631662,8065.168,4110451.5045000017,0.13628899835796388,550,615.3937424307077,570.2580579466069,0.5,285.12902897330343,285.12902897330343,285.12902897330343,True,9050,9028.474788927671,0.5365544733049294,0.4161307996259472,0.18636596002569183,0.011832224460291241,0.011935929842618773,0.01139959094716517,0.0008863170398596541,0.0023835110799304083,6.671255726706471e-05,3.1329000000000002,0.0,0.0011461749734070518,0.003048643555440298,6.50292275031665e-05,2.429024645976536,0.0,0.0007854220290172807,0.0021805644426358367,7.39670358760833e-05,0.7074023864875041,0.0
2023-04-29,gasoline,81.1746215874899,8066.61,4110451.5045000017,0.13628899835796388,-160,-201.23701652499668,83.89201244830676,1.0,83.89201244830676,83.89201244830676,0.0,True,8890,9112.366801375978,0.3452933002488762,0.45673336891297295,0.028038775828721593,0.01117497829433728,0.011113556473363366,0.011538549130009642,0.00036159973278704333,0.0010640511905921793,7.788100810541815e-05,2.0164,0.0,0.00027198563875826056,0.0008060615519608321,7.896887855210214e-05,2.667543185890279,0.0,0.0010608460175869899,0.002998917059130612,7.159615082526059e-05,0.16198534727952715,0.0
2023-05-17,gasoline,73.76447278392433,8107.879999999999,6020943.9120000005,0.13628899835796388,-380,-386.494442850119,-386.494442850119,0.5,-193.2472214250595,-193.2472214250595,-193.2472214250595,True,8510,8919.119579950919,0.03317344845830686,0.023534425709733568,0.08257556329337264,0.01096862762681157,0.010958780168096548,0.011258949461423673,5.2058156465572515e-05,0.00016249508630890902,8.156568694319122e-05,0.1936,0.0,5.807919630948761e-05,0.00018157574827401616,8.174365604880429e-05,0.13728125603443253,0.0,0.000324150726094724,0.0009582193727384122,7.640596451794552e-05,0.3072246198076656,0.0
2023-05-31,gasoline,74.49563514786755,8132.642,6020943.9120000005,0.13628899835796388,100,49.59181830211438,-143.65540312294513,1.0,-143.65540312294513,-143.65540312294513,0.0,True,8610,8775.464176827974,0.15778005652183544,0.1302421735823279,0.0017175697440284122,0.0114385797298388,0.011358733300029122,0.011063067897341261,7.098944442306471e-06,2.077284420649066e-05,7.329791704232708e-05,0.9216,0.0,3.457900234119995e-05,0.0001024205991135436,7.467149018002559e-05,0.7606849086629357,0.0,5.9111742301011244e-05,0.00017562116683379848,7.986875540753235e-05,0.009837393770039707,0.0
2023-06-14,gasoline,73.23711900787694,8032.6,6155459.894750001,0.13628899835796388,-55,-71.87391219128853,-71.87391219128853,1.0,-71.87391219128853,-71.87391219128853,0.0,True,8555,8703.590264636687,0.016467757542855264,0.010119587373708456,0.0035733358456950795,0.011008672350560349,0.01098225454960979,0.010984376259734883,3.819331778898915e-07,1.1314692533374688e-06,8.084397289957797e-05,0.0961,0.0,2.1095650286334378e-07,6.271307286137576e-07,8.131973300803334e-05,0.059015694737183946,0.0,9.935682205330066e-05,0.0002921878544703424,8.128147142603198e-05,0.020610329761485996,0.0
2023-06-29,gasoline,73.17608224854365,7962.67,6155459.894750001,0.13628899835796388,70,-13.31476555813623,-13.31476555813623,0.0,-0.0,0.0,-13.31476555813623,True,8625,8703.590264636687,0.01074282653460416,0.0023708735324821212,0.0037571979617117275,0.01113059622571117,0.010999320026895387,0.011020299643160114,9.744729135113573e-05,0.000281967370216341,7.866632331136895e-05,0.0625,0.0,2.0646886836652666e-05,6.063740082514395e-05,8.101223997824647e-05,0.013716694617612126,0.0,0.00021749120161676245,0.0006314223463555767,8.063501849863038e-05,0.02066343701472421,0.0
2023-07-13,gasoline,75.1157600634876,7986.705,6563670.772500001,0.13628899835796388,155,115.71308719123572,102.39832163309948,0.5,51.19916081654974,51.19916081654974,51.19916081654974,True,8780,8754.789425453237,0.005053302698923535,0.011483011527158568,0.003983337015629003,0.01129654671369891,0.0112351460833761,0.011133596188625128,0.0003240137663125521,0.0009212746019504888,7.575009910682524e-05,0.028900000000000006,0.0,0.00024094290496278002,0.0006897929691007687,7.682266417975731e-05,0.06659274714045445,0.0,0.0002668827487501411,0.0007691223603915308,7.861311654636285e-05,0.010485416273275691,0.0
2023-07-27,gasoline,79.32382195397709,8029.098,6563670.772500001,0.13628899835796388,275,200.0202227482675,251.21938356481726,0.75,188.41453767361295,188.41453767361295,62.80484589120431,True,9055,8943.203963126849,0.010156741652753133,0.005089772534297511,0.016238470882736323,0.011583738440173307,0.011468622978325571,0.011451637915544878,0.0010258609166190606,0.0028405427218229844,7.083345864341645e-05,0.0576,0.0,0.000751050824741939,0.002106177070173497,7.278439388595445e-05,0.028430772423326943,0.0,0.0006332532075496691,0.0017818831488578576,7.307449432694992e-05,0.0753122385841035,0.0
2023-08-10,gasoline,84.41944702954262,8172.514999999999,6654014.013499999,0.13628899835796388,240,323.0683332012499,385.8731790924542,0.75,289.4048843193407,289.4048843193407,96.46829477311354,True,9295,9232.60884744619,0.0012189708370887403,0.010850087288232287,0.014740637090205733,0.01181983581678704,0.011943496337773874,0.011898768509013466,0.0013330653816251235,0.0036920495378747202,6.691508606432016e-05,0.004900000000000001,0.0,0.0017198593895103443,0.004699141225916652,6.490725125946298e-05,0.06056334994419743,0.0,0.0010874399008316343,0.0030053000846322975,6.562995167055191e-05,0.040796200462497004,0.0
2023-08-24,gasoline,84.1976009708773,8241.608,6654014.013499999,0.13628899835796388,55,60.79634193146486,157.2646367045784,1.0,157.2646367045784,157.2646367045784,0.0,True,9350,9389.873484150768,0.02378502771393686,0.047456958657983266,0.012352451781326967,0.011965523517916594,0.01197392950335073,0.012115371212843493,0.0012111120781833006,0.003427470063930908,6.455281234115135e-05,0.1369,0.0,0.0012349787199105887,0.003491710908766659,6.441780761718387e-05,0.2751463896184729,0.0,0.00138917805391824,0.003879750307388158,6.21673711112571e-05,0.06984418015876276,0.0
2023-09-21,gasoline,92.16037381014016,8473.885,13137035.2325,0.13628899835796388,385,480.7185027711394,480.7185027711394,0.75,360.5388770783546,360.5388770783546,120.17962569278484,True,9735,9750.412361229122,0.07506297052819944,0.12136688539947549,0.040362464880912094,0.012645824554544816,0.01278382113226461,0.012608351917940257,0.0017805665038316716,0.0048364273718354035,5.4083896482535955e-05,0.43560000000000004,0.0,0.0022746532727348444,0.006087084448694384,5.2073237451150825e-05,0.7053384846570462,0.0,0.0018483060790795648,0.005029695495006616,5.4636461369017484e-05,0.16528166719814294,0.0
2023-10-11,gasoline,90.43988939931766,8679.579,6658380.839500001,0.13628899835796388,-85,-125.22007095262262,-5.040445259837782,0.0,-0.0,0.0,-5.040445259837782,True,9650,9750.412361229122,0.1514293402043828,0.2515511339988506,0.0892817787390976,0.012439676295876174,0.012383984540506035,0.012557373731368967,0.0005668324961208128,0.0016452565088029233,5.7158494511136606e-05,0.8835999999999999,0.0,0.00046353409710342115,0.001354042652929539,5.800369147925108e-05,1.468646220505548,0.0,0.0008675296775404681,0.002482472612657439,5.5392685774516696e-05,0.5199531275396835,0.0
2023-10-25,gasoline,89.53334896276725,8810.444,6658380.839500001,0.13628899835796388,-70,-80.61293774863364,-85.65338300847142,0.75,-64.24003725635356,-64.24003725635356,-21.413345752117863,True,9580,9686.172323972769,0.00020602650296664622,0.0014105571945172218,0.0032941702690079118,0.012411342406600303,0.012396517487443665,0.012420312455662512,0.00014093076220958226,0.0004132859813198184,5.7587724069862895e-05,0.0009,0.0,0.00012692851506033786,0.0003728558178036645,5.7812946318750014e-05,0.007959185330713664,0.0,0.00031740951629453165,0.0009247774191594201,5.745166326978486e-05,0.016507129546790775,0.0
2023-11-08,gasoline,86.10020979440196,8795.345,5900399.90775,0.13628899835796388,-140,-227.6055176274437,-249.01886337956157,0.75,-186.76414753467117,-186.76414753467117,-62.2547158448904,True,9440,9499.408176438097,0.0033745764337041106,0.01480813458508794,0.013411954639085327,0.012182405487515011,0.012059137592100116,0.012119485153327201,2.309946023326611e-05,6.871953355043558e-05,6.111478396163542e-05,0.019600000000000003,0.0,6.348875101524431e-08,1.916415278818261e-07,6.305729578119754e-05,0.08642727415771342,0.0,6.689050515287568e-05,0.00019927643513228342,6.210251424863042e-05,0.06004863039797334,0.0
2023-11-22,gasoline,80.37544506746394,8763.733999999999,5900399.90775,0.13628899835796388,-340,-372.0900151166461,-434.34473096153647,0.75,-325.75854822115235,-325.75854822115235,-108.58618274038412,True,9100,9173.649628216945,0.02745386831985097,0.014374617932378991,0.022698179854954065,0.011609165098394093,0.011563342263108399,0.011632410226774624,0.00016941533237709806,0.0005311961207100516,7.040611034600782e-05,0.16000000000000003,0.0,0.00022159669002386474,0.0006999081938191171,7.117719376945293e-05,0.08350308005882932,0.0,7.559725303813836e-05,0.00023457896034727012,7.00165586129859e-05,0.07727777368877634,0.0
2023-12-06,gasoline,78.42588848557556,8598.244999999999,6096920.419000001,0.13628899835796388,-55,-177.29058993886233,-285.8767726792464,1.0,-285.8767726792464,-285.8767726792464,0.0,True,9045,8887.772855537698,0.055643206391096066,0.02605178695620391,0.0011757417932759086,0.011552184834341905,0.0113710359440128,0.01121358714705879,3.7519633872366946e-05,0.000112519437393217,7.136558107312292e-05,0.32489999999999997,0.0,0.00018111402009439938,0.0005586657670747371,7.445902067951908e-05,0.15178726419837993,0.0,0.00023990252013745102,0.0007520772139109367,7.720105082233051e-05,0.006362224081499866,0.0
2023-12-20,gasoline,74.0227212693011,8511.596,6096920.419000001,0.13628899835796388,-415,-256.24695055110675,-256.24695055110675,1.0,-256.24695055110675,-256.24695055110675,0.0,True,8630,8631.52590498659,0.08962262495666566,0.004362192309840037,0.0008163047014063644,0.010618768081349919,0.010855358708432548,0.010848603033487933,0.0006590636072630074,0.002141834109851506,8.800751231149909e-05,0.5184,0.0015203297036128216,0.00025891071684506394,0.0008102321153398592,8.362446435144045e-05,0.02493642752452313,0.0,0.0006659222943755603,0.002125726015352387,8.374806643868627e-05,0.00351170543738078,0.0
2024-01-04,gasoline,77.05655540788125,8348.23,6282799.55825,0.14085804371700852,200,157.3994144077371,157.3994144077371,0.0,0.0,0.0,157.3994144077371,True,8830,8631.52590498659,0.2590025762948225,0.11718640176402309,0.06486858340853975,0.011204186255233185,0.011137645334868915,0.010891791862343172,1.021516572452215e-05,2.95871930987863e-05,7.736633943262883e-05,1.5129,0.0,3.4338312692764154e-05,0.00010045698430155212,7.854133021057071e-05,0.68441326097466,0.0,0.00024327870877939968,0.000738694304889637,8.295945547887807e-05,0.26264999866696537,0.0
2024-01-18,gasoline,76.2303624464535,8284.869999999999,6282799.55825,0.14085804371700852,-50,-45.494223320569226,111.90519108716788,0.5,55.95259554358394,55.95259554358394,55.95259554358394,True,8780,8687.478500530175,0.0428146157098947,0.02820604460853842,0.00468301992769368,0.010856339926405223,0.010863218414494362,0.011020050522358535,4.374534451178505e-06,1.3010892689431037e-05,8.360651954145125e-05,0.25,0.0,3.282819319574933e-06,9.753526026518648e-06,8.348077774123493e-05,0.16466331292250086,0.0,6.2756787707499e-05,0.00018649892129364261,8.063949262099323e-05,0.012522771792255558,0.0
2024-02-01,gasoline,80.03755552747323,8263.93,13117202.124999998,0.14085804371700852,200,238.17959817253129,294.13219371611524,0.75,220.59914528708643,220.59914528708643,73.53304842902881,True,8980,8908.07764581726,0.042849638770674305,0.05517138110523629,0.022918101271592682,0.011361122277004363,0.01141973890988707,0.011396354840488251,0.00013685763872525218,0.00038968870318103436,7.463020831287029e-05,0.25,0.0,0.0001974876627442887,0.0005586873833749593,7.362088037450592e-05,0.3218833480019978,0.0,5.3132066359423475e-05,0.00015154867892676457,7.402271003078996e-05,0.10843394536975855,0.0
2024-03-05,gasoline,82.66674488641249,8322.869999999999,13137358.6145,0.14085804371700852,125,148.06474689942084,221.59779532844965,1.0,221.59779532844965,221.59779532844965,0.0,True,9105,9129.67544114571,0.003931918831788779,0.00565302516508853,9.400121265888425e-05,0.011597869247775793,0.011632491585375725,0.011745557225855253,0.00023440026556870256,0.0006708697377384717,7.059580117747172e-05,0.0225,0.0,0.0002791478924011089,0.0007958545099023052,7.001519706880805e-05,0.03248274567989926,0.0,0.00028469682153165816,0.0008049564807312893,6.813582551163043e-05,3.9892076204590435e-06,0.0
2024-04-02,gasoline,84.84844065575193,8435.746,4306244.706666666,0.14085804371700852,200,129.34227249645974,129.34227249645974,1.0,129.34227249645974,129.34227249645974,0.0,True,9305,9259.01771364217,0.003974588687412371,0.0003221451261614711,0.005923180730671922,0.012036845628628282,0.011932237906409656,0.011931720354215395,0.0003950121868229311,0.0011167592044283563,6.341182754229651e-05,0.0225,0.0,0.0002451664691351831,0.0007012497755722826,6.508878519877327e-05,0.001402124191078134,0.0,0.00029271976242903103,0.00083611565982498,6.509713644258216e-05,0.034044325972015246,0.0
2024-04-17,gasoline,89.69483516514862,8500.205999999998,4306244.706666666,0.14085804371700852,200,320.030298004331,320.030298004331,0.75,240.02272350324824,240.02272350324824,80.00757450108273,True,9505,9499.040437145419,0.00021860610577546276,0.02523190213680256,0.013722838308546795,0.012206682609431144,0.012380566175037834,0.012266388900533543,0.000744122421985287,0.00208960079468683,6.073579595014296e-05,0.0,0.0,0.0011737672622055442,0.0032335707073378023,5.805577181297759e-05,0.14544769228836218,0.0,0.0007288748952881949,0.002038620749709235,5.980874063779078e-05,0.04900064894026444,0.0
2024-04-30,gasoline,87.27778304465804,8530.869999999999,4306244.706666666,0.14085804371700852,-70,-117.29127755745536,-37.28370305637263,0.0,-0.0,0.0,-37.28370305637263,True,9435,9499.040437145419,0.05005452099963502,0.131063150282925,0.040744118055095105,0.012134436983033126,0.01206736935368246,0.012233709709358668,0.00044161311777178575,0.0012835910546289374,6.186708157387704e-05,0.2916,0.0,0.0003338884840137507,0.0009779631139835731,6.292662897089624e-05,0.7650006418073728,0.0,0.0006113374946866397,0.0017575356222988754,6.031526487850983e-05,0.23044363119166703,0.0
2024-05-16,gasoline,82.0104261021214,8556.119999999999,12958996.012,0.14085804371700852,-235,-324.1938972026002,-361.47760025897287,0.5,-180.73880012948644,-180.73880012948644,-180.73880012948644,True,9200,9318.301637015933,0.01866525021358337,0.029326918220376766,0.048560293323561814,0.011867033898959382,0.011739602260830368,0.01194629794511795,3.3208460266790824e-05,9.973930056710994e-05,6.614513760067585e-05,0.10890000000000001,0.0,2.5530060683357327e-07,7.783123742662608e-07,6.823417080927877e-05,0.17123477606409393,0.0,0.0001601832449075428,0.00047498064815927274,6.486211678881135e-05,0.13066605548898577,0.0
2024-06-14,gasoline,78.1073728456169,8499.255,6384133.0225,0.14085804371700852,-190,-238.4343016321941,-419.1731017616805,0.75,-314.3798263212604,-314.3798263212604,-104.79327544042013,True,9010,9003.921810694672,0.0014022121945742865,0.005057557390663822,0.021031281445134515,0.011652359793095955,0.011581393969885521,0.0114759667345943,3.6371117907929106e-06,1.0979550715014535e-05,6.968309702392102e-05,0.0081,0.0,2.3180044676444962e-05,7.075902727382962e-05,7.087292749027987e-05,0.029418832929598494,0.0,5.096651439561296e-06,1.5605138259552858e-05,7.265914310974298e-05,0.07143969552636165,0.0
2024-06-28,gasoline,84.04572783153426,8466.145999999999,6384133.0225,0.14085804371700852,210,349.9733303899042,245.1800549494841,0.0,0.0,0.0,245.1800549494841,True,9220,9003.921810694672,0.10961791144720608,0.2372091649884107,0.11578124454181021,0.01179976431384335,0.012009177746247005,0.011485584314823055,0.00016661583019706374,0.00047362410909981226,6.724386530851704e-05,0.6400000000000001,0.0,0.00045354102543404426,0.0012598698236369976,6.385324029107411e-05,1.3848941656874123,0.0,2.5325640783111552e-08,7.461557650264392e-08,7.24952744599872e-05,0.39533870079114336,0.0
2024-07-12,gasoline,86.2060657899071,8426.21,6575557.7965,0.14085804371700852,110,127.71117723904013,372.8912321885242,0.5,186.4456160942621,186.4456160942621,186.4456160942621,True,9330,9190.367426788935,0.006994940187321896,0.03398651945334496,0.05167888688882673,0.011655509367022315,0.011681403450177447,0.01177381594183785,0.00047705581873019556,0.0013593407854665667,6.963052392385234e-05,0.04000000000000001,0.0,0.0005238816525666293,0.0014884478444716542,6.919904855871968e-05,0.19760185889303267,0.0,0.00018816497258768795,0.0005358135625735138,6.767010415876109e-05,0.13904787104307587,0.0
2024-07-26,gasoline,83.75396290647076,8419.532,6575557.7965,0.14085804371700852,-145,-141.53495553281363,44.91066056144848,0.0,0.0,0.0,44.91066056144848,True,9185,9190.367426788935,0.044592183536781696,0.04970766731489068,0.02548573676745336,0.011558001707185264,0.011563007941800905,0.011767495128162175,0.00018451474261453284,0.0005447052873892973,7.126733517588693e-05,0.2601,0.0,0.00019013073806643327,0.0005609603937054783,7.118283499011462e-05,0.28997392005039485,0.0,0.00019618551803901398,0.0005699811204708149,6.777413646483354e-05,0.13904787104307587,0.0
2024-08-09,gasoline,78.63468861164303,8381.965,12943203.536,0.14085804371700852,-305,-347.0213295400123,-302.1106689785638,0.5,-151.0553344892819,-151.0553344892819,-151.0553344892819,True,8880,9039.312092299653,0.01754642785660758,0.028935323411003456,0.03390874098318017,0.01131389747186154,0.011252227370984774,0.01153995466044134,5.0087812283773586e-06,1.532704864915605e-05,7.544837712933336e-05,0.1024,0.0,2.284954416455823e-05,7.060948674298545e-05,7.652352596894796e-05,0.16889859961050532,0.0,5.443221758455022e-05,0.00016182180784316997,7.15723671473882e-05,0.09127085631067536,0.0
2024-09-06,gasoline,77.16119851371884,8247.751,6383179.188,0.14085804371700852,-100,-147.03809719827666,-298.09343168755856,0.75,-223.57007376566892,-223.57007376566892,-74.52335792188964,True,8780,8815.742018533983,0.028791477696910883,0.02740240087403601,0.008061608255028968,0.011394348390179776,0.011322944674886792,0.011212750658163944,1.29343510557655e-07,3.851630206360193e-07,7.405723962960143e-05,0.16809999999999997,0.0,6.546784542838908e-06,1.970593431997851e-05,7.529128911507549e-05,0.15997317287139445,0.0,6.512216366325434e-06,1.9617624608428237e-05,7.721575099559821e-05,0.021033549649289544,0.0
2024-09-21,gasoline,72.45480098191294,8165.897999999999,6383179.188,0.14085804371700852,-365,-297.9269768601219,-372.4503347820115,0.75,-279.33775108650866,-279.33775108650866,-93.11258369550285,True,8415,8536.404267447475,0.04818969506241245,0.015655883972165285,0.009109128030158703,0.010676073677437376,0.01077905000411208,0.010809328555792147,0.00029062996062124497,0.0009240299510995396,8.693560206857618e-05,0.28090000000000004,0.0,0.00016511015653153052,0.0005163948084477193,8.502591882666543e-05,0.09106981602242727,0.0,8.888333117635105e-05,0.0002754576363836883,8.446844159537767e-05,0.012440135335045212,0.0
2024-10-11,gasoline,75.382461095612,8030.115,6283039.875833334,0.14085804371700852,140,98.18199493566924,5.069411240166389,0.0,0.0,0.0,5.069411240166389,True,8555,8536.404267447475,0.17464111690931752,0.10745427916272697,0.05346760975888836,0.011078882189898148,0.011011894774614114,0.010854619025614302,6.334573141821668e-07,1.8338003382384759e-06,7.958634298171648e-05,1.0201,0.0,3.629330202935582e-06,1.0605364203605155e-05,8.078603554260908e-05,0.6276092701484755,0.0,1.6178614370495543e-07,4.76887556609506e-07,8.363799316665592e-05,0.31211831672827306,0.0
2024-10-24,gasoline,74.64565408972837,7976.088,6283039.875833334,0.14085804371700852,90,-61.833074069143045,-56.763662828976656,1.0,-56.763662828976656,-56.763662828976656,0.0,True,8645,8479.640604618498,0.0017580073570747838,0.01755027552576643,0.002224005612601722,0.011039295820830066,0.01080005768957224,0.010807850548203001,0.00010461692240447565,0.0003019112261322447,8.029421938659351e-05,0.010000000000000002,0.0,2.621986738294409e-07,7.774956117599031e-07,8.463893851519889e-05,0.10241928923445937,0.0,1.280030545456209e-07,3.7980085624041726e-07,8.449561154417188e-05,0.012888453671046985,0.0
2024-11-07,gasoline,72.70753615902433,7947.96,10827263.963333333,0.14085804371700852,-145,-135.98563861059327,-135.98563861059327,0.75,-101.98922895794496,-101.98922895794496,-33.99640965264831,True,8500,8377.651375660553,0.03783515800940687,0.0037867830964007487,0.0023504961283676083,0.010627127151092458,0.01064118290024168,0.010691091038067202,8.188949828848525e-06,2.4461752249134933e-05,8.785074544178819e-05,0.22089999999999999,0.0,1.1816872757597736e-05,3.524166380996369e-05,8.758745750672872e-05,0.02199441131229577,0.0,2.5197203547097362e-05,7.586069698143026e-05,8.665578606155277e-05,0.00818140732674274,0.0
2025-01-03,gasoline,72.91250667945691,7991.374,6085057.7491666665,0.1460849504681775,70,57.64075428849221,23.6443446358439,0.0,0.0,0.0,23.6443446358439,True,8570,8377.651375660553,0.03167480976552263,0.02569275068892896,0.007606110110010344,0.01085371885545081,0.010834118810337166,0.010742708589130305,1.9428811927499833e-05,5.6514604499427756e-05,8.365445877513607e-05,0.18489999999999998,0.0,1.306235532398688e-05,3.807995445906709e-05,8.401337798301499e-05,0.14996472010844408,0.0,6.450428041576025e-05,0.0001929855878077228,8.569744426576182e-05,0.04160721129374448,0.0
2025-01-17,gasoline,78.64825306101768,8017.737999999999,6085057.7491666665,0.1460849504681775,340,368.9089829398969,392.55332757574075,0.5,196.27666378787038,196.27666378787038,196.27666378787038,True,8910,8573.928039448423,0.05009270087618063,0.06654232325818502,0.05721753596392776,0.011326352582235926,0.01137182374094456,0.011107377300019579,0.0005821163307156569,0.0016113511501597902,7.52321595276854e-05,0.2916,0.0,0.000672902481057957,0.0018534605869302983,7.444542555732793e-05,0.3875516406711326,0.0,8.263602345268173e-06,2.3716136078163197e-05,7.907873848420709e-05,0.15409811499078682,0.0
2025-02-20,gasoline,74.43100270687172,8093.87,12741932.447666667,0.1460849504681775,-170,-254.11234316053927,-57.83567937266889,0.0,-0.0,0.0,-57.83567937266889,True,8740,8573.928039448423,0.1781353168583297,0.26580352333411633,0.029073009626876603,0.010879528006016699,0.010752275583813248,0.01113671869838984,6.512133057684028e-05,0.00019398688923333147,8.318300939303375e-05,1.0404,0.0,8.035713530041904e-06,2.429450250562801e-05,8.55204068777366e-05,1.552622291103784,0.0,5.433576793451965e-06,1.6076537731204904e-05,7.855775543147231e-05,0.15409811499078682,0.0
2025-03-06,gasoline,72.48036962055622,8081.696,6141708.261,0.1460849504681775,-135,-147.4108707940119,-205.2465501666808,0.5,-102.6232750833404,-102.6232750833404,-102.6232750833404,True,8605,8471.304764365083,0.0008559747871832136,0.00781304926056289,0.015672141806271488,0.010956277698385974,0.010937136247563881,0.01100314701377397,2.2156244260485664e-07,6.625070825881835e-07,8.17889130687109e-05,0.004900000000000001,0.0,9.820825567165978e-08,2.943995650106101e-07,8.21354993952205e-05,0.045540816820739204,0.0,6.479705021335712e-05,0.0001962355875135901,8.094336365576425e-05,0.04212614635532382,0.0
2025-03-20,gasoline,70.03629620842324,8076.817999999999,6141708.261,0.1460849504681775,-280,-174.8460009855104,-277.4692760688508,0.75,-208.10195705163807,-208.10195705163807,-69.36731901721271,True,8325,8263.202807313444,0.014500259791358206,0.0005641883890247784,0.01161685839514861,0.010599443159887822,0.010764167944813111,0.010706927282607139,0.0002894057803417984,0.0009113363760012214,8.837046890417987e-05,0.0841,0.0,0.00010661734937392562,0.00032712689148826966,8.530059375161768e-05,0.003010745474497884,0.0,0.0004453402096671236,0.0014020530925737936,8.636120053075155e-05,0.044503009399077136,0.0
2025-04-03,gasoline,73.12522518772467,7965.565,5687813.336500001,0.1460849504681775,230,168.62962969922364,99.26231068201093,0.0,0.0,0.0,99.26231068201093,True,8555,8263.202807313444,0.1781235212456381,0.0807991323214712,0.037608410064859474,0.011130112804215853,0.011030742062412583,0.01075769741055376,2.77735183969889e-05,7.920063733103971e-05,7.867489886593557e-05,1.0404,0.0,1.6359429104439044e-06,4.716913196696628e-06,8.044758795097489e-05,0.4719020354971032,0.0,0.0001900593188942943,0.0005750564065411144,8.542015715488469e-05,0.17322569811488725,0.0
2025-04-18,gasoline,65.23406046403404,7910.469999999999,5687813.336500001,0.1460849504681775,-480,-391.8134274904788,-292.55111680846784,0.5,-146.27555840423392,-146.27555840423392,-146.27555840423392,True,8075,8116.92724890921,0.34533975051260474,0.21517109272242005,0.03189904300666793,0.01004943132344642,0.010188383860227721,0.010567130449064599,0.000481446556285505,0.001570122223351123,9.901381698680927e-05,2.0164,0.0,0.0002645058179825567,0.0008434331916925948,9.626781127423988e-05,1.2563856814085599,0.0,0.00038336145858747326,0.0011947119345879164,8.897902796496424e-05,0.0855861559458818,0.0
2025-05-20,gasoline,63.74256473909944,7780.994999999999,11736971.944,0.1460849504681775,-230,-263.480542629986,-409.7561010342199,0.5,-204.87805051710995,-204.87805051710995,-204.87805051710995,True,7845,7912.0491983921,0.0439736664755758,0.02244503290276165,0.03612722891416385,0.010241436050179268,0.01018554606590995,0.010285139420518726,0.0008369918289444524,0.002687520405514575,9.522957036274081e-05,0.25,0.0020770338593518733,0.0009712377941561865,0.0031463549833662375,9.632350602437567e-05,0.06587731734646594,0.024818020458107437,0.0005949543824055834,0.0018866969058693801,9.437851607875925e-05,0.013737008327358791,0.0
2025-06-04,gasoline,64.51466400998532,7691.918,5868261.845,0.1460849504681775,65,-45.36477927936753,-250.24282979647748,0.75,-187.6821223473581,-187.6821223473581,-62.56070744911938,True,7910,7724.367076044742,0.05970805985166242,0.03279604025596015,0.008987434856700307,0.010470167567042445,0.010280531219793509,0.010038724649533506,0.0003472069305314305,0.0010516778410084345,9.081770620024972e-05,0.34809999999999997,0.0,0.0006841463660765573,0.002133465664114886,9.446807336940867e-05,0.19029794488809204,0.0,0.0009702662813288278,0.0031135427046706876,9.922700660781139e-05,0.001182799782477061,0.012216433446822439
2025-06-18,gasoline,69.9983912088471,7634.762,5868261.845,0.1460849504681775,260,230.752986155886,168.19227870676661,0.0,0.0,0.0,168.19227870676661,True,8170,7724.367076044742,0.026058599335549715,0.05222408158053182,0.04699115998867079,0.010568330105913267,0.010518488838502623,0.010125251383557634,1.0690219340883244e-05,3.0388837029524425e-05,8.895639699102205e-05,0.1521,0.0,1.6251847340287024e-06,4.645340369357288e-06,8.989905390559936e-05,0.3049640815558308,0.0,0.0007537444480363846,0.0023425296987438908,9.751066023793044e-05,0.14089831619523477,0.0
2025-07-02,gasoline,71.3322865500842,7678.065,6152521.947000001,0.1460849504681775,235,-9.789494080096802,158.4027846266698,0.5,79.2013923133349,79.2013923133349,79.2013923133349,True,8405,7803.568468358077,0.0005154673047504842,0.03963938938215613,0.009515702825209572,0.010594878316420307,0.010190996083674214,0.010345362538548631,0.00024882342188985233,0.0007016353219539824,8.845631388294093e-05,0.0025000000000000005,0.0,2.8366002728063984e-07,8.373442701590387e-07,9.621655783049461e-05,0.23144273919231267,0.0,0.0006300216728897642,0.0019287177837989985,9.321202451206013e-05,0.025091442177483145,0.0
2025-07-16,gasoline,70.28199592347697,7712.07,6152521.947000001,0.1460849504681775,-130,-148.50228335258754,-69.30089103925263,0.0,-0.0,0.0,-69.30089103925263,True,8275,7803.568468358077,0.09124993212131108,0.013198694349787867,0.008375806459590369,0.010206988452742096,0.010177314756946533,0.010415480582059945,2.1640782187931924e-05,6.444548552861026e-05,9.590307516472666e-05,0.5328999999999999,0.0,1.1804889378282472e-05,3.527533737664947e-05,9.648514538410036e-05,0.07696495163101767,0.0,0.0007499610605900153,0.002330455481716946,9.186301247286998e-05,0.025091442177483145,0.0
2025-08-27,gasoline,66.40231906729642,7728.785,12627496.819999998,0.1460849504681775,-180,-217.2484623405618,-286.5493533798144,0.25,-71.6373383449536,-71.6373383449536,-214.91201503486081,True,8095,7731.931130013123,0.0017526101521504762,0.0032911403138277165,0.04497638540694472,0.010188629909347399,0.010127952870663122,0.010358100764119573,7.116775837012964e-05,0.00021786781086701587,9.626298305575244e-05,0.010000000000000002,0.0,0.00011895079841823451,0.00036763859536835444,9.745731452384849e-05,0.01890414850178637,0.0,0.0011186004939944924,0.0035513374560635362,9.296622087487157e-05,0.02052763298059744,0.009514351101031826
2025-10-14,gasoline,64.79524527100162,7692.882,6358758.927833334,0.1460849504681775,-75,-169.35033585437824,-384.2623508892391,0.25,-96.06558772230977,-96.06558772230977,-288.1967631669293,True,8020,7635.865542290813,0.007603947588657537,0.0016794577554110663,0.08729744938632127,0.010302646941679025,0.010145534482064978,0.010260056800066704,0.00012150508075303562,0.00036910937624765814,9.403865633772718e-05,0.04409999999999999,0.0,0.00030138803555003507,0.0009382638874012858,9.711049064417038e-05,0.00917692208354575,0.0,0.0014170267242799813,0.004551786364695816,9.486649353792686e-05,0.0023869574705692076,0.045719938970447904
2025-10-28,gasoline,61.85814749117869,7671.101999999999,6358758.927833334,0.1460849504681775,-265,-239.3243222443035,-527.5210854112328,0.25,-131.8802713528082,-131.8802713528082,-395.64081405842455,True,7755,7503.985270938005,0.024964418061904706,0.0035698623221298137,0.176714992344428,0.009889334232564039,0.00993248927801784,0.010101927569609042,0.0007519351260187524,0.0024188131881222063,0.00010222556226080143,0.1444,0.0,0.0006599399692624654,0.0021083895117146984,0.00010135477213722575,0.019585435085189774,0.0,0.002064091866527013,0.006768418178596803,9.797183783726556e-05,0.005130766254210767,0.11422270232536791
2025-11-11,gasoline,63.26464256803477,7581.5,5931072.557666667,0.1460849504681775,125,29.31282044281231,-366.32799361561223,0.25,-91.58199840390306,-91.58199840390306,-274.74599521170916,True,7880,7412.403272534102,0.10421427938607822,0.049543759652745684,0.11010192460317347,0.010402348454917932,0.010236024048669686,0.010020558473777617,0.00016465055904899906,0.0004892629609111288,9.211491518081621e-05,0.6084,0.0,0.0003781046228686094,0.001152328001062973,9.533522637815672e-05,0.2886636577243913,0.0,0.0021009742081227177,0.0068579387080832934,9.958925317529174e-05,0.006495803210657838,0.10960634058802987
2025-11-25,gasoline,62.23296396645118,7535.498,5931072.557666667,0.1460849504681775,-70,-110.23384513339212,-384.97984034510125,0.25,-96.24496008627531,-96.24496008627531,-288.7348802588259,True,7810,7316.158312447827,0.026116527737597935,0.013439321561463706,0.12929103644923023,0.009988312732699742,0.009919487236255718,0.009933031139960205,0.00020212656885252453,0.0006176465971430932,0.00010023388193822212,0.1521,0.0,0.00028846422268820636,0.0008909479296565589,0.0001016167375800114,0.07789308749374815,0.0,0.002459855561855443,0.008096431426100266,0.00010134386202901094,8.697284660508761e-05,0.14130798703120528
2025-12-09,gasoline,62.23817103955421,7482.42,6147229.8215,0.1460849504681775,-55,-61.98732469917472,-350.72220495800065,0.0,-0.0,0.0,-350.72220495800065,True,7755,7316.158312447827,0.00023386851154893237,0.0016778499315393274,0.14606504243072144,0.00993028540886545,0.009918225502895728,0.010025213705014776,0.00020247898840730757,0.0006175753734721595,0.00010139915194690805,0.0009,0.0,0.00021650187667697404,0.0006615794760754553,0.00010164217701046212,0.009310906936037429,0.0,0.002122640466434833,0.006843470625364865,9.949636163062507e-05,0.03705236936803491,0.09295084720598612
2025-12-23,gasoline,60.02514654872086,7468.974,6147229.8215,0.1460849504681775,-170,-193.5082092181416,-544.2304141761422,0.0,-0.0,0.0,-544.2304141761422,True,7585,7316.158312447827,0.009263802312162742,0.01207854079426708,0.27488444897561004,0.009816967742472286,0.009776105539633187,0.010112463431581852,0.0006314458625843362,0.001998378777737174,0.00010369414595784997,0.0529,0.0,0.0007162698640704172,0.0022814580980753,0.00010452801793671921,0.06919097225860565,0.0,0.0020333088336733913,0.006542775070117631,9.776337939180613e-05,0.0,0.08528242949591158
2026-01-21,gasoline,63.27606746491273,7375.275,12330644.921999998,0.1460849504681775,85,117.53638703650594,-426.6940271396362,0.25,-106.67350678490905,-106.67350678490905,-320.0205203547272,True,7670,7209.484805662917,0.04458892140811284,0.06629591894771109,0.14008396093366693,0.01034610355009734,0.010403926170711807,0.009998501316737567,0.0001559744493330272,0.0004654510899404864,9.31977166654432e-05,0.2601,0.0,0.00010367656150375685,0.0003066882369631997,9.208463293714978e-05,0.3869949634368668,0.0,0.00210480999024377,0.0068883563174367115,0.00010002997591130019,0.045516948199160155,0.11362459557691573
2026-02-04,gasoline,66.21568324403765,7346.499,6388291.3774999995,0.1460849504681775,205,186.10125731689968,-133.9192630378275,0.0,-0.0,0.0,-133.9192630378275,True,7875,7209.484805662917,0.009884204305564038,0.0032405676949408975,0.056622429578326625,0.010447462435330635,0.010414248404978288,0.010087180466503148,1.7699808039351112e-05,5.056970724716601e-05,9.125097392441932e-05,0.0576,0.0,8.260642389089751e-06,2.368835444004771e-05,9.18866336414613e-05,0.018804565746268882,0.0,0.0019436166666156106,0.006241744779826579,9.826399110367675e-05,0.045516948199160155,0.07745424969370762
2026-02-25,gasoline,68.7834083434205,7325.843999999999,6388291.3774999995,0.1460849504681775,175,141.35196316113536,7.432700123307853,0.0,0.0,0.0,7.432700123307853,True,8050,7209.484805662917,0.0007233372324983154,0.0014572570025955043,0.02929857110928968,0.010470665763505941,0.01041306964738716,0.010171114251212518,0.0003168756007944948,0.0008974378509471149,9.080821099081781e-05,0.0036,0.0,0.00023967778329623431,0.0006831652931671392,9.190923358584936e-05,0.008009997309756491,0.0,0.0018106883472428217,0.005797259670153182,9.660699506271767e-05,0.0,0.0655952215627158
2026-03-10,gasoline,78.4036612824465,7588.235,6513980.708000001,0.1460849504681775,695,603.1089158465949,610.5416159699028,0.5,305.2708079849514,305.2708079849514,305.2708079849514,True,8745,7514.755613647869,0.18570167270172155,0.14641809117957472,0.13884223407963192,0.01141434213682819,0.011260469454207127,0.01082133177762331,0.0020099811598341378,0.005224008285384679,7.371352094344393e-05,1.0816000000000001,0.0,0.0015057050317480473,0.003976889107636799,7.637939416084667e-05,0.8528779334134469,0.0,0.0015958921345656575,0.004868971251810885,8.424795033646768e-05,0.3727610648311402,0.0
2026-03-24,gasoline,100.53825399545414,7740.374,6513980.708000001,0.1460849504681775,1160,1579.2276202877724,1884.4984282727237,0.5,942.2492141363618,942.2492141363618,942.2492141363618,True,9905,8457.00482778423,0.15076432254587432,0.6564414417068981,0.988166249003418,0.012654040420632394,0.013300251060353022,0.012556167696885548,0.010643701237720809,0.02513452504778231,5.396312214170271e-05,0.8649000000000001,0.0,0.016319653564057676,0.03620301103572145,4.488663585430081e-05,3.811230900639692,0.0,0.00023716976547381917,0.0006119753875838797,5.541063935689022e-05,1.6229659596127648,0.0
2026-04-08,gasoline,116.21363904838014,7841.799999999999,6513980.708000001,0.1460849504681775,420,818.9703749692841,1761.2195891056458,0.75,1320.9146918292345,1320.9146918292345,440.30489727641134,True,10325,9777.919519613464,0.3783470615598692,0.4004265870777729,0.2553340999367819,0.013079564363524072,0.013622527317911205,0.014613418834945989,0.012883435027713925,0.032581561151205696,4.789242939860599e-05,2.1904,0.0,0.018244168093189815,0.04358058564301043,4.067215781078886e-05,2.3119643162370247,0.0,0.008124726714424024,0.01904658156766605,2.9015256647714636e-05,0.5735501759854856,0.0
2026-04-22,gasoline,106.71277678317998,7841.799999999999,6513980.708000001,0.1460849504681775,-555,-655.8332214717653,-215.528324195354,0.0,-0.0,0.0,-215.528324195354,True,9770,9777.919519613464,0.6527751066043495,1.4909485437087844,1.2338114697330385,0.013730565248515918,0.013598922296539374,0.014455146267356427,0.006584177204716856,0.018867567145681295,3.930581210311628e-05,3.8024999999999998,0.0,0.005715689742805795,0.01663817861543544,4.0973795765740766e-05,8.700182592301816,0.0,0.007027144466722683,0.01904658156766605,3.074540291641137e-05,6.979262492361286,0.0
2026-05-09,gasoline,114.44845662872568,7841.799999999999,13027961.416000001,0.1460849504681775,320,385.75704002533183,170.22871582997783,0.5,85.11435791498891,85.11435791498891,85.11435791498891,True,10090,9863.033877528453,0.526974274250045,0.7457841824856614,0.012880584680228905,0.01474685200341266,0.014837577994739039,0.014422681585512586,0.010264226632733579,0.026508616112077554,2.7595563874049584e-05,3.0625,0.0,0.011015982884282407,0.028172558083401404,2.6650600960402607e-05,4.339641091382364,0.0,0.00785190383298791,0.021004773816335868,3.1106480696580404e-05,0.028977815693123347,0.0
