adjust_date,fuel,oil_price_usd_bbl,inventory_cost,quantity_tonnes,transport_share,actual_delta,mechanism_delta,mechanism_signal_with_carry,optimal_ratio,raw_optimal_delta,optimal_delta,carry_over_next,discounted_horizon_loss,scenario,actual_price,optimal_price,actual_loss,mechanism_loss,optimal_loss,actual_cpi_pred,mechanism_cpi_pred,optimal_cpi_pred,actual_loss_consumer,actual_loss_profit,actual_loss_cpi,actual_loss_expectation,actual_loss_security,mechanism_loss_consumer,mechanism_loss_profit,mechanism_loss_cpi,mechanism_loss_expectation,mechanism_loss_security,optimal_loss_consumer,optimal_loss_profit,optimal_loss_cpi,optimal_loss_expectation,optimal_loss_security
2016-04-27,gasoline,42.396839673275,5983.353999999999,10195945.915,0.14604640289872012,165,171.5829568848506,171.5829568848506,0.75,128.68721766363797,128.68721766363797,42.89573922121264,0.01666079467648798,security_priority,6130,6258.687217663638,0.01921825076100211,0.01999154194196547,0.010651199777642052,0.022611537684789868,0.022620661943921802,0.022556405577301784,0.00043621349022820007,0.0013015733526714475,6.820129079077622e-06,0.10890000000000001,0.01007689084848987,0.0004121756751770368,0.001227118248408617,6.8678690243199966e-06,0.11776284437339399,0.0094618126170574,8.724150794213651e-05,0.00025625069493298667,6.535209475659667e-06,0.06624159996003415,0.0015642983881858372
2016-05-12,gasoline,44.53533986703174,5983.353999999999,4894031.2015,0.14604640289872012,120,168.10706650506384,211.00280572627648,1.0,211.00280572627648,211.00280572627648,0.0,0.008571713775219812,security_priority,6250,6469.690023389914,0.002074256675577803,0.00025346397815072496,0.003426201577162534,0.022830947729081,0.022924099383335127,0.02277702943477782,0.00010203284055666313,0.0003005590864895964,8.014265044788876e-06,0.0081,0.0019060034084255474,3.465738887578053e-05,0.00010048418018824141,8.55035720362087e-06,4.832725572917663e-05,0.00043751332758463053,8.148582173924742e-05,0.00023017309809154996,7.711892481622408e-06,0.027103424152391985,0.0
2016-05-26,gasoline,47.87412315362528,5983.353999999999,4894031.2015,0.14604640289872012,210,280.7905830666906,280.7905830666906,0.75,210.59293730001795,210.59293730001795,70.19764576667265,0.023551052371180953,security_priority,6460,6680.282960689932,0.00408642548422558,0.006434990493945881,0.004158325596702775,0.022949808635956116,0.02324447009392943,0.02330326281001473,6.720438915508121e-05,0.00019000445983379763,8.70137098876128e-06,0.0324,0.0,0.00020412991499012294,0.0005675800082627935,1.052658619040244e-05,0.050790299618777644,0.0,0.0007066825909821918,0.001964817639566478,1.0911545192026411e-05,6.71968507374565e-07,0.0
2016-06-09,gasoline,49.297681034260485,6096.014999999999,9903935.825,0.14604640289872012,110,99.50075572334688,169.69840149001953,0.5,84.84920074500977,84.84920074500977,84.84920074500977,0.03488479200100994,security_priority,6570,6765.132161434942,0.005035874494720522,0.016506246996644523,0.013859341285166658,0.023672951011837536,0.023949635020598395,0.02361030403345162,5.1276388266535264e-05,0.00014747274347907897,1.3490569135358373e-05,0.04000000000000001,0.0,3.940484936627477e-05,0.00011360775463953024,1.559961679593728e-05,0.13146400599271751,0.0,0.0005322790071782761,0.0015137343447140616,1.3034295213957022e-05,0.06324594913126119,0.0
2016-07-22,gasoline,45.323769115979474,6228.219999999999,9576173.727,0.14604640289872012,-155,-139.57172673647705,-54.72252599146728,1.0,-54.72252599146728,-54.72252599146728,0.0,0.03039128316637851,security_priority,6415,6710.409635443474,0.039212892986259136,0.03202745177871105,0.009791509477255728,0.023204911620855063,0.02318269637700521,0.02322226914089469,0.00030546152801235203,0.0009538131753507795,1.0271458497491828e-05,0.28090000000000004,0.007205133681432415,0.0002624226088344731,0.0008153573299467269,1.0129556228202092e-05,0.22862260747801127,0.006064765343082014,4.766733484128122e-05,0.0001405874957973426,1.038301841636219e-05,0.0779210676168073,0.0
2016-08-05,gasoline,41.821543066021135,6279.969999999999,4930784.809249999,0.14604640289872012,-220,-235.3097791206681,-235.3097791206681,0.5,-117.65488956033406,-117.65488956033406,-117.65488956033406,0.025890963152741406,security_priority,6195,6592.7547458831405,0.021609113662278637,0.025479393488364355,0.013525813773339177,0.02170658870046587,0.021747007305972902,0.022242272534214704,0.001643252006831932,0.0054340339009107275,2.912444992557791e-06,0.016900000000000002,0.03520743401901114,0.0017481228696130569,0.005810603534939682,3.0520345271226954e-06,0.036663098697272446,0.03772441265943358,5.1850667698507364e-05,0.00015766041239966084,5.02778611769363e-06,0.015841929537456122,0.0008312226578086114
2016-08-19,gasoline,44.95531466879161,6292.897999999999,4930784.809249999,0.14604640289872012,175,112.32998561032062,-5.324903950013436,0.0,-0.0,0.0,-5.324903950013436,0.015810285813244222,security_priority,6370,6592.7547458831405,0.08833929317880505,0.07531541360833832,0.007647309653530185,0.021016654227506974,0.020871885574414474,0.021212436130798522,0.000759406780245083,0.0022940340342411454,1.0335858183078018e-06,0.6241000000000001,0.01823880040645047,0.001080193839130046,0.0033306600367952197,7.601844548720567e-07,0.4834136240888688,0.026640434987132408,7.039261280275618e-05,0.00021074997519764034,1.470001371265691e-06,0.055370692149817616,0.0012201750957797645
2016-09-02,gasoline,47.59264263315335,6245.110000000001,4638615.2825,0.14604640289872012,205,130.15483416651762,124.82993021650418,0.5,62.41496510825209,62.41496510825209,62.41496510825209,0.021157864094563023,security_priority,6575,6655.169710991393,0.0006839481215684727,0.0017848341111683954,0.00507162215633345,0.021670851678924005,0.021314587677930343,0.02075948009378336,3.346642616185559e-05,9.656238141364076e-05,2.791745332963166e-06,0.0036,0.0004119908909086755,0.00014591744725538097,0.0004311132917801937,1.7281407629662908e-06,0.0012709009042054325,0.0029371127399115023,8.949866863492556e-07,2.608918713354743e-06,5.768100128531804e-07,0.015582511477857304,0.0
2016-09-19,gasoline,46.13663267214746,6223.906,4638615.2825,0.14604640289872012,-155,-103.75471189199216,-41.33974678374007,0.0,-0.0,0.0,-41.33974678374007,0.03648767095336998,security_priority,6420,6655.169710991393,0.06861374431033282,0.029269728211786635,0.003324434034264117,0.020879446156314617,0.020642924817602062,0.020492522685941546,0.0002783083031405129,0.0008676419880435937,7.734255418565528e-07,0.5184,0.006494999302462542,0.00015466699644677375,0.00047431257751202145,4.1335232108864473e-07,0.21885470294919238,0.0032836749846472473,7.848204732812699e-06,2.3052571146415646e-05,2.425785961670741e-07,0.015582511477857304,0.0
2016-10-20,gasoline,50.22665824618214,6242.055,10322409.696,0.14604640289872012,355,243.71782996522825,202.3780831814882,0.25,50.59452079537205,50.59452079537205,151.78356238611616,0.04189966907303473,security_priority,6775,6705.764231786765,0.13055097242776711,0.060584618601097706,0.019724055110036352,0.01984923676223304,0.019905564006690222,0.020058755311885886,0.00012614172688715637,0.0003483250614779195,2.2729553861977086e-08,1.0404,0.0,3.792436462169107e-06,1.074144061844413e-05,8.918156832404535e-09,0.48294866937887104,0.0,2.879651636720182e-05,8.373787902859456e-05,3.4521866748077116e-09,0.010239222138053339,0.0
2016-11-17,gasoline,43.853398014610974,6345.566,9667095.747,0.14604640289872012,-365,-309.0135361297743,-157.22997374365815,0.5,-78.61498687182907,-78.61498687182907,-78.61498687182907,0.05844647331378498,security_priority,6410,6627.1492449149355,0.2710664908895999,0.16071549324881404,0.01440406383930679,0.020553937652099626,0.020178268100476664,0.019680787212323688,0.0007582156509409485,0.002494792106619675,3.068469224136454e-07,2.0736,0.019876848605751424,0.0005297728608728795,0.0017119998428848844,3.1779515647557964e-08,1.2220478522609912,0.013463024181926448,0.00010087634623543,0.00030662296305943373,1.0189680381608246e-07,0.06678038748640203,0.0019531741029050124
2016-12-01,gasoline,46.28107919720019,6397.923999999999,3425808.1233333335,0.14604640289872012,175,211.82630230190665,133.21131543007758,1.0,133.21131543007758,133.21131543007758,0.0,0.04853341403822261,security_priority,6585,6760.360560345013,0.15049546559759722,0.13888267882905497,0.022567856104850435,0.018068941888899716,0.018328110503244285,0.01908908581146052,0.0003359979454463039,0.000997965039293985,3.728985428446199e-06,1.1664,0.007569366780317698,0.00023356886926741271,0.000685770915713666,2.7952144893620806e-06,1.0850965491901579,0.005001565486413967,1.4031288823245546e-05,4.080633614848188e-05,8.297646588825419e-07,0.17948152938759498,8.982888439269485e-05
2016-12-15,gasoline,52.12131287707897,6424.956,3425808.1233333335,0.14604640289872012,435,404.6088802501751,404.6088802501751,0.75,303.4566601876313,303.4566601876313,101.15222006254379,0.03582398370368993,security_priority,7020,7063.817220532645,0.03398767254390481,0.018696048352518504,0.022829977604877934,0.019905391859433727,0.020014392661978964,0.019545920689921368,0.00022514209470196736,0.0006132607758053907,8.950700261407745e-09,0.27040000000000003,0.0,0.0001575477400577485,0.0004320003269084055,2.0714871884069258e-10,0.1486604894415208,0.0,0.0003345484608821001,0.0009266762634720938,2.0618801984148688e-07,0.11593390964647332,0.0
2016-12-29,gasoline,53.07575348934881,6420.54,3425808.1233333335,0.14604640289872012,100,120.43406272601057,221.58628278855434,1.0,221.58628278855434,221.58628278855434,0.0,0.017783046105853968,security_priority,7120,7285.4035033211985,0.05647068243533414,0.040702174044736326,0.003740295585789049,0.020904645658690206,0.020810496014728796,0.020503926694433305,0.000514741118857515,0.0014622030756848883,8.18383767787036e-07,0.4489000000000001,0.0,0.0005891359457988785,0.0016662209557113932,6.569037898912597e-07,0.32302130765956893,0.0,0.0012489842572467574,0.003447077711128352,2.5394211336247684e-07,0.026811034781869175,0.0
2017-01-13,gasoline,53.99351442246399,6592.219999999999,5317887.004333334,0.13639340683331513,240,69.15090928209297,69.15090928209297,1.0,69.15090928209297,69.15090928209297,0.0,0.014922784165123612,security_priority,7360,7354.554412603292,0.010049264500219396,0.0013768904012650815,0.011866002279857306,0.020650322838421446,0.020526492156563634,0.020888735515505207,0.0007072052534153016,0.0019640793433955655,4.2291979417252507e-07,0.07840000000000001,0.0,0.00018427346989829428,0.0005304815522154879,2.771939909230256e-07,0.010519847308609588,0.0,0.000669860917426391,0.0019057361719076954,7.898508165203044e-07,0.09294617238421753,0.0
2017-01-26,gasoline,53.59469121042442,6695.227999999999,5317887.004333334,0.13639340683331513,-70,4.9418569543929785,4.9418569543929785,0.0,0.0,0.0,4.9418569543929785,0.007149926503439022,security_priority,7290,7354.554412603292,0.04827114093802323,0.002171793291721921,0.002513607128076593,0.021157841106256525,0.020627391511107825,0.02061619217060387,0.00015866527348696536,0.00046601497407991265,1.3405960273373317e-06,0.3844,0.0,0.00033091162310729794,0.0009568303211851221,3.9362010821015906e-07,0.016491209603285265,0.0,0.0003035800044798344,0.0008790467858460667,3.79692791113508e-07,0.019127393018161007,0.0
2017-02-15,gasoline,54.325999515736456,6784.26,10181992.026333332,0.13639340683331513,50,-31.98073207968033,-27.03887512528735,0.0,-0.0,0.0,-27.03887512528735,0.007255024102195525,security_priority,7340,7354.554412603292,0.007252183077006724,0.0006870405888908767,0.0006179163887455698,0.019926716891165965,0.020094554744513,0.02011362603873218,8.517240994093437e-05,0.0002469265418853794,5.370414040381152e-09,0.0576,0.0,9.430251039929883e-06,2.7814085194257117e-05,8.940599709918708e-09,0.005453110323916283,0.0,0.00010554280205209946,0.0003077578021134735,1.2910876677966705e-08,0.0,0.0
2017-03-15,gasoline,52.055328052771,6801.446,5204902.126999999,0.13639340683331513,-85,-86.42863626810336,-113.46751139339071,0.75,-85.10063354504302,-85.10063354504302,-28.366877848347684,0.0203887541768051,security_priority,7255,7269.453779058249,0.009145622083050094,0.0014881957430755738,0.004279771554932769,0.01971515713395825,0.019425497548792997,0.019539551724918145,2.1274961242702165e-06,6.330547311414843e-06,8.113545833487786e-08,0.0729,0.0,1.8261456455577213e-06,5.435493862523481e-06,3.3005306644285527e-07,0.011858297082046778,0.0,6.454309693936272e-06,1.918481545565308e-05,2.120126140258559e-07,0.028968471319070804,0.0
2017-03-29,gasoline,49.38071351199277,6812.572,5204902.126999999,0.13639340683331513,-230,-134.5397692866529,-162.90664713500058,0.5,-81.45332356750029,-81.45332356750029,-81.45332356750029,0.028400521116103992,security_priority,7025,7188.000455490749,0.014214953223146382,0.002134278258460875,0.005424001253827386,0.01853001049284979,0.018633810755802713,0.018699714274438506,0.00028164880140388234,0.0008857253820797618,2.1608691511317237e-06,0.0841,0.006643926644212914,9.18527866779714e-05,0.0002808998109700922,1.8664730509603561e-06,0.00925872448131427,0.0017537114700798009,2.0091443543857246e-05,6.037464750484672e-05,1.6907429680989823e-06,5.321148028913109e-05,0.00019143909173049243
2017-04-13,gasoline,52.84095880895715,6772.045,9552889.359,0.13639340683331513,200,180.87821619979064,99.42489263229035,0.0,0.0,0.0,99.42489263229035,0.028429400928881885,security_priority,7225,7188.000455490749,0.09278068351891007,0.04992193925825012,0.011238506240234791,0.017712622017100013,0.018027148060748188,0.018002269958475658,2.5357596054730538e-06,7.250814046766668e-06,5.232098036655614e-06,0.7395999999999999,0.0,1.4703251183709383e-08,4.2214010591446056e-08,3.8921447742096385e-06,0.3979540222733052,0.0,1.5394884590405494e-06,4.545278585952707e-06,3.990925318808852e-06,0.026538575680767593,0.0
2017-05-12,gasoline,48.041424392545125,6733.571,5247888.948999999,0.13639340683331513,-250,-293.3559093889389,-193.93101675664857,0.5,-96.96550837832429,-96.96550837832429,-96.96550837832429,0.028859344846398412,security_priority,6975,7091.034947112425,0.10418600406149915,0.11697610346143186,0.01245604305169358,0.018068513446908848,0.017949178792231672,0.017513827831424272,0.00020531195332605155,0.0006444755651340546,3.730640304771941e-06,0.81,0.0046640311162315096,0.0003105606661247493,0.0009875182872198078,4.2058676262323444e-06,0.8995920234916277,0.0074831671895321025,3.0467540976891598e-05,9.195491329777774e-05,6.181052051800538e-06,0.037609239260267505,0.0003823352218364471
2017-05-26,gasoline,51.03890868988692,6708.786,5247888.948999999,0.13639340683331513,140,120.060225204291,23.094716825966714,0.0,0.0,0.0,23.094716825966714,0.027975790866235854,security_priority,7115,7091.034947112425,0.07632363724766006,0.08579142596177337,0.005189475737179704,0.01644003316733879,0.01626269041208702,0.01681486096415268,2.9178880228315776e-06,8.452851354294418e-06,1.2673363849647902e-05,0.6084,0.0,1.0599215547539144e-05,3.0883599140804754e-05,1.3967482955906287e-05,0.6836516013680303,4.69532539988357e-05,1.2522281295581664e-05,3.713749386397502e-05,1.0145110677678406e-05,0.037609239260267505,7.309058967766998e-05
2017-06-10,gasoline,48.441866975263295,6651.615,5143969.58,0.13639340683331513,-180,-210.9973096188248,-187.9025927928581,0.75,-140.92694459464357,-140.92694459464357,-46.975648198214515,0.03340372760054479,security_priority,6935,6950.108002517781,0.05272404256191395,0.057146404295488014,0.012747677759385503,0.016799991788257532,0.016690747274200977,0.016330717710876165,0.00011861426424790452,0.0003662242446988164,1.0240052555219229e-05,0.4096,0.0024209834944528617,0.0001763601427353062,0.0005495873965156427,1.0951153603208268e-05,0.4383963654526342,0.003891800179166815,9.492113181620466e-05,0.0002907718619211909,1.3463632517277854e-05,0.07944161485112697,0.0018300602624520819
2017-06-24,gasoline,45.03258488301636,6620.423999999999,5143969.58,0.13639340683331513,-250,-202.6109905293957,-249.58663872761022,0.5,-124.79331936380511,-124.79331936380511,-124.79331936380511,0.03203428377140791,security_priority,6685,6825.314683153975,0.013584269990789597,0.008220564933688963,0.016317347315571138,0.015088106520801182,0.015033010531795718,0.0153766489552742,0.0007843487721422579,0.002534132166668797,2.4126697550995873e-05,0.019600000000000003,0.020197237460952294,0.000590746928801877,0.0018808875816663552,2.467098437725226e-05,0.0002813213914788913,0.014852564425396002,0.00028980864970581287,0.0008988466413217449,2.1375374882767154e-05,0.0010411754523565896,0.006752023166928199
2017-07-22,gasoline,46.99182937767929,6535.9349999999995,9561067.345999999,0.13639340683331513,75,64.99909846400752,-59.794220899797594,0.0,-0.0,0.0,-59.794220899797594,0.016292048822550587,security_priority,6760,6825.314683153975,0.055927120487881336,0.03921826783402029,0.011775701275531346,0.014295338404603453,0.014458000834222526,0.014666033769875346,0.00024025255553619516,0.0007211528882260732,3.254316391799229e-05,0.42250000000000004,0.00529131938643323,0.0002657523074762677,0.0008001428274879773,3.071375475347822e-05,0.28646063892422874,0.0059396843734197055,0.00010313023446007761,0.00030983044929829885,2.8451195744110217e-05,0.06229349023134662,0.0019781603065873025
2017-08-05,gasoline,50.15160002264495,6517.253000000001,9868741.298,0.13639340683331513,175,174.36838320677614,114.57416230697855,0.5,57.287081153489275,57.287081153489275,57.287081153489275,0.007003332157044517,security_priority,6935,6882.601764307465,0.005021914261877515,0.006006285826475001,0.004348968352578153,0.014950904263623,0.014911812087351735,0.014518894554658397,1.9647988739809218e-08,5.640196925926368e-08,2.549336775510041e-05,0.04000000000000001,0.0,8.03594970507475e-09,2.3071404485495898e-08,2.588965623441991e-05,0.04784656178057921,0.0,1.625325231387011e-05,4.784566314748887e-05,3.004251690295338e-05,0.013127238668345864,0.00012427044082956158
2017-09-16,gasoline,52.38592119344901,6564.921,5445319.278,0.13639340683331513,95,35.346608299556834,92.63368945304612,1.0,92.63368945304612,92.63368945304612,0.0,0.0027209686216940294,security_priority,7030,6975.235453760511,0.003219362413922819,0.009702295463483671,0.000631704370440965,0.015085786119940294,0.015012275476949055,0.014635701125964996,1.3089980056399283e-05,3.790039924404414e-05,2.414949805897147e-05,0.0256,0.0,1.1475039776047033e-06,3.369648553872164e-06,2.487739591784378e-05,0.07730821559341422,0.0,4.748627944847995e-07,1.3818960375114783e-06,2.877570240997321e-05,0.004997530873129202,0.0
2017-09-30,gasoline,55.187765045612345,6609.59,5445319.278,0.13639340683331513,210,171.151490855452,171.151490855452,0.75,128.363618141589,128.363618141589,42.78787271386301,0.00325744181943157,security_priority,7240,7103.599071902099,0.006719640777891445,0.009311872839057501,0.00211921441215558,0.01501848224704568,0.014752464227435997,0.014917522547203108,0.0002602999261630545,0.0007329583975611237,2.481551912299906e-05,0.0529,0.0,0.00017278089554240673,0.0004905418894758947,2.7536631684338892e-05,0.07377186450408194,0.0,3.166360603133336e-05,9.10782037480138e-05,2.5831577058188784e-05,0.005106511216353439,0.0
2017-11-03,gasoline,57.00834724985867,6762.785,5193268.4895,0.13639340683331513,150,89.12985930082701,131.91773201469002,1.0,131.91773201469002,131.91773201469002,0.0,0.0032309215115839318,security_priority,7390,7235.516803916789,0.0018764539700937607,0.003411292703180342,1.294682147084114e-05,0.015625345839156365,0.015414287129731552,0.015313812352465624,0.0002174886427290935,0.0006186898915258716,1.9137599026986536e-05,0.0144,0.0,0.00010356389992203305,0.0002983612787532035,2.102876252854569e-05,0.02691019217153062,0.0,9.872508052884198e-06,2.8461212696501048e-05,2.1960354667903773e-05,5.0526901691876435e-05,0.0
2017-11-17,gasoline,60.43819147787639,6839.96,5193268.4895,0.13639340683331513,265,179.49216161645785,179.49216161645785,0.75,134.61912121234337,134.61912121234337,44.87304040411448,0.005248828416441876,security_priority,7655,7370.135925129132,0.006874677908456334,0.004244073507171599,0.0016328909422445971,0.015893299937858266,0.015582283435909566,0.015695637089819785,0.0007802172741671791,0.00215960841669294,1.686498540039492e-05,0.0529,0.0,0.00046996352954806273,0.0013233554820627307,1.9516219640638994e-05,0.03266138271912585,0.0,4.960473451463524e-05,0.00014246105841114466,1.852754006253509e-05,2.9190014388792963e-05,0.0
2017-12-29,gasoline,62.21587332766389,6987.75,9909746.214,0.13639340683331513,70,31.85656603080484,76.72960643491932,1.0,76.72960643491932,76.72960643491932,0.0,0.005588804898668504,security_priority,7725,7446.865531564052,0.01921790504589514,0.011042610783860122,0.0016844456129876985,0.016423726238935416,0.016086151812856397,0.015992248093840544,0.00043912786907655805,0.001255773399943444,1.2789734014079026e-05,0.1521,0.0,0.00033240444288291167,0.0009577975064577386,1.531820763200727e-05,0.08718507633572198,0.0,9.373209164880578e-07,2.729715337208163e-06,1.606207534132476e-05,0.013404783684662391,0.0
2018-01-13,gasoline,66.11343927180071,7104.843999999999,5195912.244,0.13474034151009923,180,156.28639151490952,156.28639151490952,0.75,117.21479363618215,117.21479363618215,39.071597878727374,0.016933330337691517,security_priority,7905,7564.080325200234,0.006258596997597529,0.007932516992418835,0.0020462107178980996,0.016138835413104066,0.015985823964217265,0.01610876591536648,0.000604573410031863,0.0016992125054919737,1.4908591967099256e-05,0.0484,0.0,0.0005254332086266994,0.0014835759061459534,1.61136092462524e-05,0.061931125880018985,0.0,1.7527974158983685e-07,5.080516559936597e-07,1.5141702701413664e-05,0.006556201530885183,0.0
2018-01-27,gasoline,67.75322721683503,7178.954,5195912.244,0.13474034151009923,65,15.41229530970337,54.48389318843074,0.0,0.0,0.0,54.48389318843074,0.0185310353257903,security_priority,7970,7564.080325200234,0.006804563742827336,0.010081946787039884,0.009453610401398922,0.01648770163514539,0.0163572093444113,0.016226053073623806,0.0005395073819769831,0.001540793970425485,1.2336239803760359e-05,0.0529,0.0,0.0003918682008931618,0.001129873993442495,1.326992376044436e-05,0.0793820439265347,0.0,2.7735908100907437e-05,8.253440144318461e-05,1.4242675403104328e-05,0.05495723138869107,0.0003229276346312362
2018-02-10,gasoline,65.67800657880974,7239.48,10805669.170000002,0.13474034151009923,-170,-150.54472341056493,-96.06083022213419,0.75,-72.04562266660064,-72.04562266660064,-24.01520755553355,0.014358901853072242,security_priority,7800,7492.034702533633,0.027728380725472603,0.013844093011443175,0.005854416312393248,0.015968794724007182,0.015828298852278305,0.015855779708292307,4.706747401900401e-05,0.0001406960946745576,1.6250615977192334e-05,0.22089999999999999,0.0,6.743491264365315e-05,0.00020081165658546936,1.7403090465902516e-05,0.11016692825007793,0.0,0.00022568323460381642,0.0006911766434643458,1.7174561826201798e-05,0.0207622869816728,0.005045803696071551
2018-03-01,gasoline,64.32478933099402,7194.950999999999,5092628.8525,0.13474034151009923,-190,-48.93205816678833,-72.94726572232187,0.0,-0.0,0.0,-72.94726572232187,0.011495620139931087,security_priority,7610,7492.034702533633,0.00023120008918903467,0.005199664507802678,0.00841455120087619,0.014834305155085764,0.015046358930639877,0.015338084192198446,9.814435457235506e-06,2.981217398436465e-05,2.6684403230773513e-05,0.0016,4.2831331015731234e-05,4.687110493662493e-05,0.00013799525289794688,2.4538559844051307e-05,0.04130053495177522,0.0,0.00013737952819108454,0.000413989271647619,2.1733458999030014e-05,0.0207622869816728,0.002800339062718632
2018-03-29,gasoline,65.81290998890657,7169.706,5092628.8525,0.13474034151009923,170,61.938015506460296,-11.009250215861577,0.0,-0.0,0.0,-11.009250215861577,0.013994130855748278,security_priority,7780,7492.034702533633,0.06507204946577468,0.006175206434330591,0.0011047641505247821,0.014649997508861277,0.014995848199989335,0.015089244640601008,0.00011932957316939103,0.00034017961875747546,2.8622526655190542e-05,0.5184,0.0,1.024894665121229e-05,2.984997642785239e-05,2.5041535237549983e-05,0.04916869294524631,0.0,9.600511697657102e-05,0.00028822354357416446,2.4115518199865927e-05,0.0,0.001810327074515037
2018-04-13,gasoline,67.1364923044488,7165.084999999999,5134429.475,0.13474034151009923,55,86.37023400264391,75.36098378678233,1.0,75.36098378678233,75.36098378678233,0.0,0.013236928871237388,security_priority,7835,7567.395686320416,0.006709409461791885,0.00039506642952979066,0.0029226783232719367,0.015483016026534097,0.015152628503208695,0.014935530884702612,0.0002256594967419219,0.0006503964664472183,2.0403144216547823e-05,0.0529,0.0,0.00029662023316307065,0.0008497101056995481,2.349701042790478e-05,0.0023877332025810274,0.0,1.5903667982983048e-05,4.6735120060255986e-05,2.564884741980111e-05,0.022717111509246674,0.00011865598112840552
2018-04-27,gasoline,71.45750403433306,7178.299999999999,5134429.475,0.13474034151009923,255,258.6832314514729,258.6832314514729,0.75,194.0124235886047,194.0124235886047,64.67080786286823,0.010793057566352472,security_priority,8090,7761.408109909021,0.020378357868653725,0.015210472890108209,0.010438506818426695,0.015156205554929266,0.015263373673382525,0.015175661081986805,0.0010036476614004577,0.0027767298057544934,2.34623446260981e-05,0.16000000000000003,0.0,0.001019796317502045,0.0028194480583635106,2.2435628958005755e-05,0.1187670763592006,0.0,8.039715867311014e-05,0.00022889163120868764,2.3274245995856732e-05,0.05631265666818191,0.0
2018-05-12,gasoline,73.11339128033123,7270.8949999999995,4991426.0934999995,0.13474034151009923,100,123.8461601408466,188.51696800371485,1.0,188.51696800371485,188.51696800371485,0.0,0.020136099531023063,security_priority,8190,7949.925077912736,0.012353953710161883,0.00945194775116811,8.79986108988856e-05,0.015870479626907928,0.015906891031061517,0.015792145232621065,0.0009662129979484658,0.002727224257596974,1.705293851178249e-05,0.0961,0.0,0.0010686688224933237,0.0030030616289870027,1.6753541031604653e-05,0.07272414319850769,0.0,0.0002278984413416504,0.0006458405623926206,1.7706041743353633e-05,0.00012080012834198771,0.0
2018-05-26,gasoline,75.7600727398957,7321.165999999999,4991426.0934999995,0.13474034151009923,260,173.4331037481288,173.4331037481288,0.5,86.7165518740644,86.7165518740644,86.7165518740644,0.022602595902355086,security_priority,8450,8036.6416297868,0.01344211018596375,0.001691927692241906,0.011309167833430243,0.016100564407575815,0.016088677010594365,0.01623381013258346,0.0019805076494705696,0.005415461973404304,1.5205597939464561e-05,0.1024,0.0,0.0015034397054663436,0.0041759927386972075,1.5298447527453038e-05,0.009835459905247132,0.0,0.00029404298880390936,0.0008425489257364217,1.4184186117431022e-05,0.041453298896679994,0.0
2018-06-09,gasoline,71.57248681191464,7459.885,5122005.898,0.13474034151009923,-130,-169.96591349832568,-83.24936162426128,0.0,-0.0,0.0,-83.24936162426128,0.023002188619404992,security_priority,8320,8036.6416297868,0.07652446775332067,0.0593367557716343,0.009334773472888941,0.01662787116479438,0.016318027449669075,0.016221309595056174,0.0006450279524226966,0.001881755576590813,1.1371252881225224e-05,0.6084,0.0,0.0005189123653822995,0.0015250129567689744,1.3556921861390418e-05,0.471691540183323,0.0,4.731810338469137e-05,0.00013843584720365425,1.4278501176414537e-05,0.030079041475709202,0.0
2018-06-26,gasoline,71.34368611064708,7523.008,5122005.898,0.13474034151009923,-55,16.615235212308775,-66.63412641195251,0.0,-0.0,0.0,-66.63412641195251,0.019561003984052028,security_priority,8265,8036.6416297868,0.002920978453309126,0.01762397805191646,0.0035563950909915667,0.015481289823038018,0.015431306993977042,0.015930012071398426,0.00030417388183462255,0.0008865623332963714,2.0418741663379786e-05,0.0225,0.0,0.0004913465830732519,0.0014133413762903594,2.0872955783283098e-05,0.13925010021671957,0.0,5.20609728827628e-06,1.5299645612235802e-05,1.6564801738962538e-05,0.0,0.0
2018-07-10,gasoline,75.52675702206679,7570.405,5498064.225000001,0.13474034151009923,270,247.03431453195307,180.40018812000056,0.5,90.20009406000028,90.20009406000028,90.20009406000028,0.016500184539870094,security_priority,8535,8126.8417238468,0.053310519815994856,0.026923246084635834,0.010601986627805409,0.01575348135569181,0.015950986560593013,0.015745511559061228,0.001016253800215226,0.002810738991965613,1.803292059645708e-05,0.42250000000000004,0.0,0.0009227765756988139,0.0025627183713983026,1.63945098324984e-05,0.21237180845805015,0.0,2.4744065712275467e-05,7.172395653299507e-05,1.8100671894081624e-05,0.03254422787373159,0.0
2018-07-24,gasoline,71.84604043418894,7573.593999999999,5498064.225000001,0.13474034151009923,-125,-137.02129850027902,-46.821204440278734,0.0,-0.0,0.0,-46.821204440278734,0.012999834250273993,security_priority,8410,8126.8417238468,0.07845947460995707,0.07417041489850089,0.005846170343410203,0.0161927685197901,0.016109949747340188,0.015764572275206595,0.0005327413996572918,0.0015565980372157684,1.4495011543901273e-05,0.6241000000000001,0.0,0.0004974087444958527,0.0014565410691378105,1.513249096821867e-05,0.5899948556062543,0.0,2.2249437382762905e-05,6.523140902249828e-05,1.7938848011948646e-05,0.03254422787373159,0.0
2018-08-07,gasoline,72.24956008101798,7638.575,5141021.8935,0.13474034151009923,70,32.13091731342869,-14.690287126850045,0.0,-0.0,0.0,-14.690287126850045,0.018140643553645357,security_priority,8480,8126.8417238468,0.01925020708795173,0.014494501769711829,0.0001759173006275351,0.015188909084398175,0.015115603424062374,0.01549523080070949,0.0005387745784845343,0.0015385728715874222,2.3146595798186413e-05,0.1521,0.0,0.00043053567975106225,0.001237914923588994,2.385732991103121e-05,0.1144498884587486,0.0,2.2138149504819962e-09,6.520124256777088e-09,2.0292945538876462e-05,0.0,0.0
2018-08-21,gasoline,69.1787498069334,7676.288,5141021.8935,0.13474034151009923,-50,-129.38889547571105,-144.0791826025611,0.0,-0.0,0.0,-144.0791826025611,0.019862925762396344,security_priority,8430,8126.8417238468,0.007321894056721439,0.013140468072070081,0.016620258814310646,0.015403288003525927,0.015210548074868534,0.015238836975546156,0.0002968739813138028,0.0008648483251788183,2.112976117852866e-05,0.0576,0.0,0.00014569267170854163,0.00043061844983174137,2.293884974314551e-05,0.10435459969375499,0.0,7.0228751534917756e-06,2.0791783549044927e-05,2.2668673345426475e-05,0.0,1.3640526128157957e-05
2018-09-04,gasoline,72.78311549184721,7762.94,5493699.1855,0.13474034151009923,180,212.3774963561236,68.2983137535625,1.0,68.2983137535625,68.2983137535625,0.0,0.005066611584091011,security_priority,8610,8195.140037600362,0.02670803454355243,0.05880398714821972,0.0024306618685457247,0.01502027555704078,0.014812230472821705,0.015064250853452272,0.0005222537040146979,0.0014730975056689382,2.4797655527805523e-05,0.2116,0.0,0.0006217782827370106,0.001743792866219848,2.691295266711972e-05,0.4672170663430046,0.0,1.790511031951489e-05,5.272823970394043e-05,2.436161963764663e-05,0.018658638646320252,0.00014965968106799742
2018-09-18,gasoline,74.11763302719488,7799.846,5493699.1855,0.13474034151009923,145,117.6660879835556,117.6660879835556,1.0,117.6660879835556,117.6660879835556,0.0,0.0027905022221186974,security_priority,8755,8312.806125583918,0.0008797441370227424,0.004736760437262924,0.0012270135106680067,0.015514737680820102,0.015586868743226307,0.015162547900926457,0.0008562409495485104,0.0024106249321640843,2.0117578071855037e-05,0.004900000000000001,0.0,0.0007580598959742171,0.002144424088412476,1.947572748951296e-05,0.03588100350366138,0.0,1.0047427442908575e-06,2.9145874672798194e-06,2.3400942810831033e-05,0.009748708529694285,0.0
2018-10-01,gasoline,76.98512082710351,7903.82,5958000.7655,0.13474034151009923,240,172.00315055662983,172.00315055662983,0.75,129.00236291747237,129.00236291747237,43.000787639157465,0.03397423214687773,security_priority,8995,8441.80848850139,0.004942429627506737,0.001809522917545703,0.0015486206297193389,0.01558015865362858,0.015434628861346807,0.01541822210254016,0.001358836460545903,0.0037588690696857448,1.953499752709433e-05,0.0361,0.0,0.0010659407717528663,0.002982977905371037,2.0842613633647555e-05,0.011810065476280739,0.0,4.8047582817321515e-06,1.3905860944995144e-05,2.0992688701651523e-05,0.0005140445175093986,0.0
2018-10-20,gasoline,77.91850696573522,7951.442,5958000.7655,0.13474034151009923,165,93.2528611835263,136.25364882268377,0.0,0.0,0.0,136.25364882268377,0.07437387154156647,security_priority,9160,8441.80848850139,0.003390054404795401,0.0035753293012336543,0.023206032498973475,0.016019354926441482,0.01575447104539256,0.015563027512225514,0.0018661834249700088,0.005175168829780135,1.5845535201645702e-05,0.0225,0.0,0.0015093754190337837,0.0042361539342781205,1.8024516104410143e-05,0.024806432305390164,0.0,1.2387077871112913e-06,3.656325191276553e-06,1.9686724857267716e-05,0.06656643855316499,0.0
2018-11-03,gasoline,72.54628464866491,7970.945,5723211.4684999995,0.13474034151009923,-375,-306.89986142267765,-170.64621259999387,1.0,-170.64621259999387,-170.64621259999387,0.0,0.0950460428940659,security_priority,8785,8271.162275901397,0.14643559222454947,0.08051715108546639,0.01682064821332785,0.015434760883210049,0.015291918488661146,0.01513624698578681,0.00035400874612960586,0.0010669499839490748,2.0841408193469097e-05,1.1664,0.0,0.0005276462358610132,0.0015716183311311252,2.216603151741075e-05,0.6404888056366304,0.0,0.0001819930903277914,0.0005618385206780724,2.365609338326789e-05,0.11648051949888924,0.0039911929485558165
2018-11-17,gasoline,64.89815719013242,7963.598,5723211.4684999995,0.13474034151009923,-510,-425.9952697573099,-425.9952697573099,0.75,-319.49645231798246,-319.49645231798246,-106.49881743932747,0.13154182228265288,security_priority,8275,7951.665823583415,0.011082250488845112,0.007601094802943875,0.03611370657385642,0.013368514102383097,0.013638003270920043,0.014059965537778015,0.0001560450201879725,0.0005003425613712904,4.3976605210291876e-05,0.0729,0.0034934169425555345,5.133982600666032e-05,0.0001612115928802919,4.047500238082408e-05,0.056734865145571196,0.0008566870383453763,0.0011535830359409504,0.0037823223568562003,3.528400941238483e-05,0.08862557545641066,0.028878575783134224
2018-12-01,gasoline,57.47630975735433,7712.42,3566871.4790000003,0.13474034151009923,-540,-440.81427464748793,-547.3130920868155,0.75,-410.4848190651116,-410.4848190651116,-136.82827302170386,0.17683329432830047,security_priority,7735,7541.181004518303,0.014806109690939968,0.008731576090587645,0.04460012727859097,0.011846034980911474,0.012190066095250453,0.012456338656308215,0.0009708110724731864,0.0032582179057491435,6.648714553251936e-05,0.0036,0.02605793821887895,0.0006046578075099195,0.0019764364638183885,6.0995067596556514e-05,0.0008784116237404788,0.015637420588861868,0.002012222651603954,0.006840478522869027,5.690682646830975e-05,0.0331155315332403,0.04605408936342138
2018-12-15,gasoline,56.98627403563451,7564.652,3566871.4790000003,0.13474034151009923,-125,-102.93004666218256,-239.75831968388644,1.0,-239.75831968388644,-239.75831968388644,0.0,0.18342714588223413,security_priority,7610,7301.422684834416,0.09928238051683218,0.06879866502070939,0.053852552036419504,0.010540905930916115,0.010871515012783864,0.01076089165285289,0.0009188768092061545,0.0029204295389737207,8.947446060777794e-05,0.6889,0.02333255878904198,0.0008286851946718364,0.002618009872097397,8.332923816183039e-05,0.4566630060849033,0.02087967818350348,0.002732235636136402,0.009225945252711596,8.536112305032341e-05,0.11659015036386991,0.07117977479586823
2018-12-29,gasoline,51.25025677943197,7466.139999999999,3566871.4790000003,0.13474034151009923,-370,-352.1609207702925,-352.1609207702925,0.5,-176.08046038514624,-176.08046038514624,-176.08046038514624,0.1603314130035851,security_priority,7240,7125.342224449269,0.06373160177008838,0.06211909880914863,0.08273392966890711,0.009916168282863935,0.010008633722099662,0.00971833655119154,0.0024344279659573144,0.008323789940783234,0.00010168366209951929,0.24009999999999998,0.06090927957008818,0.0023128383175997826,0.007867712956359447,9.982740009916405e-05,0.2484641144347701,0.05604320291951778,0.0034285396876561963,0.011627086651945366,0.0001057126032745639,0.016219479059480617,0.10172379954476772
2019-01-15,gasoline,53.62385738254757,7323.6849999999995,5216883.113666668,0.13275198293056265,105,44.81157768235306,-131.26888270279318,0.5,-65.63444135139659,-65.63444135139659,-65.63444135139659,0.09158354667522085,security_priority,7345,7059.707783097873,0.1275960494268853,0.09555568703497537,0.05049494249300883,0.00861417367584973,0.00860548561043165,0.009045774550239798,0.0010542646431599583,0.0032601845580156373,0.00012963704108371327,0.9025,0.02607376106901811,0.0013570702696346735,0.004268822811281606,0.0001298349581740802,0.6303486581109427,0.02978608484510008,0.002870527817661087,0.009485218866313653,0.00011999505520417411,0.04879329248161356,0.07427174522133707
2019-01-29,gasoline,57.5914267742096,7238.2119999999995,5216883.113666668,0.13275198293056265,245,141.962482125215,76.3280407738184,0.75,57.2460305803638,57.2460305803638,19.0820101934546,0.05213177582455707,security_priority,7590,7116.953813678237,0.010430695230545026,0.007656542755886119,0.02927159484748995,0.009746674418701569,0.00941775175745116,0.008930512870926381,6.43824283610253e-05,0.00018635307437669187,0.00010513068547610882,0.07840000000000001,0.0010394054232007975,0.00024078128901166648,0.0007169281359786269,0.00011198397786692803,0.037753192936264356,0.0052566973046099825,0.0018669151777243704,0.005934843209245677,0.00012253354530072653,0.060398441528688604,0.03862262541548209
2019-02-15,gasoline,58.91424279892484,7157.985,11492102.228666667,0.13275198293056265,50,74.01842618112357,93.10043637457818,1.0,93.10043637457818,93.10043637457818,0.0,0.030260220908948407,security_priority,7640,7210.0542500528145,0.019097653433029098,0.002337877154899586,0.01291382885430224,0.009898554162638745,0.009565392022284005,0.009305552436542238,3.2709124119062915e-06,9.554086802034214e-06,0.00010203920800514303,0.1521,0.0,1.2496707370668537e-05,3.632674466402909e-05,0.0001088810436486143,0.018465578952535297,0.0,0.0009037184103247292,0.0027855430761458072,0.00011437120868754766,0.005142153659424775,0.022240004979821267
2019-03-01,gasoline,62.15537233921507,7245.852999999999,5229608.432999999,0.13275198293056265,270,172.00853260044428,172.00853260044428,0.75,129.00639945033322,129.00639945033322,43.002133150111064,0.021348766211977885,security_priority,7910,7339.060649503148,0.024365327364449713,0.0048517620528165375,0.011935658933581004,0.009807628248957123,0.009782641595358145,0.009829711733654871,0.00020464104763971775,0.000574223369560532,0.00010388444191145686,0.1936,0.0,5.4391208853620516e-05,0.00015556243950936397,0.00010439441276890557,0.038408243824279195,0.0,0.0007336316806415719,0.0022372696435621524,0.00010343476342055741,0.005156952737589937,0.017774732583942927
2019-03-29,gasoline,64.18432514642905,7297.644,5229608.432999999,0.13275198293056265,80,87.27408260169162,130.27621575180268,1.0,130.27621575180268,130.27621575180268,0.0,0.014289414545353086,security_priority,7990,7469.336865254951,0.018204434420519257,0.003698786150250059,0.0058823889001840745,0.010834507001954983,0.010513577004371466,0.010450736710436401,0.00024737856418990484,0.0007103726017973016,8.400626189721223e-05,0.1444,0.0,0.0002634066118365721,0.0007553465896148322,8.999222125198985e-05,0.028719708066364463,0.0,0.0004542547138198231,0.0013700095548808506,9.118842937340701e-05,6.449733757910328e-06,0.010642142282730783
2019-04-13,gasoline,67.7074125661637,7388.83,5203551.0595,0.13275198293056265,-50,168.19382500329834,168.19382500329834,0.75,126.14536875247376,126.14536875247376,42.048456250824586,0.019720107322710023,security_priority,7940,7595.482234007424,0.00850367761918875,0.0034266544694212956,0.005963240693995587,0.010644159622844769,0.01089349334907458,0.011031151643782166,3.0080315309388354e-05,8.867756441573787e-05,8.753174916280814e-05,0.06760000000000001,0.0,0.0004161196337257659,0.0011768780719506413,8.292846338334891e-05,0.026192018841369555,0.0,0.0003579128369743865,0.0010753640208549348,8.044024083683135e-05,6.82555877274591e-05,0.0082082925475625
2019-04-27,gasoline,69.11899911641486,7419.106,5203551.0595,0.13275198293056265,195,57.45213562653202,99.50059187735661,0.75,74.62544390801746,74.62544390801746,24.875147969339153,0.02292759442110514,security_priority,8135,7670.107677915442,0.030217316864880724,0.006181402665992086,0.004862780678843258,0.011032111590854453,0.011588373413257143,0.011503170198325377,0.0002771737158195504,0.0007840963766556164,8.042302251888706e-05,0.24009999999999998,0.0,5.224049674601145e-05,0.00015169120796216154,7.07554618347993e-05,0.04905488706408079,0.0,0.00024738845520815,0.000743944086825213,7.219611667862601e-05,0.010617210623913702,0.00547819936151186
2019-05-14,gasoline,67.89285334783487,7523.12,5434433.2469999995,0.13275198293056265,-75,-25.859273361364075,-0.9841253920249216,0.0,-0.0,0.0,-0.9841253920249216,0.0789422786517658,security_priority,8060,7670.107677915442,0.036594746644774065,0.0035102519413750927,0.01002347278751668,0.011991525905642765,0.011597739784309473,0.011690341630621427,1.4754844996893194e-05,4.3697676852883933e-05,6.413565731999094e-05,0.2916,0.0,5.128320619894852e-05,0.0001504715854735131,7.059797673217584e-05,0.02776316347019398,0.0,0.0005410151461599522,0.0016676030206578157,6.905042221578338e-05,0.022275827513874635,0.013097304996084434
2019-05-28,gasoline,68.00149017161712,7573.418,5434433.2469999995,0.13275198293056265,50,56.94525428735654,55.96112889533162,0.0,0.0,0.0,55.96112889533162,0.12149766813440396,security_priority,8110,7670.107677915442,0.00785622357126359,0.003457098540088751,0.012348168840707904,0.011431993315783479,0.011593845328104665,0.011616854544274116,1.3021450330707047e-05,3.798267538971739e-05,7.341073854077899e-05,0.0625,0.0,1.6638615459517628e-05,4.84700721383203e-05,7.066343636782777e-05,0.027426359196510944,0.0,0.0007235347165564148,0.0022461875220492478,7.027712773185754e-05,0.0,0.01784766524916178
2019-06-12,gasoline,60.803864299344106,7612.645,5105936.3975,0.13275198293056265,-465,-401.1308578789897,-345.16972898365805,0.5,-172.58486449182902,-172.58486449182902,-172.58486449182902,0.14454166240052557,security_priority,7645,7497.522813423613,0.14678473696288746,0.11518309221699867,0.05916035027109057,0.01123175381561553,0.011318937028665122,0.011360867819251287,0.0009358383826162827,0.0031100499824410705,7.688214114997281e-05,1.0609,0.024864352508118494,0.0006912517723779388,0.0022579352056242945,7.536085431228156e-05,0.8393348981497399,0.01794372601030892,0.001735078809597714,0.0056783302700225005,7.463460483644802e-05,0.11914214180665195,0.036804145013078875
2019-06-26,gasoline,60.31181874518448,7616.062,5105936.3975,0.13275198293056265,-120,-101.5675800752677,-274.1524445670967,0.5,-137.07622228354836,-137.07622228354836,-137.07622228354836,0.12009484944693763,security_priority,7525,7360.446591140065,0.07845445879132,0.06274380923362251,0.05328233655563027,0.009704800966020666,0.009926457381245169,0.010575712105345629,0.0016050804800557615,0.005198592048105427,0.00010599112314924903,0.4760999999999999,0.033803587186478835,0.0015044809702467565,0.00484808446393953,0.00010147626089186995,0.3589526296340397,0.031982981900206625,0.0026982573831961978,0.008973440821198837,8.881720232132892e-05,0.0050434546859027644,0.06822585887175861
2019-07-10,gasoline,62.23218388585334,7508.369999999999,9872437.775,0.13275198293056265,150,48.91147160222594,-88.16475068132243,0.75,-66.12356301099183,-66.12356301099183,-22.0411876703306,0.1147051515243329,security_priority,7675,7294.323028129073,0.04289833365782182,0.022960985068438813,0.03453209319545747,0.010318555186366266,0.01026924626346852,0.010013227842635879,0.00048646622474055794,0.0014660667279228323,9.373037367943552e-05,0.2916,0.011435216265684552,0.000851109967566716,0.002636454538086188,9.468756828102136e-05,0.09057577997503118,0.021029624118932375,0.002436664712140991,0.007982408073571317,9.973561812310323e-05,0.020137119431390012,0.05724427634198048
2019-08-07,gasoline,59.78548531751208,7413.043,5236898.556750001,0.13275198293056265,-80,-132.88519684719734,-154.92638451752794,0.5,-77.46319225876397,-77.46319225876397,-77.46319225876397,0.11499685635809753,security_priority,7595,7216.859835870308,0.032101980972981455,0.024593519651239668,0.03433055139500108,0.010444769731139246,0.010043704238466029,0.009702451134970268,0.00041925368367971204,0.0012990638231122017,9.130242549095276e-05,0.2116,0.010056160850579034,0.0005850607541147254,0.0018392539126009034,9.912782529113933e-05,0.13220011463723813,0.014510278970739775,0.0023216748322122394,0.00760105097590535,0.00010603951262767512,0.0005143487659077172,0.05331311345392098
2019-08-21,gasoline,56.781321350083445,7351.448,5236898.556750001,0.13275198293056265,-210,-147.65089853976062,-225.1140907985246,0.25,-56.27852269963115,-56.27852269963115,-168.83556809889345,0.1024732707600796,security_priority,7385,7160.581313170677,0.022036041773557558,0.009843181971013667,0.05199281845365266,0.009228933215157538,0.009120306976549449,0.009388035317403657,0.0009548912323636164,0.003075449637460703,0.00011601587968353655,0.06760000000000001,0.02458520181430501,0.0007015800041194638,0.0022205570445819386,0.00011836772028451861,0.0008721037858950649,0.017638026760787996,0.002301413695629922,0.007509122714317468,0.00011261379442467212,0.001795160897318595,0.05239296561702444
2019-09-04,gasoline,57.816294465619606,7315.914999999999,5164827.531500001,0.13275198293056265,115,92.42867299716372,-76.40689510172973,0.0,-0.0,0.0,-76.40689510172973,0.09963329800710052,security_priority,7500,7160.581313170677,0.05837391422786224,0.03528271904992869,0.03093850778687718,0.008845737496494257,0.00903074266836917,0.009225477320525605,0.00041663035151197597,0.0012570806617777683,0.00012441757199711424,0.42250000000000004,0.009709341625915292,0.00048566300703894544,0.0014745475346288424,0.00012032460640753672,0.23055280267741265,0.011505213389476004,0.0020722443560664255,0.006673727912994744,0.0001160903389705081,0.012669088469011594,0.04457836662208689
2019-09-19,gasoline,61.16112727142305,7301.638,5164827.531500001,0.13275198293056265,125,180.36717840663857,103.96028330490884,0.0,0.0,0.0,103.96028330490884,0.10467786942661816,security_priority,7625,7160.581313170677,0.0011620133690919358,0.0041937815938407775,0.031831544733613944,0.009807145843799832,0.009789893532699753,0.009270479964740721,0.0001047295801702891,0.0003094738497221172,0.00010389427584956706,0.0004,0.001975381224225399,3.924566675911727e-05,0.00011424750506944115,0.00010424627407360633,0.030932722934608956,0.0005288960767325215,0.001976479999848231,0.006351939405940696,0.00011512260018703028,0.0,0.04186215420571522
2019-10-22,gasoline,57.12562169048032,7329.84,10836076.226,0.13275198293056265,-150,-235.3656320066696,-131.40534870176077,0.0,-0.0,0.0,-131.40534870176077,0.1078006302673119,security_priority,7475,7160.581313170677,0.045086279756506906,0.09858123708622245,0.04007620555622483,0.009577581770863413,0.009674113235409254,0.009313319264237101,0.0005238976462698404,0.0016467852592252895,0.00010862680174303864,0.30250000000000005,0.012925760608656951,0.0008370376591027515,0.0026944763352700217,0.00010662393747515035,0.6913350786165905,0.021501022856885245,0.0021676324091679934,0.006995241825968767,0.00011420514514812585,0.0,0.047462979937417514
2019-11-05,gasoline,58.82863583797074,7367.397000000001,5029172.0385,0.13275198293056265,105,62.424369412822166,-68.98097928893861,0.0,-0.0,0.0,-68.98097928893861,0.10244680356666219,security_priority,7580,7160.581313170677,0.036927678599283136,0.05052956770343783,0.034955896759583396,0.008966344926465065,0.008632488206863544,0.009354099214245553,0.00033916236215354484,0.00102093738572205,0.00012174154428174321,0.2601,0.007758954648838183,0.00046032622713508396,0.0014019217388895001,0.0001292203243670964,0.3547155397816836,0.010905665680624912,0.0024345790744082518,0.007900103698156713,0.00011333520354012716,0.0,0.05638079953866543
2019-11-19,gasoline,60.38635653789781,7391.4400000000005,5029172.0385,0.13275198293056265,70,57.33953546583127,-11.641443823107345,0.0,-0.0,0.0,-11.641443823107345,0.0928452638121931,security_priority,7650,7160.581313170677,0.0033965156566903285,0.0031856836114436014,0.03484761129393519,0.0098290709453062,0.009669368906271602,0.009392918810789897,0.00022842704223688002,0.0006865084984407741,0.00010344779783561452,0.004900000000000001,0.005007600864665515,0.00025632754928337685,0.0007730059757668515,0.000106721938794708,0.00010342214507388413,0.005716734387361431,0.0026128001681770393,0.008508257411841863,0.00011251017135449482,0.0,0.062943054757051
2019-12-03,gasoline,61.6447790105661,7450.41,5261351.740999999,0.13275198293056265,55,87.89816178529668,76.25671796218933,1.0,76.25671796218933,76.25671796218933,0.0,0.19503952311931344,security_priority,7705,7236.8380311328665,0.003076362070102424,0.002513291955217116,0.034714960161414316,0.009725858179464184,0.009718630549913183,0.009517919760144499,0.00024111617911616815,0.0007267240374601884,0.00010555799014848303,0.0009,0.005336984778705847,0.000174717063831693,0.0005219734133178666,0.0001057065577691785,0.0037353185701308965,0.0036681697487546865,0.0024938241192066068,0.008012358684473494,0.00010987400615476916,0.023260348137459554,0.05756048472351018
2019-12-31,gasoline,65.79524728050137,7482.209999999999,5261351.740999999,0.13275198293056265,235,227.7799153800312,227.7799153800312,0.25,56.9449788450078,56.9449788450078,170.83493653502342,0.3024643443765838,security_priority,7940,7293.783009977874,0.016274430029325247,0.009835227827235468,0.05173514321471755,0.009985183596865437,0.010087588689282086,0.009886702129818794,1.9169524535888275e-06,5.493533046970144e-06,0.00010029654758849311,0.1296,0.0,3.5698735120970284e-06,1.0249670570865325e-05,9.825589799284844e-05,0.07826761995495211,0.0,0.0022956298409322613,0.007367461428217537,0.00010227879381101174,0.001491773070920316,0.050997010080839955
2020-02-05,gasoline,56.51253007511973,7460.110000000001,4446113.120499999,0.13022159358793023,-420,-546.1838171183399,-375.3488805833165,0.5,-187.67444029165824,-187.67444029165824,-187.67444029165824,0.3456662256806666,security_priority,7520,7106.108569686216,0.2271881962010815,0.3180471080798393,0.11730649507692575,0.010243812970996422,0.010088418229324454,0.00988873720778331,0.0008219229896250932,0.0027077353316687495,9.518318534489767e-05,1.7161000000000002,0.021608683863376117,0.0013939625196170112,0.004756325222163438,9.82394531967878e-05,2.396079436891241,0.031563908322930816,0.0035429507731607373,0.012059662830079173,0.00010223763525326567,0.2393546408750396,0.10761114105342676
2020-02-19,gasoline,53.91955130446159,7434.13,4446113.120499999,0.13022159358793023,-415,-203.5411198372661,-391.2155601289244,0.5,-195.6077800644622,-195.6077800644622,-195.6077800644622,0.2405745957315639,security_priority,7105,6910.500789621753,0.05354769467031339,0.07973019176129559,0.14136696791595071,0.00809067292965662,0.007916089682700418,0.0090151946789225,0.003232368808340595,0.01130473251880286,0.00014183207126841366,0.0001,0.09740293263615156,0.0017591633733837317,0.005788633530548103,0.0001460208885565393,0.4696160720001982,0.03756894840517165,0.005264763567052093,0.018434301007898616,0.00012066594794197256,0.0002517515198030119,0.20244227718447572
2020-03-18,gasoline,36.82233377727081,7168.754999999999,7667176.181,0.13022159358793023,-1015,-89.82294244593515,-285.43072251039735,0.25,-71.35768062759934,-71.35768062759934,-214.073041882798,0.10551575405870649,security_priority,6090,6839.143108994153,0.6276099184553615,0.03132507291966887,0.10089670445204688,0.006475638945344456,0.008272487625657805,0.008279853259471184,0.012833105962064259,0.05623323017423373,0.00018290834193668363,1.44,0.8213491625062376,0.002055612587550317,0.006706339034308604,0.0001375345464903493,0.051727295476824864,0.04486342898847247,0.003499307129788511,0.011706138688831077,0.00013736183961952824,0.061752348840281225,0.10279226292750102
2020-06-29,gasoline,40.36722861556009,6438.177,9971345.506000001,0.13022159358793023,120,145.34868109642406,-68.72436078637395,0.0,-0.0,0.0,-68.72436078637395,0.008101403479264071,security_priority,6210,6839.143108994153,0.6865350018179253,0.06282619440238969,0.006356469970713921,0.004874024742352524,0.008243815134957611,0.008105819739947088,0.002917051926384041,0.009359300586011332,0.00022879512749496362,5.1529,0.07276286140940083,0.002691112453308849,0.008561576120536204,0.00013820788258105175,0.2212227700781965,0.06353756737293945,6.380013282843427e-07,1.8820522860217707e-06,0.00014147152405863237,0.020367674338201865,0.0
2020-07-11,gasoline,41.77423652824659,6161.043,10703417.385,0.13022159358793023,100,75.52626927038409,6.801908484010141,0.0,0.0,0.0,6.801908484010141,0.0032236252472711913,security_priority,6310,6839.143108994153,0.005880652747828102,0.009448312365657123,0.00022465891664434293,0.008842499223716892,0.008916531850408324,0.008204646006217802,0.00043874803559737675,0.0013244870152777353,0.00012448982357275815,0.0016,0.010266162491907205,0.0005309096796534967,0.001615658213509972,0.00012284326622301315,0.019500676772820507,0.012669198677428349,0.0005322683543730315,0.0015327118496253579,0.00013913037583863366,0.0,0.0
2020-08-22,gasoline,43.85823497882871,6141.2609999999995,10684992.898999998,0.13022159358793023,85,44.27440074524165,51.07630922925179,0.0,0.0,0.0,51.07630922925179,0.005674233965866899,security_priority,6395,6839.143108994153,0.0016783548081885722,0.003341369974995606,0.0022997428558186148,0.008822563902236211,0.008668255906174755,0.008298721545393743,0.00013889958079188044,0.0004129951876985567,0.000124935077719593,0.0009,0.0027924106367513265,0.00023267821255139402,0.000701039362533172,0.00012840842420794334,0.0039067171452511545,0.005126545621169782,0.0006148666545278341,0.00176755764644203,0.00013691991747223262,0.0,0.0
2020-09-19,gasoline,39.64007599342116,6308.501,10790824.909999998,0.13022159358793023,-315,-81.0969677119297,-30.020658482677902,0.0,-0.0,0.0,-30.020658482677902,0.004235291784094571,security_priority,6080,6839.143108994153,0.12144722324864785,0.023318065795229933,0.0007759457850110433,0.008326071938960325,0.008463153508586334,0.008388274732063782,0.00276473483004604,0.009522325046555797,0.00013628059637432955,0.6400000000000001,0.07471894504956017,0.0010984562184892148,0.0034980627331582205,0.00013309882696644384,0.06287192011529527,0.027983808565015696,0.00010609920669384572,0.00030937206875514473,0.00013483216369802843,0.0,0.0
2020-10-23,gasoline,41.00596192843084,6302.937,9994825.7,0.13022159358793023,80,-59.97616409702915,-89.99682257970704,0.75,-67.49761693478028,-67.49761693478028,-22.49920564492676,0.003587470078493982,security_priority,6160,6771.645492059373,0.10419905913412345,0.054818256492726834,0.002721849480151461,0.0073206146421416415,0.008067141687436084,0.008391926036729554,0.0021744389948977834,0.00692291534114627,0.00016076681305307293,0.6241000000000001,0.046799955749193614,0.003427976758097502,0.011448006234013998,0.00014239310750772577,0.0017843533813567836,0.09931612251639671,2.8704782879300116e-05,8.494085581985203e-05,0.00013474738113675725,0.01822371316749735,0.0
2020-11-06,gasoline,38.34252841915856,6238.393,5241168.8005,0.13022159358793023,-160,-90.85912886722424,-113.358334512151,0.75,-85.01875088411325,-85.01875088411325,-28.339583628037758,0.020387674218091227,security_priority,6000,6686.62674117526,0.07290490233154158,0.030633216140644126,0.000824587160074028,0.008599283707111032,0.00810237741818318,0.008120399879097535,0.0029520147266247866,0.00994650506802778,0.00012997633199094398,0.2304,0.07991043546361078,0.0023477028764867258,0.007724182617481029,0.00014155342309935754,0.0038150300519884453,0.05456266956604909,1.665581383252697e-05,4.9482214343211445e-05,0.00014112489903254588,0.0012279605394818725,0.0
2020-11-20,gasoline,41.39589389256359,6189.062,5241168.8005,0.13022159358793023,150,-48.39148331653406,-76.73106694457181,0.0,-0.0,0.0,-76.73106694457181,0.023247591021870254,security_priority,6150,6686.62674117526,0.06494188076021838,0.045139654774233685,0.00838298968950145,0.007759909786902103,0.007774035079866445,0.007896933662657375,0.0014241937888615753,0.0044025274861259804,0.00014981980842477494,0.3844,0.030194207225189135,0.0030157418413559196,0.009979483063606027,0.00014947421822833628,0.007214003674476224,0.08031995409022855,7.110195885137733e-05,0.00020770346843811027,0.00014648421476611622,0.028912752007579628,0.0
2020-12-04,gasoline,45.8284697044521,6226.085,5130828.1115,0.13022159358793023,250,266.670492495811,189.9394255512392,0.75,142.4545691634294,142.4545691634294,47.4848563878098,0.016841829026090264,security_priority,6400,6829.081310338689,0.009575346072636111,0.05364463579332255,0.01209588730527897,0.008982248563904185,0.00815771306142517,0.008181940730925916,0.00036700135888193626,0.0010775319146728518,0.0001213908467075914,0.04000000000000001,0.00822619424248318,0.0003143517687700964,0.0009179919830213475,0.00014023975993554004,0.39705619441111484,0.006909796853634342,0.00028222561005147157,0.0008007941150068492,0.0001396665248873479,0.08117321710215314,0.0
2020-12-18,gasoline,48.69680983086777,6256.951999999999,5130828.1115,0.13022159358793023,155,177.70307772620797,225.18793411401776,0.75,168.89095058551334,168.89095058551334,56.29698352850443,0.005772518714201712,security_priority,6555,6997.972260924203,0.005226547759725109,0.004330950662978785,0.0031347686101576566,0.009518577943345773,0.009617338227232422,0.009027277885695417,7.223510346190887e-05,0.00021115570250203176,0.00010986020832971773,0.0361,0.001223206146675799,4.350329518135802e-05,0.00012626148204365197,0.0001077996654876892,0.03166080356314633,0.0006106601866094275,0.0007524030519173859,0.002105957390928787,0.00012040063059774886,0.0027955290507756195,0.0
2021-01-01,gasoline,49.85432428184906,6420.26,3347901.540333334,0.13095435684647302,90,56.53186546586574,112.82884899437016,1.0,112.82884899437016,112.82884899437016,0.0,0.004068741819669237,security_priority,6645,7110.801109918572,0.004896759746805362,0.011411078225753612,0.001742886800142433,0.009815672959594651,0.009864323386193816,0.009848583006637216,0.00022906101241934875,0.000685344335229452,0.00010372051726593157,0.016900000000000002,0.0049980750296322075,0.0003192887707529204,0.0009653425634966234,0.0001027319404196576,0.05872985072256365,0.007300225292717539,0.0004854190767184635,0.001377269151612907,0.00010305126697313471,0.01257183693926263,0.0
2021-01-16,gasoline,53.26909011347213,6505.897999999999,3347901.540333334,0.13095435684647302,185,151.27707930079168,151.27707930079168,0.5,75.63853965039584,75.63853965039584,75.63853965039584,0.025253634890307436,security_priority,6830,7186.439649568968,0.005006215484171846,0.005567141345192289,0.005416064571826467,0.010445495134636605,0.010272756396944463,0.010364560075955258,5.41681339220587e-05,0.0001574345205138784,9.12885632222528e-05,0.0361,0.0008296060297405955,0.00010161855543133,0.00029838423986758625,9.461926811318488e-05,0.03590662217850337,0.0018891071026164007,0.00042144778719627304,0.0012039530158930386,9.284170252987535e-05,0.005532476436402014,0.0
2021-01-30,gasoline,54.2745690912804,6562.99,3347901.540333334,0.13095435684647302,75,33.84687382384159,109.48541347423743,1.0,109.48541347423743,109.48541347423743,0.0,0.02076860219322117,security_priority,6905,7295.925063043205,0.006363477447460081,0.00782263001953722,0.0007660133003699366,0.011158710346745027,0.01097890298249606,0.010753228179822355,3.7179488343696994e-05,0.00010960467627012015,7.816840273275344e-05,0.0484,0.0004977746379342765,8.758129083153088e-05,0.0002614007488956824,8.138019139921848e-05,0.05515941263343487,0.0016037198984770332,0.0005775396012694108,0.0016368611103428703,8.550278909443141e-05,0.004582443470588213,0.0
2021-02-19,gasoline,60.96463300505847,6662.870000000001,10538256.978,0.13095435684647302,275,360.4277061922937,360.4277061922937,0.75,270.3207796442203,270.3207796442203,90.10692654807343,0.02139642044016627,security_priority,7180,7566.2458426874255,0.020099000433458657,0.05358708346047591,0.019873883053017946,0.011335333358603096,0.011283285082450762,0.011421352533714886,5.1389958589127325e-05,0.0001445688057200025,7.50764480065363e-05,0.16000000000000003,0.0,0.00019039812667034776,0.0005260108118170112,7.598111895382543e-05,0.42662016028188415,0.0,0.0012858082467198807,0.0035278275739437344,7.359319235080001e-05,0.10347206004412988,0.0
2021-03-04,gasoline,63.49776121057933,6863.878000000001,5430784.616,0.13095435684647302,260,165.2816717297884,255.38859827786183,1.0,255.38859827786183,255.38859827786183,0.0,0.03630911590386326,security_priority,7440,7821.6344409652875,0.00015456452960490541,0.019120228250164857,0.0005478795302932587,0.012680309769027802,0.012888139764648306,0.012588900140425975,0.00010802458928481275,0.0003040054718030958,5.3577865077389834e-05,0.0009,0.0,1.0690723510237632e-05,3.06824156735967e-05,5.0578556007176656e-05,0.15232789906576527,0.0,0.0014195087159003398,0.0038999594436792237,5.4924401128578146e-05,0.0008918801614312917,0.0
2021-03-18,gasoline,67.01854661579151,6988.478,5430784.616,0.13095435684647302,235,225.134381264712,225.134381264712,0.5,112.567190632356,112.567190632356,112.567190632356,0.03668754692721134,security_priority,7675,7934.201631597643,0.00041437833474572937,0.0018916346291042154,0.02076033540180717,0.0136609040878947,0.013312036526289794,0.013455785607647012,0.0003089305649564052,0.0008672506994705508,4.018413698287013e-05,0.0025000000000000005,0.0,0.00028427179944617896,0.000799598420066578,4.472885542568189e-05,0.014329387354687738,0.0,0.0012491217782532253,0.003504144539553045,4.2826742013079994e-05,0.08159181792737501,0.0
2021-04-01,gasoline,62.04512012374969,7116.125,5196195.93425,0.13095435684647302,-225,-221.4627653483768,-108.89557471602079,0.0,-0.0,0.0,-108.89557471602079,0.024175451818367336,security_priority,7450,7934.201631597643,0.10694299117023956,0.10078963774787507,0.016051757267595772,0.013864111080513964,0.01383395618845606,0.01366606761322283,7.46995061675324e-05,0.00023057097653258855,3.764913283227152e-05,0.8464,0.0013690907540093947,7.037515600324056e-05,0.00021701003899167267,3.802009628587933e-05,0.7977960454518109,0.001267024756459077,0.0006468258702136014,0.0018582667365002912,4.011869948026474e-05,0.05068548962744471,0.0
2021-04-29,gasoline,64.58044852548319,7158.853999999999,5196195.93425,0.13095435684647302,100,116.34857925038446,7.4530045343636715,0.0,0.0,0.0,7.4530045343636715,0.00951565326194722,security_priority,7550,7934.201631597643,0.053139546572870726,0.05731430155936148,0.000204591215285624,0.012857670107635917,0.012887618278258616,0.013497604410590025,2.2881048484171586e-05,6.711841263102355e-05,5.1012876291357536e-05,0.42250000000000004,0.00023000193880911549,1.2925712153706539e-05,3.7746608276677495e-05,5.0585973755760945e-05,0.45646601815849214,7.580442326938446e-05,0.0004937429700766752,0.0014229643054641094,4.22811484011783e-05,0.0,0.0
2021-05-15,gasoline,67.36618689441394,7212.645,11256094.574999996,0.13095435684647302,100,150.02609110473497,157.47909563909866,0.75,118.109321729324,118.109321729324,39.369773909774665,0.011982675109450357,security_priority,7650,8052.310953326967,7.078002966037791e-06,0.000576274810860676,0.00845918842509683,0.013790563482386437,0.013901554596343053,0.013460313961870234,2.745236791818252e-06,8.00557093425635e-06,3.855710186627286e-05,0.0,0.0,3.768830998031016e-06,1.086382115886845e-05,3.719103634138455e-05,0.004536699218799678,0.0,0.0006930104904433163,0.0019603991068533155,4.2767493477309396e-05,0.05579924751744386,0.0
2021-06-12,gasoline,70.3200309153057,7265.418,5896739.0345,0.13095435684647302,175,116.85780444999692,156.2275783597716,1.0,156.2275783597716,156.2275783597716,0.0,0.00457890872364467,security_priority,7825,8208.53853168674,0.002842966706038015,0.0005601934262363628,0.0010631584652922778,0.013830136628786372,0.01393701970108067,0.013843447500997249,4.632824897899318e-05,0.00013252790942441076,3.8067214019443606e-05,0.0225,0.0,7.190951408648798e-06,2.0807064135580062e-05,3.675973010508394e-05,0.004400540958443498,0.0,0.0010767556699592612,0.0030134676736118574,3.7903138672977025e-05,0.005812005954178652,0.0
2021-06-29,gasoline,73.81668627930864,7298.093999999999,5896739.0345,0.13095435684647302,225,219.0240814421149,219.0240814421149,0.75,164.26806108158615,164.26806108158615,54.75602036052874,0.016823941205545714,security_priority,8050,8372.806592768326,0.0013806399493172087,0.005359217651227405,0.002946251088708716,0.014490138373047443,0.014289147543599983,0.014328870161457742,0.000397312173115452,0.0011158587529184903,3.035857514816428e-05,0.010000000000000002,0.0,0.00038101937781529377,0.0010713157922190473,3.261383577877011e-05,0.0417517926177207,0.0,0.0016841347844327363,0.004672748958011418,3.216171364560435e-05,0.00025859744959919365,0.0
2021-07-13,gasoline,75.49530422422905,7403.504999999999,6539542.521,0.13095435684647302,70,95.85030750703018,150.60632786755892,0.5,75.30316393377946,75.30316393377946,75.30316393377946,0.02487316810219585,security_priority,8120,8448.109756702104,0.012145405972333363,0.007721729263126666,0.008952565190721042,0.014936954759589097,0.014943942686373392,0.014715494887675082,0.0002775507906046145,0.0007974016147109908,2.56344271064475e-05,0.0961,0.0,0.00033898660635777567,0.0009691836700559889,2.5563715558677116e-05,0.06068711434164541,0.0,0.0014402951694970126,0.00405126200466873,2.79259942821882e-05,0.0316590116980793,0.0
2021-07-27,gasoline,72.90358332124636,7457.73,6539542.521,0.13095435684647302,-100,-126.66540069098052,-51.36223675720106,1.0,-51.36223675720106,-51.36223675720106,0.0,0.02414402223942789,security_priority,8020,8396.747519944904,0.014517012021111862,0.024854545104493905,0.00834488428698113,0.014617498535666934,0.014672601383898795,0.014676688699554703,3.4463282397171374e-05,0.00010218134371055029,2.8971322013547603e-05,0.11560000000000002,0.0,1.6472485163134657e-05,4.908968270718427e-05,2.838117601483704e-05,0.19805296157944904,0.0,0.0009342180120517292,0.002686463030507342,2.8337643201448608e-05,0.06417649492882659,0.0
2021-08-24,gasoline,68.50168497549342,7535.96,12879899.287999999,0.13095435684647302,-250,-211.2887832862567,-211.2887832862567,0.5,-105.64439164312834,-105.64439164312834,-105.64439164312834,0.016587869141765202,security_priority,7770,8291.103128301775,0.014992643467063665,0.006103091318973135,0.010516045169741094,0.013886472441638717,0.013842263934636643,0.014199893427774947,0.0002840029130572375,0.0008927559484470683,3.737521920684287e-05,0.09,0.00670184282877368,0.00020202186475674102,0.0006285502723975326,3.7917713450676605e-05,0.02864446752746596,0.004534073961018595,0.00032964782039247083,0.0009658873465370284,3.364123624916826e-05,0.011786209356239197,0.0
2021-09-07,gasoline,70.94020696686133,7544.737999999999,6034873.745000001,0.13095435684647302,140,101.13162667316834,-4.512764969960003,0.0,-0.0,0.0,-4.512764969960003,0.062413970700658475,security_priority,7910,8291.103128301775,0.07692571935893833,0.05022564599840959,0.0057199226219288675,0.01335628293096134,0.013438561138905392,0.013683498672620763,6.501926509979588e-05,0.00019106858357533405,4.413897649343565e-05,0.6084,0.0010741029730868337,0.00011569378756529551,0.0003434654420811348,4.305247992788251e-05,0.3904260502368607,0.002241527549461175,0.00031129805609475466,0.0009012005788074164,3.989818901878366e-05,0.044642949942586746,0.0
2021-09-19,gasoline,72.09496687218568,7551.688,6034873.745000001,0.13095435684647302,90,26.51082644378488,21.998061473824876,0.0,0.0,0.0,21.998061473824876,0.06060015191845956,security_priority,8000,8291.103128301775,0.0012635332976468374,0.003165822614361735,0.0004855266581984783,0.014069788665608757,0.013875295508189256,0.01351419753277453,5.3634015527518585e-06,1.5689521000000105e-05,3.516740647054237e-05,0.010000000000000002,3.2176764083779136e-06,4.456593189107241e-05,0.0001325340073649184,3.7512005112006714e-05,0.022273055307494218,0.0006539872206889422,0.00029401269822142774,0.000851574827933897,4.2065633643868005e-05,0.0,0.0
2021-10-10,gasoline,78.96768144260471,7617.334999999999,6062452.9565,0.13095435684647302,345,401.3145502239773,423.31261169780214,0.75,317.4844587733516,317.4844587733516,105.82815292445054,0.10191866185743595,security_priority,8345,8608.587587075126,0.03271471567020211,0.07061651721622636,0.059876800194630306,0.01400102213977992,0.013853628879595507,0.013669624959757131,0.00026609965405937036,0.0007397161465859176,3.598773536741069e-05,0.2601,0.0,0.00040342187369659597,0.001109975538442133,3.777787794974239e-05,0.561911325437995,0.0,0.001106962411830013,0.003041185871571781,4.007364815012991e-05,0.403185526250432,0.0
2021-10-23,gasoline,83.66223786031158,7660.6759999999995,6062452.9565,0.13095435684647302,300,248.6669819591909,354.4951348836414,0.5,177.2475674418207,177.2475674418207,177.2475674418207,0.07951645726581,security_priority,8645,8785.835154516946,0.0013376898554480683,0.011953359051065524,0.03551192578658696,0.014902834426884256,0.015032284558929089,0.01465205183051673,0.0010527321560055108,0.0029009531798888225,2.598109687975636e-05,0.0081,0.0,0.00084823599740914,0.0023587799236667135,2.4678196703454364e-05,0.09320512038861047,0.0,0.0016704112912895224,0.004632862437801773,2.860054962347947e-05,0.07866554276132641,0.0
2021-11-20,gasoline,81.7741352559971,7796.645,12737818.603999998,0.13095435684647302,-95,-119.49603024612348,57.751537195697225,0.0,0.0,0.0,57.751537195697225,0.04610836723004328,security_priority,8550,8785.835154516946,0.07837846915690376,0.06808665242395594,0.018735436181452313,0.015266165776999577,0.015085175574162264,0.014963581701311153,0.000269679843088895,0.000790267446735745,2.2409186450850017e-05,0.6241000000000001,0.0,0.0002207813749143758,0.0006498216381076885,2.4155499136811237e-05,0.5421760142243619,0.0,0.000968064077287478,0.002765623994206206,2.5365509279367862e-05,0.12566680065617114,0.0
2021-12-04,gasoline,74.59425467322328,7829.855,6298273.9135,0.13095435684647302,-430,-343.4935993842226,-285.7420621885254,0.75,-214.30654664139405,-214.30654664139405,-71.43551554713133,0.04300074566035518,security_priority,8120,8571.528607875553,0.058643485616582995,0.025811953882763524,0.027207681989699466,0.014035463432407271,0.014046534400581633,0.014531075911970623,0.00018479615771718885,0.0005889288903061196,3.5575696466150855e-05,0.4489000000000001,0.004211328329234662,6.379633505693711e-05,0.00019890362667448003,3.54437526434579e-05,0.20069964391910994,0.0011320199402093847,0.00023667067004768807,0.0007037123801758986,2.9909130680627955e-05,0.18370918373344003,0.0
2021-12-18,gasoline,73.19518770813278,7854.064,6298273.9135,0.13095435684647302,-130,-104.7350670457769,-176.17058259290823,0.75,-132.12793694468118,-132.12793694468118,-44.04264564822705,0.06889065644348515,security_priority,7990,8439.40067093087,0.05320101647624997,0.03548109435961352,0.00495649143908281,0.012900455518874015,0.0131853391588811,0.013568791682746077,0.0005885138497862688,0.0018478592498445364,5.040353183948644e-05,0.36,0.01458104100445094,0.0005100572609268699,0.0015910732003154755,4.643960237947936e-05,0.22802254705763444,0.012466505009020813,2.942818745702851e-05,8.756488833597053e-05,4.136044041991604e-05,0.02701329556673868,0.0
2022-01-01,gasoline,74.9262029070608,7841.52,4245521.644888889,0.1302062107751243,140,101.11892643151924,57.07628078329219,1.0,57.07628078329219,57.07628078329219,0.0,0.06974113358452808,security_priority,8130,8496.476951714163,0.03896860681141063,0.02477409388515549,0.01800198216469299,0.013139788539309406,0.013179253695008946,0.013066080571290578,0.00020201552734655108,0.0006010639288680735,4.706250128539058e-05,0.2916,0.0043100836994131135,0.0002827976025560554,0.0008498096335410457,4.652258015704912e-05,0.16950346652220272,0.006348198945048429,0.00010076240956115303,0.00029192145963039814,4.8079238643834e-05,0.14319294402421742,0.0
2022-01-18,gasoline,82.42811864871784,7841.441999999999,4245521.644888889,0.1302062107751243,345,443.3662765199027,443.3662765199027,0.75,332.524707389927,332.524707389927,110.84156912997571,0.054479160236700214,security_priority,8475,8829.00165910409,0.021117326299563696,0.05885193557344879,0.04820098134423491,0.013726117904884729,0.013701505549927485,0.013423264553554741,7.771705844797252e-05,0.0002177426700289798,3.9361596543407985e-05,0.16809999999999997,0.0,0.00023385610993476721,0.0006437315819066698,3.967103233759428e-05,0.4685329945700821,0.0,0.0009775971633783278,0.002688843277557854,4.325344913252953e-05,0.3034873428802828,0.0
2022-01-30,gasoline,88.27679784336111,7841.389999999999,4245521.644888889,0.1302062107751243,310,308.0656893683331,418.9072584983088,1.0,418.9072584983088,418.9072584983088,0.0,0.01035030270857643,security_priority,8785,9247.908917602399,0.0008649536518506011,0.0094333998280645,0.004687827678555689,0.014655850151985114,0.0149638761977555,0.014661215699926924,0.0008131113939545837,0.0022478500354221847,2.8559937598037538e-05,0.004900000000000001,0.0,0.0008061116771187685,0.002229248714987592,2.53625429515336e-05,0.07322499553423795,0.0,0.0031843543264513554,0.008480656732237777,2.850261780270677e-05,0.02984778054396877,0.0
2022-02-18,gasoline,95.09613645496208,8021.5599999999995,12634411.127833333,0.1302062107751243,210,388.370281063454,388.370281063454,1.0,388.370281063454,388.370281063454,0.0,0.05377005631496347,security_priority,8995,9636.279198665852,0.005274038930610202,0.0037115160111012803,0.0017535482793426982,0.0155794774543899,0.015741499241404736,0.016007441557287238,0.0008311971456112893,0.002325180193678107,1.95410195762472e-05,0.04000000000000001,0.0,0.0015832067804843128,0.004298140880323129,1.8134828710956445e-05,0.025795309789280324,0.0,0.004363510657116833,0.011570588096496264,1.594052291847696e-05,0.003730027963427326,0.0
2022-03-04,gasoline,101.13341693701254,8397.737,6282748.0935,0.1302062107751243,260,309.81850499199913,309.81850499199913,1.0,309.81850499199913,309.81850499199913,0.0,0.09474787971779142,security_priority,9255,9946.097703657852,0.001372040114910854,0.003250639284750951,0.0041066198628330886,0.016577700116759627,0.017143564466077187,0.017067932135768942,0.0003789170048374463,0.001064521939827821,1.1712136490827073e-05,0.010000000000000002,0.0,0.0005042798208945524,0.001405135481991823,8.159223959456907e-06,0.02468152609591996,0.0,0.0033943703636846725,0.009153743018164661,8.59702196045648e-06,0.02468152609591996,0.0
2022-03-18,gasoline,113.50585413252529,8630.65,6282748.0935,0.1302062107751243,750,703.1630148709548,703.1630148709548,0.75,527.3722611532162,527.3722611532162,175.79075371773865,0.23436884581929862,security_priority,10005,10473.469964811067,0.12114590417066946,0.0782340914717492,0.04997086689925484,0.018146314568639823,0.018246338300489127,0.017997852269646158,0.0022988188763702266,0.005985546981631628,3.4361496784369674e-06,0.9603999999999999,0.0,0.0020493318362338688,0.005374213331486236,3.0753293563313633e-06,0.6188796138076635,0.0,0.005150850298615459,0.013444688671450624,4.008595534161043e-06,0.18931854727941716,0.0
2022-04-01,gasoline,114.89434328685368,8986.95,3361088.0993333333,0.1302062107751243,110,61.34933358022732,237.14008729796598,0.5,118.57004364898299,118.57004364898299,118.57004364898299,0.19308288511714006,security_priority,10115,10592.04000846005,0.20581684004326384,0.20693680564386785,0.0960206068791403,0.019787774615399656,0.019617944224557145,0.019072905864097392,0.000938812620519761,0.0026545671148573333,4.503961386876416e-08,1.6384,0.0,0.000783062762215274,0.0022305292798659405,1.459666155492412e-07,1.6476992059678226,0.0,0.003036676512289737,0.00837909222630495,8.595035368250043e-07,0.6684770121455137,0.0
2022-04-16,gasoline,103.45333688276853,9136.392,3361088.0993333333,0.1302062107751243,-545,-551.005172540214,-432.435128891231,0.5,-216.2175644456155,-216.2175644456155,-216.2175644456155,0.13655811883503335,security_priority,9570,10375.822444014435,0.21597533952765005,0.18893037157651352,0.09402101642907776,0.018480676230299475,0.01835121426989095,0.018765736947101697,6.818965804386084e-05,0.00021582280991735468,2.308344717177014e-06,1.7161000000000002,0.0012581262137543359,7.377212672209012e-05,0.00023379491144600643,2.7184943838112314e-06,1.4999121646640377,0.001393465064441925,0.001216983322282213,0.003534743160331026,1.5234052837498394e-06,0.44833097013480977,0.0
2022-04-29,gasoline,105.00803524072398,9236.02,3361088.0993333333,0.1302062107751243,205,99.36648701055998,-116.85107743505552,0.0,-0.0,0.0,-116.85107743505552,0.06236790644544031,security_priority,9775,10375.822444014435,0.2822665224278613,0.21300635620232714,0.034650754659558074,0.017149115746176183,0.017042649500793688,0.017829252792129182,8.150784180571957e-06,2.363302594828701e-05,8.127541028700585e-06,2.25,2.1613866326317173e-05,7.774447896181961e-05,0.00023054079574304302,8.745921975155826e-06,1.6919331821873116,0.0013688627663279581,0.0008684964312885701,0.002485198811983013,4.712143440478954e-06,0.18700014069917556,0.0
2022-05-17,gasoline,108.36545148363524,9170.074999999999,5398316.6405,0.1302062107751243,285,301.78496063385234,184.93388319879682,1.0,184.93388319879682,184.93388319879682,0.0,0.049159153106064876,security_priority,10060,10560.756327213232,0.0032998639956572846,0.02065789663969957,0.017722923769383656,0.018250402279236907,0.01798186773390597,0.017608019495909944,0.00028771689330823054,0.0008100700530910028,3.061092184499412e-06,0.0256,0.0,0.00032004849430822095,0.0008988054570333737,4.072857843449829e-06,0.163892953855934,0.0,0.0018517580509683493,0.0051385780859078845,5.7215707319469195e-06,0.13680216461994493,0.0
2022-05-31,gasoline,114.66074917575683,9130.508,5398316.6405,0.1302062107751243,400,356.2915632744834,356.2915632744834,1.0,356.2915632744834,356.2915632744834,0.0,0.1132324299227063,security_priority,10460,10917.047890487715,0.007131115165104062,0.0019323446735688863,0.015921538594465042,0.018325611799472685,0.01833367360268826,0.01798553151481673,0.0016530373059088178,0.004502743581704318,2.803575846065103e-06,0.0529,0.0,0.0014680980759851085,0.004024591365258895,2.7766436623779287e-06,0.011883878925694594,0.0,0.00400939507077421,0.010742657968473264,4.058083277796581e-06,0.11745381808368542,0.0
2022-06-15,gasoline,123.52366202148691,9311.07,5469238.1915,0.1302062107751243,390,530.798940253133,530.798940253133,0.5,265.3994701265665,265.3994701265665,265.3994701265665,0.13349430381064675,security_priority,10850,11182.447360614282,0.0007877291150943825,0.016236132137566917,0.06176533602446887,0.018936152373568393,0.01893615321278356,0.018674579704606776,0.0024747704148546184,0.006697272695533994,1.1317717722641654e-06,0.0004,0.0,0.00324740124080011,0.00861749569653448,1.1317699866707447e-06,0.12181129847987406,0.0,0.0042715752130996565,0.011523922562065391,1.7567389594402626e-06,0.03304549038723841,0.0
2022-06-29,gasoline,116.30201988976656,9435.234,5469238.1915,0.1302062107751243,-320,-314.68578734433385,-49.28631721776736,0.0,-0.0,0.0,-49.28631721776736,0.07678567782264926,security_priority,10530,11182.447360614282,0.2531537780305099,0.35890526567063413,0.038297440674991426,0.018976538685932087,0.01932537593210758,0.01888805001888804,0.0006533393890100094,0.0019330427256272242,1.047473061393621e-06,2.0164,0.0,0.0006673552247536869,0.001972990540537625,4.5511763297971584e-07,2.859377698402251,0.0,0.003329168837884166,0.009263304398797774,1.2364327604948883e-06,0.2817475149738491,0.0
2022-07-13,gasoline,111.43747117484044,9537.25,5489161.390333334,0.1302062107751243,-360,-278.69525475574534,-327.9815719735127,0.75,-245.98617898013453,-245.98617898013453,-81.99539299337818,0.039435351577641206,security_priority,10170,10936.461181634148,0.0008044325802564438,0.0006608702234566393,0.03623802480890216,0.01743045261203593,0.017506835576810875,0.018286688349714884,1.6141956508181837e-06,4.916445016818325e-06,6.60257377899297e-06,0.0064,0.0,3.098206538559874e-05,9.321923825760881e-05,6.2158688410559635e-06,0.005181273744041006,0.0,0.001594709750535393,0.004615847800174256,2.9354368110027077e-06,0.2420368009969871,0.0
2022-07-27,gasoline,106.91515195236693,9548.794,5489161.390333334,0.1302062107751243,-300,-240.3048452859468,-322.30023827932496,1.0,-322.30023827932496,-322.30023827932496,0.0,0.004992389781341768,security_priority,9870,10614.160943354822,0.004876055594709755,0.0025296529854058757,0.003097639353325399,0.01677651272564903,0.017022817295671226,0.01708899904527289,0.00024087254725152718,0.0007538501844751775,1.0390870207902643e-05,0.0144,0.005559478354524442,0.00015151135158610217,0.0004682981055858688,8.863616854954394e-06,0.005895294157035186,0.0032353048179272308,0.0005497378886465438,0.0016299164979124022,8.473926558422147e-06,0.02329534258688141,0.0
2022-08-10,gasoline,101.49214704487676,9391.69,5464900.115666667,0.1302062107751243,-130,-335.8412099395813,-335.8412099395813,1.0,-335.8412099395813,-335.8412099395813,0.0,0.01225787944236607,security_priority,9740,10278.319733415241,0.0168242116112011,0.013437869531278065,0.00016830508379857642,0.01589150704416042,0.015869430867038542,0.015739529070432336,0.00019157244270026657,0.0005875397722720953,1.6879714368183445e-05,0.11560000000000002,0.004200029212288652,0.000633296784584571,0.0020301346170339993,1.7061601362173974e-05,0.036508787884928874,0.016078071567861913,0.0002301990114618169,0.0006896993719249272,1.815161254169116e-05,0.0007334316540154606,0.0
2022-08-24,gasoline,97.35805634700957,9292.81,5464900.115666667,0.1302062107751243,-205,-276.2229640229892,-276.2229640229892,0.75,-207.1672230172419,-207.1672230172419,-69.05574100574728,0.016867824683358054,security_priority,9535,10071.152510397998,0.007906001124140557,0.00941611002774837,0.012159658824417547,0.014960005311739775,0.014365353667533252,0.014494287179674796,0.0003828216276302651,0.0011971527425385258,2.5401546457691288e-05,0.0225,0.009214256836470178,0.0005536636432428782,0.0017585096286705584,3.174923929198098e-05,0.014217340984685009,0.013845960392243182,0.00010037330318773046,0.0002987488746497788,3.0312873659893322e-05,0.06622797964196148,0.0
2022-09-07,gasoline,94.71181033628494,9099.77,5670928.372,0.1302062107751243,190,-121.70158940169318,-190.75733040744046,1.0,-190.75733040744046,-190.75733040744046,0.0,0.028369618099846127,security_priority,9725,9880.395179990557,0.07829813197869011,0.014869688663186342,0.0001802464708853577,0.013911646034548848,0.013454068120332854,0.013613133785937414,6.391623765015769e-06,1.8412703061702944e-05,3.706805400862477e-05,0.6241000000000001,0.0,0.00023178744753511317,0.0007125180613538267,4.2849224173242655e-05,0.0955074208594196,0.005220563263251219,0.0001216551097241033,0.000361284509161798,4.079206003633416e-05,0.0010771383018608623,0.0
2022-09-22,gasoline,89.00777637279255,9023.498,5670928.372,0.1302062107751243,-290,-292.8422731000546,-292.8422731000546,0.5,-146.4211365500273,-146.4211365500273,-146.4211365500273,0.034626977979533735,security_priority,9435,9733.97404344053,0.1165361116813106,0.015665021583284554,0.018163941631540666,0.013711078169728235,0.012871320522510622,0.012839531101679671,8.682168134201013e-05,0.00026848741498254863,3.955053778726878e-05,0.9216,0.001658101549312684,8.98466237063639e-05,0.0002780149884568073,5.081807109277824e-05,0.11715653446697039,0.0017314509596292765,5.6855345307526886e-05,0.00016872215946898522,5.127231484381275e-05,0.007862792343048479,0.0
2022-10-25,gasoline,90.25207977745296,8949.23,11412628.235666666,0.1302062107751243,185,144.13260244804465,-2.2885341019826626,0.0,-0.0,0.0,-2.2885341019826626,0.02788973023064066,security_priority,9620,9733.97404344053,0.11323428055647136,0.09582706044160218,0.010817064587724821,0.012109090673543835,0.012065793023450766,0.012331211732144846,3.293275849427887e-05,9.460696595364035e-05,6.22664499983529e-05,0.9025,0.0,1.1465256509100837e-05,3.315216058371734e-05,6.295164034672255e-05,0.7637881674411074,0.0,0.00014605893584357266,0.00042514650798038323,5.8810313497192853e-05,0.08575659691440697,0.0
2022-11-08,gasoline,92.85719227531808,8912.398,5131944.2036666665,0.1302062107751243,155,137.98403611313432,135.69550201115166,0.5,67.84775100557583,67.84775100557583,67.84775100557583,0.05167953930527521,security_priority,9775,9801.821794446107,0.0005460917237120541,0.0001042434132468648,0.006104032748878328,0.012862372287835853,0.012736800264318372,0.012284544894404854,0.0002797398578161527,0.000797821201106748,5.0945729357453604e-05,0.0036,0.0,0.00024847071245920853,0.0007105323460542856,5.2754070400405676e-05,0.0001512194718991705,0.0,0.0003288365517768022,0.0009449882751840088,5.952824748645422e-05,0.018413269266058463,0.0
2022-11-22,gasoline,89.9855541292591,8889.362,5131944.2036666665,0.1302062107751243,-175,-224.4120743943581,-156.56432338878227,1.0,-156.56432338878227,-156.56432338878227,0.0,0.06140450677059836,security_priority,9600,9645.257471057324,0.05467397696148011,0.06591767528857613,0.02531578733645795,0.012447183701641912,0.012360083681392664,0.012228970531834079,6.61132655186421e-05,0.00019669478129340535,5.704503403674358e-05,0.43560000000000004,0.0,2.8434639391618176e-05,8.526776377984473e-05,5.8368321355322683e-05,0.5253237636438345,0.0,0.00011392922585165082,0.00033744411307810244,6.0388898995103124e-05,0.20144311653591568,0.0
2022-12-06,gasoline,82.85068835840534,8741.564999999999,4802312.8075,0.1302062107751243,-440,-421.1996767706015,-421.1996767706015,0.75,-315.89975757795116,-315.89975757795116,-105.29991919265035,0.08026785561489067,security_priority,9160,9329.357713479374,0.03590431320563632,0.019888747963976813,0.021622277141470313,0.011292082639344794,0.011178794569884605,0.01144966870092654,6.53619503657095e-05,0.00020504301530529137,7.582782476000033e-05,0.28090000000000004,0.0011776218131159008,4.894246370731544e-05,0.00015288468479245784,7.781366524029733e-05,0.15490144179596196,0.0007971276152861469,2.9697931486769374e-06,9.027790231703485e-06,7.310816532391525e-05,0.1015511223530039,0.0
2022-12-20,gasoline,77.40143904041409,8658.354,4802312.8075,0.1302062107751243,-480,-379.0577942867295,-484.35771347937987,0.5,-242.17885673968993,-242.17885673968993,-242.17885673968993,0.06039235375212401,security_priority,8680,9087.178856739683,0.015380616141787092,0.010165888458405322,0.05015164829809152,0.009780513551303226,0.009921785593613489,0.0103342121999935,0.0009984290717036796,0.0033069654764913163,0.000104437903275097,0.0064,0.0264499877805887,0.0006554745016660917,0.0021196160344017557,0.00010157040562109663,0.00710375303713791,0.01681163810982451,5.3488358414341954e-05,0.00016409360067746835,9.342745379475451e-05,0.02173908488161898,0.0008774203233587719
2023-01-04,gasoline,80.02398854283592,8432.48,5439128.513,0.13628899835796388,250,140.25507975422644,-101.92377698546349,1.0,-101.92377698546349,-101.92377698546349,0.0,0.026478928137842632,security_priority,8930,8985.25507975422,0.26742338760026607,0.13621318092883994,0.0098885497097987,0.009221803291139193,0.009399538595696168,0.00956826459555854,6.387485409231222e-06,1.837557511514797e-05,0.00011616952429489793,2.1315999999999997,7.99301899889954e-06,8.712980577435041e-05,0.00025714825836492306,0.00011236978198413517,1.0787434445787112,0.0015711627101194228,7.765474240956795e-07,2.311140075324421e-06,0.00010882110354827744,0.07868594958745767,0.0
2023-01-18,gasoline,78.62842100135482,8330.24,5439128.513,0.13628899835796388,-205,-135.13841020570231,-135.13841020570231,0.5,-67.56920510285116,-67.56920510285116,-67.56920510285116,0.022452371808376934,security_priority,8725,8917.68587465137,0.10460362476503907,0.03815448213077359,0.004267031097128726,0.010144733819727752,0.009885560706473423,0.009247318736921452,7.103198214005278e-05,0.00021771890345727792,9.712627148401794e-05,0.8281000000000001,0.0012723407962102744,1.7057286347986893e-05,5.142675222749338e-05,0.00010230188222243441,0.30336629724923747,0.00014278508812326068,1.1666570230867286e-05,3.450682086584124e-05,0.00011562015434536049,0.004720946436950311,0.0
2023-02-04,gasoline,81.87760826356454,8164.875,11700958.251000002,0.13628899835796388,210,202.5397081237589,134.97050302090776,0.0,0.0,0.0,134.97050302090776,0.022078275587654433,security_priority,8935,8917.68587465137,0.0865132123119862,0.05730540709500122,0.016947801827368908,0.008902253321056998,0.009095571762862714,0.00909865089818775,0.00024213301564786805,0.0006860178153542548,0.00012315998134999044,0.6889,0.0,0.00022792865456211628,0.0006465993960744518,0.00011890655517887698,0.4561060463941024,0.0,0.00020528346170625668,0.0005962259559729467,0.00011883941223958277,0.018262389912924663,0.0
2023-03-18,gasoline,77.07737262331753,8102.4169999999995,12568781.188000001,0.13628899835796388,-100,-190.57361940055424,-55.60311637964648,1.0,-55.60311637964648,-55.60311637964648,0.0,0.08835772452561533,security_priority,8835,8862.082758271723,0.04829444834120726,0.077580796214207,0.0016414982511731317,0.009673725204294797,0.009568013982598824,0.009098199645045298,0.00017866617509221838,0.0005252475384437536,0.00010663195115641653,0.3844,0.0,6.0295486613565155e-05,0.00018007674339219618,0.00010882633226725366,0.6181523531089517,0.0,0.0002265306909334586,0.0006615649775151812,0.00011884925097929048,0.012366826204514044,0.0
2023-04-01,gasoline,74.4896395741793,8064.659,4110451.5045000017,0.13628899835796388,-335,-163.87268280146787,-163.87268280146787,0.0,-0.0,0.0,-163.87268280146787,0.11381020503025154,security_priority,8500,8862.082758271723,0.027895853368759535,0.0003897833368074363,0.023151028433590175,0.008549154686118297,0.008449642884543663,0.008989611073280316,2.4951321727842964e-05,7.714832222837293e-05,0.00013112185840244656,0.22089999999999999,0.0002897953332355028,3.311801958140334e-05,9.882577736403602e-05,0.00013341074949457286,0.002851760061073718,0.0,0.0003104936964457027,0.000898892091718955,0.00012122866431763145,0.012366826204514044,0.0
2023-04-18,gasoline,84.67019067631662,8065.168,4110451.5045000017,0.13628899835796388,550,615.3937424307077,451.5210596292398,0.5,225.7605298146199,225.7605298146199,225.7605298146199,0.13356822674259294,security_priority,9050,9087.843288086342,0.3932902898315825,0.3050653972183161,0.06666828239225722,0.008609693092612938,0.009169431696852071,0.00925657199457655,0.0008863170398596541,0.0023835110799304083,0.00012973909144446943,3.1329000000000002,0.0,0.0011461749734070518,0.003048643555440298,0.00011730120976915262,2.429024645976536,0.0,0.00099054231776499,0.002759635385164678,0.00011542124530771691,0.2038712672887115,0.0
2023-04-29,gasoline,81.1746215874899,8066.61,4110451.5045000017,0.13628899835796388,-160,-201.23701652499668,24.523513289623224,0.0,0.0,0.0,24.523513289623224,0.0694865557518844,security_priority,8890,9087.843288086342,0.25307460436894597,0.33472892497203693,0.026368450491721443,0.01081131213373751,0.01097070087165888,0.009952603730093903,0.00036159973278704333,0.0010640511905921793,8.443198470359951e-05,2.0164,0.0,0.00027198563875826056,0.0008060615519608321,8.15282427490617e-05,2.667543185890279,0.0,0.0009600185179135823,0.002742989615127393,0.00010095017180452296,0.2038712672887115,0.0
2023-05-17,gasoline,73.76447278392433,8107.879999999999,6020943.9120000005,0.13628899835796388,-380,-386.494442850119,-361.9709295604958,0.5,-180.9854647802479,-180.9854647802479,-180.9854647802479,0.04575479661501404,security_priority,8510,8906.857823306094,0.024787692927837245,0.017799662296405148,0.04275183555648554,0.009156399147437714,0.00903364531373235,0.009797999213697244,5.2058156465572515e-05,0.00016249508630890902,0.00011758367944968955,0.1936,0.0008659132168381037,5.807919630948761e-05,0.00018157574827401616,0.00012026093510502444,0.13728125603443253,0.0010043818705865605,0.00029864752746063607,0.0008823079340141998,0.00010408082004372206,0.13102295384688942,0.0
2023-05-31,gasoline,74.49563514786755,8132.642,6020943.9120000005,0.13628899835796388,100,49.59181830211438,-131.39364647813352,1.0,-131.39364647813352,-131.39364647813352,0.0,0.005775102106767454,security_priority,8610,8775.464176827962,0.11563973215357723,0.09569743974955863,0.001271664321956606,0.008817754428968436,0.00875006904758599,0.00918340062721465,7.098944442306471e-06,2.077284420649066e-05,0.00012504261601085505,0.9216,1.3591926471700997e-05,3.457900234119995e-05,0.0001024205991135436,0.0001265609464340828,0.7606849086629357,0.00045020492644842725,5.9193119349301764e-05,0.0001756211668337628,0.00011699882199134044,0.009837393770039707,0.0
2023-06-14,gasoline,73.23711900787694,8032.6,6155459.894750001,0.13628899835796388,-55,-71.87391219128853,-71.87391219128853,1.0,-71.87391219128853,-71.87391219128853,0.0,0.00797179456680484,security_priority,8555,8703.590264636674,0.012073231131573237,0.007421714306197105,0.0018291649552384709,0.009478604032752785,0.009310676395639468,0.008784847735295342,3.819331778898915e-07,1.1314692533374688e-06,0.00011069977309960597,0.0961,0.0,2.1095650286334378e-07,6.271307286137576e-07,0.00011426163911873925,0.059015694737183946,0.0,9.935682205286166e-05,0.00029218785447029596,0.00012577964032051004,0.014170395078306528,0.0
2023-06-29,gasoline,73.17608224854365,7962.67,6155459.894750001,0.13628899835796388,70,-13.31476555813623,-13.31476555813623,0.0,-0.0,0.0,-13.31476555813623,0.011342820213508412,security_priority,8625,8703.590264636674,0.007891044702060628,0.001748054097974304,0.0028226323705509647,0.008755058918833993,0.008624342452292903,0.008641241822719824,9.744729135113573e-05,0.000281967370216341,0.00012644869991889493,0.0625,0.0,2.0646886836652666e-05,6.063740082514395e-05,0.00012940558464270545,0.013716694617612126,0.0,0.00021749120161631774,0.000631422346355509,0.00012902138732992928,0.02066343701472421,0.0
2023-07-13,gasoline,75.1157600634876,7986.705,6563670.772500001,0.13628899835796388,155,115.71308719123572,102.39832163309948,1.0,102.39832163309948,102.39832163309948,0.0,0.01657514768826607,security_priority,8780,8805.988586269774,0.003744342802522938,0.008448501746152417,0.005399523711630749,0.00907249527209357,0.008785384145427476,0.008811600112376949,0.0003240137663125521,0.0009212746019504888,0.0001194103595784174,0.028900000000000006,0.0,0.00024094290496278002,0.0006897929691007687,0.00012576760876562942,0.06659274714045445,0.0,0.0003821214466154381,0.0010914495680050308,0.0001251802920453635,0.041941665093102765,0.0
2023-07-27,gasoline,79.32382195397709,8029.098,6563670.772500001,0.13628899835796388,275,200.0202227482675,200.0202227482675,1.0,200.0202227482675,200.0202227482675,0.0,0.016712220745602076,security_priority,9055,9006.008809018042,0.007553357421816524,0.003813648448090857,0.0050558838170497375,0.009595770755120468,0.00940849185386731,0.009365648067274319,0.0010258609166190606,0.0028405427218229844,0.00010824798618000652,0.0576,0.0,0.000751050824741939,0.002106177070173497,0.00011218004480959515,0.028430772423326943,0.0,0.0008390947841716465,0.0023496534248399546,0.00011308944102906644,0.038120142309358576,0.0
2023-08-10,gasoline,84.41944702954262,8172.514999999999,6654014.013499999,0.13628899835796388,240,323.0683332012499,323.0683332012499,0.5,161.53416660062496,161.53416660062496,161.53416660062496,0.044979209656196735,security_priority,9295,9167.542975618666,0.001032714415245389,0.008128247202100472,0.021889499066530357,0.010425319866074608,0.010282423289479932,0.010134013332331231,0.0013330653816251235,0.0036920495378747202,9.167449966698557e-05,0.004900000000000001,0.0,0.0017198593895103443,0.004699141225916652,9.443129712484203e-05,0.06056334994419743,0.0,0.0008374450036058999,0.002355950109963628,9.73376929266179e-05,0.005924706071197982,0.0
2023-08-24,gasoline,84.1976009708773,8241.608,6654014.013499999,0.13628899835796388,55,60.79634193146486,222.33050853208982,1.0,222.33050853208982,222.33050853208982,0.0,0.055962083265401606,security_priority,9350,9389.873484150756,0.01755847664159222,0.0349071705071903,0.0022919030301192292,0.0108631646641357,0.011103300586972882,0.010795276632289016,0.0012111120781833006,0.003427470063930908,8.348175995469852e-05,0.1369,0.0,0.0012349787199105887,0.003491710908766659,7.915126044575707e-05,0.2751463896184729,0.0,0.0013990376293182788,0.003879750307388009,8.472693227608465e-05,0.014784780768990374,0.0
2023-09-21,gasoline,92.16037381014016,8473.885,13137035.2325,0.13628899835796388,385,480.7185027711394,480.7185027711394,0.5,240.3592513855697,240.3592513855697,240.3592513855697,0.0651210123945063,security_priority,9735,9630.232735536325,0.05518793767366653,0.08916599408268462,0.0467865385419411,0.011256817699361273,0.01135742994165126,0.011597650328426893,0.0017805665038316716,0.0048364273718354035,7.644323674220231e-05,0.43560000000000004,0.0,0.0022746532727348444,0.006087084448694384,7.469401721346617e-05,0.7053384846570462,0.0,0.0013013846080066594,0.0036089749309979927,7.059948000338472e-05,0.001300142275507608,0.0
2023-10-11,gasoline,90.43988939931766,8679.579,6658380.839500001,0.13628899835796388,-85,-125.22007095262262,115.13918043294709,0.75,86.35438532471031,86.35438532471031,28.78479510823678,0.03162022426765417,security_priority,9650,9716.587120861035,0.11102903618713024,0.18438795033904468,0.012809866545518932,0.012511140794352364,0.012739204279867796,0.01225842594870739,0.0005668324961208128,0.0016452565088029233,5.608301220201335e-05,0.8835999999999999,0.0,0.00046353409710342115,0.001354042652929539,5.271915448949014e-05,1.468646220505548,0.0,0.0007684059099139011,0.002183277179226739,5.9931968791647076e-05,0.09486999508169296,0.0
2023-10-25,gasoline,89.53334896276725,8810.444,6658380.839500001,0.13628899835796388,-70,-80.61293774863364,-51.82814264039686,1.0,-51.82814264039686,-51.82814264039686,0.0,0.03378392788481309,security_priority,9580,9664.758978220638,0.0001678277918804159,0.0010493161349550842,0.00967721115107192,0.011874007821091062,0.011759089391305126,0.01234321471656997,0.00014093076220958226,0.0004132859813198184,6.603174889168924e-05,0.0009,0.0,0.00012692851506033786,0.0003728558178036645,6.791260766049973e-05,0.007959185330713664,0.0,0.0002767587244174522,0.0008062678476492421,5.862636087655069e-05,0.07637764413931049,0.0
2023-11-08,gasoline,86.10020979440196,8795.345,5900399.90775,0.13628899835796388,-140,-227.6055176274437,-227.6055176274437,1.0,-227.6055176274437,-227.6055176274437,0.0,0.027590107306047232,security_priority,9440,9437.153460593194,0.0024765470887556785,0.010852653175936257,0.015521211813229496,0.011931716115853412,0.01182794031814967,0.011907010420006338,2.309946023326611e-05,6.871953355043558e-05,6.509720483517956e-05,0.019600000000000003,0.0,6.348875101524431e-08,1.916415278818261e-07,6.678255944372373e-05,0.08642727415771342,0.0,2.1360852234765457e-05,6.413914336705944e-05,6.5496480341886e-05,0.12359074222934753,0.0
2023-11-22,gasoline,80.37544506746394,8763.733999999999,5900399.90775,0.13628899835796388,-340,-372.0900151166461,-372.0900151166461,0.75,-279.0675113374846,-279.0675113374846,-93.02250377916153,0.021348511787836505,security_priority,9100,9158.08594925571,0.022151711463160206,0.013312794749431816,0.009262733399392197,0.011151005636941663,0.010888666440597222,0.010975400710932948,0.00016941533237709806,0.0005311961207100516,7.830470123743823e-05,0.16000000000000003,0.0037427949218916787,0.00022159669002386474,0.0006999081938191171,8.30163992306993e-05,0.08350308005882932,0.005117283317562586,9.275706815356267e-05,0.000286945960192905,8.144339232822955e-05,0.010593347186449144,0.001800440407557332
2023-12-06,gasoline,78.42588848557556,8598.244999999999,6096920.419000001,0.13628899835796388,-55,-177.29058993886233,-270.3130937180239,1.0,-270.3130937180239,-270.3130937180239,0.0,0.039143148010908506,security_priority,9045,8887.772855537687,0.04106336419408598,0.021248615182664434,0.0031147613092600817,0.009963759493780425,0.009765580471475414,0.009934801088702747,3.7519633872366946e-05,0.000112519437393217,0.00010072612349868255,0.32489999999999997,0.0005172795827064525,0.00018111402009439938,0.0005586657670747371,0.00010474334308584543,0.15178726419837993,0.0039654426160865555,0.0002403102216837909,0.0007520772139110017,0.00010130822912397942,0.00030655931142369556,0.005544928993005162
2023-12-20,gasoline,74.0227212693011,8511.596,6096920.419000001,0.13628899835796388,-415,-256.24695055110675,-256.24695055110675,0.5,-128.12347527555337,-128.12347527555337,-128.12347527555337,0.037018518710614665,security_priority,8630,8759.649380262133,0.07440691405346019,0.006469803720760416,0.027497536534530853,0.009411554972704284,0.009212446260334524,0.009070477049397748,0.0006590636072630074,0.002141834109851506,0.00011211516809606337,0.5184,0.016993637713968144,0.00025891071684506394,0.0008102321153398592,0.0001163713156861706,0.02493642752452313,0.006022623846055482,0.0003241947954995266,0.0010037662741838257,0.00011945447192774135,0.08087155037126138,0.007617239186307758
2024-01-04,gasoline,77.05655540788125,8348.23,6282799.55825,0.14085804371700852,200,157.3994144077371,29.275939132183737,0.0,0.0,0.0,29.275939132183737,0.025140049991586057,security_priority,8830,8759.649380262133,0.1898340477814263,0.08612320467802445,0.009455227923582039,0.008139303261450681,0.00854806126756913,0.008753681264797234,1.021516572452215e-05,2.95871930987863e-05,0.00014067612712383447,1.5129,4.1980688976786235e-05,3.4338312692764154e-05,0.00010045698430155212,0.00013114690073135038,0.68441326097466,0.00043733549490772717,5.682418788076358e-05,0.00016984442565427316,0.00012647968509377276,0.06566249966674134,0.000918964969786497
2024-01-18,gasoline,76.2303624464535,8284.869999999999,6282799.55825,0.14085804371700852,-50,-45.494223320569226,-16.21828418838549,0.0,-0.0,0.0,-16.21828418838549,0.017109932103480996,security_priority,8780,8759.649380262133,0.0313810876545124,0.020675867849834016,0.0002653673583646478,0.009368160604153287,0.009245938172081298,0.008821363854230713,4.374534451178505e-06,1.3010892689431037e-05,0.00011303600893907822,0.25,4.4875069415332373e-07,3.282819319574933e-06,9.753526026518648e-06,0.00011564984579869816,0.16466331292250086,0.0,1.1343894261239935e-05,3.3631546690202124e-05,0.00012496190607949964,0.0,5.8026650769474946e-05
2024-02-01,gasoline,80.03755552747323,8263.93,13117202.124999998,0.14085804371700852,200,238.17959817253129,221.9613139841458,0.75,166.47098548810933,166.47098548810933,55.490328496036454,0.019075589295413316,security_priority,8980,8926.120365750243,0.03142315824595863,0.04045880146170636,0.01641003997647522,0.008929082249464742,0.00897810484649309,0.009042915518971108,0.00013685763872525218,0.00038968870318103436,0.00012256521983911668,0.25,0.0,0.0001974876627442887,0.0005586873833749593,0.00012148217277489912,0.3218833480019978,0.0,7.018723503572326e-05,0.00020123369713904166,0.0001200577003244042,0.11085035603752925,0.0
2024-03-05,gasoline,82.66674488641249,8322.869999999999,13137358.6145,0.14085804371700852,125,148.06474689942084,203.5550753954573,0.75,152.66630654659298,152.66630654659298,50.888768848864316,0.009586473043050608,security_priority,9105,9078.786672296836,0.0029117655870561556,0.004177227959729009,0.0022428616612952855,0.009795251232574752,0.009927870122302286,0.009724883755476171,0.00023440026556870256,0.0006708697377384717,0.00010413689740626712,0.0225,0.0,0.0002791478924011089,0.0007958545099023052,0.00010144780027321097,0.03248274567989926,0.0,0.00018936799681192566,0.0005411141686736968,0.00010557801383847748,0.0007622766427133807,0.0
2024-04-02,gasoline,84.84844065575193,8435.746,4306244.706666666,0.14085804371700852,200,129.34227249645974,180.23104134532406,1.0,180.23104134532406,180.23104134532406,0.0,0.034799331736890336,security_priority,9305,9259.017713642159,0.0029588557658338436,0.0002668659246414234,0.00048682308503614896,0.010284035947351701,0.010285665084360018,0.010348100819897784,0.0003950121868229311,0.0011167592044283563,9.439995747235397e-05,0.0225,0.0,0.0002451664691351831,0.0007012497755722826,9.436830285322206e-05,0.001402124191078134,0.0,0.000294360526648236,0.0008361156598249182,9.315915778285783e-05,0.003039258418097505,0.0
2024-04-17,gasoline,89.69483516514862,8500.205999999998,4306244.706666666,0.14085804371700852,200,320.030298004331,320.030298004331,0.5,160.0151490021655,160.0151490021655,160.0151490021655,0.05981982935407736,security_priority,9505,9419.032862644324,0.00023998552405752815,0.018612595783280155,0.02085484983778834,0.011079487376244205,0.010987361569833733,0.010990515296941873,0.000744122421985287,0.00208960079468683,7.95755454705865e-05,0.0,0.0,0.0011737672622055442,0.0032335707073378023,8.122765147290988e-05,0.14544769228836218,0.0,0.0004976510596365051,0.0014100041496063894,8.11708146146384e-05,0.0016347292129207098,0.0
2024-04-30,gasoline,87.27778304465804,8530.869999999999,4306244.706666666,0.14085804371700852,-70,-117.29127755745536,42.72387144471013,0.0,0.0,0.0,42.72387144471013,0.04513035856680708,security_priority,9435,9419.032862644324,0.0367294768735942,0.09608128522286416,0.01444685111497461,0.011440333046866452,0.011729611811966453,0.011393340195574963,0.00044161311777178575,0.0012835910546289374,7.326789834856656e-05,0.2916,0.0,0.0003338884840137507,0.0009779631139835731,6.839932078076482e-05,0.7650006418073728,0.0,0.00040727266419124776,0.0011761117717822317,7.407459298910564e-05,0.10241939164074089,0.0
2024-05-16,gasoline,82.0104261021214,8556.119999999999,12958996.012,0.14085804371700852,-235,-324.1938972026002,-281.4700257578901,0.75,-211.10251931841756,-211.10251931841756,-70.36750643947252,0.08466741207991758,security_priority,9200,9207.930343325907,0.013684793161056764,0.021494461548548244,0.026347732936762857,0.010939565151932323,0.01073396376472062,0.01114883095500877,3.3208460266790824e-05,9.973930056710994e-05,8.209147963607917e-05,0.10890000000000001,0.0,2.5530060683357327e-07,7.783123742662608e-07,8.585942751351049e-05,0.17123477606409393,0.0,3.886580208152061e-05,0.00011637946821796801,7.834319346301097e-05,0.17825709465033143,0.0
2024-06-14,gasoline,78.1073728456169,8499.255,6384133.0225,0.14085804371700852,-190,-238.4343016321941,-308.80180807166664,0.5,-154.40090403583332,-154.40090403583332,-154.40090403583332,0.06455259310405304,security_priority,9010,9053.529439290072,0.001032467412732815,0.0038491860933240088,0.02070002777359074,0.010292643685199797,0.010006971268077876,0.010388660965276153,3.6371117907929106e-06,1.0979550715014535e-05,9.423276662249139e-05,0.0081,0.0,2.3180044676444962e-05,7.075902727382962e-05,9.986062323702111e-05,0.029418832929598494,0.00025139443998028213,4.98777656652588e-07,1.4930842323271088e-06,9.237783804040633e-05,0.012860292702616764,0.0
2024-06-28,gasoline,84.04572783153426,8466.145999999999,6384133.0225,0.14085804371700852,210,349.9733303899042,195.5724263540709,0.5,97.78621317703545,97.78621317703545,97.78621317703545,0.056667535455461535,security_priority,9220,9151.315652467109,0.08035201121133043,0.1738814046636015,0.039601886635814036,0.010041454515302339,0.010035047143950681,0.010037537927858648,0.00016661583019706374,0.00047362410909981226,9.917262817079218e-05,0.6400000000000001,0.0,0.00045354102543404426,0.0012598698236369976,9.930028542328549e-05,1.3848941656874123,0.0,7.654342206587317e-05,0.0002211515103800442,9.925065053885496e-05,0.2543933683525489,0.0
2024-07-12,gasoline,86.2060657899071,8426.21,6575557.7965,0.14085804371700852,110,127.71117723904013,225.49739041607558,0.75,169.12304281205667,169.12304281205667,56.37434760401891,0.057721625656072424,security_priority,9330,9320.438695279165,0.005178667334972581,0.024961932961260598,0.005250641844402895,0.01073914861870722,0.011152958730670586,0.01047295601681937,0.00047705581873019556,0.0013593407854665667,8.576336830639241e-05,0.04000000000000001,0.0,0.0005238816525666293,0.0014884478444716542,7.827013922121781e-05,0.19760185889303267,0.0,0.00045606916153884624,0.0012918826322759788,9.076456705745824e-05,0.02035577304950417,0.0
2024-07-26,gasoline,83.75396290647076,8419.532,6575557.7965,0.14085804371700852,-145,-141.53495553281363,-85.16060792879472,1.0,-85.16060792879472,-85.16060792879472,0.0,0.0538983144892479,security_priority,9185,9235.27808735037,0.03270059549224964,0.036449718342400364,0.0325447049320925,0.010635094069495091,0.010687368637374309,0.010855821259301193,0.00018451474261453284,0.0005447052873892973,8.770146308720601e-05,0.2601,0.0,0.00019013073806643327,0.0005609603937054783,8.672510289615964e-05,0.28997392005039485,0.0,0.00027441948246209483,0.0008025519292460901,8.361600484184803e-05,0.2586407001363812,0.0
2024-08-09,gasoline,78.63468861164303,8381.965,12943203.536,0.14085804371700852,-305,-347.0213295400123,-347.0213295400123,0.75,-260.26599715500925,-260.26599715500925,-86.75533238500304,0.026664999727917325,security_priority,8880,8975.012090195361,0.012864286853604258,0.021345324480054592,0.021425627840711038,0.010149829328642909,0.01012151730374067,0.01035541347230862,5.0087812283773586e-06,1.532704864915605e-05,9.702586225486342e-05,0.1024,2.7149007735781464e-06,2.284954416455823e-05,7.060948674298545e-05,9.758442038029502e-05,0.16889859961050532,0.00025050841201820946,1.2229633558501737e-05,3.6936993289311926e-05,9.301804929012608e-05,0.12264758934425633,0.0
2024-09-06,gasoline,77.16119851371884,8247.751,6383179.188,0.14085804371700852,-100,-147.03809719827666,-233.7934295832797,1.0,-233.7934295832797,-233.7934295832797,0.0,0.026261088890781447,security_priority,8780,8741.218660612081,0.021105444427002865,0.02009447479558282,0.00037119353733713894,0.009402433342187813,0.00924145266137422,0.00940887106177937,1.29343510557655e-07,3.851630206360193e-07,0.00011230841906677259,0.16809999999999997,0.0,6.546784542838908e-06,1.970593431997851e-05,0.00011574634083745186,0.15997317287139445,1.0960935876889342e-05,4.14371347955139e-06,1.2581498269463914e-05,0.00011217201218601444,0.002803187335359146,2.2964659061606968e-07
2024-09-21,gasoline,72.45480098191294,8165.897999999999,6383179.188,0.14085804371700852,-365,-297.9269768601219,-297.9269768601219,0.5,-148.96348843006095,-148.96348843006095,-148.96348843006095,0.02649906918335364,security_priority,8415,8592.25517218202,0.03909572232112398,0.013446710238232351,0.02165607580352124,0.00881290260531673,0.00874038075548295,0.00863692388677989,0.00029062996062124497,0.0009240299510995396,0.00012515114811812922,0.28090000000000004,0.006959566139732507,0.00016511015653153052,0.0005163948084477193,0.00012677902553149872,0.09106981602242727,0.003623063596464604,3.553146225171606e-05,0.00010772151916911358,0.00012911949875483344,0.028784475664234224,0.00048523414515161563
2024-10-11,gasoline,75.382461095612,8030.115,6283039.875833334,0.14085804371700852,140,98.18199493566924,-50.78149349439171,1.0,-50.78149349439171,-50.78149349439171,0.0,0.006782838949740057,security_priority,8555,8541.47367868763,0.12799062420699553,0.07875499435431237,0.004859372205324338,0.007782933774054495,0.007937523542547242,0.008224847767932924,6.334573141821668e-07,1.8338003382384759e-06,0.00014925670716913836,1.0201,0.0,3.629330202935582e-06,1.0605364203605155e-05,0.00014550333828660205,0.6276092701484755,0.0,5.9036278288539606e-09,1.7494154647975407e-08,0.00013865421008835426,0.03855881651819111,0.0
2024-10-24,gasoline,74.64565408972837,7976.088,6283039.875833334,0.14085804371700852,90,-61.833074069143045,-61.833074069143045,1.0,-61.833074069143045,-61.833074069143045,0.0,0.006334399412411719,security_priority,8645,8479.640604618486,0.0013070870848150946,0.012869180631044825,8.414058581273585e-05,0.008831075890146272,0.008557051258476406,0.008106715798095812,0.00010461692240447565,0.0003019112261322447,0.0001247448657716719,0.010000000000000002,0.0,2.621986738294409e-07,7.774956117599031e-07,0.0001309410759011364,0.10241928923445937,0.0,1.279270839635548e-07,3.79800856242162e-07,0.00014145020910726375,0.000488549732800884,0.0
2024-11-07,gasoline,72.70753615902433,7947.96,10827263.963333333,0.14085804371700852,-145,-135.98563861059327,-135.98563861059327,0.5,-67.99281930529663,-67.99281930529663,-67.99281930529663,0.04658759885676597,security_priority,8500,8411.64778531319,0.027735327434845438,0.002786493483637313,0.00375523864556899,0.008336294259074726,0.007890314072740039,0.007953778553527503,8.188949828848525e-06,2.4461752249134933e-05,0.0001360420316108932,0.22089999999999999,0.0,1.1816872757597736e-05,3.524166380996369e-05,0.00014664449325687797,0.02199441131229577,0.0,7.961817665614908e-06,2.3770608090946393e-05,0.00014511145113745393,0.0001517698454972674,2.2032106855086125e-05
2025-01-03,gasoline,72.91250667945691,7991.374,6085057.7491666665,0.1460849504681775,70,57.64075428849221,-10.352065016804424,0.0,-0.0,0.0,-10.352065016804424,0.06351805121292349,security_priority,8570,8411.64778531319,0.023225242547632703,0.018840747884432896,0.002676098452666986,0.007698378309363861,0.007713065555880215,0.007854528165350603,1.9428811927499833e-05,5.6514604499427756e-05,0.00015132989621952954,0.18489999999999998,0.0,1.306235532398688e-05,3.807995445906709e-05,0.00015096875803409718,0.14996472010844408,0.0,3.3816082604156245e-05,0.00010073509984896157,0.00014751248608626182,0.018492093908330873,0.00043915462510548927
2025-01-17,gasoline,78.64825306101768,8017.737999999999,6085057.7491666665,0.1460849504681775,340,368.9089829398969,358.55691792309244,0.25,89.63922948077311,89.63922948077311,268.91768844231933,0.07310810876811058,security_priority,8910,8501.287014793963,0.036777075784617544,0.048840549182095606,0.06190933664709801,0.008504385044192424,0.008495030358152562,0.008053540110865237,0.0005821163307156569,0.0016113511501597902,0.00013214916321218685,0.2916,0.0,0.000672902481057957,0.0018534605869302983,0.00013236432645983117,0.3875516406711326,0.0,3.329507326103623e-06,9.737476176180189e-06,0.0001427179038827058,0.03214076584762682,0.0
2025-02-20,gasoline,74.43100270687172,8093.87,12741932.447666667,0.1460849504681775,-170,-254.11234316053927,14.805345281780063,0.0,0.0,0.0,14.805345281780063,0.022298403455822152,security_priority,8740,8501.287014793963,0.1305530297234504,0.1947905809771519,0.004646022768299086,0.009013340791558688,0.009021695942613548,0.008427840924869291,6.512133057684028e-05,0.00019398688923333147,0.00012070668056242828,1.0404,0.0,8.035713530041904e-06,2.429450250562801e-05,0.00012052315997642785,1.552622291103784,0.0,4.884080106026206e-05,0.00014582598076595912,0.00013391486566013004,0.03214076584762682,0.0007470672422131167
2025-03-06,gasoline,72.48036962055622,8081.696,6141708.261,0.1460849504681775,-135,-147.4108707940119,-132.60552551223185,0.75,-99.45414413417389,-99.45414413417389,-33.15138137805796,0.030684920381712333,security_priority,8605,8401.83287065979,0.0006383849482773445,0.005737529808916736,0.007702398905343151,0.007894767016733289,0.007641221233483187,0.008414465152193212,2.2156244260485664e-07,6.625070825881835e-07,0.00014653666557916828,0.004900000000000001,0.0,9.820825567165978e-08,2.943995650106101e-07,0.00015273941259970683,0.045540816820739204,0.0,0.00015697620817701824,0.0004794690557555317,0.00013422461770974545,0.03956450714184414,0.0033251734861005936
2025-03-20,gasoline,70.03629620842324,8076.817999999999,6141708.261,0.1460849504681775,-280,-174.8460009855104,-207.99738236356836,0.5,-103.99869118178418,-103.99869118178418,-103.99869118178418,0.06119370496029495,security_priority,8325,8297.834179478004,0.014354566803622208,0.001571990050072594,0.013383906986392092,0.007833782638979565,0.00789844268580848,0.008096459844619434,0.0002894057803417984,0.0009113363760012214,0.00014801684487559505,0.0841,0.0068549427244248414,0.00010661734937392562,0.00032712689148826966,0.0001464476894286623,0.003010745474497884,0.0021132980388882433,0.00035961478814875385,0.0011131961554068555,0.0001416942682307576,8.261163147177374e-05,0.008520730149906624
2025-04-03,gasoline,73.12522518772467,7965.565,5687813.336500001,0.1460849504681775,230,168.62962969922364,64.63093851743946,0.0,0.0,0.0,64.63093851743946,0.07305460940492531,security_priority,8555,8297.834179478004,0.13054628699519968,0.05922205503829681,0.010273107694403304,0.007590681600662355,0.007842743947269673,0.007878678565164216,2.77735183969889e-05,7.920063733103971e-05,0.00015399118313613982,1.0404,0.0,1.6359429104439044e-06,4.716913196696628e-06,0.00014779887473164818,0.4719020354971032,0.0,0.00013222607451690953,0.00039828663306998405,0.00014692643332660945,0.04326291107009646,0.002675257406575547
2025-04-18,gasoline,65.23406046403404,7910.469999999999,5687813.336500001,0.1460849504681775,-480,-391.8134274904788,-327.1824889730393,0.75,-245.38686672977948,-245.38686672977948,-81.79562224325983,0.08745477789064626,security_priority,8075,8052.447312748225,0.2597414297097314,0.16110259174320554,0.04338419580312125,0.008232206143001977,0.008128606983451069,0.007743926805605927,0.000481446556285505,0.001570122223351123,0.00013848097226080042,2.0164,0.012293736545963864,0.0002645058179825567,0.0008434331916925948,0.00014092997215336674,1.2563856814085599,0.006295721793106069,0.0005642062051923762,0.0017950836051405005,0.00015021133014634494,0.24085885745383426,0.014146948859986666
2025-05-20,gasoline,63.74256473909944,7780.994999999999,11736971.944,0.1460849504681775,-230,-263.480542629986,-345.2761648732459,0.75,-258.95712365493443,-258.95712365493443,-86.31904121831144,0.07775848751913639,security_priority,7845,7793.490189093291,0.04320069767573601,0.02214522211720437,0.02110057249423488,0.006187498932144931,0.006417257352375612,0.006836789725139411,0.0008369918289444524,0.002687520405514575,0.00019078518574949745,0.25,0.02144453256197199,0.0009712377941561865,0.0031463549833662375,0.00018449089783159438,0.06587731734646594,0.025157083943678948,0.0010505772296834162,0.0034101762752035375,0.00017327010474019538,0.0007366074920588635,0.027279004635171026
2025-06-04,gasoline,64.51466400998532,7691.918,5868261.845,0.1460849504681775,65,-45.36477927936753,-131.68382049767897,0.5,-65.84191024883948,-65.84191024883948,-65.84191024883948,0.06259678467655239,security_priority,7910,7727.648278844451,0.048116779148134003,0.03322635945366773,0.03571199747621904,0.006335548602071663,0.006113034228817972,0.006103042993716073,0.0003472069305314305,0.0010516778410084345,0.00018671723200634568,0.34809999999999997,0.008012718460126562,0.0006841463660765573,0.002133465664114886,0.00019284781832998128,0.19029794488809204,0.01692509429830275,0.0009710096984766656,0.0030665352968266895,0.0001931254140345039,0.14917394259552638,0.02451325624042409
2025-06-18,gasoline,69.9983912088471,7634.762,5868261.845,0.1460849504681775,260,230.752986155886,164.9110759070465,0.5,82.45553795352325,82.45553795352325,82.45553795352325,0.04894953363986289,security_priority,8170,7810.103816797974,0.019111639399278537,0.03828656412227827,0.022553266866104586,0.006782133665553657,0.006391216218816629,0.0061699655371060536,1.0690219340883244e-05,3.0388837029524425e-05,0.00017471199043529002,0.1521,0.0,1.6251847340287024e-06,4.645340369357288e-06,0.00018519899600299956,0.3049640815558308,0.0,0.0004639741215978514,0.0014099545552157646,0.00019126985324483426,0.0879685325733298,0.010971991905288064
2025-07-02,gasoline,71.3322865500842,7678.065,6152521.947000001,0.1460849504681775,235,-9.789494080096802,72.66604387342645,0.75,54.499532905069834,54.499532905069834,18.16651096835661,0.0597867377883918,security_priority,8405,7864.603349703044,0.0004152133784376601,0.029060246446291793,0.006307114832767171,0.007441602536375521,0.007099175862476969,0.00669285492846429,0.00024882342188985233,0.0007016353219539824,0.00015771334685436977,0.0025000000000000005,0.0,2.8366002728063984e-07,8.373442701590387e-07,0.00016643126342729686,0.23144273919231267,0.0,0.00043218366395331436,0.001316331048326676,0.00017708010995489716,0.003126152873076611,0.010198794017718213
2025-07-16,gasoline,70.28199592347697,7712.07,6152521.947000001,0.1460849504681775,-130,-148.50228335258754,-130.33577238423092,0.75,-97.75182928817318,-97.75182928817318,-32.58394309605774,0.09830105200269901,security_priority,8275,7766.851520414871,0.06688179083452782,0.009687221069226452,0.02483585051347474,0.007468494162269067,0.006682835526306157,0.006935581270099218,2.1640782187931924e-05,6.444548552861026e-05,0.00015703863856108446,0.5328999999999999,0.0,1.1804889378282472e-05,3.527533737664947e-05,0.00017734686961941345,0.07696495163101767,0.0,0.0008864343717033243,0.0028033586773880707,0.0001706790367501824,0.09272190915879226,0.02238444596885132
2025-08-27,gasoline,66.40231906729642,7728.785,12627496.819999998,0.1460849504681775,-180,-217.2484623405618,-249.83240543661952,0.75,-187.37430407746464,-187.37430407746464,-62.45810135915488,0.16116010346138684,security_priority,8095,7579.477216337406,0.0019914338463499466,0.0037474720705894917,0.030342033998770713,0.00651464297258676,0.006421041104002824,0.006572834290473289,7.116775837012964e-05,0.00021786781086701587,0.0001818548541568037,0.010000000000000002,0.0012734577869039508,0.00011895079841823451,0.00036763859536835444,0.00018438812469918084,0.01890414850178637,0.0024321657236061663,0.0019287930425897263,0.0063519234923274555,0.00018028877899108994,0.032128751949428734,0.041862024364595345
2025-10-14,gasoline,64.79524527100162,7692.882,6358758.927833334,0.1460849504681775,-75,-169.35033585437824,-231.80843721353313,0.75,-173.85632791014984,-173.85632791014984,-57.95210930338328,0.20261435013921408,security_priority,8020,7405.620888427256,0.006916158914627572,0.005086552262993018,0.04553311971098392,0.006111581764699726,0.00589991929376554,0.005937765692432926,0.00012150508075303562,0.00036910937624765814,0.00019288816107862123,0.04409999999999999,0.0024437976477635352,0.00030138803555003507,0.0009382638874012858,0.00019881227592232528,0.00917692208354575,0.007076912694359602,0.0029083539850647605,0.009759386123579517,0.00019774643372091641,0.0007309427186403637,0.0776026692037206
2025-10-28,gasoline,61.85814749117869,7671.101999999999,6358758.927833334,0.1460849504681775,-265,-239.3243222443035,-297.2764315476868,0.25,-74.3191078869217,-74.3191078869217,-222.9573236607651,0.23615026135442757,security_priority,7755,7331.301780540335,0.02875235373095152,0.011700053705656924,0.0983412123840394,0.005630310642719983,0.0053582337920938744,0.005470305339116378,0.0007519351260187524,0.0024188131881222063,0.0002064879722247266,0.1444,0.019257509975344488,0.0006599399692624654,0.0021083895117146984,0.00021438131768698176,0.019585435085189774,0.016719653974043906,0.0033883735785494714,0.011310159505913115,0.00021111202693851002,0.039630632679810124,0.09747518523445967
2025-11-11,gasoline,63.26464256803477,7581.5,5931072.557666667,0.1460849504681775,125,29.31282044281231,-193.64450321795277,0.5,-96.82225160897639,-96.82225160897639,-96.82225160897639,0.2175753805482074,security_priority,7880,7234.479528931359,0.07823934283622788,0.041124467693770456,0.06389135368335025,0.00498272839670787,0.004962717954761281,0.005329581872809875,0.00016465055904899906,0.0004892629609111288,0.0002255184464070442,0.6084,0.003404063615789271,0.0003781046228686094,0.001152328001062973,0.00022611985130805876,0.2886636577243913,0.008843960012782813,0.0034752888455076183,0.011656998196927107,0.00021522116802658863,0.0020255659095017972,0.10212768186749621
2025-11-25,gasoline,62.23296396645118,7535.498,5931072.557666667,0.1460849504681775,-70,-110.23384513339212,-207.0560967423685,0.25,-51.76402418559213,-51.76402418559213,-155.2920725567764,0.2884777724522518,security_priority,7810,7182.715504745766,0.021567335886762032,0.013493900728735986,0.07829604577332874,0.005901290744668928,0.005543026900267489,0.0051644273283706,0.00020212656885252453,0.0006176465971430932,0.00019877360266635808,0.1521,0.004445169585482658,0.00028846422268820636,0.0008909479296565589,0.00020900407120638947,0.07789308749374815,0.006686947995536099,0.0035671260097994172,0.011906187232321532,0.0002200942164951971,0.008120975434149668,0.10551109497805106
2025-12-09,gasoline,62.23817103955421,7482.42,6147229.8215,0.1460849504681775,-55,-61.98732469917472,-217.2793972559511,0.25,-54.319849313987774,-54.319849313987774,-162.9595479419633,0.2891038354683053,security_priority,7755,7128.395655431778,0.002603441744825421,0.00385691362348703,0.08012692837046544,0.0051188881106443655,0.004980708797873802,0.005158849566221213,0.00020247898840730757,0.0006175753734721595,0.00022144749106352163,0.0009,0.0044445890608885725,0.00021650187667697404,0.0006615794760754553,0.00022557910821426543,0.009310906936037429,0.0048037413060248255,0.0035995656754983277,0.012026183749745895,0.00022025974619805232,2.612896834775449e-05,0.107152008687015
2025-12-23,gasoline,60.02514654872086,7468.974,6147229.8215,0.1460849504681775,-170,-193.5082092181416,-356.4677571601049,0.25,-89.11693929002622,-89.11693929002622,-267.3508178700787,0.26182588734621276,security_priority,7585,7039.278716141752,0.015384871967554574,0.018704309828718027,0.13708594010398473,0.005037717972421432,0.004989739171624515,0.005102269492817162,0.0006314458625843362,0.001998378777737174,0.00022386988347280063,0.0529,0.015817519496457225,0.0007162698640704172,0.0022814580980753,0.00022530793013586352,0.06919097225860565,0.01813602194651981,0.004312898547305664,0.014651290686478266,0.00022194237426464625,0.004843349883202062,0.14464234043485122
2026-01-21,gasoline,63.27606746491273,7375.275,12330644.921999998,0.1460849504681775,85,117.53638703650594,-149.81443083357274,0.5,-74.90721541678637,-74.90721541678637,-74.90721541678637,0.15817484327242443,security_priority,7670,6964.371500724966,0.034441756081352616,0.04966674741637198,0.07996785329202437,0.004876629999740514,0.00483444855947037,0.004937278126788154,0.0001559744493330272,0.0004654510899404864,0.00022871632016474865,0.2601,0.0032124210588155857,0.00010367656150375685,0.0003066882369631997,0.00022999395049535032,0.3869949634368668,0.0019536823440081254,0.004185191286369836,0.014161190716240507,0.00022688559022973463,0.0008076650102148904,0.13744038277382956
2026-02-04,gasoline,66.21568324403765,7346.499,6388291.3774999995,0.1460849504681775,205,186.10125731689968,111.1940419001133,0.75,83.39553142508498,83.39553142508498,27.798510475028323,0.15082970158576292,security_priority,7875,7047.767032150051,0.007264089877659373,0.002394080132939998,0.06091233702679137,0.005696440542700979,0.005785943723833377,0.005014852828556794,1.7699808039351112e-05,5.056970724716601e-05,0.0002045918131484883,0.0576,0.0,8.260642389089751e-06,2.368835444004771e-05,0.00020203939582203178,0.018804565746268882,0.0,0.003223586464536569,0.010483047406536987,0.00022455463574981238,0.10023903863072643,0.08667228047118833
2026-02-25,gasoline,68.7834083434205,7325.843999999999,6388291.3774999995,0.1460849504681775,175,141.35196316113536,169.15047363616367,1.0,169.15047363616367,169.15047363616367,0.0,0.40367429899859386,security_priority,8050,7216.917505786215,0.0005799015524227327,0.0011101697202372343,0.023958155857080932,0.006130603291747294,0.006032163727032752,0.005767419229352453,0.0003168756007944948,0.0008974378509471149,0.00019236016505089099,0.0036,0.0,0.00023967778329623431,0.0006831652931671392,0.0001951004501484196,0.008009997309756491,0.0,0.001805527952362635,0.005638991077668172,0.00020256635539300634,0.029415640454501776,0.036537840331692925
2026-03-10,gasoline,78.4036612824465,7588.235,6513980.708000001,0.1460849504681775,695,603.1089158465949,603.1089158465949,1.0,603.1089158465949,603.1089158465949,0.0,0.39120690017062276,security_priority,8745,7820.02642163281,0.13629082613060337,0.10745782699500638,0.09835254359703588,0.007261663864083406,0.007057842866232233,0.0072843415233251815,0.0020099811598341378,0.005224008285384679,0.0001622652075115985,1.0816000000000001,0.0,0.0015057050317480473,0.003976889107636799,0.0001674994312751359,0.8528779334134469,0.0,0.00032775692976024336,0.000921684266509361,0.00016168797049543219,0.7532797182628167,0.00694023069320069
2026-03-24,gasoline,100.53825399545414,7740.374,6513980.708000001,0.1460849504681775,1160,1579.2276202877724,1579.2276202877724,0.75,1184.4207152158292,1184.4207152158292,394.8069050719432,0.9037602737903078,security_priority,9905,9004.44713684864,0.11141944594048438,0.4824048748779595,0.29501317202875654,0.010730780402557486,0.010834739378867078,0.010815453415373934,0.010643701237720809,0.02513452504778231,8.591843194561236e-05,0.8649000000000001,0.0,0.016319653564057676,0.03620301103572145,8.400200225328984e-05,3.811230900639692,0.0,0.0026481011575471337,0.006461459441191694,8.435589596516634e-05,1.351693632343588,0.0
2026-04-08,gasoline,116.21363904838014,7841.799999999999,6513980.708000001,0.1460849504681775,420,818.9703749692841,1213.7772800412272,0.75,910.3329600309204,910.3329600309204,303.4443200103068,0.6243816086659233,security_priority,10325,9914.78009687956,0.278454318167766,0.2950473520172304,0.11390029057194408,0.014532278346447401,0.016093232396786193,0.015499432587493152,0.012883435027713925,0.032581561151205696,2.989598008072797e-05,2.1904,0.0,0.018244168093189815,0.04358058564301043,1.5262833105520955e-05,2.3119643162370247,0.0,0.009093275722509979,0.02222478247312362,2.025510703451859e-05,0.30049639016921,0.0
2026-04-22,gasoline,106.71277678317998,7841.799999999999,6513980.708000001,0.1460849504681775,-555,-655.8332214717653,-352.38890146145854,0.0,-0.0,0.0,-352.38890146145854,0.5208993041775298,security_priority,9770,9914.78009687956,0.479044009859536,1.0931821496736085,0.5176226749282029,0.01588454343881134,0.016835541425105703,0.017832405232236177,0.006584177204716856,0.018867567145681295,1.6936982707030803e-05,3.8024999999999998,0.0,0.005715689742805795,0.01663817861543544,1.0013798072222048e-05,8.700182592301816,0.0,0.00825836980185773,0.02222478247312362,4.698467077237102e-06,3.314824392474629,0.0
2026-05-09,gasoline,114.44845662872568,7841.799999999999,13027961.416000001,0.1460849504681775,320,385.75704002533183,33.36813856387329,0.0,0.0,0.0,33.36813856387329,0.0033434992340071134,security_priority,10090,9914.78009687956,0.3871445115998284,0.5475530292347256,0.0033434992340071134,0.016357604548991215,0.01616310223023288,0.01746365992081264,0.010264226632733579,0.026508616112077554,1.3267044621529494e-05,3.0625,0.0,0.011015982884282407,0.028172558083401404,1.4721784495643902e-05,4.339641091382364,0.0,0.00825836980185773,0.02222478247312362,6.4330209972921416e-06,0.0,0.0
