adjust_date,fuel,oil_price_usd_bbl,inventory_cost,quantity_tonnes,transport_share,actual_delta,mechanism_delta,mechanism_signal_with_carry,optimal_ratio,raw_optimal_delta,optimal_delta,carry_over_next,discounted_horizon_loss,scenario,actual_price,optimal_price,actual_loss,mechanism_loss,optimal_loss,actual_cpi_pred,mechanism_cpi_pred,optimal_cpi_pred,actual_loss_consumer,actual_loss_profit,actual_loss_cpi,actual_loss_expectation,actual_loss_security,mechanism_loss_consumer,mechanism_loss_profit,mechanism_loss_cpi,mechanism_loss_expectation,mechanism_loss_security,optimal_loss_consumer,optimal_loss_profit,optimal_loss_cpi,optimal_loss_expectation,optimal_loss_security
2016-04-27,gasoline,42.396839673275,5983.353999999999,10195945.915,0.14604640289872012,165,171.5829568848506,171.5829568848506,0.75,128.68721766363797,128.68721766363797,42.89573922121264,0.021532780641872157,livelihood_priority,6130,6258.687217663638,0.02244390101243954,0.023729040785118307,0.013406855659050539,0.022611537684789868,0.022620661943921802,0.022556405577301784,0.00043621349022820007,0.0013015733526714475,6.820129079077622e-06,0.10890000000000001,0.01007689084848987,0.0004121756751770368,0.001227118248408617,6.8678690243199966e-06,0.11776284437339399,0.0094618126170574,8.724150794213651e-05,0.00025625069493298667,6.535209475659667e-06,0.06624159996003415,0.0015642983881858372
2016-05-12,gasoline,44.53533986703174,5983.353999999999,4894031.2015,0.14604640289872012,120,168.10706650506384,211.00280572627648,1.0,211.00280572627648,211.00280572627648,0.0,0.010173993622575433,livelihood_priority,6250,6469.690023389914,0.002114518674554183,0.00018071342138820855,0.004668064391169684,0.022830947729081,0.022924099383335127,0.02277702943477782,0.00010203284055666313,0.0003005590864895964,8.014265044788876e-06,0.0081,0.0019060034084255474,3.465738887578053e-05,0.00010048418018824141,8.55035720362087e-06,4.832725572917663e-05,0.00043751332758463053,8.148582173924742e-05,0.00023017309809154996,7.711892481622408e-06,0.027103424152391985,0.0
2016-05-26,gasoline,47.87412315362528,5983.353999999999,4894031.2015,0.14604640289872012,210,280.7905830666906,280.7905830666906,0.75,210.59293730001795,210.59293730001795,70.19764576667265,0.027703644394922813,livelihood_priority,6460,6680.282960689932,0.005569699604759003,0.008764380168316094,0.004188850870031884,0.022949808635956116,0.02324447009392943,0.02330326281001473,6.720438915508121e-05,0.00019000445983379763,8.70137098876128e-06,0.0324,0.0,0.00020412991499012294,0.0005675800082627935,1.052658619040244e-05,0.050790299618777644,0.0,0.0007066825909821918,0.001964817639566478,1.0911545192026411e-05,6.71968507374565e-07,0.0
2016-06-09,gasoline,49.297681034260485,6096.014999999999,9903935.825,0.14604640289872012,110,99.50075572334688,169.69840149001953,0.5,84.84920074500977,84.84920074500977,84.84920074500977,0.043378693069328386,livelihood_priority,6570,6765.132161434942,0.006865812432207636,0.02251419731521701,0.016770916828943473,0.023672951011837536,0.023949635020598395,0.02361030403345162,5.1276388266535264e-05,0.00014747274347907897,1.3490569135358373e-05,0.04000000000000001,0.0,3.940484936627477e-05,0.00011360775463953024,1.559961679593728e-05,0.13146400599271751,0.0,0.0005322790071782761,0.0015137343447140616,1.3034295213957022e-05,0.06324594913126119,0.0
2016-07-22,gasoline,45.323769115979474,6228.219999999999,9576173.727,0.14604640289872012,-155,-139.57172673647705,-54.72252599146728,1.0,-54.72252599146728,-54.72252599146728,0.0,0.03674831404013218,livelihood_priority,6415,6710.409635443474,0.050793514094864656,0.04141833804957783,0.013353459417486693,0.023204911620855063,0.02318269637700521,0.02322226914089469,0.00030546152801235203,0.0009538131753507795,1.0271458497491828e-05,0.28090000000000004,0.007205133681432415,0.0002624226088344731,0.0008153573299467269,1.0129556228202092e-05,0.22862260747801127,0.006064765343082014,4.766733484128122e-05,0.0001405874957973426,1.038301841636219e-05,0.0779210676168073,0.0
2016-08-05,gasoline,41.821543066021135,6279.969999999999,4930784.809249999,0.14604640289872012,-220,-235.3097791206681,-235.3097791206681,0.5,-117.65488956033406,-117.65488956033406,-117.65488956033406,0.029426818444535548,livelihood_priority,6195,6592.7547458831405,0.01625891006665006,0.020593211118002424,0.01410592552425464,0.02170658870046587,0.021747007305972902,0.022242272534214704,0.001643252006831932,0.0054340339009107275,2.912444992557791e-06,0.016900000000000002,0.03520743401901114,0.0017481228696130569,0.005810603534939682,3.0520345271226954e-06,0.036663098697272446,0.03772441265943358,5.1850667698507364e-05,0.00015766041239966084,5.02778611769363e-06,0.015841929537456122,0.0008312226578086114
2016-08-19,gasoline,44.95531466879161,6292.897999999999,4930784.809249999,0.14604640289872012,175,112.32998561032062,-5.324903950013436,0.0,-0.0,0.0,-5.324903950013436,0.0195103255603419,livelihood_priority,6370,6592.7547458831405,0.11368198059737103,0.09276861965336865,0.009965688888875411,0.021016654227506974,0.020871885574414474,0.021212436130798522,0.000759406780245083,0.0022940340342411454,1.0335858183078018e-06,0.6241000000000001,0.01823880040645047,0.001080193839130046,0.0033306600367952197,7.601844548720567e-07,0.4834136240888688,0.026640434987132408,7.039261280275618e-05,0.00021074997519764034,1.470001371265691e-06,0.055370692149817616,0.0012201750957797645
2016-09-02,gasoline,47.59264263315335,6245.110000000001,4638615.2825,0.14604640289872012,205,130.15483416651762,124.82993021650418,0.5,62.41496510825209,62.41496510825209,62.41496510825209,0.024368165992918855,livelihood_priority,6575,6655.169710991393,0.0007776581572689168,0.0013338249664347618,0.00578354624029884,0.021670851678924005,0.021314587677930343,0.02075948009378336,3.346642616185559e-05,9.656238141364076e-05,2.791745332963166e-06,0.0036,0.0004119908909086755,0.00014591744725538097,0.0004311132917801937,1.7281407629662908e-06,0.0012709009042054325,0.0029371127399115023,8.949866863492556e-07,2.608918713354743e-06,5.768100128531804e-07,0.015582511477857304,0.0
2016-09-19,gasoline,46.13663267214746,6223.906,4638615.2825,0.14604640289872012,-155,-103.75471189199216,-41.33974678374007,0.0,-0.0,0.0,-41.33974678374007,0.04026408344170247,livelihood_priority,6420,6655.169710991393,0.09116741793014348,0.03869783580551729,0.004036611157823433,0.020879446156314617,0.020642924817602062,0.020492522685941546,0.0002783083031405129,0.0008676419880435937,7.734255418565528e-07,0.5184,0.006494999302462542,0.00015466699644677375,0.00047431257751202145,4.1335232108864473e-07,0.21885470294919238,0.0032836749846472473,7.848204732812699e-06,2.3052571146415646e-05,2.425785961670741e-07,0.015582511477857304,0.0
2016-10-20,gasoline,50.22665824618214,6242.055,10322409.696,0.14604640289872012,355,243.71782996522825,202.3780831814882,0.25,50.59452079537205,50.59452079537205,151.78356238611616,0.04332160160903689,livelihood_priority,6775,6705.764231786765,0.17808567788885257,0.08264763617018878,0.020192948241431984,0.01984923676223304,0.019905564006690222,0.020058755311885886,0.00012614172688715637,0.0003483250614779195,2.2729553861977086e-08,1.0404,0.0,3.792436462169107e-06,1.074144061844413e-05,8.918156832404535e-09,0.48294866937887104,0.0,2.879651636720182e-05,8.373787902859456e-05,3.4521866748077116e-09,0.010239222138053339,0.0
2016-11-17,gasoline,43.853398014610974,6345.566,9667095.747,0.14604640289872012,-365,-309.0135361297743,-157.22997374365815,0.0,-0.0,0.0,-157.22997374365815,0.06942398859190302,livelihood_priority,6410,6705.764231786765,0.36233513736709777,0.21420019366275195,0.021564325605945654,0.020553937652099626,0.020178268100476664,0.019777714065785094,0.0007582156509409485,0.002494792106619675,3.068469224136454e-07,2.0736,0.019876848605751424,0.0005297728608728795,0.0017119998428848844,3.1779515647557964e-08,1.2220478522609912,0.013463024181926448,1.3317624392310833e-05,3.950477525236513e-05,4.9411036549793505e-08,0.010239222138053339,8.378561690445604e-05
2016-12-01,gasoline,46.28107919720019,6397.923999999999,3425808.1233333335,0.14604640289872012,175,211.82630230190665,54.5963285582485,1.0,54.5963285582485,54.5963285582485,0.0,0.05516270283398359,livelihood_priority,6585,6760.360560345013,0.20246718150264445,0.18758645323445905,0.002077899077236745,0.018161209322893744,0.018420377937238313,0.01938276834145779,0.0003359979454463039,0.000997965039293985,3.3811511542128848e-06,1.1664,0.007569366780317698,0.00023356886926741271,0.000685770915713666,2.4952058611634886e-06,1.0850965491901579,0.005001565486413967,1.386679309263135e-05,4.080633614848188e-05,3.809749203067669e-07,0.011923036368160883,8.982888439269485e-05
2016-12-15,gasoline,52.12131287707897,6424.956,3425808.1233333335,0.14604640289872012,435,404.6088802501751,404.6088802501751,0.5,202.30444012508755,202.30444012508755,202.30444012508755,0.05998490844360268,livelihood_priority,7020,6962.6650004701005,0.04635045013411399,0.025494280751215792,0.047712746657918956,0.02018495662898969,0.020293957431534927,0.01939545258432534,0.00022514209470196736,0.0006132607758053907,3.420895460722991e-08,0.27040000000000003,0.0,0.0001575477400577485,0.0004320003269084055,8.641097155461117e-08,0.1486604894415208,0.0,0.00010480676191911401,0.00029678571283372243,3.654775777989123e-07,0.08727074489056709,0.0
2016-12-29,gasoline,53.07575348934881,6420.54,3425808.1233333335,0.14604640289872012,100,120.43406272601057,322.73850285109813,0.75,242.0538771383236,242.0538771383236,80.68462571277453,0.027403047577440057,livelihood_priority,7120,7204.718877608424,0.07699913510825798,0.0554832655481144,0.0065871637151044046,0.02076141078099126,0.02066726113702985,0.020005506984845316,0.000514741118857515,0.0014622030756848883,5.79746377409718e-07,0.4489000000000001,0.0,0.0005891359457988785,0.0016662209557113932,4.4523742499036575e-07,0.32302130765956893,0.0,0.0008621507261953812,0.0023855798160009847,3.032688208653219e-11,0.00632007097147688,0.0
2017-01-13,gasoline,53.99351442246399,6592.219999999999,5317887.004333334,0.13639340683331513,240,69.15090928209297,149.8355349948675,1.0,149.8355349948675,149.8355349948675,0.0,0.021838094289727227,livelihood_priority,7360,7354.554412603292,0.013660938895965534,0.001864790546135641,0.006056581991754904,0.020175862913091838,0.020052032231234026,0.02059471347533193,0.0007072052534153016,0.0019640793433955655,3.092776420114705e-08,0.07840000000000001,0.0,0.00018427346989829428,0.0005304815522154879,2.7073530871910937e-09,0.010519847308609588,0.0,0.0006773625949130919,0.0019057361719076954,3.536841177413824e-07,0.03401689051075014,0.0
2017-01-26,gasoline,53.59469121042442,6695.227999999999,5317887.004333334,0.13639340683331513,-70,4.9418569543929785,4.9418569543929785,0.0,0.0,0.0,4.9418569543929785,0.02070002316694985,livelihood_priority,7290,7354.554412603292,0.06583796982240503,0.002938237190534199,0.015493995741790762,0.020877953147288797,0.020347503552140097,0.020625878958853396,0.00015866527348696536,0.00046601497407991265,7.708017288343032e-07,0.3844,0.0,0.00033091162310729794,0.0009568303211851221,1.207587187499848e-07,0.016491209603285265,0.0,0.0003035800044798344,0.0008790467858460667,3.9172447113541075e-07,0.08980275018879263,0.0
2017-02-15,gasoline,54.325999515736456,6784.26,10181992.026333332,0.13639340683331513,50,-31.98073207968033,-27.03887512528735,0.0,-0.0,0.0,-27.03887512528735,0.00864052857453109,livelihood_priority,7340,7354.554412603292,0.00988691736603874,0.000936518358251129,0.0006220288119714446,0.01993593802095105,0.020103775874298086,0.020122847168517265,8.517240994093437e-05,0.0002469265418853794,4.103937159668137e-09,0.0576,0.0,9.430251039929883e-06,2.7814085194257117e-05,1.0769432086332087e-08,0.005453110323916283,0.0,0.00010554280205209946,0.0003077578021134735,1.5091426812709296e-08,0.0,0.0
2017-03-15,gasoline,52.055328052771,6801.446,5204902.126999999,0.13639340683331513,-85,-86.42863626810336,-113.46751139339071,0.75,-85.10063354504302,-85.10063354504302,-28.366877848347684,0.022847250980098044,livelihood_priority,7255,7269.453779058249,0.012476042428129717,0.0020300055359837436,0.005603405942134244,0.019723934990180877,0.019434275405015623,0.01954832958114077,2.1274961242702165e-06,6.330547311414843e-06,7.621188964643282e-08,0.0729,0.0,1.8261456455577213e-06,5.435493862523481e-06,3.2004431737023835e-07,0.011858297082046778,0.0,6.454309693936272e-06,1.918481545565308e-05,2.0400616727247208e-07,0.028968471319070804,0.0
2017-03-29,gasoline,49.38071351199277,6812.572,5204902.126999999,0.13639340683331513,-230,-134.5397692866529,-162.90664713500058,0.5,-81.45332356750029,-81.45332356750029,-81.45332356750029,0.031145581174268307,livelihood_priority,7025,7188.000455490749,0.01690207876699954,0.0022532494935131905,0.005393684868875869,0.018538366384336067,0.01864216664728899,0.018708070165924785,0.00028164880140388234,0.0008857253820797618,2.136372826438823e-06,0.0841,0.006643926644212914,9.18527866779714e-05,0.0002808998109700922,1.8437114137344193e-06,0.00925872448131427,0.0017537114700798009,2.0091443543857246e-05,6.037464750484672e-05,1.6690826961736148e-06,5.321148028913109e-05,0.00019143909173049243
2017-04-13,gasoline,52.84095880895715,6772.045,9552889.359,0.13639340683331513,200,180.87821619979064,99.42489263229035,0.0,0.0,0.0,99.42489263229035,0.032900040836678905,livelihood_priority,7225,7188.000455490749,0.12656862060166155,0.06810208423746203,0.012451097320351363,0.017720576228328778,0.018035102271976952,0.018010224169704422,2.5357596054730538e-06,7.250814046766668e-06,5.195772730859862e-06,0.7395999999999999,0.0,1.4703251183709383e-08,4.2214010591446056e-08,3.860823081590137e-06,0.3979540222733052,0.0,1.5394884590405494e-06,4.545278585952707e-06,3.959207854828457e-06,0.026538575680767593,0.0
2017-05-12,gasoline,48.041424392545125,6733.571,5247888.948999999,0.13639340683331513,-250,-293.3559093889389,-193.93101675664857,0.5,-96.96550837832429,-96.96550837832429,-96.96550837832429,0.033647257440190315,livelihood_priority,6975,7091.034947112425,0.14037941556753308,0.15677157085496454,0.014108518254319143,0.018076085287253553,0.017956750632576377,0.017521399671768977,0.00020531195332605155,0.0006444755651340546,3.7014478219222456e-06,0.81,0.0046640311162315096,0.0003105606661247493,0.0009875182872198078,4.174867977477036e-06,0.8995920234916277,0.0074831671895321025,3.0467540976891598e-05,9.195491329777774e-05,6.143459587106936e-06,0.037609239260267505,0.0003823352218364471
2017-05-26,gasoline,51.03890868988692,6708.786,5247888.948999999,0.13639340683331513,140,120.060225204291,23.094716825966714,0.0,0.0,0.0,23.094716825966714,0.03132631760014615,livelihood_priority,7115,7091.034947112425,0.10411818612116668,0.11701586514885794,0.0068956639182577925,0.0164472410179423,0.01626989826269053,0.01682206881475619,2.9178880228315776e-06,8.452851354294418e-06,1.2622096384591679e-05,0.6084,0.0,1.0599215547539144e-05,3.0883599140804754e-05,1.3913658970679126e-05,0.6836516013680303,4.69532539988357e-05,1.2522281295581664e-05,3.713749386397502e-05,1.0099246618145138e-05,0.037609239260267505,7.309058967766998e-05
2017-06-10,gasoline,48.441866975263295,6651.615,5143969.58,0.13639340683331513,-180,-210.9973096188248,-187.9025927928581,0.75,-140.92694459464357,-140.92694459464357,-46.975648198214515,0.03553081251244534,livelihood_priority,6935,6950.108002517781,0.07101632149156065,0.0764983560919271,0.016060035310281107,0.01680685314665356,0.016697608632597005,0.016337579069272194,0.00011861426424790452,0.0003662242446988164,1.0196186827036269e-05,0.4096,0.0024209834944528617,0.0001763601427353062,0.0005495873965156427,1.0905788743497825e-05,0.4383963654526342,0.003891800179166815,9.492113181620466e-05,0.0002907718619211909,1.3413327073833136e-05,0.07944161485112697,0.0018300602624520819
2017-06-24,gasoline,45.03258488301636,6620.423999999999,5143969.58,0.13639340683331513,-250,-202.6109905293957,-249.58663872761022,0.5,-124.79331936380511,-124.79331936380511,-124.79331936380511,0.033920156999980605,livelihood_priority,6685,6825.314683153975,0.010965475447329068,0.00565059601499359,0.015192461785240505,0.01509463804339071,0.015039542054385246,0.015383180477863728,0.0007843487721422579,0.002534132166668797,2.4062575925349726e-05,0.019600000000000003,0.020197237460952294,0.000590746928801877,0.0018808875816663552,2.4606143030212553e-05,0.0002813213914788913,0.014852564425396002,0.00028980864970581287,0.0008988466413217449,2.1315022499978604e-05,0.0010411754523565896,0.006752023166928199
2017-07-22,gasoline,46.99182937767929,6535.9349999999995,9561067.345999999,0.13639340683331513,75,64.99909846400752,-59.794220899797594,0.0,-0.0,0.0,-59.794220899797594,0.019630303500226463,livelihood_priority,6760,6825.314683153975,0.0743113661786696,0.05127492259909987,0.014279763468613201,0.014301555947089237,0.014464218376708311,0.01467225131236113,0.00024025255553619516,0.0007211528882260732,3.247226462415404e-05,0.42250000000000004,0.00529131938643323,0.0002657523074762677,0.0008001428274879773,3.064487818077397e-05,0.28646063892422874,0.0059396843734197055,0.00010313023446007761,0.00030983044929829885,2.8384906078637698e-05,0.06229349023134662,0.0019781603065873025
2017-08-05,gasoline,50.15160002264495,6517.253000000001,9868741.298,0.13639340683331513,175,174.36838320677614,114.57416230697855,0.5,57.287081153489275,57.287081153489275,57.287081153489275,0.008034187540213955,livelihood_priority,6935,6882.601764307465,0.006850270074535475,0.008193116580520167,0.004928703681277762,0.014956822919500347,0.014917730743229083,0.014524813210535744,1.9647988739809218e-08,5.640196925926368e-08,2.5433635065277006e-05,0.04000000000000001,0.0,8.03594970507475e-09,2.3071404485495898e-08,2.5829460798318813e-05,0.04784656178057921,0.0,1.625325231387011e-05,4.784566314748887e-05,2.9977670379523907e-05,0.013127238668345864,0.00012427044082956158
2017-09-16,gasoline,52.38592119344901,6564.921,5445319.278,0.13639340683331513,95,35.346608299556834,92.63368945304612,1.0,92.63368945304612,92.63368945304612,0.0,0.0031847249428725195,livelihood_priority,7030,6975.235453760511,0.004390336890621401,0.013235046324244137,0.0008611684825890432,0.015091420257137516,0.015017909614146277,0.014641335263162218,1.3089980056399283e-05,3.790039924404414e-05,2.4094155092039936e-05,0.0256,0.0,1.1475039776047033e-06,3.369648553872164e-06,2.4821224612816107e-05,0.07730821559341422,0.0,4.748627944847995e-07,1.3818960375114783e-06,2.871528776182874e-05,0.004997530873129202,0.0
2017-09-30,gasoline,55.187765045612345,6609.59,5445319.278,0.13639340683331513,210,171.151490855452,171.151490855452,0.75,128.363618141589,128.363618141589,42.78787271386301,0.0038986576118480516,livelihood_priority,7240,7103.599071902099,0.009148116872458317,0.012690213745400887,0.002354788365263359,0.015023845542803185,0.014757827523193502,0.014922885842960613,0.0002602999261630545,0.0007329583975611237,2.476211318187973e-05,0.0529,0.0,0.00017278089554240673,0.0004905418894758947,2.748037227658758e-05,0.07377186450408194,0.0,3.166360603133336e-05,9.10782037480138e-05,2.577708816360977e-05,0.005106511216353439,0.0
2017-11-03,gasoline,57.00834724985867,6762.785,5193268.4895,0.13639340683331513,150,89.12985930082701,131.91773201469002,1.0,131.91773201469002,131.91773201469002,0.0,0.003827243452028219,livelihood_priority,7390,7235.516803916789,0.002543937164876261,0.004645611328180105,1.6517974099733727e-05,0.015630451313229068,0.015419392603804257,0.015318917826538327,0.0002174886427290935,0.0006186898915258716,1.909295572606158e-05,0.0144,0.0,0.00010356389992203305,0.0002983612787532035,2.0981964118083147e-05,0.02691019217153062,0.0,9.872508052884198e-06,2.8461212696501048e-05,2.1912530314700664e-05,5.0526901691876435e-05,0.0
2017-11-17,gasoline,60.43819147787639,6839.96,5193268.4895,0.13639340683331513,265,179.49216161645785,179.49216161645785,0.75,134.61912121234337,134.61912121234337,44.87304040411448,0.00614190906949862,livelihood_priority,7655,7370.135925129132,0.009325450835520093,0.005756486349919409,0.001636947896487554,0.015898159984121904,0.015587143482173204,0.015700497136083423,0.0007802172741671791,0.00215960841669294,1.682509151585882e-05,0.0529,0.0,0.00046996352954806273,0.0013233554820627307,1.9473302646926442e-05,0.03266138271912585,0.0,4.960473451463524e-05,0.00014246105841114466,1.848572487682685e-05,2.9190014388792963e-05,0.0
2017-12-29,gasoline,62.21587332766389,6987.75,9909746.214,0.13639340683331513,70,31.85656603080484,76.72960643491932,1.0,76.72960643491932,76.72960643491932,0.0,0.007187178170482209,livelihood_priority,7725,7446.865531564052,0.02618465283673573,0.015039401739975467,0.0022974974379119974,0.0164283526554735,0.01609077822939448,0.015996874510378626,0.00043912786907655805,0.001255773399943444,1.2756664753663212e-05,0.1521,0.0,0.00033240444288291167,0.0009577975064577386,1.5282014851776168e-05,0.08718507633572198,0.0,9.373209164880578e-07,2.729715337208163e-06,1.6025013685656368e-05,0.013404783684662391,0.0
2018-01-13,gasoline,66.11343927180071,7104.843999999999,5195912.244,0.13474034151009923,180,156.28639151490952,156.28639151490952,0.75,117.21479363618215,117.21479363618215,39.071597878727374,0.019710022920228408,livelihood_priority,7905,7564.080325200234,0.008495508047546563,0.010784145129842455,0.002346328283899738,0.016143239430848503,0.015990227981961702,0.01611316993311092,0.000604573410031863,0.0016992125054919737,1.4874602087761784e-05,0.0484,0.0,0.0005254332086266994,0.0014835759061459534,1.607827163664293e-05,0.061931125880018985,0.0,1.7527974158983685e-07,5.080516559936597e-07,1.5107447968872984e-05,0.006556201530885183,0.0
2018-01-27,gasoline,67.75322721683503,7178.954,5195912.244,0.13474034151009923,65,15.41229530970337,54.48389318843074,0.0,0.0,0.0,54.48389318843074,0.020139610945114836,livelihood_priority,7970,7564.080325200234,0.009243588378356206,0.013724537001276191,0.011909271358442317,0.01649189394514032,0.016361401654406228,0.016230245383618735,0.0005395073819769831,0.001540793970425485,1.2306808092143147e-05,0.0529,0.0,0.0003918682008931618,0.001129873993442495,1.3239397920557736e-05,0.0793820439265347,0.0,2.7735908100907437e-05,8.253440144318461e-05,1.4211049867727864e-05,0.05495723138869107,0.0003229276346312362
2018-02-10,gasoline,65.67800657880974,7239.48,10805669.170000002,0.13474034151009923,-170,-150.54472341056493,-96.06083022213419,0.75,-72.04562266660064,-72.04562266660064,-24.01520755553355,0.013384514843596112,livelihood_priority,7800,7492.034702533633,0.037822287185519755,0.01888012807396768,0.005927331013177008,0.015972785503362192,0.015832289631633314,0.015859770487647317,4.706747401900401e-05,0.0001406960946745576,1.6218456601929717e-05,0.22089999999999999,0.0,6.743491264365315e-05,0.00020081165658546936,1.7369809714591176e-05,0.11016692825007793,0.0,0.00022568323460381642,0.0006911766434643458,1.7141500414956137e-05,0.0207622869816728,0.005045803696071551
2018-03-01,gasoline,64.32478933099402,7194.950999999999,5092628.8525,0.13474034151009923,-190,-48.93205816678833,-72.94726572232187,0.0,-0.0,0.0,-72.94726572232187,0.012158914165059627,livelihood_priority,7610,7492.034702533633,0.0002981999687961351,0.007089189965780716,0.00887820310298096,0.01483810409168149,0.015050157867235604,0.015341883128794172,9.814435457235506e-06,2.981217398436465e-05,2.664516936831538e-05,0.0016,4.2831331015731234e-05,4.687110493662493e-05,0.00013799525289794688,2.4500937139289587e-05,0.04130053495177522,0.0,0.00013737952819108454,0.000413989271647619,2.1698052785812374e-05,0.0207622869816728,0.002800339062718632
2018-03-29,gasoline,65.81290998890657,7169.706,5092628.8525,0.13474034151009923,170,61.938015506460296,-11.009250215861577,0.0,-0.0,0.0,-11.009250215861577,0.0171543825426655,livelihood_priority,7780,7492.034702533633,0.08876044908188765,0.008422807714788108,0.0007920184819965124,0.014653613824867379,0.014999464515995436,0.015092860956607109,0.00011932957316939103,0.00034017961875747546,2.8583845133649224e-05,0.5184,0.0,1.024894665121229e-05,2.984997642785239e-05,2.500535512678876e-05,0.04916869294524631,0.0,9.600511697657102e-05,0.00028822354357416446,2.40800135911909e-05,0.0,0.001810327074515037
2018-04-13,gasoline,67.1364923044488,7165.084999999999,5134429.475,0.13474034151009923,55,86.37023400264391,75.36098378678233,1.0,75.36098378678233,75.36098378678233,0.0,0.016795779782486423,livelihood_priority,7835,7567.395686320416,0.009135877207403727,0.0005170375006184079,0.003941316832993033,0.015486458500796685,0.015156070977471283,0.0149389733589652,0.0002256594967419219,0.0006503964664472183,2.037205686503051e-05,0.0529,0.0,0.00029662023316307065,0.0008497101056995481,2.346364837529601e-05,0.0023877332025810274,0.0,1.5903667982983048e-05,4.6735120060255986e-05,2.5613990661263987e-05,0.022717111509246674,0.00011865598112840552
2018-04-27,gasoline,71.45750403433306,7178.299999999999,5134429.475,0.13474034151009923,255,258.6832314514729,258.6832314514729,0.75,194.0124235886047,194.0124235886047,64.67080786286823,0.013446799569938855,livelihood_priority,8090,7761.408109909021,0.02773172742073073,0.02068087514193837,0.01301527859676782,0.01515948254428213,0.015266650662735389,0.015178938071339668,0.0010036476614004577,0.0027767298057544934,2.3430609239109405e-05,0.16000000000000003,0.0,0.001019796317502045,0.0028194480583635106,2.240459594858334e-05,0.1187670763592006,0.0,8.039715867311014e-05,0.00022889163120868764,2.3242638119978084e-05,0.05631265666818191,0.0
2018-05-12,gasoline,73.11339128033123,7270.8949999999995,4991426.0934999995,0.13474034151009923,100,123.8461601408466,188.51696800371485,1.0,188.51696800371485,188.51696800371485,0.0,0.0233417277284036,livelihood_priority,8190,7949.925077912736,0.016784850025168482,0.012819533419399296,0.00010359217478230515,0.015873599086459297,0.01591001049061289,0.015795264692172437,0.0009662129979484658,0.002727224257596974,1.7027184499269556e-05,0.0961,0.0,0.0010686688224933237,0.0030030616289870027,1.6728014186896622e-05,0.07272414319850769,0.0,0.0002278984413416504,0.0006458405623926206,1.7679799008891752e-05,0.00012080012834198771,0.0
2018-05-26,gasoline,75.7600727398957,7321.165999999999,4991426.0934999995,0.13474034151009923,260,173.4331037481288,173.4331037481288,0.5,86.7165518740644,86.7165518740644,86.7165518740644,0.026637345859837677,livelihood_priority,8450,8036.6416297868,0.018207360192636517,0.0022059095208191927,0.013215316368360068,0.01610353391001992,0.016091646513038474,0.016236779635027565,0.0019805076494705696,0.005415461973404304,1.5182447990364655e-05,0.1024,0.0,0.0015034397054663436,0.0041759927386972075,1.5275226979044323e-05,0.009835459905247132,0.0,0.00029404298880390936,0.0008425489257364217,1.4161827515343269e-05,0.041453298896679994,0.0
2018-06-09,gasoline,71.57248681191464,7459.885,5122005.898,0.13474034151009923,-130,-169.96591349832568,-83.24936162426128,0.0,-0.0,0.0,-83.24936162426128,0.02580904213370659,livelihood_priority,8320,8036.6416297868,0.10434395985175923,0.08090578948723198,0.010711292703694742,0.01663069791879466,0.01632085420366936,0.016224136349056457,0.0006450279524226966,0.001881755576590813,1.1352196514414627e-05,0.6084,0.0,0.0005189123653822995,0.0015250129567689744,1.3536113790657434e-05,0.471691540183323,0.0,4.731810338469137e-05,0.00013843584720365425,1.4257146310516702e-05,0.030079041475709202,0.0
2018-06-26,gasoline,71.34368611064708,7523.008,5122005.898,0.13474034151009923,-55,16.615235212308775,-66.63412641195251,0.0,-0.0,0.0,-66.63412641195251,0.02244990253859795,livelihood_priority,8265,8036.6416297868,0.003961533057451531,0.024005915157791272,0.003557253629153302,0.015483980690726633,0.015433997861665657,0.01593270293908704,0.00030417388183462255,0.0008865623332963714,2.03944304017299e-05,0.0225,0.0,0.0004913465830732519,0.0014133413762903594,2.08483755272738e-05,0.13925010021671957,0.0,5.20609728827628e-06,1.5299645612235802e-05,1.65429053817112e-05,0.0,0.0
2018-07-10,gasoline,75.52675702206679,7570.405,5498064.225000001,0.13474034151009923,270,247.03431453195307,180.40018812000056,0.5,90.20009406000028,90.20009406000028,90.20009406000028,0.01944794056798845,livelihood_priority,8535,8126.8417238468,0.07265619742915363,0.03666514488261456,0.012090421567515216,0.015756042869327913,0.015953548074229117,0.015748073072697332,0.001016253800215226,0.002810738991965613,1.8011172126982458e-05,0.42250000000000004,0.0,0.0009227765756988139,0.0025627183713983026,1.637377318757489e-05,0.21237180845805015,0.0,2.4744065712275467e-05,7.172395653299507e-05,1.807888259512151e-05,0.03254422787373159,0.0
2018-07-24,gasoline,71.84604043418894,7573.593999999999,5498064.225000001,0.13474034151009923,-125,-137.02129850027902,-46.821204440278734,0.0,-0.0,0.0,-46.821204440278734,0.015248706110683156,livelihood_priority,8410,8126.8417238468,0.10699189136894853,0.10114335460462619,0.0073344812299872345,0.016195206897617335,0.016112388125167423,0.01576701065303383,0.0005327413996572918,0.0015565980372157684,1.4476450551938709e-05,0.6241000000000001,0.0,0.0004974087444958527,0.0014565410691378105,1.5113526089339265e-05,0.5899948556062543,0.0,2.2249437382762905e-05,6.523140902249828e-05,1.791819881152909e-05,0.03254422787373159,0.0
2018-08-07,gasoline,72.24956008101798,7638.575,5141021.8935,0.13474034151009923,70,32.13091731342869,-14.690287126850045,0.0,-0.0,0.0,-14.690287126850045,0.018545412690297868,livelihood_priority,8480,8126.8417238468,0.0262214584149677,0.019741175483661787,0.0001767257341584151,0.015191230245739871,0.01511792458540407,0.015497551962051187,0.0005387745784845343,0.0015385728715874222,2.3124266549487022e-05,0.1521,0.0,0.00043053567975106225,0.001237914923588994,2.3834660353802024e-05,0.1144498884587486,0.0,2.2138149504819962e-09,6.520124256777088e-09,2.0272038334429118e-05,0.0,0.0
2018-08-21,gasoline,69.1787498069334,7676.288,5141021.8935,0.13474034151009923,-50,-129.38889547571105,-144.0791826025611,0.0,-0.0,0.0,-144.0791826025611,0.020743771229760576,livelihood_priority,8430,8126.8417238468,0.009965701196704283,0.01791420487779066,0.016619037330193504,0.01540549758315465,0.015212757654497257,0.01524104655517488,0.0002968739813138028,0.0008648483251788183,2.1109452458397765e-05,0.0576,0.0,0.00014569267170854163,0.00043061844983174137,2.2917689274574606e-05,0.10435459969375499,0.0,7.0228751534917756e-06,2.0791783549044927e-05,2.2647637890012887e-05,0.0,1.3640526128157957e-05
2018-09-04,gasoline,72.78311549184721,7762.94,5493699.1855,0.13474034151009923,180,212.3774963561236,68.2983137535625,1.0,68.2983137535625,68.2983137535625,0.0,0.006409197824936673,livelihood_priority,8610,8195.140037600362,0.03639734272080385,0.08017529397023272,0.0032584868049137256,0.01502237891885711,0.014814333834638035,0.015066354215268602,0.0005222537040146979,0.0014730975056689382,2.477671162743812e-05,0.2116,0.0,0.0006217782827370106,0.001743792866219848,2.6891133578579872e-05,0.4672170663430046,0.0,1.790511031951489e-05,5.272823970394043e-05,2.4340860729197894e-05,0.018658638646320252,0.00014965968106799742
2018-09-18,gasoline,74.11763302719488,7799.846,5493699.1855,0.13474034151009923,145,117.6660879835556,117.6660879835556,1.0,117.6660879835556,117.6660879835556,0.0,0.003273061475726453,livelihood_priority,8755,8312.806125583918,0.0011400237654741676,0.006407985189893245,0.0016733428109258573,0.015516739930873862,0.015588870993280067,0.015164550150980217,0.0008562409495485104,0.0024106249321640843,2.0099620847420906e-05,0.004900000000000001,0.0,0.0007580598959742171,0.002144424088412476,1.9458059113925986e-05,0.03588100350366138,0.0,1.0047427442908575e-06,2.9145874672798194e-06,2.338157524238545e-05,0.009748708529694285,0.0
2018-10-01,gasoline,76.98512082710351,7903.82,5958000.7655,0.13474034151009923,240,172.00315055662983,172.00315055662983,0.75,129.00236291747237,129.00236291747237,43.000787639157465,0.03807829620962292,livelihood_priority,8995,8441.80848850139,0.006650689933468438,0.002394709889017301,0.0015731310550974676,0.015582064652514105,0.015436534860232332,0.015420128101425684,0.001358836460545903,0.0037588690696857448,1.951815273456532e-05,0.0361,0.0,0.0010659407717528663,0.002982977905371037,2.082521408187475e-05,0.011810065476280739,0.0,4.8047582817321515e-06,1.3905860944995144e-05,2.0975226607350714e-05,0.0005140445175093986,0.0
2018-10-20,gasoline,77.91850696573522,7951.442,5958000.7655,0.13474034151009923,165,93.2528611835263,136.25364882268377,0.0,0.0,0.0,136.25364882268377,0.08101449047482379,livelihood_priority,9160,8441.80848850139,0.004498298496397276,0.004772451213290194,0.0262478629395737,0.016021169301097034,0.015756285420048113,0.015564841886881066,0.0018661834249700088,0.005175168829780135,1.5831093730532665e-05,0.0225,0.0,0.0015093754190337837,0.0042361539342781205,1.8009113436096226e-05,0.024806432305390164,0.0,1.2387077871112913e-06,3.656325191276553e-06,1.9670627488364704e-05,0.06656643855316499,0.0
2018-11-03,gasoline,72.54628464866491,7970.945,5723211.4684999995,0.13474034151009923,-375,-306.89986142267765,-170.64621259999387,1.0,-170.64621259999387,-170.64621259999387,0.0,0.09247348536232977,livelihood_priority,8785,8271.162275901397,0.19973471612878146,0.10979758925725772,0.021449734423429116,0.01543648803815002,0.015293645643601117,0.015137974140726781,0.00035400874612960586,0.0010669499839490748,2.0825641425947863e-05,1.1664,0.0,0.0005276462358610132,0.0015716183311311252,2.2149771327994752e-05,0.6404888056366304,0.0,0.0001819930903277914,0.0005618385206780724,2.3639295456241485e-05,0.11648051949888924,0.0039911929485558165
2018-11-17,gasoline,64.89815719013242,7963.598,5723211.4684999995,0.13474034151009923,-510,-425.9952697573099,-425.9952697573099,0.75,-319.49645231798246,-319.49645231798246,-106.49881743932747,0.1174031637649009,livelihood_priority,8275,7951.665823583415,0.0138070731162575,0.010046145473466507,0.035137325906174056,0.013370158230390252,0.013639647398927196,0.01406160966578517,0.0001560450201879725,0.0005003425613712904,4.395480189006212e-05,0.0729,0.0034934169425555345,5.133982600666032e-05,0.0001612115928802919,4.045408520997358e-05,0.056734865145571196,0.0008566870383453763,0.0011535830359409504,0.0037823223568562003,3.5264479761496135e-05,0.08862557545641066,0.028878575783134224
2018-12-01,gasoline,57.47630975735433,7712.42,3566871.4790000003,0.13474034151009923,-540,-440.81427464748793,-547.3130920868155,0.75,-410.4848190651116,-410.4848190651116,-136.82827302170386,0.14204574852137045,livelihood_priority,7735,7541.181004518303,0.010433608128120378,0.006051906963001418,0.0380978462628593,0.01184760007321521,0.012191631187554189,0.012457903748611951,0.0009708110724731864,0.0032582179057491435,6.646162456624066e-05,0.0036,0.02605793821887895,0.0006046578075099195,0.0019764364638183885,6.097062351117641e-05,0.0008784116237404788,0.015637420588861868,0.002012222651603954,0.006840478522869027,5.688321586520166e-05,0.0331155315332403,0.04605408936342138
2018-12-15,gasoline,56.98627403563451,7564.652,3566871.4790000003,0.13474034151009923,-125,-102.93004666218256,-239.75831968388644,1.0,-239.75831968388644,-239.75831968388644,0.0,0.14716985045796957,livelihood_priority,7610,7301.422684834416,0.12669827355376506,0.08603222494743373,0.04678253698576086,0.010542395786881438,0.010873004868749188,0.010762381508818213,0.0009188768092061545,0.0029204295389737207,8.944627745199798e-05,0.6889,0.02333255878904198,0.0008286851946718364,0.002618009872097397,8.330204012587605e-05,0.4566630060849033,0.02087967818350348,0.002732235636136402,0.009225945252711596,8.533359538862369e-05,0.11659015036386991,0.07117977479586823
2018-12-29,gasoline,51.25025677943197,7466.139999999999,3566871.4790000003,0.13474034151009923,-370,-352.1609207702925,-352.1609207702925,0.5,-176.08046038514624,-176.08046038514624,-176.08046038514624,0.12906969008988442,livelihood_priority,7240,7125.342224449269,0.0640936217629512,0.06371377814076218,0.06574450854761414,0.009917586519214667,0.010010051958450394,0.009719754787542272,0.0024344279659573144,0.008323789940783234,0.00010165506159752183,0.24009999999999998,0.06090927957008818,0.0023128383175997826,0.007867712956359447,9.979906187286081e-05,0.2484641144347701,0.05604320291951778,0.0034285396876561963,0.011627086651945366,0.00010568344162826006,0.016219479059480617,0.10172379954476772
2019-01-15,gasoline,53.62385738254757,7323.6849999999995,5216883.113666668,0.13275198293056265,105,44.81157768235306,-131.26888270279318,0.5,-65.63444135139659,-65.63444135139659,-65.63444135139659,0.07353716288717743,livelihood_priority,7345,7059.707783097873,0.16429796113461922,0.11918270372909079,0.03979648196131456,0.008615523735448345,0.008606835670030264,0.009047124609838413,0.0010542646431599583,0.0032601845580156373,0.00012960629981814003,0.9025,0.02607376106901811,0.0013570702696346735,0.004268822811281606,0.00012980419344969476,0.6303486581109427,0.02978608484510008,0.002870527817661087,0.009485218866313653,0.00011996547931240736,0.04879329248161356,0.07427174522133707
2019-01-29,gasoline,57.5914267742096,7238.2119999999995,5216883.113666668,0.13275198293056265,245,141.962482125215,76.3280407738184,0.75,57.2460305803638,57.2460305803638,19.0820101934546,0.043156123373999516,livelihood_priority,7590,7116.953813678237,0.013836906513477612,0.008473576810022558,0.02532760227007707,0.009747959578906968,0.009419036917656559,0.00893179803113178,6.43824283610253e-05,0.00018635307437669187,0.0001051043327957254,0.07840000000000001,0.0010394054232007975,0.00024078128901166648,0.0007169281359786269,0.00011195677974991482,0.037753192936264356,0.0052566973046099825,0.0018669151777243704,0.005934843209245677,0.00012250509482365833,0.060398441528688604,0.03862262541548209
2019-02-15,gasoline,58.91424279892484,7157.985,11492102.228666667,0.13275198293056265,50,74.01842618112357,93.10043637457818,1.0,93.10043637457818,93.10043637457818,0.0,0.022070457040327885,livelihood_priority,7640,7210.0542500528145,0.026050345392625244,0.003186296729273259,0.009287412225309604,0.009899777543262265,0.009566615402907526,0.009306775817165758,3.2709124119062915e-06,9.554086802034214e-06,0.00010201449367558925,0.1521,0.0,1.2496707370668537e-05,3.632674466402909e-05,0.0001088555141508465,0.018465578952535297,0.0,0.0009037184103247292,0.0027855430761458072,0.00011434504342435105,0.005142153659424775,0.022240004979821267
2019-03-01,gasoline,62.15537233921507,7245.852999999999,5229608.432999999,0.13275198293056265,270,172.00853260044428,172.00853260044428,0.75,129.00639945033322,129.00639945033322,43.002133150111064,0.016022648762726178,livelihood_priority,7910,7339.060649503148,0.03322240369049543,0.006612765413297714,0.009086690049061884,0.009808792819836081,0.009783806166237103,0.00983087630453383,0.00020464104763971775,0.000574223369560532,0.00010386070378902462,0.1936,0.0,5.4391208853620516e-05,0.00015556243950936397,0.00010437061644901505,0.038408243824279195,0.0,0.0007336316806415719,0.0022372696435621524,0.00010341107673369156,0.005156952737589937,0.017774732583942927
2019-03-29,gasoline,64.18432514642905,7297.644,5229608.432999999,0.13275198293056265,80,87.27408260169162,130.27621575180268,1.0,130.27621575180268,130.27621575180268,0.0,0.01048796884861696,livelihood_priority,7990,7469.336865254951,0.024814440271646095,0.005025003722218743,0.0040379930934377715,0.010835615590162157,0.01051468559257864,0.010451845298643575,0.00024737856418990484,0.0007103726017973016,8.398594161127891e-05,0.1444,0.0,0.0002634066118365721,0.0007553465896148322,8.997118940763523e-05,0.028719708066364463,0.0,0.0004542547138198231,0.0013700095548808506,9.116725820103482e-05,6.449733757910328e-06,0.010642142282730783
2019-04-13,gasoline,67.7074125661637,7388.83,5203551.0595,0.13275198293056265,-50,168.19382500329834,168.19382500329834,0.75,126.14536875247376,126.14536875247376,42.048456250824586,0.01727645576480897,livelihood_priority,7940,7595.482234007424,0.011596540053799958,0.004643691695359316,0.004544333620992865,0.010645214919551298,0.01089454864578111,0.011032206940488697,3.0080315309388354e-05,8.867756441573787e-05,8.751200390138564e-05,0.06760000000000001,0.0,0.0004161196337257659,0.0011768780719506413,8.290924436404663e-05,0.026192018841369555,0.0,0.0003579128369743865,0.0010753640208549348,8.04213123582191e-05,6.82555877274591e-05,0.0082082925475625
2019-04-27,gasoline,69.11899911641486,7419.106,5203551.0595,0.13275198293056265,195,57.45213562653202,99.50059187735661,0.75,74.62544390801746,74.62544390801746,24.875147969339153,0.019666583532480464,livelihood_priority,8135,7670.107677915442,0.04120061345804575,0.008427290948909155,0.004399791572494212,0.011033116157862838,0.011589377980265528,0.011504174765333762,0.0002771737158195504,0.0007840963766556164,8.040500583838052e-05,0.24009999999999998,0.0,5.224049674601145e-05,0.00015169120796216154,7.073856275884237e-05,0.04905488706408079,0.0,0.00024738845520815,0.000743944086825213,7.217904641799164e-05,0.010617210623913702,0.00547819936151186
2019-05-14,gasoline,67.89285334783487,7523.12,5434433.2469999995,0.13275198293056265,-75,-25.859273361364075,-0.9841253920249216,0.0,-0.0,0.0,-0.9841253920249216,0.07373382617693669,livelihood_priority,8060,7670.107677915442,0.04991922289144185,0.004783371537073472,0.008767520202802769,0.01199248218160581,0.011598696060272518,0.011691297906584472,1.4754844996893194e-05,4.3697676852883933e-05,6.412034161190045e-05,0.2916,0.0,5.128320619894852e-05,0.0001504715854735131,7.058190788768052e-05,0.02776316347019398,0.0,0.0005410151461599522,0.0016676030206578157,6.903453047712757e-05,0.022275827513874635,0.013097304996084434
2019-05-28,gasoline,68.00149017161712,7573.418,5434433.2469999995,0.13275198293056265,50,56.94525428735654,55.96112889533162,0.0,0.0,0.0,55.96112889533162,0.10388020397697549,livelihood_priority,8110,7670.107677915442,0.010714895350704298,0.004713510708642046,0.009248100013945491,0.011432903622124286,0.011594755634445472,0.011617764850614923,1.3021450330707047e-05,3.798267538971739e-05,7.33951403478112e-05,0.0625,0.0,1.6638615459517628e-05,4.84700721383203e-05,7.064813284468614e-05,0.027426359196510944,0.0,0.0007235347165564148,0.0022461875220492478,7.026186609958667e-05,0.0,0.01784766524916178
2019-06-12,gasoline,60.803864299344106,7612.645,5105936.3975,0.13275198293056265,-465,-401.1308578789897,-345.16972898365805,0.5,-172.58486449182902,-172.58486449182902,-172.58486449182902,0.1234995621773833,livelihood_priority,7645,7497.522813423613,0.19092299337166502,0.1504062300882717,0.05820821320331876,0.011232620362162903,0.011319803575212494,0.011361734365798659,0.0009358383826162827,0.0031100499824410705,7.686694571396056e-05,1.0609,0.024864352508118494,0.0006912517723779388,0.0022579352056242945,7.534580997289381e-05,0.8393348981497399,0.01794372601030892,0.001735078809597714,0.0056783302700225005,7.461963316702391e-05,0.11914214180665195,0.036804145013078875
2019-06-26,gasoline,60.31181874518448,7616.062,5105936.3975,0.13275198293056265,-120,-101.5675800752677,-274.1524445670967,0.5,-137.07622228354836,-137.07622228354836,-137.07622228354836,0.09071515843390755,livelihood_priority,7525,7360.446591140065,0.09433410013818457,0.07358816571159411,0.041636943780380076,0.009705625856373619,0.009927282271598122,0.010576536995698582,0.0016050804800557615,0.005198592048105427,0.0001059741390089634,0.4760999999999999,0.033803587186478835,0.0015044809702467565,0.00484808446393953,0.00010145964243606151,0.3589526296340397,0.031982981900206625,0.0026982573831961978,0.008973440821198837,8.880165499343752e-05,0.0050434546859027644,0.06822585887175861
2019-07-10,gasoline,62.23218388585334,7508.369999999999,9872437.775,0.13275198293056265,150,48.91147160222594,-88.16475068132243,1.0,-88.16475068132243,-88.16475068132243,0.0,0.08458664403337762,livelihood_priority,7675,7272.281840458742,0.05423732777689056,0.023446636086508394,0.0255921656988608,0.01031934042300065,0.010270031500102904,0.00998925494722502,0.00048646622474055794,0.0014660667279228323,9.371516984574925e-05,0.2916,0.011435216265684552,0.000851109967566716,0.002636454538086188,9.467228700898975e-05,0.09057577997503118,0.021029624118932375,0.0025934443516210715,0.008549611686956867,0.00010021501651165874,0.009569328217181414,0.0634039061863313
2019-08-07,gasoline,59.78548531751208,7413.043,5236898.556750001,0.13275198293056265,-80,-132.88519684719734,-132.88519684719734,0.5,-66.44259842359867,-66.44259842359867,-66.44259842359867,0.08730072631798746,livelihood_priority,7595,7205.839242035144,0.040024546719566255,0.02811358813324283,0.025108355159343204,0.010421949248827314,0.010020883756154097,0.009615190215224598,0.00041925368367971204,0.0012990638231122017,9.173905619203965e-05,0.2116,0.010056160850579034,0.0005850607541147254,0.0018392539126009034,9.958276100818917e-05,0.13220011463723813,0.014510278970739775,0.002405738676876686,0.007877446343670678,0.00010784427426596695,0.0018874075948309345,0.056144517293522975
2019-08-21,gasoline,56.781321350083445,7351.448,5236898.556750001,0.13275198293056265,-210,-147.65089853976062,-214.09349696335929,0.25,-53.52337424083982,-53.52337424083982,-160.57012272251947,0.08097314096633294,livelihood_priority,7385,7152.315867794304,0.02085069071011927,0.0068201150973953035,0.04137553489914789,0.009145867058923573,0.009037240820315484,0.009346023971152747,0.0009548912323636164,0.003075449637460703,0.00011781220190256042,0.06760000000000001,0.02458520181430501,0.0007015800041194638,0.0022205570445819386,0.00012018208883175713,0.0008721037858950649,0.017638026760787996,0.0023628045217135834,0.007716151965267969,0.0001135072052232519,0.0006676254139375239,0.05448058738733061
2019-09-04,gasoline,57.816294465619606,7315.914999999999,5164827.531500001,0.13275198293056265,115,92.42867299716372,-68.14144972535576,0.0,-0.0,0.0,-68.14144972535576,0.07866770178106175,livelihood_priority,7500,7152.315867794304,0.07599415833167023,0.043821516349135683,0.023257913287129586,0.008805745698774861,0.008990750870649775,0.009194973682250304,0.00041663035151197597,0.0012570806617777683,0.00012531132936049753,0.42250000000000004,0.009709341625915292,0.00048566300703894544,0.0014745475346288424,0.0001212035663920987,0.23055280267741265,0.011505213389476004,0.0021299258613240116,0.006868031722400282,0.00011674859372726358,0.011459006360499981,0.04630220368577889
2019-09-19,gasoline,61.16112727142305,7301.638,5164827.531500001,0.13275198293056265,125,180.36717840663857,112.22572868128282,0.0,0.0,0.0,112.22572868128282,0.08095266990054673,livelihood_priority,7625,7152.315867794304,0.0008423898931021803,0.005520050006391369,0.026583648876759913,0.009778108561244645,0.009760856250144567,0.009241442682185535,0.0001047295801702891,0.0003094738497221172,0.00010448706458570003,0.0004,0.001975381224225399,3.924566675911727e-05,0.00011424750506944115,0.0001048400647302036,0.030932722934608956,0.0005288960767325215,0.002032828999678413,0.0065411622643336345,0.0001157465555606992,0.0,0.04343780017805179
2019-10-22,gasoline,57.12562169048032,7329.84,10836076.226,0.13275198293056265,-150,-235.3656320066696,-123.1399033253868,0.0,-0.0,0.0,-123.1399033253868,0.07922713176600196,livelihood_priority,7475,7152.315867794304,0.05666232147966763,0.12642660020527094,0.030846072771802867,0.009549940354105843,0.009646471818651685,0.009285677847479532,0.0005238976462698404,0.0016467852592252895,0.00010920374660274552,0.30250000000000005,0.012925760608656951,0.0008370376591027515,0.0026944763352700217,0.00010719554580197376,0.6913350786165905,0.021501022856885245,0.0022266106150020896,0.00719451902780301,0.00011479669918799085,0.0,0.049330231741660416
2019-11-05,gasoline,58.82863583797074,7367.397000000001,5029172.0385,0.13275198293056265,105,62.424369412822166,-60.71553391256463,0.0,-0.0,0.0,-60.71553391256463,0.0749953088071478,livelihood_priority,7580,7152.315867794304,0.047467748018277536,0.06484491195689046,0.02513522460164515,0.008940032274139094,0.008606175554537573,0.009327786561919581,0.00033916236215354484,0.00102093738572205,0.00012232288609708488,0.2601,0.007758954648838183,0.00046032622713508396,0.0014019217388895001,0.0001298192354940172,0.3547155397816836,0.010905665680624912,0.002497040170232245,0.008112881801510855,0.00011389613966794428,0.0,0.05862940059121489
2019-11-19,gasoline,60.38635653789781,7391.4400000000005,5029172.0385,0.13275198293056265,70,57.33953546583127,-3.3759984467333624,0.0,-0.0,0.0,-3.3759984467333624,0.07006538527012235,livelihood_priority,7650,7152.315867794304,0.002755482423439193,0.0022023468379869043,0.024727758105567318,0.009804023181709283,0.009644321142674685,0.00936787104719298,0.00022842704223688002,0.0006865084984407741,0.00010395794327912169,0.004900000000000001,0.005007600864665515,0.00025632754928337685,0.0007730059757668515,0.00010724008459605454,0.00010342214507388413,0.005716734387361431,0.0026774799547570195,0.008729745235468284,0.0001130421660691173,0.0,0.06543167239384932
2019-12-03,gasoline,61.6447790105661,7450.41,5261351.740999999,0.13275198293056265,55,87.89816178529668,84.52216333856332,1.0,84.52216333856332,84.52216333856332,0.0,0.17071118958989792,livelihood_priority,7705,7236.838031132867,0.002195365931542662,0.002051965065957331,0.026683549835533824,0.009702014499494765,0.009694786869943765,0.00950373230111863,0.00024111617911616815,0.0007267240374601884,0.00010604850536861607,0.0009,0.005336984778705847,0.000174717063831693,0.0005219734133178666,0.00010619741765588343,0.0037353185701308965,0.0036681697487546865,0.002496706062260774,0.008012358684473472,0.00011017163560658044,0.028575984381723107,0.057560484723509935
2019-12-31,gasoline,65.79524728050137,7482.209999999999,5261351.740999999,0.13275198293056265,235,227.7799153800312,227.7799153800312,0.25,56.9449788450078,56.9449788450078,170.83493653502342,0.2523330038836289,livelihood_priority,7940,7293.783009977875,0.022199179636268013,0.013414910421570498,0.04320800340376807,0.009971678150309972,0.010074083242726621,0.00990311273859015,1.9169524535888275e-06,5.493533046970144e-06,0.00010056723912097042,0.1296,0.0,3.5698735120970284e-06,1.0249670570865325e-05,9.852382347232048e-05,0.07826761995495211,0.0,0.002295629840932386,0.007367461428217515,0.00010194713236962052,0.0030420044183663945,0.05099701008083975
2020-02-05,gasoline,56.51253007511973,7460.110000000001,4446113.120499999,0.13022159358793023,-420,-546.1838171183399,-375.3488805833165,0.5,-187.67444029165824,-187.67444029165824,-187.67444029165824,0.2805374783673962,livelihood_priority,7520,7106.1085696862165,0.30182696642862406,0.42201772499180124,0.10948070764675463,0.01025943469714908,0.010104039955477111,0.009904358933935967,0.0008219229896250932,0.0027077353316687495,9.487861241910326e-05,1.7161000000000002,0.021608683863376117,0.0013939625196170112,0.004756325222163438,9.793002520279347e-05,2.396079436891241,0.031563908322930816,0.003542950773160855,0.012059662830079143,0.00010192196853479853,0.2393546408750396,0.10761114105342634
2020-02-19,gasoline,53.91955130446159,7434.13,4446113.120499999,0.13022159358793023,-415,-203.5411198372661,-391.2155601289244,0.5,-195.6077800644622,-195.6077800644622,-195.6077800644622,0.18820222257336433,livelihood_priority,7105,6910.500789621754,0.03656617886071224,0.09465763798032188,0.10603280610791471,0.008105543695963266,0.007930960449007065,0.009030065445229147,0.003232368808340595,0.01130473251880286,0.00014147809076863922,0.0001,0.09740293263615156,0.0017591633733837317,0.005788633530548103,0.00014566171568343176,0.4696160720001982,0.03756894840517165,0.005264763567052198,0.01843430100789857,0.0001203394641359556,0.0002517515198030119,0.20244227718447508
2020-03-18,gasoline,36.82233377727081,7168.754999999999,7667176.181,0.13022159358793023,-1015,-89.82294244593515,-285.43072251039735,0.5,-142.71536125519867,-142.71536125519867,-142.71536125519867,0.08659156223562636,livelihood_priority,6090,6767.785428366556,0.5494792497964539,0.02589342011542142,0.06991318277268341,0.006489794851573121,0.00828664353188647,0.00820863661585753,0.012833105962064259,0.05623323017423373,0.00018252564315258016,1.44,0.8213491625062376,0.002055612587550317,0.006706339034308604,0.00013720271974909708,0.051727295476824864,0.04486342898847247,0.004158944697104967,0.014219797263390404,0.00013903625045689577,0.011190431869978134,0.1382972976768191
2020-06-29,gasoline,40.36722861556009,6438.177,9971345.506000001,0.13022159358793023,120,145.34868109642406,2.6333198412253864,0.0,0.0,0.0,2.6333198412253864,0.017342357319675317,livelihood_priority,6210,6767.785428366556,0.9092886923831481,0.0618905391516296,0.014217510774906158,0.004806231589792223,0.00817602198239731,0.007773532854340917,0.002917051926384041,0.009359300586011332,0.00023085059850302776,5.1529,0.07276286140940083,0.002691112453308849,0.008561576120536204,0.00013980645616075166,0.2212227700781965,0.06353756737293945,4.278464581830773e-05,0.00012763230922225048,0.00014948649886388098,0.08147069735280746,0.0006200938591977793
2020-07-11,gasoline,41.77423652824659,6161.043,10703417.385,0.13022159358793023,100,75.52626927038409,78.15958911160948,0.75,58.61969183370711,58.61969183370711,19.53989727790237,0.008862386217386472,livelihood_priority,6310,6826.405120200263,0.004177122429274664,0.008144386631170186,0.0028584120195074094,0.00852618586792477,0.0086002184946162,0.007959944352829321,0.00043874803559737675,0.0013244870152777353,0.00013164841073740925,0.0016,0.010266162491907205,0.0005309096796534967,0.001615658213509972,0.00012995501837049055,0.019500676772820507,0.012669198677428349,0.0004912806060776862,0.0014039176129301244,0.00014496293998696657,0.013745073082715149,0.0
2020-08-22,gasoline,43.85823497882871,6141.2609999999995,10684992.898999998,0.13022159358793023,85,44.27440074524165,63.81429802314402,0.0,0.0,0.0,63.81429802314402,0.00865529749797208,livelihood_priority,6395,6826.405120200263,0.001241415275927226,0.002636196934616581,0.005835916035715137,0.008589625424962305,0.008435317428900848,0.008287644152666241,0.00013889958079188044,0.0004129951876985567,0.00013019664794266668,0.0009,0.0027924106367513265,0.00023267821255139402,0.000701039362533172,0.0001337418829702845,0.0039067171452511545,0.005126545621169782,0.0005662754234332648,0.0016294747906131907,0.00013717927949457331,0.013745073082715149,0.0
2020-09-19,gasoline,39.64007599342116,6308.501,10790824.909999998,0.13022159358793023,-315,-81.0969677119297,-17.282669688785674,0.0,-0.0,0.0,-17.282669688785674,0.003893029898179708,livelihood_priority,6080,6826.405120200263,0.137666351779576,0.021327035916649553,0.00029651862023972217,0.008315527053143748,0.008452608622769756,0.008377729846247205,0.00276473483004604,0.009522325046555797,0.00013652690804581564,0.6400000000000001,0.07471894504956017,0.0010984562184892148,0.0034980627331582205,0.0001333422476189314,0.06287192011529527,0.027983808565015696,8.626462261288035e-05,0.0002517860625426118,0.00013507716352681304,0.0,0.0
2020-10-23,gasoline,41.00596192843084,6302.937,9994825.7,0.13022159358793023,80,-59.97616409702915,-77.25883378581483,0.75,-57.94412533936112,-57.94412533936112,-19.314708446453707,0.0037294660836608797,livelihood_priority,6160,6768.460994860901,0.12458524952172062,0.037597468531898375,0.0026330624889858547,0.0073105766648287485,0.00805710371012319,0.008393306433466172,0.0021744389948977834,0.00692291534114627,0.0001610214645791887,0.6241000000000001,0.046799955749193614,0.003427976758097502,0.011448006234013998,0.00014263277179075328,0.0017843533813567836,0.09931612251639671,2.607150713017809e-05,7.706050673749326e-05,0.00013471533554741775,0.013430086645374366,0.0
2020-11-06,gasoline,38.34252841915856,6238.393,5241168.8005,0.13022159358793023,-160,-90.85912886722424,-110.17383731367795,0.5,-55.086918656838975,-55.086918656838975,-55.086918656838975,0.022557305251040917,livelihood_priority,6000,6713.3740762040625,0.06951249863205075,0.021320363842640303,0.0024751534686084354,0.008600597746102633,0.00810369145717478,0.008193602523318123,0.0029520147266247866,0.00994650506802778,0.0001299463717461604,0.2304,0.07991043546361078,0.0023477028764867258,0.007724182617481029,0.0001415221569460963,0.0038150300519884453,0.05456266956604909,3.916634092282694e-05,0.00011559408042460203,0.0001393910213774002,3.265452010659685e-05,0.0
2020-11-20,gasoline,41.39589389256359,6189.062,5241168.8005,0.13022159358793023,150,-48.39148331653406,-103.47840197337302,0.0,-0.0,0.0,-103.47840197337302,0.025894516424216727,livelihood_priority,6150,6713.3740762040625,0.07726626293090263,0.031486498212391675,0.010711584010095879,0.007829593470036424,0.007843718763000766,0.008079739340075776,0.0014241937888615753,0.0044025274861259804,0.00014811879510458006,0.3844,0.030194207225189135,0.0030157418413559196,0.009979483063606027,0.00014777517351301963,0.007214003674476224,0.08031995409022855,0.00011238243600676834,0.00032759684770856294,0.0001420926142005371,0.012138274428420777,0.0
2020-12-04,gasoline,45.8284697044521,6226.085,5130828.1115,0.13022159358793023,250,266.670492495811,163.19209052243798,0.75,122.39406789182848,122.39406789182848,40.798022630609495,0.01750208220484961,livelihood_priority,6400,6835.768144095891,0.009979403853550312,0.07058980462487824,0.011717687705081085,0.009156266497764505,0.008331730995285488,0.008330551715114331,0.00036700135888193626,0.0010775319146728518,0.0001175865562675045,0.04000000000000001,0.00822619424248318,0.0003143517687700964,0.0009179919830213475,0.0001361485015663814,0.39705619441111484,0.006909796853634342,0.0002995465603101561,0.0008520644979728567,0.0001361760232736211,0.05992123142043808,0.0
2020-12-18,gasoline,48.69680983086777,6256.951999999999,5130828.1115,0.13022159358793023,155,177.70307772620797,218.50110035681746,0.75,163.8758252676131,163.8758252676131,54.625275089204365,0.007206092598616605,livelihood_priority,6555,6999.643969363505,0.0066679900804597686,0.005675764625618199,0.0038521433393808686,0.009660044974253282,0.00975880525813993,0.00908376561337866,7.223510346190887e-05,0.00021115570250203176,0.00010691466993446482,0.0361,0.001223206146675799,4.350329518135802e-05,0.00012626148204365197,0.00010488206974070235,0.03166080356314633,0.0006106601866094275,0.0007589553918051717,0.002125601811775145,0.00011916417318365421,0.006882944779933844,0.0
2021-01-01,gasoline,49.85432428184906,6420.26,3347901.540333334,0.13095435684647302,90,56.53186546586574,111.1571405550701,1.0,111.1571405550701,111.1571405550701,0.0,0.004779081621068863,livelihood_priority,6645,7110.801109918575,0.004805392088263454,0.012830273168136806,0.002092142885438646,0.009869445237341824,0.009918095663940989,0.00988093696676207,0.00022906101241934875,0.000685344335229452,0.00010262813979921625,0.016900000000000002,0.0049980750296322075,0.0003192887707529204,0.0009653425634966234,0.0001016447950414455,0.05872985072256365,0.007300225292717539,0.00048530314522684213,0.0013772691516129327,0.00010239543667064243,0.011117038871282056,0.0
2021-01-16,gasoline,53.26909011347213,6505.897999999999,3347901.540333334,0.13095435684647302,185,151.27707930079168,151.27707930079168,0.5,75.63853965039584,75.63853965039584,75.63853965039584,0.030271839890332282,livelihood_priority,6830,7186.439649568971,0.006515683488570464,0.00688402899593296,0.005606305641028963,0.01047629379129014,0.010303555053597998,0.010389142674282278,5.41681339220587e-05,0.0001574345205138784,9.070097994981873e-05,0.0361,0.0008296060297405955,0.00010161855543133,0.00029838423986758625,9.402104459860492e-05,0.03590662217850337,0.0018891071026164007,0.000421447787196408,0.0012039530158930627,9.236857853530202e-05,0.005046284040902108,0.0
2021-01-30,gasoline,54.2745690912804,6562.99,3347901.540333334,0.13095435684647302,75,33.84687382384159,109.48541347423743,1.0,109.48541347423743,109.48541347423743,0.0,0.02579544884638398,livelihood_priority,6905,7295.925063043208,0.008491804499249763,0.010067918691840408,0.0010024367987553524,0.01118211122263793,0.011002303858388964,0.010776629055715258,3.7179488343696994e-05,0.00010960467627012015,7.775516248992794e-05,0.0484,0.0004977746379342765,8.758129083153088e-05,0.0002614007488956824,8.095853585676214e-05,0.05515941263343487,0.0016037198984770332,0.0005775396012695693,0.0016368611103428975,8.507057157587602e-05,0.004582443470588213,0.0
2021-02-19,gasoline,60.96463300505847,6662.870000000001,10538256.978,0.13095435684647302,275,360.4277061922937,360.4277061922937,0.75,270.3207796442203,270.3207796442203,90.10692654807343,0.02652451245253102,livelihood_priority,7180,7566.245842687428,0.02741345529522129,0.07308780357652103,0.024659669082177295,0.011357609319234694,0.01130556104308236,0.011443628494346483,5.1389958589127325e-05,0.0001445688057200025,7.469091667897903e-05,0.16000000000000003,0.0,0.00019039812667034776,0.0005260108118170112,7.559326877556712e-05,0.42662016028188415,0.0,0.0012858082467195207,0.0035278275739437726,7.321149334275944e-05,0.10347206004412988,0.0
2021-03-04,gasoline,63.49776121057933,6863.878000000001,5430784.616,0.13095435684647302,260,165.2816717297884,255.38859827786183,1.0,255.38859827786183,255.38859827786183,0.0,0.0423695663234831,livelihood_priority,7440,7821.63444096529,0.0002022608298703891,0.026081517689486005,0.0006523702073041209,0.012701514890764761,0.012909344886385265,0.012610105262162932,0.00010802458928481275,0.0003040054718030958,5.3267884889728525e-05,0.0009,0.0,1.0690723510237632e-05,3.06824156735967e-05,5.0277389940230794e-05,0.15232789906576527,0.0,0.00141950871590049,0.003899959443679262,5.4610544236311996e-05,0.0008918801614312917,0.0
2021-03-18,gasoline,67.01854661579151,6988.478,5430784.616,0.13095435684647302,235,225.134381264712,225.134381264712,0.5,112.567190632356,112.567190632356,112.567190632356,0.042785534063250995,livelihood_priority,7675,7934.201631597646,0.0005430654687640182,0.0025598378073447736,0.024541717027031187,0.013681089847571496,0.01333222228596659,0.013475971367323807,0.0003089305649564052,0.0008672506994705508,3.9928625514464025e-05,0.0025000000000000005,0.0,0.00028427179944617896,0.000799598420066578,4.445925964376061e-05,0.014329387354687738,0.0,0.001249121778252888,0.003504144539553081,4.2562949599978806e-05,0.08159181792737501,0.0
2021-04-01,gasoline,62.04512012374969,7116.125,5196195.93425,0.13095435684647302,-225,-221.4627653483768,-108.89557471602079,0.0,-0.0,0.0,-108.89557471602079,0.027650834926385884,livelihood_priority,7450,7934.201631597646,0.14537376434089622,0.13701776096025772,0.018394745345364866,0.013883326480396304,0.0138531715883384,0.013685283013105171,7.46995061675324e-05,0.00023057097653258855,3.741369494542107e-05,0.8464,0.0013690907540093947,7.037515600324056e-05,0.00021701003899167267,3.778349952241028e-05,0.7977960454518109,0.001267024756459077,0.0006468258702132715,0.0018582667365003175,3.987565062457811e-05,0.05068548962744471,0.0
2021-04-29,gasoline,64.58044852548319,7158.853999999999,5196195.93425,0.13095435684647302,100,116.34857925038446,7.4530045343636715,0.0,0.0,0.0,7.4530045343636715,0.012364659855012587,livelihood_priority,7550,7934.201631597646,0.07240345885444302,0.07815653030201368,0.00022591274235967925,0.012875961794376977,0.012905909964999676,0.013515896097331085,2.2881048484171586e-05,6.711841263102355e-05,5.07519203551765e-05,0.42250000000000004,0.00023000193880911549,1.2925712153706539e-05,3.7746608276677495e-05,5.032611342469091e-05,0.45646601815849214,7.580442326938446e-05,0.0004937429700763453,0.0014229643054641324,4.204360342060626e-05,0.0,0.0
2021-05-15,gasoline,67.36618689441394,7212.645,11256094.574999996,0.13095435684647302,100,150.02609110473497,157.47909563909866,0.75,118.109321729324,118.109321729324,39.369773909774665,0.015297645998917168,livelihood_priority,7650,8052.31095332697,8.685335633126778e-06,0.0007851244433816464,0.011038558540284545,0.013807975860264691,0.013918966974221307,0.013477726339748489,2.745236791818252e-06,8.00557093425635e-06,3.8341162947064795e-05,0.0,0.0,3.768830998031016e-06,1.086382115886845e-05,3.697896266061117e-05,0.004536699218799678,0.0,0.0006930104904434762,0.001960399106853341,4.2540053699210656e-05,0.05579924751744386,0.0
2021-06-12,gasoline,70.3200309153057,7265.418,5896739.0345,0.13095435684647302,175,116.85780444999692,156.2275783597716,1.0,156.2275783597716,156.2275783597716,0.0,0.0050834756745854115,livelihood_priority,7825,8208.538531686741,0.0038742044803957475,0.0007629421146478232,0.0013754266380404552,0.013846711967499916,0.013953595039794214,0.013860022839710794,4.632824897899318e-05,0.00013252790942441076,3.7862953610908755e-05,0.0225,0.0,7.190951408648798e-06,2.0807064135580062e-05,3.6559012942801135e-05,0.004400540958443498,0.0,0.001076755669959532,0.0030134676736118804,3.7699319528873114e-05,0.005812005954178652,0.0
2021-06-29,gasoline,73.81668627930864,7298.093999999999,5896739.0345,0.13095435684647302,225,219.0240814421149,219.0240814421149,0.75,164.26806108158615,164.26806108158615,54.75602036052874,0.019427337721716294,livelihood_priority,8050,8372.806592768327,0.0018552608284307047,0.007283752593932743,0.0030312050742950613,0.014505916910326482,0.014304926080879021,0.01434464869873678,0.000397312173115452,0.0011158587529184903,3.018494899623652e-05,0.010000000000000002,0.0,0.00038101937781529377,0.0010713157922190473,3.243386694425199e-05,0.0417517926177207,0.0,0.001684134784433002,0.004672748958011444,3.19829983406996e-05,0.00025859744959919365,0.0
2021-07-13,gasoline,75.49530422422905,7403.504999999999,6539542.521,0.13095435684647302,70,95.85030750703018,150.60632786755892,0.5,75.30316393377946,75.30316393377946,75.30316393377946,0.03131379836075199,livelihood_priority,8120,8448.109756702106,0.016547727924608943,0.010508845818740961,0.010459978122665749,0.014951974798875688,0.014958962725659983,0.014730514926961672,0.0002775507906046145,0.0007974016147109908,2.5482558431186158e-05,0.0961,0.0,0.00033898660635777567,0.0009691836700559889,2.5412056801285436e-05,0.06068711434164541,0.0,0.0014402951694972997,0.004051262004668753,2.7767472934973752e-05,0.0316590116980793,0.0
2021-07-27,gasoline,72.90358332124636,7457.73,6539542.521,0.13095435684647302,-100,-126.66540069098052,-51.36223675720106,1.0,-51.36223675720106,-51.36223675720106,0.0,0.029627757532483496,livelihood_priority,8020,8396.747519944905,0.01980046981099972,0.03390404817180945,0.011315192140796938,0.01463179653909913,0.014686899387330992,0.0146909867029869,3.4463282397171374e-05,0.00010218134371055029,2.8817608397628076e-05,0.11560000000000002,0.0,1.6472485163134657e-05,4.908968270718427e-05,2.8229038120343796e-05,0.19805296157944904,0.0,0.0009342180120515219,0.002686463030507362,2.818562218786192e-05,0.06417649492882659,0.0
2021-08-24,gasoline,68.50168497549342,7535.96,12879899.287999999,0.13095435684647302,-250,-211.2887832862567,-211.2887832862567,0.5,-105.64439164312834,-105.64439164312834,-105.64439164312834,0.01916532338012832,livelihood_priority,7770,8291.103128301776,0.017940622685232745,0.006625477583468898,0.01106851649647361,0.013900083118564817,0.013855874611562742,0.014213504104701047,0.0002840029130572375,0.0008927559484470683,3.720898596041794e-05,0.09,0.00670184282877368,0.00020202186475674102,0.0006285502723975326,3.775027678883929e-05,0.02864446752746596,0.004534073961018595,0.0003296478203927309,0.0009658873465370414,3.348353474631164e-05,0.011786209356239197,0.0
2021-09-07,gasoline,70.94020696686133,7544.737999999999,6034873.745000001,0.13095435684647302,140,101.13162667316834,-4.512764969960003,0.0,-0.0,0.0,-4.512764969960003,0.07237196475624393,livelihood_priority,7910,8291.103128301776,0.10453566635846082,0.06767498556920239,0.007773239509727639,0.01336923932219912,0.013451517530143172,0.013696455063858543,6.501926509979588e-05,0.00019106858357533405,4.39669871662704e-05,0.6084,0.0010741029730868337,0.00011569378756529551,0.0003434654420811348,4.288262265802219e-05,0.3904260502368607,0.002241527549461175,0.00031129805609501665,0.000901200578807428,3.973467876195461e-05,0.044642949942586746,0.0
2021-09-19,gasoline,72.09496687218568,7551.688,6034873.745000001,0.13095435684647302,90,26.51082644378488,21.998061473824876,0.0,0.0,0.0,21.998061473824876,0.07907071233780331,livelihood_priority,8000,8291.103128301776,0.0017213923700797283,0.004071877909400021,0.0004987840109554591,0.014082122223654245,0.013887629066234744,0.013526531090820018,5.3634015527518585e-06,1.5689521000000105e-05,3.5021277375766983e-05,0.010000000000000002,3.2176764083779136e-06,4.456593189107241e-05,0.0001325340073649184,3.7361078431938356e-05,0.022273055307494218,0.0006539872206889422,0.0002940126982216897,0.0008515748279339083,4.190579971811987e-05,0.0,0.0
2021-10-10,gasoline,78.96768144260471,7617.334999999999,6062452.9565,0.13095435684647302,345,401.3145502239773,423.31261169780214,0.5,211.65630584890107,211.65630584890107,211.65630584890107,0.11880024543564326,livelihood_priority,8345,8502.759434150677,0.04460976899292472,0.09630563177696407,0.06675334955828816,0.014012762805160405,0.013865369544975992,0.01357583562291066,0.00026609965405937036,0.0007397161465859176,3.5847009227270706e-05,0.2601,0.0,0.00040342187369659597,0.001109975538442133,3.763369081970807e-05,0.561911325437995,0.0,0.0006957148371777165,0.0019477900579190183,4.1269887943863674e-05,0.17919356722241422,0.0
2021-10-23,gasoline,83.66223786031158,7660.6759999999995,6062452.9565,0.13095435684647302,300,248.6669819591909,460.323287808092,0.5,230.161643904046,230.161643904046,230.161643904046,0.10796326601670156,livelihood_priority,8645,8732.921078054724,0.001754414967660277,0.0162485460718677,0.043112468797511315,0.014813553684367724,0.014943003816412557,0.01428939758241273,0.0010527321560055108,0.0029009531798888225,2.6899225384935614e-05,0.0081,0.0,0.00084823599740914,0.0023587799236667135,2.5573210400817964e-05,0.09320512038861047,0.0,0.0014256616315297228,0.003941573229915469,3.261097997175358e-05,0.001369790146140781,0.0
2021-11-20,gasoline,81.7741352559971,7796.645,12737818.603999998,0.13095435684647302,-95,-119.49603024612348,110.66561365792252,0.0,0.0,0.0,110.66561365792252,0.06962812721729128,livelihood_priority,8550,8732.921078054724,0.10690162124621062,0.09286535105455898,0.04633666241004317,0.01492094486344838,0.014739954660611065,0.01478432750826931,0.000269679843088895,0.000790267446735745,2.5796801080131393e-05,0.6241000000000001,0.0,0.0002207813749143758,0.0006498216381076885,2.7668076972427255e-05,0.5421760142243619,0.0,0.0007777479769032414,0.0022289961197697727,2.7203239540996227e-05,0.21189752929845151,0.0
2021-12-04,gasoline,74.59425467322328,7829.855,6298273.9135,0.13095435684647302,-430,-343.4935993842226,-232.82798572630008,0.5,-116.41399286315004,-116.41399286315004,-116.41399286315004,0.03804451521841702,livelihood_priority,8120,8616.507085191573,0.07842064103389422,0.03478626193660127,0.02024246986396078,0.013864826257733831,0.013875897225908193,0.01445189490437468,0.00018479615771718885,0.0005889288903061196,3.7640356847792274e-05,0.4489000000000001,0.004211328329234662,6.379633505693711e-05,0.00019890362667448003,3.750463478763897e-05,0.20069964391910994,0.0011320199402093847,0.00033406044470110315,0.0009794356522365634,3.078147015210365e-05,0.0542088709373662,0.0
2021-12-18,gasoline,73.19518770813278,7854.064,6298273.9135,0.13095435684647302,-130,-104.7350670457769,-221.14905990892694,0.25,-55.287264977231736,-55.287264977231736,-165.86179493169521,0.08138182059346212,livelihood_priority,7990,8561.21982021434,0.06711376412564946,0.0437326772864673,0.02463490241804793,0.012825080861273597,0.013109964501280682,0.013851154216635013,0.0005885138497862688,0.0018478592498445364,5.147946464726244e-05,0.36,0.01458104100445094,0.0005100572609268699,0.0015910732003154755,4.7472589173612366e-05,0.22802254705763444,0.012466505009020813,0.0001745434065667306,0.0005107550533479102,3.7808304467605385e-05,0.014945907448156413,0.0
2022-01-01,gasoline,74.9262029070608,7841.52,4245521.644888889,0.1302062107751243,140,101.11892643151924,-64.74286850017597,0.0,-0.0,0.0,-64.74286850017597,0.07583973090610965,livelihood_priority,8130,8561.21982021434,0.05154340977576768,0.03141672107374104,0.005524198146376455,0.013408577481976955,0.013448042637676495,0.013509440470549293,0.00020201552734655108,0.0006010639288680735,4.344685081110127e-05,0.2916,0.0043100836994131135,0.0002827976025560554,0.0008498096335410457,4.292814527770518e-05,0.16950346652220272,0.006348198945048429,0.0001993562521960216,0.0005791291499194881,4.212736300534339e-05,0.012226726674650539,0.0
2022-01-18,gasoline,82.42811864871784,7841.441999999999,4245521.644888889,0.1302062107751243,345,443.3662765199027,378.62340801972675,0.75,283.96755601479504,283.96755601479504,94.65585200493172,0.0748210694138094,livelihood_priority,8475,8845.187376229136,0.02880055643178274,0.08026690728820787,0.06273061703334298,0.014148164827688643,0.014123552472731398,0.013622739828196326,7.771705844797252e-05,0.0002177426700289798,3.4243974883900295e-05,0.16809999999999997,0.0,0.00023385610993476721,0.0006437315819066698,3.4532635540741264e-05,0.4685329945700821,0.0,0.0010348622088127229,0.0028600319540795717,4.066944729887344e-05,0.32255029147606307,0.0
2022-01-30,gasoline,88.27679784336111,7841.389999999999,4245521.644888889,0.1302062107751243,310,308.0656893683331,402.7215413732648,1.0,402.7215413732648,402.7215413732648,0.0,0.017510295063924427,livelihood_priority,8785,9247.9089176024,0.0011244699657286777,0.012813826870281758,0.010742039975111143,0.014845736350485939,0.015153762396256324,0.014682395401377063,0.0008131113939545837,0.0022478500354221847,2.6566433768702014e-05,0.004900000000000001,0.0,0.0008061116771187685,0.002229248714987592,2.348601891193925e-05,0.07322499553423795,0.0,0.0031785273093222544,0.008480656732237808,2.8276918667295815e-05,0.056410036154078615,0.0
2022-02-18,gasoline,95.09613645496208,8021.5599999999995,12634411.127833333,0.1302062107751243,210,388.370281063454,388.370281063454,0.75,291.2777107975905,291.2777107975905,97.09257026586351,0.06236562509899116,livelihood_priority,8995,9539.186628399992,0.007137111675725097,0.004960707350066437,0.017293003907716778,0.015599639015771258,0.01576166080278609,0.015891705738188978,0.0008311971456112893,0.002325180193678107,1.9363176791522547e-05,0.04000000000000001,0.0,0.0015832067804843128,0.004298140880323129,1.7963519150639843e-05,0.025795309789280324,0.0,0.003646655899261467,0.009819605688940735,1.6878081741629375e-05,0.049678909493518414,0.0
2022-03-04,gasoline,101.13341693701254,8397.737,6282748.0935,0.1302062107751243,260,309.81850499199913,406.91107525786265,1.0,406.91107525786265,406.91107525786265,0.0,0.10260515121951416,livelihood_priority,9255,9946.097703657855,0.0018453262372731378,0.004400005379021807,0.010323302917695926,0.016467527892365226,0.017033392241682783,0.016775694767904057,0.0003789170048374463,0.001064521939827821,1.2478359191217666e-05,0.010000000000000002,0.0,0.0005042798208945524,0.001405135481991823,8.800761591707907e-06,0.02468152609591996,0.0,0.0034289192362332013,0.009153743018164719,1.0396144229721275e-05,0.053484299905608525,0.0
2022-03-18,gasoline,113.50585413252529,8630.65,6282748.0935,0.1302062107751243,750,703.1630148709548,703.1630148709548,0.5,351.5815074354774,351.5815074354774,351.5815074354774,0.2587825998214929,livelihood_priority,10005,10297.679211093333,0.1651293360224421,0.1066028140490614,0.10230649627524546,0.017868125490101354,0.01796814922195066,0.017842629092897643,0.0022988188763702266,0.005985546981631628,4.5448889259555945e-06,0.9603999999999999,0.0,0.0020493318362338688,0.005374213331486236,4.128417584259716e-06,0.6188796138076635,0.0,0.003875973258445333,0.010380343711311453,4.654249230811648e-06,0.01224544430164771,0.0
2022-04-01,gasoline,114.89434328685368,8986.95,3361088.0993333333,0.1302062107751243,110,61.34933358022732,412.93084101570474,0.5,206.46542050785237,206.46542050785237,206.46542050785237,0.16182378742241382,livelihood_priority,10115,10504.144631601186,0.28070372249044073,0.2822416619379569,0.04941123845870701,0.019640013249962476,0.019470182859119965,0.01854459356555428,0.000938812620519761,0.0026545671148573333,1.2959046020257935e-07,1.6384,0.0,0.000783062762215274,0.0022305292798659405,2.8070620277029506e-07,1.6476992059678226,0.0,0.0025949022015476723,0.007129727440841545,2.1182078894260093e-06,0.08423471474074411,0.0
2022-04-16,gasoline,103.45333688276853,9136.392,3361088.0993333333,0.1302062107751243,-545,-551.005172540214,-344.53975203236155,0.25,-86.13493800809039,-86.13493800809039,-258.40481402427116,0.1454352217400342,livelihood_priority,9570,10418.009693593096,0.2941552587617506,0.25721053984027775,0.11250842342431755,0.017977760697676006,0.01784829873726748,0.018587377169148274,6.818965804386084e-05,0.00021582280991735468,4.089451795863835e-06,1.7161000000000002,0.0012581262137543359,7.377212672209012e-05,0.00023379491144600643,4.629818324044716e-06,1.4999121646640377,0.001393465064441925,0.0013873371981948145,0.003971449517548668,1.9955032622435457e-06,0.3424598792146329,0.0
2022-04-29,gasoline,105.00803524072398,9236.02,3361088.0993333333,0.1302062107751243,205,99.36648701055998,-159.03832701371118,0.0,-0.0,0.0,-159.03832701371118,0.05737728784421641,livelihood_priority,9775,10418.009693593096,0.38505180928647603,0.29006366849704535,0.02566341540768096,0.016979329990714106,0.01687286374533161,0.017972298823644494,8.150784180571957e-06,2.363302594828701e-05,9.124447304999246e-06,2.25,2.1613866326317173e-05,7.774447896181961e-05,0.00023054079574304302,9.778981155261443e-06,1.6919331821873116,0.0013688627663279581,0.0010007681817736287,0.0028575848393053954,4.1115720605935046e-06,0.029676910182630294,0.0
2022-05-17,gasoline,108.36545148363524,9170.074999999999,5398316.6405,0.1302062107751243,285,301.78496063385234,142.74663362014115,1.0,142.74663362014115,142.74663362014115,0.0,0.06288793246300198,livelihood_priority,10060,10560.756327213237,0.00448136658304855,0.028158558526255196,0.014587371000459237,0.01838657187310701,0.018118037327776074,0.017710112510368643,0.00028771689330823054,0.0008100700530910028,2.60315032064942e-06,0.0256,0.0,0.00032004849430822095,0.0008988054570333737,3.5417834996442233e-06,0.163892953855934,0.0,0.0018442594421789712,0.005138578085907949,5.243584715170199e-06,0.08150640563953124,0.0
2022-05-31,gasoline,114.66074917575683,9130.508,5398316.6405,0.1302062107751243,400,356.2915632744834,356.2915632744834,1.0,356.2915632744834,356.2915632744834,0.0,0.14405876905480341,livelihood_priority,10460,10917.04789048772,0.009620599261794387,0.0025392445895591797,0.03258377283228681,0.0184227970493433,0.018430858852558876,0.017977143700340516,0.0016530373059088178,0.004502743581704318,2.4875691475601976e-06,0.0529,0.0,0.0014680980759851085,0.004024591365258895,2.46220394059285e-06,0.011883878925694594,0.0,0.004009395070774158,0.010742657968473356,4.091947609072063e-06,0.1824057479243119,0.0
2022-06-15,gasoline,123.52366202148691,9311.07,5469238.1915,0.1302062107751243,390,530.798940253133,530.798940253133,0.5,265.3994701265665,265.3994701265665,265.3994701265665,0.15274233890447908,livelihood_priority,10850,11182.447360614286,0.0009161515183515202,0.02194994359292841,0.0634660349616794,0.01892816777393578,0.018928168613150945,0.01866659510497416,0.0024747704148546184,0.006697272695533994,1.1488243208297836e-06,0.0004,0.0,0.00324740124080011,0.00861749569653448,1.1488225218347687e-06,0.12181129847987406,0.0,0.004271575213099782,0.011523922562065452,1.7779686140788753e-06,0.03304549038723841,0.0
2022-06-29,gasoline,116.30201988976656,9435.234,5469238.1915,0.1302062107751243,-320,-314.68578734433385,-49.28631721776736,0.0,-0.0,0.0,-49.28631721776736,0.10173856356045871,livelihood_priority,10530,11182.447360614286,0.34529506210310745,0.4895573988614474,0.05131016447320992,0.018968937917999758,0.019317775164175252,0.01888044925095571,0.0006533393890100094,0.0019330427256272242,1.0630890169386751e-06,2.0164,0.0,0.0006673552247536869,0.001972990540537625,4.654307266161048e-07,2.859377698402251,0.0,0.0033291688378842737,0.009263304398797828,1.2533938796856281e-06,0.2817475149738491,0.0
2022-07-13,gasoline,111.43747117484044,9537.25,5489161.390333334,0.1302062107751243,-360,-278.69525475574534,-327.9815719735127,0.75,-245.98617898013453,-245.98617898013453,-81.99539299337818,0.05166022302866698,livelihood_priority,10170,10936.461181634151,0.001097137208217734,0.0008989569326678711,0.047358299714866194,0.01742321722443739,0.017499600189212334,0.018279452962116343,1.6141956508181837e-06,4.916445016818325e-06,6.63980947243615e-06,0.0064,0.0,3.098206538559874e-05,9.321923825760881e-05,6.251999213786999e-06,0.005181273744041006,0.0,0.001594709750535517,0.004615847800174298,2.9602821095702273e-06,0.2420368009969871,0.0
2022-07-27,gasoline,106.91515195236693,9548.794,5489161.390333334,0.1302062107751243,-300,-240.3048452859468,-322.30023827932496,1.0,-322.30023827932496,-322.30023827932496,0.0,0.006745901061873618,livelihood_priority,9870,10614.160943354826,0.0045681566522000425,0.0022376116682129403,0.004182908545064488,0.016769625154002692,0.017015929724024888,0.01708211147362655,0.00024087254725152718,0.0007538501844751775,1.0435321645652132e-05,0.0144,0.005559478354524442,0.00015151135158610217,0.0004682981055858688,8.904675411958185e-06,0.005895294157035186,0.0032353048179272308,0.0005497378886466389,0.001629916497912427,8.514073452341816e-06,0.02329534258688141,0.0
2022-08-10,gasoline,101.49214704487676,9391.69,5464900.115666667,0.1302062107751243,-130,-335.8412099395813,-335.8412099395813,1.0,-335.8412099395813,-335.8412099395813,0.0,0.015323735753097005,livelihood_priority,9740,10278.319733415245,0.0213766528045584,0.01230886937563144,0.00021102971640731276,0.01588495056843091,0.01586287439130903,0.015732972594702823,0.00019157244270026657,0.0005875397722720953,1.6933631824257107e-05,0.11560000000000002,0.004200029212288652,0.000633296784584571,0.0020301346170339993,1.7115808302086638e-05,0.036508787884928874,0.016078071567861913,0.00023019901146189903,0.000689699371924944,1.8207522877557163e-05,0.0007334316540154606,0.0
2022-08-24,gasoline,97.35805634700957,9292.81,5464900.115666667,0.1302062107751243,-205,-276.2229640229892,-276.2229640229892,0.75,-207.1672230172419,-207.1672230172419,-69.05574100574728,0.020101409918143853,livelihood_priority,9535,10071.152510398002,0.007333067947045962,0.007658419699905358,0.015190172775620488,0.014953764015648933,0.01435911237144241,0.014488045883583954,0.0003828216276302651,0.0011971527425385258,2.5464497609759586e-05,0.0225,0.009214256836470178,0.0005536636432428782,0.0017585096286705584,3.1819613238014074e-05,0.014217340984685009,0.013845960392243182,0.00010037330318781533,0.00029874887464979036,3.03816381814758e-05,0.06622797964196148,0.0
2022-09-07,gasoline,94.71181033628494,9099.77,5670928.372,0.1302062107751243,190,-121.70158940169318,-190.75733040744046,1.0,-190.75733040744046,-190.75733040744046,0.0,0.032551476667540054,livelihood_priority,9725,9880.39517999056,0.1068110557408173,0.01832780578279076,0.00023566921759851607,0.013905704766937924,0.01344812685272193,0.01360719251832649,6.391623765015769e-06,1.8412703061702944e-05,3.7140434387723146e-05,0.6241000000000001,0.0,0.00023178744753511317,0.0007125180613538267,4.2927041738023435e-05,0.0955074208594196,0.005220563263251219,0.00012165510972374424,0.00036128450916181066,4.086798749774081e-05,0.0010771383018608623,0.0
2022-09-22,gasoline,89.00777637279255,9023.498,5670928.372,0.1302062107751243,-290,-292.8422731000546,-292.8422731000546,0.5,-146.4211365500273,-146.4211365500273,-146.4211365500273,0.039660460298898144,livelihood_priority,9435,9733.974043440534,0.15835219444200296,0.020718884572156145,0.018527349461617017,0.013705422507777442,0.012865664860559829,0.012833875439728878,8.682168134201013e-05,0.00026848741498254863,3.9621705805594836e-05,0.9216,0.001658101549312684,8.98466237063639e-05,0.0002780149884568073,5.0898737881850815e-05,0.11715653446697039,0.0017314509596292765,5.6855345307605586e-05,0.00016872215946899425,5.1353341213320986e-05,0.007862792343048479,0.0
2022-10-25,gasoline,90.25207977745296,8949.23,11412628.235666666,0.1302062107751243,185,144.13260244804465,-2.2885341019826626,0.0,-0.0,0.0,-2.2885341019826626,0.03261046656798331,livelihood_priority,9620,9733.974043440534,0.1544676113425642,0.13072268860531816,0.014742820676339922,0.01210370688776,0.01206040923766693,0.012325827946361013,3.293275849427887e-05,9.460696595364035e-05,6.235144491440888e-05,0.9025,0.0,1.1465256509100837e-05,3.315216058371734e-05,6.303710147332462e-05,0.7637881674411074,0.0,0.00014605893584365416,0.00042514650798039754,5.8892916708853634e-05,0.08575659691440697,0.0
2022-11-08,gasoline,92.85719227531808,8912.398,5131944.2036666665,0.1302062107751243,155,137.98403611313432,135.69550201115166,0.0,0.0,0.0,135.69550201115166,0.06261141455897501,livelihood_priority,9775,9733.974043440534,0.0007239768827515901,0.00012332758450626485,0.014814848943214463,0.01285724730872317,0.01273167528520569,0.012221792078070746,0.0002797398578161527,0.000797821201106748,5.1018916008742394e-05,0.0036,0.0,0.00024847071245920853,0.0007105323460542856,5.282854415968979e-05,0.0001512194718991705,0.0,0.00020503298172083569,0.0005955035623235539,6.0500518476763e-05,0.0,0.0
2022-11-22,gasoline,89.9855541292591,8889.362,5131944.2036666665,0.1302062107751243,-175,-224.4120743943581,-88.71657238320643,1.0,-88.71657238320643,-88.71657238320643,0.0,0.06326952630231727,livelihood_priority,9600,9645.257471057328,0.07457871654163281,0.08991995286313507,0.00544079972431733,0.012387447507467899,0.01230034748721865,0.012047404184404734,6.61132655186421e-05,0.00019669478129340535,5.795095545155672e-05,0.43560000000000004,0.0,2.8434639391618176e-05,8.526776377984473e-05,5.928464881758016e-05,0.5253237636438345,0.0,0.00011472333540178251,0.0003374441130781152,6.324378020622334e-05,0.03148252086169882,0.0
2022-12-06,gasoline,82.85068835840534,8741.564999999999,4802312.8075,0.1302062107751243,-440,-421.1996767706015,-421.1996767706015,0.75,-315.89975757795116,-315.89975757795116,-105.29991919265035,0.10714568021816728,livelihood_priority,9160,9329.357713479378,0.04853630952302116,0.026830904555886215,0.044215516332704666,0.011119244459019005,0.011005956389558817,0.011452516246356811,6.53619503657095e-05,0.00020504301530529137,7.886781897866465e-05,0.28090000000000004,0.0011776218131159008,4.894246370731544e-05,0.00015288468479245784,8.089282046651788e-05,0.15490144179596196,0.0007971276152861469,2.9697931482999e-06,9.027790231705737e-06,7.305947851879427e-05,0.20644879854091872,0.0
2022-12-20,gasoline,77.40143904041409,8658.354,4802312.8075,0.1302062107751243,-480,-379.0577942867295,-484.35771347937987,0.5,-242.17885673968993,-242.17885673968993,-242.17885673968993,0.06496249779268355,livelihood_priority,8680,9087.178856739687,0.011070757607419046,0.007568586325680849,0.05099661755607107,0.009783224210946554,0.009924496253256816,0.010336922859636827,0.0009984290717036796,0.0033069654764913163,0.00010438250752378868,0.0064,0.0264499877805887,0.0006554745016660917,0.0021196160344017557,0.00010151577575063595,0.00710375303713791,0.01681163810982451,5.348835841428074e-05,0.0001640936006774586,9.337505982060933e-05,0.02173908488161898,0.0008774203233587015
2023-01-04,gasoline,80.02398854283592,8432.48,5439128.513,0.13628899835796388,250,140.25507975422644,-101.92377698546349,1.0,-101.92377698546349,-101.92377698546349,0.0,0.033512976907996865,livelihood_priority,8930,8985.255079754224,0.36480616494395146,0.18522661054795467,0.013487587130896466,0.00922438364530101,0.009402118949857985,0.009570844949720356,6.387485409231222e-06,1.837557511514797e-05,0.00011611390782365637,2.1315999999999997,7.99301899889954e-06,8.712980577435041e-05,0.00025714825836492306,0.00011231508275295923,1.0787434445787112,0.0015711627101194228,7.765474241562771e-07,2.3111400753255812e-06,0.0001087672750627734,0.07868594958745767,0.0
2023-01-18,gasoline,78.62842100135482,8330.24,5439128.513,0.13628899835796388,-205,-135.13841020570231,-135.13841020570231,0.5,-67.56920510285116,-67.56920510285116,-67.56920510285116,0.024058860820242497,livelihood_priority,8725,8917.685874651374,0.14221767389030132,0.051993049681641465,0.004487761763120386,0.010147190132388323,0.009888017019133994,0.009249775049582023,7.103198214005278e-05,0.00021771890345727792,9.707786228730604e-05,0.8281000000000001,0.0012723407962102744,1.7057286347986893e-05,5.142675222749338e-05,0.00010225219980532377,0.30336629724923747,0.00014278508812326068,1.166657023092704e-05,3.450682086584564e-05,0.00011556733648458922,0.004720946436950311,0.0
2023-02-04,gasoline,81.87760826356454,8164.875,11700958.251000002,0.13628899835796388,210,202.5397081237589,134.97050302090776,0.0,0.0,0.0,134.97050302090776,0.024295610774691532,livelihood_priority,8935,8917.685874651374,0.11799956520073299,0.07815610471851193,0.017794902272792266,0.008904591555077647,0.009097909996883364,0.009100989132208399,0.00024213301564786805,0.0006860178153542548,0.00012310808855965427,0.6889,0.0,0.00022792865456211628,0.0006465993960744518,0.0001188555664360557,0.4561060463941024,0.0,0.00020528346170632512,0.000596225955972965,0.00011878843789623944,0.018262389912924663,0.0
2023-03-18,gasoline,77.07737262331753,8102.4169999999995,12568781.188000001,0.13628899835796388,-100,-190.57361940055424,-55.60311637964648,0.0,-0.0,0.0,-55.60311637964648,0.09681248869014619,livelihood_priority,8835,8917.685874651374,0.06586635381295146,0.10582684067207379,0.002616823052197725,0.009675951035893145,0.009570239814197171,0.009151976110665158,0.00017866617509221838,0.0005252475384437536,0.00010658598701327584,0.3844,0.0,6.0295486613565155e-05,0.00018007674339219618,0.00010877989753335787,0.6181523531089517,0.0,0.00034132261464932506,0.00098731528130062,0.00011767962230357943,0.0,0.0
2023-04-01,gasoline,74.4896395741793,8064.659,4110451.5045000017,0.13628899835796388,-335,-163.87268280146787,-219.47579918111435,0.0,-0.0,0.0,-219.47579918111435,0.11506682398212936,livelihood_priority,8500,8917.685874651374,0.037942462845700214,0.0005263971906226966,0.038713637894036465,0.008600346036242835,0.0085008342346682,0.00920051206846541,2.4951321727842964e-05,7.714832222837293e-05,0.00012995211049340446,0.22089999999999999,0.0002897953332355028,3.311801958140334e-05,9.882577736403602e-05,0.00013223081329857887,0.002851760061073718,0.0,0.0004405936245214098,0.0012713240640048404,0.00011662893958336128,0.0,0.0
2023-04-18,gasoline,84.67019067631662,8065.168,4110451.5045000017,0.13628899835796388,550,615.3937424307077,395.91794324959335,0.25,98.97948581239834,98.97948581239834,296.938457437195,0.12178028629112632,livelihood_priority,9050,9016.665360463772,0.53645672818085,0.41608834897986496,0.07752148015242138,0.008810455760104911,0.009370194364344045,0.009338480464246526,0.0008863170398596541,0.0023835110799304083,0.00012520590029656937,3.1329000000000002,0.0,0.0011461749734070518,0.003048643555440298,0.00011299276785182312,2.429024645976536,0.0,0.0007305006205923349,0.0020726644572294037,0.00011366799881125298,0.039187754446747054,0.0
2023-04-29,gasoline,81.1746215874899,8066.61,4110451.5045000017,0.13628899835796388,-160,-201.23701652499668,95.70144091219831,0.0,0.0,0.0,95.70144091219831,0.04682208734906665,livelihood_priority,8890,9016.665360463772,0.3452080546545536,0.4566052870409962,0.014305615200008382,0.010889283140212364,0.011048671878133735,0.009662351103466854,0.00036159973278704333,0.0010640511905921793,8.30051616992187e-05,2.0164,0.0,0.00027198563875826056,0.0008060615519608321,8.012627514531384e-05,2.667543185890279,0.0,0.0007173470501409498,0.00205812827575121,0.00010686698470799296,0.039187754446747054,0.0
2023-05-17,gasoline,73.76447278392433,8107.879999999999,6020943.9120000005,0.13628899835796388,-380,-386.494442850119,-290.79300193792074,0.5,-145.39650096896037,-145.39650096896037,-145.39650096896037,0.03361455770275952,livelihood_priority,8510,8871.268859494812,0.03348798958370636,0.02390316399116518,0.031486154979900795,0.008880099400643932,0.008757345566938569,0.009553032646381543,5.2058156465572515e-05,0.00016249508630890902,0.00012365218933955944,0.1936,0.0008659132168381037,5.807919630948761e-05,0.00018157574827401616,0.00012639727870123585,0.13728125603443253,0.0010043818705865605,0.00023012841704712797,0.0006786974922666553,0.00010913912688756983,0.08456056997606758,0.0
2023-05-31,gasoline,74.49563514786755,8132.642,6020943.9120000005,0.13628899835796388,100,49.59181830211438,-95.80468266684599,1.0,-95.80468266684599,-95.80468266684599,0.0,0.005802452540445912,livelihood_priority,8610,8775.464176827967,0.15774575065454047,0.13037685792121767,0.001728488409782893,0.008584563772577793,0.008516878391195347,0.009079962183153153,7.098944442306471e-06,2.077284420649066e-05,0.00013031218426234336,0.9216,1.3591926471700997e-05,3.457900234119995e-05,0.0001024205991135436,0.00013186208188259636,0.7606849086629357,0.00045020492644842725,5.9430585016781524e-05,0.00017562116683377788,0.00011924722592136527,0.009837393770039707,0.0
2023-06-14,gasoline,73.23711900787694,8032.6,6155459.894750001,0.13628899835796388,-55,-71.87391219128853,-71.87391219128853,0.75,-53.905434143466394,-53.905434143466394,-17.96847804782213,0.007470719919548631,livelihood_priority,8555,8721.558742684501,0.016468296606943884,0.010122775891288712,0.0015286274307446607,0.009380138030101732,0.009212210392988415,0.008804552297576158,3.819331778898915e-07,1.1314692533374688e-06,0.00011278146825969154,0.0961,0.0,2.1095650286334378e-07,6.271307286137576e-07,0.00011637640460514718,0.059015694737183946,0.0,0.00012307821504686382,0.00036080658302430757,0.00012533804925770727,0.007022188107295709,0.0
2023-06-29,gasoline,73.17608224854365,7962.67,6155459.894750001,0.13628899835796388,70,-13.31476555813623,-31.28324360595836,0.0,-0.0,0.0,-31.28324360595836,0.012817803543143769,livelihood_priority,8625,8721.558742684501,0.010755105291108416,0.002380571507981804,0.0028859966344374393,0.008773816253202124,0.008643099786661034,0.008712446727824981,9.744729135113573e-05,0.000281967370216341,0.0001260272015168688,0.0625,0.0,2.0646886836652666e-05,6.063740082514395e-05,0.00012897918245573865,0.013716694617612126,0.0,0.0002516176045808436,0.0007297006315624355,0.00012740885887218897,0.01162318332078237,0.0
2023-07-13,gasoline,75.1157600634876,7986.705,6563670.772500001,0.13628899835796388,155,115.71308719123572,84.42984358527735,1.0,84.42984358527735,84.42984358527735,0.0,0.020893260989394515,livelihood_priority,8780,8805.98858626978,0.005082327545926028,0.011505156052296291,0.005037745084098216,0.009140277250433114,0.00885316612376702,0.008862148177097027,0.0003240137663125521,0.0009212746019504888,0.00011793357819746058,0.028900000000000006,0.0,0.00024094290496278002,0.0006897929691007687,0.00012425190546433518,0.06659274714045445,0.0,0.00038133418587123414,0.0010914495680050685,0.0001240517432289431,0.028513593951337603,0.0
2023-07-27,gasoline,79.32382195397709,8029.098,6563670.772500001,0.13628899835796388,275,200.0202227482675,200.0202227482675,1.0,200.0202227482675,200.0202227482675,0.0,0.023327757787221338,livelihood_priority,9055,9006.008809018047,0.010232811413271198,0.005148227057296616,0.0094595942934904,0.009643888898426777,0.00945660999717362,0.009360373613585205,0.0010258609166190606,0.0028405427218229844,0.00010724903714812816,0.0576,0.0,0.000751050824741939,0.002106177070173497,0.00011116307275169928,0.028430772423326943,0.0,0.0008390947841720009,0.0023496534248400058,0.00011320164964249395,0.05344454302017532,0.0
2023-08-10,gasoline,84.41944702954262,8172.514999999999,6654014.013499999,0.13628899835796388,240,323.0683332012499,323.0683332012499,0.5,161.53416660062496,161.53416660062496,161.53416660062496,0.04944573531633599,livelihood_priority,9295,9167.542975618671,0.0013173323172272296,0.010974135572211484,0.022198970863387464,0.010420298963298593,0.010277402386703917,0.010128992429555216,0.0013330653816251235,0.0036920495378747202,9.177067195257801e-05,0.004900000000000001,0.0,0.0017198593895103443,0.004699141225916652,9.45289043500707e-05,0.06056334994419743,0.0,0.0008374450036057801,0.002355950109963679,9.743679045577825e-05,0.005924706071197982,0.0
2023-08-24,gasoline,84.1976009708773,8241.608,6654014.013499999,0.13628899835796388,55,60.79634193146486,222.33050853208982,1.0,222.33050853208982,222.33050853208982,0.0,0.05960443581444826,livelihood_priority,9350,9389.873484150761,0.023865854873823332,0.047531046424371705,0.003030507250833646,0.010858385123699459,0.011098521046536641,0.010790497091852775,0.0012111120781833006,0.003427470063930908,8.356912254659937e-05,0.1369,0.0,0.0012349787199105887,0.003491710908766659,7.923632755895114e-05,0.2751463896184729,0.0,0.0013990376293181765,0.003879750307388073,8.481494381517221e-05,0.014784780768990374,0.0
2023-09-21,gasoline,92.16037381014016,8473.885,13137035.2325,0.13628899835796388,385,480.7185027711394,480.7185027711394,0.5,240.3592513855697,240.3592513855697,240.3592513855697,0.07084488233067295,livelihood_priority,9735,9630.23273553633,0.07516956082413208,0.12149444964293135,0.046904374298598055,0.011252267918614512,0.011352880160904499,0.011593100547680132,0.0017805665038316716,0.0048364273718354035,7.652281656770088e-05,0.43560000000000004,0.0,0.0022746532727348444,0.006087084448694384,7.477268151167901e-05,0.7053384846570462,0.0,0.0013013846080070376,0.003608974930998051,7.06759584014161e-05,0.001300142275507608,0.0
2023-10-11,gasoline,90.43988939931766,8679.579,6658380.839500001,0.13628899835796388,-85,-125.22007095262262,115.13918043294709,0.75,86.35438532471031,86.35438532471031,28.78479510823678,0.041905203267698546,livelihood_priority,9650,9716.58712086104,0.15141965549612652,0.2515011972589552,0.01717773501054208,0.012506809728401624,0.012734873213917057,0.012254094882756649,0.0005668324961208128,0.0016452565088029233,5.614790044637654e-05,0.8835999999999999,0.0,0.00046353409710342115,0.001354042652929539,5.278206721785988e-05,1.468646220505548,0.0,0.0007684059099138114,0.0021832771792267853,5.999904608533674e-05,0.09486999508169296,0.0
2023-10-25,gasoline,89.53334896276725,8810.444,6658380.839500001,0.13628899835796388,-70,-80.61293774863364,-51.82814264039686,1.0,-51.82814264039686,-51.82814264039686,0.0,0.04299078180463871,livelihood_priority,9580,9664.758978220643,0.00021702890075360945,0.0014205261343263919,0.013179582386702469,0.011869884955987503,0.011754966526201567,0.012339091851466411,0.00014093076220958226,0.0004132859813198184,6.609877062887833e-05,0.0009,0.0,0.00012692851506033786,0.0003728558178036645,6.798057698405667e-05,0.007959185330713664,0.0,0.00027675872441734886,0.0008062678476492712,5.8689513660268345e-05,0.07637764413931049,0.0
2023-11-08,gasoline,86.10020979440196,8795.345,5900399.90775,0.13628899835796388,-140,-227.6055176274437,-227.6055176274437,1.0,-227.6055176274437,-227.6055176274437,0.0,0.03250289044380382,livelihood_priority,9440,9437.1534605932,0.003375429991916592,0.014803656365741703,0.02117070744979489,0.011927791443069515,0.011824015645365773,0.011903085747222441,2.309946023326611e-05,6.871953355043558e-05,6.516055098658175e-05,0.019600000000000003,0.0,6.348875101524431e-08,1.916415278818261e-07,6.684672016722366e-05,0.08642727415771342,0.0,2.1360852234650467e-05,6.413914336706811e-05,6.556002041683238e-05,0.12359074222934753,0.0
2023-11-22,gasoline,80.37544506746394,8763.733999999999,5900399.90775,0.13628899835796388,-340,-372.0900151166461,-372.0900151166461,0.75,-279.0675113374846,-279.0675113374846,-93.02250377916153,0.017818762186399904,livelihood_priority,9100,9158.085949255714,0.02881400947689156,0.016241365634334756,0.009437636523466521,0.01114726962907486,0.010884930432730418,0.010971664703066148,0.00016941533237709806,0.0005311961207100516,7.837083502030038e-05,0.16000000000000003,0.0037427949218916787,0.00022159669002386474,0.0006999081938191171,8.308449321616408e-05,0.08350308005882932,0.005117283317562586,9.27570681534984e-05,0.0002869459601928921,8.151083823386167e-05,0.010593347186449144,0.001800440407557232
2023-12-06,gasoline,78.42588848557556,8598.244999999999,6096920.419000001,0.13628899835796388,-55,-177.29058993886233,-270.3130937180239,1.0,-270.3130937180239,-270.3130937180239,0.0,0.04325884920821586,livelihood_priority,9045,8887.77285553769,0.05582076771912605,0.027498401571904356,0.0021691995012617046,0.009960203081424706,0.009762024059119695,0.00993124467634703,3.7519633872366946e-05,0.000112519437393217,0.00010079752216623398,0.32489999999999997,0.0005172795827064525,0.00018111402009439938,0.0005586657670747371,0.00010481615136604399,0.15178726419837993,0.0039654426160865555,0.00024031022168372675,0.00075207721391098,0.00010137983376759005,0.00030655931142369556,0.005544928993004984
2023-12-20,gasoline,74.0227212693011,8511.596,6096920.419000001,0.13628899835796388,-415,-256.24695055110675,-256.24695055110675,0.5,-128.12347527555337,-128.12347527555337,-128.12347527555337,0.04217853653452734,livelihood_priority,8630,8759.649380262137,0.0951358794285064,0.006566942027694203,0.029873152725110583,0.009408169522433608,0.009209060810063847,0.009067091599127074,0.0006590636072630074,0.002141834109851506,0.00011218687286550432,0.5184,0.016993637713968144,0.00025891071684506394,0.0008102321153398592,0.00011644436860089992,0.02493642752452313,0.006022623846055482,0.0003241947954994693,0.0010037662741838001,0.00011952848610187781,0.08087155037126138,0.007617239186307547
2024-01-04,gasoline,77.05655540788125,8348.23,6282799.55825,0.14085804371700852,200,157.3994144077371,29.275939132183737,0.0,0.0,0.0,29.275939132183737,0.03014843506502174,livelihood_priority,8830,8759.649380262137,0.25894754681484,0.11731966536247809,0.012301082919976874,0.008136080554860769,0.008544838560979217,0.008750458558207323,1.021516572452215e-05,2.95871930987863e-05,0.00014075258460075277,1.5129,4.1980688976786235e-05,3.4338312692764154e-05,0.00010045698430155212,0.0001312207235940287,0.68441326097466,0.00043733549490772717,5.682418788070508e-05,0.00016984442565426286,0.00012655218265061085,0.06566249966674134,0.0009189649697864223
2024-01-18,gasoline,76.2303624464535,8284.869999999999,6282799.55825,0.14085804371700852,-50,-45.494223320569226,-16.21828418838549,0.0,-0.0,0.0,-16.21828418838549,0.022332079707650325,livelihood_priority,8780,8759.649380262137,0.04280662608072919,0.028203057249900923,0.0002606440523109352,0.0093650928179109,0.009242870385838911,0.008818296067988327,4.374534451178505e-06,1.3010892689431037e-05,0.00011310125077165031,0.25,4.4875069415332373e-07,3.282819319574933e-06,9.753526026518648e-06,0.0001157158375358615,0.16466331292250086,0.0,1.1343894261183612e-05,3.363154669019754e-05,0.00012503050282316533,0.0,5.802665076945603e-05
2024-02-01,gasoline,80.03755552747323,8263.93,13117202.124999998,0.14085804371700852,200,238.17959817253129,221.9613139841458,0.75,166.47098548810933,166.47098548810933,55.490328496036454,0.02434159535023928,livelihood_priority,8980,8926.120365750246,0.0428545719475703,0.055176633464881365,0.021481734372975923,0.008926161936316025,0.008975184533344373,0.00903999520582239,0.00013685763872525218,0.00038968870318103436,0.00012262988946069606,0.25,0.0,0.0001974876627442887,0.0005586873833749593,0.00012154655607380914,0.3218833480019978,0.0,7.018723503530823e-05,0.00020123369713905229,0.0001201217050883962,0.11085035603752925,0.0
2024-03-05,gasoline,82.66674488641249,8322.869999999999,13137358.6145,0.14085804371700852,125,148.06474689942084,203.5550753954573,0.75,152.66630654659298,152.66630654659298,50.888768848864316,0.0104447129060847,livelihood_priority,9105,9078.78667229684,0.003953293477198822,0.005676584552512659,0.002289593331910607,0.00979247130326653,0.009925090192994064,0.00972210382616795,0.00023440026556870256,0.0006708697377384717,0.00010419364209463729,0.0225,0.0,0.0002791478924011089,0.0007958545099023052,0.00010150380761930438,0.03248274567989926,0.0,0.00018936799681199473,0.0005411141686737143,0.00010563514976007152,0.0007622766427133807,0.0
2024-04-02,gasoline,84.84844065575193,8435.746,4306244.706666666,0.14085804371700852,200,129.34227249645974,180.23104134532406,0.75,135.17328100899306,135.17328100899306,45.057760336331,0.03895444673002611,livelihood_priority,9305,9213.959953305832,0.0040068416649858525,0.0003446196316055184,0.0019256206462642533,0.01028138965342185,0.010283018790430167,0.010304421944783695,0.0003950121868229311,0.0011167592044283563,9.445138706861588e-05,0.0225,0.0,0.0002451664691351831,0.0007012497755722826,9.441972382713322e-05,0.001402124191078134,0.0,0.00020907223548868726,0.0005983069740726283,9.4004233824792e-05,0.0012240237698364917,0.0
2024-04-17,gasoline,89.69483516514862,8500.205999999998,4306244.706666666,0.14085804371700852,200,320.030298004331,365.088058340662,0.5,182.544029170331,182.544029170331,182.544029170331,0.07814017408878084,livelihood_priority,9505,9396.503982476162,0.0002744258189124872,0.025311295203731477,0.02836478881202388,0.011037908210279354,0.010945782403868882,0.010842726625082679,0.000744122421985287,0.00208960079468683,8.031908924737822e-05,0.0,0.0,0.0011737672622055442,0.0032335707073378023,8.197885627809036e-05,0.14544769228836218,0.0,0.00044249105977993414,0.0012521919950465917,8.385565566296968e-05,0.008975951125459602,0.0
2024-04-30,gasoline,87.27778304465804,8530.869999999999,4306244.706666666,0.14085804371700852,-70,-117.29127755745536,65.25275161287563,0.0,0.0,0.0,65.25275161287563,0.060176331655439355,livelihood_priority,9435,9396.503982476162,0.05007156597159607,0.13104541477212614,0.026356324358079032,0.01129964879849907,0.01158892756359907,0.011317449963592947,0.00044161311777178575,0.0012835910546289374,7.569611102945869e-05,0.2916,0.0,0.0003338884840137507,0.0009779631139835731,7.074613953038347e-05,0.7650006418073728,0.0,0.0003568768701104593,0.0010318860767413627,7.538667513471212e-05,0.1332892903429546,0.0
2024-05-16,gasoline,82.0104261021214,8556.119999999999,12958996.012,0.14085804371700852,-235,-324.1938972026002,-258.9411455897246,0.75,-194.20585919229347,-194.20585919229347,-64.73528639743114,0.09381704427823523,livelihood_priority,9200,9202.298123283868,0.018664512021670427,0.02932080980737402,0.029197997277905494,0.010867323077418058,0.010661721690206353,0.011091011550897343,3.3208460266790824e-05,9.973930056710994e-05,8.340578777226077e-05,0.10890000000000001,0.0,2.5530060683357327e-07,7.783123742662608e-07,8.72034417911625e-05,0.17123477606409393,0.0,3.4926818128392734e-05,0.00010443229496213792,7.937007518624458e-05,0.15086366297846768,0.0
2024-06-14,gasoline,78.1073728456169,8499.255,6384133.0225,0.14085804371700852,-190,-238.4343016321941,-303.16958802962523,0.25,-75.79239700740631,-75.79239700740631,-227.37719102221894,0.07253141186294036,livelihood_priority,9010,9126.505726276462,0.001406625809058948,0.005154133881358827,0.05098588157759488,0.010237603746711033,0.009951931329589112,0.010448844524473502,3.6371117907929106e-06,1.0979550715014535e-05,9.530438060623047e-05,0.0081,0.0,2.3180044676444962e-05,7.075902727382962e-05,0.00010096368400529284,0.029418832929598494,0.00025139443998028213,2.578148663431417e-05,7.618609531854205e-05,9.122457091767982e-05,0.05608699210644682,0.0
2024-06-28,gasoline,84.04572783153426,8466.145999999999,6384133.0225,0.14085804371700852,210,349.9733303899042,122.59613936768528,0.5,61.29806968384264,61.29806968384264,61.29806968384264,0.031528802224463276,livelihood_priority,9220,9187.803795960304,0.10960010630504326,0.23717150134001005,0.01593130647556518,0.010098744960390172,0.010092337589038514,0.010279601766019558,0.00016661583019706374,0.00047362410909981226,9.803485135939903e-05,0.6400000000000001,0.0,0.00045354102543404426,0.0012598698236369976,9.816177444957917e-05,1.3848941656874123,0.0,0.00011880642984628117,0.00034392407667311643,9.44861418271701e-05,0.07517518423049774,0.0
2024-07-12,gasoline,86.2060657899071,8426.21,6575557.7965,0.14085804371700852,110,127.71117723904013,189.00924692288277,0.0,0.0,0.0,189.00924692288277,0.06510302496187578,livelihood_priority,9330,9187.803795960304,0.007028020247514687,0.0340128736939244,0.031233375005843104,0.01096957608449456,0.011383386196457927,0.010445969882242974,0.00047705581873019556,0.0013593407854665667,8.15485560937326e-05,0.04000000000000001,0.0,0.0005238816525666293,0.0014884478444716542,7.42460334393918e-05,0.19760185889303267,0.0,0.0001802687264594488,0.0005240355101675153,9.127949149100834e-05,0.015029813387860911,0.0
2024-07-26,gasoline,83.75396290647076,8419.532,6575557.7965,0.14085804371700852,-145,-141.53495553281363,47.47429139006914,0.0,0.0,0.0,47.47429139006914,0.04019345174014411,livelihood_priority,9185,9187.803795960304,0.04459353513199873,0.04970759021052142,0.0018889533153696654,0.010609405198951356,0.010661679766830573,0.010432301615366147,0.00018451474261453284,0.0005447052873892973,8.818327071748183e-05,0.2601,0.0,0.00019013073806643327,0.0005609603937054783,8.720422477722151e-05,0.28997392005039485,0.0,0.0001919784877098715,0.0005578408647196053,9.154085237932525e-05,0.0,0.0
2024-08-09,gasoline,78.63468861164303,8381.965,12943203.536,0.14085804371700852,-305,-347.0213295400123,-299.54703814994315,0.75,-224.66027861245738,-224.66027861245738,-74.88675953748577,0.04421043670401515,livelihood_priority,8880,8963.143517347848,0.01754751042128832,0.029023662043647938,0.03905743123190042,0.009746668910281545,0.009718356885379306,0.010217127423405652,5.0087812283773586e-06,1.532704864915605e-05,0.00010513079843538705,0.1024,2.7149007735781464e-06,2.284954416455823e-05,7.060948674298545e-05,0.00010571218513642714,0.16889859961050532,0.00025050841201820946,7.783342020714108e-06,2.343455569304844e-05,9.570459584988174e-05,0.2018889631449079,0.0
2024-09-06,gasoline,77.16119851371884,8247.751,6383179.188,0.14085804371700852,-100,-147.03809719827666,-221.92485673576243,1.0,-221.92485673576243,-221.92485673576243,0.0,0.02757166017322115,livelihood_priority,8780,8741.218660612085,0.028789934108351255,0.027406160750441017,2.9379235227025058e-05,0.00927079491141455,0.009109814230600958,0.009383429399774634,1.29343510557655e-07,3.851630206360193e-07,0.00011511584183292791,0.16809999999999997,0.0,6.546784542838908e-06,1.970593431997851e-05,0.00011859614609202143,0.15997317287139445,1.0960935876889342e-05,4.149200389887092e-06,1.2581498269461109e-05,0.0001127115713095696,2.9930131374005133e-05,2.296465906148739e-07
2024-09-21,gasoline,72.45480098191294,8165.897999999999,6383179.188,0.14085804371700852,-365,-297.9269768601219,-297.9269768601219,0.5,-148.96348843006095,-148.96348843006095,-148.96348843006095,0.028212019303589624,livelihood_priority,8415,8592.255172182024,0.05072315063725399,0.01698293523925172,0.0216105038560402,0.008788683962227742,0.008716162112393962,0.00864573909981886,0.00029062996062124497,0.0009240299510995396,0.00012569360729880946,0.28090000000000004,0.006959566139732507,0.00016511015653153052,0.0005163948084477193,0.0001273249974737735,0.09106981602242727,0.003623063596464604,3.55314622516605e-05,0.00010772151916910523,0.00012891924058938226,0.021293445060160888,0.0004852341451515602
2024-10-11,gasoline,75.382461095612,8030.115,6283039.875833334,0.14085804371700852,140,98.18199493566924,-50.78149349439171,1.0,-50.78149349439171,-50.78149349439171,0.0,0.008819247097357333,livelihood_priority,8555,8541.473678687633,0.17459848239330902,0.1074324068616237,0.006626392293913714,0.0077913252265588324,0.00794591499505158,0.008233239220437262,6.334573141821668e-07,1.8338003382384759e-06,0.00014905173972365874,1.0201,0.0,3.629330202935582e-06,1.0605364203605155e-05,0.0001453009653065224,0.6276092701484755,0.0,5.9036277797911115e-09,1.7494154647870782e-08,0.0001384566592434559,0.03855881651819111,0.0
2024-10-24,gasoline,74.64565408972837,7976.088,6283039.875833334,0.14085804371700852,90,-61.833074069143045,-61.833074069143045,1.0,-61.833074069143045,-61.833074069143045,0.0,0.007115584204477465,livelihood_priority,8645,8479.64060461849,0.0017730411222995955,0.017553284402929522,0.0001120897537629976,0.008839063952921531,0.008565039321251666,0.008114703860871071,0.00010461692240447565,0.0003019112261322447,0.00012456649344697558,0.010000000000000002,0.0,2.621986738294409e-07,7.774956117599031e-07,0.00013075832572452057,0.10241928923445937,0.0,1.2792708391621327e-07,3.7980085624166595e-07,0.00014126026431479302,0.000488549732800884,0.0
2024-11-07,gasoline,72.70753615902433,7947.96,10827263.963333333,0.14085804371700852,-145,-135.98563861059327,-135.98563861059327,0.0,-0.0,0.0,-135.98563861059327,0.05241258784713172,livelihood_priority,8500,8479.64060461849,0.037832562383635616,0.003797553041662367,0.01744053181210447,0.008343898323671231,0.007897918137336543,0.008027676378148118,8.188949828848525e-06,2.4461752249134933e-05,0.00013586470628891434,0.22089999999999999,0.0,1.1816872757597736e-05,3.524166380996369e-05,0.0001464603854106078,0.02199441131229577,0.0,2.4804478745030383e-06,7.294546777362124e-06,0.00014333653290635258,0.01529331619536052,0.0
2025-01-03,gasoline,72.91250667945691,7991.374,6085057.7491666665,0.1460849504681775,70,57.64075428849221,-78.34488432210105,0.0,-0.0,0.0,-78.34488432210105,0.05027590953049455,livelihood_priority,8570,8479.64060461849,0.03167862316903628,0.02569789170732283,0.00493940256851811,0.007768723754531951,0.007783411001048304,0.008130259113221952,1.9428811927499833e-05,5.6514604499427756e-05,0.00014960411859295098,0.18489999999999998,0.0,1.306235532398688e-05,3.807995445906709e-05,0.0001492450467693076,0.14996472010844408,0.0,1.9812021799482802e-06,5.851321965470645e-06,0.00014089074871925054,0.0,0.0
2025-01-17,gasoline,78.64825306101768,8017.737999999999,6085057.7491666665,0.1460849504681775,340,368.9089829398969,290.5640986177958,0.25,72.64102465444896,72.64102465444896,217.92307396334687,0.05880816070805209,livelihood_priority,8910,8552.281629272939,0.050127467925306333,0.06657850412833186,0.041632683880451486,0.00876686119114545,0.008757506505105588,0.008298736354379669,0.0005821163307156569,0.0016113511501597902,0.00012618340749899425,0.2916,0.0,0.000672902481057957,0.0018534605869302983,0.0001263936599827432,0.3875516406711326,0.0,2.1484449643243803e-06,6.2652259283232225e-06,0.000136919570904316,0.02110687385139304,0.0
2025-02-20,gasoline,74.43100270687172,8093.87,12741932.447666667,0.1460849504681775,-170,-254.11234316053927,-36.1892691971924,0.0,-0.0,0.0,-36.1892691971924,0.027386963989471585,livelihood_priority,8740,8552.281629272939,0.17808854635034546,0.26572413974391307,0.00472352848722822,0.009246750083268128,0.00925510523432299,0.008607715137966378,6.512133057684028e-05,0.00019398688923333147,0.00011563238377169401,1.0404,0.0,8.035713530041904e-06,2.429450250562801e-05,0.00011545276352547323,1.552622291103784,0.0,1.3801723271518656e-05,4.094603129548736e-05,0.00012978415437772044,0.02110687385139304,9.048404166724628e-05
2025-03-06,gasoline,72.48036962055622,8081.696,6141708.261,0.1460849504681775,-135,-147.4108707940119,-183.60013999120432,0.75,-137.70010499340324,-137.70010499340324,-45.90003499780107,0.040386333244708875,livelihood_priority,8605,8414.581524279536,0.0008672818969675181,0.007823274174786267,0.015765800678003025,0.008065994406166408,0.007812448622916306,0.008549295759348758,2.2156244260485664e-07,6.625070825881835e-07,0.0001424204895136515,0.004900000000000001,0.0,9.820825567165978e-08,2.943995650106101e-07,0.00014853640856905468,0.045540816820739204,0.0,0.00013638819444211986,0.00041777086776589964,0.00013111862760686836,0.0758452756607771,0.0028305114448503362
2025-03-20,gasoline,70.03629620842324,8076.817999999999,6141708.261,0.1460849504681775,-280,-174.8460009855104,-220.74603598331146,0.5,-110.37301799165573,-110.37301799165573,-110.37301799165573,0.06765241645607929,livelihood_priority,8325,8304.20850628788,0.017010158766249454,0.001348183124089013,0.01334946891438377,0.00796213173628161,0.008026791783110524,0.008105939586362914,0.0002894057803417984,0.0009113363760012214,0.00014491027233463842,0.0841,0.0068549427244248414,0.00010661734937392562,0.00032712689148826966,0.00014335771500498967,0.003010745474497884,0.0021132980388882433,0.0003437143757298701,0.001063897245944872,0.0001414686731232488,0.002987078736004312,0.008113608438845663
2025-04-03,gasoline,73.12522518772467,7965.565,5687813.336500001,0.1460849504681775,230,168.62962969922364,58.25661170756791,0.0,0.0,0.0,58.25661170756791,0.08037744157307534,livelihood_priority,8555,8304.20850628788,0.17808281318851726,0.08078620457573386,0.012013799490430821,0.007599705636978002,0.00785176798358532,0.007868779200719671,2.77735183969889e-05,7.920063733103971e-05,0.00015376730028959516,1.0404,0.0,1.6359429104439044e-06,4.716913196696628e-06,0.00014757954112464268,0.4719020354971032,0.0,0.00012274286076958472,0.000369418197753427,0.00014716651808089167,0.04872881240234544,0.0024462404721513897
2025-04-18,gasoline,65.23406046403404,7910.469999999999,5687813.336500001,0.1460849504681775,-480,-391.8134274904788,-333.55681578291086,0.75,-250.16761183718313,-250.16761183718313,-83.38920394572773,0.09123592547160782,livelihood_priority,8075,8054.040894450696,0.349723667507169,0.21740976562760664,0.05371399006166965,0.008222782655878943,0.008119183496328035,0.007729931242157409,0.000481446556285505,0.001570122223351123,0.00013870284837066586,2.0164,0.012293736545963864,0.0002645058179825567,0.0008434331916925948,0.00014115380079392415,1.2563856814085599,0.006295721793106069,0.000558841268903334,0.0017786508686599754,0.00015055458732218482,0.2503353360492781,0.014011730107631354
2025-05-20,gasoline,63.74256473909944,7780.994999999999,11736971.944,0.1460849504681775,-230,-263.480542629986,-346.86974657571375,0.75,-260.15230993178534,-260.15230993178534,-86.71743664392841,0.07784925430946896,livelihood_priority,7845,7793.888584518911,0.05089766673171752,0.020783437774859206,0.016372273867355555,0.006174176156458113,0.006403934576688794,0.00680812785275972,0.0008369918289444524,0.002687520405514575,0.00019115340495265136,0.25,0.02144453256197199,0.0009712377941561865,0.0031463549833662375,0.00018485299499495855,0.06587731734646594,0.025157083943678948,0.0010486454507943692,0.003404218393291207,0.00017402549074913386,0.00039877678416141185,0.027231188109710622
2025-06-04,gasoline,64.51466400998532,7691.918,5868261.845,0.1460849504681775,65,-45.36477927936753,-132.08221592329593,0.5,-66.04110796164797,-66.04110796164797,-66.04110796164797,0.06605469738777603,livelihood_priority,7910,7727.847476557263,0.06263529918988295,0.038984932758080244,0.03854723238816599,0.006308264548958442,0.006085750175704751,0.006071913115561845,0.0003472069305314305,0.0010516778410084345,0.00018746361966130818,0.34809999999999997,0.008012718460126562,0.0006841463660765573,0.002133465664114886,0.0001936063481729004,0.19029794488809204,0.01692509429830275,0.0009701123821740577,0.0030636943280428486,0.00019399160426045818,0.15071663492116585,0.024490325208860873
2025-06-18,gasoline,69.9983912088471,7634.762,5868261.845,0.1460849504681775,260,230.752986155886,164.711878194238,0.5,82.355939097119,82.355939097119,82.355939097119,0.04882827412507071,livelihood_priority,8170,7810.203415654381,0.026067714267578257,0.0522260824293623,0.024677939089661323,0.006752500247411377,0.006361582800674348,0.006139579691511169,1.0690219340883244e-05,3.0388837029524425e-05,0.0001754962496948356,0.1521,0.0,1.6251847340287024e-06,4.645340369357288e-06,0.00018600642370286178,0.3049640815558308,0.0,0.00046366639788040354,0.0014090185222180372,0.00019211125112796965,0.08808673430304763,0.010964263318673777
2025-07-02,gasoline,71.3322865500842,7678.065,6152521.947000001,0.1460849504681775,235,-9.789494080096802,72.5664450170222,0.0,0.0,0.0,72.5664450170222,0.05054010189125939,livelihood_priority,8405,7810.203415654381,0.0005462082062200788,0.039640222384475746,0.014415957492617319,0.007412677384029632,0.007070250710131081,0.006605899618324942,0.00024882342188985233,0.0007016353219539824,0.00015844069063851912,0.0025000000000000005,0.0,2.8366002728063984e-07,8.373442701590387e-07,0.00016717841669886582,0.23144273919231267,0.0,0.000600661831976372,0.0018559992136406736,0.00017940192503438794,0.0271300028182735,0.014647969369036878
2025-07-16,gasoline,70.28199592347697,7712.07,6152521.947000001,0.1460849504681775,-130,-148.50228335258754,-75.93583833556534,1.0,-75.93583833556534,-75.93583833556534,0.0,0.06809903854052102,livelihood_priority,8275,7734.267577318816,0.09123412609355303,0.013211245302178378,0.013816563330641919,0.007385718924528505,0.0066000602885655955,0.006696444950032172,2.1640782187931924e-05,6.444548552861026e-05,0.0001591200870509983,0.5328999999999999,0.0,1.1804889378282472e-05,3.527533737664947e-05,0.00017955838427007674,0.07696495163101767,0.0,0.0010302061158307713,0.0032638335114402576,0.0001769845769675245,0.023065006174900454,0.026103117628579517
2025-08-27,gasoline,66.40231906729642,7728.785,12627496.819999998,0.1460849504681775,-180,-217.2484623405618,-217.2484623405618,0.75,-162.93634675542134,-162.93634675542134,-54.31211558514045,0.11958810839290196,livelihood_priority,8095,7571.3312305633945,0.002236148590076471,0.004197615199219255,0.024011367492693756,0.006287002294700249,0.006193400426116314,0.006439807250416118,7.116775837012964e-05,0.00021786781086701587,0.0001880463060655562,0.010000000000000002,0.0012734577869039508,0.00011895079841823451,0.00036763859536835444,0.00019062219179356518,0.01890414850178637,0.0024321657236061663,0.001986170438446637,0.006528001409595237,0.00018387882740586732,0.03027635386125374,0.043326189856836686
2025-10-14,gasoline,64.79524527100162,7692.882,6358758.927833334,0.1460849504681775,-75,-169.35033585437824,-223.6624514395187,0.75,-167.74683857963902,-167.74683857963902,-55.91561285987967,0.14815968898345827,livelihood_priority,8020,7403.584391983755,0.008515356253516435,0.0042845477284969066,0.03201929932011581,0.005984949534315984,0.0057732870633817965,0.005895931302408892,0.00012150508075303562,0.00036910937624765814,0.00019642163955566977,0.04409999999999999,0.0024437976477635352,0.00030138803555003507,0.0009382638874012858,0.00020239936098093974,0.00917692208354575,0.007076912694359602,0.0029266757464657734,0.009815923817260923,0.0001989247538263693,9.256332636346048e-05,0.07829708102127854
2025-10-28,gasoline,61.85814749117869,7671.101999999999,6358758.927833334,0.1460849504681775,-265,-239.3243222443035,-295.23993510418313,0.5,-147.61996755209157,-147.61996755209157,-147.61996755209157,0.17448290815281395,livelihood_priority,7755,7255.964424431664,0.03200638084725165,0.009694655845896225,0.0668448850130099,0.00559048729467578,0.005318410444049672,0.005368639240830171,0.0007519351260187524,0.0024188131881222063,0.00020763405640490012,0.1444,0.019257509975344488,0.0006599399692624654,0.0021083895117146984,0.00021554907188938978,0.019585435085189774,0.016719653974043906,0.004029600350286132,0.01373895466522498,0.00021407671766497476,0.001620363749438116,0.13130301004510556
2025-11-11,gasoline,63.26464256803477,7581.5,5931072.557666667,0.1460849504681775,125,29.31282044281231,-118.30714710927926,0.5,-59.15357355463963,-59.15357355463963,-59.15357355463963,0.16854293552417726,livelihood_priority,7880,7196.810850877025,0.10545257128352686,0.05278499939961179,0.05272011906559011,0.004885949540507941,0.0048659390985613515,0.0050209187061564416,0.00016465055904899906,0.0004892629609111288,0.00022843452129207213,0.6084,0.003404063615789271,0.0003781046228686094,0.001152328001062973,0.000229039799368454,0.2886636577243913,0.008843960012782813,0.003835332387982808,0.01287152074163559,0.00022437287640757404,0.031305211467649606,0.11891096457086672
2025-11-25,gasoline,62.23296396645118,7535.498,5931072.557666667,0.1460849504681775,-70,-110.23384513339212,-169.38741868803174,0.5,-84.69370934401587,-84.69370934401587,-84.69370934401587,0.21478913857460546,livelihood_priority,7810,7112.117141533009,0.02775366093076898,0.015900600197981646,0.058280202473475366,0.005607465480167557,0.005249201635766118,0.004961925093639102,0.00020212656885252453,0.0006176465971430932,0.00020714504990456848,0.1521,0.004445169585482658,0.00028846422268820636,0.0008909479296565589,0.00021758605238228495,0.07789308749374815,0.006686947995536099,0.004215377073915783,0.014287304095924937,0.00022614369688932134,0.002609194144559109,0.1392858255020531
2025-12-09,gasoline,62.23817103955421,7482.42,6147229.8215,0.1460849504681775,-55,-61.98732469917472,-146.6810340431906,0.5,-73.3405170215953,-73.3405170215953,-73.3405170215953,0.21582874487006704,livelihood_priority,7755,7038.7766245114135,0.0018829274037959866,0.0034583458766813124,0.061128923401271656,0.004926120462572809,0.004787941149802246,0.00482518960339744,0.00020247898840730757,0.0006175753734721595,0.0002272218443088662,0.0009,0.0044445890608885725,0.00021650187667697404,0.0006615794760754553,0.00023140673446187982,0.009310906936037429,0.0048037413060248255,0.004456439139030427,0.01513600632431552,0.00023027487057283714,0.0005155799036394774,0.15184157507703674
2025-12-23,gasoline,60.02514654872086,7468.974,6147229.8215,0.1460849504681775,-170,-193.5082092181416,-266.8487262397369,0.25,-66.71218155993422,-66.71218155993422,-200.13654467980268,0.19258535833120077,livelihood_priority,7585,6972.06444295148,0.015061166339473304,0.018720986752872044,0.10058578838805067,0.00472009754529645,0.004672118744499533,0.004739223580198532,0.0006314458625843362,0.001998378777737174,0.0002334754190252556,0.0529,0.015817519496457225,0.0007162698640704172,0.0022814580980753,0.0002349439437827226,0.06919097225860565,0.01813602194651981,0.005035612220999058,0.017232209201441404,0.00023289129693516853,0.00017573932396925526,0.1837176314101643
2026-01-21,gasoline,63.27606746491273,7375.275,12330644.921999998,0.1460849504681775,85,117.53638703650594,-82.60015764329674,0.0,-0.0,0.0,-82.60015764329674,0.10819893281692708,livelihood_priority,7670,6972.06444295148,0.045778241001099396,0.06701901350268688,0.0584399717289731,0.004531036249576336,0.004488854809306192,0.004757118790006121,0.0001559744493330272,0.0004654510899404864,0.00023928883951192137,0.2601,0.0032124210588155857,0.00010367656150375685,0.0003066882369631997,0.00024059562512678367,0.3869949634368668,0.0019536823440081254,0.00415249414402236,0.01388445209161106,0.00023234542758198448,0.017802060673942507,0.13341052859147065
2026-02-04,gasoline,66.21568324403765,7346.499,6388291.3774999995,0.1460849504681775,205,186.10125731689968,103.50109967360294,0.75,77.6258247552022,77.6258247552022,25.875274918400734,0.13405430516093916,livelihood_priority,7875,7049.690267706682,0.009905371287329255,0.0032625512013961452,0.03702162775980732,0.005524941735906813,0.005614444917039211,0.005108973856736903,1.7699808039351112e-05,5.056970724716601e-05,0.00020952731174889248,0.0576,0.0,8.260642389089751e-06,2.368835444004771e-05,0.000206944195044899,0.018804565746268882,0.0,0.0032039848269617205,0.010424895820914376,0.00022174265959934504,0.024103074675701452,0.08592951599722778
2026-02-25,gasoline,68.7834083434205,7325.843999999999,6388291.3774999995,0.1460849504681775,175,141.35196316113536,167.2272380795361,1.0,167.2272380795361,167.2272380795361,0.0,0.49225858782343884,livelihood_priority,8050,7216.917505786218,0.0007646110413130373,0.001493157100743516,0.019429199671677833,0.006220199780696728,0.006121760215982186,0.005833170510282301,0.0003168756007944948,0.0008974378509471149,0.0001898828940839105,0.0036,0.0,0.00023967778329623431,0.0006831652931671392,0.00019260553950269484,0.008009997309756491,0.0,0.0018050353838352142,0.005638991077668114,0.00020069905779073504,0.032113653078872484,0.03653784033169254
2026-03-10,gasoline,78.4036612824465,7588.235,6513980.708000001,0.1460849504681775,695,603.1089158465949,603.1089158465949,1.0,603.1089158465949,603.1089158465949,0.0,0.48703695280422227,livelihood_priority,8745,7820.026421632812,0.18580355246493138,0.14649636090565357,0.1327139569855771,0.0073242543821551934,0.00712043338430402,0.007339776428698617,0.0020099811598341378,0.005224008285384679,0.00016067452696831181,1.0816000000000001,0.0,0.0015057050317480473,0.003976889107636799,0.00016588323620815042,0.8528779334134469,0.0,0.0003277569297600809,0.0009216842665093404,0.00016028126087533513,0.7599713480521042,0.006940230693200522
2026-03-24,gasoline,100.53825399545414,7740.374,6513980.708000001,0.1460849504681775,1160,1579.2276202877724,1579.2276202877724,0.75,1184.4207152158292,1184.4207152158292,394.8069050719432,1.1172279556139755,livelihood_priority,9905,9004.447136848641,0.1515048333314594,0.6574551116976338,0.35690307195532645,0.010783550468745028,0.01088750944505462,0.010868223481561474,0.010643701237720809,0.02513452504778231,8.494294196217e-05,0.8649000000000001,0.0,0.016319653564057676,0.03620301103572145,8.303748411396877e-05,3.811230900639692,0.0,0.0026481011575469077,0.006461459441191721,8.338934238270525e-05,1.351693632343588,0.0
2026-04-08,gasoline,116.21363904838014,7841.799999999999,6513980.708000001,0.1460849504681775,420,818.9703749692841,1213.7772800412272,0.75,910.3329600309204,910.3329600309204,303.4443200103068,0.7877017979573635,livelihood_priority,10325,9914.780096879562,0.3791543152647337,0.40163135430925706,0.12809622577035965,0.014582511676272333,0.016143465726611125,0.01554966591731808,0.012883435027713925,0.032581561151205696,2.9349179737725615e-05,2.1904,0.0,0.018244168093189815,0.04358058564301043,1.4872856601823064e-05,2.3119643162370247,0.0,0.009093275722510334,0.02222478247312366,1.980547344748033e-05,0.30049639016921,0.0
2026-04-22,gasoline,106.71277678317998,7841.799999999999,6513980.708000001,0.1460849504681775,-555,-655.8332214717653,-352.38890146145854,0.0,-0.0,0.0,-352.38890146145854,0.6730669103949021,livelihood_priority,9770,9914.780096879562,0.6530219510601245,1.4908620522667015,0.6694268040744278,0.01593236197700176,0.016883359963296124,0.017880223770426598,0.006584177204716856,0.018867567145681295,1.6545679086141034e-05,3.8024999999999998,0.0,0.005715689742805795,0.01663817861543544,9.71344511838554e-06,8.700182592301816,0.0,0.008258369801858054,0.02222478247312366,4.493451263464429e-06,3.314824392474629,0.0
2026-05-09,gasoline,114.44845662872568,7841.799999999999,13027961.416000001,0.1460849504681775,320,385.75704002533183,33.36813856387329,0.0,0.0,0.0,33.36813856387329,0.0037143942045655487,livelihood_priority,10090,9914.780096879562,0.5275412919779426,0.7463375587701464,0.0037143942045655487,0.01640312437820895,0.016208622059450613,0.017509179750030374,0.010264226632733579,0.026508616112077554,1.2937514238634768e-05,3.0625,0.0,0.011015982884282407,0.028172558083401404,1.4374546688084511e-05,4.339641091382364,0.0,0.008258369801858054,0.02222478247312366,6.204185517658751e-06,0.0,0.0
