adjust_date,fuel,scenario,oil_price_usd_bbl,inventory_cost,quantity_tonnes,transport_share,actual_delta,mechanism_delta,optimal_delta,carry_over_next,actual_price,optimal_price,actual_loss,mechanism_loss,optimal_loss,actual_cpi_pred,mechanism_cpi_pred,optimal_cpi_pred,actual_loss_consumer,actual_loss_profit,actual_loss_cpi,actual_loss_expectation,actual_loss_security,mechanism_loss_consumer,mechanism_loss_profit,mechanism_loss_cpi,mechanism_loss_expectation,mechanism_loss_security,optimal_loss_consumer,optimal_loss_profit,optimal_loss_cpi,optimal_loss_expectation,optimal_loss_security
2016-04-27,gasoline,docx_strict_mdp_value_iteration,42.396839673275,5983.353999999999,10195945.915,0.14604640289872012,165,171.5829568848506,100.0,0.0,6130,6230.0,0.018768191763159456,0.020278366761783437,0.00688879396271723,0.022765817951185617,0.022780694239712,0.022612847031884008,0.00043621349022820007,0.0013015733526714475,7.649748939100602e-06,0.10890000000000001,0.0,0.0004121756751770368,0.001227118248408617,7.7322604547675e-06,0.11776284437339399,0.0,0.00014047980390819096,0.00041656613435223436,6.826969612025067e-06,0.04000000000000001,0.0
2016-05-12,gasoline,docx_strict_mdp_value_iteration,44.53533986703174,5983.353999999999,4894031.2015,0.14604640289872012,120,168.10706650506384,100.0,0.0,6250,6330.0,0.0014166505933452312,1.922918350783754e-05,3.7086353929172893e-06,0.02229039107719767,0.022396178108773795,0.022242881565259665,0.00010203284055666313,0.0003005590864895964,5.245891286506709e-06,0.0081,0.0,3.465738887578053e-05,0.00010048418018824141,5.741669528966758e-06,4.832725572917663e-05,0.0,9.407426037574533e-06,2.7432440521201136e-05,5.030517715781641e-06,0.0,0.0
2016-05-26,gasoline,docx_strict_mdp_value_iteration,47.87412315362528,5983.353999999999,4894031.2015,0.14604640289872012,210,280.7905830666906,100.0,0.0,6460,6430.0,0.005565956617036353,0.00875173814940758,9.461337923927928e-06,0.022129265965911082,0.02228194503465016,0.02188929539138036,6.720438915508121e-05,0.00019000445983379763,4.533773553587253e-06,0.0324,0.0,0.00020412991499012294,0.0005675800082627935,5.2072731411645116e-06,0.050790299618777644,0.0,3.104957781404176e-05,8.954516073324834e-05,3.5694370758910727e-06,0.0,0.0
2016-06-09,gasoline,docx_strict_mdp_value_iteration,49.297681034260485,6096.014999999999,9903935.825,0.14604640289872012,110,99.50075572334688,100.0,0.0,6570,6530.0,0.00686222675165668,0.02251602855467473,4.561390259893227e-06,0.02157121138033488,0.0215493030362876,0.021551318346841018,5.1276388266535264e-05,0.00014747274347907897,2.4687052016938423e-06,0.04000000000000001,0.0,3.940484936627477e-05,0.00011360775463953024,2.4003398982499757e-06,0.13146400599271751,0.0,1.4442871675224787e-05,4.173397430635971e-05,2.4065886132455464e-06,0.0,0.0
2016-07-22,gasoline,docx_strict_mdp_value_iteration,45.323769115979474,6228.219999999999,9576173.727,0.14604640289872012,-155,-139.57172673647705,100.0,0.0,6415,6630.0,0.048175092887399636,0.0392132461733302,3.5059918322382706e-07,0.020703770513296596,0.020735425051571693,0.021228216596437175,0.00030546152801235203,0.0009538131753507795,4.952929353857537e-07,0.28090000000000004,0.0,0.0002624226088344731,0.0008153573299467269,5.408500064792269e-07,0.22862260747801127,0.0,1.2426617694003122e-07,3.6036208194857177e-07,1.5085160077637177e-06,0.0,0.0
2016-08-05,gasoline,docx_strict_mdp_value_iteration,41.821543066021135,6279.969999999999,4930784.809249999,0.14604640289872012,-220,-235.3097791206681,100.0,0.0,6195,6730.0,0.04768074972902052,0.057296406116976076,4.764361590344461e-06,0.020253690213302672,0.020221519825620468,0.020919290983874423,0.001643252006831932,0.0054340339009107275,6.435872432555497e-08,0.016900000000000002,0.10124188378149634,0.0017481228696130569,0.005810603534939682,4.907103314292242e-08,0.036663098697272446,0.11541256353636498,1.6326088285962172e-05,4.7186488390014e-05,8.450959130328039e-07,0.0,0.0
2016-08-19,gasoline,docx_strict_mdp_value_iteration,44.95531466879161,6292.897999999999,4930784.809249999,0.14604640289872012,175,112.32998561032062,100.0,0.0,6370,6830.0,0.10705433308948852,0.08306697050048699,3.395834781915673e-05,0.020804366796250473,0.0206680019227453,0.020623875448840187,0.000759406780245083,0.0022940340342411454,6.470059429102493e-07,0.6241000000000001,0.0,0.001080193839130046,0.0033306600367952197,4.4622656879141537e-07,0.4834136240888688,0.0,0.00012098408786162414,0.00034739938570899233,3.892205756655444e-07,0.0,0.0
2016-09-02,gasoline,docx_strict_mdp_value_iteration,47.59264263315335,6245.110000000001,4638615.2825,0.14604640289872012,205,130.15483416651762,100.0,0.0,6575,6930.0,0.0006257257591830134,0.000259086503438417,0.00014784314703004676,0.020577782505904953,0.020419399583205232,0.020341335508810166,3.346642616185559e-05,9.656238141364076e-05,3.3383262412980617e-07,0.0036,0.0,0.00014591744725538097,0.0004311132917801937,1.758960103927219e-07,0.0012709009042054325,0.0,0.0005311654591153392,0.0015077476080116706,1.1650992957469476e-07,0.0,0.0
2016-09-19,gasoline,docx_strict_mdp_value_iteration,46.13663267214746,6223.906,4638615.2825,0.14604640289872012,-155,-103.75471189199216,100.0,0.0,6420,7030.0,0.08882307877912567,0.03750922533846712,0.0002942212381931849,0.01955877765639205,0.019663838821377597,0.020071066803854308,0.0002783083031405129,0.0008676419880435937,1.9467715649889118e-07,0.5184,0.0,0.00015466699644677375,0.00047431257751202145,1.1300433801280319e-07,0.21885470294919238,0.0,0.0010623914984616966,0.0029882474506939373,5.050490610066631e-09,0.0,0.0
2016-10-20,gasoline,docx_strict_mdp_value_iteration,50.22665824618214,6242.055,10322409.696,0.14604640289872012,355,243.71782996522825,100.0,0.0,6775,7130.0,0.17813393532042182,0.08267390091440759,0.0004111813214625077,0.020366125993573455,0.02013247125764909,0.01981249370262807,0.00012614172688715637,0.0003483250614779195,1.3404824317014927e-07,1.0404,0.0,3.792436462169107e-06,1.074144061844413e-05,1.7548634103131095e-08,0.48294866937887104,0.0,0.001489182486487574,0.00416495539706394,3.515861155413051e-08,0.0,0.0
2016-11-17,gasoline,docx_strict_mdp_value_iteration,43.853398014610974,6345.566,9667095.747,0.14604640289872012,-365,-309.0135361297743,100.0,0.0,6410,7230.0,0.36714812510954214,0.20935307004131432,0.000383284729295693,0.018649791230983766,0.01876118419724398,0.01956506796767881,0.0007582156509409485,0.002494792106619675,1.8230637199283358e-06,2.0736,0.02732243762076214,0.0005297728608728795,0.0017119998428848844,1.5346645931580476e-06,1.2220478522609912,0.0,0.0013869138647605343,0.003884823722349443,1.8916587273904053e-07,0.0,0.0
2016-12-01,gasoline,docx_strict_mdp_value_iteration,46.28107919720019,6397.923999999999,3425808.1233333335,0.14604640289872012,175,211.82630230190665,100.0,0.0,6585,7330.0,0.1997643014831786,0.1858168509562083,0.00044561384531809415,0.019509838381588835,0.019587281728640625,0.019328267478161385,0.0003359979454463039,0.000997965039293985,2.402584121634529e-07,1.1664,0.0,0.00023356886926741271,0.000685770915713666,1.70336371513871e-07,1.0850965491901579,0.0,0.001614587349867258,0.0045103409929479485,4.5122458089566574e-07,0.0,0.0
2016-12-15,gasoline,docx_strict_mdp_value_iteration,52.12131287707897,6424.956,3425808.1233333335,0.14604640289872012,435,404.6088802501751,100.0,0.0,7020,7430.0,0.04634933041773299,0.02549128490146568,0.0005610152534630635,0.019808162057369887,0.019745949944285485,0.019101595008037896,0.00022514209470196736,0.0006132607758053907,3.680179623255457e-08,0.27040000000000003,0.0,0.0001575477400577485,0.0004320003269084055,6.45414308085482e-08,0.1486604894415208,0.0,0.0020375984865537806,0.005665327743298147,8.071315295824294e-07,0.0,0.0
2016-12-29,gasoline,docx_strict_mdp_value_iteration,53.07575348934881,6420.54,3425808.1233333335,0.14604640289872012,100,120.43406272601057,100.0,0.0,7120,7530.0,0.07698783245595114,0.055459788732188084,0.0007579660968218085,0.018895173058110986,0.018934410586264033,0.018884577057831427,0.000514741118857515,0.0014622030756848883,1.2206425715238316e-06,0.4489000000000001,0.0,0.0005891359457988785,0.0016662209557113932,1.1354807986661637e-06,0.32302130765956893,0.0,0.0027632163952682138,0.0076280389835081995,1.2441683399159972e-06,0.0,0.0
2017-01-13,gasoline,docx_strict_mdp_value_iteration,53.99351442246399,6592.219999999999,5317887.004333334,0.13639340683331513,240,69.15090928209297,100.0,0.0,7360,7630.0,0.013615556746776334,0.0018528870024373768,0.0005723911835440899,0.01895212377946012,0.018628666664652148,0.018676762738010392,0.0007072052534153016,0.0019640793433955655,1.0980445735729457e-06,0.07840000000000001,0.0,0.00018427346989829428,0.0005304815522154879,1.8805551166362658e-06,0.010519847308609588,0.0,0.0020783127975634147,0.005777992308075503,1.7509568515177558e-06,0.0,0.0
2017-01-26,gasoline,docx_strict_mdp_value_iteration,53.59469121042442,6695.227999999999,5317887.004333334,0.13639340683331513,-70,4.9418569543929785,100.0,0.0,7290,7730.0,0.06584860841372427,0.002916626512008373,0.0005402531732854268,0.018172849260066848,0.018310105047609573,0.018477722702096563,0.00015866527348696536,0.00046601497407991265,3.338479826438267e-06,0.3844,0.0,0.00033091162310729794,0.0009568303211851221,2.855744950114646e-06,0.016491209603285265,0.0,0.0019595927325355205,0.005455953180247333,2.3173281717121896e-06,0.0,0.0
2017-02-15,gasoline,docx_strict_mdp_value_iteration,54.325999515736456,6784.26,10181992.026333332,0.13639340683331513,50,-31.98073207968033,100.0,0.0,7340,7830.0,0.009884816182240977,0.0009369542578108106,0.0005357882646115847,0.01820511914085401,0.018053529929289876,0.018287048127614346,8.517240994093437e-05,0.0002469265418853794,3.221597298528644e-06,0.0576,0.0,9.430251039929883e-06,2.7814085194257117e-05,3.7887457361702754e-06,0.005453110323916283,0.0,0.0019425510825716997,0.0054104197530864175,2.934204117109518e-06,0.0,0.0
2017-03-15,gasoline,docx_strict_mdp_value_iteration,52.055328052771,6801.446,5204902.126999999,0.13639340683331513,-85,-86.42863626810336,100.0,0.0,7255,7930.0,0.01248091916526974,0.002031503378750658,0.0006726007751904085,0.017776092266261072,0.01777346859365096,0.018104349743030046,2.1274961242702165e-06,6.330547311414843e-06,4.9457656081838145e-06,0.0729,0.0,1.8261456455577213e-06,5.435493862523481e-06,4.9574421034586405e-06,0.011858297082046778,0.0,0.0024452834921980912,0.006775677221654169,3.5934898967502545e-06,0.0,0.0
2017-03-29,gasoline,docx_strict_mdp_value_iteration,49.38071351199277,6812.572,5204902.126999999,0.13639340683331513,-230,-134.5397692866529,100.0,0.0,7025,8030.0,0.01448091332651822,0.0016128556356661049,0.0008352291073691812,0.01733193091426753,0.01750929639205289,0.01792925689886637,0.00028164880140388234,0.0008857253820797618,7.118592646241308e-06,0.0841,0.0,9.18527866779714e-05,0.0002808998109700922,6.20360446264075e-06,0.00925872448131427,0.0,0.0030455073337249524,0.008392385254920445,4.2879769908925195e-06,0.0,0.0
2017-04-13,gasoline,docx_strict_mdp_value_iteration,52.84095880895715,6772.045,9552889.359,0.13639340683331513,200,180.87821619979064,100.0,0.0,7225,8130.0,0.12660888031964687,0.06812405342942705,0.0011449779319808503,0.017977315523390467,0.017940623969443206,0.017761416681218188,2.5357596054730538e-06,7.250814046766668e-06,4.091252491917182e-06,0.7395999999999999,0.0,1.4703251183709383e-08,4.2214010591446056e-08,4.241029635231861e-06,0.3979540222733052,0.0,0.004196207031477685,0.011455449862625929,5.011255275128193e-06,0.0,0.0
2017-05-12,gasoline,docx_strict_mdp_value_iteration,48.041424392545125,6733.571,5247888.948999999,0.13639340683331513,-250,-293.3559093889389,100.0,0.0,6975,8230.0,0.13872092029837335,0.15408930666405787,0.00148973633191593,0.016968259955428767,0.01688737002185173,0.017600493065939665,0.00020531195332605155,0.0006444755651340546,9.191447697856786e-06,0.81,0.0,0.0003105606661247493,0.0009875182872198078,9.688465380867296e-06,0.8995920234916277,0.0,0.0054863733974004425,0.014841604473468587,5.75763352660363e-06,0.0,0.0
2017-05-26,gasoline,docx_strict_mdp_value_iteration,51.03890868988692,6708.786,5247888.948999999,0.13639340683331513,140,120.060225204291,100.0,0.0,7115,8330.0,0.10415011459457701,0.11703415722699172,0.0018260133853890694,0.017552939970354377,0.01751440455296828,0.017446166111819653,2.9178880228315776e-06,8.452851354294418e-06,5.988102788689241e-06,0.6084,0.0,1.0599215547539144e-05,3.0883599140804754e-05,6.17818472630482e-06,0.6836516013680303,0.0,0.006753187986702486,0.018123494671280275,6.52206752841835e-06,0.0,0.0
2017-06-10,gasoline,docx_strict_mdp_value_iteration,48.441866975263295,6651.615,5143969.58,0.13639340683331513,-180,-210.9973096188248,100.0,0.0,6935,8430.0,0.07015346389886706,0.07510009338521277,0.002307341261310373,0.016795287247059646,0.016736560881100322,0.017298131191110837,0.00011861426424790452,0.0003662242446988164,1.0270183828858545e-05,0.4096,0.0,0.0001763601427353062,0.0005495873965156427,1.0650034882764708e-05,0.4383963654526342,0.0,0.008579983957602011,0.022788642244272496,7.300095060448147e-06,0.0,0.0
2017-06-24,gasoline,docx_strict_mdp_value_iteration,45.03258488301636,6620.423999999999,5143969.58,0.13639340683331513,-250,-202.6109905293957,100.0,0.0,6685,8530.0,0.006018213265539343,0.0002256437940962647,0.00272956079227077,0.016510260992731295,0.016602372777213676,0.01715609825582803,0.0007843487721422579,0.002534132166668797,1.2178278338852767e-05,0.019600000000000003,0.0055457565009569,0.000590746928801877,0.0018808875816663552,1.1543870745018712e-05,0.0002813213914788913,0.0,0.010193906882835772,0.026852028303333282,8.087777130504373e-06,0.0,0.0
2017-07-22,gasoline,docx_strict_mdp_value_iteration,46.99182937767929,6535.9349999999995,9561067.345999999,0.13639340683331513,75,64.99909846400752,100.0,0.0,6760,8630.0,0.07239580467154386,0.049115578087431166,0.003411308597258066,0.017012994855567596,0.01699282876236293,0.01701979113828186,0.00024025255553619516,0.0007211528882260732,8.92219973286565e-06,0.42250000000000004,0.0,0.0002657523074762677,0.0008001428274879773,9.043078852471662e-06,0.28646063892422874,0.0,0.01282169223409149,0.03336083201939127,8.881644859463329e-06,0.0,0.0
2017-08-05,gasoline,docx_strict_mdp_value_iteration,50.15160002264495,6517.253000000001,9868741.298,0.13639340683331513,175,174.36838320677614,0.0,0.0,6935,8630.0,0.006849127303788332,0.008192327492269539,0.010323016482671315,0.01708170947480058,0.017080449995591704,0.0167327496879203,1.9647988739809218e-08,5.640196925926368e-08,8.516419589468702e-06,0.04000000000000001,0.0,8.03594970507475e-09,2.3071404485495898e-08,8.523772228240485e-06,0.04784656178057921,0.0,0.01299412319326841,0.034156307966752085,1.0674924601784909e-05,0.04000000000000001,0.0
2017-09-16,gasoline,docx_strict_mdp_value_iteration,52.38592119344901,6564.921,5445319.278,0.13639340683331513,95,35.346608299556834,0.0,0.0,7030,8630.0,0.004388333319149258,0.013236735646462747,0.0032656958179289115,0.016645723332697343,0.016529772811229644,0.01646106829087263,1.3089980056399283e-05,3.790039924404414e-05,1.1251171960811021e-05,0.0256,0.0,1.1475039776047033e-06,3.369648553872164e-06,1.204247674168101e-05,0.07730821559341422,0.0,0.012183963719706524,0.03214516586808795,1.2524037641867168e-05,0.0,0.0
2017-09-30,gasoline,docx_strict_mdp_value_iteration,55.187765045612345,6609.59,5445319.278,0.13639340683331513,210,171.151490855452,0.0,0.0,7240,8630.0,0.009130145942937712,0.012679130344216707,0.0030752802740878853,0.01660659382387682,0.016532102951201607,0.0162039250057868,0.0002602999261630545,0.0007329583975611237,1.1515205476150943e-05,0.0529,0.0,0.00017278089554240673,0.0004905418894758947,1.2026309941064607e-05,0.07377186450408194,0.0,0.011451162114659953,0.0303159343648836,1.4410185361690756e-05,0.0,0.0
2017-11-03,gasoline,docx_strict_mdp_value_iteration,57.00834724985867,6762.785,5193268.4895,0.13639340683331513,150,89.12985930082701,0.0,0.0,7390,8630.0,0.0025285956043565243,0.004638770558079993,0.002467254391388308,0.016239819873064762,0.016126488599377223,0.0159605418747249,0.0002174886427290935,0.0006186898915258716,1.4138954586998707e-05,0.0144,0.0,0.00010356389992203305,0.0002983612787532035,1.5004090570754632e-05,0.02691019217153062,0.0,0.009128101404943034,0.024449471476726346,1.631722194585104e-05,0.0,0.0
2017-11-17,gasoline,docx_strict_mdp_value_iteration,60.43819147787639,6839.96,5193268.4895,0.13639340683331513,265,179.49216161645785,0.0,0.0,7655,8630.0,0.009272853034996007,0.005724570548973407,0.002187798086772879,0.01621355899499257,0.016057587397762134,0.01573018256953938,0.0007802172741671791,0.00215960841669294,1.4337135484401677e-05,0.0529,0.0,0.00046996352954806273,0.0013233554820627307,1.5542617126283945e-05,0.03266138271912585,0.0,0.008066913031438562,0.021732840888919924,1.8231340889465336e-05,0.0,0.0
2017-12-29,gasoline,docx_strict_mdp_value_iteration,62.21587332766389,6987.75,9909746.214,0.13639340683331513,70,31.85656603080484,0.0,0.0,7725,8630.0,0.026163686769615817,0.015022006127372957,0.001701333965434304,0.015635414339730987,0.015568246926298046,0.015512150164195482,0.00043912786907655805,0.001255773399943444,1.9049607985825903e-05,0.1521,0.0,0.00033240444288291167,0.0009577975064577386,1.964043530626672e-05,0.08718507633572198,0.0,0.006232798031550226,0.016976912337919543,2.0140796148730638e-05,0.0,0.0
2018-01-13,gasoline,docx_strict_mdp_value_iteration,66.11343927180071,7104.843999999999,5195912.244,0.13474034151009923,180,156.28639151490952,0.0,0.0,7905,8630.0,0.00845665858126844,0.010751487392502916,0.0013611341949536049,0.01561987787414196,0.015578498569577048,0.015305785026300311,0.000604573410031863,0.0016992125054919737,1.9185469837431164e-05,0.0484,0.0,0.0005254332086266994,0.0014835759061459534,1.9549674899232212e-05,0.061931125880018985,0.0,0.004959594391499643,0.01362524636143558,2.203565421930637e-05,0.0,0.0
2018-01-27,gasoline,docx_strict_mdp_value_iteration,67.75322721683503,7178.954,5195912.244,0.13474034151009923,65,15.41229530970337,0.0,0.0,7970,8630.0,0.009211015154517903,0.01370381496159408,0.0011663128065685627,0.015221302565097588,0.01513674428085961,0.015110462821459603,0.0005395073819769831,0.001540793970425485,2.28359491743429e-05,0.0529,0.0,0.0003918682008931618,0.001129873993442495,2.3651256189751712e-05,0.0793820439265347,0.0,0.004233898421918785,0.01169420446495491,2.3907573820328788e-05,0.0,0.0
2018-02-10,gasoline,docx_strict_mdp_value_iteration,65.67800657880974,7239.48,10805669.170000002,0.13474034151009923,-170,-150.54472341056493,0.0,0.0,7800,8630.0,0.03783391962715617,0.01888395979701748,0.0010188601203364204,0.014638068274481728,0.014670973367154293,0.0149255926244246,4.706747401900401e-05,0.0001406960946745576,2.875031182911936e-05,0.22089999999999999,0.0,6.743491264365315e-05,0.00020081165658546936,2.8398524853578853e-05,0.11016692825007793,0.0,0.003686438163184691,0.01022652927820574,2.574961021329402e-05,0.0,0.0
2018-03-01,gasoline,docx_strict_mdp_value_iteration,64.32478933099402,7194.950999999999,5092628.8525,0.13474034151009923,-190,-48.93205816678833,0.0,0.0,7610,8630.0,0.00028323625223321817,0.007089225391335225,0.0011269926170596335,0.014422260588992885,0.014666051638871302,0.014750615131314522,9.814435457235506e-06,2.981217398436465e-05,3.1111176937102e-05,0.0016,0.0,4.687110493662493e-05,0.00013799525289794688,2.8451005119187523e-05,0.04130053495177522,0.0,0.004085278534773981,0.011296733994043816,2.755604149958406e-05,0.0,0.0
2018-03-29,gasoline,docx_strict_mdp_value_iteration,65.81290998890657,7169.706,5092628.8525,0.13474034151009923,170,61.938015506460296,0.0,0.0,7780,8630.0,0.08878028195899505,0.008425649565603356,0.0011909501978073988,0.014886126994975631,0.014694713606087186,0.014585000967505896,0.00011932957316939103,0.00034017961875747546,2.6151697111516974e-05,0.5184,0.0,1.024894665121229e-05,2.984997642785239e-05,2.814606372143644e-05,0.04916869294524631,0.0,0.004321110348560129,0.011927120221652616,2.932221452191209e-05,0.0,0.0
2018-04-13,gasoline,docx_strict_mdp_value_iteration,67.1364923044488,7165.084999999999,5134429.475,0.13474034151009923,55,86.37023400264391,0.0,0.0,7835,8630.0,0.00912519623422191,0.000497842960201737,0.0012031463650386414,0.014523543429633275,0.014577896263391895,0.014428249086069492,0.0002256594967419219,0.0006503964664472183,2.9991576567112875e-05,0.0529,0.0,0.00029662023316307065,0.0008497101056995481,2.9399208930539577e-05,0.0023877332025810274,0.0,0.004365043894141719,0.012044363060559738,3.104440824688545e-05,0.0,0.0
2018-04-27,gasoline,docx_strict_mdp_value_iteration,71.45750403433306,7178.299999999999,5134429.475,0.13474034151009923,255,258.6832314514729,0.0,0.0,8090,8630.0,0.027670726333725745,0.020616646991003237,0.0011698107173367482,0.01471860300603418,0.01472493986497658,0.014279885251909478,0.0010036476614004577,0.0027767298057544934,2.78931542078712e-05,0.16000000000000003,0.0,0.001019796317502045,0.0028194480583635106,2.7826259428113314e-05,0.1187670763592006,0.0,0.0042400346954530104,0.011710600333794794,3.2719712731322694e-05,0.0,0.0
2018-05-12,gasoline,docx_strict_mdp_value_iteration,73.11339128033123,7270.8949999999995,4991426.0934999995,0.13474034151009923,100,123.8461601408466,0.0,0.0,8190,8630.0,0.016725598909929622,0.012751672109501896,0.0009480095046506425,0.014306083821520656,0.014345817060082608,0.014139460607018752,0.0009662129979484658,0.002727224257596974,3.242068144754882e-05,0.0961,0.0,0.0010686688224933237,0.0030030616289870027,3.196978471805289e-05,0.07272414319850769,0.0,0.0034181195182116032,0.009503538721737892,3.434592197668501e-05,0.0,0.0
2018-05-26,gasoline,docx_strict_mdp_value_iteration,75.7600727398957,7321.165999999999,4991426.0934999995,0.13474034151009923,260,173.4331037481288,0.0,0.0,8450,8630.0,0.018076036535365325,0.0021040873463631887,0.0008378598048318878,0.014434481044357536,0.014292001677946569,0.014006550312509788,0.0019805076494705696,0.005415461973404304,3.097500124561559e-05,0.1024,0.0,0.0015034397054663436,0.0041759927386972075,3.258124484456479e-05,0.009835459905247132,0.0,0.003011023721023898,0.008401729786766114,3.592143915647652e-05,0.0,0.0
2018-06-09,gasoline,docx_strict_mdp_value_iteration,71.57248681191464,7459.885,5122005.898,0.13474034151009923,-130,-169.96591349832568,0.0,0.0,8320,8630.0,0.10433857824057287,0.08090148359833753,0.0005698982691903742,0.013673370447109473,0.013609615033821009,0.013880752263312613,0.0006450279524226966,0.001881755576590813,4.002624149950779e-05,0.6084,0.0,0.0005189123653822995,0.0015250129567689744,4.083702001596647e-05,0.471691540183323,0.0,0.0020276152134748662,0.005713380380023868,3.7445192862953714e-05,0.0,0.0
2018-06-26,gasoline,docx_strict_mdp_value_iteration,71.34368611064708,7523.008,5122005.898,0.13474034151009923,-55,16.615235212308775,0.0,0.0,8265,8630.0,0.003945864888029453,0.023983103141792153,0.00046574505337759043,0.013672576497501586,0.013788605384580833,0.013761685871651372,0.00030417388183462255,0.0008865623332963714,4.003628817996931e-05,0.0225,0.0,0.0004913465830732519,0.0014133413762903594,3.8581423068458225e-05,0.13925010021671957,0.0,0.0016469070514681342,0.004661139398444353,3.891656316395411e-05,0.0,0.0
2018-07-10,gasoline,docx_strict_mdp_value_iteration,75.52675702206679,7570.405,5498064.225000001,0.13474034151009923,270,247.03431453195307,0.0,0.0,8535,8630.0,0.07261128370415042,0.03661578962780575,0.0003947859399007342,0.014089347948210106,0.014051892018194814,0.013648990915619047,0.001016253800215226,0.002810738991965613,3.4935807677328085e-05,0.42250000000000004,0.0,0.0009227765756988139,0.0025627183713983026,3.537998856321457e-05,0.21237180845805015,0.0,0.0013880183721358909,0.003941380777462547,4.033531638988939e-05,0.0,0.0
2018-07-24,gasoline,docx_strict_mdp_value_iteration,71.84604043418894,7573.593999999999,5498064.225000001,0.13474034151009923,-125,-137.02129850027902,0.0,0.0,8410,8630.0,0.10699546687277398,0.10114746149467296,0.00039049775591366723,0.013344906735640904,0.013325920805172595,0.013542326449366798,0.0005327413996572918,0.0015565980372157684,4.429026635731781e-05,0.6241000000000001,0.0,0.0004974087444958527,0.0014565410691378105,4.4543333098828024e-05,0.5899948556062543,0.0,0.001371423611493931,0.003895119469741638,4.1701547686547636e-05,0.0,0.0
2018-08-07,gasoline,docx_strict_mdp_value_iteration,72.24956008101798,7638.575,5141021.8935,0.13474034151009923,70,32.13091731342869,0.0,0.0,8480,8630.0,0.02619612374158086,0.01972143290451954,0.00030359397288806926,0.013553568019378293,0.01349287023763552,0.01344136977161084,0.0005387745784845343,0.0015385728715874222,4.1556485280782315e-05,0.1521,0.0,0.00043053567975106225,0.001237914923588994,4.2342737744249624e-05,0.1144498884587486,0.0,0.001055721589417118,0.0030119492168041396,4.3015630472740056e-05,0.0,0.0
2018-08-21,gasoline,docx_strict_mdp_value_iteration,69.1787498069334,7676.288,5141021.8935,0.13474034151009923,-50,-129.38889547571105,0.0,0.0,8430,8630.0,0.009953432410610431,0.01791506850322672,0.00025851064710477785,0.013266335390060228,0.013140138707694966,0.013345815449336195,0.0002968739813138028,0.0008648483251788183,4.534223907915535e-05,0.0576,0.0,0.00014569267170854163,0.00043061844983174137,4.70576969496649e-05,0.10435459969375499,0.0,0.0008919744695232158,0.002551385352290447,4.427817203429286e-05,0.0,0.0
2018-09-04,gasoline,docx_strict_mdp_value_iteration,72.78311549184721,7762.94,5493699.1855,0.13474034151009923,180,212.3774963561236,100.0,0.0,8610,8730.0,0.036376000472097214,0.08016036399416185,0.007109645924341484,0.013543199690253332,0.013594972259636347,0.013411571590188643,0.0005222537040146979,0.0014730975056689382,4.169027023994467e-05,0.2116,0.0,0.0006217782827370106,0.001743792866219848,4.102438035482792e-05,0.4672170663430046,0.0,0.0009118765495207448,0.0025780337396949914,4.340738891120941e-05,0.04000000000000001,0.0
2018-09-18,gasoline,docx_strict_mdp_value_iteration,74.11763302719488,7799.846,5493699.1855,0.13474034151009923,145,117.6660879835556,100.0,0.0,8755,8830.0,0.001084763042795706,0.006361646095626124,0.0003248043012578406,0.013544623851483648,0.013501829872312457,0.013472019812933417,0.0008562409495485104,0.0024106249321640843,4.167188121883382e-05,0.004900000000000001,0.0,0.0007580598959742171,0.002144424088412476,4.222621500837075e-05,0.03588100350366138,0.0,0.0011395731594521492,0.0032109485360958083,4.261452532273387e-05,0.0,0.0
2018-10-01,gasoline,docx_strict_mdp_value_iteration,76.98512082710351,7903.82,5958000.7655,0.13474034151009923,240,172.00315055662983,100.0,0.0,8995,8930.0,0.006560923959076837,0.0023245576013279754,0.0003052653179777877,0.013744346354723486,0.013639653589596389,0.013527484678363563,0.001358836460545903,0.0037588690696857448,3.913320252966134e-05,0.0361,0.0,0.0010659407717528663,0.002982977905371037,4.045400646033411e-05,0.011810065476280739,0.0,0.0010689650132900798,0.003015522552539413,4.189345458881844e-05,0.0,0.0
2018-10-20,gasoline,docx_strict_mdp_value_iteration,77.91850696573522,7951.442,5958000.7655,0.13474034151009923,165,93.2528611835263,100.0,0.0,9160,9030.0,0.004372955432774109,0.004672629593841455,0.0003564578196715462,0.013674589576235357,0.013567070023474487,0.01357827201805931,0.0018661834249700088,0.005175168829780135,4.00108170290704e-05,0.0225,0.0,0.0015093754190337837,0.0042361539342781205,4.138258808288055e-05,0.024806432305390164,0.0,0.0012557366278916867,0.003533308444768209,4.1238590274040056e-05,0.0,0.0
2018-11-03,gasoline,docx_strict_mdp_value_iteration,72.54628464866491,7970.945,5723211.4684999995,0.13474034151009923,-375,-306.89986142267765,100.0,0.0,8785,9130.0,0.19978067482323233,0.10980200009365874,0.0004506634162359785,0.01292354338815223,0.013023759269966673,0.01362466999692596,0.00035400874612960586,0.0010669499839490748,5.007623817936403e-05,1.1664,0.0,0.0005276462358610132,0.0015716183311311252,4.866793472337593e-05,0.6404888056366304,0.0,0.001599993946320764,0.004482324498931705,4.0644832648096053e-05,0.0,0.0
2018-11-17,gasoline,docx_strict_mdp_value_iteration,64.89815719013242,7963.598,5723211.4684999995,0.13474034151009923,-510,-425.9952697573099,100.0,0.0,8275,9230.0,0.012536742927302018,0.009737819153658492,0.0005980567217444137,0.012736756361270392,0.012865654309964752,0.013666950115570965,0.0001560450201879725,0.0005003425613712904,5.275470815554612e-05,0.0729,0.0,5.133982600666032e-05,0.0001612115928802919,5.0898888424924515e-05,0.056734865145571196,0.0,0.0021406190615674624,0.005960609515628652,4.010752083866662e-05,0.0,0.0
2018-12-01,gasoline,docx_strict_mdp_value_iteration,57.47630975735433,7712.42,3566871.4790000003,0.13474034151009923,-540,-440.81427464748793,0.0,0.0,7735,9230.0,0.03308099348450117,0.0019330005559158403,0.007937589586542507,0.012679674865262041,0.012841246530667108,0.013559324623416746,0.0009708110724731864,0.0032582179057491435,5.3587160078276325e-05,0.0036,0.07350708932472161,0.0006046578075099195,0.0019764364638183885,5.1247751234685725e-05,0.0008784116237404788,0.003634621662169435,0.003938376315739646,0.010903160808001607,4.148229930652584e-05,0.04000000000000001,0.0
2018-12-15,gasoline,docx_strict_mdp_value_iteration,56.98627403563451,7564.652,3566871.4790000003,0.13474034151009923,-125,-102.93004666218256,-100.0,0.0,7610,9130.0,0.1182099168200869,0.07842714029629545,0.008085088500575184,0.013239620303582505,0.013278081707000278,0.01331141481327527,0.0009188768092061545,0.0029204295389737207,4.570273363973391e-05,0.6889,0.0,0.0008286851946718364,0.002618009872097397,4.51841855377643e-05,0.4566630060849033,0.0,0.004457631192062628,0.012421334434269987,4.473717180007349e-05,0.04000000000000001,0.0
2018-12-29,gasoline,docx_strict_mdp_value_iteration,51.25025677943197,7466.139999999999,3566871.4790000003,0.13474034151009923,-370,-352.1609207702925,-200.0,0.0,7240,8930.0,0.12912020669625815,0.12394332799108455,0.007917959560668814,0.01256742264934305,0.01259902153794399,0.012927528325257344,0.0024344279659573144,0.008323789940783234,5.52432060734987e-05,0.24009999999999998,0.1994566164622915,0.0023128383175997826,0.007867712956359447,5.4774482195816954e-05,0.2484641144347701,0.1844408328072391,0.003814714437723834,0.010800632562082354,5.001985559003719e-05,0.04000000000000001,0.0
2019-01-15,gasoline,docx_strict_mdp_value_iteration,53.62385738254757,7323.6849999999995,5216883.113666668,0.13275198293056265,105,44.81157768235306,-200.0,0.0,7345,8730.0,0.1548105886338151,0.1144122112478692,0.0010136115082711185,0.013054965090571394,0.012942903076517348,0.012557570871280992,0.0010542646431599583,0.0032601845580156373,4.823350989318201e-05,0.9025,0.0,0.0013570702696346735,0.004268822811281606,4.980261698742831e-05,0.6303486581109427,0.013937094544626438,0.0036012012925098922,0.010219171888551686,5.538975133600517e-05,0.0,0.0
2019-01-29,gasoline,docx_strict_mdp_value_iteration,57.5914267742096,7238.2119999999995,5216883.113666668,0.13275198293056265,245,141.962482125215,-200.0,0.0,7590,8530.0,0.01344926427161108,0.0065424181439441105,0.0008301203267865704,0.012958943202159826,0.012769844904868355,0.01220049406877936,6.43824283610253e-05,0.00018635307437669187,4.957648083041133e-05,0.07840000000000001,0.0,0.00024078128901166648,0.0007169281359786269,5.22751426996581e-05,0.037753192936264356,0.0,0.002927516211948636,0.008361376510515961,6.083229277114595e-05,0.0,0.0
2019-02-15,gasoline,docx_strict_mdp_value_iteration,58.91424279892484,7157.985,11492102.228666667,0.13275198293056265,50,74.01842618112357,-200.0,0.0,7640,8330.0,0.026050468228125564,0.0031769207088876293,0.0006484011613678966,0.012260140872292618,0.01230279752774003,0.011855284321601106,3.2709124119062915e-06,9.554086802034214e-06,5.990541931675529e-05,0.1521,0.0,1.2496707370668537e-05,3.632674466402909e-05,5.924692589896501e-05,0.018465578952535297,0.0,0.002263917342714479,0.006512179991684557,6.633639348195677e-05,0.0,0.0
2019-03-01,gasoline,docx_strict_mdp_value_iteration,62.15537233921507,7245.852999999999,5229608.432999999,0.13275198293056265,270,172.00853260044428,-200.0,0.0,7910,8130.0,0.03321006409491,0.00660295453751303,0.00024452183107378877,0.012320985007359023,0.01214809140116629,0.01152095891154755,0.00020464104763971775,0.000574223369560532,5.8967271257204917e-05,0.1936,0.0,5.4391208853620516e-05,0.00015556243950936397,6.165246864443878e-05,0.038408243824279195,0.0,0.0008101023563017385,0.0023766764312547284,7.18941377796649e-05,0.0,0.0
2019-03-29,gasoline,docx_strict_mdp_value_iteration,64.18432514642905,7297.644,5229608.432999999,0.13275198293056265,80,87.27408260169162,-200.0,0.0,7990,7930.0,0.024802705071517522,0.0050045378531241224,5.3548020334497754e-05,0.011664500802024481,0.01167689692212243,0.011196562047276296,0.00024737856418990484,0.0007103726017973016,6.948054687945053e-05,0.1444,0.0,0.0002634066118365721,0.0007553465896148322,6.927404484497509e-05,0.028719708066364463,0.0,0.00013054057891280998,0.0003897562234495075,7.750051978745613e-05,0.0,0.0
2019-04-13,gasoline,docx_strict_mdp_value_iteration,67.7074125661637,7388.83,5203551.0595,0.13275198293056265,-50,168.19382500329834,-200.0,0.0,7940,7730.0,0.011596983826394212,0.00461431786053342,4.1182945545068505e-05,0.011136776719534332,0.011504888491921956,0.010881160834752051,3.0080315309388354e-05,8.867756441573787e-05,7.85567269193886e-05,0.06760000000000001,0.0,0.0004161196337257659,0.0011768780719506413,7.216691953468003e-05,0.026192018841369555,0.0,8.181743709528616e-05,0.00025167174982302086,8.315322772165991e-05,0.0,0.0
2019-04-27,gasoline,docx_strict_mdp_value_iteration,69.11899911641486,7419.106,5203551.0595,0.13275198293056265,195,57.45213562653202,-200.0,0.0,8135,7530.0,0.04119415836840211,0.008428974685057017,0.00020948308973746317,0.011253660908926386,0.011020144512785185,0.010573841128441685,0.0002771737158195504,0.0007840963766556164,7.649844749604242e-05,0.24009999999999998,0.0,5.224049674601145e-05,0.00015169120796216154,8.063780457126202e-05,0.04905488706408079,0.0,0.0006446290920202522,0.0020496482566590623,8.885247107185754e-05,0.0,0.0
2019-05-14,gasoline,docx_strict_mdp_value_iteration,67.89285334783487,7523.12,5434433.2469999995,0.13275198293056265,-75,-25.859273361364075,100.0,0.0,8060,7630.0,0.04994016226402184,0.004785654295024088,0.06184413326998579,0.01050745677775594,0.010588883705118086,0.010810747760219504,1.4754844996893194e-05,4.3697676852883933e-05,9.010837682617165e-05,0.2916,0.0,5.128320619894852e-05,0.0001504715854735131,8.85691099157919e-05,0.02776316347019398,0.0,0.0006914678053677702,0.0021152766018114996,8.444235672631086e-05,0.36,0.0
2019-05-28,gasoline,docx_strict_mdp_value_iteration,68.00149017161712,7573.418,5434433.2469999995,0.13275198293056265,50,56.94525428735654,100.0,0.0,8110,7730.0,0.010719821281324671,0.00471676683986881,0.000166921956780301,0.010939583986194079,0.010951199465614276,0.011032630936875,1.3021450330707047e-05,3.798267538971739e-05,8.209113834323079e-05,0.0625,0.0,1.6638615459517628e-05,4.84700721383203e-05,8.188079111109937e-05,0.027426359196510944,0.0,0.0005197864218620893,0.001579553453037422,8.041370791429136e-05,0.0,0.0
2019-06-12,gasoline,docx_strict_mdp_value_iteration,60.803864299344106,7612.645,5105936.3975,0.13275198293056265,-465,-401.1308578789897,100.0,0.0,7645,7830.0,0.2067048275966896,0.14885552211245767,0.00011518925239559846,0.010293084909305054,0.010399243283535071,0.011240355291525075,0.0009358383826162827,0.0031100499824410705,9.422420057796127e-05,1.0609,0.05667231358731106,0.0006912517723779388,0.0022579352056242945,9.217452952874646e-05,0.8393348981497399,0.011310773566945098,0.000344829761607678,0.001039465363511663,7.673137541871275e-05,0.0,0.0
2019-06-26,gasoline,docx_strict_mdp_value_iteration,60.31181874518448,7616.062,5105936.3975,0.13275198293056265,-120,-101.5675800752677,100.0,0.0,7525,7930.0,0.11226624676115081,0.08630491408602553,5.5316997499778425e-05,0.011050994403906217,0.011083494818146328,0.01143473686355547,0.0016050804800557615,0.005198592048105427,8.008470115891785e-05,0.4760999999999999,0.06919060832615909,0.0015044809702467565,0.00484808446393953,7.950406465802339e-05,0.3589526296340397,0.05575852059456299,0.00014000918887680763,0.00041662318050915176,7.336373259653561e-05,0.0,0.0
2019-07-10,gasoline,docx_strict_mdp_value_iteration,62.23218388585334,7508.369999999999,9872437.775,0.13275198293056265,150,48.91147160222594,100.0,0.0,7675,8030.0,0.05007130469916599,0.015768465375865726,1.709282485615258e-05,0.011715261413109138,0.01153417769615656,0.011616545816267167,0.00048646622474055794,0.0014660667279228323,6.86368934531184e-05,0.2916,0.0,0.000851109967566716,0.002636454538086188,7.167014728025304e-05,0.09057577997503118,0.0,8.482466027248734e-06,2.4603082463180363e-05,7.028230405074754e-05,0.0,0.0
2019-08-07,gasoline,docx_strict_mdp_value_iteration,59.78548531751208,7413.043,5236898.556750001,0.13275198293056265,-80,-132.88519684719734,100.0,0.0,7595,8130.0,0.03635999798740274,0.022818160645356734,9.170259426650415e-05,0.011478134535142959,0.01138525077863376,0.01178650900179225,0.00041925368367971204,0.0012990638231122017,7.262219100112312e-05,0.2116,0.0,0.0005850607541147254,0.0018392539126009034,7.421390414703025e-05,0.13220011463723813,0.0,0.0002775570943611819,0.0007944840173896227,6.746143437763976e-05,0.0,0.0
2019-08-21,gasoline,docx_strict_mdp_value_iteration,56.781321350083445,7351.448,5236898.556750001,0.13275198293056265,-210,-147.65089853976062,100.0,0.0,7385,8230.0,0.018783940555747905,0.00037156998594784326,0.00022807972259121018,0.011406795098680252,0.011517454024745398,0.011945312381991095,0.0009548912323636164,0.003075449637460703,7.384317047606574e-05,0.06760000000000001,0.015799202124068712,0.0007015800041194638,0.0022205570445819386,7.195358622230805e-05,0.0008721037858950649,0.0,0.000771760407354214,0.0021855568195662638,6.487799262370598e-05,0.0,0.0
2019-09-04,gasoline,docx_strict_mdp_value_iteration,57.816294465619606,7315.914999999999,5164827.531500001,0.13275198293056265,115,92.42867299716372,100.0,0.0,7500,8330.0,0.0724577937808927,0.03962007324310631,0.0003887206376636951,0.012139723666256727,0.012098524291684268,0.01209360331353091,0.00041663035151197597,0.0012570806617777683,6.17839440428046e-05,0.42250000000000004,0.0,0.00048566300703894544,0.0014745475346288424,6.24333183691036e-05,0.23055280267741265,0.0,0.0013578107786893043,0.003811691224749217,6.251110856380943e-05,0.0,0.0
2019-09-19,gasoline,docx_strict_mdp_value_iteration,61.16112727142305,7301.638,5164827.531500001,0.13275198293056265,125,180.36717840663857,100.0,0.0,7625,8430.0,0.0001106780211782614,0.00531834513018,0.0005519152633924639,0.012294833793428583,0.012394345725567354,0.012231992704865228,0.0001047295801702891,0.0003094738497221172,5.9369586270890166e-05,0.0004,0.0,3.924566675911727e-05,0.00011424750506944115,5.784597694219559e-05,0.030932722934608956,0.0,0.001956722726648575,0.005453936385529285,6.034193733726705e-05,0.0,0.0
2019-10-22,gasoline,docx_strict_mdp_value_iteration,57.12562169048032,7329.84,10836076.226,0.13275198293056265,-150,-235.3656320066696,100.0,0.0,7475,8530.0,0.051950761785787,0.12095576669887172,0.0006573674669429433,0.011935977361290477,0.011785064156379439,0.012361057052383485,0.0005238976462698404,0.0016467852592252895,6.50284611176197e-05,0.30250000000000005,0.0,0.0008370376591027515,0.0026944763352700217,6.748517091480188e-05,0.6913350786165905,0.005364700931310473,0.002345810971379177,0.006512281865672357,5.83534493569401e-05,0.0,0.0
2019-11-05,gasoline,docx_strict_mdp_value_iteration,58.82863583797074,7367.397000000001,5029172.0385,0.13275198293056265,105,62.424369412822166,100.0,0.0,7580,8630.0,0.04463398759763521,0.06086650549171756,0.0007508656371623023,0.012512660629736636,0.012435883137587393,0.012481340362576745,0.00033916236215354484,0.00102093738572205,5.606025084549579e-05,0.2601,0.0,0.00046032622713508396,0.0014019217388895001,5.721586390823475e-05,0.3547155397816836,0.0,0.0026918092922631385,0.007448370015521575,5.653024274341759e-05,0.0,0.0
2019-11-19,gasoline,docx_strict_mdp_value_iteration,60.38635653789781,7391.4400000000005,5029172.0385,0.13275198293056265,70,57.33953546583127,100.0,0.0,7650,8730.0,0.0009159376720124814,0.00010305918489491637,0.0008774292732929754,0.012561642578102685,0.01253912796617793,0.012593355966668498,0.00022842704223688002,0.0006865084984407741,5.5329161135894875e-05,0.004900000000000001,0.0,0.00025632754928337685,0.0007730059757668515,5.5664611505068276e-05,0.00010342214507388413,0.0,0.0031610008759786544,0.008710255843826953,5.485837583648515e-05,0.0,0.0
2019-12-03,gasoline,docx_strict_mdp_value_iteration,61.6447790105661,7450.41,5261351.740999999,0.13275198293056265,55,87.89816178529668,0.0,0.0,7705,8730.0,0.00023471156331938953,0.0007005640427663102,0.007598624999843199,0.012640093962324283,0.012698062751232867,0.012543180237758763,0.00024111617911616815,0.0007267240374601884,5.4168216883415484e-05,0.0009,0.0,0.000174717063831693,0.0005219734133178666,5.331828758493293e-05,0.0037353185701308965,0.0,0.0026777293478685675,0.007495037245663139,5.560416096655146e-05,0.04000000000000001,0.0
2019-12-31,gasoline,docx_strict_mdp_value_iteration,65.79524728050137,7482.209999999999,5261351.740999999,0.13275198293056265,235,227.7799153800312,-100.0,0.0,7940,8630.0,0.022196444417662824,0.013409688865638132,0.007380670620066035,0.012906819570338244,0.01289418810674241,0.012341281497412204,1.9169524535888275e-06,5.493533046970144e-06,5.0313208607736544e-05,0.1296,0.0,3.5698735120970284e-06,1.0249670570865325e-05,5.0492562662361036e-05,0.07826761995495211,0.0,0.001866619668849685,0.005329000000000013,5.865596910188065e-05,0.04000000000000001,0.0
2020-02-05,gasoline,docx_strict_mdp_value_iteration,56.51253007511973,7460.110000000001,4446113.120499999,0.13022159358793023,-420,-546.1838171183399,-100.0,0.0,7520,8530.0,0.3092420163011407,0.46783472802811915,0.0004305410599228195,0.011591556447422265,0.01137733290888146,0.012148397485529615,0.0008219229896250932,0.0027077353316687495,7.070192297688608e-05,1.7161000000000002,0.03477021761370236,0.0013939625196170112,0.004756325222163438,7.435038776425867e-05,2.396079436891241,0.13079823425893822,0.0014923948229829203,0.004280656892644257,6.164766204523768e-05,0.0,0.0
2020-02-19,gasoline,docx_strict_mdp_value_iteration,53.91955130446159,7434.13,4446113.120499999,0.13022159358793023,-415,-203.5411198372661,-100.0,0.0,7105,8430.0,0.12326926291050953,0.1252625110601566,0.0003425529189780584,0.011378132672718911,0.011757178846964648,0.011964003858605866,0.003232368808340595,0.01130473251880286,7.433659620923716e-05,0.0001,0.27939279016760676,0.0017591633733837317,0.005788633530548103,6.794410056092706e-05,0.4696160720001982,0.10132518790154799,0.001172956302113119,0.003379567197026942,6.457723398450141e-05,0.0,0.0
2020-03-18,gasoline,docx_strict_mdp_value_iteration,36.82233377727081,7168.754999999999,7667176.181,0.13022159358793023,-1015,-89.82294244593515,-100.0,0.0,6090,8330.0,0.7831158197610381,0.05598844338666624,0.0006316129694407317,0.010021817487887264,0.011777091013971359,0.011787602838696743,0.012833105962064259,0.05623323017423373,9.956412624503244e-05,1.44,1.2160485044961047,0.002055612587550317,0.006706339034308604,6.761623219251058e-05,0.051727295476824864,0.10629737657279303,0.002216216039038069,0.006305179762541287,6.744346713498179e-05,0.0,0.0
2020-06-29,gasoline,docx_strict_mdp_value_iteration,40.36722861556009,6438.177,9971345.506000001,0.13022159358793023,120,145.34868109642406,-200.0,0.0,6210,8130.0,0.9380026914466266,0.08368029364461849,0.00904173577178027,0.012046156444209324,0.012102264097586744,0.011456899174507644,0.002917051926384041,0.009359300586011332,6.326362730999286e-05,5.1529,0.12579126412677977,0.002691112453308849,0.008561576120536204,6.237423238426733e-05,0.2212227700781965,0.10286531491646556,0.007949037637783811,0.021932517024686495,7.298457171452818e-05,0.04000000000000001,0.0
2020-07-11,gasoline,docx_strict_mdp_value_iteration,41.77423652824659,6161.043,10703417.385,0.13022159358793023,100,75.52626927038409,-200.0,0.0,6310,7930.0,0.0004145963394445738,0.0035062764527710785,0.0026700396059460294,0.011684603404041975,0.011631479179030972,0.01113593025060865,0.00043874803559737675,0.0013244870152777353,6.914582054807032e-05,0.0016,0.0,0.0005309096796534967,0.001615658213509972,7.003214073099214e-05,0.019500676772820507,0.0,0.009726453286363162,0.026592314317888728,7.857173252207482e-05,0.0,0.0
2020-08-22,gasoline,docx_strict_mdp_value_iteration,43.85823497882871,6141.2609999999995,10684992.898999998,0.13022159358793023,85,44.27440074524165,-200.0,0.0,6395,7730.0,0.00020937046614659044,0.0007516280261908667,0.002118960175206818,0.011345326069414028,0.011258325488104702,0.010823773543810526,0.00013889958079188044,0.0004129951876985567,7.490338084476445e-05,0.0009,0.0,0.00023267821255139402,0.000701039362533172,7.64168732719199e-05,0.0039067171452511545,0.0,0.007653601016476796,0.02117868343998369,8.420313197527163e-05,0.0,0.0
2020-09-19,gasoline,docx_strict_mdp_value_iteration,39.64007599342116,6308.501,10790824.909999998,0.13022159358793023,-315,-81.0969677119297,-200.0,0.0,6080,7530.0,0.21073620753257025,0.016364729057515955,0.0010419418475267654,0.010204312510876784,0.010697349307958237,0.010519524724465408,0.00276473483004604,0.009522325046555797,9.595549338456511e-05,0.6400000000000001,0.2292773194805029,0.0010984562184892148,0.0034980627331582205,8.65393098981451e-05,0.06287192011529527,0.01202009723666242,0.0036714662332811925,0.01044845056429439,8.98794114500227e-05,0.0,0.0
2020-10-23,gasoline,docx_strict_mdp_value_iteration,41.00596192843084,6302.937,9994825.7,0.13022159358793023,80,-59.97616409702915,-200.0,0.0,6160,7330.0,0.14161043901916195,0.09368959229991926,0.0006444055394922824,0.010757689094100669,0.010447351392815572,0.010222293371116591,0.0021744389948977834,0.00692291534114627,8.542031088130572e-05,0.6241000000000001,0.07797709025529875,0.003427976758097502,0.011448006234013998,9.125309541234259e-05,0.0017843533813567836,0.21103495272310946,0.002223573115628402,0.0064188515150877855,9.560354692051056e-05,0.0,0.0
2020-11-06,gasoline,docx_strict_mdp_value_iteration,38.34252841915856,6238.393,5241168.8005,0.13022159358793023,-160,-90.85912886722424,-200.0,0.0,6000,7130.0,0.12910223019475844,0.06034219703789426,0.0004309752073375531,0.009948871901037902,0.010100171635276513,0.009931198462652028,0.0029520147266247866,0.00994650506802778,0.00010102517606174544,0.2304,0.20284166869558673,0.0023477028764867258,0.007724182617481029,9.800660165098371e-05,0.0038150300519884453,0.13477488789019776,0.0014515035867690657,0.004231511623427078,0.00010138076439850089,0.0,0.0
2020-11-20,gasoline,docx_strict_mdp_value_iteration,41.39589389256359,6189.062,5241168.8005,0.13022159358793023,150,-48.39148331653406,-200.0,0.0,6150,6930.0,0.06623754201764723,0.07972470629355048,0.00023446581972593993,0.0103604745485703,0.009914761032168276,0.00964536358382634,0.0014241937888615753,0.0044025274861259804,9.292045092876096e-05,0.3844,0.0,0.0030157418413559196,0.009979483063606027,0.00010171204503827151,0.007214003674476224,0.17728121267659303,0.0007463915666635525,0.0022012480826404646,0.0001072184953111497,0.0,0.0
2020-12-04,gasoline,docx_strict_mdp_value_iteration,45.8284697044521,6226.085,5130828.1115,0.13022159358793023,250,266.670492495811,-200.0,0.0,6400,6730.0,0.006971026773910846,0.06807782773705578,4.479667677426579e-05,0.0103008997895932,0.010337438847430734,0.009363911768086213,0.00036700135888193626,0.0010775319146728518,9.407254489151323e-05,0.04000000000000001,0.0,0.0003143517687700964,0.0009179919830213475,9.336508802714071e-05,0.39705619441111484,0.0,7.358741386290136e-05,0.00022129325401994547,0.00011312637287705494,0.0,0.0
2020-12-18,gasoline,docx_strict_mdp_value_iteration,48.69680983086777,6256.951999999999,5130828.1115,0.13022159358793023,155,177.70307772620797,-200.0,0.0,6555,6530.0,0.006221858586281916,0.005453567685493644,5.607734544986625e-05,0.00981301317676982,0.009860830888800605,0.009085959886690394,7.223510346190887e-05,0.00021115570250203176,0.00010377470053666532,0.0361,0.0,4.350329518135802e-05,0.00012626148204365197,0.00010280275026549994,0.03166080356314633,0.0,0.00010674134486945617,0.00033071622559560973,0.00011911627159493116,0.0,0.0
2021-01-01,gasoline,docx_strict_mdp_value_iteration,49.85432428184906,6420.26,3347901.540333334,0.13095435684647302,90,56.53186546586574,-200.0,0.0,6645,6330.0,0.0029820554031080816,0.010169300356129098,0.04360685182742056,0.009408548201049801,0.009339723736656166,0.008810612474312592,0.00022906101241934875,0.000685344335229452,0.00011217885120948542,0.016900000000000002,0.0,0.0003192887707529204,0.0009653425634966234,0.00011364149001081199,0.05872985072256365,0.0,0.0016729252156002805,0.005514411516163414,0.000125202393200009,0.0,0.0984642351383398
2021-01-16,gasoline,docx_strict_mdp_value_iteration,53.26909011347213,6505.897999999999,3347901.540333334,0.13095435684647302,185,151.27707930079168,0.0,0.0,6830,6330.0,0.006218774666492374,0.0061995101640320485,0.0780905169269343,0.009338142107660015,0.009269732952618938,0.008962857481649067,5.41681339220587e-05,0.0001574345205138784,0.00011367521371645242,0.0361,0.0,0.00010161855543133,0.00029838423986758625,0.00011513863090811191,0.03590662217850337,0.0,0.002377713798124018,0.007706731834515026,0.00012181851497038998,0.16000000000000003,0.11421129106672034
2021-01-30,gasoline,docx_strict_mdp_value_iteration,54.2745690912804,6562.99,3347901.540333334,0.13095435684647302,75,33.84687382384159,400.0,0.0,6905,6730.0,0.008319996977771789,0.009491946328604903,0.10969906194723167,0.009254977039957908,0.009173756446520841,0.009958760860075798,3.7179488343696994e-05,0.00010960467627012015,0.00011545551841183173,0.0484,0.0,8.758129083153088e-05,0.0002614007488956824,0.00011720754947924905,0.05515941263343487,0.0,0.000429649437401517,0.0012379314219226388,0.00010082648346514574,0.6400000000000001,0.0
2021-02-19,gasoline,docx_strict_mdp_value_iteration,60.96463300505847,6662.870000000001,10538256.978,0.13095435684647302,275,360.4277061922937,400.0,0.0,7180,7130.0,0.02742213349665356,0.07310045172441915,2.0530772037842156e-05,0.010586416689592863,0.010753187136540682,0.010850744479304912,5.1389958589127325e-05,0.0001445688057200025,8.861555074197579e-05,0.16000000000000003,0.0,0.00019039812667034776,0.0005260108118170112,8.550354813183671e-05,0.42662016028188415,0.0,1.097921105028088e-05,3.042767950051908e-05,8.370887658296955e-05,0.0,0.0
2021-03-04,gasoline,docx_strict_mdp_value_iteration,63.49776121057933,6863.878000000001,5430784.616,0.13095435684647302,260,165.2816717297884,400.0,0.0,7440,7530.0,0.00019952919796407517,0.02609520263703201,9.529146399506667e-05,0.011381945832055857,0.011204120507350273,0.011650049742750837,0.00010802458928481275,0.0003040054718030958,7.427085764161942e-05,0.0009,0.0,1.0690723510237632e-05,3.06824156735967e-05,7.736749604921603e-05,0.15232789906576527,0.0,0.00029526416682949835,0.0008101091814062871,6.972166929853537e-05,0.0,0.0
2021-03-18,gasoline,docx_strict_mdp_value_iteration,67.01854661579151,6988.478,5430784.616,0.13095435684647302,235,225.134381264712,400.0,0.0,7675,7930.0,0.0005265624563963501,0.0025448779522792182,0.00035825981630050515,0.01207612568193506,0.01205825111936329,0.012366411250954468,0.0003089305649564052,0.0008672506994705508,6.278778420848911e-05,0.0025000000000000005,0.0,0.00028427179944617896,0.000799598420066578,6.307137528309443e-05,0.014329387354687738,0.0,0.001276090743341109,0.0034491106972262013,5.827167718955454e-05,0.0,0.0
2021-04-01,gasoline,docx_strict_mdp_value_iteration,62.04512012374969,7116.125,5196195.93425,0.13095435684647302,-225,-221.4627653483768,400.0,0.0,7450,8330.0,0.1449250860095356,0.13660359934619173,0.0007524215326262017,0.011933205882519253,0.011939418427081516,0.013008320082662457,7.46995061675324e-05,0.00023057097653258855,6.5073167333822e-05,0.8464,0.0,7.037515600324056e-05,0.00021701003899167267,6.497297529367303e-05,0.7977960454518109,0.0,0.002756365395223132,0.007348482331107712,4.888358806650112e-05,0.0,0.0
2021-04-29,gasoline,docx_strict_mdp_value_iteration,64.58044852548319,7158.853999999999,5196195.93425,0.13095435684647302,100,116.34857925038446,400.0,0.0,7550,8730.0,0.07234142189606466,0.07815293001883476,0.0014756915518857395,0.013116876106309927,0.01314645676050101,0.013583229133860208,2.2881048484171586e-05,6.711841263102355e-05,4.737739453588719e-05,0.42250000000000004,0.0,1.2925712153706539e-05,3.7746608276677495e-05,4.6971054935682313e-05,0.45646601815849214,0.0,0.005501847859133222,0.014393018028653962,4.117494834854042e-05,0.0,0.0
2021-05-15,gasoline,docx_strict_mdp_value_iteration,67.36618689441394,7212.645,11256094.574999996,0.13095435684647302,100,150.02609110473497,400.0,0.0,7650,9130.0,9.188664284788566e-06,0.0007858437577568356,0.0023201262941449346,0.013658624323618487,0.013747941225076082,0.01409771567126236,2.745236791818252e-06,8.00557093425635e-06,4.021304546900309e-05,0.0,0.0,3.768830998031016e-06,1.086382115886845e-05,3.908823892510316e-05,0.004536699218799678,0.0,0.008749659933708635,0.022501807265205388,3.483696029726194e-05,0.0,0.0
2021-06-12,gasoline,docx_strict_mdp_value_iteration,70.3200309153057,7265.418,5896739.0345,0.13095435684647302,175,116.85780444999692,400.0,0.0,7825,9530.0,0.003871431442035379,0.0007624259506360696,0.0032752028248993407,0.014275401066826128,0.01417295058091399,0.014557611748387277,4.632824897899318e-05,0.00013252790942441076,3.2771032945695436e-05,0.0225,0.0,7.190951408648798e-06,2.0807064135580062e-05,3.3954504932470605e-05,0.004400540958443498,0.0,0.012468954979707418,0.031551227740795364,2.9619589881292194e-05,0.0,0.0
2021-06-29,gasoline,docx_strict_mdp_value_iteration,73.81668627930864,7298.093999999999,5896739.0345,0.13095435684647302,225,219.0240814421149,400.0,0.0,8050,9930.0,0.0018274585046445906,0.007258418978661741,0.004397833238811273,0.014789924110633677,0.014779629632057183,0.014968110106710581,0.000397312173115452,0.0011158587529184903,2.7144890772956285e-05,0.010000000000000002,0.0,0.00038101937781529377,0.0010713157922190473,2.7252266778495422e-05,0.0417517926177207,0.0,0.016895973719411803,0.04204382990334156,2.5319915898188203e-05,0.0,0.0
2021-07-13,gasoline,docx_strict_mdp_value_iteration,75.49530422422905,7403.504999999999,6539542.521,0.13095435684647302,70,95.85030750703018,200.0,0.0,8120,10130.0,0.01653389877913273,0.010488665932587422,0.031923096700029116,0.01490807324335923,0.014951359882093906,0.015062354273137572,0.0002775507906046145,0.0007974016147109908,2.59277180949942e-05,0.0961,0.0,0.00033898660635777567,0.0009691836700559889,2.5488767040130865e-05,0.06068711434164541,0.0,0.017259358642951424,0.04374394961283183,2.4380345324002802e-05,0.16000000000000003,0.0
2021-07-27,gasoline,docx_strict_mdp_value_iteration,72.90358332124636,7457.73,6539542.521,0.13095435684647302,-100,-126.66540069098052,100.0,0.0,8020,10230.0,0.01980447710933864,0.03391404936990554,0.011441276540762841,0.014714050831016396,0.014669784236234351,0.015013126735235652,3.4463282397171374e-05,0.00010218134371055029,2.7941258617078462e-05,0.11560000000000002,0.0,1.6472485163134657e-05,4.908968270718427e-05,2.841120008829582e-05,0.19805296157944904,0.0,0.017410205466142185,0.04451852496108566,2.4868904958821434e-05,0.04000000000000001,0.0
2021-08-24,gasoline,docx_strict_mdp_value_iteration,68.50168497549342,7535.96,12879899.287999999,0.13095435684647302,-250,-211.2887832862567,0.0,0.0,7770,10230.0,0.015496610145231933,0.004968942079881256,0.011083675331561292,0.014413271320371315,0.014478336177967252,0.01483346514995997,0.0002840029130572375,0.0008927559484470683,3.121153733978568e-05,0.09,0.0,0.00020202186475674102,0.0006285502723975326,3.0488771363545303e-05,0.02864446752746596,0.0,0.015929274686956995,0.041350009962456837,2.6693082356678155e-05,0.04000000000000001,0.0
2021-09-07,gasoline,docx_strict_mdp_value_iteration,70.94020696686133,7544.737999999999,6034873.745000001,0.13095435684647302,140,101.13162667316834,-100.0,0.0,7910,10130.0,0.1041719039699885,0.06687305493502606,0.010723427872397811,0.01490629715191285,0.014838866186601433,0.014531650019948815,6.501926509979588e-05,0.00019106858357533405,2.5945808704611154e-05,0.6084,0.0,0.00011569378756529551,0.0003434654420811348,2.6637302239806037e-05,0.3904260502368607,0.0,0.014456002035506269,0.038106354425479654,2.9902851504325796e-05,0.04000000000000001,0.0
2021-09-19,gasoline,docx_strict_mdp_value_iteration,72.09496687218568,7551.688,6034873.745000001,0.13095435684647302,90,26.51082644378488,-200.0,0.0,8000,9930.0,0.0017196095099290766,0.0038320049475305588,0.010094495710376931,0.014531126438092429,0.014422931430774341,0.014111616448746905,5.3634015527518585e-06,1.5689521000000105e-05,2.990857803613161e-05,0.010000000000000002,0.0,4.456593189107241e-05,0.0001325340073649184,3.1103693825844736e-05,0.022273055307494218,0.0,0.011974075143732353,0.03222303384663439,3.467306084666802e-05,0.04000000000000001,0.0
2021-10-10,gasoline,docx_strict_mdp_value_iteration,78.96768144260471,7617.334999999999,6062452.9565,0.13095435684647302,345,401.3145502239773,-200.0,0.0,8345,9730.0,0.04460425231269747,0.09630635059262295,0.0024727960535586707,0.014561513293827925,0.01465640203017383,0.013708699301346862,0.00026609965405937036,0.0007397161465859176,2.9577137653210385e-05,0.2601,0.0,0.00040342187369659597,0.001109975538442133,2.8554039263130377e-05,0.561911325437995,0.0,0.00903657719003886,0.024689517150367237,3.9580464480873465e-05,0.0,0.0
2021-10-23,gasoline,docx_strict_mdp_value_iteration,83.66223786031158,7660.6759999999995,6062452.9565,0.13095435684647302,300,248.6669819591909,-200.0,0.0,8645,9530.0,0.001682310606092483,0.01619620355421613,0.001847507428344833,0.014083434759476463,0.014000515676994505,0.013321762290309246,0.0010527321560055108,0.0029009531798888225,3.500574424537134e-05,0.0081,0.0,0.00084823599740914,0.0023587799236667135,3.59938121419887e-05,0.09320512038861047,0.0,0.006690686482648967,0.018537236809765167,4.459885890713561e-05,0.0,0.0
2021-11-20,gasoline,docx_strict_mdp_value_iteration,81.7741352559971,7796.645,12737818.603999998,0.13095435684647302,-95,-119.49603024612348,-200.0,0.0,8550,9330.0,0.10692197264818419,0.09288435491312129,0.00107975307543627,0.013084478489530772,0.013046282765905146,0.012949716059124445,0.000269679843088895,0.000790267446735745,4.78244377617626e-05,0.6241000000000001,0.0,0.0002207813749143758,0.0006498216381076885,4.835418337174779e-05,0.5421760142243619,0.0,0.0038502769194157537,0.010888240265241713,4.9706503646967754e-05,0.0,0.0
2021-12-04,gasoline,docx_strict_mdp_value_iteration,74.59425467322328,7829.855,6298273.9135,0.13095435684647302,-430,-343.4935993842226,-200.0,0.0,8120,9130.0,0.0769117879133353,0.03438743284068238,0.0006740593117555382,0.012202538554066986,0.012338923412632864,0.012591514481267432,0.00018479615771718885,0.0005889288903061196,6.0800405000811785e-05,0.4489000000000001,0.0,6.379633505693711e-05,0.00019890362667448003,5.8692094477504894e-05,0.20069964391910994,0.0,0.0023679377988527666,0.006790355675714915,5.4885657681270176e-05,0.0,0.0
2021-12-18,gasoline,docx_strict_mdp_value_iteration,73.19518770813278,7854.064,6298273.9135,0.13095435684647302,-130,-104.7350670457769,-200.0,0.0,7990,8930.0,0.06181143560478747,0.03919532261166304,0.0003673090982711996,0.012325627398286167,0.012367569110028695,0.012246151027000907,0.0005885138497862688,0.0018478592498445364,5.889599482993596e-05,0.36,0.0,0.0005100572609268699,0.0015910732003154755,5.825400129018818e-05,0.22802254705763444,0.0,0.0012584479559759243,0.0036585022803464506,6.0122173896079094e-05,0.0,0.0
2022-01-01,gasoline,docx_strict_mdp_value_iteration,74.9262029070608,7841.52,4245521.644888889,0.1302062107751243,140,101.11892643151924,-200.0,0.0,8130,8730.0,0.04998669664913949,0.029109490758169144,0.00018198297657970864,0.012450746853246193,0.01238515113391999,0.011912655176792623,0.00020201552734655108,0.0006010639288680735,5.699122307377227e-05,0.2916,0.0,0.0002827976025560554,0.0008498096335410457,5.7985923253240015e-05,0.16950346652220272,0.0,0.000593330769655608,0.0017449998937187758,6.540514628945916e-05,0.0,0.0
2022-01-18,gasoline,docx_strict_mdp_value_iteration,82.42811864871784,7841.441999999999,4245521.644888889,0.1302062107751243,345,443.3662765199027,-200.0,0.0,8475,8530.0,0.02880928474741749,0.08028049905514452,5.5970806994164765e-05,0.012470926649896576,0.012634021300580394,0.011590088858535793,7.771705844797252e-05,0.0002177426700289798,5.66869455112376e-05,0.16809999999999997,0.0,0.00023385610993476721,0.0006437315819066698,5.425764220030335e-05,0.4685329945700821,0.0,0.00014414851580771672,0.00042939807731900417,7.072660540732381e-05,0.0,0.0
2022-01-30,gasoline,docx_strict_mdp_value_iteration,88.27679784336111,7841.389999999999,4245521.644888889,0.1302062107751243,310,308.0656893683331,100.0,0.0,8785,8630.0,0.0010750330007402364,0.012769273351481068,0.06173651018053977,0.012086666669947812,0.012083590073443595,0.01175162792655044,0.0008131113939545837,0.0022478500354221847,6.262084439251486e-05,0.004900000000000001,0.0,0.0008061116771187685,0.002229248714987592,6.266954612528079e-05,0.07322499553423795,0.0,0.0003444040706520273,0.000984708763388384,6.803564186206261e-05,0.36,0.0
2022-02-18,gasoline,docx_strict_mdp_value_iteration,95.09613645496208,8021.5599999999995,12634411.127833333,0.1302062107751243,210,388.370281063454,200.0,0.0,8995,8830.0,0.007090025985990362,0.004858346355560243,0.006958348414253856,0.012068721155911816,0.012342414830907176,0.012058888822430417,0.0008311971456112893,0.002325180193678107,6.290518410268081e-05,0.04000000000000001,0.0,0.0015832067804843128,0.004298140880323129,5.863861062191038e-05,0.025795309789280324,0.0,0.0003522561975241966,0.0009957848526784437,6.306124673452056e-05,0.04000000000000001,0.0
2022-03-04,gasoline,docx_strict_mdp_value_iteration,101.13341693701254,8397.737,6282748.0935,0.1302062107751243,260,309.81850499199913,200.0,0.0,9255,9030.0,0.0018287051480499886,0.004375795144656932,2.2066999217074386e-05,0.012426946725797874,0.012501604244750046,0.012342631939001992,0.0003789170048374463,0.001064521939827821,5.735113589390354e-05,0.010000000000000002,0.0,0.0005042798208945524,0.001405135481991823,5.622593890235053e-05,0.02468152609591996,0.0,3.504594230687122e-05,0.00010036134466261911,5.8635285621592394e-05,0.0,0.0
2022-03-18,gasoline,docx_strict_mdp_value_iteration,113.50585413252529,8630.65,6282748.0935,0.1302062107751243,750,703.1630148709548,200.0,0.0,10005,9230.0,0.1650252578333426,0.10649842838657134,1.3817562430858942e-05,0.01339824061072103,0.013330022994545974,0.012604429183790762,0.0022988188763702266,0.005985546981631628,4.358322703393305e-05,0.9603999999999999,0.0,0.0020493318362338688,0.005374213331486236,4.4488593253285464e-05,0.6188796138076635,0.0,8.475617256626692e-06,2.4354171533074184e-05,5.469446769756578e-05,0.0,0.0
2022-04-01,gasoline,docx_strict_mdp_value_iteration,114.89434328685368,8986.95,3361088.0993333333,0.1302062107751243,110,61.34933358022732,200.0,0.0,10115,9430.0,0.2807389126880116,0.2822885856127708,2.7090457824405726e-05,0.012701864805719637,0.012636317366288787,0.012845747974157556,0.000938812620519761,0.0026545671148573333,5.3262777313993675e-05,1.6384,0.0,0.000783062762215274,0.0022305292798659405,5.422382193002012e-05,1.6476992059678226,0.0,5.7918736557180844e-05,0.00016944143316439118,5.1183322049270716e-05,0.0,0.0
2022-04-16,gasoline,docx_strict_mdp_value_iteration,103.45333688276853,9136.392,3361088.0993333333,0.1302062107751243,-545,-551.005172540214,200.0,0.0,9570,9630.0,0.29380134803548225,0.25679524930202974,1.7458397745715122e-05,0.012055768678989677,0.012047765848221493,0.013067958557249352,6.818965804386084e-05,0.00021582280991735468,6.311081128172143e-05,1.7161000000000002,0.0,7.377212672209012e-05,0.00023379491144600643,6.323802800471243e-05,1.4999121646640377,0.0,2.6240873117077766e-05,7.643443833037293e-05,4.805319856401249e-05,0.0,0.0
2022-04-29,gasoline,docx_strict_mdp_value_iteration,105.00803524072398,9236.02,3361088.0993333333,0.1302062107751243,205,99.36648701055998,200.0,0.0,9775,9830.0,0.38517461211481036,0.28966306149478727,9.487378605839919e-06,0.013281138707692488,0.013132348683092862,0.013272340758755266,8.150784180571957e-06,2.363302594828701e-05,4.514309706526818e-05,2.25,0.0,7.774447896181961e-05,0.00023054079574304302,4.7164634610616354e-05,1.6919331821873116,0.0,6.268203728281973e-08,1.8081960986823427e-07,4.526139886630568e-05,0.0,0.0
2022-05-17,gasoline,docx_strict_mdp_value_iteration,108.36545148363524,9170.074999999999,5398316.6405,0.1302062107751243,285,301.78496063385234,200.0,0.0,10060,10030.0,0.004470646324104372,0.028152894573988493,7.38194153727157e-05,0.013578849166021114,0.013601995786519787,0.013460090212944751,0.00028771689330823054,0.0008100700530910028,4.123117803270775e-05,0.0256,0.0,0.00032004849430822095,0.0008988054570333737,4.093445791571056e-05,0.163892953855934,0.0,0.00023285213334893123,0.0006623053633218053,4.2770420022821034e-05,0.0,0.0
2022-05-31,gasoline,docx_strict_mdp_value_iteration,114.66074917575683,9130.508,5398316.6405,0.1302062107751243,400,356.2915632744834,200.0,0.0,10460,10230.0,0.009513507095954147,0.0024433556388734094,0.00023053969794539818,0.013899510990470175,0.013840944213685886,0.013632324120598595,0.0016530373059088178,0.004502743581704318,3.721596615539419e-05,0.0529,0.0,0.0014680980759851085,0.004024591365258895,3.793396817892938e-05,0.011883878925694594,0.0,0.0008023111682357297,0.0022540867846375994,4.0547296105110466e-05,0.0,0.0
2022-06-15,gasoline,docx_strict_mdp_value_iteration,123.52366202148691,9311.07,5469238.1915,0.1302062107751243,390,530.798940253133,200.0,0.0,10850,10430.0,0.000747508284321211,0.021731412819601992,0.00022823163846441766,0.01402914512010742,0.014210592930499024,0.013790086576368992,0.0024747704148546184,0.006697272695533994,3.5651107996737036e-05,0.0004,0.0,0.00324740124080011,0.00861749569653448,3.351723421638788e-05,0.12181129847987406,0.0,0.0007952612856373484,0.002235394773539345,3.8563024728992586e-05,0.0,0.0
2022-06-29,gasoline,docx_strict_mdp_value_iteration,116.30201988976656,9435.234,5469238.1915,0.1302062107751243,-320,-314.68578734433385,200.0,0.0,10530,10630.0,0.34536978499706905,0.48967754746378434,0.0002784196451692724,0.013278310398484898,0.013284912667581156,0.01393435350269799,0.0006533393890100094,0.0019330427256272242,4.518111109911626e-05,2.0164,0.0,0.0006673552247536869,0.001972990540537625,4.509239788201203e-05,2.859377698402251,0.0,0.0009792665868542647,0.0027453065097892025,3.679206743023216e-05,0.0,0.0
2022-07-13,gasoline,docx_strict_mdp_value_iteration,111.43747117484044,9537.25,5489161.390333334,0.1302062107751243,-360,-278.69525475574534,200.0,0.0,10170,10830.0,0.0011052891554192985,0.0009048072679892784,0.00035554729334093255,0.01335157034137618,0.013455651364429805,0.014066037223581206,1.6141956508181837e-06,4.916445016818325e-06,4.420161692566886e-05,0.0064,0.0,3.098206538559874e-05,9.321923825760881e-05,4.282849906388948e-05,0.005181273744041006,0.0,0.0012619850066667331,0.0035244997821618253,3.5211914231923854e-05,0.0,0.0
2022-07-27,gasoline,docx_strict_mdp_value_iteration,106.91515195236693,9548.794,5489161.390333334,0.1302062107751243,-300,-240.3048452859468,200.0,0.0,9870,11030.0,0.0025444755572982887,0.0010618609321234411,0.0005544895070722004,0.013539421182510088,0.013618544075745417,0.014185990708101143,0.00024087254725152718,0.0007538501844751775,4.173907865699935e-05,0.0144,0.0,0.00015151135158610217,0.0004682981055858688,4.072297971320392e-05,0.005895294157035186,0.0,0.001993177117465611,0.005518833025532446,3.3802704046286256e-05,0.0,0.0
2022-08-10,gasoline,docx_strict_mdp_value_iteration,101.49214704487676,9391.69,5464900.115666667,0.1302062107751243,-130,-335.8412099395813,200.0,0.0,9740,11230.0,0.01985226797612809,0.0064466947198910975,0.0010823907048606476,0.013873044783285332,0.013591919954730424,0.014295011510701066,0.00019157244270026657,0.0005875397722720953,3.7539580227627095e-05,0.11560000000000002,0.0,0.000633296784584571,0.0020301346170339993,4.1063489866582136e-05,0.036508787884928874,0.0,0.003952769009770625,0.010752932809411241,3.2546893663033335e-05,0.0,0.0
2022-08-24,gasoline,docx_strict_mdp_value_iteration,97.35805634700957,9292.81,5464900.115666667,0.1302062107751243,-205,-276.2229640229892,200.0,0.0,9535,11430.0,0.003971805753140963,0.002605746679358801,0.0016304865663337757,0.013870064632214317,0.013771494550464851,0.01439384543256781,0.0003828216276302651,0.0011971527425385258,3.7576107613229804e-05,0.0225,0.0,0.0005536636432428782,0.0017585096286705584,3.879428013488905e-05,0.014217340984685009,0.0,0.006012469019494126,0.016124111481581,3.142896903394081e-05,0.0,0.0
2022-09-07,gasoline,docx_strict_mdp_value_iteration,94.71181033628494,9099.77,5670928.372,0.1302062107751243,190,-121.70158940169318,200.0,0.0,9725,11630.0,0.10684370701085885,0.01642399778364043,0.002530096000986816,0.01451592935089798,0.014075270650108326,0.0144831899261908,6.391623765015769e-06,1.8412703061702944e-05,3.0075030884342263e-05,0.6241000000000001,0.0,0.00023178744753511317,0.0007125180613538267,3.5102417869467825e-05,0.0955074208594196,0.0,0.009437976550500845,0.024825348687571566,3.0435193390482677e-05,0.0,0.0
2022-09-22,gasoline,docx_strict_mdp_value_iteration,89.00777637279255,9023.498,5670928.372,0.1302062107751243,-290,-292.8422731000546,200.0,0.0,9435,11830.0,0.15779573623490273,0.020089190081763245,0.0032193268332712456,0.013929917251218397,0.013925977577774053,0.014563697263123811,8.682168134201013e-05,0.00026848741498254863,3.684590457705603e-05,0.9216,0.0,8.98466237063639e-05,0.0002780149884568073,3.689374838570356e-05,0.11715653446697039,0.0,0.012094495851911895,0.03141260329165861,2.9553387446967545e-05,0.0,0.0
2022-10-25,gasoline,docx_strict_mdp_value_iteration,90.25207977745296,8949.23,11412628.235666666,0.1302062107751243,185,144.13260244804465,200.0,0.0,9620,12030.0,0.15450827012301188,0.13075722283591124,0.0039630908685766774,0.014672395535348964,0.014614008139131867,0.014635977483160739,3.293275849427887e-05,9.460696595364035e-05,2.838336933176965e-05,0.9025,0.0,1.1465256509100837e-05,3.315216058371734e-05,2.9008908325337777e-05,0.7637881674411074,0.0,0.014988942394112779,0.03845152608158187,2.877273756115861e-05,0.0,0.0
2022-11-08,gasoline,docx_strict_mdp_value_iteration,92.85719227531808,8912.398,5131944.2036666665,0.1302062107751243,155,137.98403611313432,200.0,0.0,9775,12230.0,0.0007001976526775223,0.00010125138523214619,0.004622091980270428,0.014693688181354938,0.01466984492800828,0.014700601141517401,0.0002797398578161527,0.000797821201106748,2.815694511669227e-05,0.0036,0.0,0.00024847071245920853,0.0007105323460542856,2.841055309147907e-05,0.0001512194718991705,0.0,0.01757539289142137,0.04463397296705488,2.808362826128668e-05,0.0,0.0
2022-11-22,gasoline,docx_strict_mdp_value_iteration,89.9855541292591,8889.362,5131944.2036666665,0.1302062107751243,-175,-224.4120743943581,200.0,0.0,9600,12430.0,0.0745932095859511,0.0899418813490267,0.005258167835488792,0.014296336641463249,0.014228196920494724,0.014758101869163227,6.61132655186421e-05,0.00019669478129340535,3.253177570751474e-05,0.43560000000000004,0.0,2.8434639391618176e-05,8.526776377984473e-05,3.331371078858659e-05,0.5253237636438345,0.0,0.020090120788325047,0.05055580403109549,2.7477496014070062e-05,0.0,0.0
2022-12-06,gasoline,docx_strict_mdp_value_iteration,82.85068835840534,8741.564999999999,4802312.8075,0.1302062107751243,-440,-421.1996767706015,200.0,0.0,9160,12630.0,0.04811225181077021,0.02653845159845416,0.0064401281720191305,0.013974262083770846,0.014000660514653524,0.01480897876014802,6.53619503657095e-05,0.00020504301530529137,3.6309517435081674e-05,0.28090000000000004,0.0,4.894246370731544e-05,0.00015288468479245784,3.599207426043732e-05,0.15490144179596196,0.0,0.02480991359291856,0.061440985270056085,2.6946701512594395e-05,0.0,0.0
2022-12-20,gasoline,docx_strict_mdp_value_iteration,77.40143904041409,8658.354,4802312.8075,0.1302062107751243,-480,-379.0577942867295,200.0,0.0,8680,12830.0,0.026438285972353634,0.0014193325173107215,0.007413491239984568,0.013933875452429254,0.01408242158418733,0.014853698598601759,0.0009984290717036796,0.0033069654764913163,3.67978670266404e-05,0.0064,0.057221033370252306,0.0006554745016660917,0.0021196160344017557,3.5017734307291994e-05,0.00710375303713791,0.0,0.02873777955418495,0.07030334451974349,2.6484418114033507e-05,0.0,0.0
2023-01-04,gasoline,docx_strict_mdp_value_iteration,80.02398854283592,8432.48,5439128.513,0.13628899835796388,250,140.25507975422644,200.0,0.0,8930,13030.0,0.3649016203949612,0.18469327987386983,0.009134838702291717,0.015070811878879552,0.01490038082390531,0.014892697937033777,6.387485409231222e-06,1.837557511514797e-05,2.4296895533394933e-05,2.1315999999999997,0.0,8.712980577435041e-05,0.00025714825836492306,2.600611574119269e-05,1.0787434445787112,0.0,0.03577203222510612,0.0857559308402771,2.6084534362379042e-05,0.0,0.0
2023-01-18,gasoline,docx_strict_mdp_value_iteration,78.62842100135482,8330.24,5439128.513,0.13628899835796388,-205,-135.13841020570231,200.0,0.0,8725,13230.0,0.14178420252429913,0.05194250194785136,0.01032787380907872,0.014410033581005703,0.014515489518221234,0.014926385036608102,7.103198214005278e-05,0.00021771890345727792,3.1247724565483934e-05,0.8281000000000001,0.0,1.7057286347986893e-05,5.142675222749338e-05,3.007985522474115e-05,0.30336629724923747,0.0,0.040706817320425234,0.09631850652991525,2.5741568796754173e-05,0.0,0.0
2023-02-04,gasoline,docx_strict_mdp_value_iteration,81.87760826356454,8164.875,11700958.251000002,0.13628899835796388,210,202.5397081237589,200.0,0.0,8935,13430.0,0.11800070161227821,0.0781463360647077,0.011922586226497556,0.015075807752406361,0.015064281863911745,0.01495514167921267,0.00024213301564786805,0.0006860178153542548,2.4247669291261295e-05,0.6889,0.0,0.00022792865456211628,0.0006465993960744518,2.4361313518910526e-05,0.4561060463941024,0.0,0.047377507101995515,0.11025193624494012,2.545059547681716e-05,0.0,0.0
2023-03-18,gasoline,docx_strict_mdp_value_iteration,77.07737262331753,8102.4169999999995,12568781.188000001,0.13628899835796388,-100,-190.57361940055424,200.0,0.0,8835,13630.0,0.06585964311588996,0.10584107883344097,0.012981902827411037,0.01462771762912905,0.014491073431038436,0.014979324860361224,0.00017866617509221838,0.0005252475384437536,2.8861417872370807e-05,0.3844,0.0,6.0295486613565155e-05,0.00018007674339219618,3.0348271942210634e-05,0.6181523531089517,0.0,0.05185137824570943,0.1194015827968332,2.5207178857786852e-05,0.0,0.0
2023-04-01,gasoline,docx_strict_mdp_value_iteration,74.4896395741793,8064.659,4110451.5045000017,0.13628899835796388,-335,-163.87268280146787,200.0,0.0,8500,13830.0,0.037828530098911295,0.0005038539278102345,0.013910910978010805,0.014290352764545633,0.01455144672037689,0.014999268371259275,2.4951321727842964e-05,7.714832222837293e-05,3.260007155333171e-05,0.22089999999999999,0.0,3.311801958140334e-05,9.882577736403602e-05,2.968673284089176e-05,0.002851760061073718,0.0,0.05580229773485216,0.12735768837840863,2.5007316822687873e-05,0.0,0.0
2023-04-18,gasoline,docx_strict_mdp_value_iteration,84.67019067631662,8065.168,4110451.5045000017,0.13628899835796388,550,615.3937424307077,200.0,0.0,9050,14030.0,0.5365443973524251,0.4161208911946371,0.014613205082926625,0.015692571890594576,0.01579627727292211,0.015015284277721879,0.0008863170398596541,0.0023835110799304083,1.8553936917695987e-05,3.1329000000000002,0.0,0.0011461749734070518,0.003048643555440298,1.767128476615118e-05,2.429024645976536,0.0,0.05880470486346905,0.13333335131582918,2.4847390831926695e-05,0.0,0.0
2023-04-29,gasoline,docx_strict_mdp_value_iteration,81.1746215874899,8066.61,4110451.5045000017,0.13628899835796388,-160,-201.23701652499668,200.0,0.0,8890,14230.0,0.3452831129823601,0.4567230936892089,0.015309546601552365,0.014597190013600284,0.014535768192626369,0.015027664303044228,0.00036159973278704333,0.0010640511905921793,2.9190355749140507e-05,2.0164,0.0,0.00027198563875826056,0.0008060615519608321,2.9857829244713704e-05,2.667543185890279,0.0,0.06179570313677079,0.13922338002023776,2.4724122283220644e-05,0.0,0.0
2023-05-17,gasoline,docx_strict_mdp_value_iteration,73.76447278392433,8107.879999999999,6020943.9120000005,0.13628899835796388,-380,-386.494442850119,200.0,0.0,8510,14430.0,0.03316324989578694,0.02352421353913437,0.015754898908552105,0.014271034590949439,0.014261187132234418,0.01503668112139054,5.2058156465572515e-05,0.00016249508630890902,3.282104465809787e-05,0.1936,0.0,5.807919630948761e-05,0.00018157574827401616,3.293397313123183e-05,0.13728125603443253,0.0,0.06371393699072936,0.14297727093349552,2.4634534290761077e-05,0.0,0.0
2023-05-31,gasoline,docx_strict_mdp_value_iteration,74.49563514786755,8132.642,6020943.9120000005,0.13628899835796388,100,49.59181830211438,200.0,0.0,8610,14630.0,0.1577699218432844,0.13023191943787535,0.016299049782314844,0.015014158844834964,0.014934312415025287,0.015042589567777032,7.098944442306471e-06,2.077284420649066e-05,2.4858612024537425e-05,0.9216,0.0,3.457900234119995e-05,0.0001024205991135436,2.5661190708566947e-05,0.7606849086629357,0.0,0.06606647669547591,0.14754199913829813,2.4575918193513115e-05,0.0,0.0
2023-06-14,gasoline,docx_strict_mdp_value_iteration,73.23711900787694,8032.6,6155459.894750001,0.13628899835796388,-55,-71.87391219128853,200.0,0.0,8555,14830.0,0.016456554442544263,0.01010834263587363,0.017640417233142438,0.014775243365455989,0.01474882556450543,0.015045627770276467,3.819331778898915e-07,1.1314692533374688e-06,2.7298081890211668e-05,0.0961,0.0,2.1095650286334378e-07,6.271307286137576e-07,2.7574832951991717e-05,0.059015694737183946,0.0,0.07190893001857543,0.15868645621380364,2.454580419065574e-05,0.0,0.0
2023-06-29,gasoline,docx_strict_mdp_value_iteration,73.17608224854365,7962.67,6155459.894750001,0.13628899835796388,70,-13.31476555813623,200.0,0.0,8625,15030.0,0.010731651675574511,0.0023594875175453078,0.01880645872210122,0.014974523584481399,0.014843247385665616,0.015046018209660676,9.744729135113573e-05,0.000281967370216341,2.525541320293369e-05,0.0625,0.0,2.0646886836652666e-05,6.063740082514395e-05,2.6592097525444506e-05,0.013716694617612126,0.0,0.07702718030034258,0.16827626707507584,2.4541935579013622e-05,0.0,0.0
2023-07-13,gasoline,docx_strict_mdp_value_iteration,75.1157600634876,7986.705,6563670.772500001,0.13628899835796388,155,115.71308719123572,200.0,0.0,8780,15230.0,0.005042463393954872,0.011472074324240125,0.019349396403508436,0.015106842553863999,0.01504544192354119,0.015043968711320141,0.0003240137663125521,0.0009212746019504888,2.39429897926762e-05,0.028900000000000006,0.0,0.00024094290496278002,0.0006897929691007687,2.4547645733003232e-05,0.06659274714045445,0.0,0.07941969018075659,0.17271828442336787,2.4562246134373746e-05,0.0,0.0
2023-07-27,gasoline,docx_strict_mdp_value_iteration,79.32382195397709,8029.098,6563670.772500001,0.13628899835796388,275,200.0202227482675,200.0,0.0,9055,15430.0,0.010146573160635521,0.0050794257595017395,0.019764018510825973,0.01528486059031718,0.015169745128469444,0.01503967337395287,0.0010258609166190606,0.0028405427218229844,2.223253965274406e-05,0.0576,0.0,0.000751050824741939,0.002106177070173497,2.3331362123944675e-05,0.028430772423326943,0.0,0.08125061919106966,0.17610081912126302,2.4604840237072106e-05,0.0,0.0
2023-08-10,gasoline,docx_strict_mdp_value_iteration,84.41944702954262,8172.514999999999,6654014.013499999,0.13628899835796388,240,323.0683332012499,200.0,0.0,9295,15630.0,0.0012097592815416972,0.010841051462380045,0.019502816134659113,0.01521586968147446,0.015339530202461295,0.015033313439195619,0.0013330653816251235,0.0036920495378747202,2.2887902904635288e-05,0.004900000000000001,0.0,0.0017198593895103443,0.004699141225916652,2.1719978733770465e-05,0.06056334994419743,0.0,0.08008715966666409,0.173994399843899,2.4667975393274856e-05,0.0,0.0
2023-08-24,gasoline,docx_strict_mdp_value_iteration,84.1976009708773,8241.608,6654014.013499999,0.13628899835796388,55,60.79634193146486,200.0,0.0,9350,15830.0,0.023776894837339746,0.0474488362170598,0.01973201447245012,0.014932333867668835,0.014940739853102972,0.01502505810607651,0.0012111120781833006,0.003427470063930908,2.568124002877631e-05,0.1369,0.0,0.0012349787199105887,0.003491710908766659,2.5596113233980545e-05,0.2751463896184729,0.0,0.08109712253903203,0.1758693371592437,2.4750046847915052e-05,0.0,0.0
2023-09-21,gasoline,docx_strict_mdp_value_iteration,92.16037381014016,8473.885,13137035.2325,0.13628899835796388,385,480.7185027711394,200.0,0.0,9735,16030.0,0.07505608241668987,0.12136015631535567,0.01891457880783427,0.01539980938540845,0.015537805963128244,0.015015065293896948,0.0017805665038316716,0.0048364273718354035,2.1161753690576183e-05,0.43560000000000004,0.0,0.0022746532727348444,0.006087084448694384,1.9911175622693864e-05,0.7053384846570462,0.0,0.0774760579511105,0.16922804332964664,2.4849574024110727e-05,0.0,0.0
2023-10-11,gasoline,docx_strict_mdp_value_iteration,90.43988939931766,8679.579,6658380.839500001,0.13628899835796388,-85,-125.22007095262262,200.0,0.0,9650,16230.0,0.15142321939596595,0.2515449601053343,0.01829890924415076,0.01471760253771203,0.01466191078234189,0.015003482356900444,0.0005668324961208128,0.0016452565088029233,2.79037229495864e-05,0.8835999999999999,0.0,0.00046353409710342115,0.001354042652929539,2.8495196495677782e-05,1.468646220505548,0.0,0.07475988240589204,0.16419827494265088,2.496518855780515e-05,0.0,0.0
2023-10-25,gasoline,docx_strict_mdp_value_iteration,89.53334896276725,8810.444,6658380.839500001,0.13628899835796388,-70,-80.61293774863364,200.0,0.0,9580,16430.0,0.00019979611569533677,0.001404312444898443,0.01815419711954554,0.014726555794345009,0.01471173087518837,0.014990446753854705,0.00014093076220958226,0.0004132859813198184,2.7809213790156206e-05,0.0009,0.0,0.00012692851506033786,0.0003728558178036645,2.796579033643596e-05,0.007959185330713664,0.0,0.074119236847015,0.16302111529995938,2.509562372596486e-05,0.0,0.0
2023-11-08,gasoline,docx_strict_mdp_value_iteration,86.10020979440196,8795.345,5900399.90775,0.13628899835796388,-140,-227.6055176274437,200.0,0.0,9440,16630.0,0.003367856852463292,0.01480128952712783,0.01888414888267196,0.014615007733126054,0.014491739837711159,0.0149760866754595,2.309946023326611e-05,6.871953355043558e-05,2.8998141714292203e-05,0.019600000000000003,0.0,6.348875101524431e-08,1.916415278818261e-07,3.0340930015458292e-05,0.08642727415771342,0.0,0.07732639396920742,0.169016163729869,2.523970509249558e-05,0.0,0.0
2023-11-22,gasoline,docx_strict_mdp_value_iteration,80.37544506746394,8763.733999999999,5900399.90775,0.13628899835796388,-340,-372.0900151166461,200.0,0.0,9100,16830.0,0.027445904602911794,0.014366602372576778,0.019714980916038623,0.014312905242418003,0.01426708240713231,0.014960521632294858,0.00016941533237709806,0.0005311961207100516,3.2343046781716635e-05,0.16000000000000003,0.0,0.00022159669002386474,0.0006999081938191171,3.2866344126611884e-05,0.08350308005882932,0.0,0.08099486084528672,0.17579490126583378,2.5396342218568088e-05,0.0,0.0
2023-12-06,gasoline,docx_strict_mdp_value_iteration,78.42588848557556,8598.244999999999,6096920.419000001,0.13628899835796388,-55,-177.29058993886233,200.0,0.0,9045,17030.0,0.055634147202865816,0.026042488991854056,0.021391392455724783,0.01470220360355831,0.014521054713229205,0.01494386300584086,3.7519633872366946e-05,0.000112519437393217,2.8066646658150562e-05,0.32489999999999997,0.0,0.00018111402009439938,0.0005586657670747371,3.001884145542791e-05,0.15178726419837993,0.0,0.08845773578687699,0.18932233194926645,2.5564521303704622e-05,0.0,0.0
2023-12-20,gasoline,docx_strict_mdp_value_iteration,74.0227212693011,8511.596,6096920.419000001,0.13628899835796388,-415,-256.24695055110675,200.0,0.0,8630,17230.0,0.08961137321972099,0.0043512901120581135,0.022593881568980307,0.014149430832010335,0.014386021459092964,0.01492621456493028,0.0006590636072630074,0.002141834109851506,3.4229159589431284e-05,0.5184,0.0015203297036128216,0.00025891071684506394,0.0008102321153398592,3.15167550577647e-05,0.02493642752452313,0.0,0.0938543980407304,0.19891724248597972,2.5743298641125634e-05,0.0,0.0
2024-01-04,gasoline,docx_strict_mdp_value_iteration,77.05655540788125,8348.23,6282799.55825,0.14085804371700852,200,157.3994144077371,200.0,0.0,8830,17430.0,0.25899148776875264,0.11717520577667331,0.024324522133245992,0.015063598183665565,0.014997057263301295,0.0149076729498377,1.021516572452215e-05,2.95871930987863e-05,2.4368062892309915e-05,1.5129,0.0,3.4338312692764154e-05,0.00010045698430155212,2.5029436026686332e-05,0.68441326097466,0.0,0.10168844759605995,0.2125601458070624,2.5931794785814676e-05,0.0,0.0
2024-01-18,gasoline,docx_strict_mdp_value_iteration,76.2303624464535,8284.869999999999,6282799.55825,0.14085804371700852,-50,-45.494223320569226,200.0,0.0,8780,17630.0,0.04280309533158726,0.028194535170580348,0.025402069364480792,0.014657324707012816,0.014664203195101954,0.014888328126062422,4.374534451178505e-06,1.3010892689431037e-05,2.85441792862957e-05,0.25,0.0,3.282819319574933e-06,9.753526026518648e-06,2.8470727543160198e-05,0.16466331292250086,0.0,0.10660189755996832,0.22096558626284482,2.6129189346804515e-05,0.0,0.0
2024-02-01,gasoline,docx_strict_mdp_value_iteration,80.03755552747323,8263.93,13117202.124999998,0.14085804371700852,200,238.17959817253129,200.0,0.0,8980,17830.0,0.04283920816066225,0.05516104029926071,0.026189529924828533,0.015022402075509781,0.015081018708392489,0.014868263809726468,0.00013685763872525218,0.00038968870318103436,2.4776481097889335e-05,0.25,0.0,0.0001974876627442887,0.0005586873833749593,2.4196376947184705e-05,0.3218833480019978,0.0,0.11020911772482253,0.22706694877966616,2.633471632656311e-05,0.0,0.0
2024-03-05,gasoline,docx_strict_mdp_value_iteration,82.66674488641249,8322.869999999999,13137358.6145,0.14085804371700852,125,148.06474689942084,200.0,0.0,9105,18030.0,0.003922624618578148,0.0056437785601120526,0.026419949940249154,0.014883990739974344,0.014918613077574276,0.014847557866382725,0.00023440026556870256,0.0006708697377384717,2.6173550748668268e-05,0.0225,0.0,0.0002791478924011089,0.0007958545099023052,2.5820493055399176e-05,0.03248274567989926,0.0,0.11126337759254741,0.22885477925310288,2.6547659940274542e-05,0.0,0.0
2024-04-02,gasoline,docx_strict_mdp_value_iteration,84.84844065575193,8435.746,4306244.706666666,0.14085804371700852,200,129.34227249645974,200.0,0.0,9305,18230.0,0.003966608952494246,0.00031403687353127543,0.026278255014400273,0.01497285318642079,0.014868245464202163,0.014826282684910742,0.0003950121868229311,0.0011167592044283563,2.527220508527961e-05,0.0225,0.0,0.0002451664691351831,0.0007012497755722826,2.6334904615681675e-05,0.001402124191078134,0.0,0.1106056556843827,0.227777327511408,2.67673508564544e-05,0.0,0.0
2024-04-17,gasoline,docx_strict_mdp_value_iteration,89.69483516514862,8500.205999999998,4306244.706666666,0.14085804371700852,200,320.030298004331,200.0,0.0,9505,18430.0,0.00021124215606905476,0.02522473752909088,0.02646587118241468,0.014946352217615989,0.015120235783222679,0.014804505528068352,0.000744122421985287,0.00208960079468683,2.5539355908394835e-05,0.0,0.0,0.0011737672622055442,0.0032335707073378023,2.3812098811340388e-05,0.14544769228836218,0.0,0.1114634513442261,0.22923437220635998,2.6993162807872317e-05,0.0,0.0
2024-04-30,gasoline,docx_strict_mdp_value_iteration,87.27778304465804,8530.869999999999,4306244.706666666,0.14085804371700852,-70,-117.29127755745536,200.0,0.0,9435,18630.0,0.050047821676847494,0.1310563835412027,0.026877802129736776,0.014536734875445515,0.01446966724609485,0.014782288861165567,0.00044161311777178575,0.0012835910546289374,2.9847265821173332e-05,0.2916,0.0,0.0003338884840137507,0.0009779631139835731,3.058458036891613e-05,0.7650006418073728,0.0,0.11335654311396519,0.23241042134725767,2.722450952831692e-05,0.0,0.0
2024-05-16,gasoline,docx_strict_mdp_value_iteration,82.0104261021214,8556.119999999999,12958996.012,0.14085804371700852,-235,-324.1938972026002,200.0,0.0,9200,18830.0,0.01865825836107859,0.029319797740691867,0.027321547777899566,0.014279234449009914,0.0141518028108809,0.014759690660232368,3.3208460266790824e-05,9.973930056710994e-05,3.27271584893949e-05,0.10890000000000001,0.0,2.5530060683357327e-07,7.783123742662608e-07,3.420141036282054e-05,0.17123477606409393,0.0,0.1154008775163396,0.23581932607851402,2.7460841976455884e-05,0.0,0.0
2024-06-14,gasoline,docx_strict_mdp_value_iteration,78.1073728456169,8499.255,6384133.0225,0.14085804371700852,-190,-238.4343016321941,200.0,0.0,9010,19030.0,0.0013943942818535724,0.005049660403351029,0.02831858054193513,0.01431520330340862,0.014244237480198187,0.014736764700963653,3.6371117907929106e-06,1.0979550715014535e-05,3.231691348157628e-05,0.0081,0.0,2.3180044676444962e-05,7.075902727382962e-05,3.3128802184355324e-05,0.029418832929598494,0.0,0.12001835592822285,0.2434198628573161,2.7701645813022232e-05,0.0,0.0
2024-06-28,gasoline,docx_strict_mdp_value_iteration,84.04572783153426,8466.145999999999,6384133.0225,0.14085804371700852,210,349.9733303899042,200.0,0.0,9220,19230.0,0.10960931408637771,0.2372008380768335,0.029153710858527655,0.014886071695155469,0.015095485127559123,0.01471356082964231,0.00016661583019706374,0.00047362410909981226,2.6152262707090067e-05,0.6400000000000001,0.0,0.00045354102543404426,0.0012598698236369976,2.4054266133993753e-05,1.3848941656874123,0.0,0.12390341677112991,0.2497428638649255,2.7946439101892104e-05,0.0,0.0
2024-07-12,gasoline,docx_strict_mdp_value_iteration,86.2060657899071,8426.21,6575557.7965,0.14085804371700852,110,127.71117723904013,200.0,0.0,9330,19430.0,0.006986225080728282,0.033977837451344986,0.030034976979622145,0.014710751625861596,0.014736645709016727,0.014690125217164535,0.00047705581873019556,0.0013593407854665667,2.7976148363325753e-05,0.04000000000000001,0.0,0.0005238816525666293,0.0014884478444716542,2.7702898392412038e-05,0.19760185889303267,0.0,0.12802133215045192,0.2563699698750998,2.8194770209391984e-05,0.0,0.0
2024-07-26,gasoline,docx_strict_mdp_value_iteration,83.75396290647076,8419.532,6575557.7965,0.14085804371700852,-145,-141.53495553281363,200.0,0.0,9185,19630.0,0.04458402690664772,0.04969951646707686,0.03068218364926343,0.014318254545741602,0.014323260780357243,0.014666500597219842,0.00018451474261453284,0.0005447052873892973,3.2282231406985974e-05,0.2601,0.0,0.00019013073806643327,0.0005609603937054783,3.222536816783026e-05,0.28997392005039485,0.0,0.13105569851155974,0.26121149362602963,2.8446215879456308e-05,0.0,0.0
2024-08-09,gasoline,docx_strict_mdp_value_iteration,78.63468861164303,8381.965,12943203.536,0.14085804371700852,-305,-347.0213295400123,200.0,0.0,8880,19830.0,0.017538029947947797,0.028926854694551977,0.03154292091754243,0.01405777245887244,0.013996102357995675,0.014642726489611369,5.0087812283773586e-06,1.532704864915605e-05,3.53100681505349e-05,0.1024,0.0,2.284954416455823e-05,7.060948674298545e-05,3.6046786895665104e-05,0.16889859961050532,0.0,0.1351081908798029,0.2676084726102914,2.870037946511173e-05,0.0,0.0
2024-09-06,gasoline,docx_strict_mdp_value_iteration,77.16119851371884,8247.751,6383179.188,0.14085804371700852,-100,-147.03809719827666,200.0,0.0,8780,20030.0,0.028782706878778822,0.027393542309766917,0.03309523980372215,0.01433108586906045,0.014259682153767467,0.014618839409639574,1.29343510557655e-07,3.851630206360193e-07,3.213658742396611e-05,0.16809999999999997,0.0,6.546784542838908e-06,1.970593431997851e-05,3.2951248975775716e-05,0.15997317287139445,0.0,0.14246472417081746,0.2790270436621677,2.8956889299248176e-05,0.0,0.0
2024-09-21,gasoline,docx_strict_mdp_value_iteration,72.45480098191294,8165.897999999999,6383179.188,0.14085804371700852,-365,-297.9269768601219,200.0,0.0,8415,20230.0,0.04817929152195368,0.015645619347208463,0.034282160935389806,0.013899897098422879,0.014002873425097583,0.01459487306441409,0.00029062996062124497,0.0009240299510995396,3.721125540982962e-05,0.28090000000000004,0.0,0.00016511015653153052,0.0005163948084477193,3.5965527155400805e-05,0.09106981602242727,0.0,0.14812561483499315,0.2876682205335724,2.9215397189796336e-05,0.0,0.0
2024-10-11,gasoline,docx_strict_mdp_value_iteration,75.382461095612,8030.115,6283039.875833334,0.14085804371700852,140,98.18199493566924,200.0,0.0,8555,20430.0,0.17463042752335411,0.10744348934318573,0.03587689482473714,0.014661856075352931,0.014594868660068898,0.014570858536904024,6.334573141821668e-07,1.8338003382384759e-06,2.8495780560246414e-05,1.0201,0.0,3.629330202935582e-06,1.0605364203605155e-05,2.92154448019054e-05,0.6276092701484755,0.0,0.15578390219519575,0.2991487607415242,2.947557702630792e-05,0.0,0.0
2024-10-24,gasoline,docx_strict_mdp_value_iteration,74.64565408972837,7976.088,6283039.875833334,0.14085804371700852,90,-61.833074069143045,200.0,0.0,8645,20630.0,0.0017474071316712669,0.017539323179745665,0.0368688171055067,0.014556673331705898,0.014317435200448071,0.014546824458486004,0.00010461692240447565,0.0003019112261322447,2.9629805217761772e-05,0.010000000000000002,0.0,2.621986738294409e-07,7.774956117599031e-07,3.2291542701106656e-05,0.10241928923445937,0.0,0.16057398586133997,0.30622312614716884,2.9737123486566465e-05,0.0,0.0
2024-11-07,gasoline,docx_strict_mdp_value_iteration,72.70753615902433,7947.96,10827263.963333333,0.14085804371700852,-145,-135.98563861059327,200.0,0.0,8500,20830.0,0.03782389851038295,0.0037755444117716897,0.0376631512440041,0.01416602250641812,0.014180078255567342,0.014522797170701643,8.188949828848525e-06,2.4461752249134933e-05,3.403529339561992e-05,0.22089999999999999,0.0,1.1816872757597736e-05,3.524166380996369e-05,3.387148911132008e-05,0.02199441131229577,0.0,0.16442454338594967,0.3118517376627981,2.9999750833273937e-05,0.0,0.0
2025-01-03,gasoline,docx_strict_mdp_value_iteration,72.91250667945691,7991.374,6085057.7491666665,0.1460849504681775,70,57.64075428849221,200.0,0.0,8570,21030.0,0.0316636814819335,0.025681592660843338,0.037909752331609155,0.014480384181587445,0.014460784136473802,0.01449880087689156,1.9428811927499833e-05,5.6514604499427756e-05,3.0466158782870098e-05,0.18489999999999998,0.0,1.306235532398688e-05,3.807995445906709e-05,3.068291238274029e-05,0.14996472010844408,0.0,0.16561875182007382,0.3136013846900688,3.026319179208907e-05,0.0,0.0
2025-01-17,gasoline,docx_strict_mdp_value_iteration,78.64825306101768,8017.737999999999,6085057.7491666665,0.1460849504681775,340,368.9089829398969,200.0,0.0,8910,21230.0,0.05008244206417509,0.0665321320902342,0.038281462613450966,0.014881450282911442,0.014926921441620077,0.01447485778433144,0.0005821163307156569,0.0016113511501597902,2.6199551206307365e-05,0.2916,0.0,0.000672902481057957,0.0018534605869302983,2.5736126059494127e-05,0.3875516406711326,0.0,0.1674243845549559,0.3162254173897485,3.052719650336288e-05,0.0,0.0
2025-02-20,gasoline,docx_strict_mdp_value_iteration,74.43100270687172,8093.87,12741932.447666667,0.1460849504681775,-170,-254.11234316053927,200.0,0.0,8740,21430.0,0.1781252782240317,0.2657933149815852,0.03827510073882909,0.014066809150799827,0.013939556728596376,0.014450988237456566,6.512133057684028e-05,0.00019398688923333147,3.5202753653032674e-05,1.0404,0.0,8.035713530041904e-06,2.429450250562801e-05,3.672897264590146e-05,1.552622291103784,0.0,0.1673876361203255,0.31619393728466005,3.079153154084539e-05,0.0,0.0
2025-03-06,gasoline,docx_strict_mdp_value_iteration,72.48036962055622,8081.696,6141708.261,0.1460849504681775,-135,-147.4108707940119,200.0,0.0,8605,21630.0,0.0008461624675240958,0.007803211815095939,0.038927447210696554,0.014093195301860989,0.014074053851038895,0.014427210842724823,2.2156244260485664e-07,6.625070825881835e-07,3.48903417419571e-05,0.004900000000000001,0.0,9.820825567165978e-08,2.943995650106101e-07,3.5116837760386956e-05,0.045540816820739204,0.0,0.17056819768711695,0.320770834530849,3.105597899144378e-05,0.0,0.0
2025-03-20,gasoline,docx_strict_mdp_value_iteration,70.03629620842324,8076.817999999999,6141708.261,0.1460849504681775,-280,-174.8460009855104,200.0,0.0,8325,21830.0,0.014489708963475536,0.0005538609482768444,0.039520790057552116,0.013840279782814567,0.014005004567739857,0.014403542585633995,0.0002894057803417984,0.0009113363760012214,3.794215315400296e-05,0.0841,0.0,0.00010661734937392562,0.00032712689148826966,3.593997023281999e-05,0.003010745474497884,0.0,0.1734687130946402,0.32491472669000804,3.132033559081224e-05,0.0,0.0
2025-04-03,gasoline,docx_strict_mdp_value_iteration,73.12522518772467,7965.565,5687813.336500001,0.1460849504681775,230,168.62962969922364,200.0,0.0,8555,22030.0,0.17811309636192985,0.08078856195211741,0.04091685674854033,0.014628916230024549,0.014529545488221279,0.014379998940377151,2.77735183969889e-05,7.920063733103971e-05,2.884854086409371e-05,1.0404,0.0,1.6359429104439044e-06,4.716913196696628e-06,2.992587256544017e-05,0.4719020354971032,0.0,0.18033129659951194,0.334571922913736,3.158441191016195e-05,0.0,0.0
2025-04-18,gasoline,docx_strict_mdp_value_iteration,65.23406046403404,7910.469999999999,5687813.336500001,0.1460849504681775,-480,-391.8134274904788,200.0,0.0,8075,22230.0,0.34532793436285847,0.21515947591909151,0.04188852411676525,0.013477897626521202,0.013616850163302505,0.014356593972590034,0.000481446556285505,0.001570122223351123,4.2537819370137775e-05,2.0164,0.0,0.0002645058179825567,0.0008434331916925948,4.0744601837731264e-05,1.2563856814085599,0.0,0.18513099046065604,0.3412351904220163,3.1848031590207146e-05,0.0,0.0
2025-05-20,gasoline,docx_strict_mdp_value_iteration,63.74256473909944,7780.994999999999,11736971.944,0.1460849504681775,-230,-263.480542629986,200.0,0.0,7845,22430.0,0.0439617119322136,0.02243299447734185,0.04344063334554789,0.013828119237697188,0.01377222925342787,0.014333340435616222,0.0008369918289444524,0.002687520405514575,3.8092112144083544e-05,0.25,0.0020770338593518733,0.0009712377941561865,0.0031463549833662375,3.87851284718596e-05,0.06587731734646594,0.024818020458107437,0.1928435438589131,0.3517661292347281,3.211103061862216e-05,0.0,0.0
2025-06-04,gasoline,docx_strict_mdp_value_iteration,64.51466400998532,7691.918,5868261.845,0.1460849504681775,65,-45.36477927936753,100.0,0.0,7910,22530.0,0.059695852123350865,0.032783528480449166,0.05114848721158118,0.014301742783535146,0.01411210643628621,0.014250152588941042,0.0003472069305314305,0.0010516778410084345,3.247013530499379e-05,0.34809999999999997,0.0,0.0006841463660765573,0.002133465664114886,3.4667290617622285e-05,0.19029794488809204,0.0,0.19683295812593718,0.3583126077663061,3.3060745250461405e-05,0.04000000000000001,0.0
2025-06-18,gasoline,docx_strict_mdp_value_iteration,69.9983912088471,7634.762,5868261.845,0.1460849504681775,260,230.752986155886,0.0,0.0,8170,22530.0,0.02604619195669029,0.0522115910682216,0.051489000577347725,0.014554397709399161,0.014504556441988517,0.014111318987043528,1.0690219340883244e-05,3.0388837029524425e-05,2.9654584307397108e-05,0.1521,0.0,1.6251847340287024e-06,4.645340369357288e-06,3.0199899899289912e-05,0.3049640815558308,0.0,0.19822706414832383,0.3613561616219436,3.4676564072354063e-05,0.04000000000000001,0.0
2025-07-02,gasoline,docx_strict_mdp_value_iteration,71.3322865500842,7678.065,6152521.947000001,0.1460849504681775,235,-9.789494080096802,-100.0,0.0,8405,22430.0,0.000503597406709286,0.03962688187169921,0.05076257776120686,0.014367644980877352,0.01396376274813126,0.013920084067817277,0.00024882342188985233,0.0007016353219539824,3.172342306143609e-05,0.0025000000000000005,0.0,2.8366002728063984e-07,8.373442701590387e-07,3.643616016084789e-05,0.23144273919231267,0.0,0.19428992234895012,0.35723058081570064,3.6965377742409315e-05,0.04000000000000001,0.0
2025-07-16,gasoline,docx_strict_mdp_value_iteration,70.28199592347697,7712.07,6152521.947000001,0.1460849504681775,-130,-148.50228335258754,-200.0,0.0,8275,22230.0,0.09123846236902727,0.013187182585711476,0.04984159520691868,0.0135904208382208,0.013560747142425238,0.013678718424041511,2.1640782187931924e-05,6.444548552861026e-05,4.108270503111415e-05,0.5328999999999999,0.0,1.1804889378282472e-05,3.527533737664947e-05,4.1463977363784745e-05,0.07696495163101767,0.0,0.18940217131417258,0.3517418374356425,3.995860076255224e-05,0.04000000000000001,0.0
2025-08-27,gasoline,docx_strict_mdp_value_iteration,66.40231906729642,7728.785,12627496.819999998,0.1460849504681775,-180,-217.2484623405618,-200.0,0.0,8095,22030.0,0.0017419255767932998,0.0032803773178160895,0.0423166054771158,0.013277246604572591,0.013216569565888315,0.013449187274715892,7.116775837012964e-05,0.00021786781086701587,4.519541321573076e-05,0.010000000000000002,0.0,0.00011895079841823451,0.00036763859536835444,4.6014928454432657e-05,0.01890414850178637,0.0,0.1860390971155431,0.34712128355120303,4.291314736174421e-05,0.0,0.0
2025-10-14,gasoline,docx_strict_mdp_value_iteration,64.79524527100162,7692.882,6358758.927833334,0.1460849504681775,-75,-169.35033585437824,-200.0,0.0,8020,21830.0,0.007593866521542679,0.0016691843440744542,0.04204592303228307,0.013228324402325211,0.013071211942711164,0.013230837702316037,0.00012150508075303562,0.00036910937624765814,4.5855590400144213e-05,0.04409999999999999,0.0,0.00030138803555003507,0.0009382638874012858,4.8008103942828416e-05,0.00917692208354575,0.0,0.18469349421333006,0.34527429834194145,4.582155821238603e-05,0.0,0.0
2025-10-28,gasoline,docx_strict_mdp_value_iteration,61.85814749117869,7671.101999999999,6358758.927833334,0.1460849504681775,-265,-239.3243222443035,-200.0,0.0,7755,21630.0,0.024954176060527338,0.0035596710968779084,0.04166047164318362,0.012701143832985828,0.01274429887843963,0.013023051188335107,0.0007519351260187524,0.0024188131881222063,5.327330134676082e-05,0.1444,0.0,0.0006599399692624654,0.0021083895117146984,5.264519876541242e-05,0.019585435085189774,0.0,0.1827837765701518,0.34263340471328746,4.867781472059217e-05,0.0,0.0
2025-11-11,gasoline,docx_strict_mdp_value_iteration,63.26464256803477,7581.5,5931072.557666667,0.1460849504681775,125,29.31282044281231,-200.0,0.0,7880,21430.0,0.10420477491603984,0.0495340627569189,0.041807322320798285,0.013167158013554116,0.01300083360730587,0.012825241752577007,0.00016465055904899906,0.0004892629609111288,4.6687729611737735e-05,0.6084,0.0,0.0003781046228686094,0.001152328001062973,4.898833019261896e-05,0.2886636577243913,0.0,0.18349918280797056,0.3436541838352479,5.147715590896426e-05,0.0,0.0
2025-11-25,gasoline,docx_strict_mdp_value_iteration,62.23296396645118,7535.498,5931072.557666667,0.1460849504681775,-70,-110.23384513339212,-200.0,0.0,7810,21230.0,0.026106881002327435,0.013429598373896852,0.041607469957149756,0.012642912862752924,0.0125740873663089,0.012636854191087663,0.00020212656885252453,0.0006176465971430932,5.4126731145046386e-05,0.1521,0.0,0.00028846422268820636,0.0008909479296565589,5.5144178443213106e-05,0.07789308749374815,0.0,0.18250554472606967,0.3422884904621189,5.4215916203303324e-05,0.0,0.0
2025-12-09,gasoline,docx_strict_mdp_value_iteration,62.23817103955421,7482.42,6147229.8215,0.1460849504681775,-55,-61.98732469917472,-200.0,0.0,7755,21030.0,0.00022445543233218026,0.0016684239377646503,0.04146149691051079,0.012489422505527667,0.012477362599557944,0.012457362407393393,0.00020247898840730757,0.0006175753734721595,5.6408774300474316e-05,0.0009,0.0,0.00021650187667697404,0.0006615794760754553,5.659007345852962e-05,0.009310906936037429,0.0,0.18177803099503484,0.34129264017777744,5.68913818534024e-05,0.0,0.0
2025-12-23,gasoline,docx_strict_mdp_value_iteration,60.02514654872086,7468.974,6147229.8215,0.1460849504681775,-170,-193.5082092181416,-200.0,0.0,7585,20830.0,0.00925510203777904,0.01206980115859945,0.04099267570367178,0.012118968225181605,0.012078106022342506,0.012286267831997266,0.0006314458625843362,0.001998378777737174,6.211066183569718e-05,0.0529,0.0,0.0007162698640704172,0.0022814580980753,6.275640419324607e-05,0.06919097225860565,0.0,0.17946370764345915,0.33806302770842017,5.950166395968016e-05,0.0,0.0
2026-01-21,gasoline,docx_strict_mdp_value_iteration,63.27606746491273,7375.275,12330644.921999998,0.1460849504681775,85,117.53638703650594,-200.0,0.0,7670,20630.0,0.044581495581810744,0.06628854290378157,0.04117029497646026,0.01240358415322739,0.012461406773841856,0.01212309792535065,0.0001559744493330272,0.0004654510899404864,5.770553371709804e-05,0.2601,0.0,0.00010367656150375685,0.0003066882369631997,5.683038782947745e-05,0.3869949634368668,0.0,0.18032805095680698,0.33930342644794886,6.204558629361525e-05,0.0,0.0
2026-02-04,gasoline,docx_strict_mdp_value_iteration,66.21568324403765,7346.499,6388291.3774999995,0.1460849504681775,205,186.10125731689968,-200.0,0.0,7875,20430.0,0.009877012269749371,0.003233347710824791,0.040817464634905154,0.012458368435365389,0.012425154405013041,0.011967404759769078,1.7699808039351112e-05,5.056970724716601e-05,5.68762066566931e-05,0.0576,0.0,8.260642389089751e-06,2.368835444004771e-05,5.737828578789334e-05,0.018804565746268882,0.0,0.17858603594806657,0.33687148961402535,6.452258629338047e-05,0.0,0.0
2026-02-25,gasoline,docx_strict_mdp_value_iteration,68.7834083434205,7325.843999999999,6388291.3774999995,0.1460849504681775,175,141.35196316113536,-200.0,0.0,8050,20230.0,0.0007169035876413581,0.0014507804673268572,0.04039326755290665,0.012250276206924532,0.012192680090805751,0.011818763675999645,0.0003168756007944948,0.0008974378509471149,6.0058218868960024e-05,0.0036,0.0,0.00023967778329623431,0.0006831652931671392,6.095424416450091e-05,0.008009997309756491,0.0,0.1764971281788992,0.33393635917237485,6.693262778914286e-05,0.0,0.0
2026-03-10,gasoline,docx_strict_mdp_value_iteration,78.4036612824465,7588.235,6513980.708000001,0.1460849504681775,695,603.1089158465949,-200.0,0.0,8745,20030.0,0.18569657885214258,0.14641289691844067,0.03768494422794482,0.012973823169992934,0.01281995048737187,0.011676772010372056,0.0020099811598341378,0.005224008285384679,4.936716084652816e-05,1.0816000000000001,0.0,0.0015057050317480473,0.003976889107636799,5.1553111003791444e-05,0.8528779334134469,0.0,0.16330226405179465,0.3148966345818889,6.927612416732603e-05,0.0,0.0
2026-03-24,gasoline,docx_strict_mdp_value_iteration,100.53825399545414,7740.374,6513980.708000001,0.1460849504681775,1160,1579.2276202877724,-200.0,0.0,9905,19830.0,0.15076197087225135,0.6564393089712683,0.0359004815830209,0.01346370465982579,0.014109915299546418,0.01154104788867811,0.010643701237720809,0.02513452504778231,4.27231567739831e-05,0.8649000000000001,0.0,0.016319653564057676,0.03620301103572145,3.469309777851737e-05,3.811230900639692,0.0,0.1546966154770883,0.3021298964299827,7.155387082163706e-05,0.0,0.0
2026-04-08,gasoline,docx_strict_mdp_value_iteration,116.21363904838014,7841.799999999999,6513980.708000001,0.1460849504681775,420,818.9703749692841,-200.0,0.0,10325,19630.0,0.3783500370286078,0.40042934425097376,0.034524167211615116,0.01211876526180141,0.012661728216188543,0.011411229083125102,0.012883435027713925,0.032581561151205696,6.21138609985882e-05,2.1904,0.0,0.018244168093189815,0.04358058564301043,5.385023277308338e-05,2.3119643162370247,0.0,0.1481076028457396,0.292161451861994,7.376698586255607e-05,0.0,0.0
2026-04-22,gasoline,docx_strict_mdp_value_iteration,106.71277678317998,7841.799999999999,6513980.708000001,0.1460849504681775,-555,-655.8332214717653,-200.0,0.0,9770,19430.0,0.6527849797332086,1.490958583793644,0.033916705703353735,0.010699729861185647,0.010568086909209103,0.01128697192889825,0.006584177204716856,0.018867567145681295,8.649502465492195e-05,3.8024999999999998,0.0,0.005715689742805795,0.01663817861543544,8.89609845522327e-05,8.700182592301816,0.0,0.14520904045893562,0.287733131668931,7.591685816780709e-05,0.0,0.0
2026-05-09,gasoline,docx_strict_mdp_value_iteration,114.44845662872568,7841.799999999999,13027961.416000001,0.1460849504681775,320,385.75704002533183,-200.0,0.0,10090,19230.0,0.526982747089343,0.7457925414841039,0.033304376083479914,0.011748211809535787,0.011838937800862166,0.011167950297046198,0.010264226632733579,0.026508616112077554,6.809200834028465e-05,3.0625,0.0,0.011015982884282407,0.028172558083401404,6.660293621819647e-05,4.339641091382364,0.0,0.1422961381427795,0.2832475781984997,7.800510195544635e-05,0.0,0.0
2016-04-27,diesel,docx_strict_mdp_value_iteration,42.396839673275,5031.603999999999,13370645.024,0.14604640289872012,160,160.17911140627916,100.0,0.0,5180,5280.0,0.017625413901183953,0.01766448293826664,0.006865010091010252,0.02280333956823501,0.02280379864369759,0.022641638412160516,0.0003325046005505065,0.0009829556512276124,7.85871273483205e-06,0.1024,0.0,0.00033181635255083794,0.0009808508095279706,7.861286834400434e-06,0.10262939092362076,0.0,5.724252850161804e-05,0.0001678398766069757,6.978253500601931e-06,0.04000000000000001,0.0
2016-05-12,diesel,docx_strict_mdp_value_iteration,44.53533986703174,5031.603999999999,6542708.621499999,0.14604640289872012,115,158.1493553764472,100.0,0.0,5295,5380.0,0.0013979172868209418,4.720494834140716e-06,3.307736231452533e-06,0.022339569797504517,0.022446748650791448,0.02229760687509364,3.608306919592664e-05,0.0001051796478406653,5.473586837395326e-06,0.0081,0.0,2.3124863764407862e-06,6.62857154161529e-06,5.986578960149767e-06,1.6479638162556774e-05,0.0,7.851780499569309e-06,2.2634955846382527e-05,5.278997352477564e-06,0.0,0.0
2016-05-26,diesel,docx_strict_mdp_value_iteration,47.87412315362528,5031.603999999999,6542708.621499999,0.14604640289872012,200,265.1988649897921,100.0,0.0,5495,5480.0,0.005006649808937317,0.007970353205575086,4.7374490899643374e-05,0.022214153981968226,0.022372584420702307,0.02196731913001317,0.00021150678950604851,0.0005919723668385825,4.902477855865749e-06,0.028900000000000006,0.0,0.000447372868728247,0.0012297378736795723,5.629156833359301e-06,0.0458383900338305,0.0,0.0001667869833164126,0.0004762907991901591,3.870344559315772e-06,0.0,0.0
2016-06-09,diesel,docx_strict_mdp_value_iteration,49.297681034260485,5144.264999999999,13665880.887999998,0.14604640289872012,110,96.04865528881574,100.0,0.0,5605,5580.0,0.005595153074978991,0.01963074815246186,3.252175412302496e-05,0.021672984703215843,0.02164031742685676,0.02165021048342253,0.00017287332012945065,0.0004928716865039463,2.798877817194199e-06,0.0324,0.0,0.0001385170241797428,0.00039642916206811463,2.690641260849984e-06,0.11444717376753717,0.0,0.00011429436310918141,0.00032720141779396853,2.7231946395976213e-06,0.0,0.0
2016-07-22,diesel,docx_strict_mdp_value_iteration,45.323769115979474,5276.469999999999,13201929.606,0.14604640289872012,-150,-132.14127162561334,0.0,0.0,5455,5580.0,0.04635799112784949,0.03570945784797928,0.0068506181796120945,0.020770818489489164,0.020811814299220056,0.02111515271814866,0.00023837179838078612,0.0007437743826877787,5.941611437383564e-07,0.27040000000000003,0.0,0.00018765415628955656,0.0005815755886613013,6.590424564181505e-07,0.20828257098084993,0.0,1.0594938544717664e-05,3.140417325059923e-05,1.2435655847943442e-06,0.04000000000000001,0.0
2016-08-05,diesel,docx_strict_mdp_value_iteration,41.821543066021135,5328.219999999999,6717389.0139999995,0.14604640289872012,-215,-221.85685505078612,-100.0,0.0,5240,5480.0,0.05678111390723143,0.06274577752563121,0.0069455158309483225,0.020101397499300157,0.020085224343588393,0.02037792997378524,0.0017699681408386294,0.005903752126915662,1.0281452864325212e-08,0.016900000000000002,0.1219504543198302,0.0018269086280821253,0.006110269396165424,7.263188740072322e-09,0.03219554363727655,0.12955813863580135,0.0003355927919028694,0.0010434786216633736,1.4283106508531145e-07,0.04000000000000001,0.0
2016-08-19,diesel,docx_strict_mdp_value_iteration,44.95531466879161,5341.147999999999,6717389.0139999995,0.14604640289872012,170,112.89370646736108,100.0,0.0,5410,5580.0,0.10170810394342758,0.07704580966091794,0.027417844592666444,0.020327878112089137,0.020187655762401356,0.02014524190312965,0.0007433036916623712,0.002234755228525241,1.0750405638713654e-07,0.5929,0.0,0.001087232298758943,0.00334150215314653,3.521468516243406e-08,0.4482317537468594,0.0,0.00010025738338731026,0.00029566740869207264,2.109521042472213e-08,0.16000000000000003,0.0
2016-09-02,diesel,docx_strict_mdp_value_iteration,47.59264263315335,5293.360000000001,6455027.0575,0.14604640289872012,200,128.34413134349825,0.0,0.0,5610,5580.0,0.0006175047295715558,0.0001874759065093276,0.0068545077582067085,0.020165781420951694,0.019995362012309937,0.019690120705822555,4.438906649789009e-06,1.2658881993893737e-05,2.7483479532762736e-08,0.0036,0.0,8.487278531192805e-05,0.0002485609656331284,2.1510929813180198e-11,0.0009548625154126324,0.0,2.5045738665239328e-05,7.44911293534273e-05,9.602517695991169e-08,0.04000000000000001,0.0
2016-09-19,diesel,docx_strict_mdp_value_iteration,46.13663267214746,5272.156,6455027.0575,0.14604640289872012,-150,-96.89843937657452,-100.0,0.0,5460,5480.0,0.08394174003537423,0.034764819477222424,0.006893591877846394,0.018915145984440603,0.01903693524048901,0.01902858869002303,0.00021037099186943813,0.0006551724676300494,1.176908235075349e-06,0.48999999999999994,0.0,8.699240087616506e-05,0.0002655538815411577,9.274937310119646e-07,0.2029368626583479,0.0,0.00015846714547436262,0.00048718478395226117,9.436399331511721e-07,0.04000000000000001,0.0
2016-10-20,diesel,docx_strict_mdp_value_iteration,50.22665824618214,5290.305,14192912.776999999,0.14604640289872012,340,234.32029167375885,100.0,0.0,5800,5580.0,0.16448232813073074,0.07513128148910893,0.027395951634126385,0.019433996889416903,0.019184960095189153,0.01886757102674488,0.0002848308342411042,0.0007772078782699145,3.2035952118974173e-07,0.9603999999999999,0.0,4.2726663871053044e-05,0.00011991506492818466,6.642900464340758e-07,0.4388233911943722,0.0,2.238368647597363e-05,6.534027777777853e-05,1.2823953794676457e-06,0.16000000000000003,0.0
2016-11-17,diesel,docx_strict_mdp_value_iteration,43.853398014610974,5393.816,13809707.712,0.14604640289872012,-355,-288.15667957327844,0.0,0.0,5445,5580.0,0.34850869871830303,0.18705877701382284,0.006915272299723825,0.017692787432626686,0.017841071529207008,0.018480313455420883,0.0007715615969362411,0.0025603414141751393,5.323229831045361e-06,1.9320999999999997,0.04007110319854035,0.0004601797169892364,0.0014889254941729878,4.660972142000568e-06,1.0919287419339092,0.0,0.00023375675814681402,0.0007093535365681306,2.309447193774817e-06,0.04000000000000001,0.0
2016-12-01,diesel,docx_strict_mdp_value_iteration,46.28107919720019,5446.173999999999,4722540.127333333,0.14604640289872012,170,204.78278928722472,-100.0,0.0,5615,5480.0,0.1888165168928886,0.16643905329471662,0.007117988734987173,0.018515337838639512,0.01859753012768232,0.0178830404818132,0.00030336880865207286,0.0008959866746700673,2.2042217333755977e-06,1.1025,0.0,0.00019690439821135712,0.0005741611821821401,1.966921742758769e-06,0.9719572798418998,0.0,0.0009102048625372264,0.0028973860047152035,4.481517601641691e-06,0.04000000000000001,0.0
2016-12-15,diesel,docx_strict_mdp_value_iteration,52.12131287707897,5473.206,4722540.127333333,0.14604640289872012,420,385.8668092213213,100.0,0.0,6035,5580.0,0.04290647379498996,0.022532062576731255,0.02754932121193433,0.018510495124649588,0.01843227983076655,0.017782868734791298,0.0004072248590187505,0.0010949025914422136,2.2186247736926487e-06,0.25,0.0,0.00028764546925231084,0.0007801276337028781,2.4577465290213625e-06,0.13116568910196916,0.0,0.0005515471958879217,0.0016696450468262243,4.915671047165944e-06,0.16000000000000003,0.0
2016-12-29,diesel,docx_strict_mdp_value_iteration,53.07575348934881,5468.79,4722540.127333333,0.14604640289872012,95,112.78639412062374,0.0,0.0,6130,5580.0,0.07255146105852668,0.05131447543682454,0.007000357707805468,0.017655765279240954,0.01769368587841509,0.01745322524233903,0.0008122858888147975,0.002291019964393019,5.495436426012246e-06,0.42250000000000004,0.0,0.0009062516612738871,0.0025447657334272044,5.319084827421971e-06,0.2982916524462772,0.0,0.000521335138120665,0.0016055962828072602,6.486061666259094e-06,0.04000000000000001,0.0
2017-01-13,diesel,docx_strict_mdp_value_iteration,53.99351442246399,5640.469999999999,7434651.493666667,0.13639340683331513,500,64.46102505964228,100.0,0.0,6630,5680.0,0.11313105911537537,0.0016851961024340594,0.0071149569082047765,0.01819057059912746,0.01727639188676916,0.017371675429259034,0.003083024198915873,0.007965629807834511,3.274034756741964e-06,0.6561000000000001,0.0,0.00030229253550099127,0.0008663185204230941,7.418041154456857e-06,0.009341365179520255,0.0,0.0009168218829679,0.0028132938932007414,6.9080900491606845e-06,0.04000000000000001,0.0
2017-01-26,diesel,docx_strict_mdp_value_iteration,53.59469121042442,5743.477999999999,7434651.493666667,0.13639340683331513,-340,2.083027342747865,200.0,0.0,6290,5880.0,0.48321952660000733,0.003204448453919523,0.006978643864039882,0.016404045726560165,0.017067914975910776,0.017516922595988204,0.0002364834271038195,0.0007229344502718444,1.2930887136670212e-05,2.8223999999999996,0.0,0.0019413569005258724,0.005473900325376341,8.597122588488308e-06,0.015564058396675537,0.0,0.0004563979190589417,0.0013529135222592335,6.165673394313962e-06,0.04000000000000001,0.0
2017-02-15,diesel,docx_strict_mdp_value_iteration,54.325999515736456,5832.51,14383899.924666665,0.13639340683331513,50,-28.170084127213805,200.0,0.0,6340,6080.0,0.10418863777611713,0.0006354759649789761,3.724055595763856e-05,0.017303683258307872,0.01714378104032972,0.017639045077085396,0.00013910050599318457,0.00040183174526564993,7.2701239715292566e-06,0.6084,0.0,2.4895692712773716e-05,7.329781682471077e-05,8.157986745579985e-06,0.003661003014455705,0.0,0.00012788842098495053,0.0003722741760084846,5.574108148034705e-06,0.0,0.0
2017-03-15,diesel,docx_strict_mdp_value_iteration,52.055328052771,5849.696,6870025.187,0.13639340683331513,-85,-83.0127745186846,200.0,0.0,6255,6280.0,0.012483189833512038,0.0020636788524718676,8.18563454690734e-06,0.01714453875909338,0.017148571705431066,0.017740284949737714,7.728435371912898e-06,2.300931477999076e-05,8.15365889831998e-06,0.0729,0.0,8.719412239889813e-06,2.5947043359122625e-05,8.130643319068305e-06,0.012030882757498888,0.0,2.5578878200821483e-05,7.258605866363767e-05,5.106312108381887e-06,0.0,0.0
2017-03-29,diesel,docx_strict_mdp_value_iteration,49.38071351199277,5860.822,6870025.187,0.13639340683331513,-220,-130.06457978393456,200.0,0.0,6035,6480.0,0.01257174907606186,0.0015445852224425865,0.0001257770589225687,0.016960360227547756,0.017145358642782115,0.01782266834241776,0.0003067542179670348,0.0009696180752843992,9.239409946273534e-06,0.0729,0.0,9.293504225198365e-05,0.00028490020029004967,8.14897727833877e-06,0.00885548951487602,0.0,0.0004519631613200552,0.0012639561157788437,4.7407731471098234e-06,0.0,0.0
2017-04-13,diesel,docx_strict_mdp_value_iteration,52.84095880895715,5820.295,13436247.083999999,0.13639340683331513,190,174.37233211673492,200.0,0.0,6225,6680.0,0.11510717102684905,0.0634640491656118,0.00047100029554738323,0.017895990963330735,0.01786267276933318,0.017888028863114643,8.825412868956907e-06,2.512867921485126e-05,4.42685402638593e-06,0.6723999999999999,0.0,2.4748757324252646e-06,7.073939495309146e-06,4.568167690949899e-06,0.3707273333104639,0.0,0.00171942121048891,0.004719463745226612,4.460422083036831e-06,0.0,0.0
2017-05-12,diesel,docx_strict_mdp_value_iteration,48.041424392545125,5781.821,7014740.934,0.13639340683331513,-235,-277.3903335018204,200.0,0.0,5990,6880.0,0.12374149053464621,0.13984484015514884,0.0009978349020816888,0.017067071867348235,0.016979454130446315,0.01793802799303844,0.00020240782621552657,0.0006373391055487576,8.602067431300174e-06,0.7224999999999999,0.0,0.000322969454198202,0.0010320259194786616,9.12369735007783e-06,0.8163580241871305,0.0,0.0036810399739407593,0.009923953269524916,4.251728557493092e-06,0.0,0.0
2017-05-26,diesel,docx_strict_mdp_value_iteration,51.03890868988692,5757.036,7014740.934,0.13639340683331513,135,119.70543148705302,200.0,0.0,6125,7080.0,0.09374101600490882,0.10797377643373365,0.001630223169960653,0.017890125506490377,0.01785727251200386,0.017974172919209983,1.992449051572313e-09,5.73883548521355e-09,4.451570378362489e-06,0.5476,0.0,1.7911518190225518e-06,5.185545314249548e-06,4.59128108781425e-06,0.6307401862883945,0.0,0.006066898877062529,0.016093287586900314,4.103975361262206e-06,0.0,0.0
2017-06-10,diesel,docx_strict_mdp_value_iteration,48.441866975263295,5699.865,6925385.069,0.13639340683331513,-175,-200.80132664464497,200.0,0.0,5950,7280.0,0.0658349082602423,0.0703866316301091,0.0025207374883369736,0.01726675050316789,0.01721255035199775,0.01799783219246145,0.0001042644014551655,0.0003225797111785877,7.470652811932984e-06,0.3844,0.0,0.00015691359168597399,0.0004898544297310487,7.769875540147867e-06,0.41089832803236304,0.0,0.00947301429444982,0.024665177103931447,4.00867592954372e-06,0.0,0.0
2017-06-24,diesel,docx_strict_mdp_value_iteration,45.03258488301636,5668.673999999999,6925385.069,0.13639340683331513,-240,-192.2288384530724,200.0,0.0,5710,7480.0,0.012373282764321189,0.00023608594765404695,0.003417091888946988,0.01713778108399727,0.017241084192328386,0.01801024952867155,0.0008555718406350569,0.0027838837163424055,8.192297123123853e-06,0.016900000000000002,0.0210800922129335,0.0006199097980217949,0.001982542859260112,7.611616433820316e-06,0.000293950215178605,0.0,0.012946727880741601,0.03318076547577859,3.95910693815179e-06,0.0,0.0
2017-07-22,diesel,docx_strict_mdp_value_iteration,46.99182937767929,5584.1849999999995,13369591.988,0.13639340683331513,75,63.98740597436138,200.0,0.0,5785,7680.0,0.0680049102483257,0.04502188346620659,0.004713997969619005,0.017837529850047842,0.017812714633172473,0.018012556016310365,0.00021380087145542808,0.000639429790034575,4.676277149434109e-06,0.39690000000000003,0.0,0.00024509795920187044,0.0007359293991632125,4.784217275937831e-06,0.26258705563399387,0.0,0.018044529301454677,0.045323249820709254,3.949933588304127e-06,0.0,0.0
2017-08-05,diesel,docx_strict_mdp_value_iteration,50.15160002264495,5565.503000000001,13495524.523,0.13639340683331513,165,165.97225839415302,100.0,0.0,5950,7780.0,0.005549238816687933,0.007124889048212916,0.012082185659661444,0.01803769497325627,0.018039857407409873,0.017838246804309996,7.47750539636962e-06,2.1356825337192795e-05,3.85064101798371e-06,0.0324,0.0,7.98221886806046e-06,2.2792650514219692e-05,3.8421589832859475e-06,0.041603640492346716,0.0,0.01998461213430096,0.05046300255432159,4.6731768790759485e-06,0.04000000000000001,0.0
2017-09-16,diesel,docx_strict_mdp_value_iteration,52.38592119344901,5613.171,7416758.774,0.13639340683331513,95,32.78344285632657,0.0,0.0,6045,7780.0,0.0033690274551833894,0.012148209642218796,0.011759037781895472,0.017711095365741135,0.01757655470282909,0.017505661899740614,4.5405024672974e-05,0.00013077596660283493,5.239084424731711e-06,0.019600000000000003,0.0,1.081959469329767e-06,3.1660689144308617e-06,5.873087108379796e-06,0.07095704233747663,0.0,0.01858687090093857,0.047747810958839135,6.221722558405604e-06,0.04000000000000001,0.0
2017-09-30,diesel,docx_strict_mdp_value_iteration,55.187765045612345,5657.84,7416758.774,0.13639340683331513,195,165.98413617268545,-100.0,0.0,6240,7680.0,0.006957934397397395,0.012233155944625027,0.011051441735993556,0.017605794611824505,0.01754403511441209,0.017025361528213233,0.0003960283966513749,0.0011085484878369477,5.732219440768573e-06,0.04000000000000001,0.0,0.0002995285448286992,0.0008444264166292982,6.031763519240836e-06,0.07096969879983475,0.0,0.01571709721558868,0.04133173708767361,8.848474037833916e-06,0.04000000000000001,0.0
2017-11-03,diesel,docx_strict_mdp_value_iteration,57.00834724985867,5811.035,6974477.750999999,0.13639340683331513,150,84.99311888256604,-200.0,0.0,6390,7480.0,0.0014804319142611665,0.004537614263114441,0.009503524624279542,0.01704524691884272,0.016911205414176834,0.016400884822276054,0.0003314358923328982,0.0009366569249438568,8.730565770608439e-06,0.0081,0.0,0.0001574279519479743,0.00045191485191598614,9.540651993410508e-06,0.026238179526753686,0.0,0.009718626602496104,0.026609329463685702,1.2953630062522876e-05,0.04000000000000001,0.0
2017-11-17,diesel,docx_strict_mdp_value_iteration,60.43819147787639,5888.21,6974477.750999999,0.13639340683331513,250,171.75155530412553,-200.0,0.0,6640,7280.0,0.007131645287857825,0.005336087342574727,0.0017024485159357883,0.016648034534541598,0.016490476915304315,0.01580061821852983,0.0010306551525203923,0.00283251587902816,1.1235672481625768e-05,0.04000000000000001,0.0,0.000649904526492248,0.0018187333768575618,1.2316752282011916e-05,0.03010810516125512,0.0,0.006152240665930899,0.0172081779846184,1.7634807346543593e-05,0.0,0.0
2017-12-29,diesel,docx_strict_mdp_value_iteration,62.21587332766389,6036.0,13941508.355,0.13639340683331513,70,31.764201685469185,-200.0,0.0,6710,7080.0,0.022349386454310022,0.01354378203537409,0.0007500444553103699,0.015711904278420594,0.015637813077073646,0.015222783539563075,0.0005745523803550874,0.0016359674041235698,1.8387764917427608e-05,0.1296,0.0,0.00043361972046447004,0.001245508838078108,1.9028674750549693e-05,0.07838583669261896,0.0,0.0026590388102314287,0.007648836541223788,2.2821797109869508e-05,0.0,0.0
2018-01-13,diesel,docx_strict_mdp_value_iteration,66.11343927180071,6153.093999999999,7272460.064,0.13474034151009923,175,148.87906727879488,-200.0,0.0,6885,6880.0,0.007765436362862834,0.009577600057094078,0.00020664184981072925,0.015364686894365213,0.015314599237643436,0.014665655339503769,0.0007672263075326071,0.0021441002302269637,2.148612758726962e-05,0.04409999999999999,0.0,0.0006547728705265339,0.0018404902014054671,2.1952980303891474e-05,0.05486356697177097,0.0,0.0007060922526719791,0.0020843737162824618,2.845523295696466e-05,0.0,0.0
2018-01-27,diesel,docx_strict_mdp_value_iteration,67.75322721683503,6227.204,7272460.064,0.13474034151009923,60,13.574179714155203,-200.0,0.0,6945,6680.0,0.009245677346651127,0.012677672625408325,1.298868908324537e-05,0.01461371039956286,0.014526950269331972,0.014127553252416923,0.0006600489350695096,0.0018796001539609054,2.9012115659777284e-05,0.0529,0.0,0.000484112779134218,0.0013927925763579673,2.995427335436538e-05,0.07322965039551914,0.0,2.0061556905607167e-05,6.0588045824519225e-05,3.4485630803199056e-05,0.0,0.0
2018-02-10,diesel,docx_strict_mdp_value_iteration,65.67800657880974,6287.73,14781686.805,0.13474034151009923,-160,-147.22818023371673,-200.0,0.0,6785,6480.0,0.03316634188108852,0.01773534115801785,9.46802372383552e-05,0.013695638969905345,0.013719300623120824,0.013606834020956015,5.902828204362884e-05,0.00017661371887030445,3.9744967997776144e-05,0.1936,0.0,7.572633767709393e-05,0.00022592301129855383,3.944718466273047e-05,0.10342959585921986,0.0,0.00029284250149877634,0.0009198302683470466,4.0872571235605446e-05,0.0,0.0
2018-03-01,diesel,docx_strict_mdp_value_iteration,64.32478933099402,6243.200999999999,6634633.606,0.13474034151009923,-185,-47.427566863823685,100.0,0.0,6600,6580.0,0.00044112893547245384,0.0068463980347553185,0.06164187739792524,0.013148179376223456,0.01340906258066588,0.013697560048158822,1.1573030103149647e-05,3.527820020660992e-05,4.694744586040959e-05,0.0025000000000000005,0.0,6.077716623110739e-05,0.00017889878739736585,4.3440456065578726e-05,0.03984064971602749,0.0,2.6522194057276888e-05,7.769967020352488e-05,3.972074934656384e-05,0.36,0.0
2018-03-29,diesel,docx_strict_mdp_value_iteration,65.81290998890657,6217.956,6634633.606,0.13474034151009923,165,58.78840053731071,200.0,0.0,6765,6780.0,0.08393035383070742,0.007737088877704845,0.006906480905784555,0.01390657372448347,0.01369951546101916,0.013975990911903019,0.00015330770290788756,0.0004353005745301146,3.712984377515526e-05,0.48999999999999994,0.0,1.3227143175725484e-05,3.847838659462336e-05,3.9696105425936624e-05,0.04512732692383538,0.0,0.00018583825609079646,0.0005242884141279652,3.628868549347503e-05,0.04000000000000001,0.0
2018-04-13,diesel,docx_strict_mdp_value_iteration,67.1364923044488,6213.334999999999,6503574.637499999,0.13474034151009923,50,79.93657948086607,200.0,0.0,6815,6980.0,0.009141234909494396,0.00041557200902193414,0.00025289000023694894,0.013943647131378254,0.01400058470158649,0.014228096526191105,0.00027812484960700973,0.000800063844859083,3.667941006926286e-05,0.0529,0.0,0.00036450202246708614,0.0010415347086836799,3.5992983922838065e-05,0.0017889818905145543,0.0,0.0008935925949781285,0.0024837656961970885,3.331486971096719e-05,0.0,0.0
2018-04-27,diesel,docx_strict_mdp_value_iteration,71.45750403433306,6226.549999999999,6503574.637499999,0.13474034151009923,245,245.68522396890145,200.0,0.0,7060,7180.0,0.026378660381302595,0.019154092892868218,0.0005342753492345332,0.014549821631096872,0.014551115324131218,0.014455936269174288,0.0012260280296030458,0.0033700820667046647,2.9704444252859565e-05,0.1521,0.0,0.0012298280012418695,0.003380026928388477,2.9690344210917644e-05,0.10989045259848458,0.0,0.001931084237415722,0.005298745014781093,3.073664265145712e-05,0.0,0.0
2018-05-12,diesel,docx_strict_mdp_value_iteration,73.11339128033123,6319.1449999999995,6572711.574999999,0.13474034151009923,105,117.13527896292425,200.0,0.0,7165,7380.0,0.013759340638375703,0.011671503387754169,0.0007065891604706512,0.014494362266552738,0.014516478421150187,0.014661404888976264,0.0012011388853844223,0.003370235964740992,3.0312046851958305e-05,0.07840000000000001,0.0,0.0012669042238378663,0.0035456010853708877,3.006900890571155e-05,0.06610035344415907,0.0,0.0025710908429980393,0.007013608577804962,2.8500597759446547e-05,0.0,0.0
2018-05-26,diesel,docx_strict_mdp_value_iteration,75.7600727398957,6369.415999999999,6572711.574999999,0.13474034151009923,250,164.00819681582647,200.0,0.0,7415,7580.0,0.015059053244935906,0.0020096733424873167,0.0010029831240229963,0.014946498352173834,0.014792077688353701,0.014846247236754135,0.0024181605002602333,0.00656250757141969,2.5537878904581777e-05,0.0841,0.0,0.0018212485104358203,0.0050311646535075895,2.7122454804143333e-05,0.008788281712179678,0.0,0.0036776250771647853,0.009941615810527655,2.656116754466439e-05,0.0,0.0
2018-06-09,diesel,docx_strict_mdp_value_iteration,71.57248681191464,6508.135,6610286.048,0.13474034151009923,-125,-165.49491042365094,200.0,0.0,7290,7780.0,0.09651336608023499,0.07452205196362172,0.0010803505200873626,0.014455680783352423,0.01438541339032679,0.0150120714271427,0.0007659337615584348,0.0022327245399771543,3.07394755760876e-05,0.5625,0.0,0.0006076053077640244,0.0017863238304964238,3.152358279752172e-05,0.43428919072188216,0.0,0.003967571344155726,0.01070786034696109,2.4879431447926268e-05,0.0,0.0
2018-06-26,diesel,docx_strict_mdp_value_iteration,71.34368611064708,6571.258,6610286.048,0.13474034151009923,-55,14.74342969592821,100.0,0.0,7235,7880.0,0.0034585783839661387,0.022408961679039344,0.007976272286715975,0.014732525849188717,0.014855620824619414,0.014994979881547283,0.00034572153593106396,0.0010074547996307226,2.7746283929465048e-05,0.019600000000000003,0.0,0.0005687144814410862,0.0016331466997920525,2.646463710008944e-05,0.12994343699624433,0.0,0.004121551028373223,0.011253817209989959,2.505022638611645e-05,0.04000000000000001,0.0
2018-07-10,diesel,docx_strict_mdp_value_iteration,75.52675702206679,6618.655,6501765.6355,0.13474034151009923,260,239.94922434534084,0.0,0.0,7495,7880.0,0.06826981668091672,0.03502840792675809,0.00784505630166485,0.015275795752163972,0.015240137734464228,0.014813415405307962,0.0011780193317722527,0.0032403360038558097,2.2318105775271976e-05,0.39690000000000003,0.0,0.0010776047455320788,0.002976268693317377,2.2656288786871333e-05,0.20287059977469368,0.0,0.00360740762230873,0.010013837270752281,2.6900659757896773e-05,0.04000000000000001,0.0
2018-07-24,diesel,docx_strict_mdp_value_iteration,71.84604043418894,6621.843999999999,6501765.6355,0.13474034151009923,-120,-131.4530988096168,-100.0,0.0,7375,7780.0,0.09905372301374368,0.09461880377806596,0.007628865152834013,0.014435491452710567,0.014415829985458447,0.014478212736302438,0.0006073705527131731,0.001774334277938533,3.096375537285716e-05,0.5776,0.0,0.0005664182426626441,0.0016586322523416638,3.118295475130501e-05,0.5517587425795983,0.0,0.0027893209537913394,0.007896675258820672,3.0490134585532614e-05,0.04000000000000001,0.0
2018-08-07,diesel,docx_strict_mdp_value_iteration,72.24956008101798,6686.825,6504841.2715,0.13474034151009923,70,32.31118912561594,-200.0,0.0,7445,7580.0,0.02489668528716838,0.01850577106227126,0.007178373888339078,0.014446220275647039,0.01438046736769798,0.013993334902697127,0.0006145745507961238,0.001750318103973579,3.0844469226634054e-05,0.1444,0.0,0.0004838784227219891,0.001388821759379361,3.1579147005507265e-05,0.10727496801173525,0.0,0.0011442136022291444,0.0033446690120682836,3.608002559115654e-05,0.04000000000000001,0.0
2018-08-21,diesel,docx_strict_mdp_value_iteration,69.1787498069334,6724.538,6504841.2715,0.13474034151009923,-50,-123.60242424700888,-200.0,0.0,7395,7380.0,0.009959348443571022,0.016698225257955036,8.843090303915877e-05,0.013778561743047655,0.01365136031975591,0.013525484191006212,0.00032274194067621876,0.000940295160308328,3.870629398507024e-05,0.0576,0.0,0.00015657988561447686,0.000463223543922729,4.030522578956978e-05,0.0972362193396333,0.0,0.00027906487462153967,0.0008303612312629934,4.1919354960910494e-05,0.0,0.0
2018-09-04,diesel,docx_strict_mdp_value_iteration,72.78311549184721,6811.19,6790231.524999999,0.13474034151009923,170,201.5491454011302,100.0,0.0,7565,7480.0,0.03330409535599171,0.07258644562517189,0.06171919710322809,0.013717756558086956,0.01377264918001528,0.013596316612589473,0.0005585098483536549,0.0015716796461947588,3.946658266345945e-05,0.1936,0.0,0.0006731016219112008,0.00188214299872897,3.8779898235164365e-05,0.42289417297859466,0.0,0.0003027809584574236,0.0008651305459835884,4.100716092619757e-05,0.36,0.0
2018-09-18,diesel,docx_strict_mdp_value_iteration,74.11763302719488,6848.096,6790231.524999999,0.13474034151009923,145,109.91402595673398,200.0,0.0,7710,7680.0,0.0007006268317899195,0.00598195921159741,0.007086087795927413,0.013735659634578101,0.013675985083673325,0.013833069621682266,0.0009564215625677566,0.0026822457471136806,3.9241960213854174e-05,0.0025000000000000005,0.0,0.0008066936931892596,0.0022781471529414693,3.999316466192229e-05,0.03358798046235505,0.0,0.0008370324922970018,0.0023349029340277837,3.803103029101811e-05,0.04000000000000001,0.0
2018-10-01,diesel,docx_strict_mdp_value_iteration,76.98512082710351,6952.07,6795043.7565,0.13474034151009923,230,163.09626741347927,200.0,0.0,7940,7880.0,0.00536719248720606,0.0022651522857743155,0.00033791426732546925,0.01409704933476295,0.0139853988729457,0.014048288424046887,0.0015067512170792335,0.004150507599502572,3.484482655622253e-05,0.028900000000000006,0.0,0.0011637020127662912,0.0032471758748043793,3.617542671756287e-05,0.011313403225454228,0.0,0.0012017892389625795,0.003335941999600613,3.5422870683334297e-05,0.0,0.0
2018-10-20,diesel,docx_strict_mdp_value_iteration,77.91850696573522,6999.692,6795043.7565,0.13474034151009923,160,87.15951531489476,200.0,0.0,8100,8080.0,0.003933515360211179,0.004412064731451444,0.0005473658454952314,0.014176284590936577,0.01405824794007828,0.014243571585256866,0.002082695845762174,0.005751780503947568,3.391566116576276e-05,0.019600000000000003,0.0,0.0016513937095300579,0.004623849168326592,3.5304417541584e-05,0.023065561277127517,0.0,0.0019743998679397556,0.005431908913096755,3.313646809406216e-05,0.0,0.0
2018-11-03,diesel,docx_strict_mdp_value_iteration,72.54628464866491,7019.195,6785361.953000001,0.13474034151009923,-365,-292.76674511562726,200.0,0.0,7735,8280.0,0.1888393864707832,0.0990062419664743,0.000857906304295538,0.013522126000033455,0.013636866495254772,0.014420398992566702,0.0003498088635959256,0.0010589197520985446,4.196285155944257e-05,1.1025,0.0,0.0005615240299636212,0.0016758332691346953,4.048946799921129e-05,0.5773758534588834,0.0,0.0031279429648842696,0.008513962403221203,3.1131947402150685e-05,0.0,0.0
2018-11-17,diesel,docx_strict_mdp_value_iteration,64.89815719013242,7011.848,6785361.953000001,0.13474034151009923,-490,-407.6549313117842,200.0,0.0,7245,8480.0,0.010779381122548636,0.009073372515424779,0.001293588299323602,0.01345427329352436,0.013591248458452871,0.014580141421358,0.00023855590478177112,0.0007738917309336388,4.284653811586843e-05,0.0625,0.0,9.05781997857948e-05,0.000287048729882085,4.1072096321282706e-05,0.052797181309771304,0.0,0.00476050222733425,0.012798653044677824,2.9374867012479284e-05,0.0,0.0
2018-12-01,diesel,docx_strict_mdp_value_iteration,57.47630975735433,6760.67,4418409.912666666,0.13474034151009923,-520,-419.4105869634928,100.0,0.0,6725,8580.0,0.0531044199604334,0.015667560027161822,0.00919311038232145,0.01349712685310154,0.013675766741213319,0.014572340171616245,0.0012507313307870993,0.004264624068766326,4.228735916465307e-05,0.0036,0.11908017837800289,0.0007709873664334063,0.002549120892872877,3.999592631154361e-05,0.0005527817592061928,0.035045100112987226,0.008707948073204609,0.02311711141674953,2.9459491212650776e-05,0.04000000000000001,0.0
2018-12-15,diesel,docx_strict_mdp_value_iteration,56.98627403563451,6612.902,4418409.912666666,0.13474034151009923,-120,-95.16194866279814,0.0,0.0,6605,8580.0,0.12166111865746129,0.075347744247714,0.009752889957703178,0.014183633961831504,0.014231155422994732,0.014413224249015026,0.0011672726953962866,0.0037449952592288668,3.383011388995989e-05,0.6400000000000001,0.026857182304407035,0.0010366068454931534,0.00329998321682306,3.3279567753643095e-05,0.4205487177594189,0.006955012072712208,0.010787540395856327,0.02865080988480827,3.121206329179372e-05,0.04000000000000001,0.0
2018-12-29,diesel,docx_strict_mdp_value_iteration,51.25025677943197,6514.389999999999,4418409.912666666,0.13474034151009923,-355,-336.64047791887833,-100.0,0.0,6250,8480.0,0.15175176472157104,0.14566680159064083,0.009826427831991976,0.013571015359982688,0.013606779937884063,0.014112599152369216,0.003009531859607468,0.010465781045759981,4.133184350157853e-05,0.22089999999999999,0.2582824937143233,0.0028499254040296814,0.009850479110802387,4.087326276264171e-05,0.23324752036671834,0.2396625313509455,0.011001038076286931,0.029513052021682563,3.466148874068368e-05,0.04000000000000001,0.0
2019-01-15,diesel,docx_strict_mdp_value_iteration,53.62385738254757,6371.9349999999995,6343922.0235,0.13275198293056265,105,44.9285268603161,-200.0,0.0,6355,8280.0,0.14526640342061112,0.11793403989745169,0.0097627816238039,0.01419406167882309,0.014070394965454985,0.013674444349283126,0.0012651435177175215,0.003926881024438518,3.3708919789310556e-05,0.8464,0.0,0.0016481793273706706,0.005217620344955848,3.516021586570159e-05,0.5823796216327396,0.040565226855926895,0.010688433004899398,0.02905069109292226,4.0012654290316184e-05,0.04000000000000001,0.0
2019-01-29,diesel,docx_strict_mdp_value_iteration,57.5914267742096,6286.4619999999995,6343922.0235,0.13275198293056265,230,138.38498367257426,-200.0,0.0,6585,8080.0,0.010727335986633526,0.006064410650987154,0.0026271526399681507,0.0140286887317726,0.013843200798468642,0.01325223228050349,7.440967424055155e-05,0.00021503093635070406,3.5656558262059524e-05,0.0625,0.0,0.0002660582825458649,0.0007914805549785876,3.7906176407977174e-05,0.03493643727960591,0.0,0.009593267649808371,0.026235098774691226,4.553236919627914e-05,0.0,0.0
2019-02-15,diesel,docx_strict_mdp_value_iteration,58.91424279892484,6206.235,12600631.149999999,0.13275198293056265,50,67.99494959585758,-200.0,0.0,6635,7880.0,0.02219695177609942,0.003407055713881237,0.002320754487365244,0.013260930479568852,0.013296091333107742,0.012844753279390633,7.32648655656477e-06,2.1360139449120754e-05,4.5415058001204105e-05,0.1296,0.0,1.7616249877208235e-05,5.114687446172273e-05,4.4942391414033134e-05,0.01981902758928535,0.0,0.008435609171489538,0.023227810095999005,5.119755563279111e-05,0.0,0.0
2019-03-01,diesel,docx_strict_mdp_value_iteration,62.15537233921507,6294.102999999999,5523514.9065,0.13275198293056265,260,162.60066136393755,-200.0,0.0,6895,7680.0,0.030279059472002393,0.006157882116217948,0.0014406490573626242,0.013281591509405529,0.013092714266480242,0.012450834301442523,0.0002641516451308539,0.0007371047807446371,4.5137012646491884e-05,0.17639999999999997,0.0,6.941444227275687e-05,0.00019796233495628413,4.771059620448558e-05,0.0358009627965801,0.0,0.005159493538934025,0.014509488583187556,5.6989902744276806e-05,0.0,0.0
2019-03-29,diesel,docx_strict_mdp_value_iteration,64.18432514642905,6345.894,5523514.9065,0.13275198293056265,80,82.14566148471899,-200.0,0.0,6975,7480.0,0.0222860313222117,0.004534603100475778,0.0008325538637831899,0.012553688799889577,0.012557692776104582,0.012069334101039745,0.00031861190805600073,0.0009117023108336203,5.544755048888994e-05,0.1296,0.0,0.0003246966484498643,0.0009286767737294127,5.538793681484593e-05,0.025892028022260233,0.0,0.002929816304834786,0.008393940233421026,6.289546160093108e-05,0.0,0.0
2019-04-13,diesel,docx_strict_mdp_value_iteration,67.7074125661637,6437.08,5423320.284,0.13275198293056265,-30,162.01832877351626,-200.0,0.0,6945,7280.0,0.008315364341336473,0.00452326207096935,0.00031508867800876555,0.011987825303859506,0.012342037105938583,0.01169913827960997,5.8760187830373515e-05,0.0001725184850006821,6.419494336147402e-05,0.0484,0.0,0.0005147176758466854,0.0014494416273342795,5.864439568682153e-05,0.025518571919307623,0.0,0.0010622114904336156,0.0031120459183673487,6.890430530103653e-05,0.0,0.0
2019-04-27,diesel,docx_strict_mdp_value_iteration,69.11899911641486,6467.356,5423320.284,0.13275198293056265,185,55.34297402852409,-200.0,0.0,7130,7080.0,0.03177187579570021,0.007831402718189289,8.315003624834726e-05,0.01203537218454763,0.01179516369103392,0.011339154148618141,0.000385380719124602,0.0010848754415788552,6.343529623867761e-05,0.18489999999999998,0.0,8.994464287885999e-05,0.0002604113489924817,6.731933885692814e-05,0.045518525239879704,0.0,0.00023599622793098464,0.0007039278371476928,7.501025086139836e-05,0.0,0.0
2019-05-14,diesel,docx_strict_mdp_value_iteration,67.89285334783487,6571.37,5973745.558,0.13275198293056265,-75,-25.901531019298474,-200.0,0.0,7055,6880.0,0.046311189713904334,0.004557223331276498,3.863515663966423e-05,0.011216426096994084,0.01130502798451936,0.010988305341253288,2.4686536726722346e-05,7.312613408568234e-05,7.715117050956658e-05,0.27040000000000003,0.0,7.665494676026433e-05,0.00022466686706950576,7.560253834999146e-05,0.02640267840186267,0.0,7.435668315021044e-05,0.00022924952888385555,8.121064062248402e-05,0.0,0.0
2019-05-28,diesel,docx_strict_mdp_value_iteration,68.00149017161712,6621.668,5973745.558,0.13275198293056265,50,53.88376591056597,-200.0,0.0,7105,6680.0,0.010721744749336065,0.0043823764337641066,0.00047161540342327904,0.011110743782468038,0.011117826836932205,0.01064552609473736,2.21322761818417e-05,6.443310182390384e-05,7.901887610093066e-05,0.0625,0.0,2.5050028568148487e-05,7.286643751122028e-05,7.889300009872176e-05,0.025462774424746544,0.0,0.0008185850217420601,0.002628373440783099,8.75061820442397e-05,0.0,0.0004790298382457703
2019-06-12,diesel,docx_strict_mdp_value_iteration,60.803864299344106,6660.895,5534258.5335,0.13275198293056265,-445,-382.0891214756658,-200.0,0.0,6660,6480.0,0.204410361523572,0.1438210873417755,0.0692105895934371,0.009889121685335862,0.01000304856996882,0.010309755110167993,0.0010769402987748573,0.0036161441852889,0.00010222986029394554,0.9801,0.08293862717433131,0.000782926349375422,0.002578145552641946,9.993903789440248e-05,0.7602894341435518,0.030664307319605788,0.0023129403486105166,0.0077292046045048515,9.390084602491533e-05,0.0,0.15655145521341463
2019-06-26,diesel,docx_strict_mdp_value_iteration,60.31181874518448,6664.312,5534258.5335,0.13275198293056265,-115,-93.18423770483672,100.0,0.0,6545,6580.0,0.11760713147795265,0.09199649810421062,0.07650743925467275,0.01015487544460288,0.010197021867216039,0.010575605838241797,0.0018742903523361494,0.006119852817603461,9.692647751128336e-05,0.43560000000000004,0.09704894510164497,0.0017276001125246232,0.005602044323820512,9.609838027184052e-05,0.33386412746654504,0.07842172554011251,0.001687433276926192,0.005301787412902687,8.881920531618211e-05,0.36,0.032839869409269085
2019-07-10,diesel,docx_strict_mdp_value_iteration,62.23218388585334,6556.619999999999,12060863.369,0.13275198293056265,140,44.59222853914254,200.0,0.0,6685,6780.0,0.04470078803173521,0.013300395271765946,0.0069347392229810925,0.010903998757840051,0.010716439435595174,0.011019859635539623,0.000551516970196461,0.0016642982374386543,8.273723859737534e-05,0.2601,0.0,0.0009728691046255462,0.00302459491814554,8.618449675297246e-05,0.07592941860271343,0.0,0.00024839200689353983,0.0007318700759652203,8.064292096541057e-05,0.04000000000000001,0.0
2019-08-07,diesel,docx_strict_mdp_value_iteration,59.78548531751208,6461.293,6160658.426000001,0.13275198293056265,-70,-127.555958885432,200.0,0.0,6615,6980.0,0.03034131423961041,0.020501797512176824,3.5458552160481215e-05,0.010914705068816484,0.010803927090261565,0.01142898048043522,0.000435837035437513,0.001351582136821131,8.25425839865889e-05,0.17639999999999997,0.0,0.0006509172085549625,0.0020554540899185487,8.456775696122512e-05,0.11853999373426576,0.0,7.219713323908598e-05,0.0002048712376950941,7.346237560476049e-05,0.0,0.0
2019-08-21,diesel,docx_strict_mdp_value_iteration,56.781321350083445,6399.698,6160658.426000001,0.13275198293056265,-205,-139.75528950591507,200.0,0.0,6410,7180.0,0.026899337272871283,0.0003359520847808581,0.0002484854991572633,0.011038085582550764,0.011164990956683322,0.011805495573168843,0.0010517100086389608,0.0034097218611714884,8.031591002568448e-05,0.0729,0.03220429062232344,0.0007358414016869683,0.002336078434324975,7.805738479548748e-05,0.0005952946703514231,0.0,0.000851186566724779,0.0023694657863455393,6.714990280135543e-05,0.0,0.0
2019-09-04,diesel,docx_strict_mdp_value_iteration,57.816294465619606,6364.164999999999,6545744.299000001,0.13275198293056265,105,89.62483010633724,200.0,0.0,6515,7380.0,0.06594570919750085,0.036186734711759976,0.0006140999809064473,0.012004104603471113,0.011973242434282293,0.012151742635532673,0.0004496746432255275,0.0013577782712896338,6.393434319223185e-05,0.3844,0.0,0.0005053625740505753,0.001533413435753327,6.442883701880647e-05,0.21046095709332474,0.0,0.0022019913105279275,0.006029059554957019,6.159514365891564e-05,0.0,0.0
2019-09-19,diesel,docx_strict_mdp_value_iteration,61.16112727142305,6349.888,6545744.299000001,0.13275198293056265,125,172.70944780806536,200.0,0.0,6640,7580.0,0.000311721808555124,0.004747378051553593,0.0010623000353902768,0.012368062367138735,0.012462284845603626,0.012469885963758264,9.035820123764672e-05,0.0002659650108869207,5.824647203188401e-05,0.0016,0.0,3.1028525657954856e-05,8.998847185393039e-05,5.681714974881676e-05,0.027612214794569254,0.0,0.0038763004411093223,0.010461997224747811,5.670261739880481e-05,0.0,0.0
2019-10-22,diesel,docx_strict_mdp_value_iteration,57.12562169048032,6378.09,13589885.717,0.13275198293056265,-145,-225.8634624665325,200.0,0.0,6495,7780.0,0.05009487545778139,0.1176142428936784,0.0014688014552271223,0.012141469194779606,0.011984776478965637,0.012761930838684633,0.0005590805109999145,0.001764000000000002,6.17565064165979e-05,0.2916,0.0,0.0009132253465125867,0.0029571998269852257,6.424380809214249e-05,0.6354414592190505,0.019545335502264338,0.005409101136049555,0.014446618646783987,5.238964518398454e-05,0.0,0.0
2019-11-05,diesel,docx_strict_mdp_value_iteration,58.82863583797074,6415.647000000001,6131433.170499999,0.13275198293056265,105,58.77561968980722,100.0,0.0,6600,7880.0,0.04290462475665969,0.05563131011656848,0.008448357698600036,0.012906980444524421,0.0128154097525232,0.012864355752395685,0.00034229169453477354,0.0010283391324380248,5.031092641435899e-05,0.25,0.0,0.0004970137258465182,0.0015150629907144113,5.161833702413875e-05,0.324077628363214,0.0,0.00587111398047446,0.015833591303064342,5.091741882836856e-05,0.04000000000000001,0.0
2019-11-19,diesel,docx_strict_mdp_value_iteration,60.38635653789781,6439.6900000000005,6131433.170499999,0.13275198293056265,65,53.653222237082495,0.0,0.0,6665,7880.0,0.0011716033602095733,0.00010244888349429794,0.008361782733463998,0.012922676341083997,0.012900555931341647,0.012795959605875542,0.0002284583416272058,0.0006861805796535444,5.0088510173052206e-05,0.0064,0.0,0.0002571939669172128,0.0007752184584412598,5.040210608400827e-05,0.00010495582265472307,0.0,0.005508270252328542,0.015075040584980274,5.1898198000176886e-05,0.04000000000000001,0.0
2019-12-03,diesel,docx_strict_mdp_value_iteration,61.6447790105661,6498.66,6566013.291500001,0.13275198293056265,50,83.19869862157157,-100.0,0.0,6715,7780.0,0.00023842712304732703,0.0006590688550120242,0.00793980830548568,0.012827720126563694,0.012891809416508797,0.012567914318587526,0.0002559412216634232,0.0007718715470693009,5.144159858289951e-05,0.0009,0.0,0.00017753893349770766,0.0005299865075882687,5.052637337123302e-05,0.0034917406991456052,0.0,0.0039098391202735065,0.01096139021682384,5.523589757585633e-05,0.04000000000000001,0.0
2019-12-31,diesel,docx_strict_mdp_value_iteration,65.79524728050137,6530.459999999999,6566013.291500001,0.13275198293056265,230,217.2499934493532,-200.0,0.0,6945,7580.0,0.022195772315804146,0.012315358776000561,0.007458941710435856,0.012955967062133011,0.01293153675399097,0.012184502190847503,3.3954827706794907e-08,9.67304041161887e-08,4.961840002975505e-05,0.1296,0.0,1.455951756420561e-06,4.163493103926075e-06,4.996317266018051e-05,0.07187899858001934,0.0,0.0021323284793421777,0.0061562448674125254,6.10820060048675e-05,0.04000000000000001,0.0
2020-02-05,diesel,docx_strict_mdp_value_iteration,56.51253007511973,6508.360000000001,5826400.531166668,0.13022159358793023,-405,-521.0995819041096,-200.0,0.0,6540,7380.0,0.30065491318030846,0.4434314555454149,0.0003405168204458636,0.011401895149946389,0.011186803792900353,0.011812727823144555,0.000915266106889249,0.00304285501594517,7.392740701251543e-05,1.6129,0.05545445808152949,0.001550697920302085,0.005350587526936521,7.767242738483561e-05,2.1806403816985553,0.15919845217559425,0.0011545176472931692,0.003376586276540263,6.703142569791132e-05,0.0,0.0
2020-02-19,diesel,docx_strict_mdp_value_iteration,53.91955130446159,6482.38,5826400.531166668,0.13022159358793023,-400,-189.9702758586409,-200.0,0.0,6140,7180.0,0.14749858698368223,0.13016530006559054,0.00014802278633987715,0.011013239628312023,0.01142644653069619,0.011451500054746303,0.0037707209247632868,0.013400890417935471,8.076186197814143e-05,0.0001,0.3343645796890471,0.001972146007141166,0.006535504238539049,7.35058190910114e-05,0.43858646928861483,0.12451921533597687,0.00046603695991738995,0.0013809815333524714,7.307685131400248e-05,0.0,0.0
2020-03-18,diesel,docx_strict_mdp_value_iteration,36.82233377727081,6217.004999999999,9574194.771,0.13022159358793023,-975,-81.70038221494632,-200.0,0.0,5165,6980.0,0.8657299590860206,0.06363879368749803,0.00025097145203471744,0.009414995319576052,0.01128694138183942,0.011099746153918276,0.015195875490692571,0.06952691777443108,0.0001120423240845969,1.3224999999999998,1.4485759167572847,0.0022655564801604207,0.00742981203446825,7.591739048350237e-05,0.04688947947846774,0.12552541907006365,0.0008258428503263924,0.0024316343467007777,7.921451852469252e-05,0.0,0.0
2020-06-29,diesel,docx_strict_mdp_value_iteration,40.36722861556009,5486.427,13604170.254999999,0.13022159358793023,110,134.8968886649345,-200.0,0.0,5275,6780.0,0.867273171253301,0.08155764097624014,0.001704857646780952,0.011399100370691511,0.011461121447941924,0.01075640630862195,0.0031158405699289074,0.010016196126016922,7.397547443343891e-05,4.7089,0.13770878760474492,0.0028467707877975366,0.009062096658763901,7.291244692679743e-05,0.1876575110104498,0.11103634887659286,0.006102410305372934,0.017106672268971737,8.544402433128409e-05,0.0,0.0
2020-07-11,diesel,docx_strict_mdp_value_iteration,41.77423652824659,5209.293,14596658.588,0.13022159358793023,100,73.1624626820904,-200.0,0.0,5375,6580.0,0.00016675332351896632,0.002737063652449481,0.0021990651386007373,0.011043891134734274,0.010978429815811227,0.010420427741632918,0.0002849281897064781,0.0008509350299275247,8.021188600649134e-05,0.0004,0.0,0.0003838555180917054,0.001158324913871249,8.138872858824386e-05,0.01524455740572502,0.0,0.007928718160201347,0.021997082266631888,9.176820465327621e-05,0.0,0.0
2020-08-22,diesel,docx_strict_mdp_value_iteration,43.85823497882871,5189.5109999999995,13207330.352,0.13022159358793023,80,43.18109865978206,-200.0,0.0,5455,6380.0,0.00030447927198347965,0.000664396715651873,0.0015977323072117278,0.010673344310478715,0.010585207585143919,0.010090758348166676,4.367865266770932e-05,0.00012839320197499383,8.698650635087976e-05,0.0016,0.0,0.00010623733104970893,0.0003166898411705217,8.863831621483161e-05,0.003595528754552662,0.0,0.005691762236869582,0.016026805964981693,9.819307011442844e-05,0.0,0.0
2020-09-19,diesel,docx_strict_mdp_value_iteration,39.64007599342116,5356.751,12132160.858,0.13022159358793023,-300,-78.22391345657047,-200.0,0.0,5155,6180.0,0.20726540242433944,0.011483445750781486,0.0005411239624481622,0.00946207686418011,0.00998517661679945,0.00976633973277187,0.002831723967458786,0.009828135730323134,0.00011104782401644813,0.5776,0.2456972175860097,0.000995880084972666,0.0031669468879649515,0.00010029668739670052,0.05895670786788682,0.0024575751129010115,0.0018399211055272363,0.005359969459918724,0.00010472780246504373,0.0,0.0
2020-10-23,diesel,docx_strict_mdp_value_iteration,41.00596192843084,5351.187,11254370.355999999,0.13022159358793023,70,-53.89307733077841,-200.0,0.0,5225,5980.0,0.13000523483620746,0.09814542309068407,0.00021919535314817394,0.010037211541533666,0.009727980612904908,0.009446099495132794,0.0022229041971618753,0.007081327184597418,9.925715386815001e-05,0.5476,0.08134386862476406,0.003549688896313386,0.011886378404108507,0.00010551438228885744,0.0023679583463205923,0.22089671243643116,0.0006875144423357211,0.0020387641125099287,0.00011138481586663628,0.0,0.0
2020-11-06,diesel,docx_strict_mdp_value_iteration,38.34252841915856,5286.643,5579338.011,0.13022159358793023,-150,-80.16374438473167,-200.0,0.0,5075,5780.0,0.12850526459573333,0.05991136150436253,8.61452013886008e-05,0.009189887679254926,0.009361860258573145,0.00912894257973826,0.003054973905322271,0.010343511231002937,0.00011685852838712447,0.1936,0.21579148568756024,0.002329794632277883,0.007667266125043266,0.00011317001715812544,0.002760591789838661,0.13420752468612407,0.00021407362374455108,0.0006429207698961936,0.00011817988943462784,0.0,0.0
2020-11-20,diesel,docx_strict_mdp_value_iteration,41.39589389256359,5237.312,5579338.011,0.13022159358793023,145,-40.252559269532775,-200.0,0.0,5220,5580.0,0.059990677662060524,0.08014627878935707,2.6370353823798216e-05,0.009626571086805098,0.009156901191548822,0.008813741459719443,0.0013056331784676873,0.004008976018555215,0.00010760802741710796,0.34809999999999997,0.0,0.0030354103243715224,0.010046716621288162,0.00011757279176983536,0.006371610789198695,0.17855304644593706,6.555198430595275e-07,1.9983217070695936e-06,0.0001251323801299997,0.0,0.0
2020-12-04,diesel,docx_strict_mdp_value_iteration,45.8284697044521,5274.335,5798512.823499999,0.13022159358793023,240,253.97861746014792,-200.0,0.0,5460,5380.0,0.006268168696790251,0.059355346626890806,0.00017905339230410764,0.009552062970318052,0.009586518447665632,0.008499324867254278,0.00023309033497865685,0.0006757619257268985,0.00010915938817619926,0.0361,0.0,0.00019196478383112764,0.0005535954158819887,0.0001084405980408082,0.3462879414389304,0.0,0.0005097840219731874,0.001628902593420489,0.00013226552850895585,0.0,0.0
2020-12-18,diesel,docx_strict_mdp_value_iteration,48.69680983086777,5305.201999999999,5798512.823499999,0.13022159358793023,150,167.5849799811479,0.0,0.0,5610,5380.0,0.005574713597091507,0.005136529113148375,0.02761638135767456,0.009016256441387276,0.009057695872952937,0.008662777805556418,1.1138652178917905e-05,3.213535811083323e-05,0.00012064262256136651,0.0324,0.0,2.569293571771179e-06,7.364689896024463e-06,0.00011973401960879121,0.029855442387411495,0.0,0.0006854432428343896,0.0021249358081010367,0.00012853260708618416,0.16000000000000003,0.0
2021-01-01,diesel,docx_strict_mdp_value_iteration,49.85432428184906,5468.51,3785022.6151111107,0.13095435684647302,85,53.86912165236582,100.0,0.0,5695,5480.0,0.0029575659298512634,0.008942255860256773,0.007188960520429999,0.009012497746862686,0.008941098592683792,0.009056705472614564,0.0001378837652161541,0.0004092539656723369,0.00012072520576269756,0.016900000000000002,0.0,0.00021674071174461297,0.000650649525961463,0.0001222993003367404,0.051725185741806554,0.0,0.0010876329242172783,0.003352790375752575,0.00011975569511310405,0.04000000000000001,0.0
2021-01-16,diesel,docx_strict_mdp_value_iteration,53.26909011347213,5554.147999999999,3785022.6151111107,0.13095435684647302,180,144.50215100579845,100.0,0.0,5875,5580.0,0.006205195361117016,0.005659650525024972,0.0003131463461092727,0.009597224198999462,0.009517024476955325,0.0094253454586742,1.0102024879547074e-05,2.9018622841103168e-05,0.00010821774436588238,0.0361,0.0,4.261649811154553e-05,0.0001239619943740141,0.00010989277581675379,0.032857384039120724,0.0,0.0009968288823081592,0.0030655074672730153,0.00011182331866838239,0.0,0.0
2021-01-30,diesel,docx_strict_mdp_value_iteration,54.2745690912804,5611.24,3785022.6151111107,0.13095435684647302,70,33.25350379491296,200.0,0.0,5945,5780.0,0.008308948501617446,0.008506123299282691,0.006959738697719986,0.009692917150133045,0.009612439994533891,0.010000781973341292,5.093243628538373e-06,1.4889602686809875e-05,0.00010623595687402151,0.0484,0.0,3.196575750778015e-05,9.465445566806373e-05,0.00010790140286715908,0.04950504602500824,0.0,0.00032238430307011755,0.0009488105266938829,9.998436114465648e-05,0.04000000000000001,0.0
2021-02-19,diesel,docx_strict_mdp_value_iteration,60.96463300505847,5711.120000000001,11547531.687666668,0.13095435684647302,265,347.4396305973653,200.0,0.0,6210,5980.0,0.026096159720787628,0.06771435996042516,4.072860202437524e-05,0.010658018063950232,0.010836440199037737,0.01052969670182824,0.00014836928304412509,0.00041350993281315517,8.727262649348017e-05,0.1521,0.0,0.0003839512648705047,0.0010487120078030822,8.397082822581155e-05,0.3948516891005066,0.0,7.80891299645018e-05,0.00022610503238219213,8.968664455936294e-05,0.0,0.0
2021-03-04,diesel,docx_strict_mdp_value_iteration,63.49776121057933,5912.128000000001,5210210.642499999,0.13095435684647302,250,156.04950956061575,200.0,0.0,6460,6180.0,0.00023144789805050996,0.025111714866099213,4.3797782641436645e-05,0.01110328618736675,0.010908628300162242,0.011015628039350724,0.00022051233915466553,0.000615531491339891,7.915151666389927e-05,0.0009,0.0,4.475760174560307e-05,0.00012776875129271023,8.265303938461088e-05,0.14652071372184655,0.0,9.552094737466088e-05,0.0002773895639970289,8.071893952730092e-05,0.0,0.0
2021-03-18,diesel,docx_strict_mdp_value_iteration,67.01854661579151,6036.728,5210210.642499999,0.13095435684647302,230,214.17331893477825,200.0,0.0,6690,6380.0,0.0004292570237932471,0.002453062737658806,1.8994766403678484e-05,0.011503526821244798,0.011472004231735666,0.01146182280921796,0.0005093185115707544,0.0014174493395090275,7.219005647730654e-05,0.0016,0.0,0.0004514325455204595,0.0012609071640789988,7.27267118235344e-05,0.013513508864655924,0.0,1.3360466684254139e-05,3.83855991981212e-05,7.29004697411907e-05,0.0,0.0
2021-04-01,diesel,docx_strict_mdp_value_iteration,62.04512012374969,6164.375,4908016.0975,0.13095435684647302,-220,-213.44763922034176,200.0,0.0,6470,6580.0,0.1386907771231521,0.12524011690983997,1.4804844404688149e-05,0.011044804725114463,0.011057406631185478,0.011871264744021106,5.272056082706772e-05,0.00016288781715156626,8.019552241133225e-05,0.81,0.0,4.515220713294456e-05,0.0001392125372104016,7.996997615996547e-05,0.7314387354140115,0.0,3.5137419174424983e-06,1.0016551607062062e-05,6.607633686179426e-05,0.0,0.0
2021-04-29,diesel,docx_strict_mdp_value_iteration,64.58044852548319,6207.103999999999,4908016.0975,0.13095435684647302,95,110.9725198580946,200.0,0.0,6565,6780.0,0.06795888242979227,0.07208130729458886,7.160995370930884e-05,0.012044539317847443,0.012076303209794897,0.01224669947922035,1.0297510910075939e-05,3.0076828898894433e-05,6.328935466527524e-05,0.39690000000000003,0.0,3.500415620282122e-06,1.0172735272242189e-05,6.278497082310667e-05,0.4209937584659118,0.0,0.00021292468239389616,0.0006001488243228006,6.011366896552199e-05,0.0,0.0
2021-05-15,diesel,docx_strict_mdp_value_iteration,67.36618689441394,6260.895,11140665.192,0.13095435684647302,100,140.97400999417795,200.0,0.0,6665,6980.0,2.9219218169161796e-05,0.0006320868084175719,0.00019441171532721672,0.012407098366584624,0.012487402572605086,0.012590656593900629,1.3725183627435022e-07,3.980445599020837e-07,5.765215521472189e-05,0.0001,0.0,1.4125923805505378e-05,4.058357797344762e-05,5.6439120106100676e-05,0.003600357641542026,0.0,0.0006632815071494605,0.0018510335100902237,5.4898369709508235e-05,0.0,0.0
2021-06-12,diesel,docx_strict_mdp_value_iteration,70.3200309153057,6313.668,5459774.984499997,0.13095435684647302,170,110.9846124842816,200.0,0.0,6835,7180.0,0.00339178304889527,0.0006334093284988317,0.0003758099433523998,0.01286497892262091,0.01275105113512445,0.012905469134956169,9.307290326241596e-05,0.00026483931406456787,5.090852577464388e-05,0.019600000000000003,0.0,2.3481972886661976e-05,6.771148220613756e-05,5.2547259645580545e-05,0.003597455852026309,0.0,0.0013312404528830115,0.003679520701732612,5.033236819505958e-05,0.0,0.0
2021-06-29,diesel,docx_strict_mdp_value_iteration,73.81668627930864,6346.343999999999,5459774.984499997,0.13095435684647302,215,210.420038155214,200.0,0.0,7050,7380.0,0.0015527633833665034,0.006931801485438024,0.0006493280491245122,0.013239618406029325,0.013230996805530729,0.01319329098330898,0.000567883289248672,0.0015847852791308387,4.57027592960975e-05,0.0081,0.0,0.0005507635700290838,0.0015385364315542809,4.58194042467352e-05,0.03954961551343809,0.0,0.0023445139665638133,0.006409889996695107,4.633128763790285e-05,0.0,0.0
2021-07-13,diesel,docx_strict_mdp_value_iteration,75.49530422422905,6451.754999999999,5934784.188999999,0.13095435684647302,65,92.50243893834084,200.0,0.0,7115,7580.0,0.0155238606673372,0.009662331522207421,0.0007983702771115897,0.013226051839590615,0.013276245243188522,0.013456112359048023,0.00038538309141242206,0.0011034255329446195,4.58863736799137e-05,0.09,0.0,0.00047344160685584467,0.0013475832715934256,4.520887802974498e-05,0.0556182408202845,0.0,0.0029005120737824156,0.007893431680804943,4.2822465457404035e-05,0.0,0.0
2021-07-27,diesel,docx_strict_mdp_value_iteration,72.90358332124636,6505.98,5934784.188999999,0.13095435684647302,-95,-121.98945564689002,200.0,0.0,7020,7780.0,0.017555713820470994,0.031521178345235594,0.0010893129776791718,0.013184488914837984,0.013135681728178077,0.013695773712942765,5.900820877479953e-05,0.0001748271604938289,4.645119135196632e-05,0.1024,0.0,3.121586133709744e-05,9.303243852696615e-05,4.711886533686832e-05,0.18402709137104714,0.0,0.003989525975778714,0.010765262726257439,3.974326907842345e-05,0.0,0.0
2021-08-24,diesel,docx_strict_mdp_value_iteration,68.50168497549342,6584.21,12683994.61,0.13095435684647302,-245,-203.13750179589755,100.0,0.0,6775,7880.0,0.015511015054050035,0.004581457170696713,0.007944127458761269,0.013134167926529954,0.013210895697865958,0.013748597461974418,0.00032055219110696363,0.0010137292052123472,4.713965006109e-05,0.09,0.0,0.00021435968097017756,0.0006693101742185733,4.609193722525496e-05,0.026340021575205822,0.0,0.003990745823975562,0.010907787821446057,3.908003369243269e-05,0.04000000000000001,0.0
2021-09-07,diesel,docx_strict_mdp_value_iteration,70.94020696686133,6592.987999999999,6088655.286499999,0.13095435684647302,140,97.80563799377084,0.0,0.0,6915,7880.0,0.10151991756826426,0.0620578719972256,0.007914552791041866,0.01389911326487715,0.013818980582812142,0.01363323472197028,6.158923121731062e-05,0.00018044084624316612,3.7220818954797944e-05,0.5929,0.0,0.00012536222664963917,0.0003719597339914047,3.820500103565333e-05,0.3622670935458556,0.0,0.003853835497443847,0.010676344097760847,4.053570010552487e-05,0.04000000000000001,0.0
2021-09-19,diesel,docx_strict_mdp_value_iteration,72.09496687218568,6599.938,6088655.286499999,0.13095435684647302,85,26.38502166895121,-100.0,0.0,7000,7780.0,0.002080456700326619,0.003512624342565394,0.0076822742317811665,0.013682157533921479,0.013573093645287842,0.013360717476861341,2.7793081396658325e-06,8.112731510204152e-06,3.991513342618514e-05,0.0121,0.0,3.934296087992215e-05,0.00011685518911222698,4.130512529223953e-05,0.02040361774486837,0.0,0.002974011308709468,0.00840502442892923,4.4080072422054436e-05,0.04000000000000001,0.0
2021-10-10,diesel,docx_strict_mdp_value_iteration,78.96768144260471,6665.584999999999,7002062.752,0.13095435684647302,330,383.4111900673122,-100.0,0.0,7330,7680.0,0.04120223777413095,0.08742733485643965,0.0005175771642578128,0.013872526363059745,0.013970700878995846,0.01310057627404799,0.00033977226194707776,0.0009390085824388813,3.754593317139784e-05,0.24009999999999998,0.0,0.0005069043417418803,0.0013854388427979008,3.6352447890541475e-05,0.5098707396848593,0.0,0.0018165559673826272,0.005196288523779992,4.760204775022952e-05,0.0,0.0
2021-10-23,diesel,docx_strict_mdp_value_iteration,83.66223786031158,6708.9259999999995,7002062.752,0.13095435684647302,290,236.6157064455024,-100.0,0.0,7620,7580.0,0.001458197607546428,0.015046754700572795,0.0003038884988082965,0.013528681063558236,0.013434973622319499,0.012852099104012905,0.0012963550246602655,0.0035478125646006935,4.187796877714977e-05,0.0064,0.0,0.0010289723177979227,0.00284641733019601,4.309957133964076e-05,0.08619565604704409,0.0,0.0010433721520780818,0.0030159223876887603,5.1092487218853124e-05,0.0,0.0
2021-11-20,diesel,docx_strict_mdp_value_iteration,81.7741352559971,6844.895,15948376.496000001,0.13095435684647302,-90,-114.27892698615666,100.0,0.0,7530,7680.0,0.09897972107720512,0.08439658604352832,0.027633104649549,0.012632385990245713,0.012591390218007611,0.012954098328793002,0.0003278661290624318,0.000959971059101351,5.428173619672765e-05,0.5776,0.0,0.00026726483199308144,0.0007864088968814071,5.4887498901833316e-05,0.4925081750845537,0.0,0.0008405076071016304,0.002375356598324241,4.964473036031757e-05,0.16000000000000003,0.0
2021-12-04,diesel,docx_strict_mdp_value_iteration,74.59425467322328,6878.105,8308062.3875,0.13095435684647302,-415,-329.50508077201914,100.0,0.0,7115,7780.0,0.07240397607168526,0.03175253192411973,0.0003179571049556246,0.012171818859175664,0.01231790529185269,0.013048469640785113,0.00022203805003145059,0.0007131489553460852,6.128041997355781e-05,0.42250000000000004,0.0,7.3993519356311e-05,0.00023185239263238513,5.901457910494491e-05,0.18528918909382291,0.0,0.0011112160436291302,0.0031275840601271533,4.832377433508627e-05,0.0,0.0
2021-12-18,diesel,docx_strict_mdp_value_iteration,73.19518770813278,6902.314,8308062.3875,0.13095435684647302,-125,-99.59666253439931,100.0,0.0,6990,7880.0,0.05780744920737426,0.03638486793177667,0.0004148225323927576,0.012744246789104616,0.012790185671670076,0.013135675015211984,0.0007126230176049867,0.002252025227046203,5.2645954657418684e-05,0.3364,0.0,0.000613878160719062,0.0019254414442424136,5.198142264899148e-05,0.21143152310609725,0.0,0.0014654241260730323,0.004105199067806432,4.7118957496785e-05,0.0,0.0
2022-01-01,diesel,docx_strict_mdp_value_iteration,74.9262029070608,6889.77,5422451.147777777,0.1302062107751243,135,94.79936727972148,100.0,0.0,7125,7980.0,0.046367237274996774,0.0259861486056201,0.0005907698053376763,0.013301364714938032,0.013227366666409928,0.01321614972631796,0.0002445082048020969,0.0007282044277008343,4.487171468227724e-05,0.27040000000000003,0.0,0.0003499241907823345,0.0010544398562955832,4.5868562271255375e-05,0.15115926562997017,0.0,0.002111195196119582,0.005870670487308488,4.602062453573589e-05,0.0,0.0
2022-01-18,diesel,docx_strict_mdp_value_iteration,82.42811864871784,6889.691999999999,5422451.147777777,0.1302062107751243,330,423.49793025847833,100.0,0.0,7455,8080.0,0.02607001525589043,0.07406254712233369,0.0007663876064179649,0.01372499577677901,0.013893838241144514,0.01329030387402112,8.982181776108966e-05,0.00025056915270294184,3.9375678001441274e-05,0.1521,0.0,0.00027183998154564523,0.0007440034820899809,3.7285211425309124e-05,0.4321709812171992,0.0,0.0027591752082899135,0.007623969740466642,4.5020022102976004e-05,0.0,0.0
2022-01-30,diesel,docx_strict_mdp_value_iteration,88.27679784336111,6889.639999999999,5422451.147777777,0.1302062107751243,300,295.1176745679044,100.0,0.0,7755,8180.0,0.0008894401781434401,0.011552803049124321,0.0009606634688508507,0.013717054970127153,0.013708628539879471,0.013358523822767547,0.0009684426695650477,0.0026612560204289978,3.947539824840391e-05,0.0036,0.0,0.0009466329963259153,0.002603825303865534,3.958135484921911e-05,0.06592596020470859,0.0,0.0034794364600541396,0.00955422602686499,4.41092058127462e-05,0.0,0.0
2022-02-18,diesel,docx_strict_mdp_value_iteration,95.09613645496208,7069.8099999999995,15864101.077666668,0.1302062107751243,200,372.2513357589925,100.0,0.0,7955,8280.0,0.0071158916441779185,0.004575384682155467,0.0007457415521397253,0.013595707670559865,0.013881496566175905,0.013421173557743285,0.0009432716797604291,0.002629091785542584,4.101496024092576e-05,0.04000000000000001,0.0,0.0018221582814378213,0.004915492576622004,3.743608426971725e-05,0.023798406754966313,0.0,0.0026838177898823395,0.007423237591600747,4.3280957357336146e-05,0.0,0.0
2022-03-04,diesel,docx_strict_mdp_value_iteration,101.13341693701254,7445.986999999999,7460848.796,0.1302062107751243,255,296.66459773736915,100.0,0.0,8210,8380.0,0.002187363335612573,0.00406044921705448,0.0002690891812661651,0.013735645555992847,0.013803034951871103,0.013478595963284015,0.00039030266271094925,0.0010928862868727633,3.924213660015218e-05,0.0121,0.0,0.0005098523308634643,0.0014166333640572612,3.840237580773118e-05,0.022853419858998095,0.0,0.0009374087530996175,0.0026478638673879834,4.252871061009556e-05,0.0,0.0
2022-03-18,diesel,docx_strict_mdp_value_iteration,113.50585413252529,7678.9,7460848.796,0.1302062107751243,720,675.5018928121759,200.0,0.0,8930,8580.0,0.14872092626626326,0.0988648892305227,0.00705560414949136,0.014505950519291,0.01443621357163943,0.013684653674140599,0.002483490194099485,0.006416135577322193,3.0184579696478846e-05,0.8649000000000001,0.0,0.002206788011213434,0.005744799508997816,3.095571942040927e-05,0.5740707845583849,0.0,0.0007232478439061468,0.002027098445455093,3.988359921554584e-05,0.04000000000000001,0.0
2022-04-01,diesel,docx_strict_mdp_value_iteration,114.89434328685368,8035.200000000001,4598421.739666667,0.1302062107751243,110,59.71263449611234,400.0,0.0,9040,8980.0,0.2550548450089885,0.2598658042423816,0.0276001747969218,0.01373117874395542,0.013658723140301953,0.014172529848834079,0.0009263102630457274,0.002616367765682505,3.9298119940236354e-05,1.4884,0.0,0.0007485751297775034,0.0021324377484405826,4.021179221134192e-05,1.5167856426297912,0.0,0.0007455995745732217,0.0020440870829013667,3.3959408362729765e-05,0.16000000000000003,0.0
2022-04-16,diesel,docx_strict_mdp_value_iteration,103.45333688276853,8184.642,4598421.739666667,0.1302062107751243,-530,-528.8401293912625,400.0,0.0,8510,9380.0,0.28052046112480733,0.23724088065909682,0.0004617348780108727,0.013280301460618564,0.013281952303217104,0.014607773384239077,0.00014778393404036555,0.0004738269978086184,4.5154348460165015e-05,1.6384,0.0,0.00014605081394734315,0.0004681381886210935,4.513216485624998e-05,1.3855774235178717,0.0,0.0016775693307184054,0.004547733727388039,2.9076107875720496e-05,0.0,0.0
2022-04-29,diesel,docx_strict_mdp_value_iteration,105.00803524072398,8284.27,4598421.739666667,0.1302062107751243,200,98.57054167742372,400.0,0.0,8710,9780.0,0.36491249528075315,0.26959539734953064,0.0008763407522283804,0.014749163726951906,0.014595808317455109,0.014995458678357422,4.244669764417e-05,0.00012369219301356076,2.7571281566357605e-05,2.1315999999999997,0.0,0.00016698737902717434,0.0004985475091610456,2.9205287741687383e-05,1.5745766006834372,0.0,0.0032300189470912165,0.008637402663295981,2.5045433840028045e-05,0.0,0.0
2022-05-17,diesel,docx_strict_mdp_value_iteration,108.36545148363524,8218.324999999999,7291895.2095,0.1302062107751243,270,290.7492603985941,400.0,0.0,8980,10180.0,0.0034206038982865844,0.025365254868983216,0.001800513514634388,0.01521271929120409,0.015243370599754155,0.015340110993442482,0.00021871180248553173,0.0006159848614962289,2.2918056584809476e-05,0.019600000000000003,0.0,0.00025838621705198065,0.0007251598391611871,2.262552325128315e-05,0.14773063971724293,0.0,0.0067395728053393205,0.017609003223171542,2.171456555343562e-05,0.0,0.0
2022-05-31,diesel,docx_strict_mdp_value_iteration,114.66074917575683,8178.758,7291895.2095,0.1302062107751243,390,341.01582426834307,400.0,0.0,9370,10580.0,0.010315332996712894,0.0021243727642033805,0.0028759554643437786,0.015699010243562257,0.015628825289221136,0.015645779569737946,0.0016604400989801231,0.0045069226563124705,1.8498512884982404e-05,0.0576,0.0,0.0014298119723305297,0.003912064106098337,1.9107168352152692e-05,0.0101069097730862,0.0,0.010891582672061115,0.027875805719712272,1.895923555531147e-05,0.0,0.0
2022-06-15,diesel,docx_strict_mdp_value_iteration,123.52366202148691,8359.32,7044438.2925,0.1302062107751243,375,507.6800543613966,400.0,0.0,9745,10980.0,0.0008358808429201361,0.019913653743683025,0.0033030101888660702,0.0159445873262667,0.016126779871846398,0.015916098548336883,0.002503543448239077,0.006755844695454991,1.644637195427667e-05,0.0009,0.0,0.0033223010003184663,0.008782737747560151,1.5001834161134209e-05,0.11110786237004121,0.0,0.012553140380637408,0.03192568317955151,1.667825106689612e-05,0.0,0.0
2022-06-29,diesel,docx_strict_mdp_value_iteration,116.30201988976656,8483.484,7044438.2925,0.1302062107751243,-310,-306.3025341177192,400.0,0.0,9435,11380.0,0.32145916775063227,0.4538502652571638,0.003932004622499319,0.015276306248476475,0.015281188126068884,0.016154338166513887,0.0005616152182343106,0.001668690027979908,2.2313282658182394e-05,1.8769000000000002,0.0,0.0005716842125532308,0.0016975908784504076,2.2267185501553295e-05,2.650270617388646,0.0,0.01501812821017947,0.03784071065273456,1.4789114937531777e-05,0.0,0.0
2022-07-13,diesel,docx_strict_mdp_value_iteration,111.43747117484044,8585.5,6757802.989500001,0.1302062107751243,-345,-265.9541054842491,400.0,0.0,9090,11780.0,0.0008450625632538377,0.0011201537729390312,0.004656556179154306,0.015440713624046339,0.015548509455800134,0.016363448111264008,6.588607659770708e-06,2.0245049807510963e-05,2.0787092257956672e-05,0.004900000000000001,0.0,4.388065644368202e-06,1.327169267530612e-05,1.981576806510082e-05,0.006511982772760909,0.0,0.017879729616011045,0.044596978058405234,1.3224509639469317e-05,0.0,0.0
2022-07-27,diesel,docx_strict_mdp_value_iteration,106.91515195236693,8597.044,6757802.989500001,0.1302062107751243,-290,-229.02546843554217,400.0,0.0,8800,12180.0,0.0022024190189353426,0.0010231747922856906,0.005767292265034122,0.015698710996444713,0.015785018616935032,0.01654609449120912,0.00043033693201732255,0.0013643285373966933,1.850108709210564e-05,0.0121,0.0,0.0002920954045125453,0.0009129025437899612,1.7766068059584273e-05,0.0054548969371005255,0.0,0.022313156653448005,0.054834258484095996,1.1929463263655995e-05,0.0,0.0
2022-08-10,diesel,docx_strict_mdp_value_iteration,101.49214704487676,8439.94,6623921.1435,0.1302062107751243,-125,-319.91286206338094,400.0,0.0,8675,12580.0,0.018747038339949004,0.017423451094676048,0.007708252644311289,0.016099377873755878,0.01581439262532348,0.016704691569557922,0.00034927934856335036,0.0010826565270037993,1.5214852971745217e-05,0.10890000000000001,0.0,0.0009400291271227002,0.0030542994030411425,1.751930909494647e-05,0.033042073281846836,0.02624583473552211,0.030183107370629566,0.07241403992255604,1.0859057651742632e-05,0.0,0.0
2022-08-24,diesel,docx_strict_mdp_value_iteration,97.35805634700957,8341.06,6623921.1435,0.1302062107751243,-200,-261.5267194598303,400.0,0.0,8475,12980.0,0.0040369950056954864,0.003609965132236383,0.009510544640739398,0.01613567874678977,0.01604442329279901,0.016841429161222263,0.000616819600091981,0.0019532749433088764,1.4932978748012291e-05,0.0225,0.0,0.0008215735350013117,0.0026412585786337504,1.5646587086551034e-05,0.013635766592488602,0.002349115353924791,0.03760998469341012,0.08844162774779739,9.976569743577101e-06,0.0,0.0
2022-09-07,diesel,docx_strict_mdp_value_iteration,94.71181033628494,8148.02,7713546.251499999,0.1302062107751243,185,-115.09860276158948,400.0,0.0,8660,13380.0,0.1014968576291554,0.014797295759545795,0.011936246658682695,0.01684265465550884,0.01638704930001994,0.016958296414436833,2.683393956671173e-07,7.742374219288427e-07,9.968829624380003e-06,0.5929,0.0,0.0003869483556868867,0.001200971542696842,1.3053412760486408e-05,0.08576477343917456,0.0,0.04777926057795373,0.10958079162616936,9.251960702427828e-06,0.0,0.0
2022-09-22,diesel,docx_strict_mdp_value_iteration,89.00777637279255,8071.748,7713546.251499999,0.1302062107751243,-280,-279.84911813887135,400.0,0.0,8380,13780.0,0.14811012793578782,0.018638996120673185,0.01379489566104871,0.01625643928533437,0.01625666345853596,0.017057102556416744,0.0001725198163518386,0.0005389711311737777,1.4014246824387833e-05,0.8649000000000001,0.0,0.0001722685842090067,0.0005381661990186153,1.4012568462659961e-05,0.10857092926831999,0.0,0.055688598972269035,0.1254872526615844,8.660645363448867e-06,0.0,0.0
2022-10-25,diesel,docx_strict_mdp_value_iteration,90.25207977745296,7997.48,17788387.699,0.1302062107751243,175,142.589204459133,400.0,0.0,8555,14180.0,0.1417614984703193,0.12219576898957965,0.015681391207868316,0.01703470259326539,0.016984939172489638,0.017139495073068715,9.287853269645128e-06,2.671760031781216e-05,8.792988710387003e-06,0.8281000000000001,0.0,9.001120945110899e-07,2.6043874528759233e-06,9.09059179358747e-06,0.7138165455976624,0.0,0.06381854328588181,0.14137812130555963,8.182488436998155e-06,0.0,0.0
2022-11-08,diesel,docx_strict_mdp_value_iteration,92.85719227531808,7960.647999999999,8469173.105,0.1302062107751243,150,135.22031414605644,400.0,0.0,8705,14580.0,0.0004934024124125979,9.505993263370506e-05,0.01735018134389982,0.01706962272958121,0.01704739425076774,0.01720697570683859,0.00022810670879807568,0.0006506865465357124,8.587110946987075e-06,0.0025000000000000005,0.0,0.00020061634192692498,0.00057375860208759,8.717880710399396e-06,0.00021720217778461358,0.0,0.07108975415028616,0.15523772949727255,7.800984702189793e-06,0.0,0.0
2022-11-22,diesel,docx_strict_mdp_value_iteration,89.9855541292591,7937.611999999999,8469173.105,0.1302062107751243,-165,-215.6804366752055,400.0,0.0,8540,14980.0,0.06795569687522492,0.0843170207719801,0.01893085099951768,0.016664038848642763,0.016589129481733952,0.017260914588790217,3.720624064001789e-05,0.00011103335377257792,1.1128636803364706e-05,0.39690000000000003,0.0,8.262840829109074e-06,2.4884449302693637e-05,1.1634037692376498e-05,0.4925253477077014,0.0,0.07804443357046344,0.16819788874593813,7.50258888990227e-06,0.0,0.0
2022-12-06,diesel,docx_strict_mdp_value_iteration,82.85068835840534,7789.814999999999,8291342.8815,0.1302062107751243,-425,-404.6757934565794,400.0,0.0,8115,15380.0,0.04632788924616209,0.02448969322142033,0.021380621373393166,0.016318676890216884,0.016349297954624448,0.017302562766799864,0.00012528230033950408,0.00039712164780084146,1.3552139838623238e-05,0.27040000000000003,0.0,9.744636780152967e-05,0.0003072923347645565,1.3327625424109244e-05,0.14287697953967526,0.0,0.08896484135163446,0.18793098774786055,7.276167627054409e-06,0.0,0.0
2022-12-20,diesel,docx_strict_mdp_value_iteration,77.40143904041409,7706.603999999999,8291342.8815,0.1302062107751243,-460,-364.75852580259976,400.0,0.0,7655,15780.0,0.046314347762050734,0.016181814764551637,0.023404866780780693,0.016269084347618566,0.01642009310670753,0.017333063348204787,0.0013255840237256667,0.004454389765290452,1.3919731605184788e-05,0.004900000000000001,0.10301888135244441,0.0009025474902873898,0.002956046184091346,1.281573336464296e-05,0.0063735530278377995,0.03386823501260694,0.09809872523343044,0.20396247896543254,7.112551104688662e-06,0.0,0.0
2023-01-04,diesel,docx_strict_mdp_value_iteration,80.02398854283592,7480.73,8347824.3265,0.13628899835796388,240,133.06854783117575,400.0,0.0,7895,16180.0,0.33552655708507007,0.16974097998433396,0.026526025856760154,0.017430706400521582,0.017250974641961455,0.01735346144002172,1.9673563636131995e-05,5.666399517736066e-05,6.6012696003207685e-06,1.9599999999999997,0.0,0.00014236730027907362,0.00042177892370366796,7.557140419138953e-06,0.9913271809710741,0.0,0.11239394329382939,0.22815501344156675,7.004166349451904e-06,0.0,0.0
2023-01-18,diesel,docx_strict_mdp_value_iteration,78.62842100135482,7378.49,8347824.3265,0.13628899835796388,-195,-133.6937778661516,400.0,0.0,7700,16580.0,0.1296024611721955,0.04874008123136426,0.028742222584708724,0.016728830983467103,0.016828742827361784,0.017364713041171646,0.00010799359955843649,0.00033289661157024687,1.0700546734724804e-05,0.7569,0.0,3.758856503361968e-05,0.00011398370515742815,1.0056872055009335e-05,0.2846485536457878,0.0,0.12267782223655778,0.24500171346041644,6.944737355370795e-06,0.0,0.0
2023-02-04,diesel,docx_strict_mdp_value_iteration,81.87760826356454,7213.125,16653078.709999999,0.13628899835796388,200,192.25001984349592,400.0,0.0,7900,16980.0,0.10690837067488097,0.07281374984101677,0.03148346304794131,0.017391477916316303,0.0173785277776346,0.017367693017649146,0.00025686857910374016,0.0007260978308764626,6.804387461065538e-06,0.6241000000000001,0.0,0.00023969896016422487,0.0006785820729794783,6.8721166126333896e-06,0.42495743706155054,0.0,0.13556311375406221,0.26542976565523985,6.929040049333061e-06,0.0,0.0
2023-03-18,diesel,docx_strict_mdp_value_iteration,77.07737262331753,7150.6669999999995,17095511.0385,0.13628899835796388,-95,-181.958665274744,400.0,0.0,7805,17380.0,0.059645774332870945,0.09590443228870629,0.03338678033154231,0.016905376422649963,0.016763748029529763,0.017363202272207202,0.00019318642747019225,0.0005681122638004139,9.576695085490741e-06,0.34809999999999997,0.0,6.103518774652995e-05,0.000182594032974924,1.0473326816372497e-05,0.5601285600716882,0.0,0.14460156869894839,0.2793854176794386,6.952702257293263e-06,0.0,0.0
2023-04-01,diesel,docx_strict_mdp_value_iteration,74.4896395741793,7112.909,5907516.4706666665,0.13628899835796388,-320,-158.58282357797208,400.0,0.0,7485,17780.0,0.03467713946236698,0.0003854508613436726,0.03506680431916793,0.01652832613547768,0.016794424002088353,0.017351974204074867,3.406730931661786e-05,0.00010585207075919721,1.2052519421607338e-05,0.2025,0.0,3.194203461376491e-05,9.549800899468188e-05,1.0275717478387256e-05,0.0021857199001301623,0.0,0.152643666459873,0.29154478776560727,7.012040615884935e-06,0.0,0.0
2023-04-18,diesel,docx_strict_mdp_value_iteration,84.67019067631662,7113.418,5907516.4706666665,0.13628899835796388,525,591.8257693885319,400.0,0.0,8010,18180.0,0.48919024220664364,0.3859402506068833,0.03639979221663142,0.017947686222053554,0.01806255889240569,0.017334680540847316,0.0010098729927816524,0.002697019242862781,4.2119918431488176e-06,2.8560999999999996,0.0,0.0013326359403304181,0.00351417699330924,3.7536780453962666e-06,2.252452225591872,0.0,0.15906300298832468,0.30109680154670143,7.103927819337956e-06,0.0,0.0
2023-04-29,diesel,docx_strict_mdp_value_iteration,81.1746215874899,7114.86,5907516.4706666665,0.13628899835796388,-155,-191.60398459407412,400.0,0.0,7855,18580.0,0.31673607619524985,0.4203524583423444,0.03770054354738718,0.016779863029068236,0.01672106532044571,0.017311936613482095,0.0003977664980608876,0.001171373499872979,1.0369282111561596e-05,1.8496000000000004,0.0,0.0003031311565839748,0.0008990821994082164,1.0751412632783808e-05,2.455048717700986,0.0,0.1653641385538489,0.3103257496329837,7.22568476993811e-06,0.0,0.0
2023-05-17,diesel,docx_strict_mdp_value_iteration,73.76447278392433,7156.129999999999,8973100.5525,0.13628899835796388,-365,-369.5760189801889,400.0,0.0,7490,18980.0,0.030221737910451546,0.021714980610396072,0.03863652372468978,0.016409430581622166,0.016401934985433984,0.01728430613590335,7.569725679002901e-05,0.00023791723900670075,1.2892188748190139e-05,0.17639999999999997,0.0,8.143555084826171e-05,0.0002562765549997532,1.2946071849043946e-05,0.1266961800941297,0.0,0.16991319345256428,0.3169292530901587,7.374993163492194e-06,0.0,0.0
2023-05-31,diesel,docx_strict_mdp_value_iteration,74.49563514786755,7180.892,8973100.5525,0.13628899835796388,95,11.951726356159996,400.0,0.0,7585,19380.0,0.1448957857388663,0.09970239780399073,0.039689870570169955,0.017144338658939544,0.017001675004291124,0.017252305542739987,1.5421605094608497e-05,4.5195263419761397e-05,8.154801694827205e-06,0.8464,0.0,9.871084836181965e-05,0.0002959491788750638,8.989952779892634e-06,0.5822536818457517,0.0,0.17505922739146693,0.3242948702631525,7.5498248304573976e-06,0.0,0.0
2023-06-14,diesel,docx_strict_mdp_value_iteration,73.23711900787694,7080.85,8852466.9455,0.13628899835796388,-50,-0.1990594309468676,400.0,0.0,7535,19780.0,0.01439859433812978,0.00010704758900087186,0.04179173039524606,0.016866026739613942,0.016950505301867088,0.017216407931948806,2.496901845018812e-08,7.40186583380392e-08,9.821788396814819e-06,0.0841,0.0,1.414215426953835e-05,4.150207591425168e-05,9.299417913940743e-06,0.0005905663809766328,0.0,0.1854267797486924,0.3387469508437605,7.748384801317527e-06,0.0,0.0
2023-06-29,diesel,docx_strict_mdp_value_iteration,73.17608224854365,7010.92,8852466.9455,0.13628899835796388,70,-10.033558486414687,400.0,0.0,7605,20180.0,0.009893928582445918,7.490619509667844e-05,0.04362229060368346,0.01703638273139014,0.01689971895276896,0.017177046653294926,0.00011364568824401706,0.0003282267133676627,8.783027314802577e-06,0.0576,0.0,2.3537809863695337e-05,6.909140730249939e-05,9.611742571820006e-06,0.00038686948668798974,0.0,0.1945292406804051,0.3511519725797849,7.969065597673377e-06,0.0,0.0
2023-07-13,diesel,docx_strict_mdp_value_iteration,75.1157600634876,7034.955,8469985.7175,0.13628899835796388,150,84.7492822749147,400.0,0.0,7755,20580.0,0.004489882015811213,0.006215049979073663,0.04460984634815313,0.0171333609992605,0.017022965687931182,0.01713461857871252,0.00038071569218037774,0.0010790653150709534,8.217619160560756e-06,0.0256,0.0,0.00022032869802024555,0.0006326018527645196,8.862733295235064e-06,0.0359351476111501,0.0,0.19945673264828923,0.3578019078408018,8.210410689459463e-06,0.0,0.0
2023-07-27,diesel,docx_strict_mdp_value_iteration,79.32382195397709,7077.348,8469985.7175,0.13628899835796388,260,192.3382764542406,400.0,0.0,8015,20980.0,0.008609621776703229,0.008169508632940544,0.045415667242194646,0.017270783082863242,0.01715852288376281,0.017089487086313575,0.0011779346346691966,0.0032475351620265963,7.448624980785472e-06,0.0484,0.0,0.0008762372244278502,0.0024472205868987817,8.07399220209963e-06,0.04630156667407608,0.0,0.20348798461989792,0.36320167238557594,8.471085420735448e-06,0.0,0.0
2023-08-10,diesel,docx_strict_mdp_value_iteration,84.41944702954262,7220.764999999999,8548879.645,0.13628899835796388,230,308.86291572839946,400.0,0.0,8245,21380.0,0.0010278512675448406,0.009825129972124166,0.04533373023484412,0.017165895733763547,0.017292495777886215,0.01704198478614051,0.0014956069835280752,0.00412484867760788,8.032146991899667e-06,0.0036,0.0,0.001934877983153548,0.005259491964968869,7.330579112763973e-06,0.054311966231891384,0.0,0.20304896672928247,0.36272365417883745,8.749854005424207e-06,0.0,0.0
2023-08-24,diesel,docx_strict_mdp_value_iteration,84.1976009708773,7289.858,8548879.645,0.13628899835796388,55,56.93111494420887,400.0,0.0,8300,21780.0,0.021346329736237388,0.04383870701608955,0.04587968284944651,0.016837522924459593,0.016840536499558495,0.016992416012578414,0.0013488986277439842,0.0038073657739004186,1.0001261253318608e-05,0.12249999999999998,0.0,0.0013583275599639002,0.0038326198014281354,9.982209610622091e-06,0.25387852898546037,0.0,0.20577962144635722,0.36638297637229633,9.04556144139473e-06,0.0,0.0
2023-09-21,diesel,docx_strict_mdp_value_iteration,92.16037381014016,7522.135,17546177.301,0.13628899835796388,370,462.8841605274048,400.0,0.0,8670,22180.0,0.06847015525467615,0.11351729332348787,0.045060032443867186,0.017278329822831246,0.017422318427080426,0.016941059105579703,0.0019391601312012184,0.005241041870041994,7.407488553289799e-06,0.39690000000000003,0.0,0.002503409783602573,0.006657158866827258,6.644442291369132e-06,0.6591915008730894,0.0,0.20162117473392854,0.36103220863283725,9.357119395556852e-06,0.0,0.0
2023-10-11,diesel,docx_strict_mdp_value_iteration,90.43988939931766,7727.829,9163923.803,0.13628899835796388,-80,-118.2006431647814,400.0,0.0,8590,22580.0,0.13881922699931737,0.2313373400056545,0.04449146608084342,0.016537405263214393,0.016480714000364514,0.016888168500445375,0.0005611176874517838,0.0016296682858211579,1.1989562311215391e-05,0.81,0.0,0.00045187482156504576,0.0013213606602051192,1.2385373947230341e-05,1.3506381963279461,0.0,0.19873889368133116,0.3573143808955639,9.68349528162039e-06,0.0,0.0
2023-10-25,diesel,docx_strict_mdp_value_iteration,89.53334896276725,7858.6939999999995,9163923.803,0.13628899835796388,-70,-75.1250579250824,400.0,0.0,8520,22980.0,0.000100977001423186,0.001301173742071053,0.044530622846800795,0.016501196866853994,0.016493520244640444,0.0168339766438009,0.00010558486179198848,0.00031039657084132565,1.224162336451231e-05,0.0004,0.0,9.894418176978842e-05,0.00029114249990539517,1.2295400274746411e-05,0.007422024174970296,0.0,0.1989135095376695,0.3576282535008609,1.0023703891998225e-05,0.0,0.0
2023-11-08,diesel,docx_strict_mdp_value_iteration,86.10020979440196,7843.594999999999,8265784.681,0.13628899835796388,-135,-216.98661191472155,400.0,0.0,8385,23380.0,0.002897786390987457,0.01378511614249484,0.04570274173636036,0.01635086111964826,0.01622704764866343,0.016778695751557854,6.99135867094018e-06,2.0869151866656484e-05,1.3316214568094745e-05,0.016900000000000002,0.0,7.17325388868235e-06,2.1794664192867953e-05,1.4235169445456156e-05,0.08049880200142122,0.0,0.20479414646116684,0.36544067607670827,1.0376801061031422e-05,0.0,0.0
2023-11-22,diesel,docx_strict_mdp_value_iteration,80.37544506746394,7811.983999999999,8265784.681,0.13628899835796388,-330,-356.58685614210725,400.0,0.0,8055,23780.0,0.026123349364822968,0.013449186228447551,0.046987895946416544,0.0159960103181744,0.015955213295240446,0.016722519423028152,0.0002807034737319782,0.0008898537122151641,1.6031933372165862e-05,0.1521,0.0,0.00034205129404277955,0.0010917804945040157,1.6360299486999655e-05,0.07795291275338294,0.0,0.21127710992706078,0.3739191869517678,1.0741878932427718e-05,0.0,0.0
2023-12-06,diesel,docx_strict_mdp_value_iteration,78.42588848557556,7646.494999999999,8871585.946,0.13628899835796388,-50,-170.0990792785089,400.0,0.0,8005,24180.0,0.05370797915324901,0.023899833014140632,0.04932635631670584,0.01636932919633559,0.016177489407761054,0.016665624123925277,7.678077979015617e-05,0.00023149213854082844,1.3181770484581186e-05,0.31360000000000005,0.0,0.0002847861705695203,0.0008859103688775088,1.4611587227778942e-05,0.13911076367810898,0.0,0.22317886246341823,0.38908624747298654,1.1118062482949081e-05,0.0,0.0
2023-12-20,diesel,docx_strict_mdp_value_iteration,74.0227212693011,7559.846,8871585.946,0.13628899835796388,-400,-245.4716465161005,400.0,0.0,7605,24580.0,0.1013577057442003,0.004003034378067135,0.05103086412414103,0.01575239391270479,0.016000770922792867,0.016608170549720774,0.000887989184019215,0.0029227636808719067,1.8042157472827324e-05,0.48999999999999994,0.0393304761788793,0.0003719201381658508,0.0011741706718256164,1.5993833211979017e-05,0.022724095567941065,0.0,0.23191927615783542,0.399979262654609,1.1504507019781478e-05,0.0,0.0
2024-01-04,diesel,docx_strict_mdp_value_iteration,77.05655540788125,7396.48,8951660.835666668,0.14085804371700852,190,151.00055440726737,400.0,0.0,7795,24980.0,0.2383658774008783,0.10765388481520033,0.053360737238184075,0.016662375353341682,0.016596393612634708,0.016550304879701976,2.7136619813801743e-05,7.876420181848676e-05,1.1139738281981063e-05,1.3923999999999999,0.0,6.349529916441578e-05,0.00018621717015863102,1.1584536440113819e-05,0.6287608244200774,0.0,0.24397003242737958,0.4146122622331653,1.1900396423008e-05,0.0,0.0
2024-01-18,diesel,docx_strict_mdp_value_iteration,76.2303624464535,7333.119999999999,8951660.835666668,0.14085804371700852,-50,0.1659045847311517,400.0,0.0,7745,25380.0,0.03944814764358255,0.015581382096593027,0.054857693058071394,0.016203597895936582,0.01628640299521164,0.016492159931080077,1.5569496569849387e-05,4.651081499090628e-05,1.441266893573715e-05,0.2304,0.0,1.7911015540148062e-07,5.279628736758182e-07,1.3790802713973076e-05,0.0910043663483485,0.0,0.2517631634979543,0.423888214888463,1.2304941949120133e-05,0.0,0.0
2024-02-01,diesel,docx_strict_mdp_value_iteration,80.03755552747323,7312.18,17963826.237166665,0.14085804371700852,200,183.33218194432817,400.0,0.0,7945,25780.0,0.04283619812071863,0.023005976911177253,0.055984932572476,0.016563328801326344,0.01653563886972855,0.016433856221610137,0.0001360030092226011,0.00038612620988933766,1.1810708927793025e-05,0.25,0.0,0.00011018354705535449,0.00031382947632567737,1.2001798040935671e-05,0.13419954064709128,0.0,0.25765625927606634,0.4308114640747844,1.2717381448148733e-05,0.0,0.0
2024-03-05,diesel,docx_strict_mdp_value_iteration,82.66674488641249,7371.119999999999,17273050.292000003,0.14085804371700852,120,142.33664829095153,400.0,0.0,8065,26180.0,0.004451296036127094,0.0012333555039237927,0.05642877872549239,0.016370201064827155,0.016406374408816565,0.01637550294839272,0.0002371416356664643,0.0006778711007779771,1.3175440309781923e-05,0.0256,0.0,0.0002865645126591711,0.0008156885360992186,1.2914144889608493e-05,0.006722535118100546,0.0,0.2599714561455951,0.4335493099812604,1.3136978877109879e-05,0.0,0.0
2024-04-02,diesel,docx_strict_mdp_value_iteration,84.84844065575193,7483.995999999999,5504148.090833333,0.14085804371700852,190,123.12769135832492,400.0,0.0,8255,26580.0,0.0034675162747646376,0.0003215276943270903,0.05641891051091329,0.016423731276278865,0.016317045505593174,0.01631719888981894,0.0003951611728660208,0.0011154548056296176,1.2789697984266e-05,0.019600000000000003,0.0,0.00023641426740173308,0.0006756997101055705,1.3564153807871444e-05,0.0014759361057580152,0.0,0.2598998206176394,0.4335367334491953,1.356302401715086e-05,0.0,0.0
2024-04-17,diesel,docx_strict_mdp_value_iteration,89.69483516514862,7548.455999999998,5504148.090833333,0.14085804371700852,195,305.97641534571426,400.0,0.0,8450,26980.0,0.0002349611623194858,0.023233828993922092,0.056801065626681815,0.016369340569668867,0.016542313510355865,0.016259033236986548,0.0007784186914818788,0.002180105289534699,1.3181687899052389e-05,0.0001,0.0,0.0012367957123104168,0.003395579872165237,1.1955595860667587e-05,0.133734623455266,0.0,0.2618943919388433,0.435890859508177,1.3994832321971351e-05,0.0,0.0
2024-04-30,diesel,docx_strict_mdp_value_iteration,87.27778304465804,7579.119999999999,5504148.090833333,0.14085804371700852,-70,-114.94001255446229,400.0,0.0,8380,27380.0,0.048211585140799325,0.12140935599011313,0.05744648392324824,0.01590374102681825,0.015835311894311293,0.016201086360345517,0.00043483576561306243,0.0012652537636491106,1.6779337575371997e-05,0.28090000000000004,0.0,0.00032113263750072025,0.0009421220553956736,1.7344627017664995e-05,0.708682557104978,0.0,0.2652831223689323,0.43981796292634423,1.4431744841552873e-05,0.0,0.0
2024-05-16,diesel,docx_strict_mdp_value_iteration,82.0104261021214,7604.369999999999,16274322.105,0.14085804371700852,-225,-310.0419752029099,400.0,0.0,8155,27780.0,0.01646016113203825,0.02606902496297244,0.058122856520976686,0.015609995205042455,0.015479422057268669,0.016143430516820007,1.876732283222e-05,5.655851506732295e-05,1.927214209975024e-05,0.0961,0.0,1.7341330990977471e-06,5.317712287580929e-06,2.043562493630904e-05,0.152259103317105,0.0,0.2688444444610695,0.4439084890084388,1.48731281785952e-05,0.0,0.0
2024-06-14,diesel,docx_strict_mdp_value_iteration,78.1073728456169,7547.504999999999,7877451.612,0.14085804371700852,-180,-227.3804561941312,400.0,0.0,7975,28180.0,0.0013944957989119229,0.004696631717892052,0.059447118226975675,0.015616869392382007,0.015542114464564981,0.016086130502192757,1.348323063586678e-05,4.090384371222635e-05,1.921183392343768e-05,0.0081,0.0,4.7291943611910646e-05,0.00014524753605157372,1.987274344704077e-05,0.02733170689935473,0.0,0.2758610723293872,0.4518098564800464,1.5318374445865927e-05,0.0,0.0
2024-06-28,diesel,docx_strict_mdp_value_iteration,84.04572783153426,7514.395999999999,7877451.612,0.14085804371700852,200,338.28621500616623,400.0,0.0,8175,28580.0,0.09892110211793019,0.2192323592364636,0.060566935134841654,0.01616928335799904,0.016392390129647837,0.016029244253122334,0.00015249212793181516,0.0004329657371302517,1.4674389991303117e-05,0.5776,0.0,0.00047087178609868353,0.0013030659193875005,1.301484897666235e-05,1.2799151316273016,0.0,0.2818188267698395,0.45843057931551806,1.5766901201362018e-05,0.0,0.0
2024-07-12,diesel,docx_strict_mdp_value_iteration,86.2060657899071,7474.459999999999,7849297.2715,0.14085804371700852,105,122.62247704740582,400.0,0.0,8280,28980.0,0.006319282113566522,0.03200165737650258,0.06172927592892756,0.015958004083134705,0.015985740077867315,0.01597282340278826,0.0004884994743190309,0.0013903531529323987,1.6337730991955717e-05,0.0361,0.0,0.0005417818568889985,0.001537002156662398,1.6114282722440713e-05,0.1860433914813795,0.0,0.2880297150867999,0.4652360260682863,1.621815134512992e-05,0.0,0.0
2024-07-26,diesel,docx_strict_mdp_value_iteration,83.75396290647076,7467.781999999999,7849297.2715,0.14085804371700852,-140,-136.65724799380064,400.0,0.0,8140,29380.0,0.04115441136361929,0.04608681897733323,0.06260857480176553,0.015521769077243116,0.015526963512950149,0.015916913793819255,0.00017242619041164922,0.0005099496091736183,2.0054552197535976e-05,0.24009999999999998,0.0,0.00017833708825543758,0.0005270997835627076,2.0008055414479275e-05,0.2689039032697745,0.0,0.2927416955972312,0.4703503049159879,1.6671592967103475e-05,0.0,0.0
2024-08-09,diesel,docx_strict_mdp_value_iteration,78.63468861164303,7430.215,15494893.162,0.14085804371700852,-290,-330.6257819756396,400.0,0.0,7850,29780.0,0.015415301753389676,0.0257795092413465,0.06372622547376779,0.015227987519356605,0.01516377172155315,0.01586155595185208,1.3834402879245374e-05,4.2565235506511655e-05,2.2772103115416337e-05,0.09,0.0,4.2142436136183596e-05,0.00013106115756160143,2.3389103961248985e-05,0.15049516870025528,0.0,0.2987575536220398,0.4767853808049097,1.7126719139650954e-05,0.0,0.0
2024-09-06,diesel,docx_strict_mdp_value_iteration,77.16119851371884,7296.001,8299637.643999999,0.14085804371700852,-100,-140.21721994578974,400.0,0.0,7750,30180.0,0.024723383552493886,0.024833556514991306,0.06562536121270773,0.015470057177334212,0.01540413873392302,0.015806785522789333,6.743097494084077e-07,2.0149344599376427e-06,2.052038197662129e-05,0.1444,0.0,1.3267077743068687e-05,4.0072614039134547e-05,2.11219407770267e-05,0.14502168197710072,0.0,0.3090473391021903,0.4875537103133364,1.7583047651889132e-05,0.0,0.0
2024-09-21,diesel,docx_strict_mdp_value_iteration,72.45480098191294,7214.147999999999,8299637.643999999,0.14085804371700852,-350,-284.278856821292,400.0,0.0,7400,30580.0,0.042914016276832966,0.01428051337477795,0.06708866621651843,0.015001028635465171,0.015110139490860316,0.015752633676570774,0.00037944886796930223,0.0012169537966398756,2.498971470343921e-05,0.25,0.0,0.00021970395439453545,0.0006918426101011546,2.3910735798843817e-05,0.08301502087699628,0.0,0.3170194921862004,0.4957417979095927,1.8040120685400706e-05,0.0,0.0
2024-10-11,diesel,docx_strict_mdp_value_iteration,75.382461095612,7078.365,8592082.697333334,0.14085804371700852,135,96.83656848453674,400.0,0.0,7535,30980.0,0.16107034094843828,0.09946246649335326,0.06899763257699883,0.015765555258685636,0.015699199250487007,0.015699127480042204,1.2527185038951175e-07,3.622330473715397e-07,1.7930522267244876e-05,0.9409,0.0,5.982181948036523e-06,1.7474461690756348e-05,1.849688708701153e-05,0.5809958696241708,0.0,0.32748650846398986,0.5062582023984582,1.8497504432928126e-05,0.0,0.0
2024-10-24,diesel,docx_strict_mdp_value_iteration,74.64565408972837,7024.338,8592082.697333334,0.14085804371700852,85,-16.890696782546293,400.0,0.0,7620,31380.0,0.0017479802634230773,0.008863711995059451,0.07021241098708735,0.01562530650785798,0.015451319896591514,0.01564629024129584,0.00011455116644715126,0.0003301803763407538,1.9137943150189746e-05,0.010000000000000002,0.0,1.095522479833687e-05,3.223503247575009e-05,2.0690490683144236e-05,0.05173556346051788,0.0,0.3341776358612552,0.5128742457848712,1.895478866303583e-05,0.0,0.0
2024-11-07,diesel,docx_strict_mdp_value_iteration,72.70753615902433,6996.21,17114046.087333333,0.14085804371700852,-140,-166.38690480815978,400.0,0.0,7480,31780.0,0.034671585482210256,0.015308301068370275,0.07119677371721328,0.01519373670901919,0.015149181546420754,0.01559414182766466,7.312261572905097e-06,2.1881882881981214e-05,2.310016682222969e-05,0.2025,0.0,6.207466725044514e-07,1.867669568674611e-06,2.3530439669584957e-05,0.08939646485615003,0.0,0.33961729649571154,0.51819113495046,1.9411586234734108e-05,0.0,0.0
2025-01-03,diesel,docx_strict_mdp_value_iteration,72.91250667945691,7039.624,8565874.82,0.1460849504681775,70,57.09943172471508,400.0,0.0,7550,32180.0,0.030206605016614055,0.03420758977106648,0.07156484872683833,0.015501162367623972,0.015478971626979024,0.015542698959378497,1.9877233320647118e-05,5.775194730055752e-05,2.0239540042482752e-05,0.17639999999999997,0.0,1.2372845242891742e-05,3.6042791867143856e-05,2.04396975496607e-05,0.19978457046754158,0.0,0.34164634846373504,0.520190400891134,1.9867532566725533e-05,0.0,0.0
2025-01-17,diesel,docx_strict_mdp_value_iteration,78.64825306101768,7065.987999999999,8565874.82,0.1460849504681775,325,355.44481167080534,400.0,0.0,7875,32580.0,0.04470992381789169,0.06116430055719387,0.07206837642636695,0.015885903552164612,0.0159377872467487,0.01549197548073012,0.0006628067446805878,0.001825996692672217,1.6925789582091758e-05,0.2601,0.0,0.0007789131055003768,0.0021332546670971356,1.6501572452677512e-05,0.3560398629407078,0.0,0.34443225647450715,0.5229008653214058,2.032228506633843e-05,0.0,0.0
2025-02-20,diesel,docx_strict_mdp_value_iteration,74.43100270687172,7142.12,16683126.728999998,0.1460849504681775,-160,-244.11721388629047,400.0,0.0,7715,32980.0,0.16109121355968004,0.24615152898393447,0.07214965410614632,0.015022595940900926,0.01488516045852317,0.015441982610453528,6.814589762550217e-05,0.00020321491031140615,2.477455116753594e-05,0.9409,0.0,5.410443722449223e-06,1.640753567165884e-05,2.6161583535054908e-05,1.4378984899605105,0.0,0.3448699258786499,0.5233666970981551,2.077552252340804e-05,0.0,0.0
2025-03-06,diesel,docx_strict_mdp_value_iteration,72.48036962055622,7129.946,8049863.375,0.1460849504681775,-130,-140.25281114503792,400.0,0.0,7585,33380.0,0.0006214497183590376,0.00739216401762586,0.0729562599080856,0.015019869197285656,0.015002770163070485,0.015392729172883283,1.2276954899471889e-11,3.6779387551759586e-11,2.4801702812144215e-05,0.0036,0.0,5.440130577151953e-07,1.6343354774390424e-06,2.4972306043098596e-05,0.043151256627188446,0.0,0.34935357228744035,0.5276579175079239,2.122694447440076e-05,0.0,0.0
2025-03-20,diesel,docx_strict_mdp_value_iteration,70.03629620842324,7125.067999999999,8049863.375,0.1460849504681775,-270,-166.79236296187594,400.0,0.0,7315,33780.0,0.013534586760464047,0.000527339587887572,0.07369224751697695,0.014732030549251336,0.014907104206312808,0.015344221811341338,0.0003651504874208883,0.0011583996035076129,2.775150213402119e-05,0.07840000000000001,0.0,0.00013615375832237697,0.00041958462430003525,2.59375875653567e-05,0.0028173912425545193,0.0,0.3534542919994554,0.5315494275548011,2.1676270541989738e-05,0.0,0.0
2025-04-03,diesel,docx_strict_mdp_value_iteration,73.12522518772467,7013.815,7562696.785999999,0.1460849504681775,220,163.2183139275017,400.0,0.0,7535,34180.0,0.16441704441959065,0.07457715468387628,0.07530105132310065,0.015531073397989273,0.015431198003489723,0.015296465185085699,2.9553109526872245e-05,8.406225008795593e-05,1.9971304974159146e-05,0.9603999999999999,0.0,1.5336824125391623e-06,4.413346064601413e-06,2.08739516833163e-05,0.43562818744394083,0.0,0.3624706522055945,0.5399276433289232,2.212323975511091e-05,0.0,0.0
2025-04-18,diesel,docx_strict_mdp_value_iteration,65.23406046403404,6958.719999999999,7562696.785999999,0.1460849504681775,-465,-376.3744322950284,400.0,0.0,7070,34580.0,0.32762690372675446,0.1994691824308935,0.07643556034432158,0.01430486214981676,0.014456197479571773,0.015249462151052448,0.0005940979712192625,0.00195897013698136,3.243459513258979e-05,1.8769000000000002,0.014049495930517963,0.0003201606361711742,0.0010287971232703608,3.0733746385506364e-05,1.164641327103887,0.0,0.3688539436197582,0.5457731398532366,2.2567609854283236e-05,0.0,0.0
2025-05-20,diesel,docx_strict_mdp_value_iteration,63.74256473909944,6829.244999999999,15397793.670000002,0.1460849504681775,-220,-244.99166301260897,400.0,0.0,6850,34980.0,0.052993111735348174,0.03241544505704236,0.07819010525476032,0.014654005020327952,0.01460852294257154,0.015203213931528205,0.0010024870939755062,0.0032455892167936318,2.8579662322678742e-05,0.24009999999999998,0.026484325748419524,0.0011265107647489292,0.0036748760249232675,2.9068024860777445e-05,0.06904572825726979,0.046292235205414034,0.37878073548119706,0.5546781116792909,2.30091565866851e-05,0.0,0.0
2025-06-04,diesel,docx_strict_mdp_value_iteration,64.51466400998532,6740.168,8021039.971,0.1460849504681775,60,-79.19319371097305,200.0,0.0,6910,35180.0,0.05380737636638109,0.019115329389069697,0.10638014114882446,0.015123289423034798,0.014861837414805868,0.01508415467506835,0.000413079285897308,0.0012547383838100326,2.3782306051484276e-05,0.31360000000000005,0.0,0.0009713068466024824,0.003077460787173362,2.640071475188885e-05,0.10995652969106202,0.0,0.38275548099275425,0.5601161750912662,2.4165535258652356e-05,0.16000000000000003,0.0
2025-06-18,diesel,docx_strict_mdp_value_iteration,69.9983912088471,6683.012,8021039.971,0.1460849504681775,255,271.1803557219119,100.0,0.0,7165,35280.0,0.02604667986855071,0.08407211719871757,0.08634704367632176,0.015372671137199988,0.015402799433360531,0.014934427354972307,1.8682859096815332e-05,5.2849754617629426e-05,2.1412172404502053e-05,0.1521,0.0,3.115358502095239e-05,8.782267023232849e-05,2.1134253049910254e-05,0.4910464965687931,0.0,0.38536690700271237,0.5633586607716049,2.5660026222052865e-05,0.04000000000000001,0.0
2025-07-02,diesel,docx_strict_mdp_value_iteration,71.3322865500842,6726.315,7973027.604,0.1460849504681775,225,-2.836095627393263,0.0,0.0,7390,35280.0,0.0007087286607021403,0.0514190977204857,0.08583649494178071,0.015160125193747431,0.014750986184839608,0.014756079132693039,0.00031652699015145006,0.0008885481646924431,2.3424388140198345e-05,0.0036,0.0,2.478486456950645e-07,7.299319059087568e-07,2.755214603174466e-05,0.30034006244026445,0.0,0.3821728981831607,0.5615176486578581,2.7498706062577396e-05,0.04000000000000001,0.0
2025-07-16,diesel,docx_strict_mdp_value_iteration,70.28199592347697,6760.32,7973027.604,0.1460849504681775,-125,-136.12905539730605,-100.0,0.0,7265,35180.0,0.08389514016035238,0.012178546496188174,0.08524614179548426,0.014369568199472781,0.014350191561739993,0.014550733877434807,3.007819109593009e-05,8.962994000120386e-05,3.1701762260388185e-05,0.48999999999999994,0.0,2.1639854648847417e-05,6.463620351171411e-05,3.192033538903398e-05,0.07106805249689435,0.0,0.37853180853732155,0.5592590876373308,2.9694501274536698e-05,0.04000000000000001,0.0
2025-08-27,diesel,docx_strict_mdp_value_iteration,66.40231906729642,6777.035,16122673.045,0.1460849504681775,-175,-208.42142083526463,-100.0,0.0,7090,35080.0,0.0017429404727033197,0.003625144406686568,0.07809477365513959,0.014082833172135394,0.014023642421950209,0.01435619189058246,8.185197493748431e-05,0.0002514841266130999,3.501286326878129e-05,0.010000000000000002,0.0,0.00013394022487683854,0.00041556429406400686,3.5716849900713176e-05,0.020904744402461393,0.0,0.3768031998962765,0.557728165047106,3.18525699759272e-05,0.0,0.0
2025-10-14,diesel,docx_strict_mdp_value_iteration,64.79524527100162,6741.132,8491582.402999999,0.1460849504681775,-70,-158.4591177773928,-200.0,0.0,7020,34880.0,0.007595558931396419,0.0018163074386122829,0.08477923695057747,0.01408152376442016,0.013920992020929801,0.014135200821513061,0.0001350794468903894,0.0004110842895755692,3.5028360951123324e-05,0.04409999999999999,0.0,0.00033870986658819576,0.0010582060230419593,3.695433800959914e-05,0.009984926907386511,0.0,0.37559161909836003,0.5576110707391134,3.439586940398108e-05,0.04000000000000001,0.0
2025-10-28,diesel,docx_strict_mdp_value_iteration,61.85814749117869,6719.351999999999,8491582.402999999,0.1460849504681775,-255,-224.75456343889616,-200.0,0.0,6765,34680.0,0.03152831331016282,0.0032391609262835564,0.07778717275963848,0.013531926295120433,0.013587361709631613,0.013925527098229338,0.0008747101678029444,0.002835810454422528,4.183597745175449e-05,0.1369,0.01788162748504485,0.0007423381416188928,0.00238450478693357,4.1121929843098794e-05,0.01758034446182937,0.0,0.37476543458672773,0.5568846728027683,3.689922103434609e-05,0.0,0.0
2025-11-11,diesel,docx_strict_mdp_value_iteration,63.26464256803477,6629.75,8412856.4225,0.1460849504681775,120,31.196774817792875,-200.0,0.0,6885,34480.0,0.09634865064282694,0.04498516822892333,0.07822235513404185,0.014028999490426589,0.01386010110737112,0.01372656474726724,0.0001770126228308897,0.0005256313784557907,3.5652847085325946e-05,0.5625,0.0,0.00041335431580403483,0.0012608773815189578,3.769835841170535e-05,0.2620443502215602,0.0,0.3772259820750941,0.5590879915106811,3.935598987023016e-05,0.0,0.0
2025-11-25,diesel,docx_strict_mdp_value_iteration,62.23296396645118,6583.748,8412856.4225,0.1460849504681775,-65,-103.06897676971826,-200.0,0.0,6820,34280.0,0.023504811423198286,0.012442241773551927,0.07828655782093427,0.013490900897117627,0.013419757956358334,0.013537739897086854,0.00021021197988325393,0.0006430760550734828,4.236837113114412e-05,0.1369,0.0,0.0003060814163689257,0.0009472722604938967,4.329958535290946e-05,0.072109168197437,0.0,0.37758400502390266,0.5594172458369335,4.176080563770302e-05,0.0,0.0
2025-12-09,diesel,docx_strict_mdp_value_iteration,62.23817103955421,6530.67,8641713.531,0.1460849504681775,-55,-55.99401036862268,-200.0,0.0,6765,34080.0,0.0001387577317524892,0.0015883716924790026,0.07841329567912134,0.01332981379589325,0.01332793849442414,0.013358509071005097,0.000210544562236149,0.0006432015771800537,4.449138399745602e-05,0.0004,0.0,0.00021284186795872368,0.0006504175250630733,4.451640473418722e-05,0.008864209846657112,0.0,0.3782970413924746,0.560061187947115,4.410940175992158e-05,0.0,0.0
2025-12-23,diesel,docx_strict_mdp_value_iteration,60.02514654872086,6517.224,8641713.531,0.1460849504681775,-165,-182.1829027628588,-200.0,0.0,6600,33880.0,0.008505366501804132,0.01114648197436118,0.07819395364380172,0.012950045860655604,0.012917365015034384,0.01318835757074164,0.0007077524608062922,0.002252279021487606,4.970185336685918e-05,0.0484,0.0,0.0007824785437507824,0.0025035722955243215,5.01637183302589e-05,0.0636945462547364,0.0,0.37704637254865003,0.558962603759306,4.639847258407275e-05,0.0,0.0
2026-01-21,diesel,docx_strict_mdp_value_iteration,63.27606746491273,6423.525,16881760.39533333,0.1460849504681775,85,114.94349121150518,-200.0,0.0,6685,33680.0,0.04284719665023355,0.06048698386137319,0.07868067892886837,0.013268458532689136,0.013326833016490137,0.01302679794576312,0.0001465389550227865,0.0004362380557058192,4.53136505261257e-05,0.25,0.0,9.344157331091526e-05,0.0002756097226008878,4.453115758980613e-05,0.3531363759848358,0.0,0.3798031021362724,0.5614171635527552,4.862554688921344e-05,0.0,0.0
2026-02-04,diesel,docx_strict_mdp_value_iteration,66.21568324403765,6394.749,8240046.8643333325,0.1460849504681775,195,174.96326559244994,-200.0,0.0,6880,33480.0,0.008305464309261443,0.002482067876618245,0.07859589118258735,0.013325090247641327,0.013286525536402157,0.012873368543866325,3.898257504018545e-05,0.00011089498126098639,4.455442020213292e-05,0.0484,0.0,2.137818511044812e-05,6.108756993859769e-05,4.5070739373380345e-05,0.014409493266958055,0.0,0.3793154086861872,0.5609979127282617,5.078887591155399e-05,0.0,0.0
2026-02-25,diesel,docx_strict_mdp_value_iteration,68.7834083434205,6374.093999999999,8240046.8643333325,0.1460849504681775,170,131.9197094977494,-200.0,0.0,7050,33280.0,0.0005645021238262692,0.001372727464212566,0.07843751443727599,0.013122418943371086,0.013051203141532202,0.012727632138683052,0.000457064904702987,0.0012868858676324218,4.730112119050089e-05,0.0025000000000000005,0.0,0.00033769890878150284,0.0009587114046854529,4.828577778025195e-05,0.007410990885110527,0.0,0.37841012430310783,0.5602084384166436,5.288733431031565e-05,0.0,0.0
2026-03-10,diesel,docx_strict_mdp_value_iteration,78.4036612824465,6636.485,8039213.5309999995,0.1460849504681775,670,576.1707536740139,-200.0,0.0,7720,33080.0,0.17185568114747224,0.13564309952312661,0.07578052751944299,0.013889283467513515,0.013718040137396999,0.012589174630018714,0.0025163146691192795,0.0064563931116439445,3.734085654040366e-05,1.0,0.0,0.0018624542579223323,0.0048685404529780945,3.946301971535512e-05,0.7894359610068052,0.0,0.3633890346700207,0.5466838840830196,5.492033266435827e-05,0.0,0.0
2026-03-24,diesel,docx_strict_mdp_value_iteration,100.53825399545414,6788.624,8039213.5309999995,0.1460849504681775,1115,1514.7864971220276,-200.0,0.0,8835,32880.0,0.13879180707219502,0.6079649996482704,0.0741212165434613,0.014393721690246396,0.015060030223510257,0.012457603813153627,0.01271142381118792,0.029453941107642507,3.143035648641373e-05,0.7921,0.0,0.019364651284376318,0.0419781328249111,2.440330139263212e-05,3.5239980553938706,0.0,0.3540742113990953,0.5380711511111111,5.688774023935471e-05,0.0,0.0
2026-04-08,diesel,docx_strict_mdp_value_iteration,116.21363904838014,6890.049999999999,8039213.5309999995,0.1460849504681775,400,803.3757745086745,-200.0,0.0,9235,32680.0,0.3539835685859945,0.3520148785257355,0.07290617412772787,0.012993341930760292,0.013580787743258278,0.01233254821344155,0.015045728759714197,0.037604916003915134,4.9093257299241916e-05,2.0448999999999997,0.0,0.021625967852455158,0.0506898558990619,4.1206285997103155e-05,2.0244208649970132,0.0,0.3472853107812107,0.5316832840339878,5.878981689919838e-05,0.0,0.0
2026-04-22,diesel,docx_strict_mdp_value_iteration,106.71277678317998,6890.049999999999,8039213.5309999995,0.1460849504681775,-530,-617.4322521842347,-200.0,0.0,8705,32480.0,0.5943970104735903,1.3841999769428386,0.07254800405345238,0.011553978957827945,0.011432164364480768,0.012213655982734564,0.007720559240189401,0.022050799995117276,7.133527144481314e-05,3.4596000000000005,0.0,0.0068034216563312815,0.019730319379598613,7.340780747727325e-05,8.074781794859993,0.0,0.3452854717056865,0.5297917071006372,6.0627153155205255e-05,0.0,0.0
2026-05-09,diesel,docx_strict_mdp_value_iteration,114.44845662872568,6890.049999999999,16078427.061999999,0.1460849504681775,310,369.3292136759377,-200.0,0.0,9015,32280.0,0.4863441430598019,0.670120013913909,0.07218720517584629,0.012638024343312154,0.012725717230888167,0.012100593854347644,0.012090448031439856,0.03087495331162184,5.4198685569664445e-05,2.8223999999999996,0.0,0.012914948966982824,0.032656001686274146,5.291518980499732e-05,3.894792762026065,0.0,0.3432735463131289,0.5278801243096918,6.240061745397021e-05,0.0,0.0
