date,usd_cny,brent,wti,dubai,wti_m1,wti_m2,wti_m3,wti_m4,state_x,state_delta,state_space_futures_index_usd
2016-01-04,6.5338,36.28,36.81,32.1,36.76,37.95,38.93,39.8,3.658877613305785,-0.005745525262082005,38.81774988584416
2016-01-05,6.5219,35.56,35.97,30.85,35.97,37.18,38.23,39.15,3.6411141746265985,-0.005040365703370606,38.13430133546161
2016-01-06,6.5554,33.89,33.97,28.99,33.97,35.2,36.31,37.3,3.591726056534362,-0.0012893615533747967,36.296671996633
2016-01-07,6.5926,33.57,33.29,29.0,33.27,34.49,35.64,36.68,3.5754940156915116,0.0035509759756661677,35.71225887482164
2016-01-08,6.5932,31.67,33.2,29.16,33.16,34.32,35.48,36.55,3.5588562152501315,-0.019237428002497895,35.12300100870153
2016-01-11,6.5675,30.14,31.42,27.86,31.41,32.52,33.69,34.79,3.5085515258012547,-0.01770689587701575,33.399853902660766
2016-01-12,6.57,29.14,30.42,27.33,30.44,31.52,32.64,33.7,3.476302666331876,-0.018634235290870542,32.33992924607287
2016-01-13,6.57,28.58,30.42,27.02,30.48,31.39,32.35,33.28,3.4627099293354187,-0.027252469804311074,31.903315205727722
2016-01-14,6.5891,28.84,31.22,27.25,31.2,32.11,33.12,34.09,3.48303322229979,-0.03331724670122743,32.55832910162171
2016-01-15,6.584,28.8,29.45,26.35,29.42,30.39,31.38,32.31,3.4420415041149797,-0.009603531424885257,31.250691505543553
2016-01-19,6.5783,27.36,28.47,26.08,28.46,29.57,30.67,31.68,3.4148919759534566,-0.016715417029722332,30.413663843068782
2016-01-20,6.5781,26.01,26.68,25.57,26.55,28.35,29.69,30.83,3.386710027893001,-0.008960513131960841,29.56851248984179
2016-01-21,6.5794,27.59,29.55,26.02,29.53,30.83,31.93,32.86,3.4483849630332983,-0.02849827915757327,31.44955907053234
2016-01-22,6.5788,30.46,32.07,26.72,32.19,33.51,34.67,35.65,3.5335498703001096,-0.02355481255876961,34.24531853649396
2016-01-25,6.579,29.82,30.31,26.38,30.34,31.8,33.11,34.21,3.496379998308501,-0.007802851501088028,32.995790684269195
2016-01-26,6.5814,30.94,29.54,26.6,31.45,32.9,34.22,35.27,3.5290410617932677,-0.007073912523755062,34.09126052298959
2016-01-27,6.5773,31.83,32.32,26.71,32.3,33.76,35.07,36.12,3.5539315160517173,-0.0063849438338978905,34.95045600862269
2016-01-28,6.5744,33.01,33.21,26.79,33.22,34.71,36.03,37.09,3.582704857940112,-0.002926212844586741,35.97070502727521
2016-01-29,6.5752,33.14,33.66,26.81,33.62,35.28,36.78,38.0,3.6015402101093943,-0.006244905382149709,36.65464684667881
2016-02-01,6.5778,32.45,31.62,29.95,31.62,33.36,34.93,36.23,3.559397402688166,0.010530406550240854,35.14201428004126
2016-02-02,6.5795,30.98,29.9,28.48,29.88,31.61,33.24,34.63,3.5119521576123898,0.015068286395446358,33.51362785033934
2016-02-03,6.5765,32.38,32.29,30.93,32.28,33.86,35.39,36.67,3.566876598816107,0.0015332378769259136,35.40583364576081
2016-02-04,6.5638,32.76,31.63,30.4,31.72,33.38,34.95,36.3,3.561202662627031,0.013363111742782183,35.20551204833594
2016-02-05,6.571,32.35,30.86,30.07,30.89,32.72,34.47,35.94,3.550364013878831,0.019354681441643668,34.82599232510408
2016-02-08,6.571,31.64,29.71,30.07,29.69,31.64,33.43,34.92,3.5236280963681037,0.026719600461420565,33.90722424883089
2016-02-09,6.571,30.15,27.96,30.07,27.94,29.74,31.41,32.74,3.464158536872993,0.03206541839502824,31.949564078753752
2016-02-10,6.571,29.64,27.54,27.47,27.45,29.66,31.52,32.96,3.46735971013143,0.03242697732351376,32.05200404546286
2016-02-11,6.571,28.82,26.19,26.91,26.21,28.83,30.76,32.21,3.4470406732368017,0.039978597141463186,31.40731015292632
2016-02-12,6.571,31.8,29.32,28.94,29.44,31.91,33.85,35.24,3.5382267094122706,0.03281257086102751,34.40585348708913
2016-02-16,6.5154,31.09,29.05,28.51,29.04,30.97,32.64,33.93,3.5004822066972388,0.028827865577742553,33.131424302084866
2016-02-17,6.527,33.21,30.68,29.57,30.66,32.98,34.69,35.97,3.5635638438078208,0.033741117208651236,35.288736856604
2016-02-18,6.5163,33.2,30.77,29.55,30.77,32.93,34.55,35.76,3.5588466355791377,0.03212090818387273,35.122664543519164
2016-02-19,6.5202,31.66,29.59,29.18,29.64,31.75,33.39,34.59,3.52264150440974,0.027873799399753593,33.87378815066147
2016-02-22,6.5197,33.59,31.37,29.56,31.48,33.39,35.04,36.18,3.570272077410274,0.027440427532987616,35.526257729011895
2016-02-23,6.5263,31.9,31.84,29.3,31.87,33.6,34.86,35.78,3.5512346342546723,0.0007279190063865862,34.856325746162426
2016-02-24,6.529,31.5,30.35,29.35,32.15,34.07,35.44,36.44,3.563201977366122,-0.008589934325986672,35.27596935716977
2016-02-25,6.532,32.83,31.4,29.26,33.07,34.83,36.12,37.05,3.58511280634102,-0.003284096371223049,36.057424995627976
2016-02-26,6.539,35.76,31.65,29.36,32.78,34.58,35.83,36.72,3.5978284982652435,0.03606101714295814,36.518847539689595
2016-02-29,6.5525,35.92,32.74,29.3,33.75,35.58,36.87,37.79,3.620463622017218,0.026431907844443346,37.354882353954295
2016-03-01,6.55,35.73,34.39,32.17,34.4,36.15,37.3,38.11,3.626955042015077,0.016169060073005913,37.59815733003648
2016-03-02,6.5499,36.38,34.57,32.1,34.66,36.3,37.39,38.18,3.6317980113855826,0.02035853386127002,37.78068568723799
2016-03-03,6.5312,35.75,34.56,32.3,34.57,36.33,37.51,38.35,3.6317046922116885,0.014236370257841746,37.77716018936134
2016-03-04,6.5064,37.61,35.91,33.65,35.92,37.75,38.98,39.87,3.6728133765422344,0.019355488717773952,39.36249173840615
2016-03-07,6.5155,39.02,37.9,35.37,37.9,39.82,41.03,41.92,3.720261885205351,0.012434286027942313,41.27520205809488
2016-03-08,6.5044,39.16,36.67,34.37,36.5,38.42,39.58,40.46,3.6937487531304956,0.029387414067733507,40.19524693273471
2016-03-09,6.5105,40.26,37.62,35.26,38.29,40.07,41.09,41.87,3.726282854582743,0.021342680749233428,41.52446844533974
2016-03-10,6.507,38.63,37.77,34.6,37.84,39.4,40.32,41.0,3.7011346570606514,0.008845905017036408,40.493224226267444
2016-03-11,6.494,39.41,38.51,34.99,38.5,40.09,40.98,41.65,3.717943382173341,0.00980897268860883,41.179616227813135
2016-03-14,6.4984,38.06,37.2,34.51,37.18,38.84,39.8,40.52,3.6889321299232196,0.009791848058694985,40.002107087867124
2016-03-15,6.511,37.49,36.32,34.17,36.34,38.08,39.04,39.76,3.6713403919048457,0.013047424329255706,39.304554073906544
2016-03-16,6.5189,38.38,38.43,35.03,38.46,40.0,40.8,41.46,3.7078343015178463,-0.0006822800712417247,40.76542523836007
2016-03-17,6.4745,39.29,40.17,35.61,40.2,41.66,42.39,42.96,3.7415659817939075,-0.009601947621325747,42.16396649653959
2016-03-18,6.4682,39.26,39.47,35.56,39.44,41.14,42.05,42.68,3.7377965541539577,-0.0021662571410316165,42.0053316449461
2016-03-21,6.4812,39.91,39.91,35.68,39.91,41.52,42.42,43.04,3.747420077455688,-0.00012423160057005523,42.411522290553656
2016-03-22,6.4876,40.54,41.45,35.77,41.45,42.44,43.13,43.66,3.7590684228464264,-0.009347392525622979,42.908434836648574
2016-03-23,6.5035,38.84,38.28,35.31,39.79,40.87,41.63,42.22,3.723572460316244,-0.010364577603825741,41.41207315073398
2016-03-24,6.5124,38.33,38.14,35.23,39.46,40.63,41.41,41.98,3.717090645685543,-0.012375121478486129,41.14451583432226
2016-03-28,6.5051,38.33,37.99,35.22,39.39,40.53,41.29,41.82,3.7145764864368447,-0.011662151435514393,41.04120189756957
2016-03-29,6.5063,36.75,36.91,35.11,38.28,39.51,40.33,40.91,3.6882016698404363,-0.017287959796571262,39.97289781481499
2016-03-30,6.4648,36.75,36.91,35.18,38.32,39.66,40.55,41.2,3.693373923422418,-0.017779574667362,40.18018338337008
2016-03-31,6.448,36.75,36.94,35.14,38.34,39.75,40.69,41.36,3.6967089321985953,-0.018010842260983526,40.31440834388537
2016-04-01,6.4776,36.42,35.36,34.74,36.79,38.2,39.17,39.84,3.665921058573565,-0.004611544891576096,39.092125723865145
2016-04-04,6.4776,36.05,34.3,34.05,35.7,37.03,37.97,38.63,3.6390460662463116,0.003898707571329005,38.05551696268468
2016-04-05,6.476,35.88,34.52,34.15,35.89,37.11,37.99,38.59,3.6371559137127463,-0.00010038064988319214,37.983654168098354
2016-04-06,6.478,37.77,37.74,35.73,37.75,38.98,39.87,40.45,3.6854714511954954,0.00023182624243636533,39.86391190928358
2016-04-07,6.4599,37.15,37.3,35.39,37.26,38.49,39.36,39.91,3.6720469772911133,-0.0012911520819619687,39.332335911393244
2016-04-08,6.4628,40.71,39.74,37.14,39.72,40.99,41.86,42.38,3.7393852513390713,0.010258111478453466,42.072118435035634
2016-04-11,6.458,41.58,40.46,37.73,40.36,41.75,42.66,43.22,3.7595024069952876,0.012538538589080463,42.927060458540126
2016-04-12,6.4639,43.02,42.12,39.03,42.17,43.5,44.35,44.83,3.7960619684494845,0.008505062619392788,44.52549597892654
2016-04-13,6.4768,42.81,41.7,38.64,41.76,43.01,43.84,44.35,3.785811893161922,0.010405426090474295,44.07143733599345
2016-04-14,6.481,43.02,41.45,38.49,41.5,42.67,43.45,43.92,3.7792972274346863,0.015083791820146528,43.78525984112394
2016-04-15,6.473,41.32,40.4,38.04,40.36,41.71,42.54,43.03,3.755409311716542,0.0099615691278154,42.75171500766847
2016-04-18,6.4717,41.64,39.74,37.94,39.78,41.19,42.06,42.6,3.7489814058057047,0.01914270447490455,42.47779232385167
2016-04-19,6.4571,43.02,40.88,38.32,41.08,42.47,43.32,43.82,3.7783108307256352,0.019514575118302787,43.74209149896718
2016-04-20,6.4675,43.09,42.72,38.93,42.63,44.18,45.02,45.49,3.8089307481893937,0.004763648834838272,45.10218747885009
2016-04-21,6.481,43.48,43.18,38.57,43.18,43.98,44.44,44.8,3.7954849225903247,0.002865910245755818,44.49981013751182
2016-04-22,6.5004,43.97,42.76,38.76,43.73,44.54,45.01,45.37,3.8078202257445413,0.0022571053787745895,45.05212828841483
2016-04-25,6.49,42.97,41.67,38.63,42.64,43.59,44.15,44.59,3.789191400848088,0.0031511287846469017,44.220629052493045
2016-04-26,6.4905,43.94,42.52,38.8,44.04,44.89,45.4,45.8,3.8146854629789826,-0.0009525207784677062,45.36248595757732
2016-04-27,6.494,44.17,45.29,38.97,45.33,46.2,46.7,47.09,3.837711990239179,-0.010890924740492339,46.41914538748486
2016-04-28,6.4735,45.6,46.03,39.0,46.03,46.87,47.35,47.72,3.8552860826998243,-0.004192806453170183,47.242130164375766
2016-04-29,6.4738,45.64,45.98,39.03,45.92,46.69,47.14,47.5,3.8515751904219457,-0.002742362377323536,47.0671445854814
2016-05-02,6.4738,45.82,44.75,42.45,44.78,45.48,45.91,46.26,3.8317770222230862,0.009458969899736092,46.14446515973297
2016-05-03,6.49,43.09,43.65,41.88,43.65,44.41,44.9,45.32,3.801559338521056,-0.005274692139976769,44.770943146760764
2016-05-04,6.4945,43.08,43.77,41.8,43.78,44.42,44.86,45.24,3.8000113925023578,-0.006822954559327505,44.701693754551435
2016-05-05,6.5032,44.39,44.33,41.92,44.32,44.91,45.3,45.65,3.8136195129082315,0.000531878790966213,45.31415757485898
2016-05-06,6.497,44.6,44.58,42.28,44.66,45.32,45.74,46.12,3.822580555319231,-0.000566992303312551,45.72204447918116
2016-05-09,6.514,42.43,43.45,40.97,43.44,44.03,44.45,44.84,3.789251940133724,-0.009878436391606522,44.22330621882231
2016-05-10,6.515,44.01,44.68,42.35,44.66,45.35,45.83,46.27,3.821656811331033,-0.006257600971232815,45.67982851683802
2016-05-11,6.491,46.08,46.21,43.67,46.23,47.01,47.48,47.9,3.8594628867901073,-0.0014410805742339338,47.439863947049325
2016-05-12,6.514,46.43,46.64,43.98,46.7,47.45,47.9,48.31,3.8677574537339745,-0.002460748372433463,47.83499352332531
2016-05-13,6.5285,47.05,46.22,43.7,46.21,46.9,47.39,47.82,3.862377277877953,0.007420236624603744,47.57832392901111
2016-05-16,6.5184,48.49,47.72,44.27,47.72,48.42,48.85,49.18,3.8919712445145804,0.006784617332976172,49.007396932049836
2016-05-17,6.517,48.71,48.29,44.48,48.31,48.99,49.42,49.76,3.9019321244292757,0.003510804671320443,49.497993055990435
2016-05-18,6.537,48.93,48.12,44.32,48.19,48.78,49.22,49.58,3.899510477994373,0.006349558527929096,49.37827143779415
2016-05-19,6.544,47.01,48.16,44.33,48.16,48.67,49.08,49.42,3.8879745667226393,-0.010017959069799841,48.81192104436195
2016-05-20,6.5485,48.54,47.67,44.28,47.75,48.41,48.87,49.22,3.892761129019709,0.006623270020290331,49.04612240783632
2016-05-23,6.5533,47.77,48.12,44.16,48.08,48.57,48.95,49.28,3.8891927292412016,-0.00263531893650747,48.871418128238574
2016-05-24,6.5552,48.42,48.04,44.21,48.62,49.06,49.41,49.72,3.899101012010984,-0.0018048583302960333,49.358056854196455
2016-05-25,6.5538,48.87,49.1,44.39,49.56,49.96,50.31,50.61,3.9149091578409627,-0.0059160205253602815,50.144516068023314
2016-05-26,6.554,49.52,49.0,44.34,49.48,49.88,50.23,50.54,3.916691408509894,0.00016941173943355124,50.233965852620514
2016-05-27,6.5615,49.09,49.36,44.31,49.33,49.74,50.13,50.47,3.9134030270716083,-0.002100232433977264,50.06904871557571
2016-05-31,6.5798,49.26,49.1,44.27,49.1,49.53,49.93,50.27,3.911223741628936,0.0012504058292449102,49.96005277635098
2016-06-01,6.5748,48.81,49.07,45.96,49.01,49.49,49.91,50.23,3.909215901772461,-0.0017161616467424486,49.859841628789184
2016-06-03,6.5638,48.5,48.69,46.03,48.62,49.11,49.54,49.88,3.9022061273226503,-0.0010919676832975467,49.51155750756863
2016-06-06,6.5611,48.94,49.71,46.54,49.69,50.17,50.59,50.93,3.9202548387317697,-0.006359906601639993,50.413290400204865
2016-06-07,6.571,49.76,50.37,47.29,50.36,50.92,51.39,51.75,3.9367196816583903,-0.005108667197987875,51.25020826196663
2016-06-08,6.56,50.73,51.23,48.2,51.23,51.84,52.31,52.67,3.954924145146264,-0.004176851973661769,52.19173479786401
2016-06-09,6.559,50.59,50.52,47.9,50.56,51.22,51.73,52.13,3.94617586649223,0.00013774826314370868,51.73713832599582
2016-06-10,6.559,49.7,49.09,46.96,49.07,49.72,50.24,50.68,3.9196824040973066,0.00525874452762668,50.384440344915774
2016-06-13,6.5823,49.36,48.89,46.93,48.88,49.52,50.04,50.48,3.914903429318296,0.0041339417356879024,50.144228814849164
2016-06-14,6.593,47.88,48.49,46.64,48.49,49.06,49.56,49.99,3.9003723587042325,-0.005234099841323326,49.42084796273975
2016-06-15,6.5785,47.47,47.92,46.2,48.01,48.5,48.95,49.35,3.8883835946199605,-0.004826035520985723,48.831890565558155
2016-06-16,6.5899,45.66,46.14,45.37,46.21,46.74,47.25,47.68,3.8530069637159867,-0.005110850168685304,47.1345823323877
2016-06-17,6.5849,46.57,48.0,46.14,47.98,48.56,49.09,49.53,3.886981162852567,-0.012475477508191753,48.763455170170026
2016-06-20,6.5768,48.68,49.4,46.69,49.37,49.96,50.5,50.95,3.91883679734459,-0.006058934140172304,50.34185293056853
2016-06-21,6.5893,48.18,48.95,46.61,48.85,49.85,50.45,50.93,3.9179519647005394,-0.005879553031885934,50.29732851696582
2016-06-22,6.575,48.43,49.16,46.38,49.13,49.78,50.28,50.74,3.914473152082061,-0.0061097187550266776,50.122657535809545
2016-06-23,6.574,48.63,49.34,46.63,50.11,50.76,51.25,51.71,3.9300435970068524,-0.012607100112509357,50.90919710943583
2016-06-24,6.615,46.69,46.7,46.16,47.64,48.31,48.82,49.29,3.8840080749482677,-0.0086696364402931,48.6186924342342
2016-06-27,6.6481,45.07,45.8,46.03,46.33,47.02,47.55,48.06,3.855957176712492,-0.011653076901924554,47.27384471560719
2016-06-28,6.645,46.29,47.93,46.19,47.85,48.59,49.17,49.72,3.8879967654052296,-0.013970441429771989,48.81300461673073
2016-06-29,6.635,48.4,49.85,46.31,49.88,50.58,51.15,51.7,3.928074472523287,-0.012771751081230851,50.80904919718186
2016-06-30,6.6459,48.05,48.27,46.26,48.33,49.01,49.59,50.13,3.902737826094951,-0.00269125095886055,49.537889741698024
2016-07-01,6.6547,47.65,49.02,45.77,48.99,49.65,50.25,50.82,3.9108551063841914,-0.011624644807184649,49.94163913423556
2016-07-05,6.677,45.64,46.73,44.02,46.6,47.29,47.91,48.51,3.8650250455234763,-0.008959585890428497,47.70446720108005
2016-07-06,6.69,45.7,47.37,44.73,47.43,48.14,48.75,49.34,3.8785458137807574,-0.015640225223359186,48.35384842061779
2016-07-07,6.679,45.93,45.22,42.73,45.14,45.84,46.46,47.07,3.8427293739247532,0.006874918422974425,46.65263330967486
2016-07-08,6.6878,44.53,45.37,43.14,45.41,46.12,46.75,47.37,3.8404389432699726,-0.008066776596972134,46.54590096639206
2016-07-11,6.6917,44.04,44.73,42.84,44.76,45.52,46.22,46.93,3.8300133772811114,-0.006932046588053655,46.063154429858635
2016-07-12,6.686,46.72,46.82,44.29,46.8,47.57,48.24,48.92,3.875736906337927,-0.0008077738646311968,48.218217512410256
2016-07-13,6.6832,44.67,44.87,42.82,44.75,45.44,46.07,46.76,3.830002128826413,-0.0008472956744426964,46.062636293466895
2016-07-14,6.6801,46.01,45.64,43.52,45.68,46.42,47.06,47.77,3.8529875750430023,0.0029795798755666925,47.133668464243975
2016-07-15,6.6865,46.25,45.93,43.67,45.95,46.65,47.23,47.89,3.856457189199415,0.0027316499520399743,47.29748813878068
2016-07-18,6.7013,45.35,45.23,43.18,45.24,45.94,46.54,47.22,3.8409272814862887,0.0010069284854960165,46.568636659548915
2016-07-19,6.6931,45.7,44.64,43.06,44.65,45.45,46.14,46.88,3.8368852695258266,0.009663483735152386,46.380785577106614
2016-07-20,6.676,45.82,44.96,43.27,44.94,45.75,46.45,47.19,3.8425919027786177,0.008217986684295148,46.646220359511446
2016-07-21,6.6735,44.99,43.96,43.18,44.75,45.45,46.18,46.89,3.8337233029564475,0.0023303354605681914,46.234362697770024
2016-07-22,6.676,44.24,43.41,42.77,44.19,44.88,45.59,46.27,3.8200166722609574,0.0004715420038964228,45.604968652448825
2016-07-25,6.6783,43.76,42.4,42.59,43.13,43.87,44.61,45.33,3.8013208628215787,0.006014494604957625,44.760267637752904
2016-07-26,6.669,43.56,42.16,42.56,42.92,43.68,44.42,45.15,3.7970147110526966,0.0062551864881505844,44.56793753060162
2016-07-27,6.668,42.78,41.9,42.51,41.92,42.61,43.32,44.02,3.773259113425626,0.008546049072637757,43.52167602568031
2016-07-28,6.6538,41.87,41.13,42.51,41.14,41.86,42.59,43.31,3.7556535801871123,0.007475377048828558,42.76215917924662
2016-07-29,6.6371,40.76,41.54,42.51,41.6,42.33,43.09,43.84,3.758869479234836,-0.008340427856273943,42.899899326725226
2016-08-01,6.6421,40.17,40.05,38.92,40.06,40.84,41.62,42.39,3.729486053524878,0.0009373493392718785,41.65769283693948
2016-08-02,6.6239,40.0,39.5,38.68,39.51,40.3,41.12,41.92,3.7193573843917163,0.005113854624238954,41.23788548323068
2016-08-03,6.632,40.45,40.8,39.76,40.83,41.58,42.35,43.11,3.7438560800605147,-0.003795260722953742,42.260636773093644
2016-08-04,6.6388,41.33,41.92,40.86,41.93,42.69,43.47,44.2,3.768920102698076,-0.006051057265248159,43.333244106218
2016-08-05,6.653,42.47,41.83,40.72,41.8,42.57,43.38,44.12,3.7736306815759577,0.006503056625203464,43.53785029907684
2016-08-08,6.6597,43.24,43.06,41.62,43.02,43.76,44.51,45.22,3.7967403651585574,0.002240316800049583,44.555712176994305
2016-08-09,6.653,43.37,42.78,41.17,42.77,43.5,44.25,44.95,3.792964415867655,0.005804776834941515,44.38778930084391
2016-08-10,6.6345,42.19,41.75,40.7,41.71,42.46,43.25,44.0,3.7696291332786362,0.004812340812985129,43.36397959635778
2016-08-11,6.6274,44.23,43.51,41.97,43.49,44.23,44.99,45.71,3.8100152250520543,0.0071326694831958665,45.151126289333746
2016-08-12,6.6324,45.12,44.47,42.52,44.49,45.18,45.89,46.57,3.8292298528902995,0.0059683895609491215,46.02707696047941
2016-08-15,6.637,47.31,45.72,43.27,45.74,46.4,47.1,47.77,3.859548387539091,0.014151843201763931,47.443920264355086
2016-08-16,6.624,48.27,46.57,43.84,46.58,47.22,47.92,48.57,3.8771606974973105,0.015057461201241228,48.28691908096276
2016-08-17,6.6328,48.58,46.81,44.16,46.79,47.52,48.27,48.96,3.884891138550475,0.01585266114925012,48.661644793951346
2016-08-18,6.6297,49.46,48.2,44.5,48.22,48.89,49.56,50.19,3.9084702078721434,0.010812381793166941,49.82267530808735
2016-08-19,6.6515,49.39,48.48,44.45,48.52,49.11,49.73,50.32,3.910334870284921,0.0075228716703423905,49.91566444777182
2016-08-22,6.6475,48.1,46.8,43.81,47.05,47.41,48.03,48.64,3.876717441975969,0.00922467065670932,48.265520380368
2016-08-23,6.6378,48.7,47.54,43.96,48.1,48.75,49.39,50.01,3.902223235075303,0.005285796549569232,49.51240454629337
2016-08-24,6.6562,47.56,46.29,43.7,46.77,47.48,48.16,48.81,3.8782329025053146,0.006983139897643985,48.33872032323549
2016-08-25,6.656,49.25,46.97,43.82,47.33,48.03,48.69,49.35,3.894080371388588,0.01663806009818001,49.11086882926678
2016-08-26,6.669,49.66,47.64,43.84,47.64,48.33,48.98,49.63,3.90032086396946,0.0175179353719626,49.41830311480538
2016-08-29,6.6775,49.66,46.97,43.74,46.98,47.65,48.29,48.93,3.88928340251697,0.023328079237815567,48.875849660719446
2016-08-30,6.6778,47.94,46.32,43.72,46.35,46.99,47.62,48.24,3.8704957803736066,0.014373581334261996,47.96616086795143
2016-08-31,6.6776,47.94,44.68,43.7,44.7,45.31,45.91,46.51,3.8421193449981077,0.029330291680629953,46.62418253263256
2016-09-01,6.6713,45.05,43.17,41.89,43.16,43.75,44.34,44.94,3.8012153849833226,0.018271001049572425,44.7555466704658
2016-09-02,6.679,45.96,44.39,43.17,44.44,45.04,45.64,46.24,3.827948751317196,0.014332087543986727,45.96814935396414
2016-09-06,6.6722,46.21,44.85,43.53,44.83,45.46,46.1,46.74,3.837361334388002,0.012861748873631947,46.40287109605262
2016-09-07,6.66,47.0,45.47,44.12,45.5,46.15,46.81,47.47,3.8531050594952765,0.013724682476900424,47.139206262763416
2016-09-08,6.664,49.23,47.63,45.43,47.62,48.26,48.91,49.57,3.8970261686376624,0.01410309130562049,49.25575278617266
2016-09-09,6.6778,48.37,45.88,44.11,45.88,46.46,47.07,47.69,3.8632953171690905,0.02217495796066377,47.62202275533508
2016-09-12,6.6788,47.82,46.28,44.89,46.29,46.84,47.44,48.05,3.8664263248812043,0.013903446650356647,47.77136134398512
2016-09-13,6.6782,46.48,44.91,43.57,44.9,45.48,46.12,46.76,3.838877759367145,0.014581731040730675,46.47329094860386
2016-09-14,6.6707,45.65,43.62,42.86,43.58,44.15,44.78,45.44,3.8120281572362233,0.019525759017434623,45.24210397983431
2016-09-15,6.6707,45.83,43.85,43.29,43.91,44.52,45.23,45.92,3.821040068697469,0.018154171384350885,45.65166450496396
2016-09-16,6.6707,45.26,43.04,42.93,43.03,43.62,44.36,45.06,3.8034568967144238,0.021322778133451962,44.85597927173555
2016-09-19,6.665,46.04,43.34,43.01,43.3,43.86,44.56,45.25,3.810216748984973,0.0259152665905304,45.16022623877729
2016-09-20,6.67,45.24,43.85,42.98,43.44,44.05,44.7,45.35,3.808737442890429,0.01733912960689388,45.09346982962658
2016-09-21,6.6695,45.99,45.33,43.33,45.34,45.9,46.48,47.06,3.8418628230385474,0.0062370384302443925,46.6122239398528
2016-09-22,6.663,47.21,46.1,43.59,46.32,46.88,47.48,48.06,3.8643395306544677,0.008019391684466387,47.67177628583003
2016-09-23,6.669,46.71,44.36,43.14,44.48,45.07,45.69,46.28,3.8327341453245065,0.020444827652605514,46.18865223620261
2016-09-26,6.6683,46.61,45.6,43.4,45.93,46.49,47.08,47.66,3.8547740973544973,0.006458064532110791,47.217949076759034
2016-09-27,6.6691,44.95,44.65,43.14,44.67,45.24,45.82,46.38,3.8261597435545616,0.0026563469840105427,45.88598549574015
2016-09-28,6.673,45.49,47.07,43.39,47.05,47.65,48.22,48.74,3.868082431262171,-0.013991627722062538,47.85054134749172
2016-09-29,6.665,48.43,47.72,43.4,47.83,48.4,48.97,49.49,3.893922462811815,0.004919190347763003,49.1031144141263
2016-09-30,6.6685,48.24,47.72,43.4,48.24,48.82,49.4,49.93,3.899762420067715,1.5910089125419774e-05,49.39071346914801
2016-10-03,6.6685,48.61,48.8,48.01,48.81,49.4,50.01,50.57,3.9113177353175006,-0.0016937456297839854,49.96474892669309
2016-10-04,6.6685,48.81,48.67,48.15,48.69,49.3,49.94,50.53,3.9114419142138095,0.0009998136057888035,49.97095387932327
2016-10-05,6.6685,49.57,49.75,48.95,49.83,50.38,50.98,51.52,3.9302333229155235,-0.0021360471293481705,50.91885681943679
2016-10-06,6.6685,50.14,50.44,49.42,50.44,50.98,51.57,52.08,3.9416252682031727,-0.00250564383199288,51.5022382661121
2016-10-07,6.6685,50.49,49.76,49.07,49.81,50.38,51.0,51.53,3.934898960155232,0.0055961576316961945,51.156980802117445
2016-10-11,6.719,50.48,50.72,49.49,50.79,51.24,51.75,52.21,3.9449815007465237,-0.002443618040212033,51.67538214727192
2016-10-12,6.718,49.53,50.14,49.1,50.18,50.64,51.17,51.64,3.9323672784415904,-0.005485774047137619,51.02763141412351
2016-10-13,6.7248,49.29,50.47,49.28,50.44,50.85,51.38,51.86,3.934236186588204,-0.0096930323901643,51.12308654082378
2016-10-14,6.7277,48.87,50.35,49.37,50.35,50.75,51.26,51.73,3.930479145290816,-0.012587122992586405,50.93137535237203
2016-10-17,6.735,49.31,49.97,49.08,49.94,50.37,50.91,51.4,3.9274434920184005,-0.005499082675628676,50.776999790005526
2016-10-18,6.7401,49.81,50.3,49.06,50.29,50.62,51.14,51.63,3.9325210556737704,-0.00408112391790497,51.03547890541436
2016-10-19,6.737,51.85,51.59,49.51,51.6,51.82,52.28,52.72,3.957624919542828,0.001962553487774632,52.33288341841162
2016-10-20,6.7439,50.42,50.31,49.08,50.43,50.63,51.14,51.64,3.9346187422501977,-8.275312606284644e-05,51.14264770841772
2016-10-21,6.7654,50.28,50.61,49.25,50.85,51.43,52.0,52.54,3.948720391686871,-0.0046868705745398784,51.86895240897214
2016-10-24,6.7728,49.8,50.18,49.19,50.52,51.16,51.77,52.35,3.943745806661527,-0.006069972833185744,51.61156661956786
2016-10-25,6.778,49.08,49.45,49.05,49.96,50.6,51.21,51.78,3.932166836947235,-0.007517474892418304,51.01740438442425
2016-10-26,6.7706,48.98,48.75,48.96,49.18,49.83,50.45,51.02,3.920274962236821,-0.001829350330436887,50.41430490251652
2016-10-27,6.7819,49.13,49.71,49.06,49.72,50.34,50.94,51.49,3.928051022879515,-0.004986949931708404,50.80785775704729
2016-10-28,6.776,47.78,48.72,49.03,48.7,49.33,49.93,50.5,3.906637846325721,-0.008032493813429556,49.73146574368221
2016-10-31,6.7735,46.2,46.83,44.92,46.86,47.46,48.05,48.62,3.869354171206965,-0.006112627514492541,47.911433503590104
2016-11-01,6.763,45.77,46.66,44.68,46.67,47.24,47.8,48.38,3.8628471201897794,-0.008241983261945123,47.60068349104158
2016-11-02,6.7606,44.26,45.32,43.62,45.34,45.93,46.53,47.14,3.8350144754596522,-0.010233719871158876,46.29409779144497
2016-11-03,6.7612,43.84,44.66,43.13,44.66,45.25,45.89,46.53,3.8223740444822742,-0.007924384426275091,45.71260335638903
2016-11-04,6.7534,43.06,44.07,42.55,44.07,44.65,45.28,45.92,3.807950580194149,-0.00982509323117177,45.05800141658741
2016-11-07,6.774,42.83,44.88,43.04,44.89,45.47,46.1,46.74,3.820558937538296,-0.01973193397966805,45.62970534974301
2016-11-08,6.784,43.47,44.96,42.97,44.98,45.61,46.3,46.98,3.8278453417679614,-0.014570888314701231,45.963396054132815
2016-11-09,6.7769,43.88,45.2,43.38,45.27,45.94,46.67,47.4,3.836411452888022,-0.013248221706537132,46.358814794697906
2016-11-10,6.7987,43.67,44.62,43.04,44.66,45.36,46.12,46.88,3.82656057229013,-0.009596154142420953,45.90438160388481
2016-11-14,6.8447,41.83,43.29,42.33,43.32,43.94,44.65,45.35,3.791458925794101,-0.014792688512959513,44.321014201900944
2016-11-15,6.8556,44.15,45.86,43.55,45.81,46.39,47.06,47.71,3.843280146078824,-0.01558146645719154,46.67833535835254
2016-11-16,6.877,45.07,45.56,43.37,45.57,46.1,46.77,47.44,3.843020326661674,-0.004889587045059207,46.66620899586662
2016-11-17,6.8674,44.57,45.37,43.3,45.42,45.98,46.71,47.45,3.8399136955412145,-0.007985144768707035,46.52145925716452
2016-11-18,6.8873,44.41,45.69,43.48,45.69,46.36,47.11,47.85,3.8463270528359272,-0.011992034579383321,46.8207767864432
2016-11-21,6.8918,45.96,47.48,44.15,47.49,48.24,49.03,49.82,3.8852099742098694,-0.01384197775180986,48.67716233519772
2016-11-22,6.888,46.1,48.07,44.19,48.03,48.93,49.78,50.5,3.8986142459703377,-0.017356616219902834,49.33403687481694
2016-11-23,6.9195,46.54,46.72,44.15,47.96,48.86,49.72,50.43,3.8999037772680487,-0.0128697851219242,49.39769569560887
2016-11-28,6.9055,46.64,45.66,44.02,47.08,47.99,48.86,49.57,3.8870396076183162,-0.004196691040773919,48.76630522216907
2016-11-29,6.8933,44.68,45.29,43.88,45.23,46.13,47.0,47.72,3.84767032728569,-0.0052388466560617155,46.88371219992161
2016-11-30,6.8837,47.95,49.41,43.87,49.44,50.34,51.21,51.89,3.928801419837814,-0.01281734631546788,50.84599812738507
2016-12-01,6.883,52.28,51.08,50.86,51.06,51.96,52.81,53.44,3.97192306657991,0.009674766056107134,53.08652165631988
2016-12-02,6.883,52.35,51.7,51.03,51.68,52.65,53.52,54.17,3.982762093872992,0.0055377417888117,53.665057632994454
2016-12-05,6.8775,53.3,51.72,51.51,51.79,52.83,53.76,54.47,3.9908125152441714,0.012069872724093784,54.098827632795896
2016-12-06,6.879,52.31,50.95,51.03,50.93,51.97,52.91,53.63,3.97446468869416,0.011319788188241378,53.221619144386125
2016-12-07,6.878,51.9,49.85,50.35,49.77,50.94,51.97,52.72,3.9598933268795107,0.01763002494530294,52.45173046089693
2016-12-08,6.8771,51.6,50.84,50.99,50.84,51.88,52.82,53.49,3.9699595481514054,0.006497235476208469,52.98238756080686
2016-12-09,6.9042,52.19,51.51,51.31,51.5,52.44,53.3,53.94,3.978794875985809,0.005667511487863318,53.452578410802495
2016-12-12,6.9045,53.99,52.74,52.26,52.83,53.75,54.59,55.2,4.004490868320109,0.009172423016360202,54.843894525530125
2016-12-13,6.8984,53.28,52.99,52.37,52.98,53.94,54.81,55.46,4.005028218432997,0.0025056443823663916,54.8733728178172
2016-12-14,6.9025,53.15,51.01,51.41,51.04,52.09,53.05,53.77,3.9802880136730705,0.016884853578000677,53.53245008497316
2016-12-15,6.941,51.72,50.9,51.52,50.9,51.97,52.91,53.62,3.972020519509155,0.006943660679406698,53.091695345450205
2016-12-16,6.958,54.15,51.93,52.01,51.9,52.95,53.87,54.56,3.995810138415907,0.017824597107993508,54.36986990677732
2016-12-19,6.9506,53.53,52.13,51.81,52.12,53.06,53.9,54.55,3.9928597476128007,0.011414501026225673,54.20969394966536
2016-12-20,6.947,54.56,52.22,51.95,52.23,53.3,54.19,54.9,4.002002142984481,0.018376550597565915,54.70757283969852
2016-12-21,6.939,53.01,51.44,51.7,52.49,53.38,54.1,54.66,3.992840503284643,0.004402863569326378,54.20865073056372
2016-12-22,6.9473,54.04,51.98,51.94,52.95,53.86,54.61,55.2,4.004622118476728,0.008568264263315714,54.851093267683915
2016-12-23,6.9432,53.93,52.01,51.96,53.02,53.92,54.65,55.24,4.004612485028484,0.007224699343803702,54.85056486506094
2016-12-27,6.9491,53.93,52.82,52.09,53.9,54.79,55.51,56.06,4.016529652255172,0.00035393853137515377,55.508138645080756
2016-12-28,6.9559,54.95,54.01,52.14,54.06,54.95,55.67,56.25,4.02299242108657,0.006794638108398182,55.86803662947767
2016-12-29,6.9535,54.97,53.8,52.12,53.77,54.72,55.49,56.11,4.02099133936055,0.009285818688191281,55.756351904709206
2016-12-30,6.943,54.96,53.75,52.1,53.72,54.66,55.43,56.05,4.0200438274405155,0.00964143515898155,55.70354711719525
2017-01-03,6.9575,55.05,52.36,53.16,52.33,53.29,54.12,54.81,4.002421051880242,0.021257204373365833,54.73049512946691
2017-01-04,6.9322,54.57,53.26,54.33,53.26,54.22,55.05,55.75,4.013415463888129,0.010515825852945665,55.335544729904534
2017-01-05,6.887,54.99,53.77,54.76,53.76,54.68,55.49,56.17,4.021134325204491,0.009631305889273125,55.764324843736496
2017-01-06,6.9176,55.9,53.98,54.82,53.99,54.87,55.68,56.37,4.0272464379120985,0.01466726937102026,56.10620642729929
2017-01-09,6.935,54.39,51.95,53.19,51.96,52.87,53.72,54.47,3.9939437906407216,0.01925972957199894,54.26849145419165
2017-01-10,6.918,53.2,50.82,52.32,50.82,51.7,52.53,53.28,3.9714817026332145,0.019382278072037074,53.06309634952852
2017-01-11,6.9365,53.61,52.19,53.38,52.25,53.06,53.87,54.59,3.9920630667318826,0.011079693631144503,54.16652332182551
2017-01-12,6.889,54.51,53.01,53.9,53.01,53.84,54.65,55.39,4.007037801471381,0.01184684767447876,54.98375629232191
2017-01-13,6.8985,54.37,52.36,53.72,52.37,53.15,53.95,54.68,3.9963595829524667,0.01582015168439408,54.39975134309529
2017-01-17,6.852,54.68,52.45,53.69,52.48,53.26,54.03,54.75,3.99853747100992,0.017396086071582675,54.518357019936595
2017-01-18,6.836,53.77,51.12,53.11,51.08,51.89,52.66,53.37,3.9752169281234018,0.021672433460392427,53.26166960667447
2017-01-19,6.868,53.18,51.39,53.31,51.37,52.12,52.84,53.5,3.974802785139836,0.014825202335745356,53.23961622685534
2017-01-20,6.868,55.04,52.33,53.74,52.42,53.22,53.96,54.62,3.9988559259401613,0.02061906777734551,54.535721424261574
2017-01-23,6.8514,54.8,52.77,53.64,52.75,53.5,54.17,54.71,4.000363183135287,0.016252350253830657,54.617982761692396
2017-01-24,6.8555,54.7,52.38,53.7,53.18,53.86,54.46,54.96,4.003540283560002,0.012036666913562373,54.791785526143464
2017-01-25,6.8812,54.34,52.14,53.67,52.75,53.39,53.95,54.43,3.9945723738277583,0.012587732426386694,54.302614438949306
2017-01-26,6.8768,55.89,53.24,53.8,53.78,54.38,54.9,55.34,4.013819747348307,0.016279503972978664,55.35792049817049
2017-01-27,6.8768,54.8,53.18,53.76,53.17,53.75,54.25,54.67,4.00017584231754,0.012858256248202464,54.60775154253054
2017-01-30,6.8768,54.77,52.63,53.74,52.63,53.24,53.78,54.24,3.9936417407001668,0.016838103596922453,54.252102134894976
2017-01-31,6.8768,55.25,52.75,53.72,52.81,53.42,53.94,54.38,3.9976891983061797,0.019128036074317976,54.4721301950726
2017-02-01,6.8768,55.79,53.9,54.44,53.88,54.49,54.99,55.41,4.0145998013141915,0.01487740037236409,55.40111951018806
2017-02-02,6.8768,55.94,53.55,54.66,53.54,54.17,54.67,55.09,4.0108926517045305,0.01854021961845373,55.19611948927036
2017-02-03,6.865,55.92,53.81,55.09,53.83,54.47,54.99,55.41,4.0153866963970195,0.016217075236616595,55.44473153550754
2017-02-06,6.86,55.02,53.01,54.25,53.01,53.63,54.16,54.6,4.0000916104023005,0.01578690137670331,54.60315202074719
2017-02-07,6.8821,53.79,52.19,53.9,52.17,52.78,53.3,53.72,3.9826453428085675,0.01302243127332619,53.65879254612829
2017-02-08,6.87,54.42,52.37,53.73,52.34,52.91,53.37,53.76,3.9857541195434845,0.01649195579963193,53.82586531342933
2017-02-09,6.866,53.98,52.99,54.11,53.0,53.46,53.88,54.25,3.9906587889793705,0.007953723565080173,54.09051186128642
2017-02-10,6.8775,55.2,53.84,54.59,53.86,54.33,54.78,55.18,4.0086449747564465,0.010422545963694126,55.07219576629078
2017-02-13,6.8776,54.15,52.96,54.03,52.93,53.43,53.86,54.25,3.9914270012129838,0.00968036440776318,54.13208081906729
2017-02-14,6.8649,54.96,53.21,54.27,53.2,53.71,54.12,54.48,3.9983048593674035,0.01376258663843472,54.50567689019296
2017-02-15,6.8685,54.57,53.11,54.14,53.11,53.6,53.99,54.31,3.994682611487247,0.011558615531897489,54.30860096203327
2017-02-16,6.8517,54.16,53.41,54.12,53.36,53.75,54.07,54.33,3.9934646516574808,0.0064280836384767144,54.242495532701305
2017-02-17,6.864,54.48,53.41,54.22,53.4,53.78,54.12,54.37,3.9955629914087623,0.008486911751365428,54.35643421651472
2017-02-21,6.881,56.34,54.02,54.42,54.06,54.33,54.61,54.81,4.009186042726218,0.01739405703794633,55.10200163021689
2017-02-22,6.8765,54.9,53.61,54.27,53.59,53.93,54.17,54.37,3.9973202915040966,0.010373228897197507,54.45203876188072
2017-02-23,6.8622,55.82,54.48,54.41,54.45,54.76,54.96,55.13,4.01190879710456,0.010569773471676876,55.252235278260756
2017-02-24,6.8645,54.69,53.99,54.38,53.99,54.32,54.56,54.76,4.002069622496523,0.00556451369810453,54.7112646045766
2017-02-27,6.8675,54.65,54.04,54.43,54.05,54.42,54.69,54.9,4.0040527456167805,0.004727241717528405,54.81987143311492
2017-02-28,6.8665,53.36,54.0,54.44,54.01,54.43,54.75,55.0,4.000081816001375,-0.00493211518043939,54.60261721820353
2017-03-01,6.8794,55.72,53.82,54.95,53.83,54.28,54.61,54.87,4.0078903893264375,0.014336632277129393,55.03065476485527
2017-03-02,6.8868,54.16,52.63,53.86,52.61,53.07,53.41,53.69,3.9843733731312727,0.01234563782144225,53.751596727854334
2017-03-03,6.8954,54.12,53.33,54.35,53.33,53.78,54.12,54.39,3.9943061247228338,0.006385843970305582,54.28815834100684
2017-03-06,6.8955,54.73,53.19,54.32,53.2,53.71,54.11,54.42,3.997230294925407,0.01195752965235914,54.447138485196845
2017-03-07,6.9,54.61,52.68,54.31,53.14,53.64,54.02,54.32,3.9952871471312275,0.01160282718675486,54.34144237299108
2017-03-08,6.9113,53.3,49.83,52.25,50.28,50.83,51.24,51.57,3.9494989880039246,0.02447455542035564,51.909353110164815
2017-03-09,6.9086,50.65,48.75,51.81,49.28,49.83,50.25,50.59,3.9229783945129144,0.011859751277044051,50.55078095532973
2017-03-10,6.905,50.63,48.05,51.37,48.49,49.03,49.45,49.77,3.9105027705892574,0.018234584400719685,49.92404600663719
2017-03-13,6.905,50.1,47.95,51.35,48.4,48.94,49.37,49.7,3.906872718055847,0.01474747313701916,49.74314763090196
2017-03-14,6.913,49.6,47.24,50.96,47.72,48.35,48.83,49.19,3.896856378646171,0.01639825109894419,49.24739036227422
2017-03-15,6.9132,50.63,48.34,51.38,48.86,49.38,49.78,50.09,3.9153004459154026,0.015181793537223185,50.16414085838212
2017-03-16,6.913,50.56,48.3,51.4,48.75,49.24,49.63,49.94,3.912574042184215,0.015498372203830362,50.02755943023562
2017-03-17,6.9,50.58,48.34,51.38,48.78,49.31,49.73,50.04,3.9145081551691003,0.015416781669431884,50.124412014259825
2017-03-20,6.905,50.67,47.79,51.32,48.22,48.91,49.44,49.81,3.911631237801901,0.020960904402354746,49.98041545523355
2017-03-21,6.883,50.14,47.02,51.09,47.34,48.24,48.82,49.22,3.900739135836856,0.024343417217252625,49.43897772423508
2017-03-22,6.8785,49.56,47.29,51.04,48.04,48.58,48.96,49.23,3.897705217695804,0.013451299682975797,49.289211217382594
2017-03-23,6.8843,50.17,47.0,50.96,47.7,48.26,48.63,48.89,3.895333481041516,0.02132220418602382,49.17244870817259
2017-03-24,6.8803,49.97,47.3,51.02,47.97,48.51,48.87,49.13,3.898018596664098,0.01744595440190458,49.304659840052224
2017-03-27,6.8687,50.12,47.02,51.01,47.73,48.3,48.69,48.97,3.8961657511723136,0.02071322076274159,49.21339050344396
2017-03-28,6.8779,50.72,48.36,51.08,48.37,48.9,49.27,49.53,3.9075854114211452,0.020185929400767792,49.77861187825333
2017-03-29,6.8879,51.36,49.47,51.2,49.51,50.0,50.35,50.59,3.9268354561292242,0.01569301104163648,50.74613493620883
2017-03-30,6.887,52.25,50.3,51.23,50.35,50.78,51.1,51.34,3.9417477829328407,0.015746773000168773,51.508548435447025
2017-03-31,6.8832,52.2,50.54,51.2,50.6,51.07,51.42,51.66,3.9467061077730676,0.013268746380597489,51.764578766873
2017-04-03,6.8832,52.04,50.25,51.35,50.24,50.71,51.08,51.35,3.941062253305138,0.01491500916207649,51.473249899892906
2017-04-04,6.8832,53.08,50.99,52.19,51.03,51.51,51.88,52.16,3.957430528061762,0.016714621182808635,52.32271134041013
2017-04-05,6.892,53.41,51.14,52.5,51.15,51.6,51.95,52.22,3.959666282581178,0.018332703473287394,52.43982294637589
2017-04-06,6.8955,53.62,51.69,52.92,51.7,52.13,52.47,52.72,3.968081349563089,0.015547726479203917,52.88296950793364
2017-04-07,6.8978,54.24,52.25,53.25,52.24,52.64,52.95,53.16,3.9774430462411035,0.015960034190062165,53.38036844416259
2017-04-10,6.8988,54.79,53.06,53.83,53.08,53.48,53.8,54.01,3.9920408869926356,0.013528838659372528,54.16532193578558
2017-04-11,6.8893,54.73,53.38,54.08,53.4,53.79,54.11,54.31,3.9962787818605983,0.01051483482391684,54.395355961367606
2017-04-12,6.889,54.75,53.12,53.71,53.11,53.52,53.85,54.09,3.992817390112084,0.012870642265352714,54.207397811144716
2017-04-13,6.8865,55.05,53.19,53.73,53.18,53.6,53.93,54.18,3.9951706247576078,0.01464371192141955,54.335110748035014
2017-04-17,6.88,54.79,52.62,53.43,52.65,53.11,53.47,53.74,3.987793608474413,0.016862562855419178,53.93575459082565
2017-04-18,6.8778,52.6,52.46,53.19,52.41,52.85,53.2,53.46,3.9747371590417564,0.0018133180067698186,53.23612243322238
2017-04-19,6.886,52.43,50.49,52.49,50.44,50.85,51.2,51.48,3.94443992286906,0.01615891836850217,51.64740348048881
2017-04-20,6.88,50.66,50.26,52.57,50.27,50.71,51.07,51.36,3.934839192788142,0.00354106862110057,51.1539233754347
2017-04-21,6.8845,49.93,49.64,52.32,49.62,49.97,50.28,50.55,3.9191030777111817,0.0027034047161680727,50.35525976253063
2017-04-24,6.884,49.45,48.9,52.31,49.23,49.58,49.89,50.17,3.9109252462829733,0.001968880625060511,49.94514215859889
2017-04-25,6.8824,49.37,49.22,52.37,49.56,49.9,50.17,50.42,3.914642038210924,-0.001486710698665258,50.13112327226171
2017-04-26,6.8918,49.99,49.22,52.35,49.62,49.96,50.21,50.45,3.9179621886911695,0.003145257393018501,50.297842759010095
2017-04-27,6.8958,49.46,48.96,52.31,48.97,49.31,49.56,49.8,3.9055163423578714,0.004265689380376274,49.67572297123657
2017-04-28,6.89,49.46,49.31,52.29,49.33,49.62,49.85,50.08,3.9096503201679567,0.0012514055985727284,49.88150636662885
2017-05-01,6.89,50.41,48.83,50.69,48.84,49.16,49.4,49.63,3.9070008375938516,0.013249343608595447,49.749521108270095
2017-05-02,6.8949,49.31,47.65,49.3,47.66,47.99,48.24,48.48,3.8837047953555683,0.01441883382461235,48.60394961270662
2017-05-03,6.8968,48.82,47.79,49.74,47.82,48.18,48.45,48.69,3.885006674418789,0.008922208729780678,48.66726728412958
2017-05-04,6.8959,47.53,45.55,47.67,45.52,45.9,46.19,46.47,3.8424530360917157,0.018148112231453135,46.639743203174646
2017-05-05,6.9021,47.45,46.23,48.34,46.22,46.6,46.91,47.2,3.8538776324381585,0.01131903768797106,47.17563880965883
2017-05-08,6.904,46.61,46.46,48.54,46.43,46.84,47.19,47.5,3.855003091139515,0.0018652966337829417,47.22876293174443
2017-05-09,6.906,47.06,45.84,48.1,45.88,46.27,46.62,46.92,3.847737082584167,0.010657688102237122,46.88684204058879
2017-05-10,6.9011,48.09,47.28,49.16,47.33,47.7,48.02,48.29,3.8749881129537016,0.006905444138636999,48.182125544537584
2017-05-11,6.9033,49.18,47.81,49.48,47.83,48.2,48.51,48.77,3.887851796287853,0.011775890986666336,48.80592875143831
2017-05-12,6.8972,49.08,47.83,49.5,47.84,48.17,48.44,48.67,3.8859092256265533,0.010906252613287558,48.71121181310621
2017-05-15,6.89,51.29,48.86,50.04,48.85,49.16,49.4,49.61,3.910532651264207,0.020557272207081027,49.925537793115765
2017-05-16,6.884,51.21,48.64,50.04,48.66,49.0,49.29,49.55,3.908823531805912,0.02166012008571468,49.84028196196102
2017-05-17,6.8773,51.76,49.04,50.35,49.07,49.41,49.7,49.97,3.917562235864808,0.02264480985805316,50.277730016980854
2017-05-18,6.888,51.71,49.36,50.47,49.35,49.66,49.91,50.14,3.920307862565387,0.019881340607355226,50.415963576997555
2017-05-19,6.883,52.78,50.32,50.87,50.33,50.67,50.92,51.13,3.9404596711696582,0.020188032237991645,51.44224238227449
2017-05-22,6.8828,53.35,50.81,50.93,50.73,51.13,51.4,51.63,3.950489766087727,0.02134958542309786,51.960809246167365
2017-05-23,6.888,53.19,51.12,51.05,51.47,51.72,51.92,52.08,3.9566700025136194,0.014077950026756656,52.2829337095572
2017-05-24,6.8883,53.29,50.99,50.98,51.36,51.59,51.76,51.89,3.9545777121190637,0.015618352683256464,52.173656988739026
2017-05-25,6.8672,52.25,48.57,50.5,48.9,49.14,49.33,49.48,3.913168883119526,0.027854089111899207,50.05732672300284
2017-05-26,6.8525,50.84,49.58,50.59,49.8,50.05,50.23,50.36,3.920839656591126,0.009130941509216995,50.442781615433965
2017-05-30,6.8525,50.65,49.63,50.58,49.66,49.91,50.1,50.23,3.918294876414779,0.008415787654842665,50.31457901763958
2017-05-31,6.8098,49.4,48.29,50.54,48.32,48.56,48.74,48.87,3.8914401740559525,0.009379292143388562,48.98137746098273
2017-06-01,6.8029,50.41,48.32,49.47,48.36,48.6,48.79,48.94,3.896587734791248,0.017499245172148695,49.23416213040357
2017-06-02,6.8085,48.46,47.68,48.76,47.66,47.87,48.05,48.2,3.875826916795221,0.007249495508575177,48.22255785155349
2017-06-05,6.803,48.25,47.4,48.25,47.4,47.58,47.75,47.89,3.869864371932512,0.007560818141959726,47.93588418857386
2017-06-06,6.7945,48.11,48.13,48.76,48.19,48.34,48.49,48.61,3.880876680600672,-0.0005067927041927517,48.466686255412405
2017-06-07,6.7935,47.08,45.8,47.18,45.72,45.98,46.22,46.43,3.840096110084686,0.012195882494064543,46.52994622196592
2017-06-08,6.799,46.3,45.68,47.12,45.64,45.89,46.13,46.35,3.83458136056926,0.006231528489970369,46.27405146984777
2017-06-09,6.797,46.64,45.82,47.38,45.83,46.07,46.32,46.53,3.8394139713188657,0.007461779750551702,46.49821716491662
2017-06-12,6.7974,47.18,46.1,47.48,46.08,46.32,46.56,46.75,3.845888132152582,0.010010115730298138,46.800230688484874
2017-06-13,6.7981,46.95,46.41,47.68,46.46,46.67,46.89,47.07,3.8500356080245024,0.004594160011076443,46.99473659151862
2017-06-14,6.7888,45.47,44.79,46.69,44.73,44.93,45.14,45.34,3.8135573613601776,0.006926502084179008,45.311341317335234
2017-06-15,6.8061,45.61,44.47,46.59,44.46,44.68,44.91,45.14,3.8103294303236206,0.010812065035887468,45.16531524023586
2017-06-16,6.8097,45.7,44.73,46.73,44.74,44.97,45.2,45.41,3.8157246750712313,0.009093818795471886,45.4096517048816
2017-06-19,6.818,45.93,44.24,46.55,44.2,44.43,44.69,44.92,3.808246510884447,0.016199095545411366,45.071337435221345
2017-06-20,6.8285,43.98,43.34,46.31,43.23,43.51,43.77,44.02,3.782794179170569,0.007486443786281551,43.93864281164815
2017-06-21,6.8275,44.62,42.48,45.99,42.53,42.75,42.96,43.22,3.77098629688012,0.020176454233477283,43.422871565060234
2017-06-22,6.8275,44.46,42.53,46.1,42.74,42.97,43.19,43.45,3.7742409348325077,0.016862662171559125,43.564427522598834
2017-06-23,6.8345,44.14,42.86,46.19,43.01,43.27,43.51,43.79,3.778670099630578,0.011174592635434626,43.757809495604576
2017-06-26,6.8382,44.09,43.24,46.25,43.38,43.61,43.84,44.11,3.784133371156927,0.007036236213941808,43.99752450814096
2017-06-27,6.81,46.17,44.25,46.39,44.24,44.49,44.73,45.01,3.8100124162106064,0.017996587299138223,45.150999467156915
2017-06-28,6.7984,46.45,44.74,46.45,44.74,44.99,45.23,45.51,3.8199010715475796,0.015991294123513425,45.59969699024886
2017-06-29,6.784,47.02,44.88,46.47,44.93,45.2,45.44,45.72,3.8263164780674797,0.019262782323194703,45.89317797696689
2017-06-30,6.7793,47.08,46.02,46.47,46.04,46.29,46.51,46.77,3.844363806461607,0.00968470020762045,46.72894623866482
2017-07-03,6.7984,49.13,46.02,48.54,47.07,47.29,47.49,47.74,3.8698522735792746,0.018084253937741955,47.93530424682237
2017-07-05,6.7995,47.58,45.11,46.8,45.13,45.34,45.55,45.81,3.830514700284881,0.022321796030974537,46.086252738173414
2017-07-06,6.799,48.53,45.52,47.01,45.52,45.7,45.89,46.13,3.8401742995336807,0.02710330850246331,46.533584515058976
2017-07-07,6.8039,46.47,44.25,45.88,44.23,44.39,44.56,44.8,3.8076538319664186,0.021043860890438932,45.04463251821851
2017-07-10,6.8026,46.57,44.4,46.03,44.4,44.6,44.79,45.04,3.8123588355096008,0.020286552077412208,45.257067034504516
2017-07-11,6.801,46.68,45.06,46.43,45.04,45.23,45.4,45.65,3.823230511751026,0.015301726462103904,45.75177147564501
2017-07-12,6.7865,46.73,45.48,46.58,45.49,45.66,45.81,46.01,3.8303043712931837,0.011515099688711835,46.0765604824208
2017-07-13,6.7825,47.65,46.06,46.95,46.08,46.25,46.4,46.59,3.8445618395870875,0.01420812712705977,46.73820103428668
2017-07-14,6.7741,47.89,46.53,47.23,46.54,46.75,46.92,47.12,3.854600258896847,0.012200408678925686,47.20974149473549
2017-07-17,6.769,47.66,46.02,46.98,46.02,46.23,46.41,46.64,3.845204011173368,0.01481864067899902,46.76822461809921
2017-07-18,6.7451,47.92,46.4,47.14,46.4,46.59,46.76,46.99,3.85200875606924,0.013721908622922621,47.08755570695072
2017-07-19,6.7511,48.34,47.1,47.46,47.12,47.32,47.5,47.73,3.8662061817422164,0.010928078362082616,47.76084596403197
2017-07-20,6.757,48.54,46.73,47.32,46.79,46.92,47.1,47.34,3.8603303015698356,0.0155028337713374,47.48103183842275
2017-07-21,6.7663,47.47,45.78,47.0,45.77,45.95,46.19,46.45,3.840784837656111,0.015469518575690334,46.56200371699905
2017-07-24,6.7488,47.81,46.21,47.11,46.34,46.51,46.72,46.95,3.850905034141969,0.013319163205637148,47.03561280974573
2017-07-25,6.7495,49.19,47.77,47.41,47.89,48.02,48.19,48.37,3.880796901107774,0.011437374389246472,48.46281976199599
2017-07-26,6.753,50.08,48.58,47.52,48.75,48.85,48.99,49.11,3.897315649471691,0.011432032815849452,49.27001344656425
2017-07-27,6.741,50.67,49.05,47.56,49.04,49.17,49.32,49.44,3.9053236641468985,0.013822904254937764,49.66615246384941
2017-07-28,6.7362,52.0,49.72,47.56,49.71,49.81,49.93,50.0,3.9202476347131308,0.018999706568148915,50.41292722322934
2017-07-31,6.724,51.99,50.21,47.57,50.17,50.26,50.37,50.46,3.9269154840861304,0.01515407586672337,50.75019620821415
2017-08-01,6.717,50.77,49.19,50.42,49.16,49.29,49.43,49.57,3.907609944774513,0.013701065295578052,49.779833129509335
2017-08-02,6.72,52.09,49.6,51.03,49.59,49.73,49.87,49.99,3.920107594032858,0.02078119413731828,50.40586785691722
2017-08-03,6.715,52.88,49.03,50.64,49.03,49.19,49.34,49.48,3.9152436840891065,0.031875100399897625,50.161293530942935
2017-08-04,6.7272,52.48,49.57,51.1,49.58,49.73,49.88,50.02,3.9218229508792057,0.024271239723955673,50.492406108213075
2017-08-07,6.7207,51.42,49.37,51.0,49.39,49.57,49.75,49.92,3.915701584466837,0.017229903498297595,50.18426766572929
2017-08-08,6.7049,52.18,49.07,50.8,49.17,49.35,49.52,49.68,3.9153452429641034,0.025085603594925173,50.16638811417802
2017-08-09,6.672,52.16,49.59,50.66,49.56,49.72,49.87,50.01,3.920430658272078,0.021768950002009915,50.42215482099481
2017-08-10,6.646,52.59,48.54,50.59,48.59,48.75,48.88,49.0,3.9066826136351285,0.03335118796055801,49.7336921374309
2017-08-11,6.6612,51.47,48.81,50.63,48.82,48.97,49.11,49.23,3.9054026856714175,0.022632460403927523,49.67007731400587
2017-08-14,6.6695,51.29,47.59,49.85,47.59,47.73,47.88,48.03,3.8851131756755866,0.03159841187096911,48.67245068527471
2017-08-15,6.6845,49.9,47.57,49.9,47.55,47.7,47.84,47.96,3.878243825173623,0.02068213296690241,48.33924831392756
2017-08-16,6.69,50.39,46.8,49.57,46.78,46.94,47.1,47.25,3.868569725610589,0.031365490287581774,47.87386432797586
2017-08-17,6.673,50.37,47.07,49.84,47.09,47.24,47.4,47.53,3.8731903882651504,0.028649656637372456,48.0955851590999
2017-08-18,6.67,50.96,48.59,50.45,48.51,48.66,48.82,48.93,3.898639562889847,0.021096304493576943,49.335285876467935
2017-08-21,6.663,51.94,47.39,50.09,47.37,47.53,47.68,47.79,3.8847172438497766,0.03876108204374259,48.65318352750042
2017-08-22,6.66,52.29,47.65,50.14,47.64,47.83,48.02,48.18,3.891778641181325,0.03951168035096841,48.99795885297847
2017-08-23,6.6569,52.31,48.45,50.36,48.41,48.62,48.8,48.97,3.9043966299526405,0.033005979375019485,49.62013157698191
2017-08-24,6.66,51.73,47.24,50.21,47.43,47.7,47.92,48.11,3.8884571268151267,0.03674414016449596,48.83548141368541
2017-08-25,6.6465,51.87,47.65,50.3,47.87,48.12,48.34,48.53,3.895603994314877,0.03411245959255115,49.1857523075508
2017-08-28,6.6084,51.87,46.4,50.24,46.57,46.96,47.27,47.52,3.879454908843242,0.0455179967331866,48.397826652637065
2017-08-29,6.5945,51.64,46.46,50.25,46.44,47.0,47.45,47.79,3.8827002650639506,0.04504750817918301,48.55514998748284
2017-08-30,6.5918,51.91,45.96,50.22,45.96,46.51,46.94,47.25,3.875387245712095,0.051531184248164864,48.20136044759604
2017-08-31,6.5888,52.69,47.26,50.22,47.23,47.96,48.56,49.0,3.9063489380785024,0.046523171525374496,49.717099988375104
2017-09-01,6.5552,53.15,47.32,51.49,47.29,47.99,48.54,48.99,3.9077952912392018,0.04951102377840235,49.78906050069658
2017-09-05,6.5345,53.63,48.63,52.02,48.66,49.14,49.53,49.86,3.9235415571076504,0.041425121617337766,50.579257281946845
2017-09-06,6.5221,54.48,49.13,52.76,49.16,49.62,50.0,50.31,3.9343094153753926,0.04357635973059713,51.12683035952448
2017-09-07,6.483,54.16,49.1,52.78,49.09,49.53,49.91,50.23,3.9315564990332033,0.04173727705932228,50.986276028627124
2017-09-08,6.4773,54.55,47.44,52.24,47.48,48.06,48.56,48.95,3.913190108476083,0.05857025484990239,50.0583892188867
2017-09-11,6.5254,54.2,48.06,52.35,48.07,48.62,49.07,49.42,3.919191104691326,0.051059482507519474,50.35969257908276
2017-09-12,6.5334,55.06,48.21,52.58,48.23,48.75,49.17,49.48,3.9240466328311787,0.05610355186180468,50.6048100894222
2017-09-13,6.54,55.52,49.3,53.06,49.3,49.75,50.1,50.35,3.939652053470977,0.05052368233411034,51.40071348885865
2017-09-14,6.552,56.76,49.86,53.22,49.89,50.35,50.66,50.89,3.953070793121762,0.054662890393647384,52.09509472221656
2017-09-15,6.55,56.18,49.9,53.28,49.89,50.44,50.81,51.09,3.9537697660023166,0.05043900823497321,52.13152050947301
2017-09-18,6.5725,55.5,49.88,53.25,49.91,50.35,50.66,50.9,3.9481079756814816,0.045124081568769916,51.83719675716132
2017-09-19,6.58,56.58,49.54,53.09,49.48,49.9,50.24,50.5,3.946001485375381,0.056668250690120985,51.72811713261771
2017-09-20,6.57,57.2,50.29,53.51,50.41,50.69,51.04,51.29,3.959887709554781,0.05366152762998157,52.45143582332183
2017-09-21,6.5861,57.73,50.58,53.52,50.55,50.93,51.21,51.39,3.9646789793871235,0.05628340107866983,52.70334781268966
2017-09-22,6.5899,58.16,50.33,53.6,50.66,51.03,51.31,51.47,3.967754443481755,0.058509834892027754,52.86568456903226
2017-09-25,6.6189,59.42,51.85,53.92,52.22,52.52,52.74,52.84,3.993122676819788,0.05485514326213618,54.22394913547678
2017-09-26,6.6371,59.77,51.59,53.77,51.88,52.19,52.42,52.54,3.9899312209050537,0.059922848396514496,54.05117164481088
2017-09-27,6.64,58.74,52.14,53.67,52.14,52.43,52.63,52.72,3.9889105720056732,0.050688997932562374,53.99603251959176
2017-09-28,6.6591,58.8,51.62,53.63,51.56,51.87,52.09,52.2,3.9814385688372393,0.055614171633062134,53.59407756798004
2017-09-29,6.6533,57.02,51.67,53.67,51.67,51.95,52.14,52.22,3.9750808680280563,0.042014603864356063,53.254423311806484
2017-10-02,6.6533,55.67,50.59,54.72,50.58,50.9,51.14,51.27,3.955413299599538,0.04070064445528248,52.217270862395154
2017-10-03,6.6533,56.12,50.44,54.42,50.42,50.74,50.99,51.13,3.9548929165236086,0.04537173203059253,52.1901049473214
2017-10-04,6.6533,56.0,50.0,54.29,49.98,50.32,50.6,50.79,3.948669435277313,0.04820504297510016,51.86630942072901
2017-10-05,6.6533,57.09,50.79,55.22,50.79,51.15,51.44,51.64,3.965724918693147,0.04961646219917682,52.75850115422177
2017-10-06,6.6533,55.5,49.34,53.95,49.29,49.65,49.92,50.12,3.9362835743795053,0.05030643536497905,51.22786254601806
2017-10-10,6.5712,56.62,50.93,54.61,50.92,51.23,51.43,51.58,3.9630599934505315,0.04515007776646175,52.61809086728975
2017-10-11,6.587,56.13,51.3,54.83,51.3,51.6,51.8,51.95,3.966809450833415,0.0383160916483384,52.81575048315307
2017-10-12,6.5855,56.13,50.61,54.54,50.6,50.93,51.15,51.33,3.957359593643044,0.04390888090835558,52.31899999092822
2017-10-13,6.5785,56.86,51.43,55.04,51.45,51.73,51.94,52.1,3.971693877249511,0.0424733935347085,53.074356186119495
2017-10-16,6.5885,57.49,51.86,55.34,51.87,52.14,52.34,52.49,3.9800345263731676,0.04364201618268249,53.51888200848413
2017-10-17,6.622,57.63,51.87,55.37,51.88,52.11,52.28,52.39,3.979392542054468,0.04458404579892791,53.484534751860075
2017-10-18,6.625,58.05,52.05,55.48,52.04,52.26,52.45,52.56,3.9835276879861476,0.046346128412802536,53.70615901668154
2017-10-19,6.6126,57.82,51.29,55.13,51.29,51.51,51.73,51.87,3.9720890508978313,0.050752220618428864,53.09533391773619
2017-10-20,6.6185,57.89,51.63,55.27,51.47,51.84,52.04,52.17,3.977439001607659,0.049892917228159625,53.38015254057572
2017-10-23,6.638,57.69,51.91,55.14,51.9,52.08,52.19,52.26,3.97772932482602,0.044961926751566364,53.39565228811733
2017-10-24,6.6335,57.84,52.32,55.39,52.47,52.67,52.79,52.87,3.9873361613815548,0.04141855885662803,53.911087479066396
2017-10-25,6.635,58.45,51.97,55.34,52.18,52.43,52.59,52.71,3.9871672026246996,0.048022926249019784,53.90197949820345
2017-10-26,6.6392,58.75,52.41,55.45,52.64,52.86,53.0,53.1,3.9940113464133535,0.04661636527212043,54.272157727898986
2017-10-27,6.6498,60.15,53.92,55.55,53.9,54.09,54.18,54.21,4.015914555919378,0.04655257821115704,55.474006290812575
2017-10-30,6.6498,60.65,54.11,55.54,54.15,54.37,54.48,54.53,4.022294650709586,0.04804611033475005,55.82906716594712
2017-10-31,6.6328,61.35,54.36,55.55,54.38,54.59,54.69,54.72,4.027712118392181,0.05108008133456409,56.13234007693693
2017-11-01,6.6018,60.98,54.32,58.73,54.3,54.51,54.62,54.66,4.0255129729419465,0.0492644400893357,56.00903253195441
2017-11-02,6.6068,60.79,54.55,58.87,54.54,54.77,54.89,54.93,4.028777670573599,0.04610373949901858,56.19218389204567
2017-11-03,6.636,61.42,55.63,60.15,55.64,55.86,55.98,56.02,4.046297441554603,0.04204970268939651,57.185332550122496
2017-11-06,6.6311,64.27,57.34,61.83,57.35,57.57,57.7,57.72,4.079860728634442,0.04828081666209648,59.137233153111005
2017-11-07,6.638,64.36,57.19,61.2,57.2,57.43,57.59,57.63,4.078884596159554,0.050006675378179245,59.0795355441915
2017-11-08,6.6249,63.96,56.82,61.14,56.81,57.05,57.22,57.32,4.072603517883825,0.050285538397663206,58.70961532205208
2017-11-09,6.6378,64.49,57.16,61.56,57.17,57.39,57.56,57.65,4.078903023905455,0.05111317423340343,59.080624256891674
2017-11-13,6.6385,62.94,56.77,61.18,56.76,56.97,57.13,57.27,4.067704416067494,0.04397282591345761,58.42269434041329
2017-11-14,6.635,60.91,55.67,60.69,55.7,55.89,56.03,56.16,4.045330170508574,0.03804661022077349,57.130045576744145
2017-11-15,6.62,61.25,55.28,60.49,55.33,55.52,55.66,55.79,4.041407011965477,0.04306525289324249,56.906354425203986
2017-11-16,6.6273,61.18,55.14,60.22,55.14,55.35,55.49,55.6,4.0387827738340265,0.0441072423101903,56.75721437509205
2017-11-17,6.6245,61.34,56.21,60.82,56.55,56.71,56.81,56.87,4.057174375265248,0.03471670718729176,57.810728651709624
2017-11-20,6.6245,61.34,56.21,60.55,56.09,56.42,56.53,56.6,4.054222020330275,0.037931964692896586,57.64030256462178
2017-11-21,6.6265,62.28,56.84,60.63,56.83,56.92,56.96,56.92,4.062145660228327,0.038869459765919906,58.098837800747965
2017-11-22,6.6086,62.92,57.88,60.78,58.02,58.02,57.94,57.78,4.076802147076385,0.03451155034451157,58.95663343267286
2017-11-27,6.5967,63.25,58.1,60.88,58.11,58.16,58.08,57.92,4.080117008892481,0.03595518035404092,59.15239080070317
2017-11-28,6.6044,63.56,57.96,60.8,57.99,58.05,58.0,57.88,4.080278837678134,0.03887104637095311,59.16196413487453
2017-11-29,6.6091,63.74,57.25,60.8,57.3,57.36,57.31,57.2,4.071597471369198,0.045079424083452585,58.65058041909066
2017-11-30,6.609,63.53,57.4,60.82,57.4,57.45,57.4,57.28,4.071945059734801,0.043095620294916225,58.67097022190403
2017-12-01,6.6137,64.57,58.35,61.23,58.36,58.38,58.31,58.17,4.087544847250328,0.042929098428295474,59.59340104681712
2017-12-04,6.6185,63.45,57.48,60.02,57.47,57.49,57.42,57.31,4.071814567083195,0.04199417918448072,58.663314590940175
2017-12-05,6.617,63.45,57.66,60.55,57.62,57.67,57.65,57.58,4.075193224614087,0.04092193923426484,58.86185304843213
2017-12-06,6.6136,62.25,55.79,59.34,55.96,56.03,56.05,56.07,4.049444140751479,0.04509217840414387,57.365561003782055
2017-12-07,6.6173,62.37,56.5,60.22,56.69,56.75,56.76,56.76,4.059416858402518,0.04061769699366604,57.94051370186975
2017-12-08,6.6199,63.86,57.15,60.84,57.36,57.44,57.46,57.46,4.074317107470633,0.04548401691787851,58.810305753912374
2017-12-11,6.6175,65.62,57.84,61.62,57.99,58.05,58.04,58.01,4.087895001750769,0.05233806586615759,59.61427159813574
2017-12-12,6.621,64.96,57.12,60.56,57.14,57.16,57.13,57.08,4.073138703523784,0.05435456122152827,58.74104427451184
2017-12-13,6.6171,63.66,56.59,60.12,56.6,56.59,56.5,56.4,4.059654292512519,0.04993134860942197,57.95427238949982
2017-12-14,6.6091,63.72,57.0,60.65,57.04,57.08,57.01,56.93,4.0671174900376945,0.04705223270487247,58.38841460119355
2017-12-15,6.6088,63.81,57.29,60.7,57.3,57.33,57.24,57.12,4.070482110240857,0.04569018334163371,58.58520030953086
2017-12-18,6.6088,64.45,57.17,60.8,57.16,57.22,57.23,57.2,4.073088455163612,0.05083965114433074,58.73809270751856
2017-12-19,6.6088,63.69,57.49,61.02,57.46,57.56,57.58,57.56,4.075356012595785,0.04380696109817006,58.87143583064862
2017-12-20,6.5771,64.43,58.09,61.28,58.09,58.13,58.11,58.04,4.0846939335027495,0.04396258977949219,59.42374734944485
2017-12-21,6.5833,64.64,58.34,61.3,58.36,58.4,58.39,58.3,4.089195457801958,0.043379559814035434,59.69184776964063
2017-12-22,6.575,64.61,58.25,61.15,58.47,58.54,58.54,58.48,4.091260361342125,0.0423848501639072,59.815233022901296
2017-12-26,6.5429,64.61,59.55,61.6,59.97,60.0,59.98,59.86,4.109878354525343,0.031830334411068584,60.93930412814959
2017-12-27,6.556,66.03,59.67,61.52,59.64,59.69,59.68,59.6,4.111078334543196,0.04297926367855598,61.0124739677979
2017-12-28,6.5322,66.8,59.84,61.56,59.84,59.87,59.84,59.73,4.1154253787622395,0.04660360938847401,61.27827519633035
2017-12-29,6.5063,66.73,60.46,61.6,60.42,60.44,60.4,60.27,4.122311355340478,0.04220898492281232,61.701692110480145
2018-01-02,6.491,66.65,60.37,64.02,60.37,60.38,60.33,60.2,4.1212163753156705,0.04200313130936305,61.63416696621122
2018-01-03,6.501,67.85,61.61,65.24,61.63,61.55,61.41,61.21,4.138265402943256,0.04085380825680462,62.69397828676613
2018-01-04,6.4915,68.73,61.98,65.31,62.01,61.9,61.73,61.52,4.144994226430489,0.04362289126001904,63.117257488819604
2018-01-05,6.4875,68.01,61.49,64.94,61.44,61.41,61.3,61.15,4.137752860209688,0.04311276008358261,62.66185317720579
2018-01-08,6.497,68.48,61.73,65.09,61.73,61.72,61.62,61.48,4.143395656806212,0.044025270476078356,63.01644076097881
2018-01-09,6.5263,69.08,62.92,65.81,62.96,62.87,62.7,62.49,4.1582743285572645,0.039465721794031676,63.961051548877066
2018-01-10,6.5055,69.79,63.6,66.01,63.57,63.42,63.21,62.98,4.166570505201604,0.039618192125205884,64.49389093961749
2018-01-11,6.4956,70.36,63.81,66.07,63.8,63.68,63.46,63.2,4.171511823042021,0.041497286974839225,64.81336441346491
2018-01-12,6.4607,69.64,64.22,66.36,64.3,64.23,64.03,63.77,4.176432511021132,0.03399365703572598,65.13307671375264
2018-01-15,6.4607,70.31,64.22,66.36,64.3,64.23,64.03,63.77,4.17863901428415,0.03784914859134352,65.27695173202743
2018-01-16,6.4395,69.4,63.82,66.05,63.73,63.67,63.49,63.27,4.16927632780568,0.03618566367652265,64.66863627587098
2018-01-17,6.433,69.19,63.92,66.13,63.97,63.92,63.74,63.52,4.171679990454683,0.033344196248902405,64.82426482578562
2018-01-18,6.4175,69.48,63.96,66.08,63.95,63.89,63.71,63.49,4.172239075111248,0.0351647591897991,64.86051721075464
2018-01-19,6.399,68.56,63.38,65.82,63.37,63.31,63.16,62.96,4.162665351145899,0.033429819793300314,64.24252349359789
2018-01-22,6.4035,69.32,63.66,65.97,63.49,63.57,63.43,63.23,4.168901607938755,0.03722252282817755,64.64440819274701
2018-01-23,6.4,69.81,64.45,66.21,64.47,64.31,64.09,63.79,4.177343878901015,0.03383873407572705,65.19246396549379
2018-01-24,6.365,69.91,65.69,66.31,65.61,65.36,65.03,64.61,4.18833652670566,0.027073301719597112,65.91305510746446
2018-01-25,6.3189,71.08,65.62,66.26,65.51,65.37,65.1,64.72,4.193509419151312,0.03449452899515649,66.25489965255284
2018-01-26,6.3199,70.08,66.27,66.32,66.14,65.97,65.67,65.26,4.196895893824072,0.024728399255176614,66.47965053396547
2018-01-29,6.3328,68.41,65.71,66.23,65.56,65.39,65.1,64.71,4.184985167480815,0.018175153529437424,65.6925265238514
2018-01-30,6.3199,67.78,64.64,66.2,64.5,64.35,64.11,63.77,4.171329783352031,0.021008531924083716,64.80156688254192
2018-01-31,6.2841,67.78,64.82,66.19,64.73,64.56,64.31,63.96,4.173561811681538,0.019592610646982398,64.94636735488267
2018-02-01,6.2969,68.6,65.92,66.73,65.8,65.55,65.21,64.8,4.186455956281985,0.017758622130124913,65.7892174447147
2018-02-02,6.2984,67.45,65.5,65.74,65.45,65.07,64.61,64.11,4.174746617915375,0.01287290140901734,65.02336181854317
2018-02-05,6.285,67.69,64.18,64.99,64.15,63.83,63.41,62.96,4.161290514644114,0.02262477556679749,64.15426121433636
2018-02-06,6.283,66.75,63.48,64.27,63.39,63.11,62.7,62.26,4.149459576582271,0.02193222861192226,63.39972834040037
2018-02-07,6.2649,65.74,61.91,63.14,61.79,61.55,61.19,60.81,4.12742598016372,0.026207789903086448,62.01808153347027
2018-02-08,6.3222,64.26,61.3,62.64,61.15,60.94,60.62,60.27,4.115263480287724,0.021149221084029696,61.26835514009777
2018-02-09,6.2966,63.04,59.2,61.22,59.2,58.99,58.67,58.32,4.08562232931454,0.02656120296989615,59.47894172475399
2018-02-12,6.325,62.2,59.41,61.16,59.29,59.08,58.73,58.35,4.083179514200143,0.020470236863328325,59.33382298820641
2018-02-13,6.338,61.94,59.33,61.29,59.19,59.03,58.75,58.41,4.083036442848978,0.01933038540507587,59.32533462521694
2018-02-14,6.3438,62.29,60.7,62.05,60.6,60.51,60.27,59.92,4.104534062141423,0.011873774958626222,60.61449537876294
2018-02-15,6.3438,62.86,61.48,62.28,61.34,61.17,60.78,60.28,4.112386955527512,0.010466415895771242,61.09236843592444
2018-02-16,6.3438,64.3,61.89,62.28,61.68,61.55,61.2,60.73,4.123049562906517,0.01756830832135463,61.74725758275247
2018-02-19,6.3438,64.95,61.89,62.28,61.68,61.55,61.2,60.73,4.125218821518237,0.021864732617740846,61.88134873962981
2018-02-20,6.3351,64.68,61.91,62.43,61.9,61.79,61.56,61.2,4.129341798909263,0.018719185921286047,62.137010823740475
2018-02-21,6.3351,64.81,61.73,62.47,61.68,61.52,61.2,60.78,4.12477375273152,0.02097867694245551,61.853813410838086
2018-02-22,6.3471,66.12,62.72,62.62,62.77,62.6,62.25,61.78,4.142192488209692,0.022072012459074242,62.940666951865445
2018-02-23,6.3329,67.04,63.52,62.75,63.55,63.41,63.1,62.67,4.156070155635053,0.022687045703627572,63.82022559037457
2018-02-26,6.3115,67.96,63.81,62.75,63.91,63.77,63.45,63.0,4.163364799493066,0.026006935241054727,64.28747353875816
2018-02-27,6.3169,67.59,62.94,62.72,63.01,62.9,62.63,62.22,4.152337306640556,0.02968113607912191,63.58243841337691
2018-02-28,6.328,66.08,61.43,62.72,61.64,61.47,61.14,60.67,4.128155749509187,0.029492559824332708,62.06335694653302
2018-03-01,6.3565,64.23,60.98,60.39,60.99,60.8,60.44,59.98,4.11264893637486,0.022069939653396133,61.108375563062616
2018-03-02,6.3428,64.26,61.19,60.91,61.25,61.09,60.78,60.36,4.117445493401766,0.020396450160578047,61.402189455504114
2018-03-05,6.3491,65.78,62.49,61.94,62.57,62.39,62.05,61.6,4.138526954319828,0.021242345277733093,62.710378127696806
2018-03-06,6.3093,65.67,62.54,62.21,62.6,62.45,62.16,61.73,4.139890929379953,0.020336725940489818,62.79597188007566
2018-03-07,6.3225,65.09,61.09,60.91,61.15,61.02,60.75,60.37,4.120261582104837,0.026358198618117175,61.57534716687755
2018-03-08,6.3389,63.87,60.13,60.44,60.12,60.06,59.91,59.64,4.10585602959605,0.025666264001753883,60.694678757163295
2018-03-09,6.3285,65.19,62.02,61.69,62.04,61.92,61.69,61.33,4.132536102283321,0.021130219337724715,62.33581263467563
2018-03-12,6.327,64.53,61.35,61.32,61.36,61.33,61.16,60.87,4.124293884662831,0.02136167404880278,61.82413886135937
2018-03-13,6.318,64.2,60.69,61.17,60.71,60.75,60.65,60.41,4.117148631416078,0.023671169963482334,61.383964184945626
2018-03-14,6.314,63.61,60.89,61.36,60.96,61.02,60.91,60.66,4.1184228269027825,0.01816622847166617,61.46222920694593
2018-03-15,6.3202,63.67,61.16,61.48,61.19,61.25,61.13,60.85,4.121449481164104,0.01689904774227396,61.64853592567356
2018-03-16,6.33,64.68,62.29,61.96,62.34,62.41,62.25,61.94,4.138910176047563,0.015688701408132256,62.734414712526444
2018-03-19,6.3291,64.82,62.01,61.86,62.06,62.13,61.96,61.61,4.135791590405714,0.01841865737630754,62.53907681485008
2018-03-20,6.3328,66.0,63.37,62.27,63.4,63.54,63.31,62.9,4.156459105022308,0.017101783414471144,63.845053256052104
2018-03-21,6.32,68.15,65.1,62.84,65.17,64.95,64.54,64.0,4.176680630469424,0.018950972513237022,65.14923950188054
2018-03-22,6.331,68.98,64.25,62.62,64.3,64.18,63.83,63.37,4.171356136471805,0.029589713940773414,64.8032746284976
2018-03-23,6.311,69.03,65.8,62.84,65.88,65.71,65.29,64.74,4.188524255235149,0.019979373560333424,65.92543002990054
2018-03-26,6.2685,68.81,65.49,62.77,65.55,65.41,65.03,64.49,4.185124210417558,0.020553969424255407,65.70166124070555
2018-03-27,6.2781,68.63,65.21,62.76,65.25,65.18,64.86,64.36,4.182938827506568,0.021386675260688277,65.55823473101063
2018-03-28,6.2946,68.13,64.3,62.68,64.38,64.35,64.06,63.59,4.171921838534869,0.02394273905411026,64.8399443457377
2018-03-29,6.2876,69.02,64.87,62.73,64.94,64.87,64.54,64.04,4.180224164985165,0.025803239688785062,65.38050759196378
2018-03-30,6.2726,69.02,64.87,62.73,64.94,64.87,64.54,64.04,4.1802336661921355,0.025823892918844394,65.3811287886493
2018-04-02,6.2785,69.02,63.05,64.62,63.01,62.99,62.72,62.26,4.158461831240813,0.038405636184609716,63.97304554210288
2018-04-03,6.2881,69.02,63.41,65.16,63.51,63.46,63.21,62.77,4.1642633279991745,0.03536418811928829,64.34526362545049
2018-04-04,6.3045,66.04,63.35,65.17,63.37,63.33,63.1,62.69,4.153380876074866,0.01783680549322865,63.64882573652982
2018-04-05,6.3045,66.54,63.53,65.46,63.54,63.54,63.34,62.98,4.158404035251158,0.019585726440895387,63.96934826346953
2018-04-06,6.3045,66.51,62.03,64.65,62.06,62.1,61.96,61.64,4.141554617582308,0.029218575075984958,62.90053175104262
2018-04-09,6.3035,68.19,63.4,65.83,63.42,63.43,63.26,62.91,4.162781721676405,0.03078981044059071,64.2499998651441
2018-04-10,6.2798,70.67,65.48,67.27,65.51,65.44,65.17,64.7,4.193166236528734,0.03219599441129695,66.23216602344782
2018-04-11,6.2655,72.74,66.81,67.78,66.82,66.74,66.44,65.91,4.214451115555599,0.035974677709730056,67.65701979169376
2018-04-12,6.2876,71.44,67.07,67.66,67.07,66.95,66.58,66.01,4.211790425187688,0.026942057168727204,67.47724467982313
2018-04-13,6.2725,73.18,67.35,67.8,67.39,67.33,67.0,66.45,4.222384716978912,0.034839618662036415,68.19591849736742
2018-04-16,6.2752,72.05,66.23,67.25,66.22,66.2,65.94,65.46,4.206899611778569,0.03575812407645526,67.14803178239154
2018-04-17,6.2804,71.71,66.5,67.38,66.52,66.51,66.24,65.75,4.209316660789395,0.03194412890559181,67.31052816794372
2018-04-18,6.2722,73.73,68.44,68.16,68.47,68.47,68.15,67.55,4.237392376599291,0.03143649222363308,69.22709807140687
2018-04-19,6.2765,74.85,68.3,68.18,68.29,68.33,68.08,67.53,4.240377679971887,0.03876812917937122,69.43407074515267
2018-04-20,6.2945,74.62,68.26,68.29,68.38,68.4,68.18,67.66,4.240809260523237,0.03705900072500719,69.46404360707423
2018-04-23,6.3158,74.54,67.61,68.41,68.64,68.47,68.02,67.43,4.237433007786795,0.035001480547956154,69.22991090775304
2018-04-24,6.3035,75.86,67.66,68.2,67.7,67.57,67.17,66.62,4.2318227154230215,0.04801999654660327,68.84259835148124
2018-04-25,6.3236,73.79,68.0,68.16,68.05,67.92,67.53,66.98,4.229758367067791,0.03457559173317744,68.70062983345987
2018-04-26,6.334,75.39,68.18,68.28,68.19,68.08,67.74,67.21,4.237256044374904,0.04243396277261192,69.21766083045358
2018-04-27,6.3325,75.33,68.11,68.28,68.1,67.98,67.63,67.1,4.235694881242329,0.042774867540361694,69.10968507605565
2018-04-30,6.3325,75.92,68.56,68.27,68.57,68.48,68.17,67.68,4.243807410075852,0.043170646266531665,69.6726197132782
2018-05-01,6.3325,74.85,67.28,70.55,67.25,67.13,66.82,66.35,4.2251482627402694,0.045370116490223565,68.38464169135464
2018-05-02,6.361,73.14,67.91,70.44,67.93,67.77,67.35,66.82,4.225617281351293,0.03161522443232548,68.41672288376613
2018-05-03,6.352,73.45,68.45,70.71,68.43,68.26,67.8,67.22,4.231711607802342,0.03009552653177737,68.83494983908886
2018-05-04,6.3589,74.75,69.71,71.78,69.72,69.58,69.16,68.62,4.251292262329874,0.029611824539221652,70.19606549139027
2018-05-07,6.364,74.75,70.74,72.83,70.73,70.62,70.26,69.76,4.263936183672056,0.02360553012363235,71.08925382412899
2018-05-08,6.369,74.16,68.83,71.73,69.06,68.97,68.66,68.19,4.2446216519963915,0.030116917442984732,69.72937318335421
2018-05-09,6.3585,77.6,71.16,73.37,71.14,71.05,70.75,70.27,4.277782877474826,0.03681243470517441,72.08045152312974
2018-05-10,6.344,77.59,71.36,73.68,71.36,71.31,71.07,70.63,4.281623559053543,0.03554788451216658,72.35782189015613
2018-05-11,6.3333,77.37,70.69,73.48,70.7,70.68,70.47,70.09,4.2746462224587995,0.03820295809743279,71.85471422838947
2018-05-14,6.336,78.17,71.01,74.02,70.96,70.99,70.81,70.45,4.280847023205525,0.0410217494699193,72.30165525809798
2018-05-15,6.376,78.94,71.34,74.04,71.31,71.37,71.15,70.72,4.286659299462808,0.04309858459044068,72.72311608920654
2018-05-16,6.3706,78.19,71.43,74.59,71.49,71.56,71.35,70.93,4.286812105145445,0.03810648133174779,72.73422944367428
2018-05-17,6.3645,80.09,71.47,74.67,71.49,71.57,71.33,70.86,4.2918556241909736,0.048025438577646885,73.10199254567182
2018-05-18,6.3768,78.38,71.23,74.45,71.28,71.37,71.11,70.62,4.284584825147774,0.040417611653962855,72.57241022453914
2018-05-21,6.3815,78.34,72.26,74.79,72.24,72.35,72.08,71.54,4.295063505200712,0.03452309034958878,73.33687156989531
2018-05-22,6.366,80.42,72.09,74.91,72.13,72.2,72.02,71.57,4.300452395792811,0.045960832632432905,73.73314271910581
2018-05-23,6.3875,78.69,71.85,74.98,71.84,71.71,71.32,70.82,4.286745878779993,0.038761560396756635,72.72941267951443
2018-05-24,6.3757,78.9,70.77,74.78,70.71,70.58,70.19,69.69,4.27495407931766,0.04636341523760698,71.87683860040124
2018-05-25,6.3903,76.6,67.92,74.45,67.88,67.78,67.45,67.06,4.237709043366169,0.051176240629182156,69.24902346407187
2018-05-29,6.4162,74.51,66.8,74.58,66.73,66.62,66.27,65.87,4.217639545012692,0.046893633607228064,67.87308369579134
2018-05-30,6.4175,75.89,68.24,74.44,68.21,68.08,67.66,67.18,4.237455247373327,0.04536235742307898,69.2314505694679
2018-05-31,6.4096,76.45,66.98,74.41,67.04,66.91,66.54,66.11,4.22636723709314,0.05557282923196552,68.46805164267417
2018-06-01,6.418,74.54,65.81,74.11,65.81,65.77,65.53,65.23,4.20952544237354,0.052922893968842304,67.32458283377088
2018-06-04,6.405,73.41,64.76,73.15,64.75,64.68,64.48,64.26,4.193637334726394,0.05328126230695738,66.26337522821143
2018-06-05,6.4042,72.91,65.51,73.38,65.52,65.46,65.23,64.95,4.200967871370435,0.04554473009196319,66.75090607666213
2018-06-06,6.385,73.23,64.75,73.42,64.73,64.7,64.52,64.27,4.193827460739742,0.05227771043820092,66.27597481729143
2018-06-07,6.389,75.23,65.96,74.88,65.95,65.89,65.63,65.3,4.212527563193654,0.055872611294300975,67.5270030585574
2018-06-08,6.4031,75.11,65.77,74.3,65.74,65.67,65.4,65.06,4.2093985604666955,0.056564497209762594,67.31604110423037
2018-06-11,6.4,74.58,66.1,74.37,66.1,66.03,65.74,65.36,4.211772141075677,0.05135877326597464,67.47601092960225
2018-06-12,6.3992,74.86,66.38,73.97,66.36,66.28,65.98,65.58,4.215410995179505,0.05119047051736179,67.72199356491778
2018-06-13,6.3944,75.07,66.63,74.46,66.64,66.52,66.22,65.84,4.218746184385551,0.05060246339470148,67.94823629831124
2018-06-14,6.398,74.77,66.91,73.94,66.89,66.69,66.27,65.79,4.217784123471945,0.047355070331068845,67.88289739106418
2018-06-15,6.4379,72.02,65.01,72.79,65.06,64.85,64.4,63.94,4.1871890378845205,0.043220051900578337,65.837463991836
2018-06-18,6.4379,74.87,65.91,73.49,65.85,65.69,65.28,64.81,4.206507263242603,0.05434447801022368,67.12169151804869
2018-06-19,6.4802,74.92,65.09,73.19,65.07,64.9,64.56,64.13,4.198182722393109,0.059740647979547465,66.56525351389955
2018-06-20,6.4713,74.25,65.92,73.02,66.22,65.71,65.24,64.72,4.2026749700775765,0.04880319947478627,66.86495377977306
2018-06-21,6.49,72.87,65.68,72.63,65.54,64.86,64.19,63.84,4.184896131078833,0.0450811769879747,65.686677758033
2018-06-22,6.5027,73.67,69.02,73.3,68.58,67.63,66.79,66.34,4.216809546249666,0.030726321096921187,67.8167724926283
2018-06-25,6.536,72.82,69.91,73.15,68.08,67.04,66.18,65.79,4.2070390187437905,0.028648240341469403,67.15739333824081
2018-06-26,6.5759,73.58,75.23,73.44,70.53,69.28,68.16,67.59,4.230843768013459,0.018239980130015702,68.77523804463597
2018-06-27,6.5992,76.09,77.41,73.58,72.76,71.26,69.96,69.22,4.257479097592587,0.019052707430838017,70.63170320448675
2018-06-28,6.6235,76.26,73.45,73.57,73.45,71.81,70.34,69.51,4.261364867033248,0.01603181316235287,70.90669565094919
2018-06-29,6.6171,77.44,74.13,73.59,74.15,72.46,70.92,70.16,4.270902416338767,0.018423657566880983,71.58620704254909
2018-07-02,6.6632,76.71,73.89,74.33,73.94,71.62,69.3,68.51,4.246570056099916,0.015681443578290235,69.86536662226565
2018-07-03,6.6368,75.87,74.19,74.88,74.14,71.59,68.84,68.06,4.236942409874692,0.009956007875172732,69.19595518799028
2018-07-04,6.6368,76.99,74.19,74.88,74.14,71.59,68.84,68.06,4.2401916213884965,0.015976560183568328,69.42115314206349
2018-07-05,6.6341,77.09,73.05,74.53,72.94,70.63,68.46,67.96,4.238512652286665,0.02340445542385354,69.30469496312384
2018-07-06,6.6396,74.98,73.78,74.25,73.8,71.57,69.14,68.5,4.239559269300974,0.007091544199075487,69.37726840771994
2018-07-09,6.6123,77.08,73.93,75.08,73.85,71.98,69.85,69.22,4.255813601243634,0.018056043922579333,70.51416426818388
2018-07-10,6.6296,77.8,74.11,75.73,74.11,72.56,70.62,69.88,4.267881166009091,0.02064563422095572,71.37025357992431
2018-07-11,6.6764,75.35,70.47,72.35,70.38,68.86,67.1,66.33,4.221247734014045,0.028795713185258587,68.11842496252517
2018-07-12,6.663,72.11,70.28,73.23,70.33,69.35,68.07,67.44,4.2257642906172395,0.010999748909277313,68.42678151531362
2018-07-13,6.69,74.11,71.03,73.82,71.01,69.95,68.55,68.01,4.236925351612017,0.018089553541719885,69.19477483527803
2018-07-16,6.6866,71.03,68.22,72.01,68.06,67.07,65.66,65.11,4.193995253822701,0.018147921639238417,66.28709640046839
2018-07-17,6.7018,70.87,68.03,72.37,68.08,67.16,65.84,65.27,4.195989921802324,0.01714932473751296,66.41944910508893
2018-07-18,6.7161,70.52,68.78,72.72,68.76,67.75,66.38,65.89,4.200902816893774,0.0109329366985518,66.74656377264537
2018-07-19,6.7701,71.94,69.42,72.44,69.46,68.24,66.53,65.99,4.205411649434355,0.014903767192328603,67.04819233669973
2018-07-20,6.7659,71.99,70.31,72.59,70.46,68.26,66.64,66.18,4.204060193197916,0.0092932698380147,66.9576408409983
2018-07-23,6.7927,73.45,67.9,72.67,67.89,66.75,66.43,66.14,4.21344421942779,0.03304894877178749,67.58893048562831
2018-07-24,6.7912,73.53,70.77,72.82,68.52,67.19,66.77,66.47,4.216512401597169,0.030046787650460625,67.79662409497502
2018-07-25,6.7658,73.67,71.13,73.01,69.3,68.01,67.59,67.26,4.226624264868466,0.026077384174690323,68.48565209547448
2018-07-26,6.7865,74.51,71.59,73.14,69.61,68.43,68.0,67.67,4.234236177018815,0.028866020730618766,69.00894797722772
2018-07-27,6.8097,74.84,68.66,73.14,68.69,67.73,67.36,67.04,4.2287157194199745,0.036284262525832785,68.62903661309775
2018-07-30,6.8102,74.99,71.19,73.15,70.13,68.95,68.51,68.14,4.2413257664166535,0.028614667870897094,69.49993146232433
2018-07-31,6.8038,74.16,69.88,73.12,68.76,67.63,67.27,66.97,4.225190524976951,0.03204144948912466,68.38753184033885
2018-08-01,6.8154,72.28,68.8,70.83,67.66,66.5,66.11,65.78,4.205632856127849,0.0281068492323075,67.06302548616678
2018-08-02,6.838,72.95,68.95,72.2,68.96,67.66,67.18,66.79,4.219445990502623,0.024004538082046042,67.9958035316963
2018-08-03,6.8309,72.48,68.49,71.89,68.49,67.35,66.93,66.59,4.215917730149583,0.024068713871390406,67.75631936360726
2018-08-06,6.85,72.51,69.01,72.35,69.01,67.94,67.48,67.1,4.222476173983474,0.021106062514878694,68.20215577701369
2018-08-07,6.828,72.31,69.17,72.91,69.17,68.33,67.96,67.62,4.228482150212967,0.01894308423350955,68.61300885530655
2018-08-08,6.8344,70.71,66.92,71.29,66.94,66.25,65.87,65.54,4.199707839463326,0.023197023956082856,66.66685077248079
2018-08-09,6.8199,70.55,66.81,71.14,66.81,66.14,65.78,65.48,4.198127556925567,0.023169980600929556,66.56158151185221
2018-08-10,6.8458,71.0,67.61,71.71,67.63,66.94,66.54,66.21,4.2082740173618856,0.020750606815304398,67.24038386225139
2018-08-13,6.888,70.62,67.25,71.52,67.2,66.57,66.21,65.88,4.203605513289866,0.02111398891167768,66.92720346717304
2018-08-14,6.8809,70.77,67.04,71.41,67.04,66.33,66.0,65.71,4.201421444619069,0.02299928803248083,66.78118936930716
2018-08-15,6.933,68.38,65.07,70.53,65.01,64.46,64.24,64.0,4.173694930064203,0.021509481636099982,64.95501348573158
2018-08-16,6.8792,69.21,65.44,70.88,65.46,64.88,64.66,64.42,4.181235973428433,0.023679813039938605,65.4466936197148
2018-08-17,6.874,70.14,65.93,71.07,65.91,65.21,64.94,64.66,4.1869629511689475,0.026417075414889166,65.82258069836129
2018-08-20,6.8546,71.11,66.5,71.18,66.43,65.42,65.1,64.8,4.190695636710424,0.028903994125058674,66.06873481579011
2018-08-21,6.8444,71.65,67.32,71.38,67.35,65.84,65.49,65.19,4.19527312936715,0.02636386528769053,66.37185720521657
2018-08-22,6.84,72.96,67.85,72.06,67.86,67.51,67.2,66.93,4.223298266658097,0.03074910791183434,68.25824732273682
2018-08-23,6.8748,73.73,69.13,72.07,67.83,67.53,67.24,66.98,4.2263484142616905,0.03534523522602892,68.46676289220738
2018-08-24,6.803,74.41,69.71,72.39,68.72,68.36,68.05,67.78,4.237378762779519,0.033821790592130675,69.2261556325855
2018-08-27,6.8145,74.41,69.97,72.45,68.87,68.54,68.25,67.99,4.239878453463912,0.03287542623216008,69.39941606746663
2018-08-28,6.8018,75.91,68.54,72.39,68.53,68.22,67.93,67.69,4.240701436065312,0.043229455342648666,69.45655408801095
2018-08-29,6.819,76.07,69.68,72.49,69.51,69.17,68.87,68.61,4.251597977881277,0.038372838613798546,70.21752880092488
2018-08-30,6.8415,77.05,70.25,72.51,70.25,69.81,69.46,69.17,4.2606612382173195,0.039201160608619494,70.85682120525318
2018-08-31,6.83,76.94,69.84,72.49,69.8,69.37,69.05,68.79,4.255899732283171,0.041282154129112875,70.52023798801852
2018-09-03,6.83,77.81,69.84,72.49,69.8,69.37,69.05,68.79,4.258329552740926,0.04600779909624878,70.69179785039135
2018-09-04,6.8427,77.51,69.82,76.4,69.87,69.56,69.29,69.04,4.26075131590547,0.044104991014965525,70.86320411137142
2018-09-05,6.827,76.68,68.69,75.53,68.72,68.42,68.17,67.94,4.2458376540576195,0.046481136938906216,69.81421581882866
2018-09-06,6.8322,75.67,67.81,74.69,67.77,67.52,67.3,67.07,4.233102541454207,0.04680145853063302,68.9307613054938
2018-09-07,6.8419,75.55,67.73,75.04,67.75,67.55,67.39,67.19,4.234107392457225,0.04628988401775929,69.00006126236481
2018-09-10,6.8545,76.77,67.55,75.56,67.54,67.41,67.31,67.17,4.237160547930877,0.05425193458198324,69.21105110558803
2018-09-11,6.8704,78.22,69.29,76.72,69.25,69.04,68.89,68.71,4.258797980558984,0.05178486907890519,70.72491961198462
2018-09-12,6.8574,80.02,70.37,77.1,70.37,70.16,70.04,69.88,4.276857644972056,0.054520559272250774,72.01379118947526
2018-09-13,6.8407,77.66,68.6,76.22,68.59,68.41,68.35,68.25,4.251641562201829,0.0527239738230357,70.2205892509019
2018-09-14,6.8673,77.87,68.98,76.13,68.99,68.77,68.67,68.54,4.255524662187731,0.05143017369614541,70.49379291531386
2018-09-17,6.854,78.22,68.86,76.06,68.91,68.68,68.59,68.47,4.255634806690447,0.05375332434398827,70.50155784670348
2018-09-18,6.8591,79.25,69.87,76.5,69.85,69.59,69.45,69.3,4.267907142562574,0.053608721303229384,71.37210755721341
2018-09-19,6.8466,79.43,71.08,76.65,71.12,70.77,70.52,70.28,4.279690223204698,0.047037937511141575,72.21806506112716
2018-09-20,6.8455,79.03,70.77,76.44,70.8,70.32,70.06,69.88,4.27319512083513,0.046679798559597224,71.75052135141402
2018-09-21,6.8559,78.9,70.8,76.48,70.78,70.37,70.06,69.79,4.2728542427447245,0.04611618333335468,71.7260673388655
2018-09-24,6.8559,80.89,73.23,77.02,72.08,71.76,71.51,71.26,4.294720898846112,0.04891762196471398,73.31175019528598
2018-09-25,6.8632,82.21,73.4,77.14,72.28,72.1,71.91,71.69,4.303270201888102,0.05453005099331665,73.94120141494933
2018-09-26,6.8763,81.87,72.22,77.1,71.57,71.41,71.25,71.06,4.29532970815414,0.05699498395881583,73.35639666040547
2018-09-27,6.888,81.54,72.18,77.22,72.12,71.96,71.82,71.63,4.300629374217106,0.05218013492619062,73.74619304930194
2018-09-28,6.868,82.72,73.16,77.25,73.25,73.06,72.89,72.7,4.315158482554026,0.05160726977587727,74.82548103764836
2018-10-01,6.868,84.94,75.37,82.82,75.3,75.14,75.0,74.83,4.343476053401153,0.05118510319688172,76.97464280531433
2018-10-02,6.868,85.63,75.16,82.66,75.23,75.04,74.9,74.76,4.344245325017587,0.05489616122968724,77.03387999503269
2018-10-03,6.868,85.45,76.4,84.12,76.41,76.24,76.1,75.96,4.356163189695339,0.04761988420520915,77.95745192340621
2018-10-04,6.868,86.07,74.44,82.78,74.33,74.25,74.13,74.03,4.3378356049881335,0.06196531500304878,76.54169346551267
2018-10-05,6.868,85.12,74.26,82.71,74.34,74.26,74.15,74.05,4.335404208606604,0.057551542932606774,76.35581633105116
2018-10-08,6.868,84.22,74.27,82.58,74.29,74.17,74.03,73.9,4.331638209118791,0.05333005886087755,76.06880115458267
2018-10-09,6.9217,85.16,74.95,83.26,74.96,74.81,74.65,74.51,4.34044695054486,0.05415784289148589,76.74183147767202
2018-10-10,6.9224,83.82,73.18,81.85,73.17,73.03,72.91,72.82,4.318818036982738,0.057596127041998055,75.09981061400873
2018-10-11,6.888,81.35,70.97,80.19,70.97,70.81,70.69,70.6,4.288044385902564,0.05790816794876039,72.82391368173313
2018-10-12,6.9182,80.71,71.41,80.37,71.34,71.18,71.08,70.99,4.290523778370685,0.052501278297140935,73.00469676831432
2018-10-15,6.9131,80.91,71.84,80.39,71.78,71.61,71.53,71.45,4.296065017657685,0.050878934065089,73.4103561520479
2018-10-16,6.9102,80.53,71.93,80.85,71.92,71.76,71.7,71.64,4.2970153569532314,0.048077116946518346,73.4801540587929
2018-10-17,6.9263,79.91,69.63,80.25,69.75,69.7,69.72,69.73,4.274228866076389,0.05755296117607683,71.82473146198465
2018-10-18,6.9367,80.3,68.63,80.03,68.65,68.71,68.75,68.76,4.264658102159836,0.06638581817264133,71.14059299986745
2018-10-19,6.9291,80.38,69.16,80.08,69.12,69.28,69.35,69.39,4.2718926304922835,0.06412502070245979,71.65712782554574
2018-10-22,6.9446,80.45,69.25,80.19,69.17,69.36,69.49,69.57,4.273990275464425,0.0641405435655932,71.80759679951707
2018-10-23,6.9373,78.67,66.49,79.32,66.43,66.62,66.76,66.89,4.238094882398591,0.07162737745753933,69.27574759555638
2018-10-24,6.942,77.34,66.56,79.28,66.82,66.96,67.06,67.16,4.237300382396879,0.06226059740791815,69.22072987265764
2018-10-25,6.9477,77.3,67.25,79.38,67.33,67.44,67.51,67.58,4.242267080775377,0.05872427932081217,69.56538354640043
2018-10-26,6.9425,77.4,67.58,79.45,67.59,67.75,67.84,67.93,4.246617707787555,0.05759403658796485,69.86869590421507
2018-10-29,6.9605,77.56,67.0,79.41,67.04,67.21,67.34,67.48,4.241547702452928,0.061829049001480854,69.5153577133916
2018-10-30,6.9663,75.68,66.18,79.35,66.18,66.31,66.42,66.55,4.225242284180602,0.057056627179819755,68.39107161613377
2018-10-31,6.9737,74.84,65.31,79.39,65.31,65.44,65.58,65.73,4.213035720393811,0.05785464776990895,67.56132611138125
2018-11-01,6.9205,71.25,63.67,71.56,63.69,63.81,63.92,64.06,4.182026737692078,0.04776882682325957,65.49846699377211
2018-11-02,6.8894,71.11,63.12,71.54,63.14,63.28,63.41,63.56,4.175532577344714,0.05042859373113975,65.0744876316674
2018-11-05,6.9249,72.68,63.12,71.88,63.1,63.21,63.31,63.45,4.178855500060487,0.05984701090521673,65.29108479334819
2018-11-06,6.9172,70.64,62.16,70.99,62.21,62.34,62.46,62.6,4.162159189531183,0.05404287802084268,64.2100146222384
2018-11-07,6.9174,70.1,61.69,71.06,61.67,61.82,62.0,62.2,4.155054765121269,0.05439839881679526,63.75545602748731
2018-11-08,6.9318,69.29,60.71,69.98,60.67,60.86,61.07,61.29,4.141008067538395,0.05636270989956943,62.866162855668094
2018-11-09,6.9553,69.01,60.19,69.82,60.19,60.36,60.56,60.75,4.1334359218366705,0.058030966811401546,62.39192886121084
2018-11-12,6.9553,69.81,59.85,69.81,59.93,60.08,60.28,60.49,4.132270942978833,0.06467145034883728,62.31928590515758
2018-11-13,6.9546,65.45,55.63,66.91,55.69,55.84,56.05,56.28,4.06171516348827,0.0684177491353104,58.07383182335572
2018-11-14,6.95,64.88,56.16,67.26,56.25,56.44,56.67,56.89,4.068236770129883,0.0607708921755008,58.4538041790709
2018-11-15,6.938,65.61,56.45,67.55,56.46,56.68,56.9,57.1,4.074016022208085,0.06374787958266982,58.792601502942176
2018-11-16,6.9367,65.29,56.49,67.6,56.46,56.68,56.88,57.07,4.072580122837874,0.0617545070608257,58.70824182397048
2018-11-19,6.9398,64.14,57.16,67.68,56.76,57.2,57.32,57.43,4.07517509021028,0.05211958979241074,58.860785633498615
2018-11-20,6.9448,61.5,53.39,66.06,53.43,53.57,53.71,53.82,4.014598061748866,0.059577492460044304,55.40102313640539
2018-11-21,6.9248,61.65,54.41,66.47,54.63,54.8,54.97,55.11,4.033028328986968,0.05156015089410001,56.43154603422229
2018-11-22,6.9248,61.11,54.41,66.47,54.63,54.8,54.97,55.11,4.031253048692707,0.04773537695214218,56.331453095371934
2018-11-23,6.9477,57.69,54.41,65.35,50.42,50.59,50.76,50.91,3.9569804320585624,0.05703900597162565,52.29916639629936
2018-11-26,6.9397,59.7,51.46,65.63,51.63,51.8,51.95,52.08,3.981968583489193,0.06169577163539885,53.62249074338351
2018-11-27,6.9498,59.58,51.31,65.59,51.56,51.73,51.89,52.02,3.9807116859944554,0.06146791956606183,53.555135107538845
2018-11-28,6.9534,57.97,50.06,65.52,50.29,50.49,50.67,50.83,3.956513256089727,0.06043143222418217,52.2747391889153
2018-11-29,6.9419,58.29,51.46,65.59,51.45,51.62,51.78,51.92,3.9741854208347447,0.053249307058340835,53.2067581319312
2018-11-30,6.9558,57.71,50.78,65.56,50.93,51.09,51.23,51.36,3.9637428534177657,0.053165529855176655,52.654033925736485
2018-12-03,6.8798,60.17,52.98,60.52,52.95,53.14,53.33,53.52,4.0041731533793525,0.054313010109687705,54.82647256858467
2018-12-04,6.8343,61.22,53.21,61.05,53.25,53.46,53.67,53.9,4.013216923230088,0.0591430554064969,55.32455946498774
2018-12-05,6.8343,61.4,52.64,60.46,52.89,53.12,53.36,53.61,4.009556914126349,0.06325102748418973,55.122441176698835
2018-12-06,6.8816,57.83,51.54,59.21,51.49,51.7,51.95,52.24,3.9755745331622085,0.049515396191940564,53.28071965409453
2018-12-07,6.8733,61.71,52.76,60.2,52.61,52.81,53.05,53.31,4.006002207833012,0.06743978240217965,54.92684493769656
2018-12-10,6.9077,60.29,51.07,59.01,51.0,51.2,51.4,51.65,3.9761692289185206,0.07092202683677808,53.312414895544755
2018-12-11,6.8968,59.73,51.65,59.14,51.65,51.84,52.01,52.21,3.9829090876113513,0.06186416650669049,53.672946640238315
2018-12-12,6.8778,59.94,51.04,59.24,51.15,51.36,51.59,51.86,3.9779022164687072,0.06721358276698199,53.40488474823838
2018-12-13,6.8798,59.03,52.69,59.92,52.58,52.83,53.07,53.33,3.9965474021501772,0.0494736138650482,54.40996962031248
2018-12-14,6.905,58.56,51.26,59.35,51.2,51.47,51.76,52.06,3.9760363655919764,0.05687891568234198,53.305332101287846
2018-12-17,6.8962,57.59,49.8,59.14,49.88,50.2,50.55,50.91,3.954429402394413,0.060939657629608686,52.16591970180863
2018-12-18,6.8939,55.26,46.12,57.92,46.24,46.6,46.94,47.3,3.888156071155906,0.07534797574707255,48.82078142850294
2018-12-19,6.8918,55.6,47.96,58.21,47.2,48.17,48.49,48.83,3.9168942286069934,0.0696995139383805,50.24415534373429
2018-12-20,6.8834,52.84,45.64,57.53,45.88,46.19,46.52,46.88,3.870849079860585,0.060135282594935745,47.98311028191173
2018-12-21,6.9048,51.93,45.38,57.48,45.59,45.89,46.23,46.61,3.8621507043667864,0.05543400309500886,47.56754516224073
2018-12-24,6.9048,51.93,45.38,56.93,42.53,42.82,43.16,43.55,3.8090871430757107,0.08427065705243578,45.10924178194759
2018-12-26,6.8847,51.93,46.04,57.42,46.22,46.54,46.88,47.26,3.872521074894398,0.050211134997008036,48.06340491141512
2018-12-27,6.8649,51.49,44.48,57.28,44.61,44.9,45.23,45.63,3.843430210839723,0.06075846420696905,46.68534065719836
2018-12-28,6.8755,50.57,45.15,57.32,45.33,45.6,45.9,46.27,3.8503419925936755,0.04680147460780229,47.009137259601204
2018-12-31,6.8755,50.57,45.15,57.32,45.41,45.72,46.08,46.51,3.854046379664283,0.04582287981896105,47.18360023956432
2019-01-02,6.8597,54.06,46.31,53.89,46.54,46.86,47.24,47.7,3.88796806073713,0.06332168295193619,48.81160347574399
2019-01-03,6.8708,53.23,46.92,54.76,47.09,47.4,47.77,48.22,3.8930337846902323,0.05225223472342419,49.059496934465415
2019-01-04,6.8663,55.64,47.76,55.47,47.96,48.28,48.65,49.1,3.917059952931679,0.06289820870429205,50.252482712452746
2019-01-07,6.8501,57.1,48.27,55.62,48.52,48.82,49.17,49.6,3.930741988068205,0.06900865386237838,50.94476405601083
2019-01-08,6.8519,56.91,49.58,56.87,49.78,50.11,50.49,50.93,3.9507406208086318,0.0570564882986279,51.973845495502765
2019-01-09,6.8117,59.46,52.19,58.9,52.36,52.69,53.07,53.51,3.9991002848084145,0.05409083215652734,54.54904933975903
2019-01-10,6.7875,60.47,52.42,59.09,52.59,52.91,53.28,53.73,4.005987901351455,0.059172860960709256,54.92605913342354
2019-01-11,6.7596,59.24,51.44,58.38,51.59,51.91,52.27,52.7,3.986597977195344,0.05866784743284577,53.871305851718496
2019-01-14,6.7596,58.8,50.31,57.64,50.51,50.8,51.14,51.55,3.9677805118061125,0.0643717258213556,52.86706270680777
2019-01-15,6.7595,58.65,51.8,58.51,52.11,52.39,52.7,53.08,3.9901358908821445,0.05046371354512309,54.062235429046765
2019-01-16,6.7532,59.81,52.08,58.87,52.31,52.61,52.93,53.33,3.998184195658436,0.05676964099682015,54.49910042983762
2019-01-17,6.7735,59.85,51.83,58.86,52.07,52.36,52.69,53.11,3.994786550117872,0.05905747992469524,54.31424601701298
2019-01-18,6.7765,62.04,53.6,59.52,53.8,54.04,54.3,54.64,4.0253958135753525,0.060479885615126995,56.00247093356328
2019-01-22,6.8072,60.9,52.59,59.1,52.57,53.01,53.3,53.7,4.00801864738893,0.06235944817261986,55.037713342663174
2019-01-23,6.7897,61.05,52.44,59.08,52.62,52.92,53.32,53.73,4.00862478972811,0.06304092246460428,55.07108414367778
2019-01-24,6.7835,61.09,52.94,59.16,53.13,53.42,53.78,54.14,4.015175897689908,0.05931200748282985,55.433045089570854
2019-01-25,6.7448,61.49,53.53,59.23,53.69,53.98,54.31,54.66,4.024128442393204,0.057596819598356025,55.93153997319481
2019-01-28,6.7437,59.71,51.79,58.92,51.99,52.29,52.64,53.01,3.9937291792220417,0.05870391105998156,54.2568460659124
2019-01-29,6.7304,60.98,53.07,59.05,53.31,53.6,53.93,54.27,4.016794749507273,0.05709822564841973,55.52285565073751
2019-01-30,6.7115,61.89,54.18,59.05,54.23,54.47,54.72,55.0,4.030845280598231,0.0560907864380763,56.30848760869875
2019-01-31,6.6958,62.46,53.84,59.08,53.79,54.04,54.31,54.6,4.027234083132851,0.06326551333224614,56.10551325178648
2019-02-01,6.7426,61.86,55.29,62.62,55.26,55.55,55.88,56.21,4.047541564638234,0.04820063802144166,57.256522417689446
2019-02-04,6.7426,62.26,54.57,62.55,54.56,54.89,55.29,55.7,4.041464558630204,0.0559086880837014,56.9096292903308
2019-02-05,6.7426,61.67,53.69,62.08,53.66,54.0,54.44,54.91,4.027514268758169,0.05899539652025792,56.121235412559585
2019-02-06,6.7426,62.22,53.94,62.71,54.01,54.34,54.8,55.28,4.034523498987477,0.06006764027503361,56.51598389768488
2019-02-07,6.7426,61.01,52.68,61.79,52.64,53.0,53.45,53.93,4.01103667874564,0.06257518178639639,55.204069795556926
2019-02-08,6.7426,61.37,52.75,62.16,52.72,53.09,53.55,54.02,4.013744552286214,0.064472776696766,55.35375801240247
2019-02-11,6.7907,61.3,52.43,61.65,52.41,52.78,53.28,53.79,4.0097470263716986,0.06647279049607238,55.13292162395921
2019-02-12,6.7726,62.58,53.14,62.51,53.1,53.47,54.0,54.53,4.024752873922386,0.06968990508188737,55.966476296765585
2019-02-13,6.7598,63.27,53.84,63.29,53.9,54.31,54.88,55.42,4.039990196723885,0.06808157387295403,56.825785723870496
2019-02-14,6.7711,64.0,54.4,64.06,54.41,54.79,55.35,55.9,4.049022504585666,0.06890405373815721,57.34137870701437
2019-02-15,6.768,65.65,55.58,64.68,55.59,55.98,56.54,57.1,4.071100618950754,0.07059005568903502,58.62144697447686
2019-02-19,6.756,65.86,56.12,64.66,56.09,56.45,56.95,57.48,4.077080106841382,0.06819314923793406,58.973023282400675
2019-02-20,6.756,66.82,56.9,64.95,56.92,57.16,57.64,58.13,4.089054448641226,0.06806265121041953,59.68343126570012
2019-02-21,6.7195,66.91,56.95,64.93,56.96,57.46,57.98,58.45,4.095075561804506,0.06831814796690615,60.04387600966287
2019-02-22,6.7112,66.91,57.01,64.92,57.26,57.75,58.25,58.71,4.09856030590495,0.06612824511871201,60.253478545848104
2019-02-25,6.6844,64.02,55.32,64.5,55.48,55.92,56.42,56.88,4.064077165804129,0.06082825557693371,58.21116447478475
2019-02-26,6.698,64.51,55.4,64.53,55.5,55.97,56.51,57.01,4.06720168785519,0.0638106296583283,58.39333098524152
2019-02-27,6.6822,65.55,56.92,64.6,56.94,57.37,57.87,58.33,4.088710512676587,0.05986036981423726,59.66290751682478
2019-02-28,6.6912,65.03,57.21,64.58,57.22,57.61,58.06,58.49,4.0892618942272865,0.0544052066989081,59.695813614364496
2019-03-01,6.7048,63.71,55.76,65.0,55.8,56.19,56.65,57.11,4.065910086015133,0.05623186112881946,58.31795873743911
2019-03-04,6.7045,64.44,56.6,65.61,56.59,56.97,57.42,57.89,4.078666370500452,0.05519667061451051,59.06664428026135
2019-03-05,6.706,64.24,56.55,65.86,56.56,56.94,57.4,57.87,4.077816616869043,0.05409153812223892,59.01647350420761
2019-03-06,6.7099,64.51,56.22,66.13,56.22,56.62,57.1,57.6,4.074875790864818,0.05833394395051377,58.84317127499959
2019-03-07,6.7132,64.82,56.6,66.43,56.66,57.03,57.48,57.95,4.080755281826214,0.05716597256067386,59.190158222396185
2019-03-08,6.7201,65.66,55.77,66.02,56.07,56.43,56.87,57.32,4.075291923356164,0.06685333799047806,58.86766292599342
2019-03-11,6.7215,65.06,56.79,66.59,56.79,57.12,57.54,57.97,4.082000596634838,0.05789719425465914,59.263914518327304
2019-03-12,6.707,65.33,56.89,66.63,56.87,57.2,57.62,58.06,4.084113355109607,0.058876757859463294,59.38925721877533
2019-03-13,6.7064,65.89,58.27,67.18,58.26,58.59,58.94,59.32,4.103208598573872,0.052404652193649016,60.53420629535504
2019-03-14,6.7209,66.18,58.59,66.94,58.61,58.91,59.21,59.54,4.107529255462003,0.05160398630087684,60.796319673977465
2019-03-15,6.7129,66.11,58.51,66.87,58.52,58.82,59.12,59.44,4.106140895524304,0.051782698376606574,60.711971066045415
2019-03-18,6.7121,66.65,59.09,67.02,59.09,59.38,59.65,59.94,4.11466526518002,0.05114471329634318,61.23171444503014
2019-03-19,6.7106,67.13,59.12,67.05,59.03,59.29,59.58,59.88,4.11533751445815,0.054534937799228196,61.272891259855804
2019-03-20,6.6916,68.35,60.12,67.34,59.83,60.23,60.48,60.73,4.13120766099769,0.05649903199834777,62.25305814700748
2019-03-21,6.6952,68.3,59.98,67.09,59.98,60.2,60.43,60.62,4.1296858995514425,0.05515918689044374,62.15839588816421
2019-03-22,6.7162,66.29,58.87,66.9,59.04,59.29,59.53,59.75,4.111682578594275,0.04926571276439866,61.04935153263711
2019-03-25,6.7079,67.37,58.71,66.89,58.82,59.08,59.33,59.55,4.112705363630661,0.05747567739305787,61.111823838289496
2019-03-26,6.7145,67.51,59.87,66.97,59.94,60.1,60.23,60.34,4.123882517664772,0.050628641003725335,61.798711681258375
2019-03-27,6.7262,67.35,59.39,66.92,59.41,59.61,59.77,59.91,4.1178103339022805,0.053205553727036135,61.42459554811425
2019-03-28,6.7381,66.08,59.29,66.89,59.3,59.48,59.63,59.76,4.111647832457916,0.046097016267439665,61.047230340396
2019-03-29,6.7112,67.93,60.19,66.93,60.14,60.28,60.4,60.49,4.12743437263253,0.051634357812220893,62.01860202046932
2019-04-01,6.7102,69.08,61.59,68.46,61.59,61.71,61.8,61.83,4.148696087719446,0.04880621249934936,63.351341827538626
2019-04-02,6.7223,69.68,62.53,68.89,62.58,62.61,62.6,62.55,4.159992227541458,0.04570169368795298,64.07102460861879
2019-04-03,6.7098,69.21,62.46,68.82,62.46,62.52,62.55,62.55,4.15821859535165,0.0436128831731323,63.957486893775545
2019-04-04,6.7167,69.8,62.12,68.98,62.1,62.19,62.26,62.29,4.15675743000374,0.04952400946964211,63.86410267169624
2019-04-05,6.7182,69.93,63.1,69.73,63.08,63.15,63.18,63.17,4.168253909560841,0.04389434581532634,64.60255167108319
2019-04-08,6.7158,71.12,64.37,70.09,64.4,64.33,64.22,64.06,4.18373328046251,0.042198570263503654,65.61033835857903
2019-04-09,6.7111,71.02,64.05,69.66,63.98,63.96,63.91,63.77,4.1801128620683885,0.04428207081138152,65.3732309557314
2019-04-10,6.7153,71.63,64.62,70.39,64.61,64.65,64.67,64.57,4.191582674054448,0.043817054680438984,66.12736625113605
2019-04-11,6.7188,71.3,63.61,69.7,63.58,63.67,63.73,63.69,4.179580650802112,0.04854997705386418,65.33844784250726
2019-04-12,6.7039,71.57,63.86,69.98,63.89,64.02,64.1,64.08,4.185013964427445,0.04820011984498164,65.69441829527018
2019-04-15,6.7072,70.9,63.43,69.83,63.4,63.56,63.67,63.7,4.177977140831679,0.04747090466698238,65.23376094561195
2019-04-16,6.7112,70.74,64.01,70.24,64.05,64.19,64.26,64.27,4.184404879288319,0.0422864425976513,65.65441698470157
2019-04-17,6.687,71.14,63.74,70.15,63.76,63.87,63.94,63.97,4.181762170708867,0.0464259916448875,65.48114055405763
2019-04-18,6.7081,70.71,64.02,70.37,64.0,64.07,64.12,64.11,4.182338700118315,0.04241271719988676,65.51890324195536
2019-04-19,6.7032,70.71,64.02,70.37,64.0,64.07,64.12,64.11,4.182386010441118,0.042344060827536105,65.52200303574301
2019-04-22,6.7112,70.71,65.66,71.02,65.7,65.55,65.51,65.37,4.197943277817102,0.0314387585937488,66.54931673305914
2019-04-23,6.7249,74.39,66.24,71.1,66.3,66.24,66.06,65.79,4.215566743605846,0.04858966312451897,67.7325419802724
2019-04-24,6.7207,73.59,65.96,71.2,65.89,65.89,65.77,65.55,4.210059948472787,0.046935798321106774,67.36057785284643
2019-04-25,6.7418,74.94,65.23,71.13,65.21,65.28,65.23,65.07,4.208140561996962,0.05880511525416378,67.23141087104568
2019-04-26,6.7282,71.03,63.29,70.96,63.3,63.38,63.36,63.23,4.173826538219738,0.04905396829570658,64.96356265780726
2019-04-29,6.7332,71.22,63.39,70.93,63.5,63.57,63.54,63.42,4.176530326310563,0.04873310136002358,65.13944803610421
2019-04-30,6.7347,72.19,63.83,70.95,63.91,63.98,63.97,63.84,4.184805471990059,0.051681993943453255,65.68072293361644
2019-05-01,6.7319,72.01,63.55,71.65,63.6,63.69,63.71,63.62,4.181297228977283,0.052712899602258445,65.45070271564133
2019-05-02,6.7337,70.56,61.75,70.61,61.81,61.9,61.94,61.89,4.1550369272669165,0.05612814407648953,63.75431877709159
2019-05-03,6.7337,71.95,61.98,70.64,61.94,62.04,62.07,62.01,4.160811097648831,0.06347338932338016,64.12351194264106
2019-05-06,6.7602,71.95,62.3,70.56,62.25,62.37,62.42,62.35,4.1652374807084955,0.06151220709276825,64.4079762792346
2019-05-07,6.7755,70.98,61.41,69.41,61.4,61.51,61.54,61.47,4.151166732094401,0.06152584525851967,63.5080539741471
2019-05-08,6.7818,71.09,62.13,69.59,62.12,62.22,62.25,62.19,4.160311755077875,0.057339913859528906,64.09150033637293
2019-05-09,6.8256,70.61,61.58,69.69,61.7,61.81,61.86,61.82,4.154149643564481,0.057259205254868835,63.6977756976668
2019-05-10,6.8217,71.63,61.65,69.9,61.66,61.8,61.86,61.83,4.157428967107203,0.06351364211171548,63.907004189587916
2019-05-13,6.8765,72.35,60.97,69.64,61.04,61.21,61.3,61.3,4.15274343030617,0.07198448315102644,63.60826599057424
2019-05-14,6.8737,72.53,61.82,70.4,61.78,61.96,62.08,62.1,4.1631266587235976,0.06816372936488702,64.27216589310207
2019-05-15,6.8742,73.09,62.03,70.64,62.02,62.24,62.39,62.45,4.169015855707799,0.06967940946778527,64.6517940940675
2019-05-16,6.8832,74.7,62.93,71.15,62.87,63.06,63.17,63.19,4.183179012684681,0.07311560315221026,65.57398273843953
2019-05-17,6.9182,73.94,62.77,71.01,62.76,62.92,62.99,62.98,4.178483577557453,0.06962182861326466,65.26680608484496
2019-05-20,6.9111,73.21,63.12,70.91,63.1,63.21,63.26,63.23,4.179386461308922,0.06318514720112696,65.32576103429717
2019-05-21,6.9007,72.94,63.02,70.99,62.99,63.13,63.21,63.19,4.178248393364456,0.06226341299113586,65.25145816859076
2019-05-22,6.9054,71.94,61.42,70.5,61.42,61.5,61.48,61.37,4.153134879923195,0.06699575654814326,63.633170296008274
2019-05-23,6.9087,68.37,57.65,69.37,57.91,57.99,57.99,57.91,4.09658510538421,0.07037893803965622,60.13458330327545
2019-05-24,6.8997,67.98,58.4,69.43,58.63,58.71,58.73,58.66,4.104982556876756,0.06298537889340573,60.64168675796461
2019-05-28,6.9078,70.19,58.91,69.66,59.14,59.35,59.45,59.45,4.122362864312333,0.07257752630280678,61.70487038305654
2019-05-29,6.9138,70.64,58.84,69.51,58.81,58.95,58.99,58.94,4.117212924797738,0.0777053606924955,61.38791089445508
2019-05-30,6.9011,69.55,56.47,69.34,56.59,56.74,56.81,56.78,4.084717749560582,0.08733181149441951,59.425162605701196
2019-05-31,6.9027,66.78,53.49,69.38,53.5,53.64,53.73,53.72,4.032458639321361,0.09397291287859635,56.39940672121884
2019-06-03,6.9028,63.16,53.25,60.4,53.25,53.38,53.45,53.44,4.015551013638122,0.07276588333622523,55.45384280937632
2019-06-04,6.9072,63.56,53.5,60.83,53.48,53.63,53.71,53.71,4.021008937559849,0.07327191837965784,55.75733312473602
2019-06-05,6.9084,62.14,51.57,59.57,51.68,51.83,51.91,51.91,3.9896401747185903,0.07809040748083182,54.03544254648785
2019-06-06,6.9082,62.77,52.59,59.85,52.59,52.73,52.83,52.8,4.00531844006081,0.07515570717004903,54.889300568577035
2019-06-07,6.9057,64.1,53.95,61.26,53.99,54.16,54.27,54.25,4.031033973253613,0.07290734103443251,56.319113609238755
2019-06-10,6.9298,64.31,53.33,60.59,53.26,53.48,53.62,53.64,4.022871074925965,0.07985467101087733,55.86125766904087
2019-06-11,6.9107,63.56,53.3,60.94,53.27,53.52,53.68,53.74,4.021278874647196,0.07502274987420263,55.772386128428565
2019-06-12,6.9161,61.66,51.13,59.37,51.14,51.37,51.54,51.62,3.9831232482399277,0.07925851870409668,53.68444250316501
2019-06-13,6.9212,63.28,52.38,60.18,52.28,52.54,52.72,52.78,4.006318120135302,0.08102161346029335,54.94419974489258
2019-06-14,6.9247,63.13,52.47,60.57,52.51,52.77,52.95,53.0,4.009233891800892,0.07821140673494596,55.10463827308754
2019-06-17,6.9251,62.56,51.94,59.94,51.93,52.17,52.31,52.35,3.997613144461243,0.07899422881268436,54.46798753766387
2019-06-18,6.9002,63.35,53.86,60.64,53.9,54.11,54.19,54.14,4.027251138554569,0.06876580748906887,56.10647016313597
2019-06-19,6.8996,62.85,53.74,60.65,53.76,53.97,54.03,53.99,4.0233715686767395,0.06633514274863038,55.88922287703677
2019-06-20,6.851,65.44,56.88,61.59,56.65,57.07,57.13,57.05,4.076255845419535,0.0613491790608891,58.92443412221545
2019-06-21,6.8686,65.99,57.35,61.81,57.43,57.5,57.42,57.25,4.08037074276436,0.05898893474597385,59.16740167015438
2019-06-24,6.8758,65.16,57.73,61.64,57.9,57.93,57.82,57.64,4.082741853994921,0.05027562284797027,59.3078606168236
2019-06-25,6.8791,66.24,57.63,61.63,57.83,57.89,57.8,57.66,4.086394336875974,0.05747675982558874,59.52487764666963
2019-06-26,6.8781,66.85,59.17,61.77,59.38,59.43,59.31,59.14,4.108178773537462,0.0504076203640334,60.83582080948915
2019-06-27,6.8762,66.78,59.18,61.73,59.43,59.49,59.38,59.19,4.109086499869235,0.04947286354368013,60.89106815689546
2019-06-28,6.865,67.52,58.2,61.73,58.47,58.52,58.4,58.22,4.098551799720036,0.06082357924473632,60.252966020797665
2019-07-01,6.8487,65.1,58.91,63.19,59.09,59.14,59.01,58.83,4.098423827488675,0.04145433417441438,60.24525580764702
2019-07-02,6.8717,62.72,56.0,61.02,56.25,56.34,56.28,56.18,4.054125478589165,0.04607887017233681,57.634738138058125
2019-07-03,6.8806,63.53,57.06,62.25,57.34,57.44,57.43,57.37,4.072674527679077,0.04359068875208183,58.71378442783734
2019-07-05,6.8925,64.23,57.06,62.53,57.51,57.59,57.56,57.48,4.076779968019494,0.046861191824866005,58.95532584464647
2019-07-08,6.8808,64.89,57.35,62.61,57.66,57.76,57.73,57.65,4.081367698841448,0.050087526807591785,59.2264183844628
2019-07-09,6.8866,64.3,57.57,62.77,57.83,57.94,57.91,57.85,4.081802613557029,0.04510791710750645,59.25218242754398
2019-07-10,6.8705,66.41,60.28,64.62,60.43,60.52,60.46,60.34,4.122185519488152,0.040197878134075195,61.6939283139557
2019-07-11,6.8682,67.64,59.93,64.24,60.2,60.28,60.23,60.11,4.123456995770973,0.04928922284573787,61.77242057054774
2019-07-12,6.8796,66.65,59.99,64.44,60.21,60.3,60.27,60.15,4.120745547656622,0.04323275343647656,61.6051547260796
2019-07-15,6.8769,66.86,59.3,64.31,59.58,59.68,59.64,59.52,4.11335198958357,0.04881999254459976,61.15135310856166
2019-07-16,6.8753,65.87,57.44,63.19,57.62,57.74,57.71,57.61,4.084588995566574,0.05661488977980197,59.41751187121303
2019-07-17,6.8731,63.67,56.5,62.85,56.78,56.92,56.95,56.93,4.0669843529769265,0.048739093240847554,58.38064145674893
2019-07-18,6.8788,60.7,55.08,62.31,55.3,55.42,55.44,55.43,4.035576985865353,0.03971115652257965,56.57555411782451
2019-07-19,6.8812,61.04,55.42,62.59,55.63,55.76,55.82,55.86,4.042298793916336,0.03945392405141118,56.95712511979938
2019-07-22,6.8803,61.96,55.87,62.95,56.22,56.22,56.29,56.33,4.0516437947582045,0.041285230351658125,57.49188427270002
2019-07-23,6.8787,62.28,56.58,63.07,56.77,56.85,56.89,56.85,4.061172928946194,0.03940270317734519,58.04235072159208
2019-07-24,6.8717,63.83,55.9,63.02,55.88,56.0,56.07,56.05,4.055663060167997,0.056175308655024,57.72342441343932
2019-07-25,6.8714,63.47,55.88,63.14,56.02,56.16,56.26,56.27,4.057036389631595,0.05307050074795964,57.80275215201849
2019-07-26,6.8785,62.46,56.04,63.17,56.2,56.33,56.42,56.43,4.055673865910019,0.04499871430650766,57.72404816124218
2019-07-29,6.8927,62.29,56.85,63.16,56.87,56.96,57.01,56.97,4.062891195487502,0.03879623935782898,58.14216868318882
2019-07-30,6.8833,62.55,58.04,63.23,58.05,58.11,58.11,58.0,4.078382830398071,0.03187188522034136,59.04989889200156
2019-07-31,6.8833,64.07,58.53,63.25,58.58,58.63,58.61,58.5,4.0903221611833604,0.03795470666462158,59.75914067882018
2019-08-01,6.8972,62.9,53.64,59.4,53.95,54.01,54.03,53.95,4.023305668538474,0.06457440021720409,55.88553989087761
2019-08-02,6.9387,61.12,55.67,60.56,55.66,55.67,55.66,55.56,4.039189553140523,0.04018314690501962,56.78030673182223
2019-08-05,7.0481,59.32,54.63,58.86,54.69,54.58,54.45,54.3,4.014906594242628,0.03458612695934982,55.41811878937726
2019-08-06,7.0192,58.63,53.6,58.27,53.63,53.59,53.53,53.42,3.999647994028958,0.037786463306519615,54.57893454050722
2019-08-07,7.0592,55.03,51.14,56.4,51.09,51.03,50.95,50.86,3.947115145639159,0.031624265840741794,51.7857567707184
2019-08-08,7.044,56.29,52.6,57.47,52.54,52.46,52.29,52.1,3.971643648715491,0.029389880936839335,53.071690405963885
2019-08-09,7.0613,57.37,54.41,58.31,54.5,54.37,54.09,53.78,4.001545333417306,0.022008090172596185,54.68258760421022
2019-08-12,7.0578,57.13,54.98,58.35,54.93,54.85,54.54,54.19,4.007321171414305,0.01682919306995484,54.99933924396999
2019-08-13,7.0423,59.9,57.05,60.03,57.1,57.1,56.87,56.54,4.050947940901603,0.02036118592071683,57.45189223922464
2019-08-14,7.0224,57.86,55.16,58.71,55.23,55.25,54.99,54.66,4.017298026423352,0.01976693888164674,55.550806055108
2019-08-15,7.0327,57.37,54.51,58.09,54.47,54.42,54.09,53.71,4.001914974431483,0.022013836176212463,54.70280426757384
2019-08-16,7.0413,59.0,54.83,58.35,54.87,54.81,54.42,53.99,4.01242887876158,0.0307023569990433,55.280978426082406
2019-08-19,7.0499,59.79,56.24,58.93,56.21,56.14,55.71,55.21,4.0332911433223275,0.02634502805916085,56.44637900255956
2019-08-20,7.0597,59.03,56.18,59.12,56.34,56.13,55.8,55.34,4.03171036782332,0.019953804150206315,56.35722043802794
2019-08-21,7.0623,60.6,55.65,59.3,55.68,55.49,55.18,54.82,4.029060253039613,0.03568830789809049,56.208065061704936
2019-08-22,7.0829,59.81,55.33,59.27,55.35,55.16,54.87,54.52,4.0216918643226345,0.03296470386876271,55.795424305011245
2019-08-23,7.0928,58.64,54.08,59.06,54.17,54.02,53.74,53.41,4.001389895231321,0.033663217052438806,54.674088502547605
2019-08-26,7.1503,58.64,53.54,58.87,53.64,53.5,53.24,52.91,3.994160787080873,0.03779073896832434,54.28026880142458
2019-08-27,7.1603,58.44,54.99,58.98,54.93,54.77,54.46,54.09,4.010647906462098,0.026558622487045325,55.18261215461999
2019-08-28,7.1628,60.42,55.76,59.11,55.78,55.6,55.26,54.86,4.029285188906119,0.03383938352040757,56.22070969358653
2019-08-29,7.1434,60.59,56.67,59.09,56.71,56.45,56.05,55.61,4.040369473762114,0.02822615708723033,56.84734252731677
2019-08-30,7.1543,61.04,55.07,59.11,55.1,54.89,54.56,54.16,4.021630780056331,0.043185799250531696,55.79201618654673
2019-09-03,7.1786,57.93,53.91,56.69,53.94,53.76,53.48,53.13,3.9946322493767084,0.03049683487288874,54.30586593513985
2019-09-04,7.144,60.68,56.22,58.6,56.26,56.1,55.8,55.43,4.037907841466799,0.03214283046227579,56.70757736883976
2019-09-05,7.1468,62.7,56.33,58.64,56.3,56.16,55.88,55.53,4.0465186502076,0.04546164239858841,57.19798383974287
2019-09-06,7.1131,61.28,56.45,59.3,56.52,56.43,56.17,55.82,4.045674086315701,0.03452005831645704,57.149696881483344
2019-09-09,7.121,63.99,57.88,60.06,57.85,57.73,57.43,57.03,4.072268094741633,0.04269516033539934,58.689926060705474
2019-09-10,7.1121,64.67,57.37,59.75,57.4,57.29,57.0,56.6,4.068825811885409,0.05044805626884715,58.48824605335689
2019-09-11,7.1153,63.02,55.66,58.73,55.75,55.67,55.44,55.12,4.041844353096549,0.05193949201038662,56.9312473575683
2019-09-12,7.0787,60.76,55.13,58.64,55.09,55.05,54.86,54.57,4.025861873766964,0.041740904362915,56.0285775390495
2019-09-13,7.0754,61.25,54.76,58.58,54.85,54.8,54.59,54.27,4.023723922709784,0.04675152563982207,55.908919139946256
2019-09-16,7.0659,68.42,63.1,63.12,62.9,62.67,62.02,61.13,4.144813314199911,0.036033551927668994,63.105839837806805
2019-09-17,7.0905,65.59,59.26,61.32,59.34,59.1,58.57,57.92,4.091980998831305,0.042314914363703444,59.85835365754846
2019-09-18,7.0849,64.29,58.19,61.13,58.11,58.04,57.62,57.08,4.075671616797366,0.042866224394086085,58.89001883543282
2019-09-19,7.0959,64.25,58.19,61.41,58.13,58.19,57.91,57.43,4.080396774375908,0.04250063014459208,59.16894191301839
2019-09-20,7.0909,65.23,57.92,61.51,58.09,58.09,57.84,57.39,4.082702484242225,0.049081195326568745,59.305525726980505
2019-09-23,7.1168,64.66,58.69,61.64,58.64,58.42,57.96,57.45,4.080711919103121,0.04160895256650034,59.187591631602935
2019-09-24,7.1138,64.13,57.22,61.24,57.29,57.08,56.63,56.14,4.061000024177272,0.047743171225131706,58.03231578992164
2019-09-25,7.1313,62.41,56.38,61.09,56.49,56.32,55.93,55.47,4.04559996165261,0.0423974456829079,57.14546083645589
2019-09-26,7.13,62.08,56.24,61.16,56.41,56.28,55.9,55.45,4.044220533662308,0.040709809329180766,57.066687132076765
2019-09-27,7.1218,62.48,55.95,61.09,55.91,55.79,55.43,54.98,4.039197645934461,0.04706309517500928,56.78076624500372
2019-09-30,7.1477,60.99,54.09,61.12,54.07,53.98,53.7,53.32,4.009630861784823,0.05104832707265534,55.126517502868744
2019-10-01,7.1473,60.06,53.6,58.11,53.62,53.5,53.24,52.91,3.999313136569069,0.04818649228261914,54.56066143673682
2019-10-02,7.1473,57.92,52.67,57.32,52.64,52.51,52.25,51.95,3.9767065022162837,0.04070069221256365,53.34106592853568
2019-10-03,7.1473,58.01,52.41,57.45,52.45,52.36,52.16,51.89,3.9761350492098115,0.042757816537171374,53.31059272387387
2019-10-04,7.1473,59.13,52.84,58.11,52.81,52.74,52.56,52.33,3.98644043862338,0.047923034330473596,53.86281971158952
2019-10-07,7.1473,59.46,52.76,58.22,52.75,52.71,52.57,52.37,3.988091027710753,0.05079061677049147,53.951798507533944
2019-10-08,7.1422,58.14,52.64,57.91,52.63,52.62,52.49,52.29,3.9821066340424642,0.042428303828846804,53.62989386888943
2019-10-09,7.1316,59.7,52.63,57.94,52.59,52.61,52.48,52.29,3.987979490040646,0.05364254117113927,53.945781185215615
2019-10-10,7.1153,59.08,53.57,58.66,53.55,53.56,53.41,53.19,3.9990905286795497,0.04195819138062842,54.54851715480026
2019-10-11,7.0868,60.59,54.76,59.72,54.7,54.78,54.72,54.54,4.024274606177619,0.043434179409080224,55.93971573623115
2019-10-14,7.0868,58.81,53.57,58.94,53.59,53.65,53.66,53.58,4.002852569087579,0.03952322563526058,54.754117376217735
2019-10-15,7.0814,59.19,52.81,58.86,52.81,52.88,52.91,52.81,3.9934402227138706,0.04826921336713332,54.24117046202176
2019-10-16,7.092,59.3,53.42,59.0,53.36,53.45,53.47,53.36,4.001912696387643,0.04489379117117873,54.70267965232945
2019-10-17,7.0766,59.35,53.89,59.17,53.93,54.03,54.01,53.86,4.00982247162794,0.0407578995261795,55.137081298270346
2019-10-18,7.0805,59.96,53.75,58.96,53.78,53.87,53.82,53.62,4.009230065391994,0.046093943484456085,55.10442742061272
2019-10-21,7.0748,58.95,53.28,58.87,53.31,53.51,53.54,53.41,4.002187788643313,0.04276099918621114,54.717730005889145
2019-10-22,7.0761,60.5,54.21,59.03,54.16,54.48,54.5,54.34,4.022098036551235,0.04694794341979806,55.81809145991969
2019-10-23,7.0624,60.52,55.9,59.37,55.97,55.99,55.82,55.52,4.0387637756125505,0.03345039656016753,56.75613609920568
2019-10-24,7.0684,61.71,56.11,59.45,56.23,56.27,56.13,55.85,4.047751836517422,0.039385025068911755,57.26856312012021
2019-10-25,7.0647,62.06,56.52,59.52,56.66,56.71,56.59,56.32,4.05540861498606,0.0386607649505236,57.70873883462905
2019-10-28,7.067,60.39,55.6,59.45,55.81,55.9,55.83,55.63,4.039339910382989,0.0335638917977833,56.788844704025664
2019-10-29,7.0655,61.05,55.34,59.41,55.54,55.68,55.64,55.47,4.039407248564562,0.04004511804578164,56.79266889031709
2019-10-30,7.0541,60.22,54.85,59.32,55.06,55.1,54.94,54.66,4.025612632861763,0.038061893039175974,56.01461466579842
2019-10-31,7.0379,59.3,54.02,59.37,54.18,54.25,54.16,53.92,4.011524070479863,0.03833881812305882,55.23098236081894
2019-11-01,7.0368,60.17,56.04,60.54,56.2,56.27,56.15,55.86,4.042538402868555,0.02921347248116137,56.97077419202539
2019-11-04,7.03,62.52,56.33,60.89,56.54,56.6,56.47,56.18,4.055512457131961,0.0424741122034448,57.71473174505982
2019-11-05,7.0082,62.72,57.04,61.49,57.23,57.29,57.15,56.84,4.065364441491573,0.03897286288144268,58.286146542493064
2019-11-06,6.9968,62.11,56.15,60.56,56.35,56.38,56.2,55.84,4.049983859032715,0.04126480610418081,57.39653060244667
2019-11-07,6.9766,62.6,56.91,61.1,57.15,57.15,56.93,56.54,4.061378396764704,0.03873803387989498,58.05427778204764
2019-11-08,6.9954,62.0,57.02,61.28,57.24,57.26,57.1,56.77,4.061971669895801,0.0340158065692517,58.08873004399109
2019-11-12,7.0066,62.19,56.67,61.29,56.8,56.85,56.74,56.48,4.058123043506498,0.03842110971533552,57.86559787621532
2019-11-13,7.0223,62.27,56.88,61.52,57.12,57.2,57.09,56.82,4.0632268648499075,0.03670217277964122,58.161688503799155
2019-11-14,7.0195,62.46,56.57,61.44,56.77,56.88,56.77,56.48,4.059683427868072,0.04049313671425392,57.95596093242974
2019-11-15,7.0075,63.32,57.54,61.94,57.72,57.83,57.69,57.37,4.074984129466892,0.03935961029153159,58.849546607258205
2019-11-18,7.0246,62.82,56.82,61.56,57.05,57.14,57.0,56.67,4.06389288028447,0.04087120519038756,58.200437988488
2019-11-19,7.0263,62.37,54.93,60.98,55.21,55.35,55.26,55.0,4.038623296593286,0.05155152691495179,56.74816361286587
2019-11-20,7.0344,63.8,56.71,61.6,57.11,57.01,56.88,56.58,4.064708137297078,0.047133075060005775,58.247905650237925
2019-11-21,7.0285,64.99,58.36,62.07,58.58,58.41,58.02,57.58,4.083068298121276,0.04415248637603455,59.327224480006365
2019-11-22,7.0389,64.83,57.68,61.9,57.77,57.66,57.35,56.98,4.074142933719305,0.048843792320899526,58.800063434339954
2019-11-25,7.0349,64.67,57.79,61.94,58.01,57.91,57.63,57.28,4.077452551653646,0.04618076827516507,58.99499156971916
2019-11-26,7.0319,64.82,58.25,61.95,58.41,58.32,58.06,57.71,4.083885846264029,0.04423737264912515,59.375747174311336
2019-11-27,7.028,65.03,58.12,61.95,58.11,58.05,57.85,57.54,4.082175211324807,0.04768684106113411,59.27426377192681
2019-11-28,7.028,64.68,58.12,61.95,58.11,58.05,57.85,57.54,4.080944250144189,0.045499209222166916,59.20134434391413
2019-11-29,7.0308,64.5,58.12,61.97,55.17,55.14,54.98,54.74,4.041165031099423,0.06590864597833518,56.8925858422102
2019-12-02,7.038,63.2,55.97,60.41,55.96,55.91,55.74,55.47,4.046794934970315,0.05188508660336598,57.213788954391454
2019-12-03,7.0609,62.95,56.15,60.46,56.1,56.03,55.82,55.52,4.046976008817068,0.04894996070696586,57.22414981325672
2019-12-04,7.0489,65.25,58.46,62.52,58.43,58.34,58.04,57.64,4.084779929863296,0.04694424408439184,59.428857795183646
2019-12-05,7.0445,65.67,58.42,62.82,58.43,58.34,58.06,57.68,4.086706350887849,0.04953789443364813,59.543453140307
2019-12-06,7.0348,66.5,59.2,63.43,59.2,59.1,58.78,58.37,4.0988381990742635,0.0493715897463444,60.27022490270468
2019-12-09,7.0389,66.44,58.99,63.34,59.02,58.92,58.64,58.28,4.0969937693266285,0.050242497659186855,60.159163161272616
2019-12-10,7.0328,66.57,59.22,63.5,59.24,59.14,58.88,58.53,4.100657220410908,0.049527803659859954,60.37995750047813
2019-12-11,7.0384,65.37,58.74,62.98,58.76,58.65,58.36,57.98,4.0896244500714305,0.045311465977172886,59.71746060434556
2019-12-12,6.9925,66.67,59.18,63.46,59.18,59.06,58.76,58.36,4.099194924257364,0.05050057390889619,60.29172864495375
2019-12-13,6.9925,67.44,60.11,64.12,60.07,59.98,59.67,59.26,4.113717459947215,0.049157378301902754,61.17370620026706
2019-12-16,6.9921,68.04,60.21,64.19,60.21,60.14,59.85,59.46,4.11822317888421,0.05183805851947692,61.44995961950789
2019-12-17,6.9967,68.99,60.88,64.53,60.94,60.87,60.53,60.09,4.129844507410073,0.05264370126502166,62.168255480115675
2019-12-18,7.0029,69.12,60.93,64.54,60.93,60.85,60.56,60.15,4.130824836340706,0.053494632904835915,62.22923070253374
2019-12-19,7.0097,69.7,61.3,64.7,61.22,61.18,60.88,60.46,4.1368559784035,0.05501576298246782,62.605678096118815
2019-12-20,7.0063,68.66,60.43,64.63,60.44,60.25,59.95,59.55,4.1210678096237086,0.054103224712445865,61.62501092370112
2019-12-23,7.0124,67.49,60.51,64.65,60.52,60.35,60.07,59.68,4.118943313094253,0.04639833805619907,61.494227775229255
2019-12-24,7.0064,69.26,61.17,64.79,61.11,60.94,60.65,60.26,4.132142903174669,0.053020081750667684,62.311307066810016
2019-12-26,6.9949,69.26,61.72,64.83,61.68,61.48,61.16,60.73,4.1383975859325055,0.04925170332145416,62.70226591195348
2019-12-27,6.9954,68.91,61.76,64.82,61.72,61.53,61.21,60.79,4.138023510120946,0.046799318596574616,62.67881489744795
2019-12-30,6.9864,68.3,61.66,64.85,61.68,61.44,61.1,60.66,4.134445660612248,0.04332364422481136,62.454960228317375
2019-12-31,6.9618,67.77,61.14,64.89,61.06,60.77,60.41,59.97,4.123685927724189,0.04422793745215811,61.78656387030867
2020-01-02,6.9642,67.05,61.17,65.44,61.18,60.95,60.64,60.24,4.12465935558604,0.03899855810180978,61.84673791586276
2020-01-03,6.9649,69.08,63.0,67.83,63.05,62.82,62.48,62.02,4.154438032615901,0.038836530112968004,63.71614808784856
2020-01-06,6.9749,70.25,63.27,68.28,63.27,63.04,62.69,62.23,4.160824458405338,0.04434775443063858,64.12436868699388
2020-01-07,6.9443,68.74,62.7,67.92,62.7,62.51,62.21,61.81,4.150359064479461,0.039142151523502776,63.45678128409716
2020-01-08,6.9447,67.31,59.65,66.0,59.61,59.46,59.23,58.92,4.108009417863447,0.05131648772701403,60.825518790429
2020-01-09,6.9309,66.58,59.56,66.15,59.56,59.44,59.25,58.99,4.105857473851795,0.04738611879734581,60.69476641586504
2020-01-10,6.9178,66.77,59.02,66.07,59.04,58.99,58.85,58.63,4.101713901449486,0.05215871720060287,60.443793577925504
2020-01-13,6.8924,64.14,58.17,65.72,58.08,58.08,57.99,57.82,4.08177579260329,0.04232189987447802,59.2505932488119
2020-01-14,6.8837,64.45,58.34,65.84,58.23,58.26,58.19,58.02,4.0857308545238595,0.04311894060042719,59.485397039630634
2020-01-15,6.8899,63.29,57.86,65.49,57.81,57.84,57.77,57.58,4.0761139662714365,0.03856910595831781,58.916074566737336
2020-01-16,6.8769,64.63,58.52,65.74,58.52,58.53,58.43,58.21,4.089350993672134,0.04215618780283249,59.70113271517823
2020-01-17,6.8589,64.05,58.55,65.75,58.54,58.58,58.51,58.3,4.088663725465114,0.0383026683469017,59.66011612105501
2020-01-21,6.9049,63.66,58.25,65.59,58.34,58.38,58.34,58.16,4.085222947624952,0.03711585506715158,59.45519166749772
2020-01-22,6.904,62.11,56.76,65.26,56.74,56.76,56.66,56.43,4.056833690954251,0.03839956470379652,57.79103679799397
2020-01-23,6.9364,61.26,55.51,64.94,55.59,55.61,55.54,55.34,4.038325415655402,0.041234343535506306,56.7312619341346
2020-01-24,6.9161,59.34,54.09,64.64,54.19,54.2,54.12,53.91,4.011059652717965,0.03865121881993988,55.20533806689722
2020-01-27,6.9161,58.54,53.09,64.37,53.14,53.18,53.13,52.97,3.9939492928638227,0.04112746436446291,54.268790052360465
2020-01-28,6.9161,59.37,53.33,64.34,53.48,53.52,53.48,53.33,4.002083945265166,0.04440222644202339,54.71204822697351
2020-01-29,6.9161,59.46,53.29,64.37,53.33,53.41,53.42,53.31,4.001919259137894,0.04624783872123132,54.703038653532126
2020-01-30,6.9161,57.72,52.19,64.17,52.14,52.23,52.27,52.23,3.9787018559676026,0.043294081621593414,53.447606482233574
2020-01-31,6.9161,57.77,51.58,64.29,51.56,51.68,51.77,51.8,3.9717616564092744,0.048291682888923826,53.07795364330171
2020-02-03,7.0208,54.0,50.06,53.5,50.11,50.28,50.45,50.58,3.9371528421152737,0.031984951293586444,51.2724126342736
2020-02-04,6.9979,53.9,49.59,53.11,49.61,49.8,50.01,50.19,3.930295563112108,0.0351488413884746,50.92202611772295
2020-02-05,6.972,55.36,50.87,54.53,50.75,50.92,51.13,51.31,3.9531888079943474,0.036913187593726575,52.101243080974285
2020-02-06,6.9694,55.18,50.94,54.36,50.95,51.14,51.37,51.58,3.956334910356575,0.03391706926145772,52.26541704353646
2020-02-07,7.0003,54.53,50.34,54.08,50.32,50.55,50.82,51.04,3.945792643466424,0.03410014437720831,51.7173152618699
2020-02-10,6.982,53.39,49.59,53.0,49.57,49.78,50.03,50.25,3.928796296915262,0.03154675743833706,50.845737647941796
2020-02-11,6.965,54.0,50.0,53.49,49.94,50.17,50.45,50.68,3.9379542791164384,0.03317216784539784,51.31352071346523
2020-02-12,6.9708,55.54,51.13,54.59,51.17,51.41,51.68,51.91,3.9627959869715603,0.0347942801620796,52.60420118395356
2020-02-13,6.9759,56.34,51.41,54.96,51.42,51.66,51.93,52.15,3.9697472637561413,0.038724899834779135,52.97114142043616
2020-02-14,6.9859,57.37,52.03,55.34,52.05,52.32,52.6,52.79,3.9837813555035235,0.0412690400254876,53.71978425277394
2020-02-18,6.9949,57.35,52.1,55.15,52.05,52.29,52.58,52.82,3.9833627836072187,0.041144282002167805,53.69730336607209
2020-02-19,6.9975,59.72,53.31,55.65,53.29,53.49,53.74,53.9,4.0087808281303925,0.04822251385582503,55.079678018129314
2020-02-20,7.0225,59.57,53.77,55.54,53.78,53.88,54.06,54.13,4.012107703962942,0.043449740429227335,55.26322641986899
2020-02-21,7.0255,58.6,53.36,55.27,53.38,53.5,53.54,53.5,4.000562065808689,0.039628821672956095,54.62884641238001
2020-02-24,7.0286,56.71,51.36,54.68,51.43,51.58,51.67,51.72,3.966184910383709,0.0413986366536105,52.78277520886291
2020-02-25,7.0128,55.29,49.78,54.54,49.9,50.06,50.13,50.14,3.9369882528999627,0.04347567212829538,51.26397444254775
2020-02-26,7.0214,54.96,48.67,54.33,48.73,48.88,48.96,48.99,3.9172662609486895,0.05092484778425155,50.26285127203271
2020-02-27,7.0036,52.19,47.17,54.25,47.09,47.29,47.44,47.55,3.8819204183657914,0.043778030761039616,48.51729917492035
2020-02-28,6.9906,51.31,44.83,54.22,44.76,44.94,45.1,45.23,3.8389793488858084,0.05773554948922221,46.47801238768234
2020-03-02,6.9595,52.52,46.78,50.95,46.75,46.92,47.05,47.14,3.8762135279388255,0.04958269598101196,48.24120483412538
2020-03-03,6.9579,52.24,47.27,50.93,47.18,47.33,47.45,47.52,3.8816679262257026,0.04335857448843219,48.50505048463444
2020-03-04,6.9244,51.86,46.78,50.48,46.78,46.95,47.11,47.22,3.87486821448181,0.04374042315337856,48.17634892762299
2020-03-05,6.9366,51.29,45.9,49.72,45.9,46.06,46.21,46.34,3.857383661502192,0.04704084112940728,47.34132825672385
2020-03-06,6.9298,45.6,41.14,45.71,41.28,41.51,41.77,42.04,3.754189141576408,0.042208928623401726,42.699582453337634
2020-03-09,6.9448,35.33,31.05,36.26,31.13,31.47,31.94,32.46,3.492667686004907,0.05319871138921571,32.873527085288764
2020-03-10,6.9549,35.57,34.47,38.14,34.36,34.73,35.14,35.58,3.5663814732753725,0.015508548124849558,35.38830765237331
2020-03-11,6.9595,34.45,33.13,37.62,32.98,33.39,33.86,34.39,3.5321705550100715,0.018493152366682548,34.19811600609391
2020-03-12,7.0282,31.02,31.56,36.31,31.5,31.98,32.51,33.11,3.478564905724584,-0.0060249096433655225,32.41317272387443
2020-03-13,7.0079,32.25,31.72,36.96,31.73,32.11,32.59,33.15,3.4880517136103553,0.006814642195161652,32.722133474928995
2020-03-16,6.9913,27.98,28.96,35.45,28.7,29.0,29.55,30.22,3.3814019249332956,-0.010422085665011231,29.41197560567731
2020-03-17,7.003,27.97,26.96,35.27,26.95,27.33,28.05,28.96,3.343269567608527,0.015452061346041341,28.311542044798433
2020-03-18,7.0459,22.79,20.48,33.61,20.37,20.83,21.93,23.22,3.1147713441364693,0.047060746063513466,22.528278541537308
2020-03-19,7.1058,23.98,25.09,34.59,25.22,25.91,26.79,27.96,3.276825156377303,-0.019746808245227412,26.491532572773785
2020-03-20,7.095,25.55,19.48,34.05,22.43,22.63,24.36,25.93,3.2233512645358355,0.05408794463257461,25.11213673511641
2020-03-23,7.09,23.75,23.33,33.96,23.36,25.48,27.23,28.44,3.3077521301291775,0.008155851158757478,27.323636409043726
2020-03-24,7.061,24.5,21.03,33.99,24.01,26.2,28.05,29.3,3.3388797458572705,0.00880144199443859,28.187531812271853
2020-03-25,7.1099,25.62,20.75,34.15,24.49,27.16,29.19,30.46,3.3840333958145883,0.01917916464314865,29.489474286084494
2020-03-26,7.0709,23.55,16.6,34.07,22.6,25.71,28.27,29.85,3.351415111518385,0.01764504594579504,28.543096742859525
2020-03-27,7.0942,22.39,15.48,33.91,21.51,25.15,28.13,30.05,3.3462309280674014,0.017210808066386533,28.39550698981174
2020-03-30,7.0986,19.19,14.1,33.84,20.09,24.09,27.4,29.56,3.3012432969687233,-0.018595696889618547,27.146368946316407
2020-03-31,7.0808,14.85,20.51,33.7,20.48,24.51,27.69,29.79,3.251382050060486,-0.13396074068143715,25.826008099965282
2020-04-01,7.0989,14.97,20.28,22.46,20.31,23.74,26.42,28.31,3.208772233371935,-0.12939980219984054,24.74868195793848
2020-04-02,7.0857,20.24,25.18,26.16,25.32,28.05,29.92,30.91,3.3499670747670685,-0.0952799554153852,28.501795200072195
2020-04-03,7.0908,24.33,28.36,29.39,28.34,30.9,32.33,33.0,3.4429387427642424,-0.06501849109331687,31.27874341652597
2020-04-06,7.0895,22.58,26.21,27.45,26.08,29.98,32.04,32.93,3.4356777070499027,-0.061142382670411465,31.052449900362053
2020-04-07,7.0448,22.1,23.54,26.0,23.63,28.69,31.84,32.92,3.4460376771980514,-0.028945072129321774,31.375824537868272
2020-04-08,7.0649,25.22,24.97,26.16,25.09,30.17,32.92,33.65,3.4946454579659183,0.0016506787168766475,32.93860776157194
2020-04-09,7.0428,20.23,22.9,23.26,22.76,28.82,32.0,33.12,3.4391723242205616,-0.04923394692274603,31.161156157721773
2020-04-13,7.0501,20.23,22.36,24.74,22.41,29.26,32.96,34.42,3.4725152093377467,-0.04349117058040034,32.21767481769832
2020-04-14,7.0479,21.74,20.15,21.96,20.11,27.4,31.87,33.65,3.478492753392521,0.03156223343988516,32.41083412224163
2020-04-15,7.0664,19.8,19.96,21.46,19.87,26.04,29.96,31.49,3.398261189926065,-0.00117910830822918,29.912043439771
2020-04-16,7.0778,18.69,19.82,21.71,19.87,25.53,29.55,31.09,3.371946352349535,-0.025671511243366328,29.135179231918585
2020-04-17,7.0711,19.75,18.31,22.23,18.27,25.03,29.42,31.2,3.3983743258380703,0.03195042667527065,29.915427757525833
2020-04-20,7.0721,17.36,13.61,21.47,14.14,20.43,26.28,28.51,3.3131725001929833,0.08583892110585428,27.472142745923044
2020-04-21,7.0914,9.12,8.91,19.07,10.01,11.57,18.69,21.61,2.9069965489843774,-0.037835029215570276,18.3017475346411
2020-04-22,7.0831,13.77,13.64,20.0,13.78,20.69,23.76,25.77,3.167491625252482,-0.0005555992017037964,23.747841098960183
2020-04-23,7.0654,15.06,15.06,20.45,16.5,21.44,24.12,25.89,3.163099411962521,-0.038050654035950954,23.643764246860755
2020-04-24,7.0813,15.87,15.99,20.45,16.94,21.22,23.86,25.71,3.158551566405981,-0.027846922395632176,23.536480199242447
2020-04-27,7.0848,15.17,12.17,20.37,12.78,18.08,21.42,23.84,3.1033473561350484,0.0709215576717713,22.272380230451887
2020-04-28,7.0776,15.6,12.4,20.41,12.34,17.6,21.17,23.77,3.104258736395109,0.09889783888116992,22.292688090824353
2020-04-29,7.0755,17.86,15.04,20.38,15.06,19.12,22.19,24.5,3.1366763782432017,0.07271778703488362,23.027205810897016
2020-04-30,7.0622,18.11,19.23,20.39,18.84,21.85,24.37,26.37,3.184072296309974,-0.015259182381658201,24.144878719594594
2020-05-01,7.0622,18.49,19.72,25.3,19.78,22.29,24.2,25.69,3.1723168617243975,-0.028260315825673427,23.862706952545697
2020-05-04,7.0622,20.4,20.47,26.2,20.39,22.78,24.63,26.08,3.20490584743219,-0.00012976052187672893,24.653178747097503
2020-05-05,7.0622,25.46,24.56,28.94,24.56,26.49,28.09,29.26,3.3432393156126943,0.015231219000243063,28.310685577101466
2020-05-06,7.1031,24.2,23.88,27.35,23.99,25.62,27.04,28.19,3.2996546580390524,0.003876913402299075,27.103277405321634
2020-05-07,7.0825,24.23,23.68,27.14,23.55,24.83,26.49,27.81,3.283572087768184,0.011940369632827474,26.670873445447953
2020-05-08,7.0732,24.23,24.73,28.54,24.74,26.17,28.05,29.51,3.329595554455246,-0.008369872942474547,27.927044450122658
2020-05-11,7.0972,25.53,24.02,27.27,24.14,25.08,26.76,28.1,3.299968907459373,0.023158322914290326,27.11179593293613
2020-05-12,7.0816,26.67,25.76,26.81,25.78,26.33,27.43,28.49,3.31920093314983,0.01454380692197668,27.638256917644945
2020-05-13,7.0911,27.89,25.37,26.68,25.29,25.68,26.8,27.84,3.3102836678361314,0.04098326681383905,27.392894853097694
2020-05-14,7.0935,29.87,27.4,29.2,27.56,27.88,28.66,29.42,3.372899924068778,0.03432158746615687,29.162974965375657
2020-05-15,7.1013,30.95,29.44,29.8,29.43,29.52,30.12,30.69,3.415943822426686,0.021616305409352922,30.44567117857055
2020-05-18,7.1086,33.3,31.83,30.55,31.82,31.65,32.27,32.87,3.483792530935725,0.019353331738976527,32.58306031020208
2020-05-19,7.098,33.06,32.3,30.42,32.5,31.96,32.47,33.01,3.483960953535193,0.007398721392329364,32.58854849607245
2020-05-20,7.0928,34.76,33.56,30.57,33.49,33.94,34.38,34.65,3.545211721650322,0.015639146114380297,34.6470200900432
2020-05-21,7.1138,34.78,34.3,30.62,33.92,34.34,34.81,35.12,3.5550497174291613,0.01062893125587504,34.98955951539689
2020-05-22,7.1269,33.8,33.49,30.34,33.25,33.65,34.14,34.49,3.5339206659975266,0.006917485189692951,34.25801890773996
2020-05-26,7.134,33.95,34.7,30.59,34.35,34.77,35.24,35.56,3.5592463701994514,-0.004809716766122064,35.13670709495487
2020-05-27,7.1681,32.73,32.8,30.43,32.81,33.23,33.69,34.04,3.5167843322194567,-0.0012040188075428796,33.675963452940096
2020-05-28,7.1447,33.98,33.67,30.51,33.71,34.06,34.49,34.81,3.542211915853939,0.003265214519776169,34.543241493990536
2020-05-29,7.1348,34.15,35.57,30.47,35.49,35.84,36.2,36.43,3.5801329635023293,-0.016026991760138127,35.878311035818214
2020-06-01,7.1263,36.74,35.49,38.32,35.44,35.79,36.17,36.4,3.5964136519669507,0.014834632403020609,36.46721551773076
2020-06-02,7.0992,37.72,36.88,39.17,36.81,37.06,37.35,37.53,3.6255352956116123,0.01053419956940958,37.544815356387915
2020-06-03,7.1115,37.98,37.33,39.26,37.29,37.59,37.87,38.05,3.6381111000073827,0.007896822892674765,38.01995296727782
2020-06-04,7.1075,38.41,37.42,39.15,37.41,37.72,38.0,38.21,3.6433757424126707,0.011186043114708251,38.22064223900873
2020-06-05,7.0808,41.0,39.49,41.32,39.55,39.8,40.03,40.15,3.6972880707122466,0.015315803495386008,40.33776273247257
2020-06-08,7.07,39.66,38.17,40.69,38.19,38.43,38.65,38.8,3.6629254481896685,0.016020186501925493,38.97519617124985
2020-06-09,7.0765,40.45,38.98,40.82,38.94,39.16,39.38,39.53,3.6814683416896448,0.016202412525639694,39.70465128611411
2020-06-10,7.0599,41.18,39.54,41.52,39.6,39.78,39.97,40.09,3.696581365803321,0.016652097726401787,40.309265908143296
2020-06-11,7.064,37.76,36.43,39.44,36.34,36.57,36.81,37.0,3.6144828196620864,0.016228123059068195,37.13213694768777
2020-06-12,7.0825,38.54,36.24,39.5,36.26,36.51,36.78,37.0,3.618365621055782,0.025764509292983913,37.276593928173895
2020-06-15,7.0887,39.44,37.07,39.85,37.12,37.43,37.71,37.96,3.6430597548764014,0.02579115736469959,38.208566900361724
2020-06-16,7.0854,40.75,38.26,40.28,38.38,38.65,38.87,39.09,3.673143412648152,0.025488495230348705,39.37548492589128
2020-06-17,7.084,40.47,37.91,40.23,37.96,38.21,38.4,38.58,3.6620425717711065,0.02714984701482078,38.9408010751852
2020-06-18,7.0869,41.75,38.79,40.63,38.84,39.05,39.23,39.38,3.6850609219399253,0.030635341945118695,39.84754996596135
2020-06-19,7.0707,42.33,39.72,41.07,39.75,39.83,39.93,40.02,3.700643196836057,0.026780515139585515,40.47332830662169
2020-06-22,7.0678,43.2,40.6,41.12,40.46,40.73,40.85,40.95,3.723982923688729,0.027808665576301895,41.42907477897515
2020-06-23,7.0575,42.72,40.4,41.04,40.37,40.51,40.63,40.73,3.716717440701255,0.024062710509170915,41.12916336092477
2020-06-24,7.077,40.4,37.91,40.64,38.01,38.21,38.39,38.56,3.6613034967319957,0.025807373147574697,38.91203153384207
2020-06-25,7.0768,41.18,38.66,40.78,38.72,38.91,39.08,39.26,3.6789474218991502,0.026176347145572473,39.60468510121993
2020-06-26,7.0768,40.97,38.53,40.81,38.49,38.65,38.8,38.94,3.6720252948148393,0.026509522397008684,39.331483098198625
2020-06-29,7.0794,41.58,39.67,40.8,39.7,39.81,39.92,40.04,3.6967442176734657,0.019798695828878478,40.315830882025224
2020-06-30,7.0651,41.64,39.27,40.79,39.27,39.34,39.48,39.58,3.6885788096205867,0.024785144497840337,39.987976027827095
2020-07-01,7.0703,42.18,39.88,42.26,39.82,39.92,40.09,40.23,3.703592328020377,0.024490506953291722,40.59286564026473
2020-07-02,7.066,43.19,40.57,43.2,40.65,40.76,40.91,41.02,3.724480886769487,0.025758295934404558,41.4497100660642
2020-07-06,7.0159,42.73,40.51,42.89,40.63,40.73,40.88,40.99,3.7215569402669115,0.021490105634265257,41.32869034509982
2020-07-07,7.0127,43.28,40.59,43.09,40.62,40.7,40.84,40.94,3.7234895577003324,0.02685572133940648,41.40864012384488
2020-07-08,7.0041,43.67,40.91,43.29,40.9,41.04,41.18,41.29,3.7321569151351426,0.027827651038862478,41.76910348449162
2020-07-09,6.9923,42.35,39.64,42.79,39.62,39.83,40.02,40.2,3.7040074267847944,0.028269030449882087,40.609719186337244
2020-07-10,6.999,43.27,40.56,43.4,40.55,40.76,40.94,41.1,3.7261442019883195,0.027623325333000347,41.518711369183734
2020-07-13,6.9959,42.85,40.06,43.1,40.1,40.32,40.49,40.64,3.7155335506262603,0.02815852665515621,41.08049976448724
2020-07-14,7.006,42.97,40.3,43.22,40.29,40.55,40.73,40.88,3.720944833214914,0.02738280226048871,41.303400503124706
2020-07-15,6.9885,43.96,41.2,43.78,41.2,41.4,41.57,41.69,3.741383072080536,0.027567133157265455,42.15625500278816
2020-07-16,6.9881,43.71,40.74,43.3,40.75,40.93,41.1,41.24,3.7312986625688342,0.02972766967032183,41.73327042334155
2020-07-17,6.9912,43.53,40.55,43.0,40.59,40.75,40.94,41.11,3.727315750197427,0.029688601023714522,41.56738104500182
2020-07-20,6.9829,43.3,40.83,43.05,40.81,40.92,41.09,41.24,3.7285830821960206,0.02523663080847262,41.62009411252116
2020-07-21,6.98,44.31,41.76,43.58,41.96,41.92,42.06,42.17,3.7508117702166026,0.02320816812629947,42.55561336187742
2020-07-22,6.9988,43.98,41.88,43.62,41.9,42.04,42.17,42.28,3.7521884396171585,0.020631134479354777,42.614238717222015
2020-07-23,7.0034,42.96,40.99,43.3,41.07,41.21,41.37,41.51,3.7324095936376183,0.01912976705282492,41.779658972526136
2020-07-24,7.0168,43.29,41.23,43.28,41.29,41.45,41.64,41.82,3.739345653628116,0.020094384117630187,42.07045250843423
2020-07-27,6.995,43.39,41.46,43.33,41.6,41.8,42.0,42.18,3.7467853334411036,0.017952226825092663,42.38461037262329
2020-07-28,6.9998,43.11,40.89,43.28,41.04,41.28,41.52,41.74,3.7369701745347195,0.020848891948174724,41.97063363381459
2020-07-29,7.0014,43.51,41.13,43.29,41.27,41.54,41.81,42.04,3.7446249438049803,0.022433624286920976,42.29314193894698
2020-07-30,7.008,42.98,39.85,43.28,39.92,40.24,40.6,40.92,3.7200692374063453,0.031185368331772947,41.267251247142575
2020-07-31,6.9744,43.13,40.1,42.54,40.27,40.57,40.91,41.22,3.726263675824577,0.02916888334690615,41.52367206523827
2020-08-03,6.9799,43.76,40.83,43.39,41.01,41.31,41.68,41.99,3.7440668037028826,0.02760735288650786,42.2695430267494
2020-08-04,6.972,43.99,41.67,43.4,41.7,41.91,42.21,42.46,3.754187065198995,0.022796527919110694,42.69949379298113
2020-08-05,6.9353,44.92,42.25,43.88,42.19,42.43,42.76,43.04,3.769211787530047,0.02656577154896888,43.34588559982022
2020-08-06,6.952,45.04,41.93,43.61,41.95,42.2,42.56,42.89,3.7664103840632555,0.030089694309891883,43.224626213165045
2020-08-07,6.967,44.07,41.16,43.33,41.22,41.49,41.86,42.19,3.7489267459105133,0.028383509636388044,42.47547055562967
2020-08-10,6.9611,44.19,41.94,43.78,41.94,42.17,42.5,42.8,3.760775646233756,0.022312078286326312,42.98175168642822
2020-08-11,6.9451,43.68,41.53,43.38,41.61,41.87,42.2,42.51,3.753016777450647,0.02063802787876136,42.6495523271772
2020-08-12,6.9363,45.09,42.6,43.97,42.67,42.95,43.25,43.52,3.778912755471693,0.023399140962749684,43.76842887204783
2020-08-13,6.944,44.87,42.26,43.59,42.24,42.52,42.84,43.15,3.7706557737788944,0.025581446881062783,43.40852167450222
2020-08-14,6.9501,44.86,42.05,43.39,42.01,42.31,42.67,43.0,3.7677913703498795,0.027805007890840942,43.28436006553204
2020-08-17,6.9318,44.91,42.89,43.78,42.89,43.17,43.48,43.78,3.7821582605914843,0.01969047004884953,43.91071029468901
2020-08-18,6.9215,45.34,42.89,43.96,42.89,43.12,43.44,43.76,3.783495914676198,0.02350628800613468,43.96948693832193
2020-08-19,6.9192,45.21,42.91,43.96,42.93,43.11,43.39,43.69,3.781474905646685,0.02198380320841733,43.880713943924086
2020-08-20,6.9143,44.56,42.62,43.78,42.58,42.82,43.09,43.39,3.7731957306208894,0.0193321479073941,43.518917587206666
2020-08-21,6.9179,43.94,42.32,43.69,42.34,42.62,42.93,43.23,3.7676468225925457,0.015812778712142393,43.278103860528034
2020-08-24,6.918,44.43,42.44,43.91,42.62,42.93,43.27,43.6,3.776517739880911,0.01764216963634705,43.66372823239518
2020-08-25,6.9116,46.01,43.17,44.0,43.35,43.65,43.94,44.24,3.795756984615535,0.02515308438225731,44.51191849301647
2020-08-26,6.8855,45.79,43.21,43.96,43.39,43.69,44.0,44.31,3.79584376805157,0.02287373877696005,44.51578155787041
2020-08-27,6.8925,44.84,42.88,43.96,43.04,43.31,43.61,43.91,3.784184891229108,0.017470910956112293,43.99979132217211
2020-08-28,6.8647,45.22,42.96,43.94,42.97,43.29,43.62,43.94,3.7866459568091146,0.021588361700760846,44.108211053433536
2020-08-31,6.8474,45.22,42.61,43.99,42.61,42.9,43.21,43.53,3.779070744733144,0.02515605348377665,43.77534436007224
2020-09-01,6.8272,45.72,42.76,44.85,42.76,43.08,43.41,43.75,3.7852777024131123,0.028362002835521302,44.04790106886959
2020-09-02,6.8375,42.7,42.76,43.83,41.51,41.85,42.22,42.6,3.749096784550321,0.012266388641122745,42.48269364095253
2020-09-03,6.8474,42.72,41.39,43.61,41.37,41.72,42.11,42.5,3.74738859469922,0.013638179608408395,42.41018707994411
2020-09-04,6.8409,41.1,39.69,42.61,39.77,40.15,40.59,41.02,3.710947881496085,0.013953360089976224,40.89254945319245
2020-09-08,6.8435,38.53,36.87,40.2,36.76,37.19,37.71,38.21,3.640646320613959,0.019809433512550566,38.11646422247042
2020-09-09,6.8308,39.98,38.05,40.78,38.05,38.41,38.87,39.34,3.671013305593443,0.02104705956259766,39.29170019457176
2020-09-10,6.8335,39.27,37.25,40.25,37.3,37.66,38.11,38.6,3.6519020562309192,0.021836537002617843,38.547916668637995
2020-09-11,6.833,38.8,37.33,40.24,37.33,37.65,38.08,38.56,3.6482162211921008,0.01652287450848871,38.40609692934563
2020-09-14,6.808,38.57,37.23,40.15,37.26,37.56,37.99,38.47,3.645011717375845,0.014739544298417225,38.28322142782394
2020-09-15,6.7819,39.54,38.29,40.69,38.28,38.55,38.93,39.38,3.668868093694175,0.01383266529903417,39.20750151606514
2020-09-16,6.7529,41.23,40.17,41.58,40.16,40.41,40.72,41.1,3.7123487654677887,0.011289049947624249,40.94987531434851
2020-09-17,6.7628,42.35,40.99,42.02,40.97,41.22,41.53,41.87,3.7336242166500413,0.014054937650731136,41.8304363392017
2020-09-18,6.7675,42.16,41.09,42.01,41.11,41.32,41.61,41.93,3.733841050447544,0.010780164968792395,41.83950757500403
2020-09-21,6.8043,40.37,39.26,41.41,39.31,39.54,39.85,40.19,3.6911829306538095,0.011270472314301484,40.092245263206976
2020-09-22,6.7779,40.84,39.55,41.5,39.6,39.8,40.09,40.4,3.697913010955058,0.01309925683506048,40.362979302313015
2020-09-23,6.8089,41.09,39.92,41.49,39.93,40.22,40.53,40.86,3.70829628320151,0.012212146449045488,40.7842624690397
2020-09-24,6.8273,41.24,40.11,41.56,40.31,40.58,40.9,41.24,3.7161081055084373,0.009760831781059461,41.104109548097924
2020-09-25,6.822,40.91,40.06,41.6,40.25,40.51,40.81,41.13,3.712530640010438,0.006982844389666036,40.95732373151105
2020-09-28,6.8106,41.59,40.47,41.62,40.6,40.87,41.18,41.5,3.723243865203573,0.010205894497408817,41.398467581375286
2020-09-29,6.815,40.33,39.03,41.53,39.29,39.56,39.88,40.23,3.691800788394798,0.011076768251152187,40.117024221443764
2020-09-30,6.7896,40.3,40.05,41.49,40.22,40.47,40.79,41.13,3.70880390650433,0.0010858424556824276,40.80497076661983
2020-10-01,6.7898,39.75,38.51,40.3,38.72,39.01,39.38,39.76,3.6792859639869224,0.010962829189842867,39.61809522381702
2020-10-02,6.7898,38.0,36.9,38.48,37.05,37.34,37.74,38.15,3.6364889694036147,0.010719131567129572,37.95832963207724
2020-10-05,6.7896,39.78,39.12,40.42,39.22,39.5,39.89,40.28,3.6890621642211956,0.006197278954345716,40.007309071990704
2020-10-06,6.7896,41.27,40.52,41.56,40.67,40.93,41.27,41.61,3.7232640368476493,0.0062870079786356906,41.39930266495112
2020-10-07,6.7896,40.62,39.82,40.98,39.95,40.23,40.59,40.94,3.7072788348716426,0.007052132034975564,40.742787692104855
2020-10-08,6.7896,42.0,41.04,41.88,41.19,41.47,41.81,42.14,3.7373188370060846,0.008302367585766529,41.98526977004956
2020-10-09,6.6933,41.63,40.44,41.48,40.6,40.91,41.27,41.6,3.7256913724421965,0.010594813885318027,41.49991472611768
2020-10-12,6.6933,40.5,39.22,40.78,39.43,39.73,40.11,40.47,3.6976294930151763,0.01133794243601913,40.35153729565746
2020-10-13,6.7452,41.34,40.03,41.24,40.2,40.49,40.85,41.19,3.715973414568071,0.01190039114897727,41.098573569761406
2020-10-14,6.7136,41.81,40.86,41.78,41.04,41.34,41.66,41.97,3.733516560738668,0.008001072420395033,41.82593328784886
2020-10-15,6.7233,41.61,40.84,41.65,40.96,41.24,41.55,41.84,3.730356939257153,0.006723785404866664,41.693987729328676
2020-10-16,6.6962,41.34,40.7,41.48,40.88,41.12,41.42,41.7,3.726232443304923,0.004803478775822041,41.52237519658673
2020-10-19,6.6803,41.29,40.69,41.37,40.83,41.06,41.34,41.63,3.724324185103713,0.004778559974850062,41.443215336331775
2020-10-20,6.6754,41.62,41.37,41.59,41.46,41.7,41.97,42.24,3.7377450941208763,0.001729930263583387,42.00317010480699
2020-10-21,6.6503,40.09,39.88,41.07,40.03,40.31,40.61,40.9,3.7045321152886297,0.0006546995195054117,40.63103223000383
2020-10-22,6.6821,41.28,40.46,41.31,40.64,40.94,41.23,41.5,3.722597588030346,0.006577808469504751,41.3717213404443
2020-10-23,6.6861,40.71,39.73,41.14,39.85,40.15,40.45,40.73,3.7048555359566775,0.009027565799935139,40.64417527084209
2020-10-26,6.7119,39.06,38.39,40.89,38.56,38.89,39.22,39.54,3.672194700815677,0.005544885204102144,39.338146651864356
2020-10-27,6.7044,39.72,39.34,40.98,39.57,39.87,40.18,40.46,3.6941523606536824,0.0017508059775885676,40.21147331111704
2020-10-28,6.7279,37.86,37.27,40.75,37.39,37.72,38.08,38.43,3.642818476426825,0.005255657026126008,38.19934910865144
2020-10-29,6.714,36.56,35.94,40.68,36.17,36.51,36.87,37.25,3.610101912462069,0.00462910155603112,36.96982030825183
2020-10-30,6.6919,36.33,35.64,40.66,35.79,36.15,36.57,37.0,3.602811978326507,0.0064269743908615656,36.70129271662827
2020-11-02,6.6899,37.78,36.6,38.36,36.81,37.18,37.63,38.08,3.633514449727446,0.011026909565583502,37.845589590572786
2020-11-03,6.6759,38.17,37.44,39.16,37.66,37.99,38.41,38.83,3.651243886033895,0.005859719652958034,38.52255392614551
2020-11-04,6.6504,39.68,38.97,40.55,39.15,39.47,39.86,40.24,3.688261884357823,0.005794642841890073,39.97530483603355
2020-11-05,6.6027,39.47,38.56,40.14,38.79,39.11,39.48,39.87,3.67972840341247,0.007369898440675041,39.63562770935455
2020-11-06,6.608,38.08,36.97,39.28,37.14,37.49,37.9,38.34,3.6407160744716873,0.010542876526677509,38.11912308562479
2020-11-09,6.628,40.93,40.05,41.4,40.29,40.62,40.97,41.31,3.7160177041116413,0.006882396359011474,41.100393847135535
2020-11-10,6.6146,42.25,41.18,42.19,41.36,41.67,41.98,42.27,3.741785190148781,0.009054004947022456,42.1732102033821
2020-11-11,6.6146,42.5,41.23,42.36,41.45,41.74,42.06,42.37,3.744582599966164,0.010613030954609548,42.291351122876975
2020-11-12,6.6114,42.16,40.9,42.37,41.12,41.41,41.74,42.05,3.736969198674757,0.010616302140520988,41.97059267637361
2020-11-13,6.6039,41.51,39.93,41.87,40.13,40.4,40.7,41.01,3.713773889236505,0.014284212982962782,41.008275558889125
2020-11-16,6.583,42.71,41.14,42.52,41.34,41.57,41.82,42.09,3.740396823609965,0.01389914235382298,42.11469895642866
2020-11-17,6.5556,42.54,41.24,42.49,41.43,41.65,41.9,42.17,3.7410442573269416,0.011290566250703063,42.14197426103654
2020-11-18,6.5588,42.91,41.64,42.69,41.82,42.01,42.24,42.49,3.7489599665721354,0.010957745858972988,42.47688164230272
2020-11-19,6.5823,43.09,41.57,42.6,41.74,41.9,42.11,42.34,3.747258048650095,0.013480188542160314,42.404650958945396
2020-11-20,6.5608,43.79,41.99,42.84,42.15,42.42,42.64,42.84,3.761047822420683,0.016178705337536646,42.99345188789556
2020-11-23,6.585,45.0,42.91,43.08,43.06,43.28,43.46,43.59,3.7812919226940194,0.018677206531721825,43.87268525590047
2020-11-24,6.59,46.63,44.71,43.4,44.91,45.11,45.25,45.35,3.8200642932479223,0.01601649416565292,45.6071404577779
2020-11-25,6.575,47.3,45.58,43.52,45.71,45.91,46.03,46.11,3.8364896151449694,0.014518884860654006,46.36243844590619
2020-11-30,6.576,46.84,45.2,43.39,45.34,45.51,45.65,45.74,3.8279559214105423,0.013779862890854035,45.968478951067574
2020-12-01,6.5705,47.03,44.54,46.96,44.55,44.73,44.88,44.98,3.8158985620787815,0.022847521365030998,45.41754853988907
2020-12-02,6.5622,47.8,45.23,47.67,45.28,45.44,45.57,45.64,3.83093949649186,0.023031110921624968,46.10583416229335
2020-12-03,6.5418,48.37,45.65,48.04,45.64,45.79,45.91,45.96,3.8392562162396016,0.024664127233841298,46.490882413544476
2020-12-04,6.5301,49.1,46.23,48.35,46.26,46.42,46.54,46.6,3.853166778674838,0.025311567363889564,47.142115745683654
2020-12-07,6.5295,48.63,45.72,48.23,45.76,45.95,46.09,46.19,3.8438315187688694,0.025817805658736318,46.70407961437355
2020-12-08,6.5307,48.84,45.64,48.28,45.6,45.8,45.96,46.09,3.842710770514112,0.02909202316109403,46.65176541965278
2020-12-09,6.541,48.81,45.48,48.42,45.52,45.72,45.87,45.99,3.840972908384356,0.029626206238186684,46.570761490461265
2020-12-10,6.5419,50.33,46.76,49.29,46.78,46.96,47.07,47.15,3.867404004338595,0.031065478648645155,47.81808926136307
2020-12-11,6.5445,50.01,46.59,49.22,46.57,46.75,46.87,46.96,3.8628370015182654,0.030269217141604073,47.60020183779834
2020-12-14,6.548,50.27,47.02,49.46,46.99,47.15,47.27,47.36,3.8704565808814544,0.028689384701809702,47.96428065565684
2020-12-15,6.5388,50.77,47.58,49.81,47.62,47.78,47.88,47.95,3.8825103052780725,0.02723974220335524,48.54592733758197
2020-12-16,6.5323,50.83,47.86,49.96,47.82,48.0,48.12,48.19,3.886884049858227,0.025950578589242657,48.75871983495911
2020-12-17,6.5321,51.2,48.34,50.08,48.36,48.54,48.65,48.73,3.8969465774024,0.024273356958496244,49.25183261597228
2020-12-18,6.5395,52.17,49.04,50.34,49.1,49.24,49.34,49.4,3.9117992221521636,0.02573477119662721,49.98881208808135
2020-12-21,6.5493,50.61,47.79,49.86,47.74,47.97,48.09,48.17,3.8858038887486233,0.024775855997365762,48.70608099637048
2020-12-22,6.5426,49.88,47.02,49.57,47.02,47.16,47.26,47.32,3.86853420957653,0.02505812365230636,47.872164068373266
2020-12-23,6.54,51.05,47.94,49.81,48.12,48.24,48.33,48.37,3.890750594107978,0.025124953229807137,48.947612528409685
2020-12-24,6.54,50.88,48.18,49.84,48.23,48.35,48.43,48.45,3.8916463578466485,0.022758074226679182,48.991477668274875
2020-12-28,6.5346,50.88,47.5,49.77,47.62,47.77,47.87,47.93,3.882916792150567,0.028012667433299807,48.56566463096134
2020-12-29,6.53,50.44,47.85,49.78,48.0,48.14,48.25,48.3,3.8870293065166237,0.021187261691767906,48.765802878087165
2020-12-30,6.5208,50.74,48.24,49.82,48.4,48.5,48.57,48.59,3.8931708845810538,0.020083325629882253,49.066223447230435
2020-12-31,6.525,51.22,48.35,49.81,48.52,48.63,48.69,48.69,3.8971775340080854,0.022948906284649108,49.263208965728055
2021-01-04,6.4601,50.37,47.47,50.61,47.62,47.76,47.87,47.92,3.8807427502281517,0.023826200312098218,48.46019552872982
2021-01-05,6.455,53.16,49.78,52.84,49.93,50.01,50.04,50.01,3.9262580113239496,0.026645007004371803,50.71684030303303
2021-01-06,6.4617,53.8,50.45,53.63,50.63,50.69,50.67,50.57,3.9384115191777385,0.025838157783041788,51.33698867565914
2021-01-07,6.476,53.7,50.63,53.78,50.83,50.87,50.83,50.73,3.9403342306999805,0.023394771240012064,51.43578984794171
2021-01-08,6.475,55.51,52.14,55.06,52.24,52.26,52.19,52.04,3.9679282536220333,0.025794884758721576,52.87487395966461
2021-01-11,6.4795,54.84,52.15,54.78,52.25,52.27,52.2,52.06,3.9654783731463064,0.02065647783721475,52.74549538402744
2021-01-12,6.461,55.98,53.08,55.37,53.21,53.24,53.16,53.0,3.984186231139748,0.0215770293047039,53.741538488183906
2021-01-13,6.4677,55.52,52.81,54.96,52.91,52.96,52.92,52.81,3.97917454798691,0.020477254421650326,53.47287671131609
2021-01-14,6.4736,55.76,53.47,55.17,53.57,53.62,53.53,53.37,3.9887865164791005,0.017106867955551545,53.98933442882088
2021-01-15,6.48,54.8,52.25,54.53,52.36,52.42,52.36,52.23,3.968069331264555,0.01929989930947071,52.882333948437925
2021-01-19,6.4777,55.38,52.87,54.89,52.98,52.98,52.9,52.75,3.977907803060795,0.018856003355516494,53.405183100378345
2021-01-20,6.4777,55.66,53.16,54.97,53.24,53.31,53.2,52.98,3.983584648834934,0.01890285161268357,53.70921825221168
2021-01-21,6.4595,55.68,53.0,54.95,53.13,53.05,52.87,52.61,3.977943531711339,0.01990354057032519,53.40709122958983
2021-01-22,6.481,55.22,52.28,54.76,52.27,52.19,52.04,51.82,3.9639404077885314,0.023259631515742885,52.664436987828324
2021-01-25,6.4784,55.44,52.78,54.87,52.77,52.67,52.5,52.26,3.971385555388596,0.021030792169478882,53.05799472428113
2021-01-26,6.4635,55.26,52.61,54.82,52.61,52.52,52.36,52.12,3.968731242669894,0.02089176818219006,52.917348955557195
2021-01-27,6.4822,55.07,52.81,54.81,52.85,52.73,52.53,52.26,3.9701844069904126,0.017563374054922056,52.99430245849645
2021-01-28,6.4491,54.87,52.26,54.76,52.34,52.24,52.06,51.81,3.9626216521243993,0.02002418017132288,52.595031237923926
2021-01-29,6.4282,55.25,52.16,54.77,52.2,52.08,51.88,51.63,3.961229614200107,0.024065062659489503,52.521867894700094
2021-02-01,6.4669,56.42,53.55,55.66,53.55,53.42,53.19,52.9,3.9849941425249282,0.02225356201745998,53.78497443282008
2021-02-02,6.457,57.62,54.77,56.71,54.76,54.62,54.36,54.01,4.0064720027557845,0.02167764043759062,54.95265535289851
2021-02-03,6.4614,58.61,55.67,57.69,55.69,55.54,55.28,54.92,4.023319461013338,0.021743296664139187,55.88631069609743
2021-02-04,6.4715,58.98,56.19,57.97,56.23,56.07,55.8,55.42,4.0319584072064165,0.020332548540467232,56.37120098200951
2021-02-05,6.4664,59.48,56.8,58.4,56.85,56.7,56.4,56.01,4.042103679799079,0.0192572267612676,56.946013064704815
2021-02-08,6.4475,60.17,57.95,59.36,57.97,57.83,57.55,57.15,4.060500244978671,0.01592633883958303,58.00331969207006
2021-02-09,6.4344,60.74,58.34,59.63,58.36,58.25,57.97,57.56,4.068440857175503,0.016988128995838344,58.46573506069882
2021-02-10,6.4576,61.17,58.69,59.69,58.68,58.57,58.31,57.91,4.074626550379633,0.017659841107838508,58.82850700198237
2021-02-11,6.4567,61.09,58.22,59.56,58.24,58.14,57.88,57.49,4.068645002298752,0.02024826881839157,58.47767177375808
2021-02-12,6.4567,62.47,59.5,60.23,59.47,59.38,59.06,58.6,4.08898780382002,0.020918871907208026,59.67945380663443
2021-02-16,6.4567,63.96,60.07,60.6,60.05,60.08,59.78,59.32,4.104162756308513,0.026691873396336614,60.591993040953106
2021-02-17,6.4567,65.02,61.09,60.89,61.14,61.16,60.76,60.18,4.119966862342436,0.026136225216567235,61.55720236913734
2021-02-18,6.4869,64.09,60.4,60.59,60.52,60.53,60.19,59.67,4.109733701755643,0.024341279599813512,60.93048972655307
2021-02-19,6.4555,62.84,59.12,60.2,59.24,59.26,59.06,58.66,4.091245223570102,0.025008708992168865,59.81432756039363
2021-02-22,6.4625,64.73,61.67,60.62,61.49,61.7,61.4,60.9,4.1281325173963666,0.02188571651050622,62.06191510037107
2021-02-23,6.464,65.16,61.66,60.63,61.67,61.43,60.96,60.37,4.1219542410961125,0.023319525560107402,61.67966149128415
2021-02-24,6.4556,66.85,63.21,60.81,63.22,63.0,62.52,61.93,4.14723119218015,0.023691693384560585,63.258606669730035
2021-02-25,6.4541,66.69,63.43,60.84,63.53,63.22,62.7,62.07,4.148570871917829,0.020630421632390667,63.343409735110185
2021-02-26,6.473,65.86,61.55,60.85,61.5,61.23,60.74,60.12,4.12139920475572,0.02887479418895475,61.64543653661881
2021-03-01,6.4648,64.56,60.54,62.28,60.64,60.42,59.96,59.38,4.1071112782118195,0.026625056448740247,60.770913505428965
2021-03-02,6.4702,63.17,59.7,61.33,59.75,59.57,59.17,58.65,4.092344179533154,0.023678269279304765,59.88009700458437
2021-03-03,6.4675,64.7,61.33,62.55,61.28,61.1,60.69,60.15,4.117285344454367,0.02311253138670887,61.392356746864834
2021-03-04,6.4694,67.32,63.81,64.8,63.83,63.62,63.15,62.52,4.156710312689074,0.022671978081622593,63.86109363756417
2021-03-05,6.496,69.95,66.08,66.89,66.09,65.92,65.45,64.81,4.193273071930596,0.024126786821421296,66.23924234151504
2021-03-08,6.525,68.0,65.03,65.84,65.05,64.93,64.52,63.94,4.176412420285756,0.01891280372945576,65.13176815548917
2021-03-09,6.505,67.03,64.02,65.37,64.01,63.99,63.69,63.2,4.163917250355067,0.019563162796017188,64.32299902106864
2021-03-10,6.505,67.53,64.45,65.54,64.44,64.42,64.09,63.58,4.1702555857432655,0.019902519847352494,64.73199456824919
2021-03-11,6.4932,69.34,66.02,66.65,66.02,66.0,65.66,65.11,4.194855841991656,0.020853277937416266,66.34416684493745
2021-03-12,6.5081,68.87,65.59,66.5,65.61,65.64,65.36,64.84,4.190252384418632,0.020595198570751375,66.03945618705625
2021-03-15,6.4996,68.78,65.36,66.38,65.39,65.44,65.2,64.71,4.18825265399981,0.021448459788263236,65.90752703301229
2021-03-16,6.5052,67.95,64.82,66.05,64.8,64.86,64.68,64.25,4.179597863066062,0.020175060296117778,65.33957247479633
2021-03-17,6.503,67.73,64.55,65.77,64.6,64.63,64.45,64.05,4.176006649381751,0.020095717492441073,65.10534494029376
2021-03-18,6.5054,62.11,59.95,63.9,60.0,60.06,59.94,59.66,4.101012019103769,0.014728202996770858,60.401384031302086
2021-03-19,6.507,64.0,61.43,64.57,61.42,61.44,61.31,61.01,4.124736478315702,0.017497396610419467,61.85150788904584
2021-03-22,6.507,63.89,61.48,64.71,61.55,61.56,61.49,61.23,4.126875500104328,0.015918343272937237,61.983951211157155
2021-03-23,6.516,59.96,57.75,63.72,57.76,57.78,57.64,57.38,4.062582065130465,0.01587537625784632,58.12419795161733
2021-03-24,6.523,63.7,61.12,64.5,61.18,61.16,60.96,60.6,4.118701983391268,0.017237606144099492,61.479389182073575
2021-03-25,6.5452,61.21,58.47,64.05,58.56,58.57,58.4,58.07,4.077065502012537,0.018784694396826528,58.97216199777864
2021-03-26,6.5412,63.77,60.93,64.43,60.97,60.96,60.76,60.4,4.116448319846558,0.01915561618259377,61.340991333592704
2021-03-29,6.5696,64.06,61.49,64.42,61.56,61.53,61.3,60.87,4.12425028268932,0.016993387528097235,61.82144326566148
2021-03-30,6.5716,63.28,60.55,64.41,60.55,60.56,60.35,59.94,4.1097128006758314,0.018727686136953543,60.929216226833134
2021-03-31,6.5518,63.52,59.19,64.41,59.16,59.18,59.03,58.69,4.09359217903902,0.030017210920386478,59.9548739871705
2021-04-01,6.5645,63.85,61.41,63.27,61.45,61.48,61.35,61.04,4.124525585331252,0.016567923660194744,61.838465215306925
2021-04-05,6.5649,63.85,58.73,60.71,58.65,58.68,58.61,58.39,4.089543770988522,0.035671534148648584,59.71264284873904
2021-04-06,6.537,61.47,59.34,60.96,59.33,59.37,59.32,59.13,4.090313016567788,0.015421257806348065,59.758594206950384
2021-04-07,6.5415,61.86,59.77,61.46,59.77,59.81,59.73,59.5,4.097164841644716,0.014644889364764357,60.16945560912017
2021-04-08,6.5505,62.09,59.61,61.47,59.6,59.63,59.52,59.25,4.095126445837186,0.017354524266322356,60.04693136194568
2021-04-09,6.5522,61.89,59.29,61.19,59.32,59.35,59.27,59.04,4.091230106943705,0.018014363787281027,59.81342337638484
2021-04-12,6.5475,62.38,59.7,61.3,59.7,59.75,59.69,59.48,4.09856961421251,0.018660325520802507,60.254039406368264
2021-04-13,6.5431,62.83,60.2,61.53,60.18,60.24,60.19,60.0,4.106718942666863,0.018326760218195164,60.747075592497346
2021-04-14,6.5292,66.11,63.15,63.26,63.15,63.22,63.12,62.85,4.154655170333975,0.019487460920551924,63.72998476902717
2021-04-15,6.522,66.13,63.42,63.48,63.46,63.51,63.4,63.11,4.158211589256517,0.01753559411322656,63.95703880310756
2021-04-16,6.5203,65.98,63.16,63.42,63.13,63.19,63.09,62.81,4.1540178894942,0.01872087394521011,63.68938380929563
2021-04-19,6.5085,66.54,63.33,63.47,63.38,63.43,63.31,63.0,4.158434239126967,0.02062334991553412,63.971280414899105
2021-04-20,6.4981,65.34,62.61,63.23,62.44,62.67,62.6,62.31,4.146487648263812,0.019286165771966148,63.2115885997509
2021-04-21,6.4903,64.02,61.34,62.71,61.35,61.27,61.01,60.63,4.120233020409535,0.018093521479095445,61.57358849568907
2021-04-22,6.491,65.07,61.45,62.68,61.43,61.34,61.07,60.7,4.124420548746287,0.024341701365923937,61.831970255211424
2021-04-23,6.4945,65.75,62.18,62.8,62.14,62.02,61.72,61.34,4.134660576460637,0.023991786308192754,62.46838423154479
2021-04-26,6.4844,65.5,62.02,62.62,61.91,61.8,61.52,61.14,4.13144351091038,0.023926482396615562,62.267742256891054
2021-04-27,6.483,66.25,63.03,62.75,62.94,62.8,62.48,62.06,4.145706645374736,0.021807703492342834,63.1622394398581
2021-04-28,6.4771,67.08,63.81,62.81,63.86,63.75,63.44,63.0,4.160491573745088,0.02090285359654787,64.10302622079664
2021-04-29,6.471,68.26,65.0,62.9,65.01,64.88,64.52,64.02,4.177247113549916,0.020706860247604597,65.18615589903521
2021-04-30,6.4749,67.73,63.5,62.89,63.58,63.48,63.14,62.65,4.1589775465621415,0.026690822876502266,64.00604593051254
2021-05-03,6.4749,67.73,64.46,65.03,64.49,64.41,64.1,63.62,4.170786682092331,0.02093089159798623,64.76638262510953
2021-05-04,6.4749,68.91,65.72,66.35,65.69,65.61,65.33,64.87,4.189583193910748,0.020358268332294063,65.99527799329262
2021-05-05,6.4749,69.71,65.63,66.65,65.63,65.59,65.35,64.91,4.192709009227684,0.025517356736892156,66.2018897910217
2021-05-06,6.4635,68.62,64.73,66.01,64.71,64.67,64.47,64.11,4.178820598774728,0.024900937837037704,65.28880609030536
2021-05-07,6.431,68.73,64.96,66.15,64.9,64.88,64.71,64.38,4.182190283908306,0.024357723857949633,65.50917989622116
2021-05-10,6.4156,68.61,64.92,66.2,64.92,64.93,64.78,64.48,4.18284123961569,0.023488763627091284,65.5518373533119
2021-05-11,6.4285,68.83,65.31,66.32,65.28,65.3,65.15,64.86,4.188013593459645,0.02250717718120775,65.89177302715441
2021-05-12,6.4566,69.62,65.96,66.77,66.08,66.1,65.95,65.65,4.200023204269737,0.022175126323997516,66.68787846649175
2021-05-13,6.4506,67.36,63.82,65.42,63.82,63.84,63.69,63.4,4.165749455705832,0.02287018783676001,64.44095999541715
2021-05-14,6.4367,69.24,65.32,66.33,65.37,65.36,65.16,64.8,4.18909616663227,0.024420095398932622,65.96314431828247
2021-05-17,6.4388,69.62,66.24,66.82,66.27,66.28,66.07,65.68,4.2011622405573705,0.02101251218335191,66.76388165698913
2021-05-18,6.425,69.01,65.49,66.64,65.49,65.5,65.33,64.97,4.1907085134060305,0.022197606429645224,66.06958556825487
2021-05-19,6.4342,66.88,63.28,65.92,63.36,63.35,63.18,62.84,4.157733663735641,0.022920424403170228,63.92647940516367
2021-05-20,6.4339,65.18,61.95,65.39,62.05,61.94,61.79,61.49,4.134406296381754,0.020934804290846515,62.45250178525514
2021-05-21,6.4339,66.72,63.61,65.73,63.58,63.36,62.99,62.54,4.1532421252382115,0.02052652676990901,63.63999502135551
2021-05-24,6.4177,68.59,66.13,66.26,66.05,65.78,65.32,64.79,4.187145805390715,0.016156531714436997,65.83461773560764
2021-05-25,6.41,68.8,66.27,66.3,66.07,65.79,65.32,64.78,4.187923553918278,0.017186349631737284,65.88584042921941
2021-05-26,6.3905,68.93,66.41,66.33,66.21,65.96,65.51,64.98,4.190755303538356,0.017109165676191005,66.07267704523102
2021-05-27,6.3824,69.43,66.87,66.32,66.85,66.6,66.12,65.56,4.1994547078361455,0.016111957633144106,66.64997741974548
2021-05-28,6.3674,69.36,66.31,66.28,66.32,66.1,65.6,65.02,4.1931655294039665,0.01897602808188565,66.23211918905938
2021-06-01,6.3796,70.03,67.8,68.49,67.72,67.52,67.06,66.47,4.212575893252732,0.014372967378868538,67.53026672147048
2021-06-02,6.3805,70.6,68.79,69.5,68.83,68.63,68.17,67.55,4.227253870120698,0.010893974046503871,68.52878459853676
2021-06-03,6.4036,70.71,68.81,69.47,68.81,68.6,68.14,67.53,4.227317507929636,0.011584846340726426,68.53314575900367
2021-06-04,6.3945,71.3,69.57,70.03,69.62,69.39,68.89,68.23,4.237456444401614,0.010194934838558925,69.23153344152219
2021-06-07,6.3963,70.89,69.21,69.84,69.23,69.04,68.59,67.97,4.233136785247338,0.010091527002685313,68.93312179664017
2021-06-08,6.4,71.39,70.11,70.36,70.05,69.87,69.4,68.75,4.243763554732435,0.008130015097836356,69.66956426361328
2021-06-09,6.3865,71.31,69.9,70.34,69.96,69.79,69.33,68.68,4.242855080683033,0.008150841066817077,69.60630001376244
2021-06-10,6.3929,71.65,70.34,70.52,70.29,70.09,69.58,68.89,4.246441263561915,0.008177542638684372,69.85636906380167
2021-06-11,6.3967,72.05,71.0,70.61,70.91,70.6,69.92,69.16,4.2505981754077125,0.006837342274807977,70.14736022514504
2021-06-14,6.3979,72.27,70.94,70.78,70.88,70.63,70.0,69.29,4.2525425057433095,0.008258046027537505,70.28388254482735
2021-06-15,6.4052,73.38,72.06,71.39,72.12,71.86,71.14,70.32,4.268133715750453,0.007420136017879063,71.38828039524485
2021-06-16,6.3969,73.88,72.03,71.56,72.15,71.95,71.27,70.47,4.271422592803707,0.010044412879033493,71.62345418937161
2021-06-17,6.4477,72.92,71.06,70.94,71.04,70.78,70.03,69.18,4.25445524532521,0.01107974887270989,70.41844596030019
2021-06-18,6.4525,73.1,71.64,71.07,71.64,71.29,70.45,69.56,4.25902535248013,0.008646714239957012,70.74100230113638
2021-06-21,6.4659,74.49,73.64,71.48,73.66,73.12,72.03,70.97,4.279151022947052,0.004878159075507104,72.17913555818171
2021-06-22,6.4811,74.92,73.15,71.41,73.06,72.85,72.05,71.06,4.282590160251984,0.01059425363956288,72.42779686100886
2021-06-23,6.4727,75.22,73.11,71.52,73.08,72.36,71.44,70.6,4.274962471982174,0.012229158799970363,71.87744184112532
2021-06-24,6.4701,75.95,73.31,71.6,73.3,72.63,71.77,70.96,4.280966395448468,0.015041051470098666,72.31028658401475
2021-06-25,6.4545,76.45,74.21,71.65,74.05,73.33,72.4,71.52,4.288844286359501,0.013578419911686101,72.88218886762971
2021-06-28,6.4555,74.78,72.98,71.54,72.91,72.2,71.31,70.51,4.272371763823989,0.010796694261157095,71.69146937037362
2021-06-29,6.4635,75.38,73.14,71.57,72.98,72.31,71.41,70.62,4.275286752159325,0.013701731076778014,71.90075405033815
2021-06-30,6.4566,76.94,73.52,71.57,73.47,72.77,71.76,70.89,4.283147730089826,0.01949578292005464,72.46819167637875
2021-07-01,6.4679,76.69,75.33,73.88,75.23,74.33,73.06,72.05,4.295096199911312,0.008401049640541997,73.33926933688454
2021-07-02,6.4721,77.51,75.37,74.23,75.16,74.36,73.25,72.27,4.300388473787503,0.013021858912897985,73.72842969940002
2021-07-06,6.4786,75.81,73.62,72.93,73.37,72.58,71.46,70.43,4.276122931351601,0.013870663223634224,71.96090110813853
2021-07-07,6.4718,74.31,72.22,72.08,72.2,71.5,70.42,69.45,4.2605744650230974,0.012271387401177999,70.85067299929837
2021-07-08,6.4898,75.07,72.98,72.58,72.94,72.22,71.17,70.19,4.271074983300004,0.01226613786587091,71.59856152272174
2021-07-09,6.4788,77.14,74.56,73.72,74.56,73.81,72.68,71.64,4.293167333380269,0.01445592477616994,73.19794401750573
2021-07-12,6.4751,76.77,74.21,73.54,74.1,73.44,72.36,71.39,4.2891484426913875,0.015035112792915717,72.90435981840218
2021-07-13,6.4685,77.5,75.24,74.36,75.25,74.69,73.69,72.74,4.305957085291514,0.012595110068904299,74.14013994449236
2021-07-14,6.4688,75.74,73.06,73.48,73.13,72.64,71.81,70.96,4.2815586410356685,0.014844912131301402,72.35312471624859
2021-07-15,6.46,74.53,71.67,72.83,71.65,71.38,70.64,69.86,4.266050905508713,0.016709135682099422,71.2397468909455
2021-07-16,6.4785,74.46,71.76,72.92,71.81,71.56,70.82,70.07,4.267819478518627,0.015442156929672712,71.36585106387865
2021-07-19,6.4893,69.33,66.45,71.01,66.42,66.35,65.76,65.12,4.195526532667744,0.018129706006125953,66.38867818405467
2021-07-20,6.4845,70.03,67.32,71.28,67.42,67.2,66.62,65.95,4.207076180489599,0.01623730244905942,67.1598890705938
2021-07-21,6.4664,72.54,70.26,72.28,70.3,69.57,68.78,68.05,4.237460514121793,0.013456911370228392,69.23181519506416
2021-07-22,6.47,74.25,72.15,72.81,71.91,71.14,70.26,69.4,4.258908728618294,0.013660626087398644,70.73275269331776
2021-07-23,6.4808,74.86,72.24,72.87,72.07,71.38,70.52,69.66,4.2639679237961445,0.016121720896699502,71.09151024167599
2021-07-26,6.4825,74.79,72.15,72.83,71.91,71.34,70.57,69.74,4.264943934195065,0.016693316277736653,71.16093016672043
2021-07-27,6.5104,74.87,71.68,72.81,71.65,71.14,70.42,69.6,4.263851535949133,0.01865523349424119,71.08323653534694
2021-07-28,6.4905,75.09,72.37,72.81,72.39,71.79,71.02,70.17,4.270649755705531,0.01563510958614549,71.56812231089279
2021-07-29,6.4562,76.3,73.62,72.89,73.62,72.98,72.21,71.38,4.287058430187387,0.015223376689037445,72.75214791258584
2021-07-30,6.4609,77.72,73.93,72.9,73.95,73.23,72.43,71.57,4.293213518189841,0.02101492602115596,73.20132472867941
2021-08-02,6.462,73.91,71.31,71.37,71.26,70.61,69.91,69.15,4.255022880140985,0.015566900144051883,70.45842926878544
2021-08-03,6.47,73.24,70.64,70.95,70.56,70.03,69.44,68.79,4.248412877866294,0.01583485914074908,69.99423474461402
2021-08-04,6.4655,70.99,68.19,69.39,68.15,67.79,67.35,66.84,4.218753456075136,0.017293691748707523,67.94873039858997
2021-08-05,6.4608,72.14,69.1,70.22,69.09,68.74,68.32,67.84,4.233401070713537,0.01836095237177898,68.95134222646206
2021-08-06,6.4825,71.02,68.26,69.74,68.28,68.1,67.76,67.37,4.224415577314368,0.01674502419933152,68.33455561194276
2021-08-09,6.4857,69.65,66.56,68.49,66.48,66.3,65.99,65.62,4.199633739770187,0.019716746248398486,66.66191096231749
2021-08-10,6.4852,71.14,68.33,69.71,68.29,68.06,67.69,67.24,4.223570821679478,0.017453835849194996,68.27685398634989
2021-08-11,6.4783,71.99,69.3,70.42,69.25,69.02,68.65,68.18,4.2372459739547965,0.01653202100893449,69.21696378303993
2021-08-12,6.4782,71.79,69.12,70.44,69.09,68.9,68.55,68.11,4.2357608419079975,0.01630279008888345,69.11424374723222
2021-08-13,6.4768,70.9,68.36,70.05,68.44,68.21,67.84,67.41,4.22473362000587,0.015031981320588942,68.35629237435816
2021-08-16,6.4742,70.07,67.44,69.53,67.29,67.05,66.7,66.29,4.208976922625837,0.017164443041268067,67.28766409683449
2021-08-17,6.4854,69.4,66.5,69.33,66.59,66.34,65.99,65.6,4.1984379804511605,0.017567326372904514,66.58224700001507
2021-08-18,6.4841,68.61,65.36,68.95,65.46,65.21,64.87,64.51,4.182611470826713,0.019935820774855444,65.53677731725742
2021-08-19,6.4942,66.8,63.69,68.03,63.69,63.5,63.15,62.78,4.155919430695022,0.02025554147503416,63.81060701559745
2021-08-20,6.5012,65.51,62.25,67.6,62.32,62.14,61.84,61.49,4.135448366442408,0.02121600379077453,62.517615588258515
2021-08-23,6.4805,69.07,65.65,68.76,65.64,65.34,64.96,64.57,4.1845741144186315,0.021717736742229207,65.66552895875722
2021-08-24,6.471,71.21,67.5,69.31,67.54,67.25,66.86,66.44,4.213865786636691,0.022506357573412242,67.61742976916541
2021-08-25,6.4756,72.12,68.54,69.45,68.36,68.06,67.66,67.23,4.225936185667071,0.02275116204745875,68.43854475132406
2021-08-26,6.4809,70.42,67.42,69.24,67.42,67.1,66.69,66.28,4.209417031384596,0.018560849864799635,67.31728450478235
2021-08-27,6.4711,72.26,68.84,69.44,68.74,68.48,68.11,67.7,4.231768814290002,0.021191658515706566,68.83888775743362
2021-08-30,6.4658,72.26,69.28,69.46,69.21,68.93,68.56,68.16,4.236878329523767,0.018371201307239633,69.19152122896558
2021-08-31,6.4604,73.45,68.43,69.49,68.5,68.26,67.94,67.6,4.233760903300553,0.029413203025318045,68.97615763074143
2021-09-01,6.4586,71.99,68.63,69.92,68.59,68.32,68.0,67.67,4.229816494459113,0.02069812961897504,68.70462333791917
2021-09-02,6.456,73.56,70.07,71.22,69.99,69.73,69.41,69.05,4.250637168348651,0.02115132619646829,70.15009553034773
2021-09-03,6.4528,73.07,69.34,70.64,69.29,69.07,68.79,68.46,4.242514032981701,0.022523987905337658,69.58256499276172
2021-09-07,6.4662,71.52,68.49,69.71,68.35,68.13,67.85,67.53,4.227053436937442,0.01929837220717358,68.51505053252228
2021-09-08,6.4612,72.36,69.36,70.38,69.3,69.05,68.7,68.31,4.238952349186241,0.018392326040490726,69.33517472306212
2021-09-09,6.4547,71.32,68.26,69.63,68.14,67.92,67.61,67.24,4.2236085300340465,0.019346507090723494,68.27942864271157
2021-09-10,6.444,72.44,69.82,70.7,69.72,69.47,69.13,68.72,4.244061039070915,0.01634766816895609,69.69029295092749
2021-09-13,6.4511,72.97,70.54,71.11,70.45,70.19,69.81,69.37,4.253225141980657,0.01497748273612402,70.33187724955249
2021-09-14,6.4382,73.05,70.53,71.19,70.46,70.23,69.83,69.38,4.2537697890398,0.015341154573192985,70.37019373319333
2021-09-15,6.432,74.84,72.59,72.09,72.61,72.33,71.84,71.26,4.280703405262167,0.012934457336948587,72.2912721886838
2021-09-16,6.4566,75.14,72.69,72.07,72.61,72.37,71.91,71.33,4.282673047901089,0.01452571813191491,72.43380047963002
2021-09-17,6.4655,74.64,72.09,71.92,71.97,71.82,71.38,70.81,4.275778501804013,0.015452428773242296,71.93611991545832
2021-09-20,6.4651,73.59,70.41,71.36,70.29,70.14,69.73,69.21,4.254553574922365,0.01939725767549454,70.42537051816268
2021-09-21,6.4651,73.65,70.51,71.57,70.56,70.49,70.14,69.67,4.259612956414405,0.018239152414903155,70.78258220746498
2021-09-22,6.4611,75.5,72.37,72.14,72.23,71.89,71.4,70.83,4.2776673870591075,0.018816875434245574,72.07212740250547
2021-09-23,6.459,76.44,73.43,72.35,73.3,72.95,72.42,71.83,4.2913289383391096,0.017840707681104427,73.0635008978479
2021-09-24,6.466,77.42,74.18,72.45,73.98,73.61,73.07,72.47,4.301049496459703,0.01927160401650141,73.77718197442132
2021-09-27,6.456,78.85,75.54,72.61,75.45,75.08,74.53,73.92,4.320449860674104,0.018721861347106614,75.22246030830779
2021-09-28,6.4595,78.3,75.44,72.63,75.29,74.9,74.33,73.7,4.316779395681334,0.01665471624281222,74.94686499196531
2021-09-29,6.4702,77.86,75.06,72.57,74.83,74.5,73.99,73.41,4.31234317503875,0.01682709314388465,74.61512055221898
2021-09-30,6.4434,77.81,75.22,72.61,75.03,74.7,74.19,73.59,4.3142776155123155,0.015458125181643748,74.75959875854626
2021-10-01,6.4434,79.4,76.01,76.77,75.88,75.58,75.12,74.55,4.328757737217322,0.01921953800887123,75.85000238341797
2021-10-04,6.4434,81.44,77.68,78.52,77.62,77.33,76.88,76.3,4.3524324959399,0.020417276435730207,77.66715837917587
2021-10-05,6.4434,82.72,79.17,79.71,78.93,78.57,78.09,77.51,4.367818327680346,0.01995047992976043,78.87137237126987
2021-10-06,6.4434,81.39,77.66,78.69,77.43,77.06,76.59,76.04,4.349226270616758,0.021143118760652314,77.41853874746523
2021-10-07,6.4434,82.34,78.46,79.45,78.3,77.96,77.45,76.87,4.360358881327604,0.021380968711946544,78.28522448757886
2021-10-08,6.4435,82.17,79.55,79.76,79.35,78.76,78.03,77.31,4.364429407374889,0.014966553793665387,78.60453597494224
2021-10-11,6.4435,83.75,80.64,80.68,80.52,79.92,79.25,78.56,4.380939557480965,0.016705679547723666,79.91308107691574
2021-10-12,6.4485,83.53,80.75,80.58,80.64,79.92,79.19,78.47,4.379318282824396,0.014995510109367402,79.78362499412712
2021-10-13,6.4262,83.53,80.67,80.45,80.44,79.82,79.12,78.38,4.378985736274382,0.016002326898433544,79.75709763592288
2021-10-14,6.438,83.86,81.43,80.95,81.31,80.77,80.05,79.27,4.3891019261155675,0.013192369976927729,80.56803043615687
2021-10-15,6.434,84.67,82.39,81.51,82.28,81.73,80.88,79.97,4.398928295643274,0.012207600750006296,81.3636241726624
2021-10-18,6.429,84.13,82.62,81.31,82.44,81.69,80.74,79.76,4.395407006047468,0.008699924464943158,81.07762313115401
2021-10-19,6.3822,85.02,83.19,81.61,82.96,82.44,81.5,80.45,4.405670230595398,0.010419249541906131,81.91402573525636
2021-10-20,6.3936,85.76,84.4,81.81,83.87,83.42,82.38,81.29,4.415883456794662,0.009508171132485942,82.7549190161752
2021-10-21,6.3925,84.58,82.64,81.44,82.5,81.36,80.13,79.02,4.388964762420414,0.010548249612547713,80.55698018525493
2021-10-22,6.3839,85.43,84.53,81.61,83.76,82.5,80.98,79.62,4.398184020656819,0.008460674607373042,81.30308979229032
2021-10-25,6.3856,84.85,84.64,81.73,83.76,82.61,81.21,79.95,4.399583106025802,0.005577483269790327,81.41691936574935
2021-10-26,6.382,85.11,85.64,81.82,84.65,83.36,81.89,80.56,4.406256636158217,0.0024027162705635256,81.96207466232258
2021-10-27,6.3915,84.12,82.66,81.6,82.66,81.48,80.09,78.84,4.38687016142247,0.007364268859306227,80.38842204681707
2021-10-28,6.3917,83.4,82.78,81.55,82.81,81.46,79.95,78.62,4.382705262714906,0.003135585188768988,80.05430866889051
2021-10-29,6.405,83.1,83.5,81.58,83.57,81.78,79.98,78.46,4.380291085159011,-0.002238022835374413,79.86127645442261
2021-11-01,6.3972,84.51,84.08,82.38,84.05,82.45,80.71,79.13,4.391813743303236,0.0023118165675360494,80.78681272057365
2021-11-02,6.3995,84.42,83.91,82.54,83.91,82.44,80.88,79.35,4.394028237964578,0.002627234817450669,80.96591292107709
2021-11-03,6.4061,81.1,80.82,80.16,80.86,79.57,78.21,76.79,4.359914296767825,0.0013000801698015798,78.2504278211163
2021-11-04,6.397,80.15,78.88,78.95,78.81,77.7,76.57,75.47,4.341814611481673,0.0070864439574413515,76.84686008819615
2021-11-05,6.3961,82.43,81.25,80.94,81.27,80.13,79.0,77.86,4.37220458945982,0.006123754984682436,79.21808268261866
2021-11-08,6.3902,83.22,81.96,81.62,81.93,80.74,79.57,78.4,4.379807824665154,0.0066822326813619475,79.82269197845059
2021-11-09,6.3916,84.52,84.12,82.58,84.15,82.56,81.05,79.66,4.395690923208343,0.0020191990523762667,81.10064572782439
2021-11-10,6.3882,82.91,81.23,81.27,81.34,80.06,78.74,77.5,4.37026568783439,0.00803014662620441,79.06463542098612
2021-11-11,6.3882,83.4,81.47,81.67,81.59,80.42,79.07,77.78,4.374883045546287,0.009348764340240116,79.43054925250503
2021-11-12,6.3787,82.9,80.87,81.48,80.79,79.69,78.44,77.17,4.367761148739964,0.010959595512700288,78.86686271870104
2021-11-15,6.3824,81.94,80.85,81.41,80.88,79.75,78.48,77.22,4.36542365921857,0.005679068781354235,78.68272754437182
2021-11-16,6.3919,82.85,80.76,81.67,80.76,79.74,78.54,77.35,4.369005219282317,0.010815431796857709,78.96503971627003
2021-11-17,6.3775,80.67,78.32,80.76,78.36,77.55,76.56,75.53,4.344331624775462,0.012335835215041556,77.04052828709331
2021-11-18,6.3851,82.45,78.92,81.11,79.01,78.41,77.55,76.62,4.360007505596788,0.018054350344105352,78.25772179178529
2021-11-19,6.3863,80.24,76.11,80.33,76.1,75.94,75.23,74.42,4.33206095627259,0.02242513284096129,76.10096582204551
2021-11-22,6.3842,80.97,76.74,80.55,76.75,76.12,75.39,74.7,4.334187345465101,0.022763727044947505,76.26295826175786
2021-11-23,6.391,83.43,78.32,81.22,78.5,77.94,77.27,76.64,4.360340664697056,0.025860699381688296,78.28379840755622
2021-11-24,6.3917,82.37,78.32,81.2,78.39,77.81,77.15,76.51,4.356349764513852,0.0211353660963726,77.97199817779075
2021-11-29,6.3875,73.34,69.88,80.31,69.95,69.62,69.28,68.92,4.248901100333258,0.020085364864782216,70.02841584588612
2021-11-30,6.364,70.86,66.14,80.28,66.18,65.85,65.49,65.15,4.197179294121329,0.02893145480638946,66.49849355662134
2021-12-01,6.3641,69.53,65.44,67.73,65.57,65.37,65.11,64.83,4.188696960353529,0.024965074267875146,65.93681667233557
2021-12-02,6.3763,70.56,66.6,68.62,66.5,66.27,66.03,65.77,4.202829999470217,0.025184823315101038,66.87532061650792
2021-12-03,6.3758,70.71,66.39,68.91,66.26,66.1,65.93,65.71,4.202643798756724,0.027563993201294455,66.86286954332937
2021-12-06,6.3756,73.38,69.62,71.65,69.49,69.3,69.07,68.8,4.246639764473984,0.02327144131526328,69.87023699312739
2021-12-07,6.3657,75.54,71.94,73.54,72.05,71.84,71.56,71.26,4.280543856373576,0.020194194784847616,72.27973911662018
2021-12-08,6.3435,75.94,72.43,73.69,72.36,72.18,71.9,71.64,4.285650465490013,0.020513084173932213,72.64978753347653
2021-12-09,6.3772,74.1,70.87,72.72,70.94,70.79,70.54,70.29,4.265612812851064,0.018530388595541535,71.20854411625206
2021-12-10,6.3685,74.98,71.71,73.19,71.67,71.48,71.22,70.95,4.275455158134808,0.019185955505701482,71.91286358659247
2021-12-13,6.3659,74.12,71.19,72.71,71.29,71.06,70.8,70.53,4.268222901792087,0.0165844774280544,71.39464751731732
2021-12-14,6.3671,73.37,70.57,72.22,70.73,70.52,70.26,69.98,4.260093420777072,0.015589454086820248,70.81659888695995
2021-12-15,6.3673,73.71,70.89,72.38,70.87,70.66,70.36,70.05,4.2620701739391675,0.016688409524776533,70.95672427376037
2021-12-16,6.3674,74.64,72.34,73.02,72.38,72.15,71.75,71.35,4.279646380885297,0.013161948577416673,72.21489892305819
2021-12-17,6.3748,72.97,70.93,72.43,70.86,70.72,70.35,69.95,4.259823033056686,0.012479339861105753,70.79745353667188
2021-12-20,6.3756,70.51,68.69,71.65,68.23,68.61,68.36,68.03,4.2319765717251725,0.01394464893018668,68.85319103394866
2021-12-21,6.3716,72.85,71.1,72.42,71.12,70.82,70.44,70.05,4.259749352761894,0.010342379968753652,70.79223735159212
2021-12-22,6.3695,74.69,72.82,72.71,72.76,72.33,71.83,71.32,4.279786179438311,0.011151806455571766,72.22499516713738
2021-12-23,6.3696,76.26,73.89,72.99,73.79,73.42,72.93,72.4,4.296450087835094,0.01396026463069974,73.43862973422233
2021-12-27,6.3705,75.24,75.49,73.2,75.57,75.18,74.67,74.12,4.311739356657647,-0.0015406204259130595,74.570080170395
2021-12-28,6.3684,75.24,76.01,73.16,75.98,75.6,75.13,74.59,4.316887952862935,-0.0040747145939769025,74.95500145402633
2021-12-29,6.368,78.63,76.58,73.21,76.56,76.18,75.71,75.18,4.332602357535171,0.011071041290190228,76.14217813621796
2021-12-30,6.3726,78.61,76.83,73.2,76.99,76.61,76.13,75.58,4.336701183359944,0.008870150361112075,76.45491214559691
2021-12-31,6.3726,77.24,75.33,73.19,75.21,74.88,74.45,73.94,4.315825244109181,0.01123777483530326,74.8753884280659
2022-01-03,6.355,78.25,75.99,77.03,76.08,75.85,75.48,75.04,4.329815743989821,0.011975607011042185,75.9302946670338
2022-01-04,6.3721,79.39,77.0,78.03,76.99,76.74,76.38,75.95,4.342238477597577,0.013057989904127218,76.87943977252549
2022-01-05,6.364,80.6,77.83,78.81,77.85,77.47,77.01,76.48,4.3513254928044,0.014746306881160413,77.58122816260965
2022-01-06,6.3822,81.99,79.47,79.69,79.46,78.88,78.23,77.6,4.366246380316567,0.013374824118563184,78.74748812066385
2022-01-07,6.3769,82.28,79.0,79.53,78.9,78.44,77.82,77.19,4.363412203646702,0.017746229095368042,78.52461980030229
2022-01-10,6.3756,81.56,78.11,78.89,78.23,77.7,77.1,76.48,4.354035968616523,0.01770345486554115,77.79179544486767
2022-01-11,6.3735,84.98,81.17,80.79,81.22,80.67,79.98,79.28,4.391295199717352,0.019239095080865715,80.74493209641638
2022-01-12,6.358,85.83,82.51,81.34,82.64,82.02,81.18,80.34,4.404596859003918,0.016155645884825823,81.82614871787256
2022-01-13,6.3595,85.8,81.97,81.3,82.12,81.62,80.86,80.09,4.4020709533823945,0.018568013682775195,81.61972440275976
2022-01-14,6.3524,87.17,83.82,82.27,83.82,83.3,82.42,81.56,4.420030531446421,0.016694909125645224,83.09882244685825
2022-01-18,6.3525,88.83,85.42,83.22,85.43,84.83,83.86,82.92,4.437320052051683,0.016590337401755185,84.54805340299336
2022-01-19,6.3447,89.64,86.84,83.56,86.96,85.8,84.79,83.8,4.446449714453324,0.012957881721926672,85.323482906024
2022-01-20,6.3406,89.75,86.29,83.5,86.9,85.55,84.65,83.77,4.445318289861985,0.013679230822195488,85.22700041087171
2022-01-21,6.3385,89.75,85.16,83.29,85.14,84.14,83.2,82.28,4.432602300234665,0.022209717926678224,84.15011609323915
2022-01-24,6.3304,87.74,84.48,82.87,83.31,82.41,81.54,80.68,4.412208097204525,0.021973341627766024,82.45132318461805
2022-01-25,6.3257,89.49,86.61,83.21,85.6,84.37,83.29,82.27,4.431628266781633,0.018939107643680113,84.06819097047008
2022-01-26,6.3206,91.22,88.33,83.39,87.35,85.96,84.78,83.67,4.449124053357206,0.01841784230697735,85.55197220850835
2022-01-27,6.3677,90.7,87.61,83.33,86.61,85.29,84.13,83.03,4.442149862827194,0.019545192949627407,84.95739222116238
2022-01-28,6.3605,91.47,87.67,83.36,86.82,85.43,84.21,83.06,4.444376252694575,0.02208706370187904,85.14675121361563
2022-01-31,6.361,92.35,89.16,83.45,88.15,86.49,85.11,83.85,4.453684926231612,0.019787581209741553,85.94305503951632
2022-02-01,6.361,90.24,88.22,87.42,88.2,86.46,85.02,83.72,4.447561948878115,0.009910739015461344,85.41843541589168
2022-02-02,6.361,91.43,88.16,87.77,88.26,86.69,85.32,84.07,4.453896536505385,0.014931601890738912,85.96124339727594
2022-02-03,6.361,92.99,90.17,89.16,90.27,88.45,87.0,85.67,4.472045755350817,0.012696815356944956,87.53561642065733
2022-02-04,6.361,96.86,92.27,91.06,92.31,90.33,88.78,87.36,4.49635832633789,0.02033911302190955,89.68991445443436
2022-02-07,6.361,97.28,91.25,90.76,91.32,89.77,88.33,87.02,4.494636503806467,0.026727659455175985,89.53561721323857
2022-02-08,6.366,96.07,89.32,89.28,89.36,87.9,86.55,85.29,4.476299077165462,0.030639404357824026,87.90872648363627
2022-02-09,6.3619,94.95,89.57,89.88,89.66,88.53,87.33,86.15,4.481816173195634,0.02445891748836033,88.39506773160282
2022-02-10,6.3526,96.37,89.83,89.92,89.88,88.56,87.26,86.01,4.483824792628415,0.029509914035989418,88.57279821911074
2022-02-11,6.354,97.5,93.1,91.79,93.1,91.42,89.7,88.09,4.5060247215230165,0.01981683876744493,90.56109642272831
2022-02-14,6.3567,101.66,95.52,92.61,95.46,93.5,91.52,89.6,4.529843817616587,0.026619084000126265,92.74407496022798
2022-02-15,6.3385,98.43,92.07,90.86,92.07,90.21,88.29,86.39,4.494922811491021,0.028283507451958567,89.56125561854913
2022-02-16,6.3366,97.44,93.83,91.56,93.66,91.83,89.81,87.79,4.505768044788028,0.01702841239644479,90.53785447914227
2022-02-17,6.3381,95.28,91.78,90.67,91.76,90.04,88.19,86.35,4.48741365717991,0.01600555586791124,88.891245084401
2022-02-18,6.3251,96.18,91.26,90.9,91.07,90.21,88.6,86.92,4.495716578118567,0.023081109690699958,89.63237457657385
2022-02-22,6.326,98.73,92.11,91.84,92.35,91.91,90.39,88.67,4.518248589693517,0.028297150477830046,91.6748969331674
2022-02-23,6.3134,99.29,92.14,91.7,92.1,90.69,89.08,87.56,4.505644304181951,0.03182606669036327,90.52665196327342
2022-02-24,6.3283,101.29,92.77,92.07,92.81,90.94,88.84,86.99,4.505540512735858,0.037013912873411575,90.51725655874596
2022-02-25,6.3169,98.56,91.68,91.93,91.59,89.89,87.93,86.19,4.492153421277329,0.031226096207014623,89.31356868290429
2022-02-28,6.3084,103.08,96.13,92.34,95.72,93.5,90.98,88.72,4.526188864254581,0.0314726790031866,92.40571840702322
2022-03-01,6.3116,110.93,103.66,102.0,103.41,100.21,96.24,92.64,4.581360436762982,0.02993303429723146,97.64714665403314
2022-03-02,6.321,118.94,110.74,109.4,110.6,107.06,102.37,97.58,4.643489430238125,0.030972554604154805,103.90628947896866
2022-03-03,6.3195,115.36,107.69,106.58,107.67,104.61,100.74,96.78,4.626990219052527,0.029328297210578766,102.20598309424206
2022-03-04,6.3188,123.86,115.77,114.95,115.68,112.11,108.12,104.18,4.697303431829805,0.02913838181196459,109.65109178674717
2022-03-07,6.3194,129.02,119.26,118.18,119.4,115.8,111.71,107.72,4.73212745024729,0.03289932197164938,113.53684959309294
2022-03-08,6.3178,133.18,123.64,122.53,123.7,119.65,115.21,110.83,4.762122048745962,0.031444009464502355,116.99392948942882
2022-03-09,6.3174,116.58,108.81,110.86,108.7,105.05,100.95,97.26,4.629858359353309,0.029627043821777034,102.49954498043174
2022-03-10,6.3212,114.54,105.93,110.2,106.02,102.99,99.64,96.73,4.618104890829329,0.03279957224301177,101.30187199821306
2022-03-11,6.3389,118.11,109.31,112.59,109.33,106.3,103.2,100.48,4.653002591429013,0.0328794719824531,104.89948347647898
2022-03-14,6.3645,110.39,103.22,109.18,103.01,101.18,98.44,95.84,4.604317220508434,0.02943906472575953,99.914739819199
2022-03-15,6.3696,105.14,96.42,105.76,96.44,94.79,92.83,90.87,4.549596533185916,0.03654280294359882,94.59423497998692
2022-03-16,6.351,104.61,94.85,104.89,95.04,93.59,91.59,89.53,4.53800362022237,0.04071015519872311,93.50394428043468
2022-03-17,6.3459,113.5,102.97,108.78,102.98,101.65,99.38,96.98,4.619430812968549,0.0414190938824642,101.43627948027648
2022-03-18,6.3609,114.32,104.69,108.99,104.7,103.09,100.65,98.19,4.630303187948818,0.03742945743940253,102.54514985148901
2022-03-21,6.3552,122.29,112.14,111.73,112.12,109.97,107.06,103.98,4.691532285410495,0.036949804567633394,109.02010180012826
2022-03-22,6.366,121.53,111.03,111.43,111.76,109.27,106.55,103.57,4.686349904954435,0.03559757050776451,108.45657960964706
2022-03-23,6.372,127.52,114.89,112.59,114.93,111.99,108.65,105.26,4.710174303883667,0.04399138900012587,111.07151841554307
2022-03-24,6.367,123.98,114.2,111.82,112.34,109.43,106.19,102.87,4.686195041977023,0.04185323575952438,108.43978500127395
2022-03-25,6.3658,122.67,116.2,112.1,113.9,111.06,107.93,104.54,4.696921050499813,0.031687951648294396,109.60917127175665
2022-03-28,6.3714,114.5,107.55,110.84,105.96,103.42,100.72,97.84,4.629063926204771,0.032849132529957005,102.4181482805884
2022-03-29,6.3635,112.79,104.25,110.55,104.24,102.05,99.65,97.07,4.618501092322109,0.0334988256529128,101.34201590313256
2022-03-30,6.347,115.59,107.81,110.89,107.82,105.68,103.32,100.74,4.652412693100708,0.02969067938774682,104.83762169441097
2022-03-31,6.3393,107.29,100.53,110.89,100.28,98.52,96.88,95.08,4.58821413993377,0.028708430894913543,98.31868986287243
2022-04-01,6.3625,106.13,99.32,101.85,99.27,97.9,96.76,95.53,4.586537169326036,0.02838768970564751,98.15395047994008
2022-04-04,6.3619,108.15,103.29,104.77,103.28,101.84,100.6,99.28,4.620729736736223,0.01978370958213706,101.5681230834555
2022-04-05,6.3619,106.6,101.98,103.27,101.96,100.68,99.55,98.31,4.6101523678557585,0.018921613529247202,100.49946135728459
2022-04-06,6.359,100.81,96.39,98.81,96.23,95.41,94.63,93.76,4.560117246868346,0.019690192494710334,95.5946873507525
2022-04-07,6.36,99.83,96.05,98.42,96.03,95.51,94.81,94.12,4.560153468419303,0.016563084319809452,95.59815000130249
2022-04-08,6.3643,101.26,98.35,99.72,98.26,97.73,97.01,96.29,4.581105611296975,0.012893382336826397,97.62226684452187
2022-04-11,6.3692,97.92,94.22,97.02,94.29,93.92,93.46,92.97,4.5458147734352865,0.01597097426737219,94.23717788711298
2022-04-12,6.3651,104.42,100.52,101.49,100.6,100.15,99.4,98.52,4.6068474581737355,0.01592700065196299,100.16786795933952
2022-04-13,6.3678,108.49,104.26,103.7,104.25,103.79,102.89,101.76,4.64196598899646,0.016964448630435974,103.748114867763
2022-04-14,6.3775,110.83,106.84,104.82,106.95,106.38,105.44,104.03,4.665471399340129,0.015195717469703662,106.21564340656383
2022-04-18,6.363,110.83,108.24,105.44,108.21,107.61,106.41,104.74,4.672091082235667,0.010266910190757282,106.92108962352448
2022-04-19,6.393,105.49,102.54,103.09,102.56,102.05,101.16,99.84,4.622776964683172,0.0118990978712989,101.77626917209844
2022-04-20,6.4188,105.05,102.56,103.12,102.75,102.19,101.36,100.17,4.623241502993058,0.009478425967161266,101.82355913131465
2022-04-21,6.45,107.2,103.89,103.85,103.79,102.96,101.74,100.23,4.629207429992013,0.013690594631021846,102.43284672736512
2022-04-22,6.501,105.15,102.86,103.43,102.07,101.05,99.72,98.16,4.60865104645404,0.01265906441775989,100.34869256961049
2022-04-25,6.5585,99.27,99.6,102.3,98.54,97.67,96.53,95.18,4.571342679722988,0.0033334567896586443,96.67382465469399
2022-04-26,6.5552,102.89,102.62,102.69,101.7,100.41,98.95,97.39,4.596866875879424,0.005009590391220873,99.17310671565481
2022-04-27,6.5595,103.3,101.96,102.69,102.02,100.68,99.21,97.66,4.59973913152181,0.005353470284141231,99.45836670468556
2022-04-28,6.6243,105.78,105.47,102.76,105.36,103.47,101.52,99.47,4.620712312540331,0.0018308469119556244,101.56635335600056
2022-04-29,6.608,108.36,104.59,102.79,104.69,102.94,100.88,98.69,4.621211939595649,0.014439926664272055,101.61711133302066
2022-05-02,6.6079,108.36,105.18,103.86,105.17,103.42,101.38,99.29,4.625023470825058,0.012757064348742216,102.00516720003796
2022-05-03,6.6079,104.94,102.53,103.39,102.41,100.9,99.22,97.52,4.602474171002244,0.010426561887943907,99.73076159987589
2022-05-04,6.6079,110.53,107.84,105.97,107.81,106.22,104.42,102.49,4.653353178531529,0.010675096316363082,104.93626632986667
2022-05-05,6.6535,112.11,108.17,106.4,108.26,106.74,104.86,102.84,4.659918061244159,0.014797113690457352,105.6274268221242
2022-05-06,6.6651,113.86,109.72,107.57,109.77,108.33,106.48,104.45,4.6755226006942765,0.015557076539720726,107.28862155182989
2022-05-09,6.7295,106.67,103.08,102.79,103.09,101.77,100.1,98.35,4.613529641399786,0.014463273506869753,100.83944932233759
2022-05-10,6.7343,102.61,99.74,100.43,99.76,98.45,96.87,95.26,4.57935534599172,0.012003220296355113,97.45155142006706
2022-05-11,6.7186,107.7,105.5,104.56,105.71,104.03,102.2,100.34,4.630488596837518,0.008099344163994543,102.5641643964429
2022-05-12,6.786,108.06,106.15,104.66,106.13,104.4,102.42,100.42,4.632705097575069,0.0077076282311371955,102.79175007120696
2022-05-13,6.788,112.12,110.52,107.23,110.49,108.63,106.27,103.86,4.668674249644516,0.006331004455605848,106.5563815877915
2022-05-16,6.7852,114.86,114.07,108.4,114.2,111.82,108.91,105.93,4.691229936673287,0.0025827949384650706,108.98714469253974
2022-05-17,6.7361,112.89,112.31,106.88,112.4,109.63,106.76,103.86,4.671195454237796,0.0018780445220367707,106.82537097264496
2022-05-18,6.754,110.04,109.67,105.53,109.59,107.04,104.07,101.08,4.645648087687324,0.0017670617957516706,104.1308298304294
2022-05-19,6.7109,113.22,112.21,106.99,112.21,109.89,106.82,103.67,4.672573448049341,0.0038499785797142965,106.9726771429472
2022-05-20,6.6921,113.63,112.63,107.21,113.23,110.28,107.17,103.94,4.674700790335747,0.0015869300268653973,107.20048687124324
2022-05-23,6.649,115.13,110.32,107.32,110.29,107.54,104.61,101.94,4.659444910698295,0.017955572600192746,105.57746096908258
2022-05-24,6.653,115.77,112.55,107.17,109.77,107.2,104.45,101.93,4.659953241163254,0.02252840463039639,105.63114285181838
2022-05-25,6.6916,116.41,112.88,107.17,110.33,107.75,105.03,102.54,4.665510648361942,0.022784035438663745,106.2198123484817
2022-05-26,6.738,119.81,116.19,107.64,114.09,111.25,108.28,105.57,4.694793294736142,0.020831268343540082,109.37619766919076
2022-05-27,6.698,121.19,114.96,107.75,115.07,112.23,109.23,106.48,4.704247153962804,0.021972960395451237,110.41512805762737
2022-05-31,6.6715,125.53,114.38,108.13,114.67,111.91,108.9,106.05,4.7097408359523865,0.03809150040161759,111.02338290758452
2022-06-01,6.6858,122.2,115.26,110.91,115.26,112.72,109.96,107.32,4.712247884130379,0.025043896612008655,111.30207307628669
2022-06-02,6.6596,122.2,116.88,112.02,116.87,114.3,111.58,108.85,4.723903323362512,0.01905645238664126,112.60693723586063
2022-06-03,6.6595,125.68,118.97,113.83,118.87,116.23,113.47,110.7,4.74318975145133,0.02359010091381284,114.79980111673342
2022-06-06,6.6534,124.99,118.41,114.01,118.5,116.06,113.35,110.67,4.741648240347805,0.022648048552094735,114.6229722754566
2022-06-07,6.6675,126.89,119.55,115.29,119.41,117.1,114.54,112.04,4.753721195567068,0.02574560761020488,116.01519751289084
2022-06-08,6.6825,129.2,121.94,117.5,122.11,119.78,117.15,114.57,4.7752206228536025,0.024009963745114844,118.53646358894017
2022-06-09,6.6915,128.47,121.52,117.09,121.51,119.09,116.49,114.01,4.769546383553124,0.023637440345957335,117.86576398327625
2022-06-10,6.7081,127.44,120.73,116.67,120.67,118.12,115.34,112.73,4.7593963616277355,0.023167951373188188,116.67547484393108
2022-06-13,6.753,128.44,120.92,116.64,120.93,118.25,115.31,112.62,4.760346095781973,0.025532498577995714,116.78633816435996
2022-06-14,6.7395,127.02,118.92,115.71,118.93,116.26,113.48,110.86,4.74561603864771,0.027872900222740055,115.07867658350855
2022-06-15,6.7128,124.96,115.32,114.35,115.31,113.09,110.75,108.42,4.724510633483794,0.03397630772273456,112.67534533893466
2022-06-16,6.703,125.78,117.56,115.34,117.59,115.25,112.7,110.25,4.738871750598312,0.02869050658931852,114.30516416751676
2022-06-17,6.716,119.22,109.56,112.72,109.56,107.99,105.78,103.57,4.679690846639987,0.03568868247998821,107.736760240931
2022-06-21,6.688,118.51,110.49,113.34,110.65,109.52,107.34,105.06,4.69046444624586,0.029285577613750585,108.90374800032215
2022-06-22,6.6983,115.54,106.22,112.34,106.19,103.99,101.83,99.9,4.641670036699176,0.035690185067723104,103.7174149179134
2022-06-23,6.698,114.5,105.75,111.86,104.27,101.58,99.05,96.88,4.615873524484003,0.03968028272681877,101.0760824136415
2022-06-24,6.6878,117.36,109.07,112.3,107.62,104.45,101.47,98.97,4.638194626638057,0.0369000082944186,103.3575800196953
2022-06-27,6.6899,119.69,111.44,112.7,109.57,106.38,103.3,100.68,4.656454020833407,0.03754473927427378,105.26216215815857
2022-06-28,6.707,122.21,113.66,113.11,111.76,108.89,105.99,103.43,4.682325700334157,0.03798300715600393,108.02100514907646
2022-06-29,6.6997,120.8,111.65,113.02,109.78,107.01,104.13,101.56,4.66617250991653,0.04056114724757981,106.29013842910794
2022-06-30,6.6981,119.78,107.76,113.24,105.76,103.1,100.27,97.75,4.634843934162486,0.052619939881382805,103.01184011155688
2022-07-01,6.7,119.21,110.3,107.89,108.43,105.39,102.31,99.62,4.648010124203406,0.040457957888245695,104.37708136600756
2022-07-05,6.7192,110.49,101.55,100.73,99.5,96.52,93.44,90.73,4.560034239078181,0.04429682477003413,95.5867525763326
2022-07-06,6.707,108.54,100.31,98.98,98.53,94.98,91.85,89.24,4.5408318975800785,0.041112995388900626,93.76877369788775
2022-07-07,6.7005,113.4,104.62,102.02,102.73,99.25,96.04,93.24,4.5856477819834005,0.041989936286579495,98.06669240761795
2022-07-08,6.6945,113.95,106.78,104.22,104.79,101.53,98.37,95.59,4.606390207562972,0.03572061749172959,100.12207661039523
2022-07-11,6.7175,114.85,106.09,104.28,104.09,101.21,98.2,95.58,4.608041272085433,0.041657411918001125,100.28752116123226
2022-07-12,6.7234,106.98,97.69,99.14,95.84,93.31,90.7,88.48,4.53145137114928,0.04650423294223191,92.89328592574103
2022-07-13,6.7175,107.17,98.44,100.0,96.3,93.83,91.36,89.27,4.537700794118993,0.045440254596114414,93.47563313223152
2022-07-14,6.7542,107.74,97.79,99.7,95.78,92.83,90.15,87.96,4.526816358585333,0.049869339699604505,92.46372066759434
2022-07-15,6.7565,112.26,99.59,101.03,97.59,94.57,91.74,89.37,4.549030486995097,0.059300498020527136,94.54070542513263
2022-07-18,6.742,117.27,104.48,103.58,102.6,99.42,96.36,93.79,4.596500197947079,0.05680834893449672,99.13674879217152
2022-07-19,6.743,114.96,106.12,103.78,104.22,100.74,97.45,94.71,4.600064702425899,0.04189640805214423,99.49075272674004
2022-07-20,6.754,115.86,104.45,103.54,102.26,99.88,96.88,94.45,4.600334546867439,0.05279595088221849,99.51760337593419
2022-07-21,6.7655,112.81,98.44,102.55,96.35,93.78,91.72,89.95,4.5530337763643125,0.06662676826555838,94.91993780812786
2022-07-22,6.75,106.77,97.71,102.32,94.7,92.43,90.6,88.93,4.532183553965012,0.05118739513934528,92.96132569912957
2022-07-25,6.7499,108.23,99.83,102.63,96.7,94.42,92.58,90.89,4.552182862867205,0.04791715036800477,94.83920350572748
2022-07-26,6.7616,107.32,97.74,102.66,94.98,92.88,91.32,89.84,4.540773094214207,0.05178796434293595,93.763259940496
2022-07-27,6.757,109.64,100.03,102.75,97.26,95.29,93.79,92.34,4.566729334072395,0.050909045754777345,96.22886205850243
2022-07-28,6.7465,109.68,99.11,102.8,96.42,94.65,93.28,91.91,4.563403589057802,0.0546242597844372,95.90936098429259
2022-07-29,6.7433,111.51,101.31,103.12,98.62,96.75,95.3,93.87,4.583340896841247,0.05219860784448091,97.84072455311723
2022-08-01,6.7674,106.09,96.59,97.87,93.89,92.39,91.34,90.29,4.541036574219632,0.05178469951305389,93.78796793962272
2022-08-02,6.7499,106.51,97.14,99.4,94.42,93.22,92.29,91.33,4.550846277087509,0.051152632513551385,94.71252745052952
2022-08-03,6.7565,101.82,93.25,95.97,90.66,89.74,89.07,88.32,4.514562530072934,0.04925166387733578,91.33759982788644
2022-08-04,6.7485,97.99,91.29,94.08,88.54,87.56,86.81,85.99,4.4856155809090374,0.04312331822016089,88.7315554560163
2022-08-05,6.7607,100.31,91.77,94.41,89.01,88.08,87.26,86.39,4.494700227491297,0.050606241742655905,89.5413229344838
2022-08-08,6.7505,103.46,93.52,96.04,90.76,89.93,89.16,88.36,4.5186343993479,0.05551508620214223,91.71027281720879
2022-08-09,6.7525,103.81,93.18,95.97,90.5,89.67,88.9,88.08,4.517128053873945,0.05816727764480054,91.57222945943157
2022-08-10,6.723,105.06,94.68,96.87,91.93,91.2,90.47,89.68,4.5337117052515605,0.05668537732371351,93.10349326770597
2022-08-11,6.7445,107.19,97.02,98.18,94.34,93.53,92.69,91.79,4.556635808190501,0.05424257706345746,95.2624589607586
2022-08-12,6.7425,103.7,94.86,96.48,92.09,91.46,90.87,90.16,4.5350436021799565,0.05041332392768106,93.22758014153158
2022-08-15,6.7715,98.25,92.24,94.97,89.41,88.85,88.41,87.9,4.502341425814335,0.040162390623351814,90.22814667750302
2022-08-16,6.7875,95.36,89.23,93.46,86.53,86.16,85.86,85.48,4.473849554632537,0.04120669002657182,87.69365559530577
2022-08-17,6.7805,97.22,90.85,94.04,88.11,87.69,87.3,86.84,4.490545871804824,0.0417839785229049,89.17010804361252
2022-08-18,6.7855,96.35,93.2,95.18,90.5,90.11,89.67,89.08,4.509382363597848,0.026901211809097908,90.86567922428564
2022-08-19,6.8164,96.45,93.55,95.39,90.77,90.44,90.11,89.61,4.514076720138251,0.025819510020293646,91.29323789108724
2022-08-22,6.8476,95.06,93.42,95.39,90.23,90.36,89.97,89.45,4.510680382249704,0.022235709081614836,90.98370115149291
2022-08-23,6.8476,99.49,96.46,96.41,93.74,93.25,92.53,91.68,4.540212043552982,0.02527735611414761,93.71066875604673
2022-08-24,6.8581,99.87,95.52,96.46,94.89,94.4,93.65,92.72,4.550398247993783,0.02180530053972435,94.67010298709795
2022-08-25,6.8477,98.81,93.33,96.23,92.52,92.19,91.58,90.71,4.531449123742577,0.02781355782869302,92.8930771569822
2022-08-26,6.8715,101.13,93.63,96.53,93.06,92.39,91.55,90.5,4.534790904270463,0.03518606550421514,93.20402470325303
2022-08-29,6.9067,101.13,97.4,96.88,97.01,96.19,95.03,93.73,4.56267756593094,0.01800983544389618,95.8397538413908
2022-08-30,6.91,99.34,92.08,96.51,91.64,91.17,90.46,89.53,4.522570909637166,0.03394006767903624,92.0720027594877
2022-08-31,6.889,96.55,90.09,96.6,89.55,89.03,88.31,87.52,4.497161700068197,0.03199384437138894,89.76199792668763
2022-09-01,6.9066,92.24,87.09,92.08,86.61,86.22,85.66,84.99,4.464016975859354,0.026821143370098544,86.83562605310692
2022-09-02,6.8985,93.09,87.29,92.6,86.87,86.48,85.9,85.19,4.468094962985643,0.029355962173770178,87.19046363806142
2022-09-06,6.9532,91.43,87.35,93.13,86.88,86.51,86.03,85.43,4.465634368880877,0.021854285560080993,86.97618702923387
2022-09-07,6.965,86.83,82.5,89.36,81.94,81.63,81.25,80.75,4.410311145092782,0.024551583547517467,82.29506522677548
2022-09-08,6.9562,87.99,84.04,90.17,83.54,83.07,82.46,81.8,4.423446338177454,0.02215670486564383,83.38315730391054
2022-09-09,6.924,91.68,87.27,92.78,86.79,86.36,85.75,85.05,4.46311765304462,0.023356005539168764,86.75756789846629
2022-09-12,6.9265,93.45,88.18,93.36,87.78,87.41,86.86,86.21,4.477770691421524,0.02657660286558586,88.03818945517489
2022-09-13,6.9245,92.04,87.84,92.51,87.31,86.89,86.25,85.5,4.468584681585643,0.022504685130745144,87.23317288675076
2022-09-14,6.9612,92.83,88.88,93.35,88.48,88.05,87.36,86.5,4.480262898263676,0.020477160081800526,88.25787246735275
2022-09-15,6.9934,89.28,85.72,91.98,85.1,84.65,83.9,82.96,4.440076974908206,0.020379929024069304,84.78146746833951
2022-09-16,6.9799,89.43,85.57,92.26,85.11,84.76,84.07,83.16,4.4422940170807985,0.021084904077267413,84.96964007339498
2022-09-19,7.005,89.43,86.15,92.46,85.73,85.36,84.61,83.68,4.44707341788329,0.018074937571669017,85.37671605409197
2022-09-20,7.0176,89.62,84.69,91.9,84.45,83.94,83.28,82.37,4.435120833958327,0.02515549925182776,84.36231810526515
2022-09-21,7.0479,89.86,83.38,91.81,82.94,82.43,81.62,80.68,4.419525012522114,0.03391191628832797,83.05682503566119
2022-09-22,7.0772,90.4,84.02,92.18,83.49,83.03,82.27,81.33,4.427126008040309,0.03383021066510445,83.6905449906801
2022-09-23,7.1266,84.29,79.07,91.02,78.74,78.25,77.53,76.73,4.365627262343322,0.02902861175995062,78.69874922454058
2022-09-26,7.1384,82.55,77.17,90.5,76.71,76.18,75.45,74.61,4.339537683665833,0.031202128935784352,76.67208438623899
2022-09-27,7.176,85.97,78.91,90.72,78.5,77.81,76.93,75.98,4.36258379990017,0.03858569877054845,78.45959664749498
2022-09-28,7.199,89.55,82.61,90.9,82.15,81.24,80.2,79.09,4.402953122418091,0.036764036935508324,81.69175856481203
2022-09-29,7.1196,89.41,81.78,90.81,81.23,80.42,79.42,78.3,4.395520501048643,0.040716164766582685,81.08682555829141
2022-09-30,7.1135,88.9,79.91,90.91,79.49,78.72,77.75,76.63,4.377805401313575,0.04742216970184111,79.66301308177808
2022-10-03,7.1103,90.68,84.05,88.03,83.63,82.7,81.38,79.96,4.4161637953334765,0.03466147237709864,82.7781216613978
2022-10-04,7.1103,93.74,86.87,90.9,86.52,85.5,84.17,82.71,4.449857261404951,0.034110554839339516,85.61472260476864
2022-10-05,7.1103,94.35,88.22,92.12,87.76,86.84,85.7,84.42,4.466257886229408,0.03084930238067396,87.0304351013052
2022-10-06,7.1103,95.65,88.9,92.98,88.45,87.59,86.51,85.3,4.4770272535231115,0.03322275584752412,87.97276285194793
2022-10-07,7.1103,98.88,93.07,95.8,92.64,91.35,89.85,88.3,4.511861163534854,0.027846086949504946,91.09119645479791
2022-10-10,7.1103,97.13,91.6,94.42,91.13,89.84,88.4,86.88,4.49552769440297,0.027097081574655874,89.61544607943509
2022-10-11,7.1639,95.17,89.75,92.93,89.35,87.97,86.56,85.1,4.47439035842403,0.02680681468146389,87.74109348288013
2022-10-12,7.172,93.44,87.83,91.58,87.27,86.06,84.74,83.35,4.454303509628079,0.028978038554534766,85.99623443265445
2022-10-13,7.17,95.16,89.59,92.42,89.11,87.95,86.65,85.25,4.4758147254856615,0.027965634325362598,87.8661580541722
2022-10-14,7.1895,92.22,86.1,90.79,85.61,84.65,83.55,82.29,4.441554522635226,0.03150782202356629,84.90682872370287
2022-10-17,7.1946,91.04,86.0,90.71,85.46,84.53,83.51,82.31,4.438474372701631,0.026976649385879126,84.64570531691665
2022-10-18,7.2001,89.46,83.29,89.92,82.82,82.07,81.29,80.36,4.414789953943475,0.03266166853051591,82.66447573528635
2022-10-19,7.228,91.34,86.0,90.53,85.55,84.52,83.42,82.25,4.437795126439781,0.027959984616462027,84.58822956030473
2022-10-20,7.2129,91.52,86.02,90.54,85.98,84.51,83.3,81.99,4.4358065137748035,0.026579981036836252,84.42018348035384
2022-10-21,7.2399,91.82,85.47,90.95,85.05,83.95,82.65,81.43,4.431169721259814,0.032455097221001816,84.02965071487927
2022-10-24,7.2629,91.57,86.12,90.88,84.58,83.59,82.39,81.25,4.428580214134372,0.03373109325695048,83.81233682497187
2022-10-25,7.2688,91.76,86.93,90.84,85.32,84.31,83.15,82.05,4.436238440240099,0.030993712840899395,84.45665466767261
2022-10-26,7.171,92.93,89.39,91.16,87.91,86.68,85.34,84.05,4.458348217013508,0.02377267108286095,86.34476842102376
2022-10-27,7.2239,94.17,89.06,91.26,89.08,87.83,86.43,85.06,4.47113173051103,0.02364302682715828,87.45564324718406
2022-10-28,7.2499,94.64,87.85,91.11,87.9,86.61,85.17,83.83,4.460602937301223,0.03124506429651605,86.53967136536207
2022-10-31,7.3048,93.3,86.54,91.13,86.53,85.4,84.1,82.88,4.448236596937935,0.031985205533383874,85.47608224109077
2022-11-01,7.273,95.12,88.36,91.22,88.37,87.19,85.82,84.53,4.467936459031611,0.03130661769521665,87.17664470002798
2022-11-02,7.289,96.07,90.06,91.87,90.0,88.86,87.53,86.27,4.485827542973299,0.027810095343804717,88.75036517307868
2022-11-03,7.3,95.29,88.14,89.5,88.17,87.18,86.02,84.87,4.471310688270395,0.03285924903713873,87.47129551364891
2022-11-04,7.2996,99.53,92.58,93.63,92.61,91.45,90.12,88.83,4.516350154812295,0.03069187268281721,91.50102320729096
2022-11-07,7.2266,99.87,91.8,92.68,91.79,90.73,89.54,88.38,4.5128216377537465,0.03570999590606738,91.17872923031877
2022-11-08,7.2485,96.85,88.8,90.62,88.91,88.0,86.95,85.91,4.483788128301348,0.03625554555181352,88.56955081659989
2022-11-09,7.2401,93.05,85.79,88.8,85.83,85.0,84.0,83.02,4.448265968966221,0.0342825308834257,85.4785928838673
2022-11-10,7.184,94.25,86.52,89.36,86.47,85.66,84.69,83.7,4.457484309927203,0.036548031363114374,86.2702067755238
2022-11-11,7.184,96.37,89.14,91.11,88.96,88.16,87.17,86.14,4.484879711522324,0.03404415431572855,88.66628463906414
2022-11-14,7.071,93.59,85.85,89.5,85.87,85.16,84.36,83.52,4.45374763824937,0.036468153016849636,85.94844487091193
2022-11-15,7.044,94.3,86.87,89.44,86.92,86.25,85.52,84.77,4.4661972696894665,0.03463993570299578,87.02515977734734
2022-11-16,7.0964,92.61,85.62,88.94,85.59,85.0,84.26,83.52,4.450906470028771,0.03347181941752921,85.70459745053837
2022-11-17,7.1551,91.0,81.69,87.59,81.64,81.4,81.09,80.67,4.419259502897533,0.04581841888227227,83.0347755765284
2022-11-18,7.1192,88.93,80.07,86.86,80.08,80.11,79.83,79.49,4.4026136728357255,0.044507073832806915,81.66403303746007
2022-11-21,7.164,88.44,79.74,86.62,79.73,80.04,79.91,79.72,4.403331785102137,0.044028000824234186,81.72269804281781
2022-11-22,7.1388,88.65,80.83,86.6,80.95,80.73,80.48,80.14,4.407567302232008,0.03868158548776199,82.06957000277956
2022-11-23,7.158,85.9,77.93,85.88,77.94,78.07,78.12,78.05,4.379466834303599,0.04122259165950184,79.79547784999401
2022-11-25,7.1642,83.4,76.45,85.79,76.28,76.43,76.54,76.54,4.3572628793899195,0.037955861399083926,78.0432280848383
2022-11-28,7.2074,83.5,77.1,85.97,77.24,77.33,77.36,77.24,4.365311740893947,0.033226009060388285,78.67392199808846
2022-11-29,7.1568,83.22,77.96,86.19,78.2,78.28,78.32,78.24,4.374224483345106,0.02659749085236922,79.37825651604804
2022-11-30,7.0879,85.61,80.48,86.22,80.55,80.66,80.75,80.71,4.404446442246675,0.025948366491937273,81.8138416195448
2022-12-01,7.0424,86.28,81.06,80.94,81.22,81.14,81.03,80.85,4.407779634139379,0.02564253828505572,82.086997841293
2022-12-02,7.019,86.54,79.86,80.1,79.98,80.05,80.08,80.02,4.4001061748002295,0.033281344092769324,81.4595171537948
2022-12-05,6.961,83.36,76.83,77.52,76.93,77.08,77.2,77.31,4.36386019185632,0.03397583090463606,78.55980578500228
2022-12-06,6.9935,79.92,74.21,75.12,74.25,74.46,74.63,74.75,4.328519492074675,0.031208428345856583,75.83193364126086
2022-12-07,6.9702,77.11,71.93,73.88,72.01,72.28,72.52,72.72,4.298748064060133,0.029030301865600558,73.60758401145748
2022-12-08,6.9649,76.02,71.3,73.45,71.46,71.58,71.72,71.9,4.286183326086836,0.026284604526262703,72.68851005855835
2022-12-09,6.9559,76.37,71.05,73.71,71.02,71.21,71.43,71.67,4.2845189905257115,0.030742202202553037,72.56763260460798
2022-12-12,6.9773,78.0,72.96,75.13,73.17,73.28,73.46,73.63,4.310438239428184,0.027222439253591264,74.47311884698603
2022-12-13,6.943,80.14,75.44,76.62,75.39,75.44,75.58,75.67,4.338265179952611,0.025983162276208813,76.57458092407283
2022-12-14,6.9498,83.33,77.14,77.67,77.28,77.31,77.33,77.28,4.364282044408046,0.031895322972632506,78.5929534307537
2022-12-15,6.9716,82.34,75.89,76.9,76.11,76.15,76.12,75.99,4.3493157970572005,0.033323221874528575,77.42547006392697
2022-12-16,6.9708,80.2,74.19,75.89,74.29,74.46,74.54,74.52,4.327909854781948,0.03245847554889173,75.78571775542868
2022-12-19,6.9772,81.66,75.05,76.31,75.19,75.38,75.44,75.38,4.341097015888517,0.034981562794920616,76.79173490121013
2022-12-20,6.96,79.45,75.92,76.4,76.09,76.23,76.23,76.16,4.342841886926182,0.01862569024515538,76.92584354248807
2022-12-21,6.981,80.25,78.17,77.1,78.29,78.24,78.09,77.82,4.362925938647444,0.010665702298878409,78.48644530832526
2022-12-22,6.9829,79.58,77.68,76.87,77.49,77.42,77.26,76.99,4.35287075630388,0.011283488702248807,77.70120427621511
2022-12-23,6.988,82.45,79.57,77.48,79.56,79.64,79.62,79.42,4.384766416742262,0.015104666629335389,80.21948309610185
2022-12-27,6.96,82.45,79.45,77.52,79.53,79.64,79.68,79.57,4.3856915977914905,0.015284853641782552,80.29373498456494
2022-12-28,6.9774,81.7,78.89,77.39,78.96,79.08,79.13,79.05,4.378380058370033,0.014471573075721392,79.70880515049181
2022-12-29,6.9625,80.96,78.43,77.24,78.4,78.5,78.54,78.46,4.370480609762534,0.013636785525271335,79.08162997106413
2022-12-30,6.8972,82.82,80.16,77.2,80.26,80.45,80.53,80.45,4.395183642113636,0.013338949054191307,81.05951533669511
2023-01-03,6.9135,80.36,76.87,77.91,76.93,77.12,77.27,77.33,4.356905173603952,0.01838128722840241,78.01531656295083
2023-01-04,6.8875,75.31,72.82,74.69,72.84,73.1,73.33,73.51,4.302349504780447,0.01417642529917045,73.87315529441003
2023-01-05,6.88,76.73,73.61,75.46,73.67,73.92,74.14,74.3,4.314750602185705,0.017252021789778846,74.7949674162595
2023-01-06,6.837,76.41,73.77,75.4,73.77,74.04,74.26,74.44,4.315158159019413,0.014981720203867979,74.8254568290192
2023-01-09,6.77,77.5,74.69,76.43,74.63,74.92,75.17,75.39,4.327895972975856,0.01603182447980059,75.78466572009233
2023-01-10,6.777,78.4,75.11,77.06,75.12,75.37,75.6,75.77,4.334705027526029,0.018126531944582174,76.30244844796184
2023-01-11,6.77,81.11,77.46,78.68,77.41,77.68,77.9,78.04,4.3654115945132475,0.01983170345391758,78.6817782661764
2023-01-12,6.7365,82.59,78.32,79.39,78.39,78.65,78.88,79.0,4.379157289409578,0.02212603696488361,79.77078138978834
2023-01-13,6.701,83.43,79.9,80.02,79.86,80.11,80.3,80.38,4.395076336446735,0.018637914569152828,81.05081765800665
2023-01-17,6.7723,84.38,80.25,80.66,80.18,80.45,80.65,80.71,4.40111592065387,0.021618161381815205,81.54181210498106
2023-01-18,6.7534,83.78,79.53,80.19,79.48,79.8,80.03,80.16,4.3937930955152416,0.022331989677860258,80.94687663620708
2023-01-19,6.7738,85.08,80.31,80.49,80.33,80.61,80.85,80.99,4.404951681644637,0.02434396486353616,81.85518763956925
2023-01-20,6.7825,86.96,81.27,81.0,81.31,81.64,81.89,82.0,4.41982241428256,0.028428885944891326,83.08152995510504
2023-01-23,6.7899,87.54,81.62,81.07,81.62,81.93,82.13,82.14,4.4233465339067,0.02966565069918507,83.37483572397413
2023-01-24,6.7899,85.25,79.86,80.6,80.13,80.44,80.65,80.65,4.403467805932946,0.02630135032047605,81.73381478813891
2023-01-25,6.7899,85.08,79.78,80.57,80.15,80.44,80.63,80.61,4.402688776817433,0.025334451376598528,81.67016656182665
2023-01-26,6.7899,86.29,80.64,80.74,81.01,81.28,81.44,81.38,4.413393440272069,0.02676250321849745,82.54911423548684
2023-01-27,6.7899,85.36,79.73,80.58,79.68,79.96,80.14,80.08,4.398661311192517,0.02914593440794902,81.34190424972091
2023-01-30,6.7501,84.9,77.97,80.42,77.9,78.18,78.37,78.34,4.380145737754331,0.03635439200995742,79.84966966868406
2023-01-31,6.754,83.42,78.95,80.38,78.87,79.17,79.38,79.36,4.386150246672665,0.024024221736983882,80.33057006281894
2023-02-01,6.7406,81.61,76.34,80.32,76.41,76.73,76.94,76.92,4.357397350795658,0.027855572483996782,78.05372337306952
2023-02-02,6.7266,80.57,75.87,80.07,75.88,76.2,76.44,76.45,4.349474766597976,0.02550864334318452,77.43777933372093
2023-02-03,6.7733,78.85,73.4,78.1,73.39,73.74,74.0,74.05,4.319761045225342,0.030353394294126878,75.17066375673397
2023-02-06,6.7918,80.48,74.11,78.97,74.11,74.47,74.74,74.83,4.331874728518203,0.034944639674488555,76.08679502961216
2023-02-07,6.791,82.92,77.17,81.19,77.14,77.39,77.56,77.56,4.36649672681482,0.030796115305414047,78.76720474645218
2023-02-08,6.789,84.17,78.47,82.17,78.47,78.69,78.84,78.81,4.382497563101063,0.029810222656895657,80.03768314651057
2023-02-09,6.7782,83.46,78.04,81.86,78.06,78.27,78.39,78.35,4.376157572791572,0.02842029617877703,79.53185019332683
2023-02-10,6.8106,85.46,79.74,83.15,79.72,79.92,80.04,79.95,4.397461674660187,0.029527267007428817,81.24438203707376
2023-02-13,6.8198,85.98,80.14,83.52,80.14,80.33,80.45,80.36,4.40279544048476,0.02986236318550746,81.67887826590623
2023-02-14,6.8255,84.96,79.08,83.05,79.06,79.24,79.4,79.37,4.390105095431082,0.030530330150134632,80.6488943654267
2023-02-15,6.851,84.11,78.57,82.95,78.59,78.83,79.02,79.01,4.3843798886961025,0.028850291814302608,80.18848200781781
2023-02-16,6.859,83.84,78.45,82.83,78.49,78.74,78.9,78.87,4.382434686720714,0.02801867434447706,80.03265082491151
2023-02-17,6.8661,81.97,76.31,82.07,76.34,76.55,76.7,76.71,4.355451079383623,0.030159376295534522,77.90195737948004
2023-02-21,6.87,82.14,76.28,82.17,76.16,76.36,76.53,76.56,4.354100371369881,0.03207706547733632,77.79680561201559
2023-02-22,6.8908,79.55,73.95,81.69,73.95,74.19,74.31,74.24,4.324189979619805,0.031014661127504173,75.50432803809205
2023-02-23,6.9075,82.08,75.26,81.98,75.39,75.6,75.68,75.57,4.344904812093181,0.036055915806899805,77.08469959886634
2023-02-24,6.9545,82.31,76.19,82.12,76.32,76.47,76.48,76.33,4.353304046570661,0.032178479225377817,77.73487874662841
2023-02-27,6.945,81.24,75.57,82.05,75.68,75.81,75.79,75.61,4.343332077450867,0.030154437622447756,76.9635611057368
2023-02-28,6.9325,83.21,76.88,82.08,77.05,77.19,77.14,76.9,4.362190195269302,0.032649686393828745,78.4287206637822
2023-03-01,6.8656,83.68,77.57,82.35,77.69,77.83,77.8,77.57,4.370131950991787,0.031574191832514205,79.05406227330882
2023-03-02,6.9122,84.15,78.05,83.06,78.16,78.31,78.29,78.08,4.376342695377154,0.03137626454945368,79.54657469794793
2023-03-03,6.9048,85.74,79.62,84.31,79.68,79.79,79.77,79.56,4.394902398031349,0.03115983260531746,81.03672103322535
2023-03-06,6.9295,85.86,80.39,84.4,80.46,80.56,80.51,80.28,4.402324450589433,0.027661512187451075,81.64041739763246
2023-03-07,6.9605,83.03,77.45,82.07,77.58,77.72,77.71,77.53,4.367788024688287,0.028775123907971,78.86898236891153
2023-03-08,6.9496,82.1,76.56,81.97,76.66,76.81,76.85,76.7,4.356726216378863,0.029110023724870076,78.00135640755691
2023-03-09,6.963,81.0,75.6,81.24,75.72,75.84,75.88,75.74,4.343781799007598,0.028636908033405153,76.9981810623357
2023-03-10,6.9025,82.3,76.55,82.16,76.68,76.78,76.8,76.65,4.356475878450561,0.030045259234922392,77.98183215352167
2023-03-13,6.8455,79.67,74.68,81.01,74.8,74.91,74.95,74.82,4.330550007949333,0.026840407372594757,75.98606801951846
2023-03-14,6.868,76.77,71.18,79.2,71.33,71.49,71.57,71.49,4.286852435602487,0.031121482722139163,72.73716290754395
2023-03-15,6.9005,74.3,67.38,77.25,67.61,67.74,67.82,67.76,4.23765836300632,0.03989443081533867,69.24551398757501
2023-03-16,6.8965,73.12,68.15,77.85,68.35,68.52,68.63,68.59,4.243294428880146,0.028914809841817088,69.63688813510714
2023-03-17,6.887,71.03,66.61,77.14,66.74,66.93,67.12,67.16,4.220175086209067,0.026552353482195652,68.04539705712375
2023-03-20,6.877,72.42,67.56,77.37,67.64,67.82,67.99,68.01,4.2342432332314965,0.02904439697040507,69.00943492075957
2023-03-21,6.883,74.78,69.4,77.97,69.33,69.67,69.77,69.72,4.261595756245474,0.03216710623960545,70.92306913220692
2023-03-22,6.8802,76.08,70.71,78.35,70.9,71.02,70.97,70.74,4.2774617899309675,0.030047792994879047,72.05731110323904
2023-03-23,6.8188,74.31,69.77,78.13,69.96,70.12,70.11,69.93,4.263182331247854,0.02573670839258267,71.03568321250361
2023-03-24,6.8675,73.63,69.22,77.86,69.26,69.41,69.4,69.24,4.2532438584440255,0.026034137515382395,70.3331936258756
2023-03-27,6.8834,76.8,72.87,78.4,72.81,72.93,72.88,72.67,4.300153047617648,0.022816753243089207,73.71107414064299
2023-03-28,6.8725,78.07,73.12,78.45,73.2,73.34,73.29,73.06,4.308366791073479,0.027311752893997412,74.31901129550263
2023-03-29,6.8862,77.51,72.95,78.41,72.97,73.12,73.06,72.81,4.304323646867364,0.025687581351970225,74.01913544473946
2023-03-30,6.87,78.45,74.32,78.47,74.37,74.49,74.41,74.13,4.321007847184696,0.022779079802101327,75.26444513884859
2023-03-31,6.8676,79.19,75.68,78.49,75.67,75.8,75.73,75.44,4.336844965488134,0.019408324446337784,76.46590578590136
2023-04-03,6.8776,85.81,80.4,84.69,80.42,80.44,80.16,79.64,4.397842418681761,0.027506455261771073,81.27532123940524
2023-04-04,6.878,85.7,80.7,84.47,80.71,80.72,80.43,79.89,4.400238518359267,0.025529401170931408,81.4702985096182
2023-04-05,6.8781,85.89,80.69,84.59,80.61,80.63,80.36,79.82,4.400162647068978,0.02693278744740746,81.46411748743404
2023-04-06,6.875,86.56,80.7,84.99,80.7,80.68,80.35,79.76,4.401485655909268,0.029733131778138834,81.57196656194472
2023-04-10,6.8807,86.56,79.79,84.28,79.74,79.77,79.46,78.92,4.393005809957045,0.03475198338883025,80.88317340885611
2023-04-11,6.8866,87.32,81.54,85.19,81.53,81.49,81.14,80.57,4.4107883394364995,0.029259717630823117,82.33434533779554
2023-04-12,6.873,88.31,83.26,86.35,83.26,83.09,82.65,81.98,4.427127014697551,0.02511280988265152,83.69062923841571
2023-04-13,6.8677,86.51,82.16,85.61,82.16,82.04,81.68,81.1,4.413888098607473,0.02196961608356705,82.58995794393128
2023-04-14,6.869,87.31,82.58,85.64,82.52,82.43,82.06,81.47,4.419553075909876,0.02394971754436657,83.05915592425463
2023-04-17,6.8786,85.63,80.93,84.95,80.83,80.83,80.56,80.05,4.401474283458944,0.02448672432339203,81.57103889408205
2023-04-18,6.8755,85.48,80.85,85.0,80.86,80.9,80.61,80.09,4.40155261352865,0.02363556009147497,81.57742860949477
2023-04-19,6.8851,85.34,79.18,84.36,79.16,79.24,78.96,78.45,4.385286867683431,0.03177461829779711,80.26124426795724
2023-04-20,6.8725,83.29,77.27,83.55,77.29,77.37,77.11,76.64,4.361454223426779,0.031744269412617696,78.37102056915546
2023-04-21,6.892,83.36,77.86,83.71,77.87,77.71,77.32,76.8,4.362618512570332,0.029011956265727352,78.46232023686572
2023-04-24,6.8958,84.23,78.64,83.9,78.76,78.6,78.23,77.72,4.3740816039554,0.028562173243668967,79.366915809397
2023-04-25,6.932,82.13,77.05,83.62,77.07,76.87,76.46,75.92,4.350571695812722,0.02704495764931901,77.52276970188392
2023-04-26,6.9261,79.19,74.33,83.23,74.3,74.19,73.87,73.42,4.316262653012145,0.02709265481480873,74.90814675344649
2023-04-27,6.922,80.11,74.77,83.32,74.76,74.58,74.23,73.75,4.3221508869328895,0.029381832042009316,75.35052457800603
2023-04-28,6.911,81.32,76.78,83.41,76.78,76.61,76.24,75.72,4.3461530706710105,0.024564595218015278,77.18098131609798
2023-05-01,6.9164,81.32,75.65,79.24,75.66,75.51,75.15,74.64,4.335115887962514,0.03052327044200705,76.33380454628508
2023-05-02,6.9164,76.71,71.71,75.01,71.66,71.55,71.27,70.85,4.281312812088197,0.028882947674762023,72.33534040979157
2023-05-03,6.9164,72.91,68.62,72.28,68.6,68.55,68.37,68.08,4.238202703703589,0.025888648799693454,69.28321739976164
2023-05-04,6.9094,73.0,68.52,72.5,68.56,68.51,68.32,68.0,4.237746455949916,0.026653765417450532,69.25161429742617
2023-05-05,6.9101,75.85,71.32,74.88,71.34,71.27,71.03,70.65,4.276154317020275,0.026108917577139547,71.96315968458146
2023-05-08,6.9125,75.85,73.13,76.25,73.16,73.07,72.81,72.42,4.295416601114345,0.015581372668631044,73.36277109180385
2023-05-09,6.9201,77.76,73.68,76.55,73.71,73.62,73.39,73.02,4.307326564942894,0.02262512583423508,74.24174291321644
2023-05-10,6.9321,76.7,72.53,75.64,72.56,72.52,72.35,72.02,4.293517849900862,0.023544957637217572,73.22360560329949
2023-05-11,6.948,75.32,70.81,74.74,70.87,70.88,70.71,70.39,4.271820673176244,0.025812380395232915,71.65197175646296
2023-05-12,6.9575,74.54,70.02,74.01,70.04,70.02,69.83,69.5,4.259542350565479,0.02643607003486787,70.77758471958703
2023-05-15,6.952,75.46,71.07,74.54,71.11,71.09,70.91,70.58,4.2741320688569315,0.02526966959995652,71.81777936416815
2023-05-16,6.9751,75.15,70.85,74.42,70.86,70.84,70.66,70.33,4.270552071458428,0.024980199457323174,71.56113157419627
2023-05-17,6.9981,76.98,72.78,75.18,72.83,72.89,72.77,72.48,4.299094677560205,0.02360115906557614,73.63310181593577
2023-05-18,7.0355,75.75,71.82,74.76,71.86,71.94,71.86,71.61,4.286102012283798,0.022405480454221083,72.6825997196676
2023-05-19,7.006,75.42,71.57,74.61,71.55,71.69,71.59,71.31,4.282303540646241,0.022381851658921162,72.4070406091442
2023-05-22,7.0351,75.77,71.81,74.77,71.99,72.05,71.97,71.68,4.287224633384496,0.02176487207394538,72.76424055705571
2023-05-23,7.049,76.66,72.87,74.99,72.91,72.85,72.58,72.19,4.295418497785571,0.021329255064604466,73.36291023699276
2023-05-24,7.0585,77.99,74.37,75.41,74.34,74.29,74.01,73.61,4.314380982266239,0.020398838032136685,74.76732681499972
2023-05-25,7.0775,75.66,71.68,75.0,71.83,71.93,71.75,71.41,4.284490500039656,0.02201336949047131,72.56556514693474
2023-05-26,7.063,76.33,72.35,75.14,72.67,72.76,72.57,72.24,4.295056705385672,0.020915480196638473,73.33637289442848
2023-05-30,7.0792,73.38,69.45,74.95,69.46,69.6,69.48,69.23,4.253102118164376,0.02326184803297057,70.32322528581678
2023-05-31,7.11,71.98,68.11,74.93,68.09,68.24,68.14,67.92,4.233700914519267,0.023621006772343477,68.97201995921557
2023-06-01,7.0934,74.18,70.09,72.75,70.1,70.2,70.03,69.76,4.261007682339818,0.02406191135559094,70.88137338723266
2023-06-02,7.0827,76.0,71.76,74.41,71.74,71.84,71.64,71.32,4.283983383340986,0.024527480445027356,72.52877526627013
2023-06-05,7.105,76.61,72.14,75.14,72.15,72.26,72.03,71.67,4.28997496050173,0.025472996544818695,72.96464147874495
2023-06-06,7.119,76.22,71.71,75.5,71.74,71.85,71.63,71.27,4.2845842795801845,0.025730705984915163,72.57237063139503
2023-06-07,7.1287,76.85,72.52,75.83,72.53,72.64,72.44,72.09,4.295157462131879,0.024617462111521708,73.343762401005
2023-06-08,7.1109,75.88,71.28,75.2,71.29,71.44,71.31,71.0,4.280557098435774,0.026462670207928713,72.28069625575844
2023-06-09,7.1273,74.74,70.16,74.38,70.17,70.33,70.27,70.02,4.266013452760574,0.026786929889648436,71.23707881661136
2023-06-12,7.1437,71.8,67.08,72.41,67.12,67.29,67.3,67.16,4.223927550446686,0.028562529511700862,68.30121464911758
2023-06-13,7.1585,74.24,69.39,73.89,69.42,69.58,69.59,69.45,4.25701044453408,0.028565306865612195,70.59860919616222
2023-06-14,7.148,73.39,68.22,73.42,68.27,68.46,68.49,68.38,4.2424194185568815,0.030671303410397133,69.57598178983537
2023-06-15,7.13,75.75,70.61,74.69,70.62,70.81,70.85,70.72,4.275579586674887,0.02984272399001422,71.92181215593858
2023-06-16,7.125,76.76,71.81,75.2,71.78,71.93,71.92,71.75,4.289956424582091,0.028528662947514785,72.9632890245486
2023-06-20,7.1811,75.79,70.94,75.1,70.5,71.19,71.18,71.0,4.280888238707555,0.030684216391525715,72.30463526852793
2023-06-21,7.1779,76.92,72.55,75.7,72.53,72.52,72.34,72.09,4.293939525477943,0.025081184897637433,73.25448872031868
2023-06-22,7.1777,73.93,69.22,74.91,69.51,69.63,69.59,69.47,4.256137670217902,0.026143317562402235,70.53701942419309
2023-06-23,7.1777,73.56,68.91,74.88,69.16,69.32,69.32,69.24,4.252133824132002,0.026221100622559848,70.25516468309073
2023-06-26,7.2364,73.86,69.09,74.93,69.37,69.54,69.55,69.48,4.255644258608776,0.026662142615038416,70.50222422481963
2023-06-27,7.2193,71.88,67.68,74.78,67.7,67.9,67.99,68.01,4.232486222760441,0.025483711158615256,68.8882910776677
2023-06-28,7.2436,73.64,69.54,74.94,69.56,69.73,69.77,69.73,4.257471366108212,0.02429424333983496,70.63115711868805
2023-06-29,7.2515,73.86,69.85,74.95,69.86,70.02,70.04,69.97,4.261121471623242,0.02369355607834766,70.88943938682196
2023-06-30,7.2513,74.51,70.66,74.99,70.64,70.78,70.72,70.58,4.270226826487024,0.02270870352200282,71.53786046061525
2023-07-03,7.24,74.52,69.71,74.91,69.79,69.91,69.8,69.62,4.259927660232952,0.027772889063346535,70.80486126184016
2023-07-05,7.2465,76.74,71.78,76.42,71.79,71.88,71.72,71.5,4.287094008560232,0.028360128525820358,72.7547363616757
2023-07-06,7.25,76.72,71.76,76.54,71.8,71.79,71.56,71.28,4.284870497350493,0.02816832569002123,72.59314510637329
2023-07-07,7.2205,78.77,73.91,78.24,73.86,73.77,73.44,73.05,4.3102545478578165,0.02740034757878281,74.45944001921596
2023-07-10,7.2315,77.83,73.05,77.62,72.99,72.95,72.7,72.39,4.300249139233858,0.027277252948593272,73.71815749720987
2023-07-11,7.209,79.54,74.87,78.79,74.83,74.71,74.44,74.11,4.32306774020282,0.025993350932803534,75.41964163311357
2023-07-12,7.1656,80.35,75.77,79.07,75.75,75.54,75.25,74.91,4.33347824276381,0.025079536260566145,76.2088991610384
2023-07-13,7.15,81.31,76.86,79.89,76.89,76.76,76.47,76.13,4.348869068613201,0.023792108654153033,77.39088962876646
2023-07-14,7.1403,79.9,75.44,79.31,75.42,75.32,75.05,74.75,4.3306897030512905,0.024489534770622746,75.99668364249578
2023-07-17,7.1711,77.8,74.17,78.83,74.15,74.08,73.89,73.66,4.313000651045344,0.020491315153966867,74.66419433436053
2023-07-18,7.1786,79.54,75.76,79.33,75.75,75.66,75.42,75.14,4.333538471538577,0.02078260616075774,76.21348926788805
2023-07-19,7.226,79.38,75.4,79.3,75.35,75.29,75.11,74.86,4.330235584664367,0.022125278240481192,75.96217998607385
2023-07-20,7.1761,79.62,75.65,79.41,75.63,75.65,75.43,75.16,4.334286405564188,0.021868664357231286,76.27051325215281
2023-07-21,7.1861,81.06,77.06,79.9,77.07,76.78,76.45,76.07,4.3474512299387875,0.02147904083827479,77.28123958380955
2023-07-24,7.1855,82.53,78.81,80.3,78.74,78.4,78.02,77.58,4.366960961794008,0.02002547376207173,78.80377972714419
2023-07-25,7.134,83.46,79.76,80.49,79.63,79.2,78.75,78.26,4.376303462016623,0.0199673792689161,79.54345387972428
2023-07-26,7.1503,82.98,79.11,80.29,78.78,78.4,78.01,77.59,4.368046223025327,0.02201537126637952,78.8893488381843
2023-07-27,7.173,84.28,80.17,80.42,80.09,79.63,79.18,78.7,4.382586057776317,0.02167447550769922,80.04476636869776
2023-07-28,7.1488,84.49,80.55,80.43,80.58,80.18,79.76,79.32,4.389117732536731,0.020148816566312927,80.56930393844303
2023-07-31,7.1426,85.22,81.8,80.44,81.8,81.32,80.84,80.35,4.401119630940404,0.01744447676766329,81.54211464902974
2023-08-01,7.1775,85.34,81.37,85.58,81.37,80.92,80.46,79.98,4.3980777777354865,0.02021591225481946,81.29445237335786
2023-08-02,7.192,84.01,79.5,84.32,79.49,79.13,78.73,78.32,4.378086616828323,0.023438679241829973,79.68541870726538
2023-08-03,7.1651,86.19,81.56,86.18,81.55,81.08,80.61,80.12,4.401480778202514,0.023562436084898445,81.57156867878285
2023-08-04,7.1709,87.38,82.76,87.23,82.82,82.27,81.75,81.21,4.415164170686015,0.022825364108867305,82.69541595493284
2023-08-07,7.1895,86.47,81.94,86.75,81.94,81.49,81.02,80.53,4.40634562382051,0.02287536906723601,81.96936860027391
2023-08-08,7.216,88.0,82.94,87.47,82.92,82.36,81.85,81.35,4.417708596564136,0.02525258252119769,82.90609622779586
2023-08-09,7.2085,89.31,84.35,88.18,84.4,83.69,83.07,82.49,4.43180471646348,0.024077225922483264,84.08302608480739
2023-08-10,7.2165,87.44,82.81,87.32,82.82,82.29,81.8,81.33,4.416046004100063,0.02308103597655895,82.76837169858901
2023-08-11,7.2367,87.93,83.17,87.63,83.19,82.57,82.02,81.51,4.418921288097915,0.02355980462855759,83.00669673515303
2023-08-14,7.2585,87.4,82.5,87.2,82.51,81.92,81.37,80.86,4.411478542559321,0.024457224089497832,82.39119237580798
2023-08-15,7.2817,86.28,81.06,86.39,80.99,80.5,80.05,79.61,4.3964162262208815,0.026839802304621418,81.15948960773164
2023-08-16,7.2985,84.49,79.4,85.68,79.38,79.02,78.73,78.42,4.379604605958677,0.02651586629055642,79.80647216238
2023-08-17,7.291,85.24,80.43,86.0,80.39,79.9,79.51,79.11,4.3885093490293805,0.0249545576729319,80.52030181028286
2023-08-18,7.28,85.92,81.25,86.44,81.25,80.66,80.2,79.75,4.396565145127617,0.023801815019784612,81.17157669017048
2023-08-21,7.2865,85.44,80.71,86.36,80.72,80.12,79.76,79.38,4.391349276339648,0.024160213675836578,80.74929862767421
2023-08-22,7.293,84.7,80.25,86.28,80.35,79.64,79.35,79.03,4.385305480217425,0.022458628859646522,80.26273814699697
2023-08-23,7.2771,83.94,78.91,86.09,78.89,78.59,78.28,77.96,4.373843938352109,0.026317067610778462,79.34805526480994
2023-08-24,7.2786,84.07,79.52,86.18,79.05,78.66,78.26,77.87,4.37339132090977,0.02619886210164148,79.31214907747773
2023-08-25,7.289,85.42,80.47,86.4,79.83,79.49,79.09,78.69,4.385229547185626,0.028750907278530646,80.25664378533364
2023-08-28,7.29,85.42,80.65,86.39,80.1,79.67,79.21,78.76,4.386003110817498,0.027372529987833134,80.31875142519067
2023-08-29,7.2796,86.37,81.14,86.43,81.16,80.68,80.17,79.67,4.397539044299308,0.026484945353337817,81.25066812876578
2023-08-30,7.2839,86.62,81.64,86.42,81.63,81.12,80.57,80.02,4.401899002405957,0.025255893535071246,81.60569101801386
2023-08-31,7.2582,87.29,83.55,86.46,83.63,82.96,82.26,81.58,4.418934962252728,0.01836545669807226,83.00783178933513
2023-09-01,7.2606,89.98,85.52,89.68,85.55,84.75,83.9,83.11,4.440441606020905,0.021455170670389892,84.81238706593983
2023-09-05,7.3018,91.25,86.74,90.8,86.69,86.01,85.21,84.38,4.456074051778245,0.021822219791076198,86.14862926139605
2023-09-06,7.316,91.79,87.55,91.69,87.54,86.79,85.93,85.06,4.463662303578576,0.020213316134628,86.80483332454828
2023-09-07,7.3287,91.16,86.87,90.86,86.87,86.15,85.32,84.49,4.456788194583737,0.020496615547686465,86.2101736583146
2023-09-08,7.343,91.85,87.51,91.37,87.51,86.81,86.0,85.15,4.46470305639204,0.02060245489090639,86.89522272740682
2023-09-11,7.2882,91.97,87.3,91.38,87.29,86.66,85.94,85.15,4.464883077433294,0.022186090546429428,86.91086710399847
2023-09-12,7.2911,93.58,88.87,92.34,88.84,88.16,87.36,86.5,4.481122196206158,0.022126440821369667,88.33374486940266
2023-09-13,7.27,93.04,88.59,92.18,88.52,87.88,87.11,86.27,4.4778518947275865,0.021193912214384773,88.04533873748716
2023-09-14,7.277,95.2,90.13,93.45,90.16,89.61,88.81,87.9,4.498094814287021,0.023117394199490836,89.8457952134027
2023-09-15,7.2744,95.55,90.83,93.56,90.77,90.02,88.97,87.92,4.499254374317015,0.0218452250435895,89.95003723215426
2023-09-18,7.2915,95.95,91.47,93.64,91.48,90.58,89.26,88.01,4.501694103057723,0.0203198721641203,90.16975884479696
2023-09-19,7.2964,96.11,91.16,93.15,91.2,90.48,89.17,87.89,4.50173874510894,0.022258514663338995,90.17378429764115
2023-09-20,7.287,94.56,89.2,93.14,90.28,89.66,88.34,87.06,4.491069212620118,0.0197381536528396,89.2167866139911
2023-09-21,7.3066,93.7,89.56,93.04,89.63,88.32,87.06,85.83,4.476125036142581,0.01890134684354446,87.89342809027157
2023-09-22,7.298,93.99,90.0,93.05,90.03,88.35,86.76,85.33,4.472328270160024,0.01833733749989126,87.5603500222691
2023-09-25,7.311,94.01,89.68,92.91,89.68,88.17,86.7,85.29,4.472525583139579,0.02004332508648218,87.57762852040281
2023-09-26,7.31,94.46,91.43,93.03,90.39,88.78,87.22,85.71,4.477758426702893,0.01878025099590175,88.03710969817392
2023-09-27,7.3105,97.1,93.67,93.26,93.68,91.3,89.3,87.42,4.499395922556317,0.015353420881729127,89.9627704027073
2023-09-28,7.301,96.64,91.65,93.16,91.71,89.59,87.75,85.98,4.4857295310513505,0.022134727847618777,88.74166700548348
2023-09-29,7.296,95.86,90.77,93.31,90.79,88.8,86.98,85.27,4.477284460190001,0.02308910752112224,87.99539294323854
2023-10-02,7.296,91.21,88.81,91.33,88.82,87.17,85.62,84.2,4.455469845042666,0.011514118234221667,86.09659340112711
2023-10-03,7.296,94.46,89.26,91.43,89.23,87.44,85.77,84.27,4.463936257497858,0.02401559683223533,86.82861710653158
2023-10-04,7.296,89.83,84.32,86.93,84.22,82.55,80.98,79.62,4.408250573109613,0.027282535554150666,82.1256649117265
2023-10-05,7.296,88.28,82.3,85.5,82.31,80.81,79.41,78.24,4.3897550325625305,0.029692158608028645,80.62066712306262
2023-10-06,7.296,87.86,82.83,85.88,82.79,81.28,79.83,78.64,4.392589455037103,0.02535426887305923,80.84950431130041
2023-10-09,7.296,91.37,82.83,88.54,86.38,84.6,83.0,81.62,4.430684945407489,0.02395600303394337,83.9889250415424
2023-10-10,7.2948,90.7,85.89,88.22,85.97,84.13,82.57,81.29,4.425118062755023,0.02279178785798439,83.5226675561992
2023-10-11,7.2992,87.58,83.7,87.21,83.49,82.07,80.92,79.96,4.403793958664552,0.02037131224186322,81.76047684281122
2023-10-12,7.3019,88.4,82.87,87.37,82.91,81.8,80.73,79.79,4.404983282908939,0.027147073523607304,81.85777440786065
2023-10-13,7.3049,94.33,87.67,90.12,87.69,86.35,85.08,83.89,4.459077843756765,0.031008552173509875,86.40779086183734
2023-10-16,7.3105,90.99,86.65,89.61,86.66,85.26,84.02,82.92,4.4414465126147515,0.02089572389071508,84.89765843064471
2023-10-17,7.3105,92.52,86.66,89.84,86.66,85.44,84.3,83.26,4.448479141953509,0.027698625211201172,85.49681655318953
2023-10-18,7.3161,91.99,88.35,90.53,88.32,87.27,86.09,84.97,4.463894943706282,0.01752448577228287,86.82502996124138
2023-10-19,7.3126,93.12,89.35,90.83,89.37,88.37,87.06,85.79,4.475278203716219,0.01750461901568921,87.81902859170073
2023-10-20,7.3155,93.72,89.12,90.66,88.75,88.08,86.82,85.57,4.475511074853543,0.02306430062121414,87.83948149011997
2023-10-23,7.3158,91.88,85.49,90.07,85.49,84.42,83.4,82.51,4.439394600957461,0.030458688799947675,84.72363453751998
2023-10-24,7.309,88.0,84.58,89.54,83.74,82.97,82.14,81.39,4.419105981086471,0.021261164490154777,83.02202890587178
2023-10-25,7.3165,90.14,86.07,90.02,85.39,84.69,83.86,83.08,4.440743569024038,0.023027500603021514,84.83800113609726
2023-10-26,7.315,88.45,83.8,89.64,83.21,82.54,81.84,81.19,4.418085618251261,0.025902527608359507,82.93735951716737
2023-10-27,7.3171,90.73,86.04,89.88,85.54,84.7,83.84,83.05,4.441496401283446,0.025091839749573106,84.90189396745089
2023-10-30,7.3133,90.73,83.03,89.68,82.31,81.68,80.99,80.34,4.415660872851832,0.041065531962476934,82.73650114984869
2023-10-31,7.3166,86.82,81.64,89.76,81.02,80.5,79.96,79.42,4.396460839194211,0.029593392065326265,81.16311045464475
2023-11-01,7.3175,86.92,81.05,85.24,80.44,80.1,79.63,79.13,4.394154543712268,0.03285168845778768,80.97614002710354
2023-11-02,7.316,89.02,83.04,87.65,82.46,82.16,81.7,81.2,4.419478966094601,0.03255842038374131,83.05300065363792
2023-11-03,7.3005,87.55,81.19,85.93,80.51,80.23,79.86,79.46,4.398500455107928,0.03552557990376717,81.32882096178172
2023-11-06,7.2695,87.31,81.54,86.32,80.82,80.6,80.32,79.99,4.402672675542252,0.032864646531797374,81.66885157858727
2023-11-07,7.2788,83.43,77.96,83.58,77.37,77.21,76.98,76.73,4.360029660123298,0.03200407241123415,78.25945557376285
2023-11-08,7.28,81.46,75.85,82.2,75.33,75.31,75.12,74.93,4.336158897786247,0.03319708053180084,76.41346298935761
2023-11-09,7.2835,81.74,76.34,82.44,75.74,75.75,75.57,75.38,4.341563716642668,0.03242200845348009,76.82758202609055
2023-11-10,7.2835,83.66,76.34,83.35,77.17,77.15,76.93,76.68,4.3603317643064,0.03429981246026878,78.28310165426902
2023-11-13,7.289,84.09,78.86,83.86,78.26,78.19,77.99,77.75,4.372047304080475,0.03061061995563764,79.2056238162574
2023-11-14,7.253,84.2,78.9,83.82,78.26,78.17,77.98,77.75,4.372292502883619,0.031076803377244614,79.22504732163226
2023-11-15,7.2466,82.4,77.15,83.21,76.66,76.79,76.8,76.72,4.356919190520624,0.030674211975598165,78.01641010480624
2023-11-16,7.2416,77.73,73.5,81.51,72.9,73.09,73.19,73.28,4.307213061670833,0.027291986169443425,74.23331671068209
2023-11-17,7.212,81.22,76.47,83.08,75.89,76.04,76.11,76.08,4.346799725230249,0.028885888896175483,77.23090689011282
2023-11-20,7.168,83.25,78.1,83.78,77.6,77.83,77.9,77.83,4.370580528628511,0.02988137266035165,79.08953211263037
2023-11-21,7.1352,82.42,78.35,83.92,77.77,77.92,77.88,77.74,4.367714025958864,0.024782794383697574,78.86314638035587
2023-11-22,7.155,81.76,76.8,83.76,77.1,77.25,77.23,77.08,4.359550440607429,0.024950152444206803,78.22196110010992
2023-11-24,7.1488,79.82,74.83,83.4,75.54,75.77,75.83,75.75,4.340539940033821,0.023463045332011486,76.74896799316842
2023-11-27,7.1528,79.49,74.46,83.32,74.86,75.09,75.22,75.2,4.333537385765823,0.02549876284418719,76.21340651740282
2023-11-28,7.138,81.66,76.09,83.46,76.41,76.59,76.66,76.59,4.353761386718694,0.028234992998832295,77.77043815833525
2023-11-29,7.13,82.98,77.56,83.49,77.86,77.99,77.98,77.86,4.370174917679066,0.02711182595658478,79.05745903745392
2023-11-30,7.136,81.72,75.66,83.56,75.96,76.05,75.99,75.85,4.346601949229082,0.030978439970855788,77.21563398053884
2023-12-01,7.1386,78.72,73.7,79.44,74.07,74.25,74.31,74.28,4.321486424282635,0.0259361359838926,75.3004735990914
2023-12-04,7.1424,78.16,72.73,78.19,73.04,73.32,73.53,73.68,4.312472603907481,0.028723493612182606,74.62477852785923
2023-12-05,7.1444,77.27,71.95,77.48,72.32,72.53,72.7,72.8,4.300751928558603,0.02812563654042553,73.75523151926959
2023-12-06,7.158,74.33,68.98,75.3,69.38,69.65,69.91,70.12,4.262363165175119,0.029217331221930345,70.97751701800155
2023-12-07,7.1515,74.21,69.0,75.27,69.34,69.59,69.81,70.0,4.260556096212427,0.028852114337838002,70.84937156865305
2023-12-08,7.1645,75.94,70.87,76.51,71.23,71.44,71.58,71.69,4.284624928467885,0.027271319885360086,72.57532067749662
2023-12-11,7.1765,75.75,70.95,76.77,71.32,71.56,71.76,71.92,4.286414703845086,0.025647184257785956,72.70533050893023
2023-12-12,7.1755,74.11,68.27,74.98,68.61,68.85,69.09,69.31,4.2524027171997,0.03259927381949247,70.27405834991812
2023-12-13,7.1725,74.14,69.09,74.87,69.47,69.72,69.98,70.24,4.262289727016795,0.02774454513236235,70.97230475126136
2023-12-14,7.1088,77.05,71.21,76.3,71.58,71.91,72.21,72.45,4.295486466908987,0.03125450003340433,73.36789681915775
2023-12-15,7.1179,76.84,71.05,76.34,71.43,71.78,72.05,72.31,4.293234076581865,0.031006906160532494,73.20282964567917
2023-12-18,7.1297,78.89,72.16,76.72,72.47,72.82,73.1,73.35,4.310232225577512,0.035963343270761,74.45777793327541
2023-12-19,7.1287,79.82,73.23,77.19,73.44,73.94,74.21,74.44,4.32488695634762,0.03538166827935426,75.55697114096161
2023-12-20,7.1355,81.1,73.87,77.36,74.22,74.45,74.62,74.73,4.331582632605473,0.037582683801385124,76.06457363331877
2023-12-21,7.1381,80.73,73.59,77.27,73.89,74.06,74.18,74.24,4.325663732854472,0.03755911995199408,75.61568482182453
2023-12-22,7.1315,80.23,73.29,77.29,73.56,73.73,73.84,73.88,4.320686875489228,0.036841356068115096,75.24029125884715
2023-12-26,7.1432,80.23,75.84,77.59,75.57,75.71,75.79,75.79,4.340678403621206,0.025620361915403116,76.75959566636075
2023-12-27,7.1405,80.97,74.31,77.39,74.11,74.34,74.51,74.6,4.330251320145616,0.03734639425479596,75.96337529693706
2023-12-28,7.1065,79.04,72.02,77.29,71.77,71.97,72.14,72.27,4.299687757318588,0.040857872648330205,73.67678507071643
2023-12-29,7.0999,77.69,71.89,77.33,71.65,71.84,72.01,72.13,4.29432214215453,0.034477047781215395,73.28252247208641
2024-01-02,7.1426,76.24,70.62,75.97,70.38,70.62,70.82,70.99,4.277571808038151,0.0339548399196257,72.06523914832162
2024-01-03,7.1497,77.18,72.97,78.2,72.7,72.89,73.03,73.12,4.303678081879164,0.025600819158386766,73.97136670301204
2024-01-04,7.1589,75.79,72.38,77.14,72.19,72.36,72.46,72.49,4.293591630300416,0.020772368322198313,73.22900826948063
2024-01-05,7.145,78.31,74.0,78.29,73.81,73.86,73.87,73.81,4.31509809600423,0.025106288850767804,74.82096272143579
2024-01-08,7.154,75.47,71.06,76.16,70.77,70.92,71.02,71.06,4.27709034556988,0.02724246554894677,72.0305507916457
2024-01-09,7.1675,77.97,72.43,77.41,72.24,72.29,72.33,72.3,4.29776375367299,0.032362073066044564,73.53516694822311
2024-01-10,7.1711,78.46,71.57,77.04,71.37,71.44,71.5,71.54,4.290351681949643,0.040069263970574115,72.99213400231578
2024-01-11,7.167,80.21,72.15,77.48,72.02,72.09,72.17,72.21,4.302377053040143,0.04563121927989302,73.87519039930828
2024-01-12,7.1665,79.89,72.94,77.88,72.68,72.79,72.88,72.93,4.309223475077416,0.04025294448152798,74.38270648309653
2024-01-16,7.1874,80.15,72.63,77.7,72.4,72.52,72.58,72.59,4.306756074474733,0.043111374736775274,74.1994007855833
2024-01-17,7.196,78.88,72.79,77.45,72.56,72.48,72.46,72.41,4.301060899517583,0.035585068958832025,73.77802326469426
2024-01-18,7.1961,81.04,74.32,77.99,74.08,73.95,73.83,73.7,4.321135969708978,0.038097696533415285,75.27408882732209
2024-01-19,7.1931,80.71,73.69,77.77,73.41,73.25,73.12,72.99,4.312665703669115,0.040192135611393016,74.63918994618089
2024-01-22,7.192,81.7,75.26,78.3,75.19,74.76,74.65,74.54,4.330639933548548,0.03534958048251752,75.9929014194613
2024-01-23,7.172,82.04,74.72,78.18,74.37,74.27,74.16,73.98,4.327507589920699,0.04154152583373476,75.75523795507844
2024-01-24,7.158,82.15,75.48,78.33,75.09,74.98,74.85,74.64,4.334812636405627,0.03820084134091519,76.31065971074439
2024-01-25,7.169,82.33,77.91,78.81,77.36,77.19,77.01,76.72,4.357105734123541,0.026657787183219716,78.03096492454593
2024-01-26,7.1763,83.34,78.45,78.89,78.01,77.86,77.68,77.39,4.36677672876299,0.028032141864299687,78.78926280523874
2024-01-29,7.1798,83.99,77.25,78.78,76.78,76.67,76.55,76.33,4.357430449608778,0.03789199901119104,78.05630690142836
2024-01-30,7.1755,84.14,78.3,78.83,77.82,77.65,77.48,77.22,4.366728250893892,0.0332153368000501,78.78544336225006
2024-01-31,7.1673,82.98,76.28,78.85,75.85,75.71,75.56,75.35,4.344450824265012,0.038011174027150346,77.04971202607742
2024-02-01,7.1799,82.2,74.36,78.57,73.82,73.79,73.7,73.54,4.323409915854608,0.04547435448335998,75.44545281387397
2024-02-02,7.192,79.54,72.72,77.36,72.28,72.3,72.28,72.18,4.301284470375264,0.04068450067453977,73.7945197246287
2024-02-05,7.1982,79.3,73.21,78.08,72.78,72.85,72.87,72.79,4.307181414050567,0.03651319958597576,74.23096744003838
2024-02-06,7.1908,80.46,73.83,78.35,73.31,73.37,73.35,73.23,4.315375848400233,0.039468289036087754,74.84174730945387
2024-02-07,7.1943,81.18,74.26,78.85,73.86,73.91,73.89,73.77,4.322994559992922,0.04011379508022247,75.41412260985253
2024-02-08,7.1965,83.01,76.67,80.56,76.22,76.19,76.04,75.78,4.349542742044377,0.03633082636192053,77.44304338025033
2024-02-09,7.1929,83.58,77.26,80.66,76.84,76.77,76.61,76.35,4.3568382795508604,0.035712115605065924,78.01009797677085
2024-02-12,7.1928,83.88,77.34,80.59,76.92,76.82,76.65,76.39,4.35794966321284,0.03675054657031368,78.09684532099318
2024-02-13,7.1928,84.72,78.28,81.1,77.87,77.56,77.24,76.87,4.365058301442395,0.03581274703241754,78.65398544890655
2024-02-14,7.1928,84.41,77.09,80.41,76.64,76.36,76.11,75.79,4.353119949949819,0.04087907107967585,77.72056933532714
2024-02-15,7.1928,84.33,78.47,81.02,78.03,77.59,77.22,76.81,4.363264511017147,0.033110177596895024,78.51302314911024
2024-02-16,7.1928,84.88,79.65,81.24,79.19,78.46,77.98,77.48,4.371309600580965,0.029531823460337392,79.14721509719435
2024-02-20,7.1905,84.78,78.72,80.78,78.18,77.04,76.62,76.2,4.356446979247774,0.03430058123471025,77.97957857330404
2024-02-21,7.1891,84.77,78.89,81.02,77.91,77.31,76.78,76.22,4.359123545517899,0.0358016824478095,78.18857565557103
2024-02-22,7.1944,85.84,79.64,81.19,78.61,77.93,77.34,76.74,4.3671352941446235,0.037327761410895506,78.81751897286414
2024-02-23,7.197,84.18,77.6,80.71,76.49,76.08,75.62,75.13,4.346497540423521,0.040582790460729455,77.20757240928118
2024-02-26,7.1972,84.01,78.53,80.83,77.58,77.09,76.59,76.05,4.355503550664379,0.03393489568801445,77.90604510220021
2024-02-27,7.1977,83.8,79.8,80.93,78.87,78.23,77.64,77.0,4.364966818799966,0.025905018081298546,78.64679030360062
2024-02-28,7.1976,84.08,79.44,80.86,78.54,77.83,77.21,76.57,4.3612235238580865,0.02888948119278461,78.35294249389446
2024-02-29,7.1977,84.57,79.22,80.88,78.26,77.45,76.81,76.18,4.358076559173007,0.03285055103126741,78.10675612397335
2024-03-01,7.196,84.82,80.9,83.07,79.97,79.09,78.33,77.59,4.373439598090029,0.02517904499148088,79.31597813682288
2024-03-04,7.1987,86.58,79.67,82.06,78.74,78.17,77.61,77.01,4.372311360442465,0.04002838181109233,79.2265413267108
2024-03-05,7.1965,85.82,79.11,81.62,78.15,77.41,76.82,76.22,4.361672391541286,0.0397310160512643,78.38812049220621
2024-03-06,7.1977,86.59,80.08,82.42,79.13,78.41,77.78,77.14,4.3732247150215855,0.03828386872794785,79.2989363071301
2024-03-07,7.1925,84.88,79.81,82.44,78.93,78.32,77.78,77.2,4.369463847722568,0.030989541310221476,79.00126363529425
2024-03-08,7.1855,84.29,78.96,81.97,78.01,77.5,77.03,76.51,4.360936583756316,0.032840289343943875,78.33046311787268
2024-03-11,7.182,83.44,78.87,82.28,77.93,77.53,77.14,76.69,4.360319357582327,0.02909164640158336,78.28213042345212
2024-03-12,7.1804,83.66,78.51,82.14,77.56,77.25,76.9,76.46,4.358879235599247,0.032106308604004846,78.16947574425699
2024-03-13,7.1875,83.95,80.67,83.46,79.72,79.3,78.84,78.31,4.378362131690347,0.02218245065758437,79.70737624908145
2024-03-14,7.1932,86.16,82.16,83.9,81.26,80.74,80.19,79.57,4.396934226716634,0.024855705238409468,81.20154115400408
2024-03-15,7.1953,85.39,81.94,83.82,81.04,80.58,80.14,79.61,4.394986153276953,0.022264656908034433,81.04350856794026
2024-03-18,7.1981,86.47,83.68,84.47,82.72,82.16,81.61,80.96,4.411335146924827,0.018926751885444498,82.37937868553661
2024-03-19,7.1991,87.36,84.39,84.62,83.47,82.73,82.08,81.38,4.417412565009706,0.019358162848562347,82.88155703962406
2024-03-20,7.1992,85.77,82.79,84.15,81.68,81.27,80.78,80.18,4.402275655027109,0.020725682188387662,81.63643380474886
2024-03-21,7.1993,84.92,81.99,84.14,81.07,80.64,80.09,79.45,4.39312502896369,0.019738673504607052,80.89281679527022
2024-03-22,7.2289,84.87,81.1,84.03,80.63,80.17,79.61,78.95,4.388182497922836,0.02175195609385399,80.49398796112648
2024-03-25,7.2102,86.18,82.41,84.23,81.95,81.38,80.77,80.06,4.402325772110683,0.02141702321206864,81.64052528725026
2024-03-26,7.2176,85.91,82.41,84.14,81.62,81.04,80.43,79.73,4.398383105112855,0.021763663750399564,81.31927758501116
2024-03-27,7.227,84.94,82.15,84.11,81.35,80.78,80.19,79.52,4.393630331646269,0.01842267373050962,80.93370248155178
2024-03-28,7.2262,86.17,83.96,84.15,83.17,82.42,81.67,80.89,4.410128769445676,0.015152726664820506,82.28005797952092
2024-04-01,7.2308,86.17,84.54,87.77,83.71,82.82,81.98,81.12,4.412631041200189,0.01241740939829794,82.4862028522466
2024-04-02,7.232,87.63,85.95,89.24,85.15,84.22,83.29,82.34,4.428399014895686,0.012283741131430905,83.79715146917572
2024-04-03,7.233,90.6,86.22,89.63,85.43,84.61,83.77,82.88,4.440791295240695,0.024785098559161965,84.8420502295434
2024-04-04,7.2339,90.32,87.37,90.53,86.59,85.81,84.96,84.03,4.451091834820512,0.018087837764459068,85.72048553789655
2024-04-05,7.2339,92.81,87.69,90.74,86.91,86.1,85.2,84.24,4.459177723936327,0.027757234958736294,86.41642171852281
