date,usd_cny,brent,wti,dubai,brent_m1,brent_m3,brent_m6,dubai_m1,dubai_m3,dubai_m6,wti_m1,wti_m3,wti_m6,state_x,state_delta,real_m136_index_usd
2016-01-29,6.5752,33.14,33.66,26.81,34.74,38.37,39.73,26.81,39.65,42.21,33.62,38.06,40.34,3.3703498397890628,-0.11937928808455073,29.088701663206365
2016-02-01,6.5778,32.45,31.62,29.95,34.74,38.37,39.73,26.81,39.65,42.21,33.62,38.06,40.34,3.45522227851743,-0.11778929853760738,31.665326421887702
2016-02-02,6.5795,30.98,29.9,28.48,34.74,38.37,39.73,26.81,39.65,42.21,33.62,38.06,40.34,3.4299877608035407,-0.1193636771455753,30.876264846693044
2016-02-03,6.5765,32.38,32.29,30.93,34.74,38.37,39.73,26.81,39.65,42.21,33.62,38.06,40.34,3.4908971192008598,-0.11800075724965241,32.81537380682389
2016-02-04,6.5638,32.76,31.63,30.4,34.74,38.37,39.73,26.81,39.65,42.21,33.62,38.06,40.34,3.489212016459685,-0.11891467490713788,32.760123095106245
2016-02-05,6.571,32.35,30.86,30.07,34.74,38.37,39.73,26.81,39.65,42.21,33.62,38.06,40.34,3.4800097020005065,-0.11938039460933947,32.46003700163152
2016-02-08,6.571,31.64,29.71,30.07,34.74,38.37,39.73,26.81,39.65,42.21,33.62,38.06,40.34,3.477319942124407,-0.11940880511730072,32.37284461239121
2016-02-09,6.571,30.15,27.96,30.07,34.74,38.37,39.73,26.81,39.65,42.21,33.62,38.06,40.34,3.474951626987948,-0.11947921061024125,32.29626623114864
2016-02-10,6.571,29.64,27.54,27.47,34.74,38.37,39.73,26.81,39.65,42.21,33.62,38.06,40.34,3.4042068557698717,-0.12095076537653558,30.09042021363321
2016-02-11,6.571,28.82,26.19,26.91,34.74,38.37,39.73,26.81,39.65,42.21,33.62,38.06,40.34,3.3735686609861033,-0.12051247177708141,29.18248384578127
2016-02-12,6.571,31.8,29.32,28.94,34.74,38.37,39.73,26.81,39.65,42.21,33.62,38.06,40.34,3.4272826614198966,-0.11840858205304858,30.792854349392897
2016-02-16,6.5154,31.09,29.05,28.51,34.74,38.37,39.73,26.81,39.65,42.21,33.62,38.06,40.34,3.4252218182816145,-0.11901639276547224,30.72946045167494
2016-02-17,6.527,33.21,30.68,29.57,34.74,38.37,39.73,26.81,39.65,42.21,33.62,38.06,40.34,3.4552427531972913,-0.11842738893477259,31.665974765946192
2016-02-18,6.5163,33.2,30.77,29.55,34.74,38.37,39.73,26.81,39.65,42.21,33.62,38.06,40.34,3.460485168380854,-0.11880282222605112,31.83241685092558
2016-02-19,6.5202,31.66,29.59,29.18,34.74,38.37,39.73,26.81,39.65,42.21,33.62,38.06,40.34,3.450261932750254,-0.1193402951840341,31.50864437383532
2016-02-22,6.5197,33.59,31.37,29.56,34.74,38.37,39.73,26.81,39.65,42.21,33.62,38.06,40.34,3.4604096459301434,-0.11897638981399529,31.830012879571004
2016-02-23,6.5263,31.9,31.84,29.3,34.74,38.37,39.73,26.81,39.65,42.21,33.62,38.06,40.34,3.454481467651365,-0.11933633443128404,31.641877090828917
2016-02-24,6.529,31.5,30.35,29.35,34.74,38.37,39.73,26.81,39.65,42.21,33.62,38.06,40.34,3.4538324109109797,-0.11933308622744625,31.621346380743308
2016-02-25,6.532,32.83,31.4,29.26,34.74,38.37,39.73,26.81,39.65,42.21,33.62,38.06,40.34,3.4527115661533156,-0.11926746250534656,31.58592361584079
2016-02-26,6.539,35.76,31.65,29.36,34.74,38.37,39.73,26.81,39.65,42.21,33.62,38.06,40.34,3.457213658354914,-0.11893638312383427,31.728446942078026
2016-02-29,6.5525,35.92,32.74,29.3,35.97,38.54,39.76,29.3,39.43,41.52,33.75,37.88,39.7,3.449592433917677,-0.10477381793837996,31.487556433174454
2016-03-01,6.55,35.73,34.39,32.17,35.97,38.54,39.76,29.3,39.43,41.52,33.75,37.88,39.7,3.5186592552635854,-0.09857723743470953,33.73916252103198
2016-03-02,6.5499,36.38,34.57,32.1,35.97,38.54,39.76,29.3,39.43,41.52,33.75,37.88,39.7,3.5299935586213054,-0.09782911679362241,34.123747810064316
2016-03-03,6.5312,35.75,34.56,32.3,35.97,38.54,39.76,29.3,39.43,41.52,33.75,37.88,39.7,3.536462055834928,-0.09774438198522196,34.34519261310726
2016-03-04,6.5064,37.61,35.91,33.65,35.97,38.54,39.76,29.3,39.43,41.52,33.75,37.88,39.7,3.570912981597969,-0.09705306550552147,35.549033954273
2016-03-07,6.5155,39.02,37.9,35.37,35.97,38.54,39.76,29.3,39.43,41.52,33.75,37.88,39.7,3.6174268476153206,-0.09658283972412979,37.24161607255301
2016-03-08,6.5044,39.16,36.67,34.37,35.97,38.54,39.76,29.3,39.43,41.52,33.75,37.88,39.7,3.603958591169843,-0.09772561997180863,36.743399025428246
2016-03-09,6.5105,40.26,37.62,35.26,35.97,38.54,39.76,29.3,39.43,41.52,33.75,37.88,39.7,3.6221675607502073,-0.09737038276071225,37.4185870438944
2016-03-10,6.507,38.63,37.77,34.6,35.97,38.54,39.76,29.3,39.43,41.52,33.75,37.88,39.7,3.6101587622654105,-0.09801042852567464,36.97192209500845
2016-03-11,6.494,39.41,38.51,34.99,35.97,38.54,39.76,29.3,39.43,41.52,33.75,37.88,39.7,3.61725960661674,-0.09776853196400641,37.2353882682789
2016-03-14,6.4984,38.06,37.2,34.51,35.97,38.54,39.76,29.3,39.43,41.52,33.75,37.88,39.7,3.6067258707333725,-0.09812624833925787,36.84521909997487
2016-03-15,6.511,37.49,36.32,34.17,35.97,38.54,39.76,29.3,39.43,41.52,33.75,37.88,39.7,3.5964633818295253,-0.09823957690489339,36.46902907244047
2016-03-16,6.5189,38.38,38.43,35.03,35.97,38.54,39.76,29.3,39.43,41.52,33.75,37.88,39.7,3.6148725485295214,-0.09764471739741631,37.14661123370618
2016-03-17,6.4745,39.29,40.17,35.61,35.97,38.54,39.76,29.3,39.43,41.52,33.75,37.88,39.7,3.6320921530115617,-0.09747972019200918,37.79180019409607
2016-03-18,6.4682,39.26,39.47,35.56,35.97,38.54,39.76,29.3,39.43,41.52,33.75,37.88,39.7,3.6340966341941647,-0.0977616896040608,37.86762911987954
2016-03-21,6.4812,39.91,39.91,35.68,35.97,38.54,39.76,29.3,39.43,41.52,33.75,37.88,39.7,3.637637558832806,-0.09779462150288504,38.001953216240324
2016-03-22,6.4876,40.54,41.45,35.77,35.97,38.54,39.76,29.3,39.43,41.52,33.75,37.88,39.7,3.6410866964966253,-0.0978011266019618,38.13325349056955
2016-03-23,6.5035,38.84,38.28,35.31,35.97,38.54,39.76,29.3,39.43,41.52,33.75,37.88,39.7,3.6298297649663884,-0.09816307518790954,37.706397121004414
2016-03-24,6.5124,38.33,38.14,35.23,35.97,38.54,39.76,29.3,39.43,41.52,33.75,37.88,39.7,3.6255963709862735,-0.0981445338509286,37.54710849007868
2016-03-25,6.5131,38.33,38.14,35.23,35.97,38.54,39.76,29.3,39.43,41.52,33.75,37.88,39.7,3.6247734460950447,-0.09806046771296342,37.51622274997368
2016-03-28,6.5051,38.33,37.99,35.22,35.97,38.54,39.76,29.3,39.43,41.52,33.75,37.88,39.7,3.6243367757747516,-0.09802109598264236,37.499844105263534
2016-03-29,6.5063,36.75,36.91,35.11,35.97,38.54,39.76,29.3,39.43,41.52,33.75,37.88,39.7,3.620506276389339,-0.09815636829892027,37.3564757369889
2016-03-30,6.4648,36.75,36.91,35.18,35.97,38.54,39.76,29.3,39.43,41.52,33.75,37.88,39.7,3.6213181096932963,-0.09809763244522635,37.38681528177076
2016-03-31,6.448,36.75,36.94,35.14,39.6,41.56,42.58,35.14,42.78,44.45,38.34,41.19,42.54,3.610587794108911,-0.07887893699443019,36.98778763006914
2016-04-01,6.4776,36.42,35.36,34.74,39.6,41.56,42.58,35.14,42.78,44.45,38.34,41.19,42.54,3.5963007765096435,-0.07264387177690781,36.46309949640573
2016-04-04,6.4776,36.05,34.3,34.05,39.6,41.56,42.58,35.14,42.78,44.45,38.34,41.19,42.54,3.576605576935878,-0.07069809280866027,35.751977308381825
2016-04-05,6.476,35.88,34.52,34.15,39.6,41.56,42.58,35.14,42.78,44.45,38.34,41.19,42.54,3.574746219564004,-0.06967279818608181,35.685563368572616
2016-04-06,6.478,37.77,37.74,35.73,39.6,41.56,42.58,35.14,42.78,44.45,38.34,41.19,42.54,3.611372583964609,-0.06847208892359118,37.01682666386509
2016-04-07,6.4599,37.15,37.3,35.39,39.6,41.56,42.58,35.14,42.78,44.45,38.34,41.19,42.54,3.610406431258264,-0.0689531195458764,36.981080027738756
2016-04-08,6.4628,40.71,39.74,37.14,39.6,41.56,42.58,35.14,42.78,44.45,38.34,41.19,42.54,3.650390694235808,-0.06808694751650318,38.4897008160893
2016-04-11,6.458,41.58,40.46,37.73,39.6,41.56,42.58,35.14,42.78,44.45,38.34,41.19,42.54,3.670878511310325,-0.06823871871627651,39.28640425495075
2016-04-12,6.4639,43.02,42.12,39.03,39.6,41.56,42.58,35.14,42.78,44.45,38.34,41.19,42.54,3.702259403631091,-0.06804301858190083,40.538794464022224
2016-04-13,6.4768,42.81,41.7,38.64,39.6,41.56,42.58,35.14,42.78,44.45,38.34,41.19,42.54,3.700338015858745,-0.06872907084870812,40.46097850129267
2016-04-14,6.481,43.02,41.45,38.49,39.6,41.56,42.58,35.14,42.78,44.45,38.34,41.19,42.54,3.69710524631773,-0.06896252085061703,40.330388679523764
2016-04-15,6.473,41.32,40.4,38.04,39.6,41.56,42.58,35.14,42.78,44.45,38.34,41.19,42.54,3.686195361424058,-0.0692694306915075,39.89278025064833
2016-04-18,6.4717,41.64,39.74,37.94,39.6,41.56,42.58,35.14,42.78,44.45,38.34,41.19,42.54,3.682079755431263,-0.069182259486728,39.728934678359984
2016-04-19,6.4571,43.02,40.88,38.32,39.6,41.56,42.58,35.14,42.78,44.45,38.34,41.19,42.54,3.690052907678811,-0.06883848455934125,40.04696569323578
2016-04-20,6.4675,43.09,42.72,38.93,39.6,41.56,42.58,35.14,42.78,44.45,38.34,41.19,42.54,3.7042860683733845,-0.06863300209822232,40.62103631964229
2016-04-21,6.481,43.48,43.18,38.57,39.6,41.56,42.58,35.14,42.78,44.45,38.34,41.19,42.54,3.7001921070619286,-0.06895694334845193,40.4550753192751
2016-04-22,6.5004,43.97,42.76,38.76,39.6,41.56,42.58,35.14,42.78,44.45,38.34,41.19,42.54,3.7033784868080457,-0.06887276231913203,40.58418614071464
2016-04-25,6.49,42.97,41.67,38.63,39.6,41.56,42.58,35.14,42.78,44.45,38.34,41.19,42.54,3.7005487534283423,-0.06901216084986381,40.46950604807125
2016-04-26,6.4905,43.94,42.52,38.8,39.6,41.56,42.58,35.14,42.78,44.45,38.34,41.19,42.54,3.7041676107240993,-0.06888043426181448,40.61622473215864
2016-04-27,6.494,44.17,45.29,38.97,39.6,41.56,42.58,35.14,42.78,44.45,38.34,41.19,42.54,3.709092101786489,-0.06884392936266594,40.81673226140567
2016-04-28,6.4735,45.6,46.03,39.0,39.6,41.56,42.58,35.14,42.78,44.45,38.34,41.19,42.54,3.7115737908718174,-0.0688282456906753,40.91815249504892
2016-04-29,6.4738,45.64,45.98,39.03,48.13,48.3,48.79,39.03,49.27,50.48,45.92,47.56,48.23,3.698732603376953,-0.042112870319977826,40.39607405452578
2016-05-02,6.4738,45.82,44.75,42.45,48.13,48.3,48.79,39.03,49.27,50.48,45.92,47.56,48.23,3.7570819041841355,-0.03184819346047835,42.823281037884314
2016-05-03,6.49,43.09,43.65,41.88,48.13,48.3,48.79,39.03,49.27,50.48,45.92,47.56,48.23,3.7548157636611847,-0.029975013983201782,42.726347339572264
2016-05-04,6.4945,43.08,43.77,41.8,48.13,48.3,48.79,39.03,49.27,50.48,45.92,47.56,48.23,3.752671250913462,-0.029358455654582276,42.6348183206908
2016-05-05,6.5032,44.39,44.33,41.92,48.13,48.3,48.79,39.03,49.27,50.48,45.92,47.56,48.23,3.755233621245518,-0.02899473915940796,42.744204598494676
2016-05-06,6.497,44.6,44.58,42.28,48.13,48.3,48.79,39.03,49.27,50.48,45.92,47.56,48.23,3.76244947627374,-0.028775951541009762,43.05375607831791
2016-05-09,6.514,42.43,43.45,40.97,48.13,48.3,48.79,39.03,49.27,50.48,45.92,47.56,48.23,3.738080076626235,-0.02947174387568144,42.0172427888816
2016-05-10,6.515,44.01,44.68,42.35,48.13,48.3,48.79,39.03,49.27,50.48,45.92,47.56,48.23,3.76018088152099,-0.028625582661031365,42.956195258016535
2016-05-11,6.491,46.08,46.21,43.67,48.13,48.3,48.79,39.03,49.27,50.48,45.92,47.56,48.23,3.7894853164380495,-0.028151625027621637,44.23362809498653
2016-05-12,6.514,46.43,46.64,43.98,48.13,48.3,48.79,39.03,49.27,50.48,45.92,47.56,48.23,3.800839046746401,-0.028407367915092647,44.73870661591634
2016-05-13,6.5285,47.05,46.22,43.7,48.13,48.3,48.79,39.03,49.27,50.48,45.92,47.56,48.23,3.798354468075401,-0.028761768613338966,44.62768775434924
2016-05-16,6.5184,48.49,47.72,44.27,48.13,48.3,48.79,39.03,49.27,50.48,45.92,47.56,48.23,3.8089978325296543,-0.028551393225161745,45.10521323083058
2016-05-17,6.517,48.71,48.29,44.48,48.13,48.3,48.79,39.03,49.27,50.48,45.92,47.56,48.23,3.814926555932947,-0.02859549195252027,45.373423851787635
2016-05-18,6.537,48.93,48.12,44.32,48.13,48.3,48.79,39.03,49.27,50.48,45.92,47.56,48.23,3.8133672876933122,-0.028763049432043823,45.302729642992645
2016-05-19,6.544,47.01,48.16,44.33,48.13,48.3,48.79,39.03,49.27,50.48,45.92,47.56,48.23,3.812333593027258,-0.028896488993729378,45.25592464820741
2016-05-20,6.5485,48.54,47.67,44.28,48.13,48.3,48.79,39.03,49.27,50.48,45.92,47.56,48.23,3.811911204176125,-0.0288459238999685,45.236813086727686
2016-05-23,6.5533,47.77,48.12,44.16,48.13,48.3,48.79,39.03,49.27,50.48,45.92,47.56,48.23,3.8094669476285046,-0.028913282344998768,45.12637773129925
2016-05-24,6.5552,48.42,48.04,44.21,48.13,48.3,48.79,39.03,49.27,50.48,45.92,47.56,48.23,3.810172046220156,-0.028833719883813995,45.15820749692665
2016-05-25,6.5538,48.87,49.1,44.39,48.13,48.3,48.79,39.03,49.27,50.48,45.92,47.56,48.23,3.813905844533203,-0.02873838913192237,45.32713430896763
2016-05-26,6.554,49.52,49.0,44.34,48.13,48.3,48.79,39.03,49.27,50.48,45.92,47.56,48.23,3.8140329814777236,-0.028756938468493847,45.332897428672496
2016-05-27,6.5615,49.09,49.36,44.31,48.13,48.3,48.79,39.03,49.27,50.48,45.92,47.56,48.23,3.8134207952984656,-0.02880317144328898,45.30515374841621
2016-05-31,6.5798,49.26,49.1,44.27,49.69,50.55,51.2,44.27,51.89,53.38,49.1,50.03,50.86,3.8141096615757113,-0.03165081102606561,45.33637369296783
2016-06-01,6.5748,48.81,49.07,45.96,49.69,50.55,51.2,44.27,51.89,53.38,49.1,50.03,50.86,3.8432952272103,-0.03201072855012399,46.679039325773445
2016-06-02,6.5815,49.05,49.14,46.36,49.69,50.55,51.2,44.27,51.89,53.38,49.1,50.03,50.86,3.8558128703025023,-0.0325134195119997,47.26702328898951
2016-06-03,6.5638,48.5,48.69,46.03,49.69,50.55,51.2,44.27,51.89,53.38,49.1,50.03,50.86,3.8524273593135803,-0.03304956725837281,47.10727083665843
2016-06-06,6.5611,48.94,49.71,46.54,49.69,50.55,51.2,44.27,51.89,53.38,49.1,50.03,50.86,3.8607974466922497,-0.03296698496118557,47.50321755242385
2016-06-07,6.571,49.76,50.37,47.29,49.69,50.55,51.2,44.27,51.89,53.38,49.1,50.03,50.86,3.875278349236112,-0.0327969638130857,48.19611177509186
2016-06-08,6.56,50.73,51.23,48.2,49.69,50.55,51.2,44.27,51.89,53.38,49.1,50.03,50.86,3.893408150151225,-0.03265592575449537,49.07786655391235
2016-06-09,6.559,50.59,50.52,47.9,49.69,50.55,51.2,44.27,51.89,53.38,49.1,50.03,50.86,3.8918584341152656,-0.03304700276236862,49.00186869985946
2016-06-10,6.559,49.7,49.09,46.96,49.69,50.55,51.2,44.27,51.89,53.38,49.1,50.03,50.86,3.8755764589221786,-0.03350147302152028,48.210481644634996
2016-06-13,6.5823,49.36,48.89,46.93,49.69,50.55,51.2,44.27,51.89,53.38,49.1,50.03,50.86,3.871781974396141,-0.03337632516083465,48.02789434945071
2016-06-14,6.593,47.88,48.49,46.64,49.69,50.55,51.2,44.27,51.89,53.38,49.1,50.03,50.86,3.865439721101741,-0.03344665536785014,47.72425318070021
2016-06-15,6.5785,47.47,47.92,46.2,49.69,50.55,51.2,44.27,51.89,53.38,49.1,50.03,50.86,3.85657125831949,-0.03352394580279526,47.30288362935801
2016-06-16,6.5899,45.66,46.14,45.37,49.69,50.55,51.2,44.27,51.89,53.38,49.1,50.03,50.86,3.8395273667694227,-0.03376983029485537,46.50349015016275
2016-06-17,6.5849,46.57,48.0,46.14,49.69,50.55,51.2,44.27,51.89,53.38,49.1,50.03,50.86,3.8501636633697904,-0.03322556512283754,47.000754904069886
2016-06-20,6.5768,48.68,49.4,46.69,49.69,50.55,51.2,44.27,51.89,53.38,49.1,50.03,50.86,3.862664649843304,-0.03294307420097109,47.59199857022686
2016-06-21,6.5893,48.18,48.95,46.61,49.69,50.55,51.2,44.27,51.89,53.38,49.1,50.03,50.86,3.863375545813818,-0.03313470067194075,47.62584355894683
2016-06-22,6.575,48.43,49.16,46.38,49.69,50.55,51.2,44.27,51.89,53.38,49.1,50.03,50.86,3.859898341871916,-0.03327653914329528,47.460526375338574
2016-06-23,6.574,48.63,49.34,46.63,49.69,50.55,51.2,44.27,51.89,53.38,49.1,50.03,50.86,3.863528294743689,-0.033162106098812046,47.63311891122165
2016-06-24,6.615,46.69,46.7,46.16,49.69,50.55,51.2,44.27,51.89,53.38,49.1,50.03,50.86,3.854799515891003,-0.03344653683888531,47.21914930317531
2016-06-27,6.6481,45.07,45.8,46.03,49.69,50.55,51.2,44.27,51.89,53.38,49.1,50.03,50.86,3.8499143948752046,-0.03351367757000673,46.98904055672007
2016-06-28,6.645,46.29,47.93,46.19,49.69,50.55,51.2,44.27,51.89,53.38,49.1,50.03,50.86,3.852817424601769,-0.033332875658365235,47.125649332006624
2016-06-29,6.635,48.4,49.85,46.31,49.69,50.55,51.2,44.27,51.89,53.38,49.1,50.03,50.86,3.8568661163465396,-0.0331773740894233,47.3168333207869
2016-06-30,6.6459,48.05,48.27,46.26,49.68,51.1,51.78,46.26,51.88,53.97,48.33,50.2,51.39,3.8601060790590305,-0.040645381143620186,47.470386715730996
2016-07-01,6.6547,47.65,49.02,45.77,49.68,51.1,51.78,46.26,51.88,53.97,48.33,50.2,51.39,3.853542114496311,-0.04332562173642295,47.15981319145796
2016-07-04,6.6547,48.02,49.02,45.77,49.68,51.1,51.78,46.26,51.88,53.97,48.33,50.2,51.39,3.8528212986230144,-0.044051840036294115,47.12583189812698
2016-07-05,6.677,45.64,46.73,44.02,49.68,51.1,51.78,46.26,51.88,53.97,48.33,50.2,51.39,3.8209688650316767,-0.04502227131805785,45.64841405482504
2016-07-06,6.69,45.7,47.37,44.73,49.68,51.1,51.78,46.26,51.88,53.97,48.33,50.2,51.39,3.8274572485907665,-0.04449436460321355,45.94556143469441
2016-07-07,6.679,45.93,45.22,42.73,49.68,51.1,51.78,46.26,51.88,53.97,48.33,50.2,51.39,3.7929445687366705,-0.04514505410883447,44.386908339317856
2016-07-08,6.6878,44.53,45.37,43.14,49.68,51.1,51.78,46.26,51.88,53.97,48.33,50.2,51.39,3.7930216485957495,-0.044653647705650536,44.390329807819064
2016-07-11,6.6917,44.04,44.73,42.84,49.68,51.1,51.78,46.26,51.88,53.97,48.33,50.2,51.39,3.7871611404558116,-0.044633051221044814,44.130940736931215
2016-07-12,6.686,46.72,46.82,44.29,49.68,51.1,51.78,46.26,51.88,53.97,48.33,50.2,51.39,3.8136102392918634,-0.04383767381642055,45.31373735069409
2016-07-13,6.6832,44.67,44.87,42.82,49.68,51.1,51.78,46.26,51.88,53.97,48.33,50.2,51.39,3.791048360572137,-0.04471742690452773,44.30282126981563
2016-07-14,6.6801,46.01,45.64,43.52,49.68,51.1,51.78,46.26,51.88,53.97,48.33,50.2,51.39,3.8001929040536666,-0.04425084213014109,44.70980836475642
2016-07-15,6.6865,46.25,45.93,43.67,49.68,51.1,51.78,46.26,51.88,53.97,48.33,50.2,51.39,3.8047502154225734,-0.04420098989904463,44.91402987977711
2016-07-18,6.7013,45.35,45.23,43.18,49.68,51.1,51.78,46.26,51.88,53.97,48.33,50.2,51.39,3.7962846995986346,-0.04449860090749832,44.53541429833074
2016-07-19,6.6931,45.7,44.64,43.06,49.68,51.1,51.78,46.26,51.88,53.97,48.33,50.2,51.39,3.79256436235977,-0.04445725223906592,44.370035361526476
2016-07-20,6.676,45.82,44.96,43.27,49.68,51.1,51.78,46.26,51.88,53.97,48.33,50.2,51.39,3.7957344471693357,-0.044292649111745706,44.51091531935275
2016-07-21,6.6735,44.99,43.96,43.18,49.68,51.1,51.78,46.26,51.88,53.97,48.33,50.2,51.39,3.7940255343503,-0.0443733340632997,44.43491500302974
2016-07-22,6.676,44.24,43.41,42.77,49.68,51.1,51.78,46.26,51.88,53.97,48.33,50.2,51.39,3.7858071875714057,-0.04456291534298511,44.07122995434381
2016-07-25,6.6783,43.76,42.4,42.59,49.68,51.1,51.78,46.26,51.88,53.97,48.33,50.2,51.39,3.7804544836098786,-0.044561799494857154,43.83595993429712
2016-07-26,6.669,43.56,42.16,42.56,49.68,51.1,51.78,46.26,51.88,53.97,48.33,50.2,51.39,3.778699117560057,-0.044484602826821935,43.759079275057765
2016-07-27,6.668,42.78,41.9,42.51,49.68,51.1,51.78,46.26,51.88,53.97,48.33,50.2,51.39,3.7769451293189062,-0.04449389607030238,43.68239363707949
2016-07-28,6.6538,41.87,41.13,42.51,49.68,51.1,51.78,46.26,51.88,53.97,48.33,50.2,51.39,3.7758824330277245,-0.04451720252752951,43.63599717641115
2016-07-29,6.6371,40.76,41.54,42.51,42.46,44.95,45.9,42.51,45.22,47.82,41.6,43.65,45.38,3.783935356253642,-0.061426501231241715,43.98881320509308
2016-08-01,6.6421,40.17,40.05,38.92,42.46,44.95,45.9,42.51,45.22,47.82,41.6,43.65,45.38,3.71903587723161,-0.06849770378280835,41.224629338867025
2016-08-02,6.6239,40.0,39.5,38.68,42.46,44.95,45.9,42.51,45.22,47.82,41.6,43.65,45.38,3.7024031318496253,-0.06969874712357392,40.544621451473304
2016-08-03,6.632,40.45,40.8,39.76,42.46,44.95,45.9,42.51,45.22,47.82,41.6,43.65,45.38,3.721221948494323,-0.0693208538152375,41.314847892545664
2016-08-04,6.6388,41.33,41.92,40.86,42.46,44.95,45.9,42.51,45.22,47.82,41.6,43.65,45.38,3.7466806787536733,-0.06905811285984848,42.38017485657571
2016-08-05,6.653,42.47,41.83,40.72,42.46,44.95,45.9,42.51,45.22,47.82,41.6,43.65,45.38,3.7495443750038566,-0.06942103583078073,42.50171274513392
2016-08-08,6.6597,43.24,43.06,41.62,42.46,44.95,45.9,42.51,45.22,47.82,41.6,43.65,45.38,3.767767613823289,-0.06920191478352576,43.28333179169535
2016-08-09,6.653,43.37,42.78,41.17,42.46,44.95,45.9,42.51,45.22,47.82,41.6,43.65,45.38,3.7628811969978413,-0.06963046824561447,43.07234728988422
2016-08-10,6.6345,42.19,41.75,40.7,42.46,44.95,45.9,42.51,45.22,47.82,41.6,43.65,45.38,3.7522062541976657,-0.0699307817811863,42.614997878770446
2016-08-11,6.6274,44.23,43.51,41.97,42.46,44.95,45.9,42.51,45.22,47.82,41.6,43.65,45.38,3.775463595968384,-0.06922296657937137,43.61772463054921
2016-08-12,6.6324,45.12,44.47,42.52,42.46,44.95,45.9,42.51,45.22,47.82,41.6,43.65,45.38,3.7906356101132204,-0.06916650545336633,44.284539033265524
2016-08-15,6.637,47.31,45.72,43.27,42.46,44.95,45.9,42.51,45.22,47.82,41.6,43.65,45.38,3.8084872328752066,-0.06902639016259983,45.08218840327586
2016-08-16,6.624,48.27,46.57,43.84,42.46,44.95,45.9,42.51,45.22,47.82,41.6,43.65,45.38,3.8227056872184644,-0.06905141588477472,45.727766123416316
2016-08-17,6.6328,48.58,46.81,44.16,42.46,44.95,45.9,42.51,45.22,47.82,41.6,43.65,45.38,3.8312821504701375,-0.06918919890360536,46.12163521678335
2016-08-18,6.6297,49.46,48.2,44.5,42.46,44.95,45.9,42.51,45.22,47.82,41.6,43.65,45.38,3.8396438500393346,-0.06923026208616163,46.50890734425787
2016-08-19,6.6515,49.39,48.48,44.45,42.46,44.95,45.9,42.51,45.22,47.82,41.6,43.65,45.38,3.8404387179486443,-0.06942192832178827,46.54589047860901
2016-08-22,6.6475,48.1,46.8,43.81,42.46,44.95,45.9,42.51,45.22,47.82,41.6,43.65,45.38,3.8283999879347164,-0.06979141169262988,45.988896546786805
2016-08-23,6.6378,48.7,47.54,43.96,42.46,44.95,45.9,42.51,45.22,47.82,41.6,43.65,45.38,3.8292297699274043,-0.06960592201422436,46.02707314194001
2016-08-24,6.6562,47.56,46.29,43.7,42.46,44.95,45.9,42.51,45.22,47.82,41.6,43.65,45.38,3.8239205320565546,-0.06971187937607896,45.78335202133296
2016-08-25,6.656,49.25,46.97,43.82,42.46,44.95,45.9,42.51,45.22,47.82,41.6,43.65,45.38,3.826011881857391,-0.0695129249098922,45.8792012176282
2016-08-26,6.669,49.66,47.64,43.84,42.46,44.95,45.9,42.51,45.22,47.82,41.6,43.65,45.38,3.8271038444641117,-0.06946206236410048,45.92932695251738
2016-08-29,6.6775,49.66,46.97,43.74,42.46,44.95,45.9,42.51,45.22,47.82,41.6,43.65,45.38,3.825379940835134,-0.06949693695949627,45.850217427298006
2016-08-30,6.6778,47.94,46.32,43.72,42.46,44.95,45.9,42.51,45.22,47.82,41.6,43.65,45.38,3.8237064430228314,-0.06957637404546109,45.773551356882926
2016-08-31,6.6776,47.94,44.68,43.7,47.04,48.22,49.01,43.7,48.13,50.72,44.7,46.61,47.9,3.815985725093939,-0.05683442912533968,45.42150744289332
2016-09-01,6.6713,45.05,43.17,41.89,47.04,48.22,49.01,43.7,48.13,50.72,44.7,46.61,47.9,3.7782556093375637,-0.053400291066560385,43.73967606664983
2016-09-02,6.679,45.96,44.39,43.17,47.04,48.22,49.01,43.7,48.13,50.72,44.7,46.61,47.9,3.7944729966019484,-0.051063760749838746,44.45480239924652
2016-09-05,6.679,46.72,44.39,43.17,47.04,48.22,49.01,43.7,48.13,50.72,44.7,46.61,47.9,3.7976777428409476,-0.050559903381512956,44.59749728836781
2016-09-06,6.6722,46.21,44.85,43.53,47.04,48.22,49.01,43.7,48.13,50.72,44.7,46.61,47.9,3.8044962845210186,-0.05035687647169574,44.90262626760332
2016-09-07,6.66,47.0,45.47,44.12,47.04,48.22,49.01,43.7,48.13,50.72,44.7,46.61,47.9,3.8167284868131324,-0.05015897375201457,45.455257332361285
2016-09-08,6.664,49.23,47.63,45.43,47.04,48.22,49.01,43.7,48.13,50.72,44.7,46.61,47.9,3.8432652768986375,-0.049739941390629934,46.67764129493337
2016-09-09,6.6778,48.37,45.88,44.11,47.04,48.22,49.01,43.7,48.13,50.72,44.7,46.61,47.9,3.8247614933883476,-0.05060110586514479,45.82187024392059
2016-09-12,6.6788,47.82,46.28,44.89,47.04,48.22,49.01,43.7,48.13,50.72,44.7,46.61,47.9,3.8346423838094505,-0.05029292432268165,46.276875348565454
2016-09-13,6.6782,46.48,44.91,43.57,47.04,48.22,49.01,43.7,48.13,50.72,44.7,46.61,47.9,3.8124831247256354,-0.050921500561675104,45.262692349462014
2016-09-14,6.6707,45.65,43.62,42.86,47.04,48.22,49.01,43.7,48.13,50.72,44.7,46.61,47.9,3.7948416646546983,-0.05101915331765901,44.47119448611614
2016-09-15,6.6707,45.83,43.85,43.29,47.04,48.22,49.01,43.7,48.13,50.72,44.7,46.61,47.9,3.7992868759833214,-0.05055645610525746,44.66931836866451
2016-09-16,6.6707,45.26,43.04,42.93,47.04,48.22,49.01,43.7,48.13,50.72,44.7,46.61,47.9,3.793132170440184,-0.050650056121369726,44.39523618007015
2016-09-19,6.665,46.04,43.34,43.01,47.04,48.22,49.01,43.7,48.13,50.72,44.7,46.61,47.9,3.793870621292161,-0.050492238811655564,44.428031987606715
2016-09-20,6.67,45.24,43.85,42.98,47.04,48.22,49.01,43.7,48.13,50.72,44.7,46.61,47.9,3.793181885928972,-0.05051904964184043,44.3974433658019
2016-09-21,6.6695,45.99,45.33,43.33,47.04,48.22,49.01,43.7,48.13,50.72,44.7,46.61,47.9,3.800083697318716,-0.05035193783213727,44.704926019161995
2016-09-22,6.663,47.21,46.1,43.59,47.04,48.22,49.01,43.7,48.13,50.72,44.7,46.61,47.9,3.8068236872125385,-0.05026276845999491,45.00725446958511
2016-09-23,6.669,46.71,44.36,43.14,47.04,48.22,49.01,43.7,48.13,50.72,44.7,46.61,47.9,3.7994116360546752,-0.05053949676204372,44.67489166366663
2016-09-26,6.6683,46.61,45.6,43.4,47.04,48.22,49.01,43.7,48.13,50.72,44.7,46.61,47.9,3.8029225321830213,-0.05041260955471654,44.83201623046128
2016-09-27,6.6691,44.95,44.65,43.14,47.04,48.22,49.01,43.7,48.13,50.72,44.7,46.61,47.9,3.7978532402556615,-0.050625296850327774,44.60532472067161
2016-09-28,6.673,45.49,47.07,43.39,47.04,48.22,49.01,43.7,48.13,50.72,44.7,46.61,47.9,3.8022609180972005,-0.050495054063630924,44.802364547094776
2016-09-29,6.665,48.43,47.72,43.4,47.04,48.22,49.01,43.7,48.13,50.72,44.7,46.61,47.9,3.804905595151952,-0.05036170669405402,44.92100915178979
2016-09-30,6.6685,48.24,47.72,43.4,49.06,51.57,52.32,43.4,51.52,53.99,48.24,49.75,50.88,3.805820060409029,-0.051362712321502905,44.96210664222155
2016-10-03,6.6685,48.61,48.8,48.01,49.06,51.57,52.32,43.4,51.52,53.99,48.24,49.75,50.88,3.8844032428310005,-0.05007183801241879,48.63790877657526
2016-10-04,6.6685,48.81,48.67,48.15,49.06,51.57,52.32,43.4,51.52,53.99,48.24,49.75,50.88,3.901762679716266,-0.051043236348040616,49.489606593303456
2016-10-05,6.6685,49.57,49.75,48.95,49.06,51.57,52.32,43.4,51.52,53.99,48.24,49.75,50.88,3.918586510147657,-0.05137928060355945,50.329254585978056
2016-10-06,6.6685,50.14,50.44,49.42,49.06,51.57,52.32,43.4,51.52,53.99,48.24,49.75,50.88,3.9296911914670667,-0.051618606287181505,50.89125958717517
2016-10-07,6.6685,50.49,49.76,49.07,49.06,51.57,52.32,43.4,51.52,53.99,48.24,49.75,50.88,3.9263990671598274,-0.05199044563753158,50.7239947139089
2016-10-10,6.6685,51.54,49.76,49.93,49.06,51.57,52.32,43.4,51.52,53.99,48.24,49.75,50.88,3.9396888589083736,-0.05171436956885794,51.40260534941626
2016-10-11,6.719,50.48,50.72,49.49,49.06,51.57,52.32,43.4,51.52,53.99,48.24,49.75,50.88,3.93514200813199,-0.052076943801554365,51.16941591390161
2016-10-12,6.718,49.53,50.14,49.1,49.06,51.57,52.32,43.4,51.52,53.99,48.24,49.75,50.88,3.9276299835228063,-0.052285925736134546,50.78647015212917
2016-10-13,6.7248,49.29,50.47,49.28,49.06,51.57,52.32,43.4,51.52,53.99,48.24,49.75,50.88,3.928988033867142,-0.05217244445637382,50.85548758937666
2016-10-14,6.7277,48.87,50.35,49.37,49.06,51.57,52.32,43.4,51.52,53.99,48.24,49.75,50.88,3.9304133178195415,-0.05215428944959682,50.92802277907098
2016-10-17,6.735,49.31,49.97,49.08,49.06,51.57,52.32,43.4,51.52,53.99,48.24,49.75,50.88,3.9262655799945376,-0.05224140968622304,50.71722416354321
2016-10-18,6.7401,49.81,50.3,49.06,49.06,51.57,52.32,43.4,51.52,53.99,48.24,49.75,50.88,3.925474223528352,-0.05217420147627469,50.6771046367716
2016-10-19,6.737,51.85,51.59,49.51,49.06,51.57,52.32,43.4,51.52,53.99,48.24,49.75,50.88,3.933591870079979,-0.05188953254212627,51.09015770165064
2016-10-20,6.7439,50.42,50.31,49.08,49.06,51.57,52.32,43.4,51.52,53.99,48.24,49.75,50.88,3.9274473081038552,-0.052154963428225364,50.777193559745584
2016-10-21,6.7654,50.28,50.61,49.25,49.06,51.57,52.32,43.4,51.52,53.99,48.24,49.75,50.88,3.928964168769212,-0.05208222250809049,50.85427393266715
2016-10-24,6.7728,49.8,50.18,49.19,49.06,51.57,52.32,43.4,51.52,53.99,48.24,49.75,50.88,3.9279822277709537,-0.05212955385816816,50.804362545185235
2016-10-25,6.778,49.08,49.45,49.05,49.06,51.57,52.32,43.4,51.52,53.99,48.24,49.75,50.88,3.9250860022681033,-0.05220736664046201,50.657434525768444
2016-10-26,6.7706,48.98,48.75,48.96,49.06,51.57,52.32,43.4,51.52,53.99,48.24,49.75,50.88,3.922902743878495,-0.05220886953433177,50.54695690132794
2016-10-27,6.7819,49.13,49.71,49.06,49.06,51.57,52.32,43.4,51.52,53.99,48.24,49.75,50.88,3.9243558531403258,-0.05213532215401009,50.62046054403688
2016-10-28,6.776,47.78,48.72,49.03,49.06,51.57,52.32,43.4,51.52,53.99,48.24,49.75,50.88,3.923263918200106,-0.052217794358206095,50.56521646143991
2016-10-31,6.7735,46.2,46.83,44.92,48.3,50.47,51.33,44.92,50.17,52.58,46.86,48.47,49.78,3.8549739170273725,-0.05497591460113848,47.22738509461699
2016-11-01,6.763,45.77,46.66,44.68,48.3,50.47,51.33,44.92,50.17,52.58,46.86,48.47,49.78,3.8377287250723375,-0.054721264137631564,46.41992221063826
2016-11-02,6.7606,44.26,45.32,43.62,48.3,50.47,51.33,44.92,50.17,52.58,46.86,48.47,49.78,3.814709905908015,-0.05478799190042895,45.363594763153486
2016-11-03,6.7612,43.84,44.66,43.13,48.3,50.47,51.33,44.92,50.17,52.58,46.86,48.47,49.78,3.8011519431187537,-0.054587306174466096,44.75270738520096
2016-11-04,6.7534,43.06,44.07,42.55,48.3,50.47,51.33,44.92,50.17,52.58,46.86,48.47,49.78,3.787480999695294,-0.05453425777365584,44.145058683830484
2016-11-07,6.774,42.83,44.88,43.04,48.3,50.47,51.33,44.92,50.17,52.58,46.86,48.47,49.78,3.7937419268582735,-0.054103135707013285,44.42231471507981
2016-11-08,6.784,43.47,44.96,42.97,48.3,50.47,51.33,44.92,50.17,52.58,46.86,48.47,49.78,3.794009723373723,-0.05406443670369218,44.43421244918348
2016-11-09,6.7769,43.88,45.2,43.38,48.3,50.47,51.33,44.92,50.17,52.58,46.86,48.47,49.78,3.8016603027519715,-0.0538804441804168,44.775463638803096
2016-11-10,6.7987,43.67,44.62,43.04,48.3,50.47,51.33,44.92,50.17,52.58,46.86,48.47,49.78,3.796785837010927,-0.05409649674978988,44.55773825382503
2016-11-11,6.7987,41.61,43.39,42.45,48.3,50.47,51.33,44.92,50.17,52.58,46.86,48.47,49.78,3.7837657964532205,-0.05442161895526931,43.981355103020256
2016-11-14,6.8447,41.83,43.29,42.33,48.3,50.47,51.33,44.92,50.17,52.58,46.86,48.47,49.78,3.779201491452602,-0.05431681908146705,43.78106821692007
2016-11-15,6.8556,44.15,45.86,43.55,48.3,50.47,51.33,44.92,50.17,52.58,46.86,48.47,49.78,3.802156474210083,-0.0536149613809313,44.79768545834478
2016-11-16,6.877,45.07,45.56,43.37,48.3,50.47,51.33,44.92,50.17,52.58,46.86,48.47,49.78,3.8037206638470296,-0.05381737911390286,44.86781236529025
2016-11-17,6.8674,44.57,45.37,43.3,48.3,50.47,51.33,44.92,50.17,52.58,46.86,48.47,49.78,3.8024953414430236,-0.05396713149348703,44.8128684984303
2016-11-18,6.8873,44.41,45.69,43.48,48.3,50.47,51.33,44.92,50.17,52.58,46.86,48.47,49.78,3.805475687189638,-0.05393919769145168,44.94662556259418
2016-11-21,6.8918,45.96,47.48,44.15,48.3,50.47,51.33,44.92,50.17,52.58,46.86,48.47,49.78,3.8190981545648506,-0.05365916374761797,45.56309891370284
2016-11-22,6.888,46.1,48.07,44.19,48.3,50.47,51.33,44.92,50.17,52.58,46.86,48.47,49.78,3.8226152697398783,-0.053801313368781835,45.723631721016
2016-11-23,6.9195,46.54,46.72,44.15,48.3,50.47,51.33,44.92,50.17,52.58,46.86,48.47,49.78,3.8225030857192372,-0.053889502681121984,45.71850254788224
2016-11-24,6.9195,47.54,46.72,44.15,48.3,50.47,51.33,44.92,50.17,52.58,46.86,48.47,49.78,3.8229918979835,-0.05385697176681554,45.740855775452175
2016-11-25,6.9176,46.32,46.72,43.95,48.3,50.47,51.33,44.92,50.17,52.58,46.86,48.47,49.78,3.818972506831448,-0.05400048653234359,45.55737437324283
2016-11-28,6.9055,46.64,45.66,44.02,48.3,50.47,51.33,44.92,50.17,52.58,46.86,48.47,49.78,3.8193294314966684,-0.053919474783215605,45.57363782608039
2016-11-29,6.8933,44.68,45.29,43.88,48.3,50.47,51.33,44.92,50.17,52.58,46.86,48.47,49.78,3.8158287426069415,-0.05406703698036861,45.414377621334964
2016-11-30,6.8837,47.95,49.41,43.87,50.47,53.0,53.69,43.87,53.03,55.67,49.44,51.43,52.5,3.8168848682638825,-0.05235646594494684,45.46236624728387
2016-12-01,6.883,52.28,51.08,50.86,50.47,53.0,53.69,43.87,53.03,55.67,49.44,51.43,52.5,3.933250517459862,-0.04922221956170663,51.07272091867209
2016-12-02,6.883,52.35,51.7,51.03,50.47,53.0,53.69,43.87,53.03,55.67,49.44,51.43,52.5,3.958114850864645,-0.050299274130418056,52.358529218986796
2016-12-05,6.8775,53.3,51.72,51.51,50.47,53.0,53.69,43.87,53.03,55.67,49.44,51.43,52.5,3.970725457954948,-0.05090682911972697,53.022982835029545
2016-12-06,6.879,52.31,50.95,51.03,50.47,53.0,53.69,43.87,53.03,55.67,49.44,51.43,52.5,3.9654181053912,-0.051532811514752,52.742316627217896
2016-12-07,6.878,51.9,49.85,50.35,50.47,53.0,53.69,43.87,53.03,55.67,49.44,51.43,52.5,3.9536908029610913,-0.051866582852467966,52.127404208589844
2016-12-08,6.8771,51.6,50.84,50.99,50.47,53.0,53.69,43.87,53.03,55.67,49.44,51.43,52.5,3.9612989639975233,-0.051579512063244216,52.525510401900625
2016-12-09,6.9042,52.19,51.51,51.31,50.47,53.0,53.69,43.87,53.03,55.67,49.44,51.43,52.5,3.9679784487389047,-0.05149980411638123,52.87752808675413
2016-12-12,6.9045,53.99,52.74,52.26,50.47,53.0,53.69,43.87,53.03,55.67,49.44,51.43,52.5,3.9844794721148786,-0.05121764833845398,53.75730002018577
2016-12-13,6.8984,53.28,52.99,52.37,50.47,53.0,53.69,43.87,53.03,55.67,49.44,51.43,52.5,3.989004897402896,-0.051435286436025955,54.0011259570241
2016-12-14,6.9025,53.15,51.01,51.41,50.47,53.0,53.69,43.87,53.03,55.67,49.44,51.43,52.5,3.975140109622204,-0.05187832036953978,53.2575782821907
2016-12-15,6.941,51.72,50.9,51.52,50.47,53.0,53.69,43.87,53.03,55.67,49.44,51.43,52.5,3.9734972023576183,-0.051806912801390353,53.17015285553542
2016-12-16,6.958,54.15,51.93,52.01,50.47,53.0,53.69,43.87,53.03,55.67,49.44,51.43,52.5,3.981780357734277,-0.051481744979456616,53.612398559417116
2016-12-19,6.9506,53.53,52.13,51.81,50.47,53.0,53.69,43.87,53.03,55.67,49.44,51.43,52.5,3.9801460899888,-0.05162433956838278,53.524853101537765
2016-12-20,6.947,54.56,52.22,51.95,50.47,53.0,53.69,43.87,53.03,55.67,49.44,51.43,52.5,3.982396656991093,-0.05154485690224484,53.64545002455597
2016-12-21,6.939,53.01,51.44,51.7,50.47,53.0,53.69,43.87,53.03,55.67,49.44,51.43,52.5,3.978248828370195,-0.05171228022321324,53.42339872528674
2016-12-22,6.9473,54.04,51.98,51.94,50.47,53.0,53.69,43.87,53.03,55.67,49.44,51.43,52.5,3.9816135746784767,-0.051566305778877816,53.60345766537213
2016-12-23,6.9432,53.93,52.01,51.96,50.47,53.0,53.69,43.87,53.03,55.67,49.44,51.43,52.5,3.9825013334781265,-0.05158073555122884,53.6510657357212
2016-12-27,6.9491,53.93,52.82,52.09,50.47,53.0,53.69,43.87,53.03,55.67,49.44,51.43,52.5,3.9847850337621358,-0.05156759565513763,53.77372869919131
2016-12-28,6.9559,54.95,54.01,52.14,50.47,53.0,53.69,43.87,53.03,55.67,49.44,51.43,52.5,3.986668931243485,-0.05154652055917621,53.87512837455744
2016-12-29,6.9535,54.97,53.8,52.12,50.47,53.0,53.69,43.87,53.03,55.67,49.44,51.43,52.5,3.986697645557619,-0.05157808179918384,53.87667538412815
2016-12-30,6.943,54.96,53.75,52.1,56.13,58.6,58.78,52.1,57.94,60.19,53.72,56.22,57.0,3.9811818692048306,-0.04157811802126548,53.580321753600835
2017-01-03,6.9575,55.05,52.36,53.16,56.13,58.6,58.78,52.1,57.94,60.19,53.72,56.22,57.0,3.993987750597794,-0.037897518293902525,54.27087714718345
2017-01-04,6.9322,54.57,53.26,54.33,56.13,58.6,58.78,52.1,57.94,60.19,53.72,56.22,57.0,4.012741267741784,-0.03662224357176459,55.298250292187504
2017-01-05,6.887,54.99,53.77,54.76,56.13,58.6,58.78,52.1,57.94,60.19,53.72,56.22,57.0,4.022569646382677,-0.036410551825817525,55.84442202901413
2017-01-06,6.9176,55.9,53.98,54.82,56.13,58.6,58.78,52.1,57.94,60.19,53.72,56.22,57.0,4.025720249914145,-0.03646148974575225,56.02064311789539
2017-01-09,6.935,54.39,51.95,53.19,56.13,58.6,58.78,52.1,57.94,60.19,53.72,56.22,57.0,4.001971466555795,-0.03708175482562983,54.70589463248255
2017-01-10,6.918,53.2,50.82,52.32,56.13,58.6,58.78,52.1,57.94,60.19,53.72,56.22,57.0,3.9839618103435908,-0.03716252669989489,53.7294791225665
2017-01-11,6.9365,53.61,52.19,53.38,56.13,58.6,58.78,52.1,57.94,60.19,53.72,56.22,57.0,3.996440972564228,-0.03652369999379263,54.404179097921194
2017-01-12,6.889,54.51,53.01,53.9,56.13,58.6,58.78,52.1,57.94,60.19,53.72,56.22,57.0,4.006819774125183,-0.03635092485823403,54.97176963661032
2017-01-13,6.8985,54.37,52.36,53.72,56.13,58.6,58.78,52.1,57.94,60.19,53.72,56.22,57.0,4.006021763872779,-0.03654238685992419,54.927919099763585
2017-01-16,6.8985,54.3,52.36,53.72,56.13,58.6,58.78,52.1,57.94,60.19,53.72,56.22,57.0,4.005863340025752,-0.036593308538908215,54.919217896767854
2017-01-17,6.852,54.68,52.45,53.69,56.13,58.6,58.78,52.1,57.94,60.19,53.72,56.22,57.0,4.005592890667414,-0.03659714051028021,54.90436703782038
2017-01-18,6.836,53.77,51.12,53.11,56.13,58.6,58.78,52.1,57.94,60.19,53.72,56.22,57.0,3.9964696340705395,-0.036804447494393176,54.405738425990016
2017-01-19,6.868,53.18,51.39,53.31,56.13,58.6,58.78,52.1,57.94,60.19,53.72,56.22,57.0,3.997431746123874,-0.03667578014430883,54.45810803137481
2017-01-20,6.868,55.04,52.33,53.74,56.13,58.6,58.78,52.1,57.94,60.19,53.72,56.22,57.0,4.004814616441696,-0.03643437346585514,54.86165300784581
2017-01-23,6.8514,54.8,52.77,53.64,56.13,58.6,58.78,52.1,57.94,60.19,53.72,56.22,57.0,4.004773018427019,-0.03653747055695832,54.85937091946432
2017-01-24,6.8555,54.7,52.38,53.7,56.13,58.6,58.78,52.1,57.94,60.19,53.72,56.22,57.0,4.005510200391269,-0.036554424962638554,54.89982716825259
2017-01-25,6.8812,54.34,52.14,53.67,56.13,58.6,58.78,52.1,57.94,60.19,53.72,56.22,57.0,4.00501532250961,-0.036599063512781534,54.872665179568195
2017-01-26,6.8768,55.89,53.24,53.8,55.7,56.31,56.47,53.72,56.27,58.18,52.81,54.36,55.05,4.002866955893622,-0.02721579543092043,54.75490511875104
2017-01-27,6.8768,54.8,53.18,53.76,55.7,56.31,56.47,53.72,56.27,58.18,52.81,54.36,55.05,4.0001073585541596,-0.02420104641666434,54.60401192624814
2017-01-30,6.8768,54.77,52.63,53.74,55.7,56.31,56.47,53.72,56.27,58.18,52.81,54.36,55.05,3.9987335701546223,-0.023176532167253724,54.52904907143558
2017-01-31,6.8768,55.25,52.75,53.72,55.7,56.31,56.47,53.72,56.27,58.18,52.81,54.36,55.05,3.9982705958951468,-0.022801738431512276,54.503809368439065
2017-02-01,6.8768,55.79,53.9,54.44,55.7,56.31,56.47,53.72,56.27,58.18,52.81,54.36,55.05,4.008876757111426,-0.022439354808617733,55.08496200895712
2017-02-02,6.8768,55.94,53.55,54.66,55.7,56.31,56.47,53.72,56.27,58.18,52.81,54.36,55.05,4.013976805816779,-0.022442810984900332,55.36661561118445
2017-02-03,6.865,55.92,53.81,55.09,55.7,56.31,56.47,53.72,56.27,58.18,52.81,54.36,55.05,4.021055539902937,-0.02241509898652576,55.759931607651225
2017-02-06,6.86,55.02,53.01,54.25,55.7,56.31,56.47,53.72,56.27,58.18,52.81,54.36,55.05,4.010020208987982,-0.022822481011871232,55.147985037169455
2017-02-07,6.8821,53.79,52.19,53.9,55.7,56.31,56.47,53.72,56.27,58.18,52.81,54.36,55.05,4.002233258949274,-0.02291172976654127,54.72021809438067
2017-02-08,6.87,54.42,52.37,53.73,55.7,56.31,56.47,53.72,56.27,58.18,52.81,54.36,55.05,3.9986151188458323,-0.02281673187019527,54.5225904167316
2017-02-09,6.866,53.98,52.99,54.11,55.7,56.31,56.47,53.72,56.27,58.18,52.81,54.36,55.05,4.003283164611653,-0.02263320982091337,54.77769933086226
2017-02-10,6.8775,55.2,53.84,54.59,55.7,56.31,56.47,53.72,56.27,58.18,52.81,54.36,55.05,4.011683595631466,-0.02246211524392099,55.23979379445714
2017-02-13,6.8776,54.15,52.96,54.03,55.7,56.31,56.47,53.72,56.27,58.18,52.81,54.36,55.05,4.004693085283063,-0.02277401680231056,54.85498601272329
2017-02-14,6.8649,54.96,53.21,54.27,55.7,56.31,56.47,53.72,56.27,58.18,52.81,54.36,55.05,4.007202192956163,-0.022635674911594114,54.992795896654336
2017-02-15,6.8685,54.57,53.11,54.14,55.7,56.31,56.47,53.72,56.27,58.18,52.81,54.36,55.05,4.005631192140999,-0.02269463476505958,54.90646999625716
2017-02-16,6.8517,54.16,53.41,54.12,55.7,56.31,56.47,53.72,56.27,58.18,52.81,54.36,55.05,4.004940076990148,-0.022713803745836376,54.86853641271002
2017-02-17,6.864,54.48,53.41,54.22,55.7,56.31,56.47,53.72,56.27,58.18,52.81,54.36,55.05,4.006370028975859,-0.02266129633246237,54.947051908622264
2017-02-20,6.864,55.25,53.41,54.22,55.7,56.31,56.47,53.72,56.27,58.18,52.81,54.36,55.05,4.006968901434254,-0.022631662618547828,54.979968039978836
2017-02-21,6.881,56.34,54.02,54.42,55.7,56.31,56.47,53.72,56.27,58.18,52.81,54.36,55.05,4.01051197927054,-0.022524107829746592,55.17511184688643
2017-02-22,6.8765,54.9,53.61,54.27,55.7,56.31,56.47,53.72,56.27,58.18,52.81,54.36,55.05,4.008358556367555,-0.02266785775017151,55.05642433542841
2017-02-23,6.8622,55.82,54.48,54.41,55.7,56.31,56.47,53.72,56.27,58.18,52.81,54.36,55.05,4.010527807184653,-0.02259340286671638,55.175985160729255
2017-02-24,6.8645,54.69,53.99,54.38,55.7,56.31,56.47,53.72,56.27,58.18,52.81,54.36,55.05,4.009926107654634,-0.022671467615923212,55.14279578240769
2017-02-27,6.8675,54.65,54.04,54.43,55.7,56.31,56.47,53.72,56.27,58.18,52.81,54.36,55.05,4.010522599984134,-0.022673317849427322,55.17569784905875
2017-02-28,6.8665,53.36,54.0,54.44,55.59,57.03,57.07,54.44,57.16,58.28,54.01,54.96,55.2,4.008149391335078,-0.018787172375888478,55.04490966091982
2017-03-01,6.8794,55.72,53.82,54.95,55.59,57.03,57.07,54.44,57.16,58.28,54.01,54.96,55.2,4.015316550542233,-0.01721275470810013,55.44084245382363
2017-03-02,6.8868,54.16,52.63,53.86,55.59,57.03,57.07,54.44,57.16,58.28,54.01,54.96,55.2,4.0001116097311495,-0.017226354817881668,54.604244058060615
2017-03-03,6.8954,54.12,53.33,54.35,55.59,57.03,57.07,54.44,57.16,58.28,54.01,54.96,55.2,4.00428818642616,-0.016812216912035827,54.832779787532274
2017-03-06,6.8955,54.73,53.19,54.32,55.59,57.03,57.07,54.44,57.16,58.28,54.01,54.96,55.2,4.00484632424752,-0.016731717328167913,54.86339257806542
2017-03-07,6.9,54.61,52.68,54.31,55.59,57.03,57.07,54.44,57.16,58.28,54.01,54.96,55.2,4.004635691923185,-0.016721287258572224,54.85183779111433
2017-03-08,6.9113,53.3,49.83,52.25,55.59,57.03,57.07,54.44,57.16,58.28,54.01,54.96,55.2,3.973554525763162,-0.017380567984085007,53.17320083712988
2017-03-09,6.9086,50.65,48.75,51.81,55.59,57.03,57.07,54.44,57.16,58.28,54.01,54.96,55.2,3.9596476272555283,-0.017290116111619944,52.438844673526845
2017-03-10,6.905,50.63,48.05,51.37,55.59,57.03,57.07,54.44,57.16,58.28,54.01,54.96,55.2,3.950184410673587,-0.01713677856941824,51.94494515395742
2017-03-13,6.905,50.1,47.95,51.35,55.59,57.03,57.07,54.44,57.16,58.28,54.01,54.96,55.2,3.947757816221843,-0.016947272333371587,51.819048649906804
2017-03-14,6.913,49.6,47.24,50.96,55.59,57.03,57.07,54.44,57.16,58.28,54.01,54.96,55.2,3.9409719678982422,-0.016985576302930554,51.46860282636607
2017-03-15,6.9132,50.63,48.34,51.38,55.59,57.03,57.07,54.44,57.16,58.28,54.01,54.96,55.2,3.946744769321272,-0.01669289848683808,51.76658010431742
2017-03-16,6.913,50.56,48.3,51.4,55.59,57.03,57.07,54.44,57.16,58.28,54.01,54.96,55.2,3.9480808310136375,-0.01670175812240798,51.83578967277088
2017-03-17,6.9,50.58,48.34,51.38,55.59,57.03,57.07,54.44,57.16,58.28,54.01,54.96,55.2,3.948060030163777,-0.016734725606825665,51.834711455506465
2017-03-20,6.905,50.67,47.79,51.32,55.59,57.03,57.07,54.44,57.16,58.28,54.01,54.96,55.2,3.94706570879034,-0.016754464981250657,51.78319670937115
2017-03-21,6.883,50.14,47.02,51.09,55.59,57.03,57.07,54.44,57.16,58.28,54.01,54.96,55.2,3.9429738169613024,-0.01683759072367579,51.57173839719185
2017-03-22,6.8785,49.56,47.29,51.04,55.59,57.03,57.07,54.44,57.16,58.28,54.01,54.96,55.2,3.9412326738979497,-0.016839296954888092,51.48202274917065
2017-03-23,6.8843,50.17,47.0,50.96,55.59,57.03,57.07,54.44,57.16,58.28,54.01,54.96,55.2,3.939900044302621,-0.016796585124278052,51.413461975232366
2017-03-24,6.8803,49.97,47.3,51.02,55.59,57.03,57.07,54.44,57.16,58.28,54.01,54.96,55.2,3.9405248760164455,-0.01675281654941476,51.44559677516757
2017-03-27,6.8687,50.12,47.02,51.01,55.59,57.03,57.07,54.44,57.16,58.28,54.01,54.96,55.2,3.9404886383739255,-0.01674270331078649,51.44373254180032
2017-03-28,6.8779,50.72,48.36,51.08,55.59,57.03,57.07,54.44,57.16,58.28,54.01,54.96,55.2,3.942149719352157,-0.016694436468471373,51.52925575820416
2017-03-29,6.8879,51.36,49.47,51.2,55.59,57.03,57.07,54.44,57.16,58.28,54.01,54.96,55.2,3.9448370580920686,-0.01664561445681606,51.66791855694796
2017-03-30,6.887,52.25,50.3,51.23,55.59,57.03,57.07,54.44,57.16,58.28,54.01,54.96,55.2,3.946402795764941,-0.016628579740790742,51.74888032942004
2017-03-31,6.8832,52.2,50.54,51.2,52.83,54.09,54.17,51.2,53.7,54.95,50.6,51.87,52.08,3.9469025906577606,-0.017849666928266096,51.774750619898825
2017-04-03,6.8832,52.04,50.25,51.35,52.83,54.09,54.17,51.2,53.7,54.95,50.6,51.87,52.08,3.9492829328017245,-0.018214062991055123,51.89813903585569
2017-04-04,6.8832,53.08,50.99,52.19,52.83,54.09,54.17,51.2,53.7,54.95,50.6,51.87,52.08,3.9629405477833797,-0.018066377233134433,52.61180623966509
2017-04-05,6.892,53.41,51.14,52.5,52.83,54.09,54.17,51.2,53.7,54.95,50.6,51.87,52.08,3.9703124746896457,-0.018159230064551654,53.00108975149199
2017-04-06,6.8955,53.62,51.69,52.92,52.83,54.09,54.17,51.2,53.7,54.95,50.6,51.87,52.08,3.9781154860802705,-0.018190606588904555,53.41627560188252
2017-04-07,6.8978,54.24,52.25,53.25,52.83,54.09,54.17,51.2,53.7,54.95,50.6,51.87,52.08,3.9848215929054875,-0.018217105680940555,53.77569465658402
2017-04-10,6.8988,54.79,53.06,53.83,52.83,54.09,54.17,51.2,53.7,54.95,50.6,51.87,52.08,3.9948951607293313,-0.018153403967342684,54.320145440848044
2017-04-11,6.8893,54.73,53.38,54.08,52.83,54.09,54.17,51.2,53.7,54.95,50.6,51.87,52.08,4.000456123649509,-0.018249501465475198,54.62305922099677
2017-04-12,6.889,54.75,53.12,53.71,52.83,54.09,54.17,51.2,53.7,54.95,50.6,51.87,52.08,3.9962051861897194,-0.018490440914196875,54.391352845960725
2017-04-13,6.8865,55.05,53.19,53.73,52.83,54.09,54.17,51.2,53.7,54.95,50.6,51.87,52.08,3.9958454043019955,-0.01846950805811122,54.371787342225936
2017-04-14,6.8835,55.05,53.19,53.73,52.83,54.09,54.17,51.2,53.7,54.95,50.6,51.87,52.08,3.9957727955912072,-0.018456089465614462,54.367839620165
2017-04-17,6.88,54.79,52.62,53.43,52.83,54.09,54.17,51.2,53.7,54.95,50.6,51.87,52.08,3.991201664481405,-0.018549260738014876,54.11988424712139
2017-04-18,6.8778,52.6,52.46,53.19,52.83,54.09,54.17,51.2,53.7,54.95,50.6,51.87,52.08,3.985865685168437,-0.018679533615669465,53.831870764726375
2017-04-19,6.886,52.43,50.49,52.49,52.83,54.09,54.17,51.2,53.7,54.95,50.6,51.87,52.08,3.9741068807395865,-0.018830275121986165,53.20257943218434
2017-04-20,6.88,50.66,50.26,52.57,52.83,54.09,54.17,51.2,53.7,54.95,50.6,51.87,52.08,3.972163805526009,-0.018731530393826266,53.099303188040004
2017-04-21,6.8845,49.93,49.64,52.32,52.83,54.09,54.17,51.2,53.7,54.95,50.6,51.87,52.08,3.9676112723683037,-0.01877574535566339,52.85811627190284
2017-04-24,6.884,49.45,48.9,52.31,52.83,54.09,54.17,51.2,53.7,54.95,50.6,51.87,52.08,3.9661831711636806,-0.018730296307803804,52.78268340808294
2017-04-25,6.8824,49.37,49.22,52.37,52.83,54.09,54.17,51.2,53.7,54.95,50.6,51.87,52.08,3.9668233086270552,-0.01867783089472705,52.816482397995564
2017-04-26,6.8918,49.99,49.22,52.35,52.83,54.09,54.17,51.2,53.7,54.95,50.6,51.87,52.08,3.9669382223229706,-0.018644093788311437,52.822552083931505
2017-04-27,6.8958,49.46,48.96,52.31,52.83,54.09,54.17,51.2,53.7,54.95,50.6,51.87,52.08,3.9660538646859393,-0.018675121710335755,52.77585870645429
2017-04-28,6.89,49.46,49.31,52.29,51.73,52.66,52.9,52.29,51.9,53.19,49.33,49.93,50.44,3.9661081836748417,-0.01950704385684422,52.778725515598055
2017-05-01,6.89,50.41,48.83,50.69,51.73,52.66,52.9,52.29,51.9,53.19,49.33,49.93,50.44,3.9426063061192202,-0.020219665001585188,51.55278870650753
2017-05-02,6.8949,49.31,47.65,49.3,51.73,52.66,52.9,52.29,51.9,53.19,49.33,49.93,50.44,3.915908122213976,-0.020515305311739774,50.19463368176474
2017-05-03,6.8968,48.82,47.79,49.74,51.73,52.66,52.9,52.29,51.9,53.19,49.33,49.93,50.44,3.917425710919286,-0.020005174244531368,50.270866321172825
2017-05-04,6.8959,47.53,45.55,47.67,51.73,52.66,52.9,52.29,51.9,53.19,49.33,49.93,50.44,3.8836829540853604,-0.020605784594958917,48.60288805230291
2017-05-05,6.9021,47.45,46.23,48.34,51.73,52.66,52.9,52.29,51.9,53.19,49.33,49.93,50.44,3.8881229703046056,-0.019964726819388462,48.81916544582186
2017-05-08,6.904,46.61,46.46,48.54,51.73,52.66,52.9,52.29,51.9,53.19,49.33,49.93,50.44,3.8917180146882835,-0.019824077855092197,48.99498836861296
2017-05-09,6.906,47.06,45.84,48.1,51.73,52.66,52.9,52.29,51.9,53.19,49.33,49.93,50.44,3.8854412241524465,-0.019959044673309164,48.6884202278359
2017-05-10,6.9011,48.09,47.28,49.16,51.73,52.66,52.9,52.29,51.9,53.19,49.33,49.93,50.44,3.901922355862195,-0.019489034716477123,49.49750953388658
2017-05-11,6.9033,49.18,47.81,49.48,51.73,52.66,52.9,52.29,51.9,53.19,49.33,49.93,50.44,3.910710815204318,-0.019478494230033453,49.93443351606616
2017-05-12,6.8972,49.08,47.83,49.5,51.73,52.66,52.9,52.29,51.9,53.19,49.33,49.93,50.44,3.9126812150547847,-0.01963645154830243,50.03292131470649
2017-05-15,6.89,51.29,48.86,50.04,51.73,52.66,52.9,52.29,51.9,53.19,49.33,49.93,50.44,3.922734504196789,-0.019435722516471157,50.538453612702995
2017-05-16,6.884,51.21,48.64,50.04,51.73,52.66,52.9,52.29,51.9,53.19,49.33,49.93,50.44,3.9245648489174814,-0.019558638754654013,50.63104111213677
2017-05-17,6.8773,51.76,49.04,50.35,51.73,52.66,52.9,52.29,51.9,53.19,49.33,49.93,50.44,3.9300451840328674,-0.019506605235759186,50.90927790372016
2017-05-18,6.888,51.71,49.36,50.47,51.73,52.66,52.9,52.29,51.9,53.19,49.33,49.93,50.44,3.9329896437976783,-0.01955776665851665,51.05939912865597
2017-05-19,6.883,52.78,50.32,50.87,51.73,52.66,52.9,52.29,51.9,53.19,49.33,49.93,50.44,3.940361698066374,-0.01945246556866861,51.437202673030406
2017-05-22,6.8828,53.35,50.81,50.93,51.73,52.66,52.9,52.29,51.9,53.19,49.33,49.93,50.44,3.9430512660690455,-0.019509218454589684,51.5757327369925
2017-05-23,6.888,53.19,51.12,51.05,51.73,52.66,52.9,52.29,51.9,53.19,49.33,49.93,50.44,3.945396299852031,-0.01955011463738987,51.69682149576724
2017-05-24,6.8883,53.29,50.99,50.98,51.73,52.66,52.9,52.29,51.9,53.19,49.33,49.93,50.44,3.944812401001899,-0.019622432088167715,51.666644592127426
2017-05-25,6.8672,52.25,48.57,50.5,51.73,52.66,52.9,52.29,51.9,53.19,49.33,49.93,50.44,3.93637753234797,-0.019823041773681677,51.2326760380411
2017-05-26,6.8525,50.84,49.58,50.59,51.73,52.66,52.9,52.29,51.9,53.19,49.33,49.93,50.44,3.9357461784187486,-0.019787815582140347,51.200340295443134
2017-05-29,6.8525,52.25,49.58,50.59,51.73,52.66,52.9,52.29,51.9,53.19,49.33,49.93,50.44,3.9362602888324556,-0.019688775651020514,51.226669691102686
2017-05-30,6.8525,50.65,49.63,50.58,51.73,52.66,52.9,52.29,51.9,53.19,49.33,49.93,50.44,3.9354767135902855,-0.019756090721515008,51.18654546322269
2017-05-31,6.8098,49.4,48.29,50.54,50.31,51.72,52.0,50.54,50.92,52.05,48.32,49.18,49.5,3.934611107315589,-0.02136681581820392,51.142257239137365
2017-06-01,6.8029,50.41,48.32,49.47,50.31,51.72,52.0,50.54,50.92,52.05,48.32,49.18,49.5,3.9186510193540056,-0.0221602468172437,50.3325013909708
2017-06-02,6.8085,48.46,47.68,48.76,50.31,51.72,52.0,50.54,50.92,52.05,48.32,49.18,49.5,3.9034403039441865,-0.022459536566348325,49.5727012376603
2017-06-05,6.803,48.25,47.4,48.25,50.31,51.72,52.0,50.54,50.92,52.05,48.32,49.18,49.5,3.8922566101517266,-0.022454577896793868,49.02138395471313
2017-06-06,6.7945,48.11,48.13,48.76,50.31,51.72,52.0,50.54,50.92,52.05,48.32,49.18,49.5,3.8983075944766554,-0.02209198939058107,49.31891083804932
2017-06-07,6.7935,47.08,45.8,47.18,50.31,51.72,52.0,50.54,50.92,52.05,48.32,49.18,49.5,3.8729402079303616,-0.022655644666293013,48.08355409453356
2017-06-08,6.799,46.3,45.68,47.12,50.31,51.72,52.0,50.54,50.92,52.05,48.32,49.18,49.5,3.8666984011206886,-0.02243642212928419,47.78436056464399
2017-06-09,6.797,46.64,45.82,47.38,50.31,51.72,52.0,50.54,50.92,52.05,48.32,49.18,49.5,3.8699084621262236,-0.02214284837826421,47.937997737586514
2017-06-12,6.7974,47.18,46.1,47.48,50.31,51.72,52.0,50.54,50.92,52.05,48.32,49.18,49.5,3.872457511937198,-0.022043412009999826,48.060349956357854
2017-06-13,6.7981,46.95,46.41,47.68,50.31,51.72,52.0,50.54,50.92,52.05,48.32,49.18,49.5,3.8761431809568547,-0.022006880115477526,48.237811330321435
2017-06-14,6.7888,45.47,44.79,46.69,50.31,51.72,52.0,50.54,50.92,52.05,48.32,49.18,49.5,3.859504753289526,-0.022474999116502622,47.44185012966266
2017-06-15,6.8061,45.61,44.47,46.59,50.31,51.72,52.0,50.54,50.92,52.05,48.32,49.18,49.5,3.854679196533738,-0.0223430640186413,47.213468267256694
2017-06-16,6.8097,45.7,44.73,46.73,50.31,51.72,52.0,50.54,50.92,52.05,48.32,49.18,49.5,3.85615430227633,-0.022159941869257706,47.28316451745697
2017-06-19,6.818,45.93,44.24,46.55,50.31,51.72,52.0,50.54,50.92,52.05,48.32,49.18,49.5,3.8534266928975827,-0.022171550473449556,47.15437024454653
2017-06-20,6.8285,43.98,43.34,46.31,50.31,51.72,52.0,50.54,50.92,52.05,48.32,49.18,49.5,3.847653969153845,-0.022320593098965773,46.8829452762488
2017-06-21,6.8275,44.62,42.48,45.99,50.31,51.72,52.0,50.54,50.92,52.05,48.32,49.18,49.5,3.8413113556479486,-0.02232592083495961,46.5865259048121
2017-06-22,6.8275,44.46,42.53,46.1,50.31,51.72,52.0,50.54,50.92,52.05,48.32,49.18,49.5,3.8418544097398533,-0.022182801965206625,46.611831778939674
2017-06-23,6.8345,44.14,42.86,46.19,50.31,51.72,52.0,50.54,50.92,52.05,48.32,49.18,49.5,3.843365808471087,-0.022138152170863897,46.682334107494945
2017-06-26,6.8382,44.09,43.24,46.25,50.31,51.72,52.0,50.54,50.92,52.05,48.32,49.18,49.5,3.8447314236330024,-0.02213724101521774,46.74612775962094
2017-06-27,6.81,46.17,44.25,46.39,50.31,51.72,52.0,50.54,50.92,52.05,48.32,49.18,49.5,3.848680535670851,-0.02199442190058792,46.93109845007719
2017-06-28,6.7984,46.45,44.74,46.45,50.31,51.72,52.0,50.54,50.92,52.05,48.32,49.18,49.5,3.8506949232140637,-0.021987622263072226,47.02573115165222
2017-06-29,6.784,47.02,44.88,46.47,50.31,51.72,52.0,50.54,50.92,52.05,48.32,49.18,49.5,3.8517391893095736,-0.021982971889596376,47.07486417782222
2017-06-30,6.7793,47.08,46.02,46.47,47.92,49.78,50.28,46.47,48.74,50.2,46.04,47.02,47.69,3.8566674149034696,-0.030457265213857845,47.307432331750526
2017-07-03,6.7984,49.13,46.02,48.54,47.92,49.78,50.28,46.47,48.74,50.2,46.04,47.02,47.69,3.893388191960114,-0.032477312641244566,49.07688705824685
2017-07-04,6.7984,49.15,46.02,48.54,47.92,49.78,50.28,46.47,48.74,50.2,46.04,47.02,47.69,3.9007924003158356,-0.033807995266271325,49.44161113575786
2017-07-05,6.7995,47.58,45.11,46.8,47.92,49.78,50.28,46.47,48.74,50.2,46.04,47.02,47.69,3.873270801446642,-0.03504400211527959,48.099452833622166
2017-07-06,6.799,48.53,45.52,47.01,47.92,49.78,50.28,46.47,48.74,50.2,46.04,47.02,47.69,3.8721303633138584,-0.034813891420453255,48.04462965061082
2017-07-07,6.8039,46.47,44.25,45.88,47.92,49.78,50.28,46.47,48.74,50.2,46.04,47.02,47.69,3.8517680470640445,-0.035218281677065755,47.07622267229587
2017-07-10,6.8026,46.57,44.4,46.03,47.92,49.78,50.28,46.47,48.74,50.2,46.04,47.02,47.69,3.850484784663757,-0.034916865847162776,47.01585027089423
2017-07-11,6.801,46.68,45.06,46.43,47.92,49.78,50.28,46.47,48.74,50.2,46.04,47.02,47.69,3.857095117106359,-0.03465578237615139,47.32767015234357
2017-07-12,6.7865,46.73,45.48,46.58,47.92,49.78,50.28,46.47,48.74,50.2,46.04,47.02,47.69,3.8609617670457665,-0.03464186667547044,47.511023939281806
2017-07-13,6.7825,47.65,46.06,46.95,47.92,49.78,50.28,46.47,48.74,50.2,46.04,47.02,47.69,3.8684159150951123,-0.03453241114184,47.866501390488835
2017-07-14,6.7741,47.89,46.53,47.23,47.92,49.78,50.28,46.47,48.74,50.2,46.04,47.02,47.69,3.874667414136445,-0.034528907372417386,48.16667607130886
2017-07-17,6.769,47.66,46.02,46.98,47.92,49.78,50.28,46.47,48.74,50.2,46.04,47.02,47.69,3.871543319991222,-0.03473734442796132,48.016433648533
2017-07-18,6.7451,47.92,46.4,47.14,47.92,49.78,50.28,46.47,48.74,50.2,46.04,47.02,47.69,3.8738128044021174,-0.03468078688761206,48.125529945512206
2017-07-19,6.7511,48.34,47.1,47.46,47.92,49.78,50.28,46.47,48.74,50.2,46.04,47.02,47.69,3.879842468811889,-0.03457724715812113,48.41658734802957
2017-07-20,6.757,48.54,46.73,47.32,47.92,49.78,50.28,46.47,48.74,50.2,46.04,47.02,47.69,3.878722441338534,-0.03468777807026897,48.362389797072446
2017-07-21,6.7663,47.47,45.78,47.0,47.92,49.78,50.28,46.47,48.74,50.2,46.04,47.02,47.69,3.872523488921797,-0.03486587550564311,48.06352093793151
2017-07-24,6.7488,47.81,46.21,47.11,47.92,49.78,50.28,46.47,48.74,50.2,46.04,47.02,47.69,3.873427166392891,-0.03475554827779957,48.10697449002547
2017-07-25,6.7495,49.19,47.77,47.41,47.92,49.78,50.28,46.47,48.74,50.2,46.04,47.02,47.69,3.8795416531964833,-0.034568259429343405,48.40202507290032
2017-07-26,6.753,50.08,48.58,47.52,47.92,49.78,50.28,46.47,48.74,50.2,46.04,47.02,47.69,3.8831071115255953,-0.03453973402358596,48.57490849751728
2017-07-27,6.741,50.67,49.05,47.56,47.92,49.78,50.28,46.47,48.74,50.2,46.04,47.02,47.69,3.88483153649254,-0.034553877565590675,48.65874454621033
2017-07-28,6.7362,52.0,49.72,47.56,47.92,49.78,50.28,46.47,48.74,50.2,46.04,47.02,47.69,3.8859360002210828,-0.03452347558656259,48.71251605351173
2017-07-31,6.724,51.99,50.21,47.57,52.65,53.08,53.23,47.57,52.47,53.26,50.17,50.5,50.58,3.878019554593519,-0.01839825228448346,48.32840845824221
2017-08-01,6.717,50.77,49.19,50.42,52.65,53.08,53.23,47.57,52.47,53.26,50.17,50.5,50.58,3.9183160454900583,-0.012150376515178887,50.31564414202427
2017-08-02,6.72,52.09,49.6,51.03,52.65,53.08,53.23,47.57,52.47,53.26,50.17,50.5,50.58,3.9352337065959677,-0.010607242419638483,51.17410828588191
2017-08-03,6.715,52.88,49.03,50.64,52.65,53.08,53.23,47.57,52.47,53.26,50.17,50.5,50.58,3.9326005485464477,-0.010495865618290424,51.03953602349486
2017-08-04,6.7272,52.48,49.57,51.1,52.65,53.08,53.23,47.57,52.47,53.26,50.17,50.5,50.58,3.9389979680728504,-0.010291417562214848,51.36710402564011
2017-08-07,6.7207,51.42,49.37,51.0,52.65,53.08,53.23,47.57,52.47,53.26,50.17,50.5,50.58,3.938173056492089,-0.010429663679210097,51.32474817897526
2017-08-08,6.7049,52.18,49.07,50.8,52.65,53.08,53.23,47.57,52.47,53.26,50.17,50.5,50.58,3.9352748127559414,-0.010479220177695547,51.17621190019907
2017-08-09,6.672,52.16,49.59,50.66,52.65,53.08,53.23,47.57,52.47,53.26,50.17,50.5,50.58,3.932708591726556,-0.010491207811028318,51.04505079518947
2017-08-10,6.646,52.59,48.54,50.59,52.65,53.08,53.23,47.57,52.47,53.26,50.17,50.5,50.58,3.931085596177089,-0.010438982983212343,50.962272097825974
2017-08-11,6.6612,51.47,48.81,50.63,52.65,53.08,53.23,47.57,52.47,53.26,50.17,50.5,50.58,3.9309343203337432,-0.010441359233555885,50.95456332022618
2017-08-14,6.6695,51.29,47.59,49.85,52.65,53.08,53.23,47.57,52.47,53.26,50.17,50.5,50.58,3.9185539469823336,-0.010688479381665238,50.327615732823645
2017-08-15,6.6845,49.9,47.57,49.9,52.65,53.08,53.23,47.57,52.47,53.26,50.17,50.5,50.58,3.9163126849710768,-0.010600370764021844,50.21494466941625
2017-08-16,6.69,50.39,46.8,49.57,52.65,53.08,53.23,47.57,52.47,53.26,50.17,50.5,50.58,3.9107865615809843,-0.010603561319589318,49.93821601172923
2017-08-17,6.673,50.37,47.07,49.84,52.65,53.08,53.23,47.57,52.47,53.26,50.17,50.5,50.58,3.9139626897565436,-0.01041885782632557,50.097078336646895
2017-08-18,6.67,50.96,48.59,50.45,52.65,53.08,53.23,47.57,52.47,53.26,50.17,50.5,50.58,3.9245807258636427,-0.010202189158739935,50.63184498483211
2017-08-21,6.663,51.94,47.39,50.09,52.65,53.08,53.23,47.57,52.47,53.26,50.17,50.5,50.58,3.9212375786388036,-0.010380172035841207,50.46285790451906
2017-08-22,6.66,52.29,47.65,50.14,52.65,53.08,53.23,47.57,52.47,53.26,50.17,50.5,50.58,3.9216057769692587,-0.010343649117379606,50.48144166559445
2017-08-23,6.6569,52.31,48.45,50.36,52.65,53.08,53.23,47.57,52.47,53.26,50.17,50.5,50.58,3.9252536971107097,-0.010273659660097256,50.66593022860095
2017-08-24,6.66,51.73,47.24,50.21,52.65,53.08,53.23,47.57,52.47,53.26,50.17,50.5,50.58,3.923089919215115,-0.010387400005624433,50.556418930502694
2017-08-25,6.6465,51.87,47.65,50.3,52.65,53.08,53.23,47.57,52.47,53.26,50.17,50.5,50.58,3.924232777698235,-0.010351432905846978,50.61423079184921
2017-08-28,6.6084,51.87,46.4,50.24,52.65,53.08,53.23,47.57,52.47,53.26,50.17,50.5,50.58,3.923213809584464,-0.010369843134193585,50.562682771923754
2017-08-29,6.5945,51.64,46.46,50.25,52.65,53.08,53.23,47.57,52.47,53.26,50.17,50.5,50.58,3.923083468407685,-0.010366666002605648,50.556092801831724
2017-08-30,6.5918,51.91,45.96,50.22,52.65,53.08,53.23,47.57,52.47,53.26,50.17,50.5,50.58,3.9225912840311246,-0.010354197179187476,50.5312160053022
2017-08-31,6.5888,52.69,47.26,50.22,52.38,52.9,53.2,50.22,51.0,52.18,47.23,49.0,49.58,3.9275228162605096,-0.018662970625452392,50.781027796787626
2017-09-01,6.5552,53.15,47.32,51.49,52.38,52.9,53.2,50.22,51.0,52.18,47.23,49.0,49.58,3.949096729876364,-0.021022657978999385,51.88847635018455
2017-09-04,6.5552,52.6,47.32,51.49,52.38,52.9,53.2,50.22,51.0,52.18,47.23,49.0,49.58,3.953359181841175,-0.022214165531958575,52.11012052640327
2017-09-05,6.5345,53.63,48.63,52.02,52.38,52.9,53.2,50.22,51.0,52.18,47.23,49.0,49.58,3.963022771427041,-0.02247123310137015,52.616132351925636
2017-09-06,6.5221,54.48,49.13,52.76,52.38,52.9,53.2,50.22,51.0,52.18,47.23,49.0,49.58,3.976310039449603,-0.022466361203518196,53.319922373553055
2017-09-07,6.483,54.16,49.1,52.78,52.38,52.9,53.2,50.22,51.0,52.18,47.23,49.0,49.58,3.979031062119764,-0.022719824850081546,53.465204659661026
2017-09-08,6.4773,54.55,47.44,52.24,52.38,52.9,53.2,50.22,51.0,52.18,47.23,49.0,49.58,3.971425619612707,-0.02298406692276793,53.060120494256005
2017-09-11,6.5254,54.2,48.06,52.35,52.38,52.9,53.2,50.22,51.0,52.18,47.23,49.0,49.58,3.971612970751809,-0.022918574524282503,53.0700622995467
2017-09-12,6.5334,55.06,48.21,52.58,52.38,52.9,53.2,50.22,51.0,52.18,47.23,49.0,49.58,3.9754258373215965,-0.02278793773452388,53.27279762169839
2017-09-13,6.54,55.52,49.3,53.06,52.38,52.9,53.2,50.22,51.0,52.18,47.23,49.0,49.58,3.9836126144501924,-0.02265553975259178,53.71072028454769
2017-09-14,6.552,56.76,49.86,53.22,52.38,52.9,53.2,50.22,51.0,52.18,47.23,49.0,49.58,3.9881537727890004,-0.022658236839824014,53.95518382355773
2017-09-15,6.55,56.18,49.9,53.28,52.38,52.9,53.2,50.22,51.0,52.18,47.23,49.0,49.58,3.98967151095134,-0.022753599367565,54.0371358402228
2017-09-18,6.5725,55.5,49.88,53.25,52.38,52.9,53.2,50.22,51.0,52.18,47.23,49.0,49.58,3.9892543511864402,-0.0228551988636722,54.01459842251861
2017-09-19,6.58,56.58,49.54,53.09,52.38,52.9,53.2,50.22,51.0,52.18,47.23,49.0,49.58,3.9872383657245787,-0.02287257335126853,53.905815466642245
2017-09-20,6.57,57.2,50.29,53.51,52.38,52.9,53.2,50.22,51.0,52.18,47.23,49.0,49.58,3.9933585759209556,-0.022690086298293985,54.23674202519587
2017-09-21,6.5861,57.73,50.58,53.52,52.38,52.9,53.2,50.22,51.0,52.18,47.23,49.0,49.58,3.9949478790767294,-0.02271736546104836,54.32300918463137
2017-09-22,6.5899,58.16,50.33,53.6,52.38,52.9,53.2,50.22,51.0,52.18,47.23,49.0,49.58,3.99652628507607,-0.022709045655105464,54.408820653083296
2017-09-25,6.6189,59.42,51.85,53.92,52.38,52.9,53.2,50.22,51.0,52.18,47.23,49.0,49.58,4.002275184996361,-0.022591793172864808,54.722512344915216
2017-09-26,6.6371,59.77,51.59,53.77,52.38,52.9,53.2,50.22,51.0,52.18,47.23,49.0,49.58,4.001303517459697,-0.022686248203054187,54.669366080576296
2017-09-27,6.64,58.74,52.14,53.67,52.38,52.9,53.2,50.22,51.0,52.18,47.23,49.0,49.58,3.9994114961209744,-0.022781141232720865,54.56602826288239
2017-09-28,6.6591,58.8,51.62,53.63,52.38,52.9,53.2,50.22,51.0,52.18,47.23,49.0,49.58,3.9983882068918795,-0.022782310283683698,54.510219992757186
2017-09-29,6.6533,57.02,51.67,53.67,57.54,56.13,55.98,53.67,54.46,54.97,51.67,52.18,52.0,3.9876007840982837,-0.002753867779364927,53.92535546523028
2017-10-02,6.6533,55.67,50.59,54.72,57.54,56.13,55.98,53.67,54.46,54.97,51.67,52.18,52.0,3.9968707583403456,0.0041890760699721166,54.427566265634844
2017-10-03,6.6533,56.12,50.44,54.42,57.54,56.13,55.98,53.67,54.46,54.97,51.67,52.18,52.0,3.9936244790957867,0.006203826938719174,54.25116566465365
2017-10-04,6.6533,56.0,50.0,54.29,57.54,56.13,55.98,53.67,54.46,54.97,51.67,52.18,52.0,3.9907194930501584,0.006875743109799015,54.09379547521076
2017-10-05,6.6533,57.09,50.79,55.22,57.54,56.13,55.98,53.67,54.46,54.97,51.67,52.18,52.0,4.003795740376229,0.007467133008141247,54.80578424918784
2017-10-06,6.6533,55.5,49.34,53.95,57.54,56.13,55.98,53.67,54.46,54.97,51.67,52.18,52.0,3.987305188828327,0.006977048873722838,53.909417740898036
2017-10-09,6.6533,55.29,49.58,54.1,57.54,56.13,55.98,53.67,54.46,54.97,51.67,52.18,52.0,3.9862863193360645,0.007154418258788028,53.85451905186509
2017-10-10,6.5712,56.62,50.93,54.61,57.54,56.13,55.98,53.67,54.46,54.97,51.67,52.18,52.0,3.9941736521217375,0.007436981175499418,54.28096712379282
2017-10-11,6.587,56.13,51.3,54.83,57.54,56.13,55.98,53.67,54.46,54.97,51.67,52.18,52.0,3.998644632653517,0.0074207314860692715,54.52419960972623
2017-10-12,6.5855,56.13,50.61,54.54,57.54,56.13,55.98,53.67,54.46,54.97,51.67,52.18,52.0,3.995264421147293,0.0072531226693273755,54.340207424277516
2017-10-13,6.5785,56.86,51.43,55.04,57.54,56.13,55.98,53.67,54.46,54.97,51.67,52.18,52.0,4.002161283975921,0.007437276008857743,54.71627974987428
2017-10-16,6.5885,57.49,51.86,55.34,57.54,56.13,55.98,53.67,54.46,54.97,51.67,52.18,52.0,4.008019961416699,0.007484427733082311,55.03778566379438
2017-10-17,6.622,57.63,51.87,55.37,57.54,56.13,55.98,53.67,54.46,54.97,51.67,52.18,52.0,4.009625882031333,0.007407063139442475,55.12624298708435
2017-10-18,6.625,58.05,52.05,55.48,57.54,56.13,55.98,53.67,54.46,54.97,51.67,52.18,52.0,4.01168908264426,0.007403061769229096,55.240096896744014
2017-10-19,6.6126,57.82,51.29,55.13,57.54,56.13,55.98,53.67,54.46,54.97,51.67,52.18,52.0,4.006943143402152,0.007256786633530419,54.978551882435895
2017-10-20,6.6185,57.89,51.63,55.27,57.54,56.13,55.98,53.67,54.46,54.97,51.67,52.18,52.0,4.008105587707935,0.007338407574003007,55.0424985470291
2017-10-23,6.638,57.69,51.91,55.14,57.54,56.13,55.98,53.67,54.46,54.97,51.67,52.18,52.0,4.006487232650525,0.007293973282037216,54.95349228242843
2017-10-24,6.6335,57.84,52.32,55.39,57.54,56.13,55.98,53.67,54.46,54.97,51.67,52.18,52.0,4.009821292768642,0.007386190401088032,55.137016299447694
2017-10-25,6.635,58.45,51.97,55.34,57.54,56.13,55.98,53.67,54.46,54.97,51.67,52.18,52.0,4.009924769806884,0.007371819649125342,55.142722009791775
2017-10-26,6.6392,58.75,52.41,55.45,57.54,56.13,55.98,53.67,54.46,54.97,51.67,52.18,52.0,4.011697659061117,0.007408109798153106,55.2405706608738
2017-10-27,6.6498,60.15,53.92,55.55,57.54,56.13,55.98,53.67,54.46,54.97,51.67,52.18,52.0,4.014314277824607,0.007470651327211692,55.38530344725479
2017-10-30,6.6498,60.65,54.11,55.54,57.54,56.13,55.98,53.67,54.46,54.97,51.67,52.18,52.0,4.014909711654743,0.007461437300500474,55.41829155076145
2017-10-31,6.6328,61.35,54.36,55.55,61.37,60.43,60.03,55.55,57.09,57.54,54.38,54.97,54.61,4.014786233310144,0.008830214715709241,55.41144901432145
2017-11-01,6.6018,60.98,54.32,58.73,61.37,60.43,60.03,55.55,57.09,57.54,54.38,54.97,54.61,4.057337227191749,0.010152676930669948,57.82014400687656
2017-11-02,6.6068,60.79,54.55,58.87,61.37,60.43,60.03,55.55,57.09,57.54,54.38,54.97,54.61,4.067212930808156,0.009824667809353897,58.3939875024059
2017-11-03,6.636,61.42,55.63,60.15,61.37,60.43,60.03,55.55,57.09,57.54,54.38,54.97,54.61,4.086228350262816,0.00990248628150792,59.51499813378658
2017-11-06,6.6311,64.27,57.34,61.83,61.37,60.43,60.03,55.55,57.09,57.54,54.38,54.97,54.61,4.112561411782132,0.010133446037713292,61.10302731143437
2017-11-07,6.638,64.36,57.19,61.2,61.37,60.43,60.03,55.55,57.09,57.54,54.38,54.97,54.61,4.109738947486344,0.009563355211477371,60.93080935233196
2017-11-08,6.6249,63.96,56.82,61.14,61.37,60.43,60.03,55.55,57.09,57.54,54.38,54.97,54.61,4.108291348669599,0.009400043620682749,60.84266979556097
2017-11-09,6.6378,64.49,57.16,61.56,61.37,60.43,60.03,55.55,57.09,57.54,54.38,54.97,54.61,4.1135752350868025,0.009504271879209861,61.16500639712063
2017-11-10,6.6378,64.35,56.75,61.3,61.37,60.43,60.03,55.55,57.09,57.54,54.38,54.97,54.61,4.111185595416967,0.009369441911362594,61.01901857005024
2017-11-13,6.6385,62.94,56.77,61.18,61.37,60.43,60.03,55.55,57.09,57.54,54.38,54.97,54.61,4.108715323413845,0.009276696211765311,60.86847102007407
2017-11-14,6.635,60.91,55.67,60.69,61.37,60.43,60.03,55.55,57.09,57.54,54.38,54.97,54.61,4.101049545930123,0.00907959185017778,60.40365074608321
2017-11-15,6.62,61.25,55.28,60.49,61.37,60.43,60.03,55.55,57.09,57.54,54.38,54.97,54.61,4.09709365405174,0.00912223972926341,60.16517244286064
2017-11-16,6.6273,61.18,55.14,60.22,61.37,60.43,60.03,55.55,57.09,57.54,54.38,54.97,54.61,4.092815595241533,0.009135027364177335,59.90833207763717
2017-11-17,6.6245,61.34,56.21,60.82,61.37,60.43,60.03,55.55,57.09,57.54,54.38,54.97,54.61,4.099916952782822,0.009377016507155108,60.33527671246618
2017-11-20,6.6245,61.34,56.21,60.55,61.37,60.43,60.03,55.55,57.09,57.54,54.38,54.97,54.61,4.09782975333525,0.009253136780934994,60.20947628720165
2017-11-21,6.6265,62.28,56.84,60.63,61.37,60.43,60.03,55.55,57.09,57.54,54.38,54.97,54.61,4.098948995289044,0.009310634223238523,60.27690298543419
2017-11-22,6.6086,62.92,57.88,60.78,61.37,60.43,60.03,55.55,57.09,57.54,54.38,54.97,54.61,4.101517611960445,0.009369746090319821,60.43193026092872
2017-11-23,6.6086,63.27,57.88,60.78,61.37,60.43,60.03,55.55,57.09,57.54,54.38,54.97,54.61,4.102137256598772,0.009356951911815924,60.46938818660154
2017-11-24,6.5998,63.58,58.94,60.92,61.37,60.43,60.03,55.55,57.09,57.54,54.38,54.97,54.61,4.104362631158911,0.009384934455266117,60.60410506690183
2017-11-27,6.5967,63.25,58.1,60.88,61.37,60.43,60.03,55.55,57.09,57.54,54.38,54.97,54.61,4.103991392887049,0.009333463687818032,60.58161067931617
2017-11-28,6.6044,63.56,57.96,60.8,61.37,60.43,60.03,55.55,57.09,57.54,54.38,54.97,54.61,4.102998865579996,0.009317031725228502,60.521511606330904
2017-11-29,6.6091,63.74,57.25,60.8,61.37,60.43,60.03,55.55,57.09,57.54,54.38,54.97,54.61,4.102728878303527,0.009342567886717638,60.50517377384722
2017-11-30,6.609,63.53,57.4,60.82,63.57,61.81,61.4,60.82,59.32,59.41,57.4,57.27,56.44,4.099011854814255,0.01678208857211154,60.28069208202619
2017-12-01,6.6137,64.57,58.35,61.23,63.57,61.81,61.4,60.82,59.32,59.41,57.4,57.27,56.44,4.103019777720229,0.019408564902142496,60.522777253902426
2017-12-04,6.6185,63.45,57.48,60.02,63.57,61.81,61.4,60.82,59.32,59.41,57.4,57.27,56.44,4.087458703019816,0.019822903956196,59.58826764025023
2017-12-05,6.617,63.45,57.66,60.55,63.57,61.81,61.4,60.82,59.32,59.41,57.4,57.27,56.44,4.091200675021267,0.020383967943478624,59.81166297825336
2017-12-06,6.6136,62.25,55.79,59.34,63.57,61.81,61.4,60.82,59.32,59.41,57.4,57.27,56.44,4.07544820174578,0.020132549954112098,58.87686338845395
2017-12-07,6.6173,62.37,56.5,60.22,63.57,61.81,61.4,60.82,59.32,59.41,57.4,57.27,56.44,4.083973963635942,0.020578190497560156,59.380979439631055
2017-12-08,6.6199,63.86,57.15,60.84,63.57,61.81,61.4,60.82,59.32,59.41,57.4,57.27,56.44,4.0941501719875415,0.020790961427764352,59.988337719479894
2017-12-11,6.6175,65.62,57.84,61.62,63.57,61.81,61.4,60.82,59.32,59.41,57.4,57.27,56.44,4.106693162387561,0.02094759075470568,60.745509536108585
2017-12-12,6.621,64.96,57.12,60.56,63.57,61.81,61.4,60.82,59.32,59.41,57.4,57.27,56.44,4.095339874252075,0.02046542269365699,60.059748451042054
2017-12-13,6.6171,63.66,56.59,60.12,63.57,61.81,61.4,60.82,59.32,59.41,57.4,57.27,56.44,4.087000317467889,0.020348904427442544,59.56095949860651
2017-12-14,6.6091,63.72,57.0,60.65,63.57,61.81,61.4,60.82,59.32,59.41,57.4,57.27,56.44,4.092274368805215,0.02060557270445348,59.875916877333935
2017-12-15,6.6088,63.81,57.29,60.7,63.57,61.81,61.4,60.82,59.32,59.41,57.4,57.27,56.44,4.093989548261451,0.020606722955534472,59.978702942960986
2017-12-18,6.6088,64.45,57.17,60.8,63.57,61.81,61.4,60.82,59.32,59.41,57.4,57.27,56.44,4.095799835268776,0.020630397834045435,60.08737994822103
2017-12-19,6.6088,63.69,57.49,61.02,63.57,61.81,61.4,60.82,59.32,59.41,57.4,57.27,56.44,4.098719944870845,0.020627559137040487,60.26309811666344
2017-12-20,6.5771,64.43,58.09,61.28,63.57,61.81,61.4,60.82,59.32,59.41,57.4,57.27,56.44,4.102957972505893,0.020669127914262647,60.51903674627463
2017-12-21,6.5833,64.64,58.34,61.3,63.57,61.81,61.4,60.82,59.32,59.41,57.4,57.27,56.44,4.1041522907283365,0.020617092398497537,60.59135891391013
2017-12-22,6.575,64.61,58.25,61.15,63.57,61.81,61.4,60.82,59.32,59.41,57.4,57.27,56.44,4.102473000490252,0.020538201207723553,60.489693822862634
2017-12-26,6.5429,64.61,59.55,61.6,63.57,61.81,61.4,60.82,59.32,59.41,57.4,57.27,56.44,4.108072619859477,0.020652789807397782,60.82936320611219
2017-12-27,6.556,66.03,59.67,61.52,63.57,61.81,61.4,60.82,59.32,59.41,57.4,57.27,56.44,4.108673627353108,0.02062544815697496,60.865933097520475
2017-12-28,6.5322,66.8,59.84,61.56,63.57,61.81,61.4,60.82,59.32,59.41,57.4,57.27,56.44,4.109600490064051,0.020647047041514162,60.922373613539634
2017-12-29,6.5063,66.73,60.46,61.6,66.6,65.25,64.56,61.6,62.34,62.21,60.42,59.97,59.15,4.109760016372103,0.021823006600125996,60.93209311011707
2018-01-02,6.491,66.65,60.37,64.02,66.6,65.25,64.56,61.6,62.34,62.21,60.42,59.97,59.15,4.139288837897027,0.02281664357265631,62.75817434017489
2018-01-03,6.501,67.85,61.61,65.24,66.6,65.25,64.56,61.6,62.34,62.21,60.42,59.97,59.15,4.160086121744959,0.02293888399640424,64.07704078887971
2018-01-04,6.4915,68.73,61.98,65.31,66.6,65.25,64.56,61.6,62.34,62.21,60.42,59.97,59.15,4.165299284192869,0.022645747842298142,64.41195703960129
2018-01-05,6.4875,68.01,61.49,64.94,66.6,65.25,64.56,61.6,62.34,62.21,60.42,59.97,59.15,4.161629084250904,0.02233725048793102,64.17598557472613
2018-01-08,6.497,68.48,61.73,65.09,66.6,65.25,64.56,61.6,62.34,62.21,60.42,59.97,59.15,4.162946701351511,0.02235958495385925,64.26060068368318
2018-01-09,6.5263,69.08,62.92,65.81,66.6,65.25,64.56,61.6,62.34,62.21,60.42,59.97,59.15,4.172110647898773,0.022535950541294092,64.85218789019672
2018-01-10,6.5055,69.79,63.6,66.01,66.6,65.25,64.56,61.6,62.34,62.21,60.42,59.97,59.15,4.176568657809547,0.022497123819372026,65.14194497664585
2018-01-11,6.4956,70.36,63.81,66.07,66.6,65.25,64.56,61.6,62.34,62.21,60.42,59.97,59.15,4.1783681065107725,0.022438250024011803,65.2592700935356
2018-01-12,6.4607,69.64,64.22,66.36,66.6,65.25,64.56,61.6,62.34,62.21,60.42,59.97,59.15,4.181936120828811,0.022425236538260063,65.49253199705383
2018-01-15,6.4607,70.31,64.22,66.36,66.6,65.25,64.56,61.6,62.34,62.21,60.42,59.97,59.15,4.182853807791274,0.02238182444032716,65.55266122549087
2018-01-16,6.4395,69.4,63.82,66.05,66.6,65.25,64.56,61.6,62.34,62.21,60.42,59.97,59.15,4.1790483822883004,0.02224191783222575,65.30367949784778
2018-01-17,6.433,69.19,63.92,66.13,66.6,65.25,64.56,61.6,62.34,62.21,60.42,59.97,59.15,4.179210947615962,0.022277140382252987,65.31429647485565
2018-01-18,6.4175,69.48,63.96,66.08,66.6,65.25,64.56,61.6,62.34,62.21,60.42,59.97,59.15,4.178759969013039,0.022284803210015285,65.28484776554852
2018-01-19,6.399,68.56,63.38,65.82,66.6,65.25,64.56,61.6,62.34,62.21,60.42,59.97,59.15,4.175211743626452,0.022198812041426808,65.05361289067599
2018-01-22,6.4035,69.32,63.66,65.97,66.6,65.25,64.56,61.6,62.34,62.21,60.42,59.97,59.15,4.176601610631342,0.022301817922914826,65.14409162291886
2018-01-23,6.4,69.81,64.45,66.21,66.6,65.25,64.56,61.6,62.34,62.21,60.42,59.97,59.15,4.179967660250379,0.022382689324628995,65.36373933286461
2018-01-24,6.365,69.91,65.69,66.31,66.6,65.25,64.56,61.6,62.34,62.21,60.42,59.97,59.15,4.18203187685473,0.02236774716517396,65.49880360191244
2018-01-25,6.3189,71.08,65.62,66.26,66.6,65.25,64.56,61.6,62.34,62.21,60.42,59.97,59.15,4.18222888382489,0.02235924754645656,65.51170859390407
2018-01-26,6.3199,70.08,66.27,66.32,66.6,65.25,64.56,61.6,62.34,62.21,60.42,59.97,59.15,4.182750769571817,0.022324263827026476,65.54590714396781
2018-01-29,6.3328,68.41,65.71,66.23,66.6,65.25,64.56,61.6,62.34,62.21,60.42,59.97,59.15,4.181143772908371,0.022217769539779775,65.44065967869723
2018-01-30,6.3199,67.78,64.64,66.2,66.6,65.25,64.56,61.6,62.34,62.21,60.42,59.97,59.15,4.180086130358117,0.022186187366385977,65.37148344081913
2018-01-31,6.2841,67.78,64.82,66.19,69.05,67.81,67.04,66.19,66.6,65.52,64.73,63.91,62.37,4.176848962757639,0.027864829539540614,65.16020714551969
2018-02-01,6.2969,68.6,65.92,66.73,69.05,67.81,67.04,66.19,66.6,65.52,64.73,63.91,62.37,4.182183404619919,0.029922424854618993,65.50872924123075
2018-02-02,6.2984,67.45,65.5,65.74,69.05,67.81,67.04,66.19,66.6,65.52,64.73,63.91,62.37,4.170938225962598,0.030206676832146995,64.77619831713092
2018-02-05,6.285,67.69,64.18,64.99,69.05,67.81,67.04,66.19,66.6,65.52,64.73,63.91,62.37,4.1597160804751905,0.03033971476245094,64.05333402585407
2018-02-06,6.283,66.75,63.48,64.27,69.05,67.81,67.04,66.19,66.6,65.52,64.73,63.91,62.37,4.148476834692078,0.030376377200454822,63.33745337665317
2018-02-07,6.2649,65.74,61.91,63.14,69.05,67.81,67.04,66.19,66.6,65.52,64.73,63.91,62.37,4.1319645098707385,0.030278136214418758,62.30019213831401
2018-02-08,6.3222,64.26,61.3,62.64,69.05,67.81,67.04,66.19,66.6,65.52,64.73,63.91,62.37,4.121997901927748,0.03036374446815869,61.68235453538969
2018-02-09,6.2966,63.04,59.2,61.22,69.05,67.81,67.04,66.19,66.6,65.52,64.73,63.91,62.37,4.101514794852144,0.030167472239708754,60.431760017876115
2018-02-12,6.325,62.2,59.41,61.16,69.05,67.81,67.04,66.19,66.6,65.52,64.73,63.91,62.37,4.09654418259435,0.030427187697204736,60.13212247871186
2018-02-13,6.338,61.94,59.33,61.29,69.05,67.81,67.04,66.19,66.6,65.52,64.73,63.91,62.37,4.097067817882904,0.03062596125897748,60.16361802538752
2018-02-14,6.3438,62.29,60.7,62.05,69.05,67.81,67.04,66.19,66.6,65.52,64.73,63.91,62.37,4.107045314405731,0.03088537292829073,60.76690495688569
2018-02-15,6.3438,62.86,61.48,62.28,69.05,67.81,67.04,66.19,66.6,65.52,64.73,63.91,62.37,4.1121602536672075,0.03086526607099476,61.07852025211343
2018-02-16,6.3438,64.3,61.89,62.28,69.05,67.81,67.04,66.19,66.6,65.52,64.73,63.91,62.37,4.113764047986611,0.030824808130260273,61.17655622968965
2018-02-19,6.3438,64.95,61.89,62.28,69.05,67.81,67.04,66.19,66.6,65.52,64.73,63.91,62.37,4.114316213983622,0.030810059481054756,61.21034517154779
2018-02-20,6.3351,64.68,61.91,62.43,69.05,67.81,67.04,66.19,66.6,65.52,64.73,63.91,62.37,4.116185912891506,0.030821996733266983,61.32489714254316
2018-02-21,6.3351,64.81,61.73,62.47,69.05,67.81,67.04,66.19,66.6,65.52,64.73,63.91,62.37,4.117052891741417,0.03080835619494,61.3780875855015
2018-02-22,6.3471,66.12,62.72,62.62,69.05,67.81,67.04,66.19,66.6,65.52,64.73,63.91,62.37,4.1197295017306494,0.030875928620087444,61.54259284785416
2018-02-23,6.3329,67.04,63.52,62.75,69.05,67.81,67.04,66.19,66.6,65.52,64.73,63.91,62.37,4.122311917506458,0.03091528773202161,61.70172679708213
2018-02-26,6.3115,67.96,63.81,62.75,69.05,67.81,67.04,66.19,66.6,65.52,64.73,63.91,62.37,4.123180479519415,0.030916546311904772,61.75534185374208
2018-02-27,6.3169,67.59,62.94,62.72,69.05,67.81,67.04,66.19,66.6,65.52,64.73,63.91,62.37,4.12268913524464,0.030883347758841807,61.72500617332721
2018-02-28,6.328,66.08,61.43,62.72,65.78,63.69,63.0,62.72,63.0,62.08,61.64,60.56,58.9,4.119876177213063,0.03448684763063703,61.551620299385846
2018-03-01,6.3565,64.23,60.98,60.39,65.78,63.69,63.0,62.72,63.0,62.08,61.64,60.56,58.9,4.088896709616283,0.035023307358442855,59.6740176019176
2018-03-02,6.3428,64.26,61.19,60.91,65.78,63.69,63.0,62.72,63.0,62.08,61.64,60.56,58.9,4.089480723424108,0.03590592613053079,59.708878230718966
2018-03-05,6.3491,65.78,62.49,61.94,65.78,63.69,63.0,62.72,63.0,62.08,61.64,60.56,58.9,4.103196791156774,0.03650715698229817,60.53349154695233
2018-03-06,6.3093,65.67,62.54,62.21,65.78,63.69,63.0,62.72,63.0,62.08,61.64,60.56,58.9,4.109095177926281,0.03651395496612435,60.8915965753513
2018-03-07,6.3225,65.09,61.09,60.91,65.78,63.69,63.0,62.72,63.0,62.08,61.64,60.56,58.9,4.093470634336544,0.036052925098567036,59.947587232691916
2018-03-08,6.3389,63.87,60.13,60.44,65.78,63.69,63.0,62.72,63.0,62.08,61.64,60.56,58.9,4.083903348102753,0.03602080974163319,59.37678636815638
2018-03-09,6.3285,65.19,62.02,61.69,65.78,63.69,63.0,62.72,63.0,62.08,61.64,60.56,58.9,4.098681539493363,0.036560207623513516,60.26078373407471
2018-03-12,6.327,64.53,61.35,61.32,65.78,63.69,63.0,62.72,63.0,62.08,61.64,60.56,58.9,4.096465859718148,0.03634193068706549,60.127412942361794
2018-03-13,6.318,64.2,60.69,61.17,65.78,63.69,63.0,62.72,63.0,62.08,61.64,60.56,58.9,4.0939300148565785,0.03626263439330392,59.97513231284189
2018-03-14,6.314,63.61,60.89,61.36,65.78,63.69,63.0,62.72,63.0,62.08,61.64,60.56,58.9,4.095662949532011,0.036306542830944005,60.07915540587064
2018-03-15,6.3202,63.67,61.16,61.48,65.78,63.69,63.0,62.72,63.0,62.08,61.64,60.56,58.9,4.097573468332578,0.0363210948298487,60.19404747858106
2018-03-16,6.33,64.68,62.29,61.96,65.78,63.69,63.0,62.72,63.0,62.08,61.64,60.56,58.9,4.104523265391436,0.036452071949216173,60.61384094274367
2018-03-19,6.3291,64.82,62.01,61.86,65.78,63.69,63.0,62.72,63.0,62.08,61.64,60.56,58.9,4.10460398763227,0.03634819543659219,60.618734025297755
2018-03-20,6.3328,66.0,63.37,62.27,65.78,63.69,63.0,62.72,63.0,62.08,61.64,60.56,58.9,4.110406881509698,0.036460837833412606,60.97152070770505
2018-03-21,6.32,68.15,65.1,62.84,65.78,63.69,63.0,62.72,63.0,62.08,61.64,60.56,58.9,4.119611423486402,0.036615283575039785,61.53532643555531
2018-03-22,6.331,68.98,64.25,62.62,65.78,63.69,63.0,62.72,63.0,62.08,61.64,60.56,58.9,4.11879803217952,0.036478005526198405,61.485294486501154
2018-03-23,6.311,69.03,65.8,62.84,65.78,63.69,63.0,62.72,63.0,62.08,61.64,60.56,58.9,4.1216627806251465,0.03649768000780075,61.661686927661506
2018-03-26,6.2685,68.81,65.49,62.77,65.78,63.69,63.0,62.72,63.0,62.08,61.64,60.56,58.9,4.12122513060569,0.03642629294829953,61.63470659358039
2018-03-27,6.2781,68.63,65.21,62.76,65.78,63.69,63.0,62.72,63.0,62.08,61.64,60.56,58.9,4.120915114234352,0.03640302946578283,61.61560178704819
2018-03-28,6.2946,68.13,64.3,62.68,65.78,63.69,63.0,62.72,63.0,62.08,61.64,60.56,58.9,4.119536816672405,0.03636580063626698,61.530735652155684
2018-03-29,6.2876,69.02,64.87,62.73,65.78,63.69,63.0,62.72,63.0,62.08,61.64,60.56,58.9,4.120298528602724,0.03642461662943674,61.57762220233857
2018-03-30,6.2726,69.02,64.87,62.73,70.27,67.95,67.14,62.73,64.82,63.59,64.94,64.01,62.38,4.120331526663254,0.03663420901366052,61.5796541779687
2018-04-02,6.2785,69.02,63.05,64.62,70.27,67.95,67.14,62.73,64.82,63.59,64.94,64.01,62.38,4.142855221548932,0.03718861690345244,62.982393655560045
2018-04-03,6.2881,69.02,63.41,65.16,70.27,67.95,67.14,62.73,64.82,63.59,64.94,64.01,62.38,4.1536263773185995,0.037084346119026404,63.66445352065203
2018-04-04,6.3045,66.04,63.35,65.17,70.27,67.95,67.14,62.73,64.82,63.59,64.94,64.01,62.38,4.154800445861588,0.03673218663997289,63.73924384873182
2018-04-05,6.3045,66.54,63.53,65.46,70.27,67.95,67.14,62.73,64.82,63.59,64.94,64.01,62.38,4.158709899071297,0.03668749145839278,63.98891716525816
2018-04-06,6.3045,66.51,62.03,64.65,70.27,67.95,67.14,62.73,64.82,63.59,64.94,64.01,62.38,4.149580913785063,0.03640904333380709,63.407421552821965
2018-04-09,6.3035,68.19,63.4,65.83,70.27,67.95,67.14,62.73,64.82,63.59,64.94,64.01,62.38,4.162638103901922,0.03683823018768116,64.24077308573358
2018-04-10,6.2798,70.67,65.48,67.27,70.27,67.95,67.14,62.73,64.82,63.59,64.94,64.01,62.38,4.183011054187986,0.037170623048736105,65.56296995574759
2018-04-11,6.2655,72.74,66.81,67.78,70.27,67.95,67.14,62.73,64.82,63.59,64.94,64.01,62.38,4.193651015861657,0.037096391481396984,66.26428179261231
2018-04-12,6.2876,71.44,67.07,67.66,70.27,67.95,67.14,62.73,64.82,63.59,64.94,64.01,62.38,4.193980381327418,0.03679615053914218,66.2861105532709
2018-04-13,6.2725,73.18,67.35,67.8,70.27,67.95,67.14,62.73,64.82,63.59,64.94,64.01,62.38,4.196292691546012,0.03679116936076371,66.43956194929707
2018-04-16,6.2752,72.05,66.23,67.25,70.27,67.95,67.14,62.73,64.82,63.59,64.94,64.01,62.38,4.18989852591194,0.03657943109070613,66.01609169781257
2018-04-17,6.2804,71.71,66.5,67.38,70.27,67.95,67.14,62.73,64.82,63.59,64.94,64.01,62.38,4.190114823505275,0.03664498960517812,66.03037236394937
2018-04-18,6.2722,73.73,68.44,68.16,70.27,67.95,67.14,62.73,64.82,63.59,64.94,64.01,62.38,4.2000129454009345,0.0369130711188188,66.6871943278051
2018-04-19,6.2765,74.85,68.3,68.18,70.27,67.95,67.14,62.73,64.82,63.59,64.94,64.01,62.38,4.202449372334986,0.03686482101901435,66.84987089853784
2018-04-20,6.2945,74.62,68.26,68.29,70.27,67.95,67.14,62.73,64.82,63.59,64.94,64.01,62.38,4.204091841006638,0.036821796603188704,66.9597599371403
2018-04-23,6.3158,74.54,67.61,68.41,70.27,67.95,67.14,62.73,64.82,63.59,64.94,64.01,62.38,4.205630875499677,0.03680640755842447,67.06289265938076
2018-04-24,6.3035,75.86,67.66,68.2,70.27,67.95,67.14,62.73,64.82,63.59,64.94,64.01,62.38,4.203981398878832,0.03677219204617847,66.95236516713007
2018-04-25,6.3236,73.79,68.0,68.16,70.27,67.95,67.14,62.73,64.82,63.59,64.94,64.01,62.38,4.202625078583181,0.03670334733268586,66.86161787052374
2018-04-26,6.334,75.39,68.18,68.28,70.27,67.95,67.14,62.73,64.82,63.59,64.94,64.01,62.38,4.204262032758463,0.03679283140494294,66.97115690579336
2018-04-27,6.3325,75.33,68.11,68.28,75.17,73.07,72.09,68.27,69.11,67.7,68.57,67.64,65.96,4.2045535884783325,0.03675614381940452,66.99068557636497
2018-04-30,6.3325,75.92,68.56,68.27,75.17,73.07,72.09,68.27,69.11,67.7,68.57,67.64,65.96,4.204763252012095,0.036755680907513626,67.00473255275
2018-05-01,6.3325,74.85,67.28,70.55,75.17,73.07,72.09,68.27,69.11,67.7,68.57,67.64,65.96,4.229572967873267,0.03724646245159907,68.6878939726711
2018-05-02,6.361,73.14,67.91,70.44,75.17,73.07,72.09,68.27,69.11,67.7,68.57,67.64,65.96,4.2326788407034766,0.03685530703288119,68.90156147661176
2018-05-03,6.352,73.45,68.45,70.71,75.17,73.07,72.09,68.27,69.11,67.7,68.57,67.64,65.96,4.236477080894251,0.03674135473753577,69.16376379508688
2018-05-04,6.3589,74.75,69.71,71.78,75.17,73.07,72.09,68.27,69.11,67.7,68.57,67.64,65.96,4.249434716516965,0.03691709325398652,70.06579411383822
2018-05-07,6.364,74.75,70.74,72.83,75.17,73.07,72.09,68.27,69.11,67.7,68.57,67.64,65.96,4.263290657715021,0.03696250994338098,71.04337867391237
2018-05-08,6.369,74.16,68.83,71.73,75.17,73.07,72.09,68.27,69.11,67.7,68.57,67.64,65.96,4.253726599188688,0.03646604260849673,70.36715452063535
2018-05-09,6.3585,77.6,71.16,73.37,75.17,73.07,72.09,68.27,69.11,67.7,68.57,67.64,65.96,4.270826863235345,0.03695735569761499,71.58079868675638
2018-05-10,6.344,77.59,71.36,73.68,75.17,73.07,72.09,68.27,69.11,67.7,68.57,67.64,65.96,4.277353461689712,0.03686751321214907,72.04950568423892
2018-05-11,6.3333,77.37,70.69,73.48,75.17,73.07,72.09,68.27,69.11,67.7,68.57,67.64,65.96,4.276356708084629,0.03667016394186594,71.97772585904636
2018-05-14,6.336,78.17,71.01,74.02,75.17,73.07,72.09,68.27,69.11,67.7,68.57,67.64,65.96,4.282130170588499,0.03676888887848469,72.3944884844456
2018-05-15,6.376,78.94,71.34,74.04,75.17,73.07,72.09,68.27,69.11,67.7,68.57,67.64,65.96,4.283728417816079,0.03672422371730483,72.5102852862674
2018-05-16,6.3706,78.19,71.43,74.59,75.17,73.07,72.09,68.27,69.11,67.7,68.57,67.64,65.96,4.289540931796425,0.03677201340619593,72.93297960144973
2018-05-17,6.3645,80.09,71.47,74.67,75.17,73.07,72.09,68.27,69.11,67.7,68.57,67.64,65.96,4.2920565836845395,0.0367639982817225,73.11668456127302
2018-05-18,6.3768,78.38,71.23,74.45,75.17,73.07,72.09,68.27,69.11,67.7,68.57,67.64,65.96,4.289724647550414,0.036609020805405894,72.9463797696612
2018-05-21,6.3815,78.34,72.26,74.79,75.17,73.07,72.09,68.27,69.11,67.7,68.57,67.64,65.96,4.292965076251189,0.036667982614595154,73.18314070858207
2018-05-22,6.366,80.42,72.09,74.91,75.17,73.07,72.09,68.27,69.11,67.7,68.57,67.64,65.96,4.295407185783925,0.03672674691685738,73.36208036032522
2018-05-23,6.3875,78.69,71.85,74.98,75.17,73.07,72.09,68.27,69.11,67.7,68.57,67.64,65.96,4.29604299327222,0.036656622548473496,73.40873935187149
2018-05-24,6.3757,78.9,70.77,74.78,75.17,73.07,72.09,68.27,69.11,67.7,68.57,67.64,65.96,4.293999636881398,0.03659250760227123,73.25889228279586
2018-05-25,6.3903,76.6,67.92,74.45,75.17,73.07,72.09,68.27,69.11,67.7,68.57,67.64,65.96,4.289021845734218,0.03647197947072604,72.89513093247153
2018-05-29,6.4162,74.51,66.8,74.58,75.17,73.07,72.09,68.27,69.11,67.7,68.57,67.64,65.96,4.288573029850188,0.03648219902244643,72.8624217805831
2018-05-30,6.4175,75.89,68.24,74.44,75.17,73.07,72.09,68.27,69.11,67.7,68.57,67.64,65.96,4.287719374679543,0.03650646894548583,72.80024893834411
2018-05-31,6.4096,76.45,66.98,74.41,77.59,76.52,75.77,74.41,74.56,73.3,67.04,66.09,65.21,4.291614950034982,0.02805303192843415,73.08440090232648
2018-06-01,6.418,74.54,65.81,74.11,77.59,76.52,75.77,74.41,74.56,73.3,67.04,66.09,65.21,4.289619794425405,0.02511289082355911,72.93873151476296
2018-06-04,6.405,73.41,64.76,73.15,77.59,76.52,75.77,74.41,74.56,73.3,67.04,66.09,65.21,4.279038581146475,0.023951252419331902,72.17102006248449
2018-06-05,6.4042,72.91,65.51,73.38,77.59,76.52,75.77,74.41,74.56,73.3,67.04,66.09,65.21,4.279544888630257,0.02379682011045761,72.2075700420376
2018-06-06,6.385,73.23,64.75,73.42,77.59,76.52,75.77,74.41,74.56,73.3,67.04,66.09,65.21,4.280048665364172,0.023762792051240218,72.24395570019178
2018-06-07,6.389,75.23,65.96,74.88,77.59,76.52,75.77,74.41,74.56,73.3,67.04,66.09,65.21,4.296181853292143,0.02412612972593847,73.41893359865072
2018-06-08,6.4031,75.11,65.77,74.3,77.59,76.52,75.77,74.41,74.56,73.3,67.04,66.09,65.21,4.293191933047852,0.02381834965229656,73.19974468474413
2018-06-11,6.4,74.58,66.1,74.37,77.59,76.52,75.77,74.41,74.56,73.3,67.04,66.09,65.21,4.293274320601877,0.023767247436340653,73.20577568110009
2018-06-12,6.3992,74.86,66.38,73.97,77.59,76.52,75.77,74.41,74.56,73.3,67.04,66.09,65.21,4.2892777929330865,0.023671439763882363,72.913790624891
2018-06-13,6.3944,75.07,66.63,74.46,77.59,76.52,75.77,74.41,74.56,73.3,67.04,66.09,65.21,4.293716715196777,0.023826341585289706,73.23816868529357
2018-06-14,6.398,74.77,66.91,73.94,77.59,76.52,75.77,74.41,74.56,73.3,67.04,66.09,65.21,4.289108785679206,0.023669550526090145,72.90146870664358
2018-06-15,6.4379,72.02,65.01,72.79,77.59,76.52,75.77,74.41,74.56,73.3,67.04,66.09,65.21,4.274932968967097,0.02335913997149988,71.87532127115679
2018-06-18,6.4379,74.87,65.91,73.49,77.59,76.52,75.77,74.41,74.56,73.3,67.04,66.09,65.21,4.280679851621029,0.023775987478713283,72.28956948605376
2018-06-19,6.4802,74.92,65.09,73.19,77.59,76.52,75.77,74.41,74.56,73.3,67.04,66.09,65.21,4.278449686203297,0.02374614707812179,72.12853142562531
2018-06-20,6.4713,74.25,65.92,73.02,77.59,76.52,75.77,74.41,74.56,73.3,67.04,66.09,65.21,4.276168662698318,0.023710500173353886,71.96419205230623
2018-06-21,6.49,72.87,65.68,72.63,77.59,76.52,75.77,74.41,74.56,73.3,67.04,66.09,65.21,4.2711200120617665,0.023604376339104675,71.60178558987845
2018-06-22,6.5027,73.67,69.02,73.3,77.59,76.52,75.77,74.41,74.56,73.3,67.04,66.09,65.21,4.278079602978952,0.023821763394009727,72.10184280495805
2018-06-25,6.536,72.82,69.91,73.15,77.59,76.52,75.77,74.41,74.56,73.3,67.04,66.09,65.21,4.277699006433593,0.023693912264193883,72.0744063141205
2018-06-26,6.5759,73.58,75.23,73.44,77.59,76.52,75.77,74.41,74.56,73.3,67.04,66.09,65.21,4.281806523042778,0.02372379307725078,72.37106197709419
2018-06-27,6.5992,76.09,77.41,73.58,77.59,76.52,75.77,74.41,74.56,73.3,67.04,66.09,65.21,4.285191807441586,0.02377055244765361,72.61647376410599
2018-06-28,6.6235,76.26,73.45,73.57,77.59,76.52,75.77,74.41,74.56,73.3,67.04,66.09,65.21,4.285165982831659,0.02374736158272198,72.6145984962109
2018-06-29,6.6171,77.44,74.13,73.59,79.44,78.11,77.04,73.59,74.09,72.84,74.15,70.17,68.08,4.279596551270775,0.03578316993044624,72.21130057213509
2018-07-02,6.6632,76.71,73.89,74.33,79.44,78.11,77.04,73.59,74.09,72.84,74.15,70.17,68.08,4.284309276250012,0.039922400641730874,72.55241573175056
2018-07-03,6.6368,75.87,74.19,74.88,79.44,78.11,77.04,73.59,74.09,72.84,74.15,70.17,68.08,4.290124590965074,0.041263270401022234,72.97556002871063
2018-07-04,6.6368,76.99,74.19,74.88,79.44,78.11,77.04,73.59,74.09,72.84,74.15,70.17,68.08,4.291410020334015,0.04163135527017592,73.0694252724323
2018-07-05,6.6341,77.09,73.05,74.53,79.44,78.11,77.04,73.59,74.09,72.84,74.15,70.17,68.08,4.287843264942394,0.04166131653199509,72.80926873904193
2018-07-06,6.6396,74.98,73.78,74.25,79.44,78.11,77.04,73.59,74.09,72.84,74.15,70.17,68.08,4.283713645706919,0.041595530721749534,72.50921416432932
2018-07-09,6.6123,77.08,73.93,75.08,79.44,78.11,77.04,73.59,74.09,72.84,74.15,70.17,68.08,4.292163880141006,0.041904633132570174,73.12453014332905
2018-07-10,6.6296,77.8,74.11,75.73,79.44,78.11,77.04,73.59,74.09,72.84,74.15,70.17,68.08,4.300650936266149,0.04201219879329876,73.74778318547645
2018-07-11,6.6764,75.35,70.47,72.35,79.44,78.11,77.04,73.59,74.09,72.84,74.15,70.17,68.08,4.265734276097699,0.04108844583336754,71.21719386251105
2018-07-12,6.663,72.11,70.28,73.23,79.44,78.11,77.04,73.59,74.09,72.84,74.15,70.17,68.08,4.267353141091776,0.041505748863084155,71.3325782553095
2018-07-13,6.69,74.11,71.03,73.82,79.44,78.11,77.04,73.59,74.09,72.84,74.15,70.17,68.08,4.274562724040973,0.041811823749916946,71.8487147239161
2018-07-16,6.6866,71.03,68.22,72.01,79.44,78.11,77.04,73.59,74.09,72.84,74.15,70.17,68.08,4.2553060453777976,0.04127735967925457,70.4783834716297
2018-07-17,6.7018,70.87,68.03,72.37,79.44,78.11,77.04,73.59,74.09,72.84,74.15,70.17,68.08,4.2554066089409925,0.041533991202840945,70.48547138538679
2018-07-18,6.7161,70.52,68.78,72.72,79.44,78.11,77.04,73.59,74.09,72.84,74.15,70.17,68.08,4.259124018343773,0.04167477907059654,70.74798236756486
2018-07-19,6.7701,71.94,69.42,72.44,79.44,78.11,77.04,73.59,74.09,72.84,74.15,70.17,68.08,4.257428174519799,0.041641813651209676,70.62810651270136
2018-07-20,6.7659,71.99,70.31,72.59,79.44,78.11,77.04,73.59,74.09,72.84,74.15,70.17,68.08,4.258866159255832,0.04169264683072165,70.72974170921874
2018-07-23,6.7927,73.45,67.9,72.67,79.44,78.11,77.04,73.59,74.09,72.84,74.15,70.17,68.08,4.260043872035025,0.04176936453754083,70.81309010049775
2018-07-24,6.7912,73.53,70.77,72.82,79.44,78.11,77.04,73.59,74.09,72.84,74.15,70.17,68.08,4.2623677511394655,0.04179280871037435,70.9778425191104
2018-07-25,6.7658,73.67,71.13,73.01,79.44,78.11,77.04,73.59,74.09,72.84,74.15,70.17,68.08,4.264928449800592,0.0418027083633052,71.1598282913376
2018-07-26,6.7865,74.51,71.59,73.14,79.44,78.11,77.04,73.59,74.09,72.84,74.15,70.17,68.08,4.267137011345241,0.04181627018970933,71.31716282917755
2018-07-27,6.8097,74.84,68.66,73.14,79.44,78.11,77.04,73.59,74.09,72.84,74.15,70.17,68.08,4.267170994385639,0.041808177011308026,71.31958644438369
2018-07-30,6.8102,74.99,71.19,73.15,79.44,78.11,77.04,73.59,74.09,72.84,74.15,70.17,68.08,4.267760292001859,0.041798862366702626,71.36162729273441
2018-07-31,6.8038,74.16,69.88,73.12,74.25,74.32,74.03,73.12,73.59,73.06,68.76,66.69,65.71,4.276005590290523,0.02460537601039554,71.95245763503908
2018-08-01,6.8154,72.28,68.8,70.83,74.25,74.32,74.03,73.12,73.59,73.06,68.76,66.69,65.71,4.2546594179314,0.018304690608065558,70.43282494578327
2018-08-02,6.838,72.95,68.95,72.2,74.25,74.32,74.03,73.12,73.59,73.06,68.76,66.69,65.71,4.266403064013741,0.01698820673192262,71.2648389916482
2018-08-03,6.8309,72.48,68.49,71.89,74.25,74.32,74.03,73.12,73.59,73.06,68.76,66.69,65.71,4.265312403096854,0.016260544671425847,71.18715558783862
2018-08-06,6.85,72.51,69.01,72.35,74.25,74.32,74.03,73.12,73.59,73.06,68.76,66.69,65.71,4.270217965422548,0.016145387666980184,71.53722656182975
2018-08-07,6.828,72.31,69.17,72.91,74.25,74.32,74.03,73.12,73.59,73.06,68.76,66.69,65.71,4.277091183138184,0.016132751561998983,72.03061112217726
2018-08-08,6.8344,70.71,66.92,71.29,74.25,74.32,74.03,73.12,73.59,73.06,68.76,66.69,65.71,4.260185869715906,0.015591932603702612,70.8231461090161
2018-08-09,6.8199,70.55,66.81,71.14,74.25,74.32,74.03,73.12,73.59,73.06,68.76,66.69,65.71,4.255288121508006,0.01568889063914777,70.47712023758227
2018-08-10,6.8458,71.0,67.61,71.71,74.25,74.32,74.03,73.12,73.59,73.06,68.76,66.69,65.71,4.260768093090939,0.015951764764090513,70.86439300646288
2018-08-13,6.888,70.62,67.25,71.52,74.25,74.32,74.03,73.12,73.59,73.06,68.76,66.69,65.71,4.2595593294194165,0.015880498567752255,70.77878645206205
2018-08-14,6.8809,70.77,67.04,71.41,74.25,74.32,74.03,73.12,73.59,73.06,68.76,66.69,65.71,4.2581609674883945,0.015862081401933577,70.67988126030775
2018-08-15,6.933,68.38,65.07,70.53,74.25,74.32,74.03,73.12,73.59,73.06,68.76,66.69,65.71,4.247174232163895,0.015598941171460746,69.90759035848089
2018-08-16,6.8792,69.21,65.44,70.88,74.25,74.32,74.03,73.12,73.59,73.06,68.76,66.69,65.71,4.249247708219692,0.015826985919881503,70.05269245408167
2018-08-17,6.874,70.14,65.93,71.07,74.25,74.32,74.03,73.12,73.59,73.06,68.76,66.69,65.71,4.252083183083139,0.015939839881498698,70.2516069779468
2018-08-20,6.8546,71.11,66.5,71.18,74.25,74.32,74.03,73.12,73.59,73.06,68.76,66.69,65.71,4.254233452651752,0.015983808530413264,70.40282939679358
2018-08-21,6.8444,71.65,67.32,71.38,74.25,74.32,74.03,73.12,73.59,73.06,68.76,66.69,65.71,4.257129856071521,0.01601975739192186,70.60703998798444
2018-08-22,6.84,72.96,67.85,72.06,74.25,74.32,74.03,73.12,73.59,73.06,68.76,66.69,65.71,4.265513239941441,0.016177439353162765,71.20145402732068
2018-08-23,6.8748,73.73,69.13,72.07,74.25,74.32,74.03,73.12,73.59,73.06,68.76,66.69,65.71,4.267690849004414,0.016098220264166144,71.35667189949334
2018-08-24,6.803,74.41,69.71,72.39,74.25,74.32,74.03,73.12,73.59,73.06,68.76,66.69,65.71,4.271853461739005,0.016125773971903127,71.65432116015248
2018-08-27,6.8145,74.41,69.97,72.45,74.25,74.32,74.03,73.12,73.59,73.06,68.76,66.69,65.71,4.273339171371057,0.01606982307446936,71.76085779693513
2018-08-28,6.8018,75.91,68.54,72.39,74.25,74.32,74.03,73.12,73.59,73.06,68.76,66.69,65.71,4.273219023395838,0.01607432129274682,71.75223639310335
2018-08-29,6.819,76.07,69.68,72.49,74.25,74.32,74.03,73.12,73.59,73.06,68.76,66.69,65.71,4.274504370881906,0.01609968906099935,71.84452224676036
2018-08-30,6.8415,77.05,70.25,72.51,74.25,74.32,74.03,73.12,73.59,73.06,68.76,66.69,65.71,4.2753593460360095,0.01612107904031578,71.9059737942696
2018-08-31,6.83,76.94,69.84,72.49,77.42,76.92,76.4,72.49,74.7,73.58,69.8,68.87,67.91,4.274315439889004,0.017817767689641415,71.83094987199921
2018-09-03,6.83,77.81,69.84,72.49,77.42,76.92,76.4,72.49,74.7,73.58,69.8,68.87,67.91,4.274142614664343,0.018418182612114874,71.81853674463161
2018-09-04,6.8427,77.51,69.82,76.4,77.42,76.92,76.4,72.49,74.7,73.58,69.8,68.87,67.91,4.3144313387999755,0.019448147406402633,74.77109193321324
2018-09-05,6.827,76.68,68.69,75.53,77.42,76.92,76.4,72.49,74.7,73.58,69.8,68.87,67.91,4.3128215444496485,0.01883172508384879,74.65082268220429
2018-09-06,6.8322,75.67,67.81,74.69,77.42,76.92,76.4,72.49,74.7,73.58,69.8,68.87,67.91,4.303509226357572,0.01845029017340982,73.95887728378791
2018-09-07,6.8419,75.55,67.73,75.04,77.42,76.92,76.4,72.49,74.7,73.58,69.8,68.87,67.91,4.305310139781351,0.018569404928835798,74.09219082573838
2018-09-10,6.8545,76.77,67.55,75.56,77.42,76.92,76.4,72.49,74.7,73.58,69.8,68.87,67.91,4.311310363323384,0.018731102936621925,74.53809696384815
2018-09-11,6.8704,78.22,69.29,76.72,77.42,76.92,76.4,72.49,74.7,73.58,69.8,68.87,67.91,4.324936261679021,0.01895955377467173,75.56069659430496
2018-09-12,6.8574,80.02,70.37,77.1,77.42,76.92,76.4,72.49,74.7,73.58,69.8,68.87,67.91,4.332071007927489,0.018918910640596098,76.10173076653588
2018-09-13,6.8407,77.66,68.6,76.22,77.42,76.92,76.4,72.49,74.7,73.58,69.8,68.87,67.91,4.323605655812375,0.01851660653720029,75.46022194902925
2018-09-14,6.8673,77.87,68.98,76.13,77.42,76.92,76.4,72.49,74.7,73.58,69.8,68.87,67.91,4.3212387308941524,0.01852873299223062,75.28182447935849
2018-09-17,6.854,78.22,68.86,76.06,77.42,76.92,76.4,72.49,74.7,73.58,69.8,68.87,67.91,4.3201536998514545,0.018574668427390372,75.20018566118284
2018-09-18,6.8591,79.25,69.87,76.5,77.42,76.92,76.4,72.49,74.7,73.58,69.8,68.87,67.91,4.324863305112079,0.01873287540786966,75.55518414637281
2018-09-19,6.8466,79.43,71.08,76.65,77.42,76.92,76.4,72.49,74.7,73.58,69.8,68.87,67.91,4.327521095455449,0.01872848674961332,75.75626107698604
2018-09-20,6.8455,79.03,70.77,76.44,77.42,76.92,76.4,72.49,74.7,73.58,69.8,68.87,67.91,4.325751555357818,0.018621693236502153,75.62232587217036
2018-09-21,6.8559,78.9,70.8,76.48,77.42,76.92,76.4,72.49,74.7,73.58,69.8,68.87,67.91,4.325793116642051,0.01862336452689873,75.62546889846394
2018-09-24,6.8559,80.89,73.23,77.02,77.42,76.92,76.4,72.49,74.7,73.58,69.8,68.87,67.91,4.332209217307416,0.018792309976152305,76.11224946643127
2018-09-25,6.8632,82.21,73.4,77.14,77.42,76.92,76.4,72.49,74.7,73.58,69.8,68.87,67.91,4.335036389786475,0.018797815500784666,76.32773638926041
2018-09-26,6.8763,81.87,72.22,77.1,77.42,76.92,76.4,72.49,74.7,73.58,69.8,68.87,67.91,4.334894228353987,0.018733829692475983,76.31688630016711
2018-09-27,6.888,81.54,72.18,77.22,77.42,76.92,76.4,72.49,74.7,73.58,69.8,68.87,67.91,4.33597317885246,0.018729655031912967,76.39927288021099
2018-09-28,6.868,82.72,73.16,77.25,82.72,81.8,81.13,77.25,78.66,77.43,73.25,72.9,72.27,4.337331044727231,0.018073277912784985,76.50308331008193
2018-10-01,6.868,84.94,75.37,82.82,82.72,81.8,81.13,77.25,78.66,77.43,73.25,72.9,72.27,4.392331434152297,0.01901462206557823,80.82864614169925
2018-10-02,6.868,85.63,75.16,82.66,82.72,81.8,81.13,77.25,78.66,77.43,73.25,72.9,72.27,4.401525570628881,0.01829813610296592,81.5752225490988
2018-10-03,6.868,85.45,76.4,84.12,82.72,81.8,81.13,77.25,78.66,77.43,73.25,72.9,72.27,4.417048410367768,0.018165172752383777,82.85138083063373
2018-10-04,6.868,86.07,74.44,82.78,82.72,81.8,81.13,77.25,78.66,77.43,73.25,72.9,72.27,4.407556858789235,0.017608255087088093,82.06871291839731
2018-10-05,6.868,85.12,74.26,82.71,82.72,81.8,81.13,77.25,78.66,77.43,73.25,72.9,72.27,4.404853312432355,0.017559278785743225,81.84713600526287
2018-10-08,6.868,84.22,74.27,82.58,82.72,81.8,81.13,77.25,78.66,77.43,73.25,72.9,72.27,4.402875936792553,0.01753844338652306,81.6854533786639
2018-10-09,6.9217,85.16,74.95,83.26,82.72,81.8,81.13,77.25,78.66,77.43,73.25,72.9,72.27,4.4091859649215515,0.017727058764025604,82.20252052568716
2018-10-10,6.9224,83.82,73.18,81.85,82.72,81.8,81.13,77.25,78.66,77.43,73.25,72.9,72.27,4.396560314542577,0.01736291507835036,81.17118458491348
2018-10-11,6.888,81.35,70.97,80.19,82.72,81.8,81.13,77.25,78.66,77.43,73.25,72.9,72.27,4.377303394482833,0.0170776106829909,79.62303174134617
2018-10-12,6.9182,80.71,71.41,80.37,82.72,81.8,81.13,77.25,78.66,77.43,73.25,72.9,72.27,4.375227726430835,0.01735187349141359,79.45793216339338
2018-10-15,6.9131,80.91,71.84,80.39,82.72,81.8,81.13,77.25,78.66,77.43,73.25,72.9,72.27,4.375108703051708,0.017487613331228297,79.4484753746095
2018-10-16,6.9102,80.53,71.93,80.85,82.72,81.8,81.13,77.25,78.66,77.43,73.25,72.9,72.27,4.37937005106821,0.01761178751738357,79.78775535918808
2018-10-17,6.9263,79.91,69.63,80.25,82.72,81.8,81.13,77.25,78.66,77.43,73.25,72.9,72.27,4.373869627662932,0.017444908781066987,79.35009368784762
2018-10-18,6.9367,80.3,68.63,80.03,82.72,81.8,81.13,77.25,78.66,77.43,73.25,72.9,72.27,4.37065299012973,0.01746724410675038,79.09526326649944
2018-10-19,6.9291,80.38,69.16,80.08,82.72,81.8,81.13,77.25,78.66,77.43,73.25,72.9,72.27,4.370622663958029,0.017543640311298674,79.09286464633556
2018-10-22,6.9446,80.45,69.25,80.19,82.72,81.8,81.13,77.25,78.66,77.43,73.25,72.9,72.27,4.371700294582518,0.017592903954712514,79.17814348074604
2018-10-23,6.9373,78.67,66.49,79.32,82.72,81.8,81.13,77.25,78.66,77.43,73.25,72.9,72.27,4.362485853310101,0.01736738951022641,78.45191217388532
2018-10-24,6.942,77.34,66.56,79.28,82.72,81.8,81.13,77.25,78.66,77.43,73.25,72.9,72.27,4.359955263158634,0.017408341982783005,78.25363352438595
2018-10-25,6.9477,77.3,67.25,79.38,82.72,81.8,81.13,77.25,78.66,77.43,73.25,72.9,72.27,4.360541214299907,0.017483122614850022,78.29949976663454
2018-10-26,6.9425,77.4,67.58,79.45,82.72,81.8,81.13,77.25,78.66,77.43,73.25,72.9,72.27,4.361412335267561,0.017512418985089224,78.36773782012244
2018-10-29,6.9605,77.56,67.0,79.41,82.72,81.8,81.13,77.25,78.66,77.43,73.25,72.9,72.27,4.361135041774118,0.017506801123294752,78.34600996896421
2018-10-30,6.9663,75.68,66.18,79.35,82.72,81.8,81.13,77.25,78.66,77.43,73.25,72.9,72.27,4.359778058748553,0.017434517047577335,78.23976786398497
2018-10-31,6.9737,74.84,65.31,79.39,75.47,74.65,74.5,79.39,75.58,75.19,65.31,65.29,65.63,4.364097971830286,0.008575894386616673,78.57848795461146
2018-11-01,6.9205,71.25,63.67,71.56,75.47,74.65,74.5,79.39,75.58,75.19,65.31,65.29,65.63,4.284655121842941,0.0038323169587639845,72.57751200445527
2018-11-02,6.8894,71.11,63.12,71.54,75.47,74.65,74.5,79.39,75.58,75.19,65.31,65.29,65.63,4.269550377531121,0.003752964992082273,71.48948511317042
2018-11-05,6.9249,72.68,63.12,71.88,75.47,74.65,74.5,79.39,75.58,75.19,65.31,65.29,65.63,4.270801351953494,0.004142468964672833,71.5789725921191
2018-11-06,6.9172,70.64,62.16,70.99,75.47,74.65,74.5,79.39,75.58,75.19,65.31,65.29,65.63,4.260536005325265,0.003972553673736418,70.84794815622223
2018-11-07,6.9174,70.1,61.69,71.06,75.47,74.65,74.5,79.39,75.58,75.19,65.31,65.29,65.63,4.259060037621127,0.00410415155295832,70.7434560053288
2018-11-08,6.9318,69.29,60.71,69.98,75.47,74.65,74.5,79.39,75.58,75.19,65.31,65.29,65.63,4.246486874448106,0.00390215943482972,69.85955534736478
2018-11-09,6.9553,69.01,60.19,69.82,75.47,74.65,74.5,79.39,75.58,75.19,65.31,65.29,65.63,4.242116690916051,0.004023833580867821,69.55492240479946
2018-11-12,6.9553,69.81,59.85,69.81,75.47,74.65,74.5,79.39,75.58,75.19,65.31,65.29,65.63,4.241345605693371,0.004175727670706586,69.50131030437403
2018-11-13,6.9546,65.45,55.63,66.91,75.47,74.65,74.5,79.39,75.58,75.19,65.31,65.29,65.63,4.206087173477287,0.003407308079711967,67.09350030424604
2018-11-14,6.95,64.88,56.16,67.26,75.47,74.65,74.5,79.39,75.58,75.19,65.31,65.29,65.63,4.203290141482343,0.0038641327396455104,66.90609984196226
2018-11-15,6.938,65.61,56.45,67.55,75.47,74.65,74.5,79.39,75.58,75.19,65.31,65.29,65.63,4.206325208629356,0.004161903561307547,67.10947281672811
2018-11-16,6.9367,65.29,56.49,67.6,75.47,74.65,74.5,79.39,75.58,75.19,65.31,65.29,65.63,4.207336462917465,0.004200476974202023,67.17737188471226
2018-11-19,6.9398,64.14,57.16,67.68,75.47,74.65,74.5,79.39,75.58,75.19,65.31,65.29,65.63,4.20816215719805,0.004159447857657213,67.23286276255975
2018-11-20,6.9448,61.5,53.39,66.06,75.47,74.65,74.5,79.39,75.58,75.19,65.31,65.29,65.63,4.187856027704181,0.0036515717124587033,65.88139155806205
2018-11-21,6.9248,61.65,54.41,66.47,75.47,74.65,74.5,79.39,75.58,75.19,65.31,65.29,65.63,4.189042549024098,0.0039601665667237185,65.95960762707192
2018-11-22,6.9248,61.11,54.41,66.47,75.47,74.65,74.5,79.39,75.58,75.19,65.31,65.29,65.63,4.189023650329668,0.004013876904928906,65.95836108838168
2018-11-23,6.9477,57.69,54.41,65.35,75.47,74.65,74.5,79.39,75.58,75.19,65.31,65.29,65.63,4.174562171517738,0.0035990577157406205,65.01136959968827
2018-11-26,6.9397,59.7,51.46,65.63,75.47,74.65,74.5,79.39,75.58,75.19,65.31,65.29,65.63,4.1752546134503845,0.003916250742741605,65.05640178738611
2018-11-27,6.9498,59.58,51.31,65.59,75.47,74.65,74.5,79.39,75.58,75.19,65.31,65.29,65.63,4.174793234879458,0.003992038876418709,65.02639308091923
2018-11-28,6.9534,57.97,50.06,65.52,75.47,74.65,74.5,79.39,75.58,75.19,65.31,65.29,65.63,4.172935405137272,0.003941312747289729,64.90569726468043
2018-11-29,6.9419,58.29,51.46,65.59,75.47,74.65,74.5,79.39,75.58,75.19,65.31,65.29,65.63,4.173861825208517,0.003981012682115712,64.96585506675967
2018-11-30,6.9558,57.71,50.78,65.56,58.71,59.43,59.68,65.56,58.96,58.88,50.93,51.1,51.26,4.177109671030108,-0.00338893940839295,65.17719716518143
2018-12-03,6.8798,60.17,52.98,60.52,58.71,59.43,59.68,65.56,58.96,58.88,50.93,51.1,51.26,4.118571253612003,-0.00702114506071474,61.4713525204234
2018-12-04,6.8343,61.22,53.21,61.05,58.71,59.43,59.68,65.56,58.96,58.88,50.93,51.1,51.26,4.114907377777472,-0.006932805446186242,61.246541209261665
2018-12-05,6.8343,61.4,52.64,60.46,58.71,59.43,59.68,65.56,58.96,58.88,50.93,51.1,51.26,4.10663978244385,-0.00698014372843871,60.74226703077197
2018-12-06,6.8816,57.83,51.54,59.21,58.71,59.43,59.68,65.56,58.96,58.88,50.93,51.1,51.26,4.087283883390458,-0.007336514515418531,59.57785135189961
2018-12-07,6.8733,61.71,52.76,60.2,58.71,59.43,59.68,65.56,58.96,58.88,50.93,51.1,51.26,4.098165218099722,-0.006657686314807694,60.229677833247315
2018-12-10,6.9077,60.29,51.07,59.01,58.71,59.43,59.68,65.56,58.96,58.88,50.93,51.1,51.26,4.0838566840459976,-0.007010819741156755,59.37401567107382
2018-12-11,6.8968,59.73,51.65,59.14,58.71,59.43,59.68,65.56,58.96,58.88,50.93,51.1,51.26,4.082744298009672,-0.006856382198120999,59.30800556628691
2018-12-12,6.8778,59.94,51.04,59.24,58.71,59.43,59.68,65.56,58.96,58.88,50.93,51.1,51.26,4.08375119690707,-0.006744425957502233,59.367752806365665
2018-12-13,6.8798,59.03,52.69,59.92,58.71,59.43,59.68,65.56,58.96,58.88,50.93,51.1,51.26,4.092748319689047,-0.006598243430565729,59.904301847067636
2018-12-14,6.905,58.56,51.26,59.35,58.71,59.43,59.68,65.56,58.96,58.88,50.93,51.1,51.26,4.086589323147442,-0.006881788031992083,59.536485312252516
2018-12-17,6.8962,57.59,49.8,59.14,58.71,59.43,59.68,65.56,58.96,58.88,50.93,51.1,51.26,4.081968008847632,-0.006952351735707882,59.261983269959686
2018-12-18,6.8939,55.26,46.12,57.92,58.71,59.43,59.68,65.56,58.96,58.88,50.93,51.1,51.26,4.063133901824164,-0.007309810518671704,58.15628186856599
2018-12-19,6.8918,55.6,47.96,58.21,58.71,59.43,59.68,65.56,58.96,58.88,50.93,51.1,51.26,4.063991586303934,-0.0069961828792870166,58.206183005582105
2018-12-20,6.8834,52.84,45.64,57.53,58.71,59.43,59.68,65.56,58.96,58.88,50.93,51.1,51.26,4.053274070592599,-0.007221332025801733,57.58568834478354
2018-12-21,6.9048,51.93,45.38,57.48,58.71,59.43,59.68,65.56,58.96,58.88,50.93,51.1,51.26,4.050082931383398,-0.007156712371527953,57.40221729334673
2018-12-24,6.9048,51.93,45.38,56.93,58.71,59.43,59.68,65.56,58.96,58.88,50.93,51.1,51.26,4.042043619119221,-0.007231173125013239,56.942592951153145
2018-12-26,6.8847,51.93,46.04,57.42,58.71,59.43,59.68,65.56,58.96,58.88,50.93,51.1,51.26,4.047274161628087,-0.006975101167232327,57.24121389810773
2018-12-27,6.8649,51.49,44.48,57.28,58.71,59.43,59.68,65.56,58.96,58.88,50.93,51.1,51.26,4.045762117937566,-0.007038175923543764,57.154728083438094
2018-12-28,6.8755,50.57,45.15,57.32,53.8,55.05,55.23,57.32,53.54,53.45,45.41,47.0,48.06,4.051404885891636,-0.017898586575411435,57.47815059240588
2018-12-31,6.8755,50.57,45.15,57.32,53.8,55.05,55.23,57.32,53.54,53.45,45.41,47.0,48.06,4.053997002328654,-0.02152274760101825,57.627333918070036
2019-01-02,6.8597,54.06,46.31,53.89,53.8,55.05,55.23,57.32,53.54,53.45,45.41,47.0,48.06,4.009296114581877,-0.02355946121780369,55.10806714360191
2019-01-03,6.8708,53.23,46.92,54.76,53.8,55.05,55.23,57.32,53.54,53.45,45.41,47.0,48.06,4.013053508891697,-0.023186448011095834,55.315519377366094
2019-01-04,6.8663,55.64,47.76,55.47,53.8,55.05,55.23,57.32,53.54,53.45,45.41,47.0,48.06,4.024909837646291,-0.022811948196327838,55.975261692775156
2019-01-07,6.8501,57.1,48.27,55.62,53.8,55.05,55.23,57.32,53.54,53.45,45.41,47.0,48.06,4.029970805703413,-0.02279796604982139,56.25926877337418
2019-01-08,6.8519,56.91,49.58,56.87,53.8,55.05,55.23,57.32,53.54,53.45,45.41,47.0,48.06,4.048322683453879,-0.02254968205794935,57.30126403665361
2019-01-09,6.8117,59.46,52.19,58.9,53.8,55.05,55.23,57.32,53.54,53.45,45.41,47.0,48.06,4.080519119462532,-0.02214276534914237,59.176181385190105
2019-01-10,6.7875,60.47,52.42,59.09,53.8,55.05,55.23,57.32,53.54,53.45,45.41,47.0,48.06,4.0896319717379965,-0.02250775017465873,59.717909780861675
2019-01-11,6.7596,59.24,51.44,58.38,53.8,55.05,55.23,57.32,53.54,53.45,45.41,47.0,48.06,4.08142360942129,-0.02303787588851416,59.22972986042907
2019-01-14,6.7596,58.8,50.31,57.64,53.8,55.05,55.23,57.32,53.54,53.45,45.41,47.0,48.06,4.069633656949924,-0.023275228121635905,58.53551458451738
2019-01-15,6.7595,58.65,51.8,58.51,53.8,55.05,55.23,57.32,53.54,53.45,45.41,47.0,48.06,4.0792169759550045,-0.022912679565188086,59.09917565193767
2019-01-16,6.7532,59.81,52.08,58.87,53.8,55.05,55.23,57.32,53.54,53.45,45.41,47.0,48.06,4.086275851915093,-0.02282112516566002,59.517825261679256
2019-01-17,6.7735,59.85,51.83,58.86,53.8,55.05,55.23,57.32,53.54,53.45,45.41,47.0,48.06,4.087458748067103,-0.022920634422831206,59.58827032454007
2019-01-18,6.7765,62.04,53.6,59.52,53.8,55.05,55.23,57.32,53.54,53.45,45.41,47.0,48.06,4.097538692992414,-0.02270882005711043,60.19195424650079
2019-01-21,6.7765,62.18,53.6,59.52,53.8,55.05,55.23,57.32,53.54,53.45,45.41,47.0,48.06,4.099515644354321,-0.022819762123022364,60.31106851518725
2019-01-22,6.8072,60.9,52.59,59.1,53.8,55.05,55.23,57.32,53.54,53.45,45.41,47.0,48.06,4.093741598464987,-0.02305628529124602,59.96383307934014
2019-01-23,6.7897,61.05,52.44,59.08,53.8,55.05,55.23,57.32,53.54,53.45,45.41,47.0,48.06,4.092418174731787,-0.023023991177338173,59.88452800819082
2019-01-24,6.7835,61.09,52.94,59.16,53.8,55.05,55.23,57.32,53.54,53.45,45.41,47.0,48.06,4.0933283661674436,-0.022969218440404057,59.93905920586209
2019-01-25,6.7448,61.49,53.53,59.23,53.8,55.05,55.23,57.32,53.54,53.45,45.41,47.0,48.06,4.094693288456329,-0.02293538256070026,60.02092722277744
2019-01-28,6.7437,59.71,51.79,58.92,53.8,55.05,55.23,57.32,53.54,53.45,45.41,47.0,48.06,4.089827063634394,-0.02310273553520798,59.72956139766079
2019-01-29,6.7304,60.98,53.07,59.05,53.8,55.05,55.23,57.32,53.54,53.45,45.41,47.0,48.06,4.09138922319006,-0.022982765093491855,59.822941421011805
2019-01-30,6.7115,61.89,54.18,59.05,53.8,55.05,55.23,57.32,53.54,53.45,45.41,47.0,48.06,4.092268204752516,-0.022939447226100147,59.87554780016444
2019-01-31,6.6958,62.46,53.84,59.08,61.89,61.28,61.04,59.08,61.39,60.72,53.79,54.89,55.42,4.084909324179196,-0.007431982912829444,59.43654804910963
2019-02-01,6.7426,61.86,55.29,62.62,61.89,61.28,61.04,59.08,61.39,60.72,53.79,54.89,55.42,4.1262933463597165,-0.0013733556402608987,61.947877523088856
2019-02-04,6.7426,62.26,54.57,62.55,61.89,61.28,61.04,59.08,61.39,60.72,53.79,54.89,55.42,4.132610255381424,-0.00016769543371302322,62.34043519969188
2019-02-05,6.7426,61.67,53.69,62.08,61.89,61.28,61.04,59.08,61.39,60.72,53.79,54.89,55.42,4.127437452188352,-3.46219588765729e-05,62.018793010510315
2019-02-06,6.7426,62.22,53.94,62.71,61.89,61.28,61.04,59.08,61.39,60.72,53.79,54.89,55.42,4.134463849626565,0.00028875852943195755,62.4560962328145
2019-02-07,6.7426,61.01,52.68,61.79,61.89,61.28,61.04,59.08,61.39,60.72,53.79,54.89,55.42,4.12364647805671,-1.860098822023705e-05,61.784126458987146
2019-02-08,6.7426,61.37,52.75,62.16,61.89,61.28,61.04,59.08,61.39,60.72,53.79,54.89,55.42,4.126348786192261,0.00019284128914325883,61.9513119982477
2019-02-11,6.7907,61.3,52.43,61.65,61.89,61.28,61.04,59.08,61.39,60.72,53.79,54.89,55.42,4.120393215958035,7.853532450359909e-05,61.58345310058307
2019-02-12,6.7726,62.58,53.14,62.51,61.89,61.28,61.04,59.08,61.39,60.72,53.79,54.89,55.42,4.1305785825018955,0.00042580279978020064,62.213908402252095
2019-02-13,6.7598,63.27,53.84,63.29,61.89,61.28,61.04,59.08,61.39,60.72,53.79,54.89,55.42,4.142476632565776,0.0005749608273366298,62.95855372824092
2019-02-14,6.7711,64.0,54.4,64.06,61.89,61.28,61.04,59.08,61.39,60.72,53.79,54.89,55.42,4.154475852181355,0.0006258391888251548,63.71855785044947
2019-02-15,6.768,65.65,55.58,64.68,61.89,61.28,61.04,59.08,61.39,60.72,53.79,54.89,55.42,4.165070709691612,0.0006381103172218225,64.39723579116107
2019-02-18,6.768,66.41,55.58,64.68,61.89,61.28,61.04,59.08,61.39,60.72,53.79,54.89,55.42,4.167391966484607,0.00047870547327454277,64.54689194016915
2019-02-19,6.756,65.86,56.12,64.66,61.89,61.28,61.04,59.08,61.39,60.72,53.79,54.89,55.42,4.167545111488675,0.0003524863317083955,64.55677773115829
2019-02-20,6.756,66.82,56.9,64.95,61.89,61.28,61.04,59.08,61.39,60.72,53.79,54.89,55.42,4.1715449946184755,0.000415464182616642,64.81551441059703
2019-02-21,6.7195,66.91,56.95,64.93,61.89,61.28,61.04,59.08,61.39,60.72,53.79,54.89,55.42,4.1721159715803955,0.0003605881075363854,64.85253314351658
2019-02-22,6.7112,66.91,57.01,64.92,61.89,61.28,61.04,59.08,61.39,60.72,53.79,54.89,55.42,4.172127943512971,0.0003294005320130329,64.85330955831829
2019-02-25,6.6844,64.02,55.32,64.5,61.89,61.28,61.04,59.08,61.39,60.72,53.79,54.89,55.42,4.165738908899612,0.00010380531277659629,64.44028035268346
2019-02-26,6.698,64.51,55.4,64.53,61.89,61.28,61.04,59.08,61.39,60.72,53.79,54.89,55.42,4.165086311167326,0.00017657264109958374,64.39824049090869
2019-02-27,6.6822,65.55,56.92,64.6,61.89,61.28,61.04,59.08,61.39,60.72,53.79,54.89,55.42,4.166481625926954,0.000263666875758453,64.48815902409942
2019-02-28,6.6912,65.03,57.21,64.58,66.03,66.16,66.08,64.58,65.37,64.5,57.22,58.55,59.17,4.168279186007241,-0.0034210396124143717,64.60418461465522
2019-03-01,6.7048,63.71,55.76,65.0,66.03,66.16,66.08,64.58,65.37,64.5,57.22,58.55,59.17,4.173348115006039,-0.00459164128448238,64.9324900149167
2019-03-04,6.7045,64.44,56.6,65.61,66.03,66.16,66.08,64.58,65.37,64.5,57.22,58.55,59.17,4.1821373430277635,-0.00488873751968848,65.5057118743547
2019-03-05,6.706,64.24,56.55,65.86,66.03,66.16,66.08,64.58,65.37,64.5,57.22,58.55,59.17,4.186730087401712,-0.005094374871099989,65.80725478874452
2019-03-06,6.7099,64.51,56.22,66.13,66.03,66.16,66.08,64.58,65.37,64.5,57.22,58.55,59.17,4.19083132669351,-0.005166190456715922,66.0777002895485
2019-03-07,6.7132,64.82,56.6,66.43,66.03,66.16,66.08,64.58,65.37,64.5,57.22,58.55,59.17,4.195317628154143,-0.005181731532592423,66.3748107380665
2019-03-08,6.7201,65.66,55.77,66.02,66.03,66.16,66.08,64.58,65.37,64.5,57.22,58.55,59.17,4.191543018012804,-0.005327405939223257,66.1247439535415
2019-03-11,6.7215,65.06,56.79,66.59,66.03,66.16,66.08,64.58,65.37,64.5,57.22,58.55,59.17,4.197458725678679,-0.005199529599684138,66.51707793064664
2019-03-12,6.707,65.33,56.89,66.63,66.03,66.16,66.08,64.58,65.37,64.5,57.22,58.55,59.17,4.199168350097373,-0.0052466926787537805,66.6308944153357
2019-03-13,6.7064,65.89,58.27,67.18,66.03,66.16,66.08,64.58,65.37,64.5,57.22,58.55,59.17,4.206327960040743,-0.005147067054189604,67.10965746274981
2019-03-14,6.7209,66.18,58.59,66.94,66.03,66.16,66.08,64.58,65.37,64.5,57.22,58.55,59.17,4.2051105560285915,-0.005294095945484262,67.02800760701578
2019-03-15,6.7129,66.11,58.51,66.87,66.03,66.16,66.08,64.58,65.37,64.5,57.22,58.55,59.17,4.204047340779708,-0.005338507056614427,66.95678027892615
2019-03-18,6.7121,66.65,59.09,67.02,66.03,66.16,66.08,64.58,65.37,64.5,57.22,58.55,59.17,4.2058824945902575,-0.005278524307657864,67.07976908656998
2019-03-19,6.7106,67.13,59.12,67.05,66.03,66.16,66.08,64.58,65.37,64.5,57.22,58.55,59.17,4.206749093375548,-0.005266002839477845,67.1379255284893
2019-03-20,6.6916,68.35,60.12,67.34,66.03,66.16,66.08,64.58,65.37,64.5,57.22,58.55,59.17,4.210863592988945,-0.005165068076720319,67.41473356990095
2019-03-21,6.6952,68.3,59.98,67.09,66.03,66.16,66.08,64.58,65.37,64.5,57.22,58.55,59.17,4.208734848410108,-0.005269028598382949,67.27137745968702
2019-03-22,6.7162,66.29,58.87,66.9,66.03,66.16,66.08,64.58,65.37,64.5,57.22,58.55,59.17,4.205228498555515,-0.005384802722354535,67.03591352582046
2019-03-25,6.7079,67.37,58.71,66.89,66.03,66.16,66.08,64.58,65.37,64.5,57.22,58.55,59.17,4.204796328081848,-0.00531414995916079,67.00694884261054
2019-03-26,6.7145,67.51,59.87,66.97,66.03,66.16,66.08,64.58,65.37,64.5,57.22,58.55,59.17,4.205905049412769,-0.00526581204826219,67.08128207591841
2019-03-27,6.7262,67.35,59.39,66.92,66.03,66.16,66.08,64.58,65.37,64.5,57.22,58.55,59.17,4.205386335929531,-0.005286085727627147,67.04649513344076
2019-03-28,6.7381,66.08,59.29,66.89,66.03,66.16,66.08,64.58,65.37,64.5,57.22,58.55,59.17,4.204476670432637,-0.005342516379766345,66.98553298191692
2019-03-29,6.7112,67.93,60.19,66.93,68.39,66.68,66.34,66.93,66.38,65.39,60.14,60.47,60.38,4.198830919405868,0.00773032169481023,66.60841489941016
2019-04-01,6.7102,69.08,61.59,68.46,68.39,66.68,66.34,66.93,66.38,65.39,60.14,60.47,60.38,4.214023603247102,0.012472086369587687,67.62810176482323
2019-04-02,6.7223,69.68,62.53,68.89,68.39,66.68,66.34,66.93,66.38,65.39,60.14,60.47,60.38,4.221522784169206,0.01384756344878237,68.13716352278426
2019-04-03,6.7098,69.21,62.46,68.82,68.39,66.68,66.34,66.93,66.38,65.39,60.14,60.47,60.38,4.221830528195808,0.01412043703515921,68.15813555469123
2019-04-04,6.7167,69.8,62.12,68.98,68.39,66.68,66.34,66.93,66.38,65.39,60.14,60.47,60.38,4.2237769704959,0.01426612349121663,68.29093062988004
2019-04-05,6.7182,69.93,63.1,69.73,68.39,66.68,66.34,66.93,66.38,65.39,60.14,60.47,60.38,4.232700006969797,0.014450131675116183,68.90301988084629
2019-04-08,6.7158,71.12,64.37,70.09,68.39,66.68,66.34,66.93,66.38,65.39,60.14,60.47,60.38,4.239005515882496,0.014467115761715795,69.33886114323296
2019-04-09,6.7111,71.02,64.05,69.66,68.39,66.68,66.34,66.93,66.38,65.39,60.14,60.47,60.38,4.235388902313101,0.014255628545542432,69.08854220341848
2019-04-10,6.7153,71.63,64.62,70.39,68.39,66.68,66.34,66.93,66.38,65.39,60.14,60.47,60.38,4.243059529348638,0.014441379387710633,69.62053238376292
2019-04-11,6.7188,71.3,63.61,69.7,68.39,66.68,66.34,66.93,66.38,65.39,60.14,60.47,60.38,4.236631071222272,0.014195308455731272,69.17441516584381
2019-04-12,6.7039,71.57,63.86,69.98,68.39,66.68,66.34,66.93,66.38,65.39,60.14,60.47,60.38,4.238645136477382,0.014307398417090375,69.31387734779592
2019-04-15,6.7072,70.9,63.43,69.83,68.39,66.68,66.34,66.93,66.38,65.39,60.14,60.47,60.38,4.23706512630503,0.01424862633333634,69.20444718964815
2019-04-16,6.7112,70.74,64.01,70.24,68.39,66.68,66.34,66.93,66.38,65.39,60.14,60.47,60.38,4.241335154905377,0.014342876165805924,69.50058396471015
2019-04-17,6.687,71.14,63.74,70.15,68.39,66.68,66.34,66.93,66.38,65.39,60.14,60.47,60.38,4.241243240015897,0.014291399001262747,69.49419611978976
2019-04-18,6.7081,70.71,64.02,70.37,68.39,66.68,66.34,66.93,66.38,65.39,60.14,60.47,60.38,4.2435562943992915,0.014308129213363842,69.65512602280305
2019-04-19,6.7032,70.71,64.02,70.37,68.39,66.68,66.34,66.93,66.38,65.39,60.14,60.47,60.38,4.244002219996072,0.014270903159985226,69.68619395292141
2019-04-22,6.7112,70.71,65.66,71.02,68.39,66.68,66.34,66.93,66.38,65.39,60.14,60.47,60.38,4.251481954103883,0.014388459862496566,70.2093823705931
2019-04-23,6.7249,74.39,66.24,71.1,68.39,66.68,66.34,66.93,66.38,65.39,60.14,60.47,60.38,4.2550767857412755,0.01444426451070541,70.46222747508205
2019-04-24,6.7207,73.59,65.96,71.2,68.39,66.68,66.34,66.93,66.38,65.39,60.14,60.47,60.38,4.256545481619474,0.014390204291150151,70.56579109125535
2019-04-25,6.7418,74.94,65.23,71.13,68.39,66.68,66.34,66.93,66.38,65.39,60.14,60.47,60.38,4.256373403933777,0.014384562295684548,70.55364933792735
2019-04-26,6.7282,71.03,63.29,70.96,68.39,66.68,66.34,66.93,66.38,65.39,60.14,60.47,60.38,4.2528817962241074,0.014210217955189909,70.30773324305697
2019-04-29,6.7332,71.22,63.39,70.93,68.39,66.68,66.34,66.93,66.38,65.39,60.14,60.47,60.38,4.2519845988640546,0.014218120742044073,70.24468161950462
2019-04-30,6.7347,72.19,63.83,70.95,72.8,69.96,69.18,70.95,70.09,68.46,63.91,63.43,62.68,4.246376913964128,0.025897235353420575,69.85187397917953
2019-05-01,6.7319,72.01,63.55,71.65,72.8,69.96,69.18,70.95,70.09,68.46,63.91,63.43,62.68,4.251136542521725,0.029938359343312366,70.18513542457522
2019-05-02,6.7337,70.56,61.75,70.61,72.8,69.96,69.18,70.95,70.09,68.46,63.91,63.43,62.68,4.239411765493298,0.030880333538632565,69.36703575116006
2019-05-03,6.7337,71.95,61.98,70.64,72.8,69.96,69.18,70.95,70.09,68.46,63.91,63.43,62.68,4.237838597524078,0.031461411785745304,69.25799554416538
2019-05-06,6.7602,71.95,62.3,70.56,72.8,69.96,69.18,70.95,70.09,68.46,63.91,63.43,62.68,4.2366410958554015,0.031658614208216064,69.17510861745362
2019-05-07,6.7755,70.98,61.41,69.41,72.8,69.96,69.18,70.95,70.09,68.46,63.91,63.43,62.68,4.2232249934728525,0.0314487866669945,68.25324600676969
2019-05-08,6.7818,71.09,62.13,69.59,72.8,69.96,69.18,70.95,70.09,68.46,63.91,63.43,62.68,4.222825294055886,0.03166954515753964,68.22597067546482
2019-05-09,6.8256,70.61,61.58,69.69,72.8,69.96,69.18,70.95,70.09,68.46,63.91,63.43,62.68,4.223560062693911,0.03175608350075729,68.27611940061504
2019-05-10,6.8217,71.63,61.65,69.9,72.8,69.96,69.18,70.95,70.09,68.46,63.91,63.43,62.68,4.226359733414262,0.031858255236207084,68.46753788232877
2019-05-13,6.8765,72.35,60.97,69.64,72.8,69.96,69.18,70.95,70.09,68.46,63.91,63.43,62.68,4.224118237658977,0.031811981116982885,68.31424005918517
2019-05-14,6.8737,72.53,61.82,70.4,72.8,69.96,69.18,70.95,70.09,68.46,63.91,63.43,62.68,4.232280315077095,0.032014055922677545,68.87410790950402
2019-05-15,6.8742,73.09,62.03,70.64,72.8,69.96,69.18,70.95,70.09,68.46,63.91,63.43,62.68,4.236678282845382,0.03200372377282949,69.17768107935545
2019-05-16,6.8832,74.7,62.93,71.15,72.8,69.96,69.18,70.95,70.09,68.46,63.91,63.43,62.68,4.243759382973709,0.032089706920402965,69.66927361960687
2019-05-17,6.9182,73.94,62.77,71.01,72.8,69.96,69.18,70.95,70.09,68.46,63.91,63.43,62.68,4.243331401504011,0.03192798457838957,69.6394628411758
2019-05-20,6.9111,73.21,63.12,70.91,72.8,69.96,69.18,70.95,70.09,68.46,63.91,63.43,62.68,4.242017743012039,0.03183116840764586,69.54804043149784
2019-05-21,6.9007,72.94,63.02,70.99,72.8,69.96,69.18,70.95,70.09,68.46,63.91,63.43,62.68,4.242540351710581,0.03183244189043928,69.58439634152381
2019-05-22,6.9054,71.94,61.42,70.5,72.8,69.96,69.18,70.95,70.09,68.46,63.91,63.43,62.68,4.236673192912386,0.031683581001606405,69.17732897049004
2019-05-23,6.9087,68.37,57.65,69.37,72.8,69.96,69.18,70.95,70.09,68.46,63.91,63.43,62.68,4.221155586431566,0.03136711434085179,68.1121483035365
2019-05-24,6.8997,67.98,58.4,69.43,72.8,69.96,69.18,70.95,70.09,68.46,63.91,63.43,62.68,4.2188779021128155,0.031543702514403874,67.95718687502999
2019-05-28,6.9078,70.19,58.91,69.66,72.8,69.96,69.18,70.95,70.09,68.46,63.91,63.43,62.68,4.221814860886721,0.0317815286743641,68.15706770847989
2019-05-29,6.9138,70.64,58.84,69.51,72.8,69.96,69.18,70.95,70.09,68.46,63.91,63.43,62.68,4.220825091498322,0.03178808303197973,68.08964130305952
2019-05-30,6.9011,69.55,56.47,69.34,72.8,69.96,69.18,70.95,70.09,68.46,63.91,63.43,62.68,4.217892407666007,0.03174168325217705,67.89024843389245
2019-05-31,6.9027,66.78,53.49,69.38,64.49,60.07,59.69,69.38,62.67,61.34,53.5,53.51,53.22,4.215717407787382,0.03258483065470311,67.74274761706587
2019-06-03,6.9028,63.16,53.25,60.4,64.49,60.07,59.69,69.38,62.67,61.34,53.5,53.51,53.22,4.1069642690127015,0.030521467666297708,60.7619802787542
2019-06-04,6.9072,63.56,53.5,60.83,64.49,60.07,59.69,69.38,62.67,61.34,53.5,53.51,53.22,4.091846698494286,0.03198745438056782,59.85031520027467
2019-06-05,6.9084,62.14,51.57,59.57,64.49,60.07,59.69,69.38,62.67,61.34,53.5,53.51,53.22,4.071613408370559,0.032356844097260404,58.65151514091895
2019-06-06,6.9082,62.77,52.59,59.85,64.49,60.07,59.69,69.38,62.67,61.34,53.5,53.51,53.22,4.0717254156209215,0.032945405917371065,58.658084903783156
2019-06-07,6.9057,64.1,53.95,61.26,64.49,60.07,59.69,69.38,62.67,61.34,53.5,53.51,53.22,4.090411461426033,0.033556157563967924,59.76447742286742
2019-06-10,6.9298,64.31,53.33,60.59,64.49,60.07,59.69,69.38,62.67,61.34,53.5,53.51,53.22,4.085409932314222,0.03324665155840185,59.46630991747602
2019-06-11,6.9107,63.56,53.3,60.94,64.49,60.07,59.69,69.38,62.67,61.34,53.5,53.51,53.22,4.088642112198092,0.03329859058958052,59.65882668496922
2019-06-12,6.9161,61.66,51.13,59.37,64.49,60.07,59.69,69.38,62.67,61.34,53.5,53.51,53.22,4.067935444840053,0.032768683988534844,58.43619322303144
2019-06-13,6.9212,63.28,52.38,60.18,64.49,60.07,59.69,69.38,62.67,61.34,53.5,53.51,53.22,4.075337044917847,0.033258924823508854,58.87031918680417
2019-06-14,6.9247,63.13,52.47,60.57,64.49,60.07,59.69,69.38,62.67,61.34,53.5,53.51,53.22,4.081648247872732,0.033377734067829776,59.243036629774274
2019-06-17,6.9251,62.56,51.94,59.94,64.49,60.07,59.69,69.38,62.67,61.34,53.5,53.51,53.22,4.07446143504424,0.03311082388540522,58.81879431519692
2019-06-18,6.9002,63.35,53.86,60.64,64.49,60.07,59.69,69.38,62.67,61.34,53.5,53.51,53.22,4.082781145295695,0.03336408224490903,59.31019094559388
2019-06-19,6.8996,62.85,53.74,60.65,64.49,60.07,59.69,69.38,62.67,61.34,53.5,53.51,53.22,4.084273326111656,0.033274257006819546,59.39875853771108
2019-06-20,6.851,65.44,56.88,61.59,64.49,60.07,59.69,69.38,62.67,61.34,53.5,53.51,53.22,4.098051719931574,0.033554838811313215,60.22284226306476
2019-06-21,6.8686,65.99,57.35,61.81,64.49,60.07,59.69,69.38,62.67,61.34,53.5,53.51,53.22,4.103725657935552,0.03346903823462417,60.565514166738424
2019-06-24,6.8758,65.16,57.73,61.64,64.49,60.07,59.69,69.38,62.67,61.34,53.5,53.51,53.22,4.1024954306335015,0.0332547489981015,60.49105063057683
2019-06-25,6.8791,66.24,57.63,61.63,64.49,60.07,59.69,69.38,62.67,61.34,53.5,53.51,53.22,4.1025263318987655,0.033251693023368625,60.49291990945986
2019-06-26,6.8781,66.85,59.17,61.77,64.49,60.07,59.69,69.38,62.67,61.34,53.5,53.51,53.22,4.104809705651136,0.033301923422746,60.63120567394505
2019-06-27,6.8762,66.78,59.18,61.73,64.49,60.07,59.69,69.38,62.67,61.34,53.5,53.51,53.22,4.104723326364139,0.03326273640656071,60.62596861981892
2019-06-28,6.865,67.52,58.2,61.73,66.55,63.65,63.01,61.73,63.19,61.99,58.47,57.99,56.98,4.104628010909708,0.03356570180770458,60.62019030345538
2019-07-01,6.8487,65.1,58.91,63.19,66.55,63.65,63.01,61.73,63.19,61.99,58.47,57.99,56.98,4.121876724290135,0.03393466671192824,61.67488046623885
2019-07-02,6.8717,62.72,56.0,61.02,66.55,63.65,63.01,61.73,63.19,61.99,58.47,57.99,56.98,4.096755309547513,0.03309152077125673,60.14481933079469
2019-07-03,6.8806,63.53,57.06,62.25,66.55,63.65,63.01,61.73,63.19,61.99,58.47,57.99,56.98,4.107911710762955,0.033630073182682796,60.81957599568341
2019-07-04,6.8806,63.62,57.06,62.25,66.55,63.65,63.01,61.73,63.19,61.99,58.47,57.99,56.98,4.110032520934949,0.03360285806501787,60.948699646088954
2019-07-05,6.8925,64.23,57.06,62.53,66.55,63.65,63.01,61.73,63.19,61.99,58.47,57.99,56.98,4.114130732013109,0.03365343499145896,61.19899280897146
2019-07-08,6.8808,64.89,57.35,62.61,66.55,63.65,63.01,61.73,63.19,61.99,58.47,57.99,56.98,4.116203383049618,0.03364123419801845,61.32596850755088
2019-07-09,6.8866,64.3,57.57,62.77,66.55,63.65,63.01,61.73,63.19,61.99,58.47,57.99,56.98,4.118405556248319,0.03361317727158817,61.461167723189
2019-07-10,6.8705,66.41,60.28,64.62,66.55,63.65,63.01,61.73,63.19,61.99,58.47,57.99,56.98,4.142531164440736,0.034101578599276074,62.9619870698329
2019-07-11,6.8682,67.64,59.93,64.24,66.55,63.65,63.01,61.73,63.19,61.99,58.47,57.99,56.98,4.142953343720293,0.03377362385438408,62.98857392798893
2019-07-12,6.8796,66.65,59.99,64.44,66.55,63.65,63.01,61.73,63.19,61.99,58.47,57.99,56.98,4.14514298958254,0.03366807601440127,63.12664770943456
2019-07-15,6.8769,66.86,59.3,64.31,66.55,63.65,63.01,61.73,63.19,61.99,58.47,57.99,56.98,4.1439615972425345,0.03357425068023276,63.052114406585694
2019-07-16,6.8753,65.87,57.44,63.19,66.55,63.65,63.01,61.73,63.19,61.99,58.47,57.99,56.98,4.129473670564164,0.03325450389882632,62.145205474497594
2019-07-17,6.8731,63.67,56.5,62.85,66.55,63.65,63.01,61.73,63.19,61.99,58.47,57.99,56.98,4.121559011995827,0.03324339866278526,61.65528871090033
2019-07-18,6.8788,60.7,55.08,62.31,66.55,63.65,63.01,61.73,63.19,61.99,58.47,57.99,56.98,4.111952796530362,0.03312434164777493,61.06585039145113
2019-07-19,6.8812,61.04,55.42,62.59,66.55,63.65,63.01,61.73,63.19,61.99,58.47,57.99,56.98,4.113768082657585,0.03334796723887928,61.1768030574633
2019-07-22,6.8803,61.96,55.87,62.95,66.55,63.65,63.01,61.73,63.19,61.99,58.47,57.99,56.98,4.118956983872978,0.033517448920747595,61.49506845495634
2019-07-23,6.8787,62.28,56.58,63.07,66.55,63.65,63.01,61.73,63.19,61.99,58.47,57.99,56.98,4.121677858623965,0.033516745260884495,61.66261666951345
2019-07-24,6.8717,63.83,55.9,63.02,66.55,63.65,63.01,61.73,63.19,61.99,58.47,57.99,56.98,4.122026686658938,0.033526521363702516,61.68413007093818
2019-07-25,6.8714,63.47,55.88,63.14,66.55,63.65,63.01,61.73,63.19,61.99,58.47,57.99,56.98,4.12342263506228,0.03353820460319039,61.77029806286487
2019-07-26,6.8785,62.46,56.04,63.17,66.55,63.65,63.01,61.73,63.19,61.99,58.47,57.99,56.98,4.123715603225483,0.033478228150209746,61.788397444770716
2019-07-29,6.8927,62.29,56.85,63.16,66.55,63.65,63.01,61.73,63.19,61.99,58.47,57.99,56.98,4.123764949096646,0.03343779641439063,61.7914465222995
2019-07-30,6.8833,62.55,58.04,63.23,66.55,63.65,63.01,61.73,63.19,61.99,58.47,57.99,56.98,4.1249774139649205,0.033445209372207164,61.866411917638025
2019-07-31,6.8833,64.07,58.53,63.25,65.17,62.86,62.66,63.25,62.5,61.0,58.58,57.83,57.1,4.12888085106111,0.02818592515500626,62.10837550251247
2019-08-01,6.8972,62.9,53.64,59.4,65.17,62.86,62.66,63.25,62.5,61.0,58.58,57.83,57.1,4.080482171279744,0.02538392614962867,59.17399497321581
2019-08-02,6.9387,61.12,55.67,60.56,65.17,62.86,62.66,63.25,62.5,61.0,58.58,57.83,57.1,4.0861672712988275,0.025584472866014698,59.51136313037102
2019-08-05,7.0481,59.32,54.63,58.86,65.17,62.86,62.66,63.25,62.5,61.0,58.58,57.83,57.1,4.064366790569061,0.025012045965380245,58.228026311297015
2019-08-06,7.0192,58.63,53.6,58.27,65.17,62.86,62.66,63.25,62.5,61.0,58.58,57.83,57.1,4.051954680129721,0.025041624665042974,57.50976043707634
2019-08-07,7.0592,55.03,51.14,56.4,65.17,62.86,62.66,63.25,62.5,61.0,58.58,57.83,57.1,4.022356744419366,0.02459872564744736,55.83253390747133
2019-08-08,7.044,56.29,52.6,57.47,65.17,62.86,62.66,63.25,62.5,61.0,58.58,57.83,57.1,4.032035287091049,0.02535453846799417,56.37553496003334
2019-08-09,7.0613,57.37,54.41,58.31,65.17,62.86,62.66,63.25,62.5,61.0,58.58,57.83,57.1,4.045839719090987,0.025693712214532215,57.1591635283564
2019-08-12,7.0578,57.13,54.98,58.35,65.17,62.86,62.66,63.25,62.5,61.0,58.58,57.83,57.1,4.049022007571731,0.025544494577911084,57.34135020755719
2019-08-13,7.0423,59.9,57.05,60.03,65.17,62.86,62.66,63.25,62.5,61.0,58.58,57.83,57.1,4.0730899990478395,0.026010217302562116,58.73818339240346
2019-08-14,7.0224,57.86,55.16,58.71,65.17,62.86,62.66,63.25,62.5,61.0,58.58,57.83,57.1,4.059337087560015,0.02527732444305257,57.9358919226208
2019-08-15,7.0327,57.37,54.51,58.09,65.17,62.86,62.66,63.25,62.5,61.0,58.58,57.83,57.1,4.0482487287815205,0.025103943522947356,57.29702649714091
2019-08-16,7.0413,59.0,54.83,58.35,65.17,62.86,62.66,63.25,62.5,61.0,58.58,57.83,57.1,4.050292864735238,0.025399418236323263,57.41426919823031
2019-08-19,7.0499,59.79,56.24,58.93,65.17,62.86,62.66,63.25,62.5,61.0,58.58,57.83,57.1,4.05888625523425,0.025643421914122912,57.90977843656415
2019-08-20,7.0597,59.03,56.18,59.12,65.17,62.86,62.66,63.25,62.5,61.0,58.58,57.83,57.1,4.0626868316195495,0.025580579976141576,58.13028773876479
2019-08-21,7.0623,60.6,55.65,59.3,65.17,62.86,62.66,63.25,62.5,61.0,58.58,57.83,57.1,4.066278498416928,0.025615431271587327,58.33944775485253
2019-08-22,7.0829,59.81,55.33,59.27,65.17,62.86,62.66,63.25,62.5,61.0,58.58,57.83,57.1,4.0662035647724215,0.02551814177306963,58.33507633119917
2019-08-23,7.0928,58.64,54.08,59.06,65.17,62.86,62.66,63.25,62.5,61.0,58.58,57.83,57.1,4.062731992136344,0.025384903517702492,58.13291299187894
2019-08-26,7.1503,58.64,53.54,58.87,65.17,62.86,62.66,63.25,62.5,61.0,58.58,57.83,57.1,4.059474526849585,0.025357866444471945,57.943855137664
2019-08-27,7.1603,58.44,54.99,58.98,65.17,62.86,62.66,63.25,62.5,61.0,58.58,57.83,57.1,4.060523038701288,0.02541941893531354,58.004641818718014
2019-08-28,7.1628,60.42,55.76,59.11,65.17,62.86,62.66,63.25,62.5,61.0,58.58,57.83,57.1,4.06336112000667,0.025542591307188868,58.169497534596395
2019-08-29,7.1434,60.59,56.67,59.09,65.17,62.86,62.66,63.25,62.5,61.0,58.58,57.83,57.1,4.063891121228759,0.025526377563124824,58.20033561076522
2019-08-30,7.1543,61.04,55.07,59.11,60.43,57.61,56.96,59.11,57.96,56.35,55.1,54.11,53.02,4.0588740361605975,0.035569347250355696,57.90907083703935
2019-09-02,7.1543,58.55,55.07,59.11,60.43,57.61,56.96,59.11,57.96,56.35,55.1,54.11,53.02,4.055539604358984,0.038801343508465265,57.71629856125232
2019-09-03,7.1786,57.93,53.91,56.69,60.43,57.61,56.96,59.11,57.96,56.35,55.1,54.11,53.02,4.021719556518643,0.03921833190204149,55.79696942423124
2019-09-04,7.144,60.68,56.22,58.6,60.43,57.61,56.96,59.11,57.96,56.35,55.1,54.11,53.02,4.042238724741382,0.040621467759460884,56.953703855042974
2019-09-05,7.1468,62.7,56.33,58.64,60.43,57.61,56.96,59.11,57.96,56.35,55.1,54.11,53.02,4.0473383254038255,0.040799074118604596,57.244886828352584
2019-09-06,7.1131,61.28,56.45,59.3,60.43,57.61,56.96,59.11,57.96,56.35,55.1,54.11,53.02,4.056418466744772,0.0408777284991433,57.76704554164443
2019-09-09,7.121,63.99,57.88,60.06,60.43,57.61,56.96,59.11,57.96,56.35,55.1,54.11,53.02,4.0692957745641865,0.041050735888759564,58.515739806161946
2019-09-10,7.1121,64.67,57.37,59.75,60.43,57.61,56.96,59.11,57.96,56.35,55.1,54.11,53.02,4.067920782608728,0.040819096765777926,58.43533642432995
2019-09-11,7.1153,63.02,55.66,58.73,60.43,57.61,56.96,59.11,57.96,56.35,55.1,54.11,53.02,4.053447513901703,0.040432909850272154,57.59567706334022
2019-09-12,7.0787,60.76,55.13,58.64,60.43,57.61,56.96,59.11,57.96,56.35,55.1,54.11,53.02,4.048544181955998,0.0404522162638608,57.313957586556526
2019-09-13,7.0754,61.25,54.76,58.58,60.43,57.61,56.96,59.11,57.96,56.35,55.1,54.11,53.02,4.046910549291981,0.040557340399719456,57.220404070185076
2019-09-16,7.0659,68.42,63.1,63.12,60.43,57.61,56.96,59.11,57.96,56.35,55.1,54.11,53.02,4.1084003590590665,0.042072361831487104,60.84930264020953
2019-09-17,7.0905,65.59,59.26,61.32,60.43,57.61,56.96,59.11,57.96,56.35,55.1,54.11,53.02,4.096068310814276,0.04087216230652195,60.10351410604679
2019-09-18,7.0849,64.29,58.19,61.13,60.43,57.61,56.96,59.11,57.96,56.35,55.1,54.11,53.02,4.090766333670255,0.04061210151324736,59.78568994073955
2019-09-19,7.0959,64.25,58.19,61.41,60.43,57.61,56.96,59.11,57.96,56.35,55.1,54.11,53.02,4.0932832021230015,0.04069715458560748,59.93635217665895
2019-09-20,7.0909,65.23,57.92,61.51,60.43,57.61,56.96,59.11,57.96,56.35,55.1,54.11,53.02,4.095313227463492,0.04074823887089783,60.05814807294526
2019-09-23,7.1168,64.66,58.69,61.64,60.43,57.61,56.96,59.11,57.96,56.35,55.1,54.11,53.02,4.097278061010204,0.04073181596772558,60.1762683423654
2019-09-24,7.1138,64.13,57.22,61.24,60.43,57.61,56.96,59.11,57.96,56.35,55.1,54.11,53.02,4.0921482634001025,0.04057264710931957,59.868366676650226
2019-09-25,7.1313,62.41,56.38,61.09,60.43,57.61,56.96,59.11,57.96,56.35,55.1,54.11,53.02,4.088472806563883,0.04050643640705778,59.64872696447507
2019-09-26,7.13,62.08,56.24,61.16,60.43,57.61,56.96,59.11,57.96,56.35,55.1,54.11,53.02,4.088498757390351,0.04055734146421913,59.65027491832282
2019-09-27,7.1218,62.48,55.95,61.09,60.43,57.61,56.96,59.11,57.96,56.35,55.1,54.11,53.02,4.087703157985379,0.040574803397351915,59.60283606875395
2019-09-30,7.1477,60.99,54.09,61.12,60.78,57.69,57.17,61.12,57.67,55.84,54.07,53.44,52.26,4.086760136639283,0.04092926968138109,59.546655815805515
2019-10-01,7.1473,60.06,53.6,58.11,60.78,57.69,57.17,61.12,57.67,55.84,54.07,53.44,52.26,4.047128304502377,0.04021216648908514,57.23286546803022
2019-10-02,7.1473,57.92,52.67,57.32,60.78,57.69,57.17,61.12,57.67,55.84,54.07,53.44,52.26,4.027936705717597,0.0403967980490719,56.14494810481279
2019-10-03,7.1473,58.01,52.41,57.45,60.78,57.69,57.17,61.12,57.67,55.84,54.07,53.44,52.26,4.025916307309025,0.04085304688817517,56.03162745598975
2019-10-04,7.1473,59.13,52.84,58.11,60.78,57.69,57.17,61.12,57.67,55.84,54.07,53.44,52.26,4.0348129770148216,0.04127142546906226,56.532346401395394
2019-10-07,7.1473,59.46,52.76,58.22,60.78,57.69,57.17,61.12,57.67,55.84,54.07,53.44,52.26,4.038049700847841,0.04128936860986932,56.7156224412867
2019-10-08,7.1422,58.14,52.64,57.91,60.78,57.69,57.17,61.12,57.67,55.84,54.07,53.44,52.26,4.034005369336447,0.0410883710836941,56.486708875453814
2019-10-09,7.1316,59.7,52.63,57.94,60.78,57.69,57.17,61.12,57.67,55.84,54.07,53.44,52.26,4.034267112495696,0.04117971643320334,56.501495820196844
2019-10-10,7.1153,59.08,53.57,58.66,60.78,57.69,57.17,61.12,57.67,55.84,54.07,53.44,52.26,4.043791289143249,0.04136687008570621,57.0421968259453
2019-10-11,7.0868,60.59,54.76,59.72,60.78,57.69,57.17,61.12,57.67,55.84,54.07,53.44,52.26,4.06026952853236,0.04160093428924279,57.98993891591836
2019-10-14,7.0868,58.81,53.57,58.94,60.78,57.69,57.17,61.12,57.67,55.84,54.07,53.44,52.26,4.052335654845497,0.04108762913294126,57.53167437577645
2019-10-15,7.0814,59.19,52.81,58.86,60.78,57.69,57.17,61.12,57.67,55.84,54.07,53.44,52.26,4.049803434424312,0.041069097395392246,57.386175790048604
2019-10-16,7.092,59.3,53.42,59.0,60.78,57.69,57.17,61.12,57.67,55.84,54.07,53.44,52.26,4.051326503678599,0.04114866415232026,57.47364550432284
2019-10-17,7.0766,59.35,53.89,59.17,60.78,57.69,57.17,61.12,57.67,55.84,54.07,53.44,52.26,4.053952415385853,0.041191524710284595,57.62476454870945
2019-10-18,7.0805,59.96,53.75,58.96,60.78,57.69,57.17,61.12,57.67,55.84,54.07,53.44,52.26,4.051923322929064,0.04112935556889288,57.507957120252236
2019-10-21,7.0748,58.95,53.28,58.87,60.78,57.69,57.17,61.12,57.67,55.84,54.07,53.44,52.26,4.049858596398912,0.0410782813899213,57.389341412130086
2019-10-22,7.0761,60.5,54.21,59.03,60.78,57.69,57.17,61.12,57.67,55.84,54.07,53.44,52.26,4.052371621084794,0.04120881629465086,57.53374361095529
2019-10-23,7.0624,60.52,55.9,59.37,60.78,57.69,57.17,61.12,57.67,55.84,54.07,53.44,52.26,4.057640051391049,0.04128612143573107,57.8376559970822
2019-10-24,7.0684,61.71,56.11,59.45,60.78,57.69,57.17,61.12,57.67,55.84,54.07,53.44,52.26,4.060189378549396,0.041288290695526246,57.985291209561424
2019-10-25,7.0647,62.06,56.52,59.52,60.78,57.69,57.17,61.12,57.67,55.84,54.07,53.44,52.26,4.061809233780902,0.04127379507657938,58.079295102671715
2019-10-28,7.067,60.39,55.6,59.45,60.78,57.69,57.17,61.12,57.67,55.84,54.07,53.44,52.26,4.060383789310004,0.04115085466696149,57.99656526999338
2019-10-29,7.0655,61.05,55.34,59.41,60.78,57.69,57.17,61.12,57.67,55.84,54.07,53.44,52.26,4.0598048702918454,0.04115847180399597,57.96299967218963
2019-10-30,7.0541,60.22,54.85,59.32,60.78,57.69,57.17,61.12,57.67,55.84,54.07,53.44,52.26,4.058096490742872,0.041112670393482056,57.8640614050717
2019-10-31,7.0379,59.3,54.02,59.37,60.23,57.77,57.17,59.37,58.83,57.46,54.18,53.79,52.83,4.0602394040131555,0.036572514636653924,57.9881920232021
2019-11-01,7.0368,60.17,56.04,60.54,60.23,57.77,57.17,59.37,58.83,57.46,54.18,53.79,52.83,4.077102601855943,0.0354009402436239,58.974349896339184
2019-11-04,7.03,62.52,56.33,60.89,60.23,57.77,57.17,59.37,58.83,57.46,54.18,53.79,52.83,4.085935516683985,0.03490719785634868,59.49757269539017
2019-11-05,7.0082,62.72,57.04,61.49,60.23,57.77,57.17,59.37,58.83,57.46,54.18,53.79,52.83,4.095498025844777,0.03474569633152466,60.06924774706146
2019-11-06,6.9968,62.11,56.15,60.56,60.23,57.77,57.17,59.37,58.83,57.46,54.18,53.79,52.83,4.085209080541291,0.03425140428256454,59.45436720309726
2019-11-07,6.9766,62.6,56.91,61.1,60.23,57.77,57.17,59.37,58.83,57.46,54.18,53.79,52.83,4.090470722119361,0.034440009612036054,59.768019212179276
2019-11-08,6.9954,62.0,57.02,61.28,60.23,57.77,57.17,59.37,58.83,57.46,54.18,53.79,52.83,4.093529204523928,0.034423830954050126,59.95109847693544
2019-11-11,6.9954,62.58,57.02,61.09,60.23,57.77,57.17,59.37,58.83,57.46,54.18,53.79,52.83,4.091948474414554,0.034338237714248356,59.856406831167945
2019-11-12,7.0066,62.19,56.67,61.29,60.23,57.77,57.17,59.37,58.83,57.46,54.18,53.79,52.83,4.09395409578855,0.03437706473217229,59.97657658731275
2019-11-13,7.0223,62.27,56.88,61.52,60.23,57.77,57.17,59.37,58.83,57.46,54.18,53.79,52.83,4.097298952463745,0.0344149173366795,60.17752552521185
2019-11-14,7.0195,62.46,56.57,61.44,60.23,57.77,57.17,59.37,58.83,57.46,54.18,53.79,52.83,4.096945366390979,0.03435518636561074,60.15625135164001
2019-11-15,7.0075,63.32,57.54,61.94,60.23,57.77,57.17,59.37,58.83,57.46,54.18,53.79,52.83,4.103655644190766,0.034503861647490065,60.56127389672706
2019-11-18,7.0246,62.82,56.82,61.56,60.23,57.77,57.17,59.37,58.83,57.46,54.18,53.79,52.83,4.099856176125185,0.03431239022031605,60.33160984744101
2019-11-19,7.0263,62.37,54.93,60.98,60.23,57.77,57.17,59.37,58.83,57.46,54.18,53.79,52.83,4.09127876817278,0.03416147099020851,59.816334041899204
2019-11-20,7.0344,63.8,56.71,61.6,60.23,57.77,57.17,59.37,58.83,57.46,54.18,53.79,52.83,4.098345631834684,0.03448377628523754,60.2405450746511
2019-11-21,7.0285,64.99,58.36,62.07,60.23,57.77,57.17,59.37,58.83,57.46,54.18,53.79,52.83,4.10630367923807,0.03462025655977217,60.721854790598435
2019-11-22,7.0389,64.83,57.68,61.9,60.23,57.77,57.17,59.37,58.83,57.46,54.18,53.79,52.83,4.1055158750812035,0.034471391395882504,60.674036699100526
2019-11-25,7.0349,64.67,57.79,61.94,60.23,57.77,57.17,59.37,58.83,57.46,54.18,53.79,52.83,4.105846429362525,0.03444043907413282,60.69409607687041
2019-11-26,7.0319,64.82,58.25,61.95,60.23,57.77,57.17,59.37,58.83,57.46,54.18,53.79,52.83,4.106187572042257,0.03443030857290841,60.714804955590374
2019-11-27,7.028,65.03,58.12,61.95,60.23,57.77,57.17,59.37,58.83,57.46,54.18,53.79,52.83,4.106304400255348,0.03443057190224324,60.721898572120665
2019-11-28,7.028,64.68,58.12,61.95,60.23,57.77,57.17,59.37,58.83,57.46,54.18,53.79,52.83,4.106200489193318,0.03441351416008874,60.71558922296285
2019-11-29,7.0308,64.5,58.12,61.97,62.43,59.22,58.37,61.97,61.26,59.57,55.17,54.99,54.09,4.104311412763784,0.038354590411411524,60.601001101392946
2019-12-02,7.038,63.2,55.97,60.41,62.43,59.22,58.37,61.97,61.26,59.57,55.17,54.99,54.09,4.082822115979227,0.0392156414799562,59.31262097443697
2019-12-03,7.0609,62.95,56.15,60.46,62.43,59.22,58.37,61.97,61.26,59.57,55.17,54.99,54.09,4.079121978072443,0.03989199199325601,59.09356162205432
2019-12-04,7.0489,65.25,58.46,62.52,62.43,59.22,58.37,61.97,61.26,59.57,55.17,54.99,54.09,4.105460093472388,0.04080121379574059,60.67065229811466
2019-12-05,7.0445,65.67,58.42,62.82,62.43,59.22,58.37,61.97,61.26,59.57,55.17,54.99,54.09,4.114271179352066,0.040705163328973955,61.20758864827558
2019-12-06,7.0348,66.5,59.2,63.43,62.43,59.22,58.37,61.97,61.26,59.57,55.17,54.99,54.09,4.12389330345444,0.040696416620301816,61.79937823275894
2019-12-09,7.0389,66.44,58.99,63.34,62.43,59.22,58.37,61.97,61.26,59.57,55.17,54.99,54.09,4.124601202281142,0.04049223737016122,61.843141428230645
2019-12-10,7.0328,66.57,59.22,63.5,62.43,59.22,58.37,61.97,61.26,59.57,55.17,54.99,54.09,4.126803445433959,0.04045742225387898,61.979485138887085
2019-12-11,7.0384,65.37,58.74,62.98,62.43,59.22,58.37,61.97,61.26,59.57,55.17,54.99,54.09,4.120373072654577,0.040226202590760325,61.58221261889301
2019-12-12,6.9925,66.67,59.18,63.46,62.43,59.22,58.37,61.97,61.26,59.57,55.17,54.99,54.09,4.12556221794573,0.040443471724731145,61.902602222691705
2019-12-13,6.9925,67.44,60.11,64.12,62.43,59.22,58.37,61.97,61.26,59.57,55.17,54.99,54.09,4.1349682347524634,0.04061014093097967,62.48760610466334
2019-12-16,6.9921,68.04,60.21,64.19,62.43,59.22,58.37,61.97,61.26,59.57,55.17,54.99,54.09,4.137836486345803,0.04053220241939031,62.66709356498242
2019-12-17,6.9967,68.99,60.88,64.53,62.43,59.22,58.37,61.97,61.26,59.57,55.17,54.99,54.09,4.14293195578238,0.04057309087304826,62.98722674668734
2019-12-18,7.0029,69.12,60.93,64.54,62.43,59.22,58.37,61.97,61.26,59.57,55.17,54.99,54.09,4.14408706449685,0.04049979325587481,63.06002587856405
2019-12-19,7.0097,69.7,61.3,64.7,62.43,59.22,58.37,61.97,61.26,59.57,55.17,54.99,54.09,4.1464975187193,0.040515356374523984,63.2122125300017
2019-12-20,7.0063,68.66,60.43,64.63,62.43,59.22,58.37,61.97,61.26,59.57,55.17,54.99,54.09,4.14560596844254,0.040422293946274127,63.15588077945123
2019-12-23,7.0124,67.49,60.51,64.65,62.43,59.22,58.37,61.97,61.26,59.57,55.17,54.99,54.09,4.145297336107047,0.04036529026559747,63.1363918400793
2019-12-24,7.0064,69.26,61.17,64.79,62.43,59.22,58.37,61.97,61.26,59.57,55.17,54.99,54.09,4.147648584530286,0.040454967696973196,63.28501583934352
2019-12-26,6.9949,69.26,61.72,64.83,62.43,59.22,58.37,61.97,61.26,59.57,55.17,54.99,54.09,4.1486738278146875,0.04044716426444935,63.349931648398496
2019-12-27,6.9954,68.91,61.76,64.82,62.43,59.22,58.37,61.97,61.26,59.57,55.17,54.99,54.09,4.148643577042748,0.04040893785680223,63.348015293049556
2019-12-30,6.9864,68.3,61.66,64.85,62.43,59.22,58.37,61.97,61.26,59.57,55.17,54.99,54.09,4.14877203170375,0.04038045175705115,63.356153163541705
2019-12-31,6.9618,67.77,61.14,64.89,66.0,63.5,62.52,64.89,63.85,61.69,61.06,60.14,58.37,4.146824906456856,0.04452544977141759,63.23291082124632
2020-01-02,6.9642,67.05,61.17,65.44,66.0,63.5,62.52,64.89,63.85,61.69,61.06,60.14,58.37,4.152137640331708,0.04601039394424907,63.56974440991598
2020-01-03,6.9649,69.08,63.0,67.83,66.0,63.5,62.52,64.89,63.85,61.69,61.06,60.14,58.37,4.181664382997381,0.04704079300695102,65.4747376162468
2020-01-06,6.9749,70.25,63.27,68.28,66.0,63.5,62.52,64.89,63.85,61.69,61.06,60.14,58.37,4.192785986509324,0.04698144181820964,66.20698602868197
2020-01-07,6.9443,68.74,62.7,67.92,66.0,63.5,62.52,64.89,63.85,61.69,61.06,60.14,58.37,4.190257317996782,0.04661543887103078,66.03978199867801
2020-01-08,6.9447,67.31,59.65,66.0,66.0,63.5,62.52,64.89,63.85,61.69,61.06,60.14,58.37,4.1666269606396,0.04604405066567635,64.49753207325845
2020-01-09,6.9309,66.58,59.56,66.15,66.0,63.5,62.52,64.89,63.85,61.69,61.06,60.14,58.37,4.1636031394896476,0.04630126200390935,64.30279764108234
2020-01-10,6.9178,66.77,59.02,66.07,66.0,63.5,62.52,64.89,63.85,61.69,61.06,60.14,58.37,4.162007555712153,0.04643236404866993,64.20027895064845
2020-01-13,6.8924,64.14,58.17,65.72,66.0,63.5,62.52,64.89,63.85,61.69,61.06,60.14,58.37,4.1564714214132765,0.04631299267214796,63.845839601531864
2020-01-14,6.8837,64.45,58.34,65.84,66.0,63.5,62.52,64.89,63.85,61.69,61.06,60.14,58.37,4.156969067751198,0.04641792153482961,63.87762015688369
2020-01-15,6.8899,63.29,57.86,65.49,66.0,63.5,62.52,64.89,63.85,61.69,61.06,60.14,58.37,4.152418213697034,0.04630995648605523,63.587582889422066
2020-01-16,6.8769,64.63,58.52,65.74,66.0,63.5,62.52,64.89,63.85,61.69,61.06,60.14,58.37,4.155114190691927,0.04647385655813601,63.759244844419506
2020-01-17,6.8589,64.05,58.55,65.75,66.0,63.5,62.52,64.89,63.85,61.69,61.06,60.14,58.37,4.1555260188839656,0.046454477934867205,63.78550810655419
2020-01-20,6.8589,64.63,58.55,65.75,66.0,63.5,62.52,64.89,63.85,61.69,61.06,60.14,58.37,4.15581983009218,0.04646564127789299,63.80425175717003
2020-01-21,6.9049,63.66,58.25,65.59,66.0,63.5,62.52,64.89,63.85,61.69,61.06,60.14,58.37,4.153581510567218,0.04638471575670634,63.66159716752219
2020-01-22,6.904,62.11,56.76,65.26,66.0,63.5,62.52,64.89,63.85,61.69,61.06,60.14,58.37,4.148385244757339,0.046260271242693836,63.331652569083744
2020-01-23,6.9364,61.26,55.51,64.94,58.16,56.01,55.6,64.29,56.32,55.15,51.56,51.86,51.4,4.150217575201933,0.032378413391686914,63.44780346510656
2020-01-24,6.9161,59.34,54.09,64.64,58.16,56.01,55.6,64.29,56.32,55.15,51.56,51.86,51.4,4.147864717651575,0.027692356487969104,63.29869530558732
2020-01-27,6.9161,58.54,53.09,64.37,58.16,56.01,55.6,64.29,56.32,55.15,51.56,51.86,51.4,4.144289015790487,0.02611915311915325,63.072762218383836
2020-01-28,6.9161,59.37,53.33,64.34,58.16,56.01,55.6,64.29,56.32,55.15,51.56,51.86,51.4,4.143837372134034,0.025705072135901348,63.04428223731847
2020-01-29,6.9161,59.46,53.29,64.37,58.16,56.01,55.6,64.29,56.32,55.15,51.56,51.86,51.4,4.144192970193508,0.025591158429974517,63.06670464818961
2020-01-30,6.9161,57.72,52.19,64.17,58.16,56.01,55.6,64.29,56.32,55.15,51.56,51.86,51.4,4.140934933425388,0.025423231829968307,62.861565362728356
2020-01-31,6.9161,57.77,51.58,64.29,58.16,56.01,55.6,64.29,56.32,55.15,51.56,51.86,51.4,4.1416478576909155,0.025465742671383976,62.90639687688279
2020-02-03,7.0208,54.0,50.06,53.5,58.16,56.01,55.6,64.29,56.32,55.15,51.56,51.86,51.4,3.9982098402222883,0.02234295458495776,54.50049805341914
2020-02-04,6.9979,53.9,49.59,53.11,58.16,56.01,55.6,64.29,56.32,55.15,51.56,51.86,51.4,3.96504902953724,0.02385661200102769,52.722854303426686
2020-02-05,6.972,55.36,50.87,54.53,58.16,56.01,55.6,64.29,56.32,55.15,51.56,51.86,51.4,3.979684024851346,0.025446451915484773,53.50012684594248
2020-02-06,6.9694,55.18,50.94,54.36,58.16,56.01,55.6,64.29,56.32,55.15,51.56,51.86,51.4,3.979833539145198,0.025632250307175027,53.50812647764358
2020-02-07,7.0003,54.53,50.34,54.08,58.16,56.01,55.6,64.29,56.32,55.15,51.56,51.86,51.4,3.975437429951256,0.025578481471794964,53.273415197091786
2020-02-10,6.982,53.39,49.59,53.0,58.16,56.01,55.6,64.29,56.32,55.15,51.56,51.86,51.4,3.9583683994272056,0.025265540248415222,52.37180633193338
2020-02-11,6.965,54.0,50.0,53.49,58.16,56.01,55.6,64.29,56.32,55.15,51.56,51.86,51.4,3.962562402867127,0.025654878872524253,52.591915113701795
2020-02-12,6.9708,55.54,51.13,54.59,58.16,56.01,55.6,64.29,56.32,55.15,51.56,51.86,51.4,3.9799383627249822,0.02609987360427713,53.51373568499198
2020-02-13,6.9759,56.34,51.41,54.96,58.16,56.01,55.6,64.29,56.32,55.15,51.56,51.86,51.4,3.9888516440045767,0.026069727329425,53.992850735077255
2020-02-14,6.9859,57.37,52.03,55.34,58.16,56.01,55.6,64.29,56.32,55.15,51.56,51.86,51.4,3.9964617991165396,0.026051890565785746,54.40531216120201
2020-02-17,6.9859,57.83,52.03,55.34,58.16,56.01,55.6,64.29,56.32,55.15,51.56,51.86,51.4,3.9981262105636373,0.025927972331305147,54.495940385951364
2020-02-18,6.9949,57.35,52.1,55.15,58.16,56.01,55.6,64.29,56.32,55.15,51.56,51.86,51.4,3.995635068389458,0.025778280996942494,54.36035220537115
2020-02-19,6.9975,59.72,53.31,55.65,58.16,56.01,55.6,64.29,56.32,55.15,51.56,51.86,51.4,4.003352357373879,0.026024188070374692,54.78148968231831
2020-02-20,7.0225,59.57,53.77,55.54,58.16,56.01,55.6,64.29,56.32,55.15,51.56,51.86,51.4,4.003331563012965,0.025919590757777514,54.78035054809427
2020-02-21,7.0255,58.6,53.36,55.27,58.16,56.01,55.6,64.29,56.32,55.15,51.56,51.86,51.4,3.999109483007091,0.0257652167229452,54.549551095060096
2020-02-24,7.0286,56.71,51.36,54.68,58.16,56.01,55.6,64.29,56.32,55.15,51.56,51.86,51.4,3.988817274971532,0.025544386708885244,53.99099508489479
2020-02-25,7.0128,55.29,49.78,54.54,58.16,56.01,55.6,64.29,56.32,55.15,51.56,51.86,51.4,3.983911797201703,0.02556295428488967,53.72679200969962
2020-02-26,7.0214,54.96,48.67,54.33,58.16,56.01,55.6,64.29,56.32,55.15,51.56,51.86,51.4,3.9795767501014865,0.02558951622508884,53.49438794104292
2020-02-27,7.0036,52.19,47.17,54.25,58.16,56.01,55.6,64.29,56.32,55.15,51.56,51.86,51.4,3.9760133204479993,0.02552273643449386,53.304103686389375
2020-02-28,6.9906,51.31,44.83,54.22,50.52,50.0,50.24,54.22,49.6,48.97,44.76,45.72,45.95,3.983745222596571,0.006623976948085749,53.71784323587552
2020-03-02,6.9595,52.52,46.78,50.95,50.52,50.0,50.24,54.22,49.6,48.97,44.76,45.72,45.95,3.9409484138896524,-0.0005935860693982425,51.46739054873005
2020-03-03,6.9579,52.24,47.27,50.93,50.52,50.0,50.24,54.22,49.6,48.97,44.76,45.72,45.95,3.9333466310239835,-0.0021689966048768134,51.077629935816745
2020-03-04,6.9244,51.86,46.78,50.48,50.52,50.0,50.24,54.22,49.6,48.97,44.76,45.72,45.95,3.924954389647782,-0.002698136817135998,50.65076780679355
2020-03-05,6.9366,51.29,45.9,49.72,50.52,50.0,50.24,54.22,49.6,48.97,44.76,45.72,45.95,3.911222083732121,-0.0029817164101468814,49.95996994780727
2020-03-06,6.9298,45.6,41.14,45.71,50.52,50.0,50.24,54.22,49.6,48.97,44.76,45.72,45.95,3.839718772209566,-0.004454249271252087,46.51239202306941
2020-03-09,6.9448,35.33,31.05,36.26,50.52,50.0,50.24,54.22,49.6,48.97,44.76,45.72,45.95,3.6382015492705557,-0.007929935307553222,38.0233919995362
2020-03-10,6.9549,35.57,34.47,38.14,50.52,50.0,50.24,54.22,49.6,48.97,44.76,45.72,45.95,3.6399967421246853,-0.0045510275877032914,38.091712627146606
2020-03-11,6.9595,34.45,33.13,37.62,50.52,50.0,50.24,54.22,49.6,48.97,44.76,45.72,45.95,3.6280751022240922,-0.0037828922413005754,37.64029312290157
2020-03-12,7.0282,31.02,31.56,36.31,50.52,50.0,50.24,54.22,49.6,48.97,44.76,45.72,45.95,3.595301251871827,-0.004155452617855541,36.426671938241604
2020-03-13,7.0079,32.25,31.72,36.96,50.52,50.0,50.24,54.22,49.6,48.97,44.76,45.72,45.95,3.603651484641551,-0.0032811959690307864,36.73211662025472
2020-03-16,6.9913,27.98,28.96,35.45,50.52,50.0,50.24,54.22,49.6,48.97,44.76,45.72,45.95,3.568582583708462,-0.00418069301343499,35.466287014666854
2020-03-17,7.003,27.97,26.96,35.27,50.52,50.0,50.24,54.22,49.6,48.97,44.76,45.72,45.95,3.557129276652846,-0.003880960721499847,35.06239808643132
2020-03-18,7.0459,22.79,20.48,33.61,50.52,50.0,50.24,54.22,49.6,48.97,44.76,45.72,45.95,3.5096410549900594,-0.004809900971847594,33.436263849637754
2020-03-19,7.1058,23.98,25.09,34.59,50.52,50.0,50.24,54.22,49.6,48.97,44.76,45.72,45.95,3.5263250543508877,-0.003710475119300973,33.99879403236882
2020-03-20,7.095,25.55,19.48,34.05,50.52,50.0,50.24,54.22,49.6,48.97,44.76,45.72,45.95,3.5157609435039623,-0.003641384248773096,33.6415174807749
2020-03-23,7.09,23.75,23.33,33.96,50.52,50.0,50.24,54.22,49.6,48.97,44.76,45.72,45.95,3.5120907518258075,-0.003738449048614611,33.518272967115756
2020-03-24,7.061,24.5,21.03,33.99,50.52,50.0,50.24,54.22,49.6,48.97,44.76,45.72,45.95,3.5115712528686482,-0.0035620820607883573,33.50086478142222
2020-03-25,7.1099,25.62,20.75,34.15,50.52,50.0,50.24,54.22,49.6,48.97,44.76,45.72,45.95,3.5159555100037316,-0.0032907269687647376,33.64806362988807
2020-03-26,7.0709,23.55,16.6,34.07,50.52,50.0,50.24,54.22,49.6,48.97,44.76,45.72,45.95,3.510337491718288,-0.003470012577087072,33.45955820241728
2020-03-27,7.0942,22.39,15.48,33.91,50.52,50.0,50.24,54.22,49.6,48.97,44.76,45.72,45.95,3.5036318616482274,-0.0036136699175343405,33.23594136661251
2020-03-30,7.0986,19.19,14.1,33.84,50.52,50.0,50.24,54.22,49.6,48.97,44.76,45.72,45.95,3.4960360332276132,-0.003962436604026264,32.984443236132364
2020-03-31,7.0808,14.85,20.51,33.7,22.74,33.7,36.15,33.7,33.22,37.62,20.48,29.35,32.58,3.5906049394999084,-0.19840389974478112,36.25600198154681
2020-04-01,7.0989,14.97,20.28,22.46,22.74,33.7,36.15,33.7,33.22,37.62,20.48,29.35,32.58,3.323011183390088,-0.26965356552556063,27.74376647396287
2020-04-02,7.0857,20.24,25.18,26.16,22.74,33.7,36.15,33.7,33.22,37.62,20.48,29.35,32.58,3.408185741085801,-0.28461180798377955,30.21038504966479
2020-04-03,7.0908,24.33,28.36,29.39,22.74,33.7,36.15,33.7,33.22,37.62,20.48,29.35,32.58,3.5222324394932247,-0.28869709327907156,33.85993440607319
2020-04-06,7.0895,22.58,26.21,27.45,22.74,33.7,36.15,33.7,33.22,37.62,20.48,29.35,32.58,3.489567376013261,-0.29339680114837663,32.77176678655039
2020-04-07,7.0448,22.1,23.54,26.0,22.74,33.7,36.15,33.7,33.22,37.62,20.48,29.35,32.58,3.4402706710420374,-0.2952070811772834,31.19540071730008
2020-04-08,7.0649,25.22,24.97,26.16,22.74,33.7,36.15,33.7,33.22,37.62,20.48,29.35,32.58,3.4394925302126285,-0.2944422011944814,31.17113574431965
2020-04-09,7.0428,20.23,22.9,23.26,22.74,33.7,36.15,33.7,33.22,37.62,20.48,29.35,32.58,3.342462016710516,-0.29664419655704943,28.288688262634214
2020-04-10,7.0341,20.23,22.9,23.26,22.74,33.7,36.15,33.7,33.22,37.62,20.48,29.35,32.58,3.323962856807257,-0.2955688412706879,27.770182046513703
2020-04-13,7.0501,20.23,22.36,24.74,22.74,33.7,36.15,33.7,33.22,37.62,20.48,29.35,32.58,3.3675010331902335,-0.29388047250869476,29.005951503521935
2020-04-14,7.0479,21.74,20.15,21.96,22.74,33.7,36.15,33.7,33.22,37.62,20.48,29.35,32.58,3.2842666615789633,-0.2958085868906608,26.68940477059532
2020-04-15,7.0664,19.8,19.96,21.46,22.74,33.7,36.15,33.7,33.22,37.62,20.48,29.35,32.58,3.2483440362845672,-0.29552432680481566,25.74766739190971
2020-04-16,7.0778,18.69,19.82,21.71,22.74,33.7,36.15,33.7,33.22,37.62,20.48,29.35,32.58,3.248836421599576,-0.29474158196883415,25.76034828691626
2020-04-17,7.0711,19.75,18.31,22.23,22.74,33.7,36.15,33.7,33.22,37.62,20.48,29.35,32.58,3.26742423617749,-0.29393374612057305,26.24365475444279
2020-04-21,7.0914,9.12,8.91,19.07,22.74,33.7,36.15,33.7,33.22,37.62,20.48,29.35,32.58,3.1260555770432625,-0.298345422874218,22.78393260078297
2020-04-22,7.0831,13.77,13.64,20.0,22.74,33.7,36.15,33.7,33.22,37.62,20.48,29.35,32.58,3.150687417433885,-0.2954231254042093,23.35211171348134
2020-04-23,7.0654,15.06,15.06,20.45,22.74,33.7,36.15,33.7,33.22,37.62,20.48,29.35,32.58,3.175484805074514,-0.29436224863594096,23.9384225243503
2020-04-24,7.0813,15.87,15.99,20.45,22.74,33.7,36.15,33.7,33.22,37.62,20.48,29.35,32.58,3.1820827386591097,-0.29435299207940135,24.096888846548396
2020-04-27,7.0848,15.17,12.17,20.37,22.74,33.7,36.15,33.7,33.22,37.62,20.48,29.35,32.58,3.176042393096973,-0.2945555657265884,23.951774023998663
2020-04-28,7.0776,15.6,12.4,20.41,22.74,33.7,36.15,33.7,33.22,37.62,20.48,29.35,32.58,3.1772895106749712,-0.2944078967220477,23.98166333627769
2020-04-29,7.0755,17.86,15.04,20.38,22.74,33.7,36.15,33.7,33.22,37.62,20.48,29.35,32.58,3.181838223249812,-0.2941045710714539,24.090997506200377
2020-04-30,7.0622,18.11,19.23,20.39,25.27,31.04,32.9,20.39,32.52,35.84,18.84,26.38,29.53,3.165533560227505,-0.25425070287916707,23.70138677701936
2020-05-01,7.0622,18.49,19.72,25.3,25.27,31.04,32.9,20.39,32.52,35.84,18.84,26.38,29.53,3.3239911263090995,-0.23752304353857995,27.770967106822813
2020-05-04,7.0622,20.4,20.47,26.2,25.27,31.04,32.9,20.39,32.52,35.84,18.84,26.38,29.53,3.3820840184483423,-0.23420333786865538,29.432044167042356
2020-05-05,7.0622,25.46,24.56,28.94,25.27,31.04,32.9,20.39,32.52,35.84,18.84,26.38,29.53,3.476917468853355,-0.23205693700264446,32.359818029328395
2020-05-06,7.1031,24.2,23.88,27.35,25.27,31.04,32.9,20.39,32.52,35.84,18.84,26.38,29.53,3.4499128789025924,-0.23414659596556003,31.497648079543087
2020-05-07,7.0825,24.23,23.68,27.14,25.27,31.04,32.9,20.39,32.52,35.84,18.84,26.38,29.53,3.4389553571640503,-0.23444298872519465,31.154395946790796
2020-05-08,7.0732,24.23,24.73,28.54,25.27,31.04,32.9,20.39,32.52,35.84,18.84,26.38,29.53,3.476162720229704,-0.23354667237925436,32.33540371570292
2020-05-11,7.0972,25.53,24.02,27.27,25.27,31.04,32.9,20.39,32.52,35.84,18.84,26.38,29.53,3.449037523316547,-0.23451616722934676,31.470088501324533
2020-05-12,7.0816,26.67,25.76,26.81,25.27,31.04,32.9,20.39,32.52,35.84,18.84,26.38,29.53,3.4326537046751713,-0.23450856010271015,30.958689056080377
2020-05-13,7.0911,27.89,25.37,26.68,25.27,31.04,32.9,20.39,32.52,35.84,18.84,26.38,29.53,3.426598146567367,-0.2341519261779303,30.771783395752067
2020-05-14,7.0935,29.87,27.4,29.2,25.27,31.04,32.9,20.39,32.52,35.84,18.84,26.38,29.53,3.497474534399941,-0.23231565303777454,33.031925539883055
2020-05-15,7.1013,30.95,29.44,29.8,25.27,31.04,32.9,20.39,32.52,35.84,18.84,26.38,29.53,3.528320493133185,-0.23262978139477816,34.066704277367016
2020-05-18,7.1086,33.3,31.83,30.55,25.27,31.04,32.9,20.39,32.52,35.84,18.84,26.38,29.53,3.556144878026893,-0.23272812465247508,35.02789969280393
2020-05-19,7.098,33.06,32.3,30.42,25.27,31.04,32.9,20.39,32.52,35.84,18.84,26.38,29.53,3.558267232262077,-0.2333671341024617,35.102320249523494
2020-05-20,7.0928,34.76,33.56,30.57,25.27,31.04,32.9,20.39,32.52,35.84,18.84,26.38,29.53,3.5641881466423553,-0.2334098172871738,35.31077459344573
2020-05-21,7.1138,34.78,34.3,30.62,25.27,31.04,32.9,20.39,32.52,35.84,18.84,26.38,29.53,3.5668734981420815,-0.23351333729849752,35.40572386398227
2020-05-22,7.1269,33.8,33.49,30.34,25.27,31.04,32.9,20.39,32.52,35.84,18.84,26.38,29.53,3.5593727216644258,-0.233814036349521,35.14114694985587
2020-05-26,7.134,33.95,34.7,30.59,25.27,31.04,32.9,20.39,32.52,35.84,18.84,26.38,29.53,3.5648117574396805,-0.23364280535029994,35.33280164118268
2020-05-27,7.1681,32.73,32.8,30.43,25.27,31.04,32.9,20.39,32.52,35.84,18.84,26.38,29.53,3.560273384307729,-0.23385186321583776,35.17281152556617
2020-05-28,7.1447,33.98,33.67,30.51,25.27,31.04,32.9,20.39,32.52,35.84,18.84,26.38,29.53,3.5626360135875683,-0.2336997221428314,35.25601008490558
2020-05-29,7.1348,34.15,35.57,30.47,35.33,38.81,39.84,30.47,37.95,39.45,35.49,36.31,37.03,3.506247120228228,-0.1250277214116004,33.32297570648148
2020-06-01,7.1263,36.74,35.49,38.32,35.33,38.81,39.84,30.47,37.95,39.45,35.49,36.31,37.03,3.6587262831195515,-0.08488345703419874,38.811876032981594
2020-06-02,7.0992,37.72,36.88,39.17,35.33,38.81,39.84,30.47,37.95,39.45,35.49,36.31,37.03,3.7007208653412866,-0.07427278792703387,40.47647193161167
2020-06-03,7.1115,37.98,37.33,39.26,35.33,38.81,39.84,30.47,37.95,39.45,35.49,36.31,37.03,3.709468769382183,-0.07155665824104712,40.832109497682154
2020-06-04,7.1075,38.41,37.42,39.15,35.33,38.81,39.84,30.47,37.95,39.45,35.49,36.31,37.03,3.7089186759185013,-0.07085225482135522,40.809654197962196
2020-06-05,7.0808,41.0,39.49,41.32,35.33,38.81,39.84,30.47,37.95,39.45,35.49,36.31,37.03,3.7524710118588596,-0.06958767608319806,42.626282019656074
2020-06-08,7.07,39.66,38.17,40.69,35.33,38.81,39.84,30.47,37.95,39.45,35.49,36.31,37.03,3.7477095152603632,-0.07030661841282783,42.42379956512635
2020-06-09,7.0765,40.45,38.98,40.82,35.33,38.81,39.84,30.47,37.95,39.45,35.49,36.31,37.03,3.7500565456192967,-0.07035391640949729,42.52348644895753
2020-06-10,7.0599,41.18,39.54,41.52,35.33,38.81,39.84,30.47,37.95,39.45,35.49,36.31,37.03,3.764214245456508,-0.07009551619633946,43.129803103233535
2020-06-11,7.064,37.76,36.43,39.44,35.33,38.81,39.84,30.47,37.95,39.45,35.49,36.31,37.03,3.724297088221643,-0.07130684288964008,41.442092369627716
2020-06-12,7.0825,38.54,36.24,39.5,35.33,38.81,39.84,30.47,37.95,39.45,35.49,36.31,37.03,3.7183180954744706,-0.0708802866624325,41.1950496691264
2020-06-15,7.0887,39.44,37.07,39.85,35.33,38.81,39.84,30.47,37.95,39.45,35.49,36.31,37.03,3.724711140422452,-0.07043479644361597,41.45925511206994
2020-06-16,7.0854,40.75,38.26,40.28,35.33,38.81,39.84,30.47,37.95,39.45,35.49,36.31,37.03,3.735303289217995,-0.07015741087491886,41.90073167633528
2020-06-17,7.084,40.47,37.91,40.23,35.33,38.81,39.84,30.47,37.95,39.45,35.49,36.31,37.03,3.736089418273529,-0.07029837133665087,41.93368400965048
2020-06-18,7.0869,41.75,38.79,40.63,35.33,38.81,39.84,30.47,37.95,39.45,35.49,36.31,37.03,3.7448905787329148,-0.0701221106794685,42.30437796693273
2020-06-19,7.0707,42.33,39.72,41.07,35.33,38.81,39.84,30.47,37.95,39.45,35.49,36.31,37.03,3.7554799124951113,-0.07002518769881992,42.75473341858301
2020-06-22,7.0678,43.2,40.6,41.12,35.33,38.81,39.84,30.47,37.95,39.45,35.49,36.31,37.03,3.759193434951135,-0.07012136555002,42.9137992456983
2020-06-23,7.0575,42.72,40.4,41.04,35.33,38.81,39.84,30.47,37.95,39.45,35.49,36.31,37.03,3.758104527055375,-0.07028139928205604,42.86709550351421
2020-06-24,7.077,40.4,37.91,40.64,35.33,38.81,39.84,30.47,37.95,39.45,35.49,36.31,37.03,3.7483013541234556,-0.07060111227816285,42.44891504985589
2020-06-25,7.0768,41.18,38.66,40.78,35.33,38.81,39.84,30.47,37.95,39.45,35.49,36.31,37.03,3.7497775943093528,-0.0704231837641305,42.51162612101312
2020-06-26,7.0768,40.97,38.53,40.81,35.33,38.81,39.84,30.47,37.95,39.45,35.49,36.31,37.03,3.7504462165552557,-0.07039384829881892,42.54005984459791
2020-06-29,7.0794,41.58,39.67,40.8,35.33,38.81,39.84,30.47,37.95,39.45,35.49,36.31,37.03,3.7510751767483788,-0.07037068680735681,42.56682426484839
2020-06-30,7.0651,41.64,39.27,40.79,41.15,42.18,42.5,40.79,42.11,42.72,39.27,40.05,40.3,3.734180445934958,-0.03821730073100265,41.85371012507499
2020-07-01,7.0703,42.18,39.88,42.26,41.15,42.18,42.5,40.79,42.11,42.72,39.27,40.05,40.3,3.7542478871041305,-0.02688623382651577,42.702090936522744
2020-07-02,7.066,43.19,40.57,43.2,41.15,42.18,42.5,40.79,42.11,42.72,39.27,40.05,40.3,3.774290900720382,-0.02317147089739024,43.566604312281896
2020-07-03,7.066,42.92,40.57,43.2,41.15,42.18,42.5,40.79,42.11,42.72,39.27,40.05,40.3,3.77751531172633,-0.02235440364671965,43.7073076715426
2020-07-06,7.0159,42.73,40.51,42.89,41.15,42.18,42.5,40.79,42.11,42.72,39.27,40.05,40.3,3.7723539045327317,-0.022276319008544376,43.48229764302817
2020-07-07,7.0127,43.28,40.59,43.09,41.15,42.18,42.5,40.79,42.11,42.72,39.27,40.05,40.3,3.7752526210412523,-0.022046439273007038,43.60852335492697
2020-07-08,7.0041,43.67,40.91,43.29,41.15,42.18,42.5,40.79,42.11,42.72,39.27,40.05,40.3,3.7796559423109284,-0.021929171129871843,43.80096908258992
2020-07-09,6.9923,42.35,39.64,42.79,41.15,42.18,42.5,40.79,42.11,42.72,39.27,40.05,40.3,3.7704435825210827,-0.022231927876474183,43.399311742856405
2020-07-10,6.999,43.27,40.56,43.4,41.15,42.18,42.5,40.79,42.11,42.72,39.27,40.05,40.3,3.7803883739857302,-0.021882185418279295,43.833062051251716
2020-07-13,6.9959,42.85,40.06,43.1,41.15,42.18,42.5,40.79,42.11,42.72,39.27,40.05,40.3,3.7765440807892046,-0.02208582356216065,43.664878389804336
2020-07-14,7.006,42.97,40.3,43.22,41.15,42.18,42.5,40.79,42.11,42.72,39.27,40.05,40.3,3.778107035679734,-0.022030854869494517,43.73317798571811
2020-07-15,6.9885,43.96,41.2,43.78,41.15,42.18,42.5,40.79,42.11,42.72,39.27,40.05,40.3,3.7891228124725003,-0.021780496979594256,44.21759613539149
2020-07-16,6.9881,43.71,40.74,43.3,41.15,42.18,42.5,40.79,42.11,42.72,39.27,40.05,40.3,3.7824571983571964,-0.022090876578477896,43.92383882652455
2020-07-17,6.9912,43.53,40.55,43.0,41.15,42.18,42.5,40.79,42.11,42.72,39.27,40.05,40.3,3.775696377622964,-0.022189788991190135,43.62787921851275
2020-07-20,6.9829,43.3,40.83,43.05,41.15,42.18,42.5,40.79,42.11,42.72,39.27,40.05,40.3,3.775253206800466,-0.022095889718063835,43.6085488990288
2020-07-21,6.98,44.31,41.76,43.58,41.15,42.18,42.5,40.79,42.11,42.72,39.27,40.05,40.3,3.785395011416043,-0.021805542497734632,44.05306858731747
2020-07-22,6.9988,43.98,41.88,43.62,41.15,42.18,42.5,40.79,42.11,42.72,39.27,40.05,40.3,3.7878863214230925,-0.021905571659006737,44.16295526198095
2020-07-23,7.0034,42.96,40.99,43.3,41.15,42.18,42.5,40.79,42.11,42.72,39.27,40.05,40.3,3.7819016785719803,-0.022159024520275492,43.899445041256286
2020-07-24,7.0168,43.29,41.23,43.28,41.15,42.18,42.5,40.79,42.11,42.72,39.27,40.05,40.3,3.7806694068106452,-0.022119215839602923,43.84538231162236
2020-07-27,6.995,43.39,41.46,43.33,41.15,42.18,42.5,40.79,42.11,42.72,39.27,40.05,40.3,3.7814352947293264,-0.022060784985393104,43.878975823014926
2020-07-28,6.9998,43.11,40.89,43.28,41.15,42.18,42.5,40.79,42.11,42.72,39.27,40.05,40.3,3.7803695621773654,-0.022087185102324245,43.83223747984423
2020-07-29,7.0014,43.51,41.13,43.29,41.15,42.18,42.5,40.79,42.11,42.72,39.27,40.05,40.3,3.7806307227630205,-0.02204896842268086,43.8436862275708
2020-07-30,7.008,42.98,39.85,43.28,41.15,42.18,42.5,40.79,42.11,42.72,39.27,40.05,40.3,3.7798355954221017,-0.022067069340363087,43.80883876984375
2020-07-31,6.9744,43.13,40.1,42.54,43.3,44.63,45.23,42.54,44.09,44.76,40.27,41.33,42.05,3.7708633240991523,-0.03062329382196985,43.41753206209975
2020-08-03,6.9799,43.76,40.83,43.39,43.3,44.63,45.23,42.54,44.09,44.76,40.27,41.33,42.05,3.786111107510936,-0.03288035799673008,44.08462611546369
2020-08-04,6.972,43.99,41.67,43.4,43.3,44.63,45.23,42.54,44.09,44.76,40.27,41.33,42.05,3.7899194657779933,-0.03388258942434587,44.252836264732686
2020-08-05,6.9353,44.92,42.25,43.88,43.3,44.63,45.23,42.54,44.09,44.76,40.27,41.33,42.05,3.7999295751677664,-0.034048371598309486,44.69803653073091
2020-08-06,6.952,45.04,41.93,43.61,43.3,44.63,45.23,42.54,44.09,44.76,40.27,41.33,42.05,3.7971064357978888,-0.03437537937954014,44.57202570080567
2020-08-07,6.967,44.07,41.16,43.33,43.3,44.63,45.23,42.54,44.09,44.76,40.27,41.33,42.05,3.7909085931191466,-0.03458604313523671,44.296629610032795
2020-08-10,6.9611,44.19,41.94,43.78,43.3,44.63,45.23,42.54,44.09,44.76,40.27,41.33,42.05,3.797987992758472,-0.03437391269054166,44.61133580481161
2020-08-11,6.9451,43.68,41.53,43.38,43.3,44.63,45.23,42.54,44.09,44.76,40.27,41.33,42.05,3.791866067435366,-0.0346114268729691,44.33906280628552
2020-08-12,6.9363,45.09,42.6,43.97,43.3,44.63,45.23,42.54,44.09,44.76,40.27,41.33,42.05,3.8021733424135875,-0.03428028568433709,44.79844112119295
2020-08-13,6.944,44.87,42.26,43.59,43.3,44.63,45.23,42.54,44.09,44.76,40.27,41.33,42.05,3.797223963293846,-0.0345127755064965,44.57726444721836
2020-08-14,6.9501,44.86,42.05,43.39,43.3,44.63,45.23,42.54,44.09,44.76,40.27,41.33,42.05,3.792687376958973,-0.03456936631481636,44.37549385937368
2020-08-17,6.9318,44.91,42.89,43.78,43.3,44.63,45.23,42.54,44.09,44.76,40.27,41.33,42.05,3.798974988360911,-0.03436497003938,44.655388733517135
2020-08-18,6.9215,45.34,42.89,43.96,43.3,44.63,45.23,42.54,44.09,44.76,40.27,41.33,42.05,3.803551688989371,-0.034322362340652834,44.86023147359046
2020-08-19,6.9192,45.21,42.91,43.96,43.3,44.63,45.23,42.54,44.09,44.76,40.27,41.33,42.05,3.8043709208470906,-0.03440109165938895,44.89699746223663
2020-08-20,6.9143,44.56,42.62,43.78,43.3,44.63,45.23,42.54,44.09,44.76,40.27,41.33,42.05,3.800957528335126,-0.03454517125351077,44.74400764298455
2020-08-21,6.9179,43.94,42.32,43.69,43.3,44.63,45.23,42.54,44.09,44.76,40.27,41.33,42.05,3.798317262054076,-0.034598165988090394,44.62602736653538
2020-08-24,6.918,44.43,42.44,43.91,43.3,44.63,45.23,42.54,44.09,44.76,40.27,41.33,42.05,3.8019786584702002,-0.03445636072438007,44.7897204329344
2020-08-25,6.9116,46.01,43.17,44.0,43.3,44.63,45.23,42.54,44.09,44.76,40.27,41.33,42.05,3.805268591630737,-0.03435451809814281,44.93731827983431
2020-08-26,6.8855,45.79,43.21,43.96,43.3,44.63,45.23,42.54,44.09,44.76,40.27,41.33,42.05,3.8050895541120773,-0.034410426187375096,44.92927353405141
2020-08-27,6.8925,44.84,42.88,43.96,43.3,44.63,45.23,42.54,44.09,44.76,40.27,41.33,42.05,3.8044801428659922,-0.03448054800032554,44.901901470750055
2020-08-28,6.8647,45.22,42.96,43.94,43.3,44.63,45.23,42.54,44.09,44.76,40.27,41.33,42.05,3.804240856485966,-0.03447661339382899,44.89115834268421
2020-08-31,6.8474,45.22,42.61,43.99,45.28,46.9,47.61,43.99,46.81,47.79,42.61,43.71,44.43,3.806251090297452,-0.03690353877804193,44.98149083131312
2020-09-01,6.8272,45.72,42.76,44.85,45.28,46.9,47.61,43.99,46.81,47.79,42.61,43.71,44.43,3.822200787718676,-0.03738742146197668,45.704684024734554
2020-09-02,6.8375,42.7,42.76,43.83,45.28,46.9,47.61,43.99,46.81,47.79,42.61,43.71,44.43,3.8060215062649885,-0.03839721056648588,44.97116498463197
2020-09-03,6.8474,42.72,41.39,43.61,45.28,46.9,47.61,43.99,46.81,47.79,42.61,43.71,44.43,3.798770991308036,-0.03849318007993477,44.6462800949198
2020-09-04,6.8409,41.1,39.69,42.61,45.28,46.9,47.61,43.99,46.81,47.79,42.61,43.71,44.43,3.7780921977876685,-0.03885410704590421,43.73252908235766
2020-09-07,6.8409,40.67,39.69,42.61,45.28,46.9,47.61,43.99,46.81,47.79,42.61,43.71,44.43,3.7738882118211183,-0.03861902254742708,43.549064056216956
2020-09-08,6.8435,38.53,36.87,40.2,45.28,46.9,47.61,43.99,46.81,47.79,42.61,43.71,44.43,3.726015746950377,-0.03952133504312807,41.51337842406865
2020-09-09,6.8308,39.98,38.05,40.78,45.28,46.9,47.61,43.99,46.81,47.79,42.61,43.71,44.43,3.7291461643446753,-0.0386107284462706,41.6435362438447
2020-09-10,6.8335,39.27,37.25,40.25,45.28,46.9,47.61,43.99,46.81,47.79,42.61,43.71,44.43,3.718870142969728,-0.03862481816447679,41.21779757149679
2020-09-11,6.833,38.8,37.33,40.24,45.28,46.9,47.61,43.99,46.81,47.79,42.61,43.71,44.43,3.7164323800045604,-0.03847816077821923,41.117440723873564
2020-09-14,6.808,38.57,37.23,40.15,45.28,46.9,47.61,43.99,46.81,47.79,42.61,43.71,44.43,3.7140424086233383,-0.03843708736346085,41.01928855443252
2020-09-15,6.7819,39.54,38.29,40.69,45.28,46.9,47.61,43.99,46.81,47.79,42.61,43.71,44.43,3.724788206938224,-0.038107113112579756,41.46245035552949
2020-09-16,6.7529,41.23,40.17,41.58,45.28,46.9,47.61,43.99,46.81,47.79,42.61,43.71,44.43,3.7450549256017402,-0.037753239093630854,42.31133113033887
2020-09-17,6.7628,42.35,40.99,42.02,45.28,46.9,47.61,43.99,46.81,47.79,42.61,43.71,44.43,3.7579164303731933,-0.03777662631544939,42.85903310335437
2020-09-18,6.7675,42.16,41.09,42.01,45.28,46.9,47.61,43.99,46.81,47.79,42.61,43.71,44.43,3.760152027604572,-0.03803858828212438,42.95495582143031
2020-09-21,6.8043,40.37,39.26,41.41,45.28,46.9,47.61,43.99,46.81,47.79,42.61,43.71,44.43,3.7479741165626597,-0.038498596785174165,42.4350264429974
2020-09-22,6.7779,40.84,39.55,41.5,45.28,46.9,47.61,43.99,46.81,47.79,42.61,43.71,44.43,3.7477100287209404,-0.03835898916704812,42.42382134808056
2020-09-23,6.8089,41.09,39.92,41.49,45.28,46.9,47.61,43.99,46.81,47.79,42.61,43.71,44.43,3.7477073354886223,-0.038299341841997146,42.42370709102771
2020-09-24,6.8273,41.24,40.11,41.56,45.28,46.9,47.61,43.99,46.81,47.79,42.61,43.71,44.43,3.7491398804516525,-0.03824460801020818,42.484524510377184
2020-09-25,6.822,40.91,40.06,41.6,45.28,46.9,47.61,43.99,46.81,47.79,42.61,43.71,44.43,3.749948407335481,-0.0382596860422234,42.51888828073458
2020-09-28,6.8106,41.59,40.47,41.62,45.28,46.9,47.61,43.99,46.81,47.79,42.61,43.71,44.43,3.750984966374948,-0.03822987189207143,42.56298446893301
2020-09-29,6.815,40.33,39.03,41.53,45.28,46.9,47.61,43.99,46.81,47.79,42.61,43.71,44.43,3.74836188677531,-0.03834565892643621,42.45148467302448
2020-09-30,6.7896,40.3,40.05,41.49,40.95,43.23,43.87,41.49,41.5,42.44,40.22,40.79,41.82,3.7496893958050768,-0.042730752651176956,42.50787682451851
2020-10-01,6.7898,39.75,38.51,40.3,40.95,43.23,43.87,41.49,41.5,42.44,40.22,40.79,41.82,3.72733024022362,-0.04466659370556378,41.56798336180572
2020-10-02,6.7898,38.0,36.9,38.48,40.95,43.23,43.87,41.49,41.5,42.44,40.22,40.79,41.82,3.6860764749810846,-0.04573190290940701,39.88803782181485
2020-10-05,6.7896,39.78,39.12,40.42,40.95,43.23,43.87,41.49,41.5,42.44,40.22,40.79,41.82,3.7179133915947786,-0.044422633718354275,41.178381245816496
2020-10-06,6.7896,41.27,40.52,41.56,40.95,43.23,43.87,41.49,41.5,42.44,40.22,40.79,41.82,3.7466230413852895,-0.044050379639880684,42.37773224521885
2020-10-07,6.7896,40.62,39.82,40.98,40.95,43.23,43.87,41.49,41.5,42.44,40.22,40.79,41.82,3.740721888195651,-0.044721981799049765,42.12839117890396
2020-10-08,6.7896,42.0,41.04,41.88,40.95,43.23,43.87,41.49,41.5,42.44,40.22,40.79,41.82,3.757559642570698,-0.044401074094137044,42.84374425071661
2020-10-09,6.6933,41.63,40.44,41.48,40.95,43.23,43.87,41.49,41.5,42.44,40.22,40.79,41.82,3.752997685470096,-0.04478043312187455,42.64873807052656
2020-10-12,6.6933,40.5,39.22,40.78,40.95,43.23,43.87,41.49,41.5,42.44,40.22,40.79,41.82,3.738036890698174,-0.04515705306649602,42.01542827443822
2020-10-13,6.7452,41.34,40.03,41.24,40.95,43.23,43.87,41.49,41.5,42.44,40.22,40.79,41.82,3.7445606567281806,-0.04477411382257476,42.29042312387632
2020-10-14,6.7136,41.81,40.86,41.78,40.95,43.23,43.87,41.49,41.5,42.44,40.22,40.79,41.82,3.7563093341607328,-0.04453801824055496,42.79020983120707
2020-10-15,6.7233,41.61,40.84,41.65,40.95,43.23,43.87,41.49,41.5,42.44,40.22,40.79,41.82,3.7560327963885927,-0.04474124557134293,42.778378357910974
2020-10-16,6.6962,41.34,40.7,41.48,40.95,43.23,43.87,41.49,41.5,42.44,40.22,40.79,41.82,3.752660893064733,-0.04488440170772876,42.63437671797908
2020-10-19,6.6803,41.29,40.69,41.37,40.95,43.23,43.87,41.49,41.5,42.44,40.22,40.79,41.82,3.749948862679918,-0.04491449731763276,42.51890764147822
2020-10-20,6.6754,41.62,41.37,41.59,40.95,43.23,43.87,41.49,41.5,42.44,40.22,40.79,41.82,3.753899422913798,-0.04477337959507786,42.68721337927755
2020-10-21,6.6503,40.09,39.88,41.07,40.95,43.23,43.87,41.49,41.5,42.44,40.22,40.79,41.82,3.743632884983109,-0.04509234595604105,42.25120545954839
2020-10-22,6.6821,41.28,40.46,41.31,40.95,43.23,43.87,41.49,41.5,42.44,40.22,40.79,41.82,3.7470362635569052,-0.04483722817650963,42.39524728231698
2020-10-23,6.6861,40.71,39.73,41.14,40.95,43.23,43.87,41.49,41.5,42.44,40.22,40.79,41.82,3.7439396195346353,-0.044915111744607904,42.264167351934965
2020-10-26,6.7119,39.06,38.39,40.89,40.95,43.23,43.87,41.49,41.5,42.44,40.22,40.79,41.82,3.737274362727984,-0.04508285861691775,41.983402547007685
2020-10-27,6.7044,39.72,39.34,40.98,40.95,43.23,43.87,41.49,41.5,42.44,40.22,40.79,41.82,3.7383836075543404,-0.044941858720939004,42.02999825732339
2020-10-28,6.7279,37.86,37.27,40.75,40.95,43.23,43.87,41.49,41.5,42.44,40.22,40.79,41.82,3.7324746517557195,-0.04511946586554425,41.782377166933145
2020-10-29,6.714,36.56,35.94,40.68,40.95,43.23,43.87,41.49,41.5,42.44,40.22,40.79,41.82,3.7287785183536384,-0.04517883119397382,41.6282289786918
2020-10-30,6.6919,36.33,35.64,40.66,37.46,39.24,40.01,40.66,38.34,39.04,35.79,36.95,38.03,3.729040669435181,-0.04821938125193173,41.63914329447861
2020-11-02,6.6899,37.78,36.6,38.36,37.46,39.24,40.01,40.66,38.34,39.04,35.79,36.95,38.03,3.6858540853138413,-0.05004534242203001,39.879168120658164
2020-11-03,6.6759,38.17,37.44,39.16,37.46,39.24,40.01,40.66,38.34,39.04,35.79,36.95,38.03,3.6941591137553544,-0.04948990489315492,40.211744864201606
2020-11-04,6.6504,39.68,38.97,40.55,37.46,39.24,40.01,40.66,38.34,39.04,35.79,36.95,38.03,3.7239658169185152,-0.04881097345841439,41.42836606737464
2020-11-05,6.6027,39.47,38.56,40.14,37.46,39.24,40.01,40.66,38.34,39.04,35.79,36.95,38.03,3.721564022212234,-0.04931423164609741,41.3289830336615
2020-11-06,6.608,38.08,36.97,39.28,37.46,39.24,40.01,40.66,38.34,39.04,35.79,36.95,38.03,3.703131785327323,-0.049864010533384406,40.57417519680792
2020-11-09,6.628,40.93,40.05,41.4,37.46,39.24,40.01,40.66,38.34,39.04,35.79,36.95,38.03,3.7428001995988307,-0.04868915717527077,42.216038141981734
2020-11-10,6.6146,42.25,41.18,42.19,37.46,39.24,40.01,40.66,38.34,39.04,35.79,36.95,38.03,3.7659713839148643,-0.048658997787431414,43.20565476038329
2020-11-11,6.6146,42.5,41.23,42.36,37.46,39.24,40.01,40.66,38.34,39.04,35.79,36.95,38.03,3.7737101967492834,-0.04899602362326704,43.541312356430815
2020-11-12,6.6114,42.16,40.9,42.37,37.46,39.24,40.01,40.66,38.34,39.04,35.79,36.95,38.03,3.775154705343293,-0.04926340522064327,43.60425360496688
2020-11-13,6.6039,41.51,39.93,41.87,37.46,39.24,40.01,40.66,38.34,39.04,35.79,36.95,38.03,3.7656710893305716,-0.04960113536496014,43.19268228412759
2020-11-16,6.583,42.71,41.14,42.52,37.46,39.24,40.01,40.66,38.34,39.04,35.79,36.95,38.03,3.776777992666997,-0.0492208497638108,43.67509331815204
2020-11-17,6.5556,42.54,41.24,42.49,37.46,39.24,40.01,40.66,38.34,39.04,35.79,36.95,38.03,3.778269058495538,-0.04932570953192352,43.74026433241883
2020-11-18,6.5588,42.91,41.64,42.69,37.46,39.24,40.01,40.66,38.34,39.04,35.79,36.95,38.03,3.7825101494266793,-0.04929148737145673,43.92616470234447
2020-11-19,6.5823,43.09,41.57,42.6,37.46,39.24,40.01,40.66,38.34,39.04,35.79,36.95,38.03,3.781778495426574,-0.049380181725253866,43.894037702587845
2020-11-20,6.5608,43.79,41.99,42.84,37.46,39.24,40.01,40.66,38.34,39.04,35.79,36.95,38.03,3.7864769424284366,-0.049264393221095354,44.100756761418545
2020-11-23,6.585,45.0,42.91,43.08,37.46,39.24,40.01,40.66,38.34,39.04,35.79,36.95,38.03,3.7925743137904275,-0.049156442361389246,44.37047690905367
2020-11-24,6.59,46.63,44.71,43.4,37.46,39.24,40.01,40.66,38.34,39.04,35.79,36.95,38.03,3.8007677890018714,-0.04903201931329628,44.73551875017114
2020-11-25,6.575,47.3,45.58,43.52,37.46,39.24,40.01,40.66,38.34,39.04,35.79,36.95,38.03,3.805030054786928,-0.049066204099445426,44.92660035212373
2020-11-26,6.575,46.32,45.58,43.52,37.46,39.24,40.01,40.66,38.34,39.04,35.79,36.95,38.03,3.8053699191345562,-0.049214023016091436,44.94187189682336
2020-11-27,6.575,46.88,45.58,43.44,37.46,39.24,40.01,40.66,38.34,39.04,35.79,36.95,38.03,3.80431948202795,-0.049264341083495075,44.894688073100845
2020-11-30,6.576,46.84,45.2,43.39,47.59,47.84,47.84,43.39,47.36,47.53,45.34,45.45,45.26,3.7866120469610896,-0.01757562358373166,44.1067153760593
2020-12-01,6.5705,47.03,44.54,46.96,47.59,47.84,47.84,43.39,47.36,47.53,45.34,45.45,45.26,3.8396819268980433,-0.005692746440001124,46.51067829106734
2020-12-02,6.5622,47.8,45.23,47.67,47.59,47.84,47.84,43.39,47.36,47.53,45.34,45.45,45.26,3.8604577451820528,-0.002539765881685961,47.4870833782389
2020-12-03,6.5418,48.37,45.65,48.04,47.59,47.84,47.84,43.39,47.36,47.53,45.34,45.45,45.26,3.8703967046973573,-0.0017474474339332032,47.96140882353625
2020-12-04,6.5301,49.1,46.23,48.35,47.59,47.84,47.84,43.39,47.36,47.53,45.34,45.45,45.26,3.8776729834596355,-0.0015339224518656153,48.31166212898882
2020-12-07,6.5295,48.63,45.72,48.23,47.59,47.84,47.84,43.39,47.36,47.53,45.34,45.45,45.26,3.876780768706518,-0.0016612200325680751,48.26857697475299
2020-12-08,6.5307,48.84,45.64,48.28,47.59,47.84,47.84,43.39,47.36,47.53,45.34,45.45,45.26,3.877504465677472,-0.0016567695250254287,48.303521440778844
2020-12-09,6.541,48.81,45.48,48.42,47.59,47.84,47.84,43.39,47.36,47.53,45.34,45.45,45.26,3.8798202396204475,-0.001622583543043593,48.4155110984026
2020-12-10,6.5419,50.33,46.76,49.29,47.59,47.84,47.84,43.39,47.36,47.53,45.34,45.45,45.26,3.8950410133997755,-0.0012939351067340343,49.15806946089508
2020-12-11,6.5445,50.01,46.59,49.22,47.59,47.84,47.84,43.39,47.36,47.53,45.34,45.45,45.26,3.8966568814953924,-0.0015071810713941061,49.23756662814973
2020-12-14,6.548,50.27,47.02,49.46,47.59,47.84,47.84,43.39,47.36,47.53,45.34,45.45,45.26,3.900979857985158,-0.001517163847491046,49.450880213701645
2020-12-15,6.5388,50.77,47.58,49.81,47.59,47.84,47.84,43.39,47.36,47.53,45.34,45.45,45.26,3.9076275028766463,-0.0014640150518312584,49.780707176576875
2020-12-16,6.5323,50.83,47.86,49.96,47.59,47.84,47.84,43.39,47.36,47.53,45.34,45.45,45.26,3.9113237363333813,-0.0015200805578410993,49.96504876684454
2020-12-17,6.5321,51.2,48.34,50.08,47.59,47.84,47.84,43.39,47.36,47.53,45.34,45.45,45.26,3.914185599808183,-0.0015515845287215112,50.10824672369252
2020-12-18,6.5395,52.17,49.04,50.34,47.59,47.84,47.84,43.39,47.36,47.53,45.34,45.45,45.26,3.9193470357468656,-0.001484853234084173,50.36754583137032
2020-12-21,6.5493,50.61,47.79,49.86,47.59,47.84,47.84,43.39,47.36,47.53,45.34,45.45,45.26,3.9119340277566357,-0.0017865542360552854,49.99555131434426
2020-12-22,6.5426,49.88,47.02,49.57,47.59,47.84,47.84,43.39,47.36,47.53,45.34,45.45,45.26,3.9055089154079017,-0.0018753915451752874,49.67535403349739
2020-12-23,6.54,51.05,47.94,49.81,47.59,47.84,47.84,43.39,47.36,47.53,45.34,45.45,45.26,3.90877294936509,-0.00165123608578489,49.83776098260731
2020-12-24,6.54,50.88,48.18,49.84,47.59,47.84,47.84,43.39,47.36,47.53,45.34,45.45,45.26,3.909819750563575,-0.0016402773157455182,49.88995852599272
2020-12-28,6.5346,50.88,47.5,49.77,47.59,47.84,47.84,43.39,47.36,47.53,45.34,45.45,45.26,3.9087689719951237,-0.0016731457940276995,49.83756275978779
2020-12-29,6.53,50.44,47.85,49.78,47.59,47.84,47.84,43.39,47.36,47.53,45.34,45.45,45.26,3.908608238982978,-0.0016881286713588235,49.82955286195215
2020-12-30,6.5208,50.74,48.24,49.82,47.59,47.84,47.84,43.39,47.36,47.53,45.34,45.45,45.26,3.9094336769792455,-0.0016637652801176311,49.870701048523415
2020-12-31,6.525,51.22,48.35,49.81,51.8,51.41,51.12,49.81,50.65,50.29,48.52,48.63,48.28,3.905302226188323,0.00676689215579341,49.66508773434314
2021-01-04,6.4601,50.37,47.47,50.61,51.8,51.41,51.12,49.81,50.65,50.29,48.52,48.63,48.28,3.9150112863633377,0.009791797572579006,50.149637514873
2021-01-05,6.455,53.16,49.78,52.84,51.8,51.41,51.12,49.81,50.65,50.29,48.52,48.63,48.28,3.951543912357488,0.011416561508760727,52.0156124196135
2021-01-06,6.4617,53.8,50.45,53.63,51.8,51.41,51.12,49.81,50.65,50.29,48.52,48.63,48.28,3.9702787175771936,0.01153579660360264,52.99930061794333
2021-01-07,6.476,53.7,50.63,53.78,51.8,51.41,51.12,49.81,50.65,50.29,48.52,48.63,48.28,3.976044594700437,0.011267286604856881,53.305770758452105
2021-01-08,6.475,55.51,52.14,55.06,51.8,51.41,51.12,49.81,50.65,50.29,48.52,48.63,48.28,3.996457970034193,0.011532147349416325,54.405103839180484
2021-01-11,6.4795,54.84,52.15,54.78,51.8,51.41,51.12,49.81,50.65,50.29,48.52,48.63,48.28,3.9961644607901765,0.011126015856252745,54.389137781489396
2021-01-12,6.461,55.98,53.08,55.37,51.8,51.41,51.12,49.81,50.65,50.29,48.52,48.63,48.28,4.005114219381793,0.011222047175059417,54.87809218287516
2021-01-13,6.4677,55.52,52.81,54.96,51.8,51.41,51.12,49.81,50.65,50.29,48.52,48.63,48.28,4.0008517460798,0.010947951507514576,54.64467360372109
2021-01-14,6.4736,55.76,53.47,55.17,51.8,51.41,51.12,49.81,50.65,50.29,48.52,48.63,48.28,4.003252027646272,0.01100612206958579,54.77599374608804
2021-01-15,6.48,54.8,52.25,54.53,51.8,51.41,51.12,49.81,50.65,50.29,48.52,48.63,48.28,3.9940329908655023,0.010754107782227601,54.273332431732804
2021-01-18,6.48,54.21,52.25,54.53,51.8,51.41,51.12,49.81,50.65,50.29,48.52,48.63,48.28,3.99202749343801,0.010812341637633748,54.164596474445695
2021-01-19,6.4777,55.38,52.87,54.89,51.8,51.41,51.12,49.81,50.65,50.29,48.52,48.63,48.28,3.9973440599582966,0.011028560671166454,54.4533330180513
2021-01-20,6.4777,55.66,53.16,54.97,51.8,51.41,51.12,49.81,50.65,50.29,48.52,48.63,48.28,3.9996503646155173,0.011035897031967808,54.57906392474921
2021-01-21,6.4595,55.68,53.0,54.95,51.8,51.41,51.12,49.81,50.65,50.29,48.52,48.63,48.28,3.999788407601109,0.010992061702023041,54.58659870173378
2021-01-22,6.481,55.22,52.28,54.76,51.8,51.41,51.12,49.81,50.65,50.29,48.52,48.63,48.28,3.9967942841373265,0.01090192396213369,54.42340412003283
2021-01-25,6.4784,55.44,52.78,54.87,51.8,51.41,51.12,49.81,50.65,50.29,48.52,48.63,48.28,3.9979796589914867,0.01096751679850053,54.487954505397944
2021-01-26,6.4635,55.26,52.61,54.82,51.8,51.41,51.12,49.81,50.65,50.29,48.52,48.63,48.28,3.9973829992404806,0.010944494925233878,54.455453433035004
2021-01-27,6.4822,55.07,52.81,54.81,51.8,51.41,51.12,49.81,50.65,50.29,48.52,48.63,48.28,3.9970941828420425,0.010934092440735808,54.43972807607896
2021-01-28,6.4491,54.87,52.26,54.76,51.8,51.41,51.12,49.81,50.65,50.29,48.52,48.63,48.28,3.996126583714842,0.0109152973994369,54.38707771903509
2021-01-29,6.4282,55.25,52.16,54.77,55.88,54.19,53.6,54.77,53.97,53.05,52.2,51.54,50.64,3.9892273547604935,0.02438555906174812,54.013140241095186
2021-02-01,6.4669,56.42,53.55,55.66,55.88,54.19,53.6,54.77,53.97,53.05,52.2,51.54,50.64,3.999261281177767,0.029185555640818022,54.557832245643375
2021-02-02,6.457,57.62,54.77,56.71,55.88,54.19,53.6,54.77,53.97,53.05,52.2,51.54,50.64,4.015711340116024,0.030906011334411884,55.46273424142701
2021-02-03,6.4614,58.61,55.67,57.69,55.88,54.19,53.6,54.77,53.97,53.05,52.2,51.54,50.64,4.0324626313261795,0.031476296967311385,56.399631868371614
2021-02-04,6.4715,58.98,56.19,57.97,55.88,54.19,53.6,54.77,53.97,53.05,52.2,51.54,50.64,4.039620480780364,0.031443878795639965,56.804780208161596
2021-02-05,6.4664,59.48,56.8,58.4,55.88,54.19,53.6,54.77,53.97,53.05,52.2,51.54,50.64,4.047035241305566,0.031439275586426084,57.22753944243944
2021-02-08,6.4475,60.17,57.95,59.36,55.88,54.19,53.6,54.77,53.97,53.05,52.2,51.54,50.64,4.0615503667946635,0.031587019623238594,58.06426223642595
2021-02-09,6.4344,60.74,58.34,59.63,55.88,54.19,53.6,54.77,53.97,53.05,52.2,51.54,50.64,4.068141934616499,0.031463704191475796,58.44826094539415
2021-02-10,6.4576,61.17,58.69,59.69,55.88,54.19,53.6,54.77,53.97,53.05,52.2,51.54,50.64,4.070447930845127,0.03133564076548072,58.583197937005714
2021-02-11,6.4567,61.09,58.22,59.56,55.88,54.19,53.6,54.77,53.97,53.05,52.2,51.54,50.64,4.069105597645319,0.031216071772603302,58.50461252117031
2021-02-12,6.4567,62.47,59.5,60.23,55.88,54.19,53.6,54.77,53.97,53.05,52.2,51.54,50.64,4.078267306437509,0.03143526456499766,59.04307760782923
2021-02-15,6.4567,63.58,59.5,60.23,55.88,54.19,53.6,54.77,53.97,53.05,52.2,51.54,50.64,4.080425348209416,0.031386302056327996,59.17063262066835
2021-02-16,6.4567,63.96,60.07,60.6,55.88,54.19,53.6,54.77,53.97,53.05,52.2,51.54,50.64,4.085824399666722,0.031441801922311496,59.49096186987228
2021-02-17,6.4567,65.02,61.09,60.89,55.88,54.19,53.6,54.77,53.97,53.05,52.2,51.54,50.64,4.09112844124189,0.0314760532897671,59.80734271182205
2021-02-18,6.4869,64.09,60.4,60.59,55.88,54.19,53.6,54.77,53.97,53.05,52.2,51.54,50.64,4.087871476605468,0.031274445645652384,59.61286918023048
2021-02-19,6.4555,62.84,59.12,60.2,55.88,54.19,53.6,54.77,53.97,53.05,52.2,51.54,50.64,4.081574144860812,0.031119030673096192,59.23864670498008
2021-02-22,6.4625,64.73,61.67,60.62,55.88,54.19,53.6,54.77,53.97,53.05,52.2,51.54,50.64,4.0869306607084335,0.03136248319348775,59.55681081967121
2021-02-23,6.464,65.16,61.66,60.63,55.88,54.19,53.6,54.77,53.97,53.05,52.2,51.54,50.64,4.088215529732595,0.03136372478712583,59.633382702957405
2021-02-24,6.4556,66.85,63.21,60.81,55.88,54.19,53.6,54.77,53.97,53.05,52.2,51.54,50.64,4.091644442402577,0.03144963053534015,59.8382113335164
2021-02-25,6.4541,66.69,63.43,60.84,55.88,54.19,53.6,54.77,53.97,53.05,52.2,51.54,50.64,4.092662325274896,0.031414181531491926,59.89915063321613
2021-02-26,6.473,65.86,61.55,60.85,66.13,62.67,61.66,60.85,63.25,61.62,61.5,60.21,58.35,4.085667785271097,0.0441817651254732,59.481645458395015
2021-03-01,6.4648,64.56,60.54,62.28,66.13,62.67,61.66,60.85,63.25,61.62,61.5,60.21,58.35,4.0997939976239,0.04877260622550193,60.327858634984196
2021-03-02,6.4702,63.17,59.7,61.33,66.13,62.67,61.66,60.85,63.25,61.62,61.5,60.21,58.35,4.0893721190875265,0.04969843157375751,59.70239393972812
2021-03-03,6.4675,64.7,61.33,62.55,66.13,62.67,61.66,60.85,63.25,61.62,61.5,60.21,58.35,4.103290042656869,0.050562852115359824,60.539136649048054
2021-03-04,6.4694,67.32,63.81,64.8,66.13,62.67,61.66,60.85,63.25,61.62,61.5,60.21,58.35,4.134512145975379,0.05124846379599438,62.45911270706551
2021-03-05,6.496,69.95,66.08,66.89,66.13,62.67,61.66,60.85,63.25,61.62,61.5,60.21,58.35,4.1662526519124095,0.05149735480142026,64.4733946018361
2021-03-08,6.525,68.0,65.03,65.84,66.13,62.67,61.66,60.85,63.25,61.62,61.5,60.21,58.35,4.1593190383978,0.05066654996219168,64.02790720514152
2021-03-09,6.505,67.03,64.02,65.37,66.13,62.67,61.66,60.85,63.25,61.62,61.5,60.21,58.35,4.152044660279541,0.05037625132805877,63.563833966545424
2021-03-10,6.505,67.53,64.45,65.54,66.13,62.67,61.66,60.85,63.25,61.62,61.5,60.21,58.35,4.152930899989136,0.05047603633696574,63.62019172985585
2021-03-11,6.4932,69.34,66.02,66.65,66.13,62.67,61.66,60.85,63.25,61.62,61.5,60.21,58.35,4.16694141896309,0.050825738151887484,64.51781704828589
2021-03-12,6.5081,68.87,65.59,66.5,66.13,62.67,61.66,60.85,63.25,61.62,61.5,60.21,58.35,4.167634290331783,0.05062821466364117,64.5625350866245
2021-03-15,6.4996,68.78,65.36,66.38,66.13,62.67,61.66,60.85,63.25,61.62,61.5,60.21,58.35,4.166331115577292,0.05052015139528269,64.47845361913592
2021-03-16,6.5052,67.95,64.82,66.05,66.13,62.67,61.66,60.85,63.25,61.62,61.5,60.21,58.35,4.161868416468843,0.05039864818777417,64.19134679383615
2021-03-17,6.503,67.73,64.55,65.77,66.13,62.67,61.66,60.85,63.25,61.62,61.5,60.21,58.35,4.157619843826395,0.05036598450211938,63.91920371314651
2021-03-18,6.5054,62.11,59.95,63.9,66.13,62.67,61.66,60.85,63.25,61.62,61.5,60.21,58.35,4.131656888806965,0.0497586351707091,62.28103023438889
2021-03-19,6.507,64.0,61.43,64.57,66.13,62.67,61.66,60.85,63.25,61.62,61.5,60.21,58.35,4.1357425183780965,0.05028176844625568,62.53600797084327
2021-03-22,6.507,63.89,61.48,64.71,66.13,62.67,61.66,60.85,63.25,61.62,61.5,60.21,58.35,4.138101055804648,0.05040565391930764,62.68367555746196
2021-03-23,6.516,59.96,57.75,63.72,66.13,62.67,61.66,60.85,63.25,61.62,61.5,60.21,58.35,4.124424932068685,0.05000256167786186,61.83224128526553
2021-03-24,6.523,63.7,61.12,64.5,66.13,62.67,61.66,60.85,63.25,61.62,61.5,60.21,58.35,4.133301061458908,0.0504656565275143,62.38351522946079
2021-03-25,6.5452,61.21,58.47,64.05,66.13,62.67,61.66,60.85,63.25,61.62,61.5,60.21,58.35,4.128099337560541,0.050245957833722564,62.059855930378674
2021-03-26,6.5412,63.77,60.93,64.43,66.13,62.67,61.66,60.85,63.25,61.62,61.5,60.21,58.35,4.133131230540745,0.050463616717273,62.37292147938979
2021-03-29,6.5696,64.06,61.49,64.42,66.13,62.67,61.66,60.85,63.25,61.62,61.5,60.21,58.35,4.13417153778065,0.050448003733651714,62.437842244094576
2021-03-30,6.5716,63.28,60.55,64.41,66.13,62.67,61.66,60.85,63.25,61.62,61.5,60.21,58.35,4.133785665568803,0.05039312837723112,62.41375386362215
2021-03-31,6.5518,63.52,59.19,64.41,63.54,61.81,60.74,64.41,61.92,60.46,59.16,58.99,57.53,4.137451843852647,0.04288266589210334,62.6429937730739
2021-04-01,6.5645,63.85,61.41,63.27,63.54,61.81,60.74,64.41,61.92,60.46,59.16,58.99,57.53,4.125990321619329,0.0400945935974209,61.92910862744837
2021-04-02,6.5646,63.85,61.41,63.27,63.54,61.81,60.74,64.41,61.92,60.46,59.16,58.99,57.53,4.124153983577017,0.03940224346490336,61.81549020219567
2021-04-05,6.5649,63.85,58.73,60.71,63.54,61.81,60.74,64.41,61.92,60.46,59.16,58.99,57.53,4.091523558071223,0.038566126401835515,59.830978268540804
2021-04-06,6.537,61.47,59.34,60.96,63.54,61.81,60.74,64.41,61.92,60.46,59.16,58.99,57.53,4.087715740770732,0.038853242512286675,59.603586043165016
2021-04-07,6.5415,61.86,59.77,61.46,63.54,61.81,60.74,64.41,61.92,60.46,59.16,58.99,57.53,4.093469430699661,0.039162369123238325,59.94751507760827
2021-04-08,6.5505,62.09,59.61,61.47,63.54,61.81,60.74,64.41,61.92,60.46,59.16,58.99,57.53,4.094722375755372,0.03917041773272518,60.02267309482759
2021-04-09,6.5522,61.89,59.29,61.19,63.54,61.81,60.74,64.41,61.92,60.46,59.16,58.99,57.53,4.091305010463792,0.039069776428893435,59.81790378014109
2021-04-12,6.5475,62.38,59.7,61.3,63.54,61.81,60.74,64.41,61.92,60.46,59.16,58.99,57.53,4.09230789428244,0.03914825167007515,59.877924279670935
2021-04-13,6.5431,62.83,60.2,61.53,63.54,61.81,60.74,64.41,61.92,60.46,59.16,58.99,57.53,4.095645926115753,0.03923205519906601,60.078132662105055
2021-04-14,6.5292,66.11,63.15,63.26,63.54,61.81,60.74,64.41,61.92,60.46,59.16,58.99,57.53,4.1194177538021215,0.039765575384346885,61.5234100622698
2021-04-15,6.522,66.13,63.42,63.48,63.54,61.81,60.74,64.41,61.92,60.46,59.16,58.99,57.53,4.1266847985245025,0.03955509661257581,61.97213190075378
2021-04-16,6.5203,65.98,63.16,63.42,63.54,61.81,60.74,64.41,61.92,60.46,59.16,58.99,57.53,4.127291122503795,0.03933297503892449,62.009718484044974
2021-04-19,6.5085,66.54,63.33,63.47,63.54,61.81,60.74,64.41,61.92,60.46,59.16,58.99,57.53,4.128276829049639,0.039284890974836284,62.07087200422173
2021-04-20,6.4981,65.34,62.61,63.23,63.54,61.81,60.74,64.41,61.92,60.46,59.16,58.99,57.53,4.124991624987402,0.039144173780966046,61.867291108855724
2021-04-21,6.4903,64.02,61.34,62.71,63.54,61.81,60.74,64.41,61.92,60.46,59.16,58.99,57.53,4.117286741557864,0.03897779913896889,61.39244251840104
2021-04-22,6.491,65.07,61.45,62.68,63.54,61.81,60.74,64.41,61.92,60.46,59.16,58.99,57.53,4.115850353932277,0.03910276085466089,61.30432247608308
2021-04-23,6.4945,65.75,62.18,62.8,63.54,61.81,60.74,64.41,61.92,60.46,59.16,58.99,57.53,4.117413054978385,0.039224797075415485,61.400197697591
2021-04-26,6.4844,65.5,62.02,62.62,63.54,61.81,60.74,64.41,61.92,60.46,59.16,58.99,57.53,4.115366384893079,0.0391798932771997,61.274660260411615
2021-04-27,6.483,66.25,63.03,62.75,63.54,61.81,60.74,64.41,61.92,60.46,59.16,58.99,57.53,4.117033264922867,0.03926179929737393,61.37688294073523
2021-04-28,6.4771,67.08,63.81,62.81,63.54,61.81,60.74,64.41,61.92,60.46,59.16,58.99,57.53,4.1185195292958,0.03930282846350225,61.4681730389772
2021-04-29,6.471,68.26,65.0,62.9,63.54,61.81,60.74,64.41,61.92,60.46,59.16,58.99,57.53,4.12053371544564,0.039353070580892824,61.59210615204901
2021-04-30,6.4749,67.73,63.5,62.89,67.25,65.16,64.04,62.89,64.31,62.82,63.58,62.56,60.96,4.119465748323344,0.040986433733431096,61.52636291973961
2021-05-03,6.4749,67.73,64.46,65.03,67.25,65.16,64.04,62.89,64.31,62.82,63.58,62.56,60.96,4.145007223136137,0.042066620642768365,63.11807781056721
2021-05-04,6.4749,68.91,65.72,66.35,67.25,65.16,64.04,62.89,64.31,62.82,63.58,62.56,60.96,4.16593374009224,0.0423087531876959,64.45283655248784
2021-05-05,6.4749,69.71,65.63,66.65,67.25,65.16,64.04,62.89,64.31,62.82,63.58,62.56,60.96,4.173687691526115,0.04210634071840079,64.95454330809416
2021-05-06,6.4635,68.62,64.73,66.01,67.25,65.16,64.04,62.89,64.31,62.82,63.58,62.56,60.96,4.167246605968624,0.04170447302859304,64.53751005254614
2021-05-07,6.431,68.73,64.96,66.15,67.25,65.16,64.04,62.89,64.31,62.82,63.58,62.56,60.96,4.167766786998837,0.04173006359879967,64.57108997407455
2021-05-10,6.4156,68.61,64.92,66.2,67.25,65.16,64.04,62.89,64.31,62.82,63.58,62.56,60.96,4.1683982634788785,0.041736269979151086,64.61187797566026
2021-05-11,6.4285,68.83,65.31,66.32,67.25,65.16,64.04,62.89,64.31,62.82,63.58,62.56,60.96,4.17006203340507,0.04176229677298181,64.71946675177767
2021-05-12,6.4566,69.62,65.96,66.77,67.25,65.16,64.04,62.89,64.31,62.82,63.58,62.56,60.96,4.175979046069524,0.04187645707903243,65.10354784193277
2021-05-13,6.4506,67.36,63.82,65.42,67.25,65.16,64.04,62.89,64.31,62.82,63.58,62.56,60.96,4.160198540875811,0.041397611984222454,64.08424467903274
2021-05-14,6.4367,69.24,65.32,66.33,67.25,65.16,64.04,62.89,64.31,62.82,63.58,62.56,60.96,4.168777062788305,0.04182257402694461,64.63635754654773
2021-05-17,6.4388,69.62,66.24,66.82,67.25,65.16,64.04,62.89,64.31,62.82,63.58,62.56,60.96,4.176349043189848,0.041930078185129206,65.12764042397531
2021-05-18,6.425,69.01,65.49,66.64,67.25,65.16,64.04,62.89,64.31,62.82,63.58,62.56,60.96,4.175380668144477,0.04176194028182013,65.06460296910005
2021-05-19,6.4342,66.88,63.28,65.92,67.25,65.16,64.04,62.89,64.31,62.82,63.58,62.56,60.96,4.16569953539495,0.04147705693261385,64.43774316295392
2021-05-20,6.4339,65.18,61.95,65.39,67.25,65.16,64.04,62.89,64.31,62.82,63.58,62.56,60.96,4.156784010263556,0.0413703175945171,63.86580021869871
2021-05-21,6.4339,66.72,63.61,65.73,67.25,65.16,64.04,62.89,64.31,62.82,63.58,62.56,60.96,4.159930195330524,0.04163806743005456,64.0670502645755
2021-05-24,6.4177,68.59,66.13,66.26,67.25,65.16,64.04,62.89,64.31,62.82,63.58,62.56,60.96,4.16780297326555,0.04185761638909468,64.57342660303497
2021-05-25,6.41,68.8,66.27,66.3,67.25,65.16,64.04,62.89,64.31,62.82,63.58,62.56,60.96,4.169860297173175,0.04180098185157235,64.70641180729682
2021-05-26,6.3905,68.93,66.41,66.33,67.25,65.16,64.04,62.89,64.31,62.82,63.58,62.56,60.96,4.170684827938383,0.04175638646207383,64.75978623594354
2021-05-27,6.3824,69.43,66.87,66.32,67.25,65.16,64.04,62.89,64.31,62.82,63.58,62.56,60.96,4.1709858528939545,0.041741748303719586,64.77928348214962
2021-05-28,6.3674,69.36,66.31,66.28,67.25,65.16,64.04,62.89,64.31,62.82,63.58,62.56,60.96,4.1704576928649635,0.04172218450863364,64.74507868750545
2021-06-01,6.3796,70.03,67.8,68.49,69.63,67.65,66.8,66.28,66.61,65.24,66.32,65.32,63.61,4.197772382403123,0.03911982250604807,66.53794473176512
2021-06-02,6.3805,70.6,68.79,69.5,69.63,67.65,66.8,66.28,66.61,65.24,66.32,65.32,63.61,4.215072001944032,0.038024527828973274,67.69904015795115
2021-06-03,6.4036,70.71,68.81,69.47,69.63,67.65,66.8,66.28,66.61,65.24,66.32,65.32,63.61,4.218282648845272,0.03734782837278136,67.91674717461554
2021-06-04,6.3945,71.3,69.57,70.03,69.63,67.65,66.8,66.28,66.61,65.24,66.32,65.32,63.61,4.225512716786459,0.037216981399811985,68.40956929292297
2021-06-07,6.3963,70.89,69.21,69.84,69.63,67.65,66.8,66.28,66.61,65.24,66.32,65.32,63.61,4.224640693050774,0.03698363975407394,68.34994052737962
2021-06-08,6.4,71.39,70.11,70.36,69.63,67.65,66.8,66.28,66.61,65.24,66.32,65.32,63.61,4.230540556971026,0.037057678680359675,68.7543877941877
2021-06-09,6.3865,71.31,69.9,70.34,69.63,67.65,66.8,66.28,66.61,65.24,66.32,65.32,63.61,4.231392607772545,0.03696636382066581,68.81299499002407
2021-06-10,6.3929,71.65,70.34,70.52,69.63,67.65,66.8,66.28,66.61,65.24,66.32,65.32,63.61,4.233726507339107,0.036972871774003095,68.97378517028461
2021-06-11,6.3967,72.05,71.0,70.61,69.63,67.65,66.8,66.28,66.61,65.24,66.32,65.32,63.61,4.235402417308913,0.0369643051581015,69.08947594108676
2021-06-14,6.3979,72.27,70.94,70.78,69.63,67.65,66.8,66.28,66.61,65.24,66.32,65.32,63.61,4.237643612863289,0.03697799623679165,69.2444926138722
2021-06-15,6.4052,73.38,72.06,71.39,69.63,67.65,66.8,66.28,66.61,65.24,66.32,65.32,63.61,4.245234613993257,0.03711513033521813,69.77212774130183
2021-06-16,6.3969,73.88,72.03,71.56,69.63,67.65,66.8,66.28,66.61,65.24,66.32,65.32,63.61,4.248674539206343,0.037076790715944725,70.0125519262176
2021-06-17,6.4477,72.92,71.06,70.94,69.63,67.65,66.8,66.28,66.61,65.24,66.32,65.32,63.61,4.242170672379994,0.036830188012093375,69.55867718267862
2021-06-18,6.4525,73.1,71.64,71.07,69.63,67.65,66.8,66.28,66.61,65.24,66.32,65.32,63.61,4.2425100072293604,0.03690329325434025,69.5822848711517
2021-06-21,6.4659,74.49,73.64,71.48,69.63,67.65,66.8,66.28,66.61,65.24,66.32,65.32,63.61,4.24776846923294,0.03705481746243593,69.94914438532834
2021-06-22,6.4811,74.92,73.15,71.41,69.63,67.65,66.8,66.28,66.61,65.24,66.32,65.32,63.61,4.248066990431492,0.037009791547943593,69.9700288048138
2021-06-23,6.4727,75.22,73.11,71.52,69.63,67.65,66.8,66.28,66.61,65.24,66.32,65.32,63.61,4.249404844502079,0.03702569490978093,70.06370113865432
2021-06-24,6.4701,75.95,73.31,71.6,69.63,67.65,66.8,66.28,66.61,65.24,66.32,65.32,63.61,4.25078256067159,0.037049898238433916,70.16029555717613
2021-06-25,6.4545,76.45,74.21,71.65,69.63,67.65,66.8,66.28,66.61,65.24,66.32,65.32,63.61,4.251882932287086,0.03705710440953101,70.23754044618958
2021-06-28,6.4555,74.78,72.98,71.54,69.63,67.65,66.8,66.28,66.61,65.24,66.32,65.32,63.61,4.250194689653247,0.03695954162305942,70.11906247383452
2021-06-29,6.4635,75.38,73.14,71.57,69.63,67.65,66.8,66.28,66.61,65.24,66.32,65.32,63.61,4.250417531702991,0.036987133200418895,70.13468969057813
2021-06-30,6.4566,76.94,73.52,71.57,75.13,72.39,71.27,71.57,70.93,69.24,73.47,70.85,68.77,4.247417157338318,0.04392675961656405,69.92457473494503
2021-07-01,6.4679,76.69,75.33,73.88,75.13,72.39,71.27,71.57,70.93,69.24,73.47,70.85,68.77,4.270579186564539,0.046722667699032466,71.56307198817944
2021-07-02,6.4721,77.51,75.37,74.23,75.13,72.39,71.27,71.57,70.93,69.24,73.47,70.85,68.77,4.278580942893042,0.04730697926944024,72.13799939925022
2021-07-05,6.4721,78.34,75.37,74.23,75.13,72.39,71.27,71.57,70.93,69.24,73.47,70.85,68.77,4.280300630463952,0.04737841373116072,72.26216094914565
2021-07-06,6.4786,75.81,73.62,72.93,75.13,72.39,71.27,71.57,70.93,69.24,73.47,70.85,68.77,4.265955078160356,0.04700420502995654,71.23292050198592
2021-07-07,6.4718,74.31,72.22,72.08,75.13,72.39,71.27,71.57,70.93,69.24,73.47,70.85,68.77,4.2534927745225435,0.046911171903184994,70.35070286769809
2021-07-08,6.4898,75.07,72.98,72.58,75.13,72.39,71.27,71.57,70.93,69.24,73.47,70.85,68.77,4.256782474119427,0.04724596483412598,70.58251663633328
2021-07-09,6.4788,77.14,74.56,73.72,75.13,72.39,71.27,71.57,70.93,69.24,73.47,70.85,68.77,4.270279946387524,0.04761121372597295,71.54166064557677
2021-07-12,6.4751,76.77,74.21,73.54,75.13,72.39,71.27,71.57,70.93,69.24,73.47,70.85,68.77,4.270792005639835,0.047429953588787765,71.5783035957162
2021-07-13,6.4685,77.5,75.24,74.36,75.13,72.39,71.27,71.57,70.93,69.24,73.47,70.85,68.77,4.279850005106864,0.04756067566189448,72.22960512285535
2021-07-14,6.4688,75.74,73.06,73.48,75.13,72.39,71.27,71.57,70.93,69.24,73.47,70.85,68.77,4.271522351854408,0.04719247141326983,71.63059963357492
2021-07-15,6.46,74.53,71.67,72.83,75.13,72.39,71.27,71.57,70.93,69.24,73.47,70.85,68.77,4.262504212769592,0.04704673659687052,70.98752893210023
2021-07-16,6.4785,74.46,71.76,72.92,75.13,72.39,71.27,71.57,70.93,69.24,73.47,70.85,68.77,4.261721672591285,0.04718250280637341,70.93200006816939
2021-07-19,6.4893,69.33,66.45,71.01,75.13,72.39,71.27,71.57,70.93,69.24,73.47,70.85,68.77,4.238504181535598,0.04664621998888095,69.30410790279147
2021-07-20,6.4845,70.03,67.32,71.28,75.13,72.39,71.27,71.57,70.93,69.24,73.47,70.85,68.77,4.237394464197225,0.04698430616504163,69.2272425899046
2021-07-21,6.4664,72.54,70.26,72.28,75.13,72.39,71.27,71.57,70.93,69.24,73.47,70.85,68.77,4.249205444059329,0.04741933309037931,70.04973179841915
2021-07-22,6.47,74.25,72.15,72.81,75.13,72.39,71.27,71.57,70.93,69.24,73.47,70.85,68.77,4.257927451834397,0.04751434344825342,70.66337832853223
2021-07-23,6.4808,74.86,72.24,72.87,75.13,72.39,71.27,71.57,70.93,69.24,73.47,70.85,68.77,4.260446145412101,0.0474197834379469,70.84158205178616
2021-07-26,6.4825,74.79,72.15,72.83,75.13,72.39,71.27,71.57,70.93,69.24,73.47,70.85,68.77,4.260487271942365,0.04733176304511027,70.84449558016561
2021-07-27,6.5104,74.87,71.68,72.81,75.13,72.39,71.27,71.57,70.93,69.24,73.47,70.85,68.77,4.2602431907408755,0.04730353437892602,70.82720588069664
2021-07-28,6.4905,75.09,72.37,72.81,75.13,72.39,71.27,71.57,70.93,69.24,73.47,70.85,68.77,4.260382217859419,0.0473033759470274,70.83705346756969
2021-07-29,6.4562,76.3,73.62,72.89,75.13,72.39,71.27,71.57,70.93,69.24,73.47,70.85,68.77,4.261833651378457,0.047356237489910115,70.93994339224228
2021-07-30,6.4609,77.72,73.93,72.9,76.33,72.87,71.71,72.9,71.83,70.01,73.95,71.43,69.34,4.261656167861818,0.04939497893371401,70.927353838871
2021-08-02,6.462,73.91,71.31,71.37,76.33,72.87,71.71,72.9,71.83,70.01,73.95,71.43,69.34,4.243382276412404,0.04959294631054125,69.64300583259228
2021-08-03,6.47,73.24,70.64,70.95,76.33,72.87,71.71,72.9,71.83,70.01,73.95,71.43,69.34,4.234938223980012,0.04987767619916891,69.05741250964884
2021-08-04,6.4655,70.99,68.19,69.39,76.33,72.87,71.71,72.9,71.83,70.01,73.95,71.43,69.34,4.214973025913492,0.04969580233626035,67.69233990727257
2021-08-05,6.4608,72.14,69.1,70.22,76.33,72.87,71.71,72.9,71.83,70.01,73.95,71.43,69.34,4.220829588183305,0.05023530063634559,68.08994748141542
2021-08-06,6.4825,71.02,68.26,69.74,76.33,72.87,71.71,72.9,71.83,70.01,73.95,71.43,69.34,4.216090377041232,0.050153352734558045,67.7680182913977
2021-08-09,6.4857,69.65,66.56,68.49,76.33,72.87,71.71,72.9,71.83,70.01,73.95,71.43,69.34,4.200484578558575,0.0498795511590748,66.71865363788382
2021-08-10,6.4852,71.14,68.33,69.71,76.33,72.87,71.71,72.9,71.83,70.01,73.95,71.43,69.34,4.211916961994355,0.050410567560099685,67.48578357511845
2021-08-11,6.4783,71.99,69.3,70.42,76.33,72.87,71.71,72.9,71.83,70.01,73.95,71.43,69.34,4.222316806424875,0.050562064494379735,68.19128743201009
2021-08-12,6.4782,71.79,69.12,70.44,76.33,72.87,71.71,72.9,71.83,70.01,73.95,71.43,69.34,4.224434073892,0.05041723509543771,68.33581957904504
2021-08-13,6.4768,70.9,68.36,70.05,76.33,72.87,71.71,72.9,71.83,70.01,73.95,71.43,69.34,4.220160649906678,0.05021175872375283,68.04441474028617
2021-08-16,6.4742,70.07,67.44,69.53,76.33,72.87,71.71,72.9,71.83,70.01,73.95,71.43,69.34,4.213180071180157,0.05007688802391907,67.57107934585862
2021-08-17,6.4854,69.4,66.5,69.33,76.33,72.87,71.71,72.9,71.83,70.01,73.95,71.43,69.34,4.209233522541538,0.050094345425290704,67.30493232118718
2021-08-18,6.4841,68.61,65.36,68.95,76.33,72.87,71.71,72.9,71.83,70.01,73.95,71.43,69.34,4.203755815836129,0.05005940459031857,66.93726355227764
2021-08-19,6.4942,66.8,63.69,68.03,76.33,72.87,71.71,72.9,71.83,70.01,73.95,71.43,69.34,4.191409854650546,0.04986920887289067,66.11593914656005
2021-08-20,6.5012,65.51,62.25,67.6,76.33,72.87,71.71,72.9,71.83,70.01,73.95,71.43,69.34,4.183427022630811,0.0498880489975045,65.59024775522562
2021-08-23,6.4805,69.07,65.65,68.76,76.33,72.87,71.71,72.9,71.83,70.01,73.95,71.43,69.34,4.196865284422852,0.05044096619038865,66.47761566281257
2021-08-24,6.471,71.21,67.5,69.31,76.33,72.87,71.71,72.9,71.83,70.01,73.95,71.43,69.34,4.2065799420372585,0.05057434886436568,67.1265700189631
2021-08-25,6.4756,72.12,68.54,69.45,76.33,72.87,71.71,72.9,71.83,70.01,73.95,71.43,69.34,4.210478748824884,0.050500261311767984,67.3887943947051
2021-08-26,6.4809,70.42,67.42,69.24,76.33,72.87,71.71,72.9,71.83,70.01,73.95,71.43,69.34,4.20815526423146,0.050295816316782385,67.23239933028022
2021-08-27,6.4711,72.26,68.84,69.44,76.33,72.87,71.71,72.9,71.83,70.01,73.95,71.43,69.34,4.2108087205850815,0.050382344372887244,67.41103446290454
2021-08-30,6.4658,72.26,69.28,69.46,76.33,72.87,71.71,72.9,71.83,70.01,73.95,71.43,69.34,4.2116085648363635,0.05036365176569374,67.46497436017536
2021-08-31,6.4604,73.45,68.43,69.49,72.99,69.94,69.17,69.49,68.41,67.0,68.5,67.67,66.43,4.217405047694219,0.04066133041986447,67.85716950565853
2021-09-01,6.4586,71.99,68.63,69.92,72.99,69.94,69.17,69.49,68.41,67.0,68.5,67.67,66.43,4.2241867296603655,0.03745178567644018,68.31891919845015
2021-09-02,6.456,73.56,70.07,71.22,72.99,69.94,69.17,69.49,68.41,67.0,68.5,67.67,66.43,4.240897552722714,0.03663398233078019,69.47017701103074
2021-09-03,6.4528,73.07,69.34,70.64,72.99,69.94,69.17,69.49,68.41,67.0,68.5,67.67,66.43,4.237663961144232,0.035915047339904346,69.24590163459717
2021-09-06,6.4528,72.43,69.34,70.64,72.99,69.94,69.17,69.49,68.41,67.0,68.5,67.67,66.43,4.23693031181336,0.03571721108515032,69.19511805614432
2021-09-07,6.4662,71.52,68.49,69.71,72.99,69.94,69.17,69.49,68.41,67.0,68.5,67.67,66.43,4.226156029598769,0.03542359819470938,68.45359220406688
2021-09-08,6.4612,72.36,69.36,70.38,72.99,69.94,69.17,69.49,68.41,67.0,68.5,67.67,66.43,4.2319061504755515,0.03570815499594206,68.84834247691838
2021-09-09,6.4547,71.32,68.26,69.63,72.99,69.94,69.17,69.49,68.41,67.0,68.5,67.67,66.43,4.224192909076689,0.035488385189455206,68.31934137079904
2021-09-10,6.444,72.44,69.82,70.7,72.99,69.94,69.17,69.49,68.41,67.0,68.5,67.67,66.43,4.235118293021712,0.03583867195683617,69.06984873139739
2021-09-13,6.4511,72.97,70.54,71.11,72.99,69.94,69.17,69.49,68.41,67.0,68.5,67.67,66.43,4.241937435467459,0.03585985740738168,69.54245542340254
2021-09-14,6.4382,73.05,70.53,71.19,72.99,69.94,69.17,69.49,68.41,67.0,68.5,67.67,66.43,4.244146761592943,0.03576212665253124,69.69626723466182
2021-09-15,6.432,74.84,72.59,72.09,72.99,69.94,69.17,69.49,68.41,67.0,68.5,67.67,66.43,4.2551823377985345,0.035947500938560493,70.46966530068309
2021-09-16,6.4566,75.14,72.69,72.07,72.99,69.94,69.17,69.49,68.41,67.0,68.5,67.67,66.43,4.257191493854662,0.035810242459761846,70.61139218353188
2021-09-17,6.4655,74.64,72.09,71.92,72.99,69.94,69.17,69.49,68.41,67.0,68.5,67.67,66.43,4.255738762308886,0.035679905474241096,70.50888726071067
2021-09-20,6.4651,73.59,70.41,71.36,72.99,69.94,69.17,69.49,68.41,67.0,68.5,67.67,66.43,4.248837253835435,0.03550869762309617,70.02394491951428
2021-09-21,6.4651,73.65,70.51,71.57,72.99,69.94,69.17,69.49,68.41,67.0,68.5,67.67,66.43,4.249824736004575,0.03562932010970444,70.09312646868653
2021-09-22,6.4611,75.5,72.37,72.14,72.99,69.94,69.17,69.49,68.41,67.0,68.5,67.67,66.43,4.2570052938829654,0.0358364318266871,70.59824556829354
2021-09-23,6.459,76.44,73.43,72.35,72.99,69.94,69.17,69.49,68.41,67.0,68.5,67.67,66.43,4.261071623318828,0.0358466108081516,70.88590575654113
2021-09-24,6.466,77.42,74.18,72.45,72.99,69.94,69.17,69.49,68.41,67.0,68.5,67.67,66.43,4.263342193965436,0.0358285935855165,71.04704007761278
2021-09-27,6.456,78.85,75.54,72.61,72.99,69.94,69.17,69.49,68.41,67.0,68.5,67.67,66.43,4.266129874730824,0.03586017346481651,71.24537286047713
2021-09-28,6.4595,78.3,75.44,72.63,72.99,69.94,69.17,69.49,68.41,67.0,68.5,67.67,66.43,4.266698230994616,0.035804492057608765,71.28587712374413
2021-09-29,6.4702,77.86,75.06,72.57,72.99,69.94,69.17,69.49,68.41,67.0,68.5,67.67,66.43,4.265986924953476,0.03574898331662936,71.23518907819172
2021-09-30,6.4434,77.81,75.22,72.61,78.52,76.14,74.86,72.61,74.7,72.88,75.03,73.63,71.81,4.26432797482943,0.03952273091356655,71.1171114219855
2021-10-01,6.4434,79.4,76.01,76.77,78.52,76.14,74.86,72.61,74.7,72.88,75.03,73.63,71.81,4.307032275579353,0.041722434510791245,74.21989757252967
2021-10-04,6.4434,81.44,77.68,78.52,78.52,76.14,74.86,72.61,74.7,72.88,75.03,73.63,71.81,4.333232554990946,0.04207177039909979,76.19017786622189
2021-10-05,6.4434,82.72,79.17,79.71,78.52,76.14,74.86,72.61,74.7,72.88,75.03,73.63,71.81,4.350448313635942,0.04197927812451233,77.5132053638547
2021-10-06,6.4434,81.39,77.66,78.69,78.52,76.14,74.86,72.61,74.7,72.88,75.03,73.63,71.81,4.343260274997036,0.04138759143886491,76.95803513158542
2021-10-07,6.4434,82.34,78.46,79.45,78.52,76.14,74.86,72.61,74.7,72.88,75.03,73.63,71.81,4.349752452760701,0.04151086345409526,77.45928571938873
2021-10-08,6.4435,82.17,79.55,79.76,78.52,76.14,74.86,72.61,74.7,72.88,75.03,73.63,71.81,4.354110845453011,0.041482579104968116,77.79762046649222
2021-10-11,6.4435,83.75,80.64,80.68,78.52,76.14,74.86,72.61,74.7,72.88,75.03,73.63,71.81,4.364408516915962,0.04162473931234594,78.6028939072638
2021-10-12,6.4485,83.53,80.75,80.58,78.52,76.14,74.86,72.61,74.7,72.88,75.03,73.63,71.81,4.36538283010092,0.04145322271308869,78.67951506361368
2021-10-13,6.4262,83.53,80.67,80.45,78.52,76.14,74.86,72.61,74.7,72.88,75.03,73.63,71.81,4.364338830632043,0.04135414131517496,78.59741655453256
2021-10-14,6.438,83.86,81.43,80.95,78.52,76.14,74.86,72.61,74.7,72.88,75.03,73.63,71.81,4.369130269656567,0.04144804388628077,78.9749149414766
2021-10-15,6.434,84.67,82.39,81.51,78.52,76.14,74.86,72.61,74.7,72.88,75.03,73.63,71.81,4.375724878664938,0.04152295566033987,79.49744467293797
2021-10-18,6.429,84.13,82.62,81.31,78.52,76.14,74.86,72.61,74.7,72.88,75.03,73.63,71.81,4.374981658287353,0.04136739589743549,79.43838250291394
2021-10-19,6.3822,85.02,83.19,81.61,78.52,76.14,74.86,72.61,74.7,72.88,75.03,73.63,71.81,4.378026459292459,0.04141636322037651,79.68062517301672
2021-10-20,6.3936,85.76,84.4,81.81,78.52,76.14,74.86,72.61,74.7,72.88,75.03,73.63,71.81,4.380871142265643,0.0414339164335473,79.90761399328478
2021-10-21,6.3925,84.58,82.64,81.44,78.52,76.14,74.86,72.61,74.7,72.88,75.03,73.63,71.81,4.377350702965611,0.04128400108931218,79.62679867527532
2021-10-22,6.3839,85.43,84.53,81.61,78.52,76.14,74.86,72.61,74.7,72.88,75.03,73.63,71.81,4.378799390626487,0.0413529111234194,79.7422366325743
2021-10-25,6.3856,84.85,84.64,81.73,78.52,76.14,74.86,72.61,74.7,72.88,75.03,73.63,71.81,4.380059059502296,0.04135268964816798,79.84274873884294
2021-10-26,6.382,85.11,85.64,81.82,78.52,76.14,74.86,72.61,74.7,72.88,75.03,73.63,71.81,4.381362702162871,0.041351060172109926,79.94690302747277
2021-10-27,6.3915,84.12,82.66,81.6,78.52,76.14,74.86,72.61,74.7,72.88,75.03,73.63,71.81,4.378845488968757,0.04126432987771901,79.74591270222172
2021-10-28,6.3917,83.4,82.78,81.55,78.52,76.14,74.86,72.61,74.7,72.88,75.03,73.63,71.81,4.377712835833119,0.04124836935119369,79.65563937797809
2021-10-29,6.405,83.1,83.5,81.58,84.38,79.99,78.36,81.58,79.9,77.47,83.57,78.28,75.23,4.369102417797159,0.057959507606917565,78.9727153738801
2021-11-01,6.3972,84.51,84.08,82.38,84.38,79.99,78.36,81.58,79.9,77.47,83.57,78.28,75.23,4.373127383288927,0.06373538861490684,79.29121837986708
2021-11-02,6.3995,84.42,83.91,82.54,84.38,79.99,78.36,81.58,79.9,77.47,83.57,78.28,75.23,4.374557176324315,0.06556221777841108,79.40466949815604
2021-11-03,6.4061,81.1,80.82,80.16,84.38,79.99,78.36,81.58,79.9,77.47,83.57,78.28,75.23,4.350640928100264,0.06556148365047558,77.52813696635883
2021-11-04,6.397,80.15,78.88,78.95,84.38,79.99,78.36,81.58,79.9,77.47,83.57,78.28,75.23,4.333716515900743,0.06573476383857389,76.22705985802091
2021-11-05,6.3961,82.43,81.25,80.94,84.38,79.99,78.36,81.58,79.9,77.47,83.57,78.28,75.23,4.350612218276545,0.0665689435055663,77.52591117916444
2021-11-08,6.3902,83.22,81.96,81.62,84.38,79.99,78.36,81.58,79.9,77.47,83.57,78.28,75.23,4.36054763006125,0.06668517929728852,78.30000211914978
2021-11-09,6.3916,84.52,84.12,82.58,84.38,79.99,78.36,81.58,79.9,77.47,83.57,78.28,75.23,4.372143278417498,0.066760370295223,79.21322588828777
2021-11-10,6.3882,82.91,81.23,81.27,84.38,79.99,78.36,81.58,79.9,77.47,83.57,78.28,75.23,4.361187083682981,0.0662743393646124,78.3500873509712
2021-11-11,6.3882,83.4,81.47,81.67,84.38,79.99,78.36,81.58,79.9,77.47,83.57,78.28,75.23,4.363089155360752,0.06641282459809794,78.49925665345212
2021-11-12,6.3787,82.9,80.87,81.48,84.38,79.99,78.36,81.58,79.9,77.47,83.57,78.28,75.23,4.361414419157984,0.06637139571759622,78.3679011300709
2021-11-15,6.3824,81.94,80.85,81.41,84.38,79.99,78.36,81.58,79.9,77.47,83.57,78.28,75.23,4.360157026154584,0.06634280181872013,78.26942380482343
2021-11-16,6.3919,82.85,80.76,81.67,84.38,79.99,78.36,81.58,79.9,77.47,83.57,78.28,75.23,4.3626211509709325,0.06643897300870118,78.46252725217163
2021-11-17,6.3775,80.67,78.32,80.76,84.38,79.99,78.36,81.58,79.9,77.47,83.57,78.28,75.23,4.353458346489753,0.06618260803238706,77.74687415755135
2021-11-18,6.3851,82.45,78.92,81.11,84.38,79.99,78.36,81.58,79.9,77.47,83.57,78.28,75.23,4.355654067850934,0.06639554056422665,77.91777218346616
2021-11-19,6.3863,80.24,76.11,80.33,84.38,79.99,78.36,81.58,79.9,77.47,83.57,78.28,75.23,4.347533768829604,0.06620743203780355,77.28761855485868
2021-11-22,6.3842,80.97,76.74,80.55,84.38,79.99,78.36,81.58,79.9,77.47,83.57,78.28,75.23,4.348404647513159,0.06636206801162027,77.35495601148274
2021-11-23,6.391,83.43,78.32,81.22,84.38,79.99,78.36,81.58,79.9,77.47,83.57,78.28,75.23,4.3558812291740185,0.06660436406788647,77.93547409820621
2021-11-24,6.3917,82.37,78.32,81.2,84.38,79.99,78.36,81.58,79.9,77.47,83.57,78.28,75.23,4.356807026635482,0.06650557752478048,78.00765997187771
2021-11-25,6.3917,82.05,78.32,81.2,84.38,79.99,78.36,81.58,79.9,77.47,83.57,78.28,75.23,4.3569088120861155,0.06644567718550713,78.01560042080503
2021-11-26,6.3924,72.37,78.32,80.08,84.38,79.99,78.36,81.58,79.9,77.47,83.57,78.28,75.23,4.3432865849283,0.06585289331394684,76.9600599188359
2021-11-29,6.3875,73.34,69.88,80.31,84.38,79.99,78.36,81.58,79.9,77.47,83.57,78.28,75.23,4.341899075869818,0.06603846456866702,76.85335118534378
2021-11-30,6.364,70.86,66.14,80.28,70.57,69.16,68.32,80.28,74.82,73.31,66.18,66.0,64.45,4.351786792592484,0.04312783910065077,77.61702462253524
2021-12-01,6.3641,69.53,65.44,67.73,70.57,69.16,68.32,80.28,74.82,73.31,66.18,66.0,64.45,4.225245978151406,0.03274396085819743,68.39132425122217
2021-12-02,6.3763,70.56,66.6,68.62,70.57,69.16,68.32,80.28,74.82,73.31,66.18,66.0,64.45,4.212774462520329,0.0319550587291649,67.54367748851301
2021-12-03,6.3758,70.71,66.39,68.91,70.57,69.16,68.32,80.28,74.82,73.31,66.18,66.0,64.45,4.2137299882762775,0.032004070580276066,67.60824805651225
2021-12-06,6.3756,73.38,69.62,71.65,70.57,69.16,68.32,80.28,74.82,73.31,66.18,66.0,64.45,4.245400032047437,0.0327126756521941,69.7836702655534
2021-12-07,6.3657,75.54,71.94,73.54,70.57,69.16,68.32,80.28,74.82,73.31,66.18,66.0,64.45,4.27258003955804,0.03284416149235064,71.70640251883421
2021-12-08,6.3435,75.94,72.43,73.69,70.57,69.16,68.32,80.28,74.82,73.31,66.18,66.0,64.45,4.27960412352386,0.03243039203747765,72.21184737644889
2021-12-09,6.3772,74.1,70.87,72.72,70.57,69.16,68.32,80.28,74.82,73.31,66.18,66.0,64.45,4.269974017442997,0.03189438093413543,71.51977732838647
2021-12-10,6.3685,74.98,71.71,73.19,70.57,69.16,68.32,80.28,74.82,73.31,66.18,66.0,64.45,4.273564830316549,0.03202985252102605,71.7770531036724
2021-12-13,6.3659,74.12,71.19,72.71,70.57,69.16,68.32,80.28,74.82,73.31,66.18,66.0,64.45,4.268812718560181,0.03187273339990931,71.43676969853844
2021-12-14,6.3671,73.37,70.57,72.22,70.57,69.16,68.32,80.28,74.82,73.31,66.18,66.0,64.45,4.262358503042201,0.031776041782295816,70.97718611215439
2021-12-15,6.3673,73.71,70.89,72.38,70.57,69.16,68.32,80.28,74.82,73.31,66.18,66.0,64.45,4.262989198496665,0.031910322129790905,71.02196522031161
2021-12-16,6.3674,74.64,72.34,73.02,70.57,69.16,68.32,80.28,74.82,73.31,66.18,66.0,64.45,4.270413608053762,0.03211053766829363,71.55122366223416
2021-12-17,6.3748,72.97,70.93,72.43,70.57,69.16,68.32,80.28,74.82,73.31,66.18,66.0,64.45,4.264806505284457,0.03185305637474465,71.15115126957676
2021-12-20,6.3756,70.51,68.69,71.65,70.57,69.16,68.32,80.28,74.82,73.31,66.18,66.0,64.45,4.254223873311216,0.03161629015407669,70.40215498734631
2021-12-21,6.3716,72.85,71.1,72.42,70.57,69.16,68.32,80.28,74.82,73.31,66.18,66.0,64.45,4.261620757623186,0.03198366900415743,70.92484232881289
2021-12-22,6.3695,74.69,72.82,72.71,70.57,69.16,68.32,80.28,74.82,73.31,66.18,66.0,64.45,4.266952660302176,0.032090624151217106,71.30401664761493
2021-12-23,6.3696,76.26,73.89,72.99,70.57,69.16,68.32,80.28,74.82,73.31,66.18,66.0,64.45,4.271594858112301,0.03214084705276708,71.63579348859618
2021-12-24,6.3696,75.24,73.89,72.99,70.57,69.16,68.32,80.28,74.82,73.31,66.18,66.0,64.45,4.2721718407619855,0.03203413149278083,71.67713802492857
2021-12-27,6.3705,75.24,75.49,73.2,70.57,69.16,68.32,80.28,74.82,73.31,66.18,66.0,64.45,4.274767314068877,0.03202681283310089,71.86341575825757
2021-12-28,6.3684,75.24,76.01,73.16,70.57,69.16,68.32,80.28,74.82,73.31,66.18,66.0,64.45,4.274931343955061,0.031965194093945236,71.87520447298952
2021-12-29,6.368,78.63,76.58,73.21,70.57,69.16,68.32,80.28,74.82,73.31,66.18,66.0,64.45,4.2766200874233355,0.032072707890173933,71.99668580160368
2021-12-30,6.3726,78.61,76.83,73.2,70.57,69.16,68.32,80.28,74.82,73.31,66.18,66.0,64.45,4.276859895640705,0.03207227543206194,72.01395326883976
2021-12-31,6.3726,77.24,75.33,73.19,77.78,75.98,74.91,73.19,75.99,74.32,75.21,74.02,72.31,4.275036362554211,0.034173196001684836,71.88275310264316
2022-01-03,6.355,78.25,75.99,77.03,77.78,75.98,74.91,73.19,75.99,74.32,75.21,74.02,72.31,4.31422247827643,0.03574089163365379,74.7554768345516
2022-01-04,6.3721,79.39,77.0,78.03,77.78,75.98,74.91,73.19,75.99,74.32,75.21,74.02,72.31,4.332039027289331,0.0357685501000945,76.09929702353756
2022-01-05,6.364,80.6,77.83,78.81,77.78,75.98,74.91,73.19,75.99,74.32,75.21,74.02,72.31,4.343637446064131,0.03564649566546941,76.98706695045442
2022-01-06,6.3822,81.99,79.47,79.69,77.78,75.98,74.91,73.19,75.99,74.32,75.21,74.02,72.31,4.355110443299444,0.03561074893471895,77.87542568085195
2022-01-07,6.3769,82.28,79.0,79.53,77.78,75.98,74.91,73.19,75.99,74.32,75.21,74.02,72.31,4.355801697838527,0.035367449658054904,77.9292760323425
2022-01-10,6.3756,81.56,78.11,78.89,77.78,75.98,74.91,73.19,75.99,74.32,75.21,74.02,72.31,4.349399959003756,0.03512613807064631,77.43198661641958
2022-01-11,6.3735,84.98,81.17,80.79,77.78,75.98,74.91,73.19,75.99,74.32,75.21,74.02,72.31,4.367958188608035,0.035647170073751885,78.88240416601836
2022-01-12,6.358,85.83,82.51,81.34,77.78,75.98,74.91,73.19,75.99,74.32,75.21,74.02,72.31,4.377140542793618,0.035604102343103794,79.61006605189756
2022-01-13,6.3595,85.8,81.97,81.3,77.78,75.98,74.91,73.19,75.99,74.32,75.21,74.02,72.31,4.378460597604233,0.03541448187961827,79.71522509514287
2022-01-14,6.3524,87.17,83.82,82.27,77.78,75.98,74.91,73.19,75.99,74.32,75.21,74.02,72.31,4.388522070665817,0.035554431400084505,80.521326166804
2022-01-17,6.3524,87.82,83.82,82.27,77.78,75.98,74.91,73.19,75.99,74.32,75.21,74.02,72.31,4.390626675971982,0.03543491002586654,80.69097023139537
2022-01-18,6.3525,88.83,85.42,83.22,77.78,75.98,74.91,73.19,75.99,74.32,75.21,74.02,72.31,4.400394346702404,0.035566093763509415,81.48299488045133
2022-01-19,6.3447,89.64,86.84,83.56,77.78,75.98,74.91,73.19,75.99,74.32,75.21,74.02,72.31,4.405820626683349,0.035512839605349976,81.92634621072771
2022-01-20,6.3406,89.75,86.29,83.5,77.78,75.98,74.91,73.19,75.99,74.32,75.21,74.02,72.31,4.4062791347133174,0.035389836573896535,81.96391871131969
2022-01-21,6.3385,89.75,85.16,83.29,77.78,75.98,74.91,73.19,75.99,74.32,75.21,74.02,72.31,4.404287329275242,0.03530615067675498,81.8008250116834
2022-01-24,6.3304,87.74,84.48,82.87,77.78,75.98,74.91,73.19,75.99,74.32,75.21,74.02,72.31,4.39938956371194,0.035174801570022465,81.40116327157239
2022-01-25,6.3257,89.49,86.61,83.21,77.78,75.98,74.91,73.19,75.99,74.32,75.21,74.02,72.31,4.402373368577879,0.03533356242482976,81.6444111803106
2022-01-26,6.3206,91.22,88.33,83.39,77.78,75.98,74.91,73.19,75.99,74.32,75.21,74.02,72.31,4.405277654350747,0.035410341302322665,81.88187454595847
2022-01-27,6.3677,90.7,87.61,83.33,77.78,75.98,74.91,73.19,75.99,74.32,75.21,74.02,72.31,4.405043875709389,0.03535737767048258,81.86273454992356
2022-01-28,6.3605,91.47,87.67,83.36,91.21,85.72,84.01,83.45,85.82,83.48,88.15,83.78,80.81,4.3957971162354195,0.053992786604961485,81.10925850819261
2022-01-31,6.361,92.35,89.16,83.45,91.21,85.72,84.01,83.45,85.82,83.48,88.15,83.78,80.81,4.392689971239765,0.060240929700569226,80.85763140490631
2022-02-01,6.361,90.24,88.22,87.42,91.21,85.72,84.01,83.45,85.82,83.48,88.15,83.78,80.81,4.426387235953662,0.06300885335556039,83.62873958499
2022-02-02,6.361,91.43,88.16,87.77,91.21,85.72,84.01,83.45,85.82,83.48,88.15,83.78,80.81,4.435914649185004,0.06338543248398111,84.42931278511534
2022-02-03,6.361,92.99,90.17,89.16,91.21,85.72,84.01,83.45,85.82,83.48,88.15,83.78,80.81,4.450486106355396,0.063622277411835,85.66857792230994
2022-02-04,6.361,96.86,92.27,91.06,91.21,85.72,84.01,83.45,85.82,83.48,88.15,83.78,80.81,4.470761631715145,0.06387310821156657,87.42328200772215
2022-02-07,6.361,97.28,91.25,90.76,91.21,85.72,84.01,83.45,85.82,83.48,88.15,83.78,80.81,4.472081689735207,0.06354388510047468,87.53876201566277
2022-02-08,6.366,96.07,89.32,89.28,91.21,85.72,84.01,83.45,85.82,83.48,88.15,83.78,80.81,4.459161258669803,0.06312247619914266,86.41499886082103
2022-02-09,6.3619,94.95,89.57,89.88,91.21,85.72,84.01,83.45,85.82,83.48,88.15,83.78,80.81,4.461637390724935,0.06329793353183535,86.62923894344961
2022-02-10,6.3526,96.37,89.83,89.92,91.21,85.72,84.01,83.45,85.82,83.48,88.15,83.78,80.81,4.462818408267808,0.06335640883944658,86.73161003349527
2022-02-11,6.354,97.5,93.1,91.79,91.21,85.72,84.01,83.45,85.82,83.48,88.15,83.78,80.81,4.479604255867028,0.06370251594294986,88.1997612300709
2022-02-14,6.3567,101.66,95.52,92.61,91.21,85.72,84.01,83.45,85.82,83.48,88.15,83.78,80.81,4.490949527771805,0.06375412180941638,89.20610935538394
2022-02-15,6.3385,98.43,92.07,90.86,91.21,85.72,84.01,83.45,85.82,83.48,88.15,83.78,80.81,4.477240771139253,0.0631799798584156,87.99154859202932
2022-02-16,6.3366,97.44,93.83,91.56,91.21,85.72,84.01,83.45,85.82,83.48,88.15,83.78,80.81,4.480567547736374,0.06333446617151785,88.28476427774137
2022-02-17,6.3381,95.28,91.78,90.67,91.21,85.72,84.01,83.45,85.82,83.48,88.15,83.78,80.81,4.472873127515305,0.06311266886277098,87.60807092237083
2022-02-18,6.3251,96.18,91.26,90.9,91.21,85.72,84.01,83.45,85.82,83.48,88.15,83.78,80.81,4.473518739610233,0.06325157656193532,87.66465001467954
2022-02-21,6.3251,98.95,91.26,90.9,91.21,85.72,84.01,83.45,85.82,83.48,88.15,83.78,80.81,4.474290304772926,0.06336355674155814,87.73231510528703
2022-02-22,6.326,98.73,92.11,91.84,91.21,85.72,84.01,83.45,85.82,83.48,88.15,83.78,80.81,4.482413234563131,0.06354094953717425,88.44786077039628
2022-02-23,6.3134,99.29,92.14,91.7,91.21,85.72,84.01,83.45,85.82,83.48,88.15,83.78,80.81,4.482923247629925,0.06343978493557713,88.49298184030874
2022-02-24,6.3283,101.29,92.77,92.07,91.21,85.72,84.01,83.45,85.82,83.48,88.15,83.78,80.81,4.486688677159401,0.0635149796876791,88.82682406251514
2022-02-25,6.3169,98.56,91.68,91.93,91.21,85.72,84.01,83.45,85.82,83.48,88.15,83.78,80.81,4.485454137680753,0.06337413892543535,88.71723150353644
2022-02-28,6.3084,103.08,96.13,92.34,100.99,91.25,88.6,92.34,93.02,89.98,95.72,88.83,83.81,4.478631315901815,0.08590284350167729,88.11398988939654
2022-03-01,6.3116,110.93,103.66,102.0,100.99,91.25,88.6,92.34,93.02,89.98,95.72,88.83,83.81,4.553517574976448,0.09510195874809572,94.96587105262746
2022-03-02,6.321,118.94,110.74,109.4,100.99,91.25,88.6,92.34,93.02,89.98,95.72,88.83,83.81,4.623171214385387,0.0979948512173476,101.81640234663836
2022-03-03,6.3195,115.36,107.69,106.58,100.99,91.25,88.6,92.34,93.02,89.98,95.72,88.83,83.81,4.6150897441583085,0.09715504134554408,100.99689200684284
2022-03-04,6.3188,123.86,115.77,114.95,100.99,91.25,88.6,92.34,93.02,89.98,95.72,88.83,83.81,4.674446315134642,0.09841452935185374,107.17321047651834
2022-03-07,6.3194,129.02,119.26,118.18,100.99,91.25,88.6,92.34,93.02,89.98,95.72,88.83,83.81,4.708447240935375,0.09827491757198709,110.87985646524346
2022-03-08,6.3178,133.18,123.64,122.53,100.99,91.25,88.6,92.34,93.02,89.98,95.72,88.83,83.81,4.744093253528641,0.09825700982970728,114.90356984608958
2022-03-09,6.3174,116.58,108.81,110.86,100.99,91.25,88.6,92.34,93.02,89.98,95.72,88.83,83.81,4.669208212661815,0.09566732611627028,106.61329394801213
2022-03-10,6.3212,114.54,105.93,110.2,100.99,91.25,88.6,92.34,93.02,89.98,95.72,88.83,83.81,4.649718638081849,0.09607411552338589,104.55556348428473
2022-03-11,6.3389,118.11,109.31,112.59,100.99,91.25,88.6,92.34,93.02,89.98,95.72,88.83,83.81,4.66351849034704,0.09698278331409028,106.00841633501537
2022-03-14,6.3645,110.39,103.22,109.18,100.99,91.25,88.6,92.34,93.02,89.98,95.72,88.83,83.81,4.640093259157009,0.09636361065934715,103.5540044921403
2022-03-15,6.3696,105.14,96.42,105.76,100.99,91.25,88.6,92.34,93.02,89.98,95.72,88.83,83.81,4.609153911824307,0.09597496490325118,100.39916714194894
2022-03-16,6.351,104.61,94.85,104.89,100.99,91.25,88.6,92.34,93.02,89.98,95.72,88.83,83.81,4.5965308869844135,0.09627918094092476,99.13979125024123
2022-03-17,6.3459,113.5,102.97,108.78,100.99,91.25,88.6,92.34,93.02,89.98,95.72,88.83,83.81,4.625002196163147,0.09738990127008833,102.00299709767684
2022-03-18,6.3609,114.32,104.69,108.99,100.99,91.25,88.6,92.34,93.02,89.98,95.72,88.83,83.81,4.6322183120256835,0.09726955873958094,102.74172470947565
2022-03-21,6.3552,122.29,112.14,111.73,100.99,91.25,88.6,92.34,93.02,89.98,95.72,88.83,83.81,4.655169705581361,0.09765675580334296,105.12705913384355
2022-03-22,6.366,121.53,111.03,111.43,100.99,91.25,88.6,92.34,93.02,89.98,95.72,88.83,83.81,4.657227037429521,0.09730242238920318,105.34356301450262
2022-03-23,6.372,127.52,114.89,112.59,100.99,91.25,88.6,92.34,93.02,89.98,95.72,88.83,83.81,4.6671916907959785,0.09743636177005403,106.39852252798762
2022-03-24,6.367,123.98,114.2,111.82,100.99,91.25,88.6,92.34,93.02,89.98,95.72,88.83,83.81,4.66308241283707,0.0971100582235747,105.96219852678985
2022-03-25,6.3658,122.67,116.2,112.1,100.99,91.25,88.6,92.34,93.02,89.98,95.72,88.83,83.81,4.66421602279454,0.09708405084007443,106.08238644039227
2022-03-28,6.3714,114.5,107.55,110.84,100.99,91.25,88.6,92.34,93.02,89.98,95.72,88.83,83.81,4.6531917928716915,0.0967114912863261,104.91933248776051
2022-03-29,6.3635,112.79,104.25,110.55,100.99,91.25,88.6,92.34,93.02,89.98,95.72,88.83,83.81,4.648364796124485,0.09672208351643283,104.41410755165836
2022-03-30,6.347,115.59,107.81,110.89,100.99,91.25,88.6,92.34,93.02,89.98,95.72,88.83,83.81,4.650768454882879,0.09691906662689175,104.66538530778308
2022-03-31,6.3393,107.29,100.53,110.89,107.91,100.34,97.68,110.89,97.68,91.91,100.28,96.15,91.41,4.652549833994052,0.08923002635871964,104.85200020542456
2022-04-01,6.3625,106.13,99.32,101.85,107.91,100.34,97.68,110.89,97.68,91.91,100.28,96.15,91.41,4.588001275257666,0.08531517737651739,98.29776351411901
2022-04-04,6.3619,108.15,103.29,104.77,107.91,100.34,97.68,110.89,97.68,91.91,100.28,96.15,91.41,4.598730708679649,0.08572731276097068,99.3581211692955
2022-04-05,6.3619,106.6,101.98,103.27,107.91,100.34,97.68,110.89,97.68,91.91,100.28,96.15,91.41,4.589146262596444,0.08539649889218932,98.41037766735961
2022-04-06,6.359,100.81,96.39,98.81,107.91,100.34,97.68,110.89,97.68,91.91,100.28,96.15,91.41,4.551322442039892,0.08462415925775706,94.75763697558811
2022-04-07,6.36,99.83,96.05,98.42,107.91,100.34,97.68,110.89,97.68,91.91,100.28,96.15,91.41,4.540779639789033,0.08498200291919454,93.7638736769385
2022-04-08,6.3643,101.26,98.35,99.72,107.91,100.34,97.68,110.89,97.68,91.91,100.28,96.15,91.41,4.549417417381519,0.08553336144419361,94.57729317481495
2022-04-11,6.3692,97.92,94.22,97.02,107.91,100.34,97.68,110.89,97.68,91.91,100.28,96.15,91.41,4.528559206484229,0.08503567193626745,92.6250113806472
2022-04-12,6.3651,104.42,100.52,101.49,107.91,100.34,97.68,110.89,97.68,91.91,100.28,96.15,91.41,4.561584568393331,0.08613535197459354,95.73505845276092
2022-04-13,6.3678,108.49,104.26,103.7,107.91,100.34,97.68,110.89,97.68,91.91,100.28,96.15,91.41,4.585769188640161,0.08632069328627409,98.07859907964274
2022-04-14,6.3775,110.83,106.84,104.82,107.91,100.34,97.68,110.89,97.68,91.91,100.28,96.15,91.41,4.5995019423995345,0.08615711684765537,99.43477905946094
2022-04-15,6.3705,110.83,106.84,104.82,107.91,100.34,97.68,110.89,97.68,91.91,100.28,96.15,91.41,4.602185709967712,0.08585088964192696,99.70199731009792
2022-04-18,6.363,110.83,108.24,105.44,107.91,100.34,97.68,110.89,97.68,91.91,100.28,96.15,91.41,4.607448898041295,0.08579178980849639,100.22813102906849
2022-04-19,6.393,105.49,102.54,103.09,107.91,100.34,97.68,110.89,97.68,91.91,100.28,96.15,91.41,4.589301522145963,0.08519749827037026,98.42565800444268
2022-04-20,6.4188,105.05,102.56,103.12,107.91,100.34,97.68,110.89,97.68,91.91,100.28,96.15,91.41,4.585995483747199,0.08533246475263791,98.10079629818586
2022-04-21,6.45,107.2,103.89,103.85,107.91,100.34,97.68,110.89,97.68,91.91,100.28,96.15,91.41,4.59140214422376,0.08560168663272213,98.63263042397806
2022-04-22,6.501,105.15,102.86,103.43,107.91,100.34,97.68,110.89,97.68,91.91,100.28,96.15,91.41,4.5887177694217,0.0854744225820126,98.36821852530254
2022-04-25,6.5585,99.27,99.6,102.3,107.91,100.34,97.68,110.89,97.68,91.91,100.28,96.15,91.41,4.578015325192862,0.08515890584298744,97.32105176993355
2022-04-26,6.5552,102.89,102.62,102.69,107.91,100.34,97.68,110.89,97.68,91.91,100.28,96.15,91.41,4.580112268342255,0.08540308994410174,97.52534260100514
2022-04-27,6.5595,103.3,101.96,102.69,107.91,100.34,97.68,110.89,97.68,91.91,100.28,96.15,91.41,4.580501617646065,0.08545708167649622,97.56332141828393
2022-04-28,6.6243,105.78,105.47,102.76,107.91,100.34,97.68,110.89,97.68,91.91,100.28,96.15,91.41,4.5820526107725135,0.0855313014314376,97.71475886806112
2022-04-29,6.608,108.36,104.59,102.79,109.34,101.23,97.92,102.79,100.65,95.94,104.69,98.15,93.03,4.580515354875168,0.09043886201571233,97.56466167718797
2022-05-02,6.6079,108.36,105.18,103.86,109.34,101.23,97.92,102.79,100.65,95.94,104.69,98.15,93.03,4.587590351835758,0.09222185015044307,98.25737895881804
2022-05-03,6.6079,104.94,102.53,103.39,109.34,101.23,97.92,102.79,100.65,95.94,104.69,98.15,93.03,4.584164273811671,0.09251721689550677,97.92131752713001
2022-05-04,6.6079,110.53,107.84,105.97,109.34,101.23,97.92,102.79,100.65,95.94,104.69,98.15,93.03,4.604276454798237,0.0931964021054151,99.91066680689131
2022-05-05,6.6535,112.11,108.17,106.4,109.34,101.23,97.92,102.79,100.65,95.94,104.69,98.15,93.03,4.611570979988106,0.09314892917030808,100.64213228588893
2022-05-06,6.6651,113.86,109.72,107.57,109.34,101.23,97.92,102.79,100.65,95.94,104.69,98.15,93.03,4.6219538258355,0.09321207702058099,101.69252764135368
2022-05-09,6.7295,106.67,103.08,102.79,109.34,101.23,97.92,102.79,100.65,95.94,104.69,98.15,93.03,4.586646701175176,0.09215457025080195,98.1647020524456
2022-05-10,6.7343,102.61,99.74,100.43,109.34,101.23,97.92,102.79,100.65,95.94,104.69,98.15,93.03,4.5607442133511,0.09199498490912808,95.65464080809097
2022-05-11,6.7186,107.7,105.5,104.56,109.34,101.23,97.92,102.79,100.65,95.94,104.69,98.15,93.03,4.5886154705887865,0.09318040612892454,98.35815608604833
2022-05-12,6.786,108.06,106.15,104.66,109.34,101.23,97.92,102.79,100.65,95.94,104.69,98.15,93.03,4.594740943979406,0.09307299023039745,98.96249539644803
2022-05-13,6.788,112.12,110.52,107.23,109.34,101.23,97.92,102.79,100.65,95.94,104.69,98.15,93.03,4.615987566475869,0.09340144612234258,101.08760998871136
2022-05-16,6.7852,114.86,114.07,108.4,109.34,101.23,97.92,102.79,100.65,95.94,104.69,98.15,93.03,4.629366509471989,0.09334523704929762,102.44914298752093
2022-05-17,6.7361,112.89,112.31,106.88,109.34,101.23,97.92,102.79,100.65,95.94,104.69,98.15,93.03,4.620490565154263,0.0928116766756717,101.54383377955234
2022-05-18,6.754,110.04,109.67,105.53,109.34,101.23,97.92,102.79,100.65,95.94,104.69,98.15,93.03,4.608163183447667,0.09253653306916355,100.299748094838
2022-05-19,6.7109,113.22,112.21,106.99,109.34,101.23,97.92,102.79,100.65,95.94,104.69,98.15,93.03,4.617344148869546,0.09296545894637799,101.2248367192792
2022-05-20,6.6921,113.63,112.63,107.21,109.34,101.23,97.92,102.79,100.65,95.94,104.69,98.15,93.03,4.620776718265247,0.09297677014993573,101.57289502127361
2022-05-23,6.649,115.13,110.32,107.32,109.34,101.23,97.92,102.79,100.65,95.94,104.69,98.15,93.03,4.622292512018061,0.09297793616002147,101.72697532848402
2022-05-24,6.653,115.77,112.55,107.17,109.34,101.23,97.92,102.79,100.65,95.94,104.69,98.15,93.03,4.621875202062119,0.09293568122606387,101.68453250541388
2022-05-25,6.6916,116.41,112.88,107.17,109.34,101.23,97.92,102.79,100.65,95.94,104.69,98.15,93.03,4.621964136668993,0.09294387378754683,101.6935761814793
2022-05-26,6.738,119.81,116.19,107.64,109.34,101.23,97.92,102.79,100.65,95.94,104.69,98.15,93.03,4.626371462025496,0.09308401352417975,102.14276198526763
2022-05-27,6.698,121.19,114.96,107.75,109.34,101.23,97.92,102.79,100.65,95.94,104.69,98.15,93.03,4.628135834150023,0.09310043171610058,102.32313890644956
2022-05-30,6.698,123.01,114.96,107.75,109.34,101.23,97.92,102.79,100.65,95.94,104.69,98.15,93.03,4.628824920586146,0.09311462223055186,102.39367269271817
2022-05-31,6.6715,125.53,114.38,108.13,122.84,108.46,104.75,108.13,110.64,105.38,114.67,106.82,100.41,4.6256170824483736,0.10564770483617966,102.06573662850596
2022-06-01,6.6858,122.2,115.26,110.91,122.84,108.46,104.75,108.13,110.64,105.38,114.67,106.82,100.41,4.642296069720173,0.11009876410920899,103.78236577307322
2022-06-02,6.6596,122.2,116.88,112.02,122.84,108.46,104.75,108.13,110.64,105.38,114.67,106.82,100.41,4.652756567542804,0.11138835588282632,104.87367887229742
2022-06-03,6.6595,125.68,118.97,113.83,122.84,108.46,104.75,108.13,110.64,105.38,114.67,106.82,100.41,4.667830893257891,0.11194183550228015,106.46655446630623
2022-06-06,6.6534,124.99,118.41,114.01,122.84,108.46,104.75,108.13,110.64,105.38,114.67,106.82,100.41,4.6717087397791275,0.1118551466973903,106.88021696563605
2022-06-07,6.6675,126.89,119.55,115.29,122.84,108.46,104.75,108.13,110.64,105.38,114.67,106.82,100.41,4.6815463566280355,0.1119729011645278,107.93685245478025
2022-06-08,6.6825,129.2,121.94,117.5,122.84,108.46,104.75,108.13,110.64,105.38,114.67,106.82,100.41,4.698731993863849,0.11217684147159696,109.80784711416126
2022-06-09,6.6915,128.47,121.52,117.09,122.84,108.46,104.75,108.13,110.64,105.38,114.67,106.82,100.41,4.699165714301468,0.11185557341432278,109.85548335132358
2022-06-10,6.7081,127.44,120.73,116.67,122.84,108.46,104.75,108.13,110.64,105.38,114.67,106.82,100.41,4.6962578004182145,0.1116659303473733,109.53649708321157
2022-06-13,6.753,128.44,120.92,116.64,122.84,108.46,104.75,108.13,110.64,105.38,114.67,106.82,100.41,4.695724096845163,0.11167506229534035,109.47805266072457
2022-06-14,6.7395,127.02,118.92,115.71,122.84,108.46,104.75,108.13,110.64,105.38,114.67,106.82,100.41,4.688989648679736,0.1115349290909563,108.74325539397174
2022-06-15,6.7128,124.96,115.32,114.35,122.84,108.46,104.75,108.13,110.64,105.38,114.67,106.82,100.41,4.677841403603533,0.11139033080158615,107.53769137993451
2022-06-16,6.703,125.78,117.56,115.34,122.84,108.46,104.75,108.13,110.64,105.38,114.67,106.82,100.41,4.682728072424805,0.11169813084197278,108.06447853240365
2022-06-17,6.716,119.22,109.56,112.72,122.84,108.46,104.75,108.13,110.64,105.38,114.67,106.82,100.41,4.663827299386643,0.11121731839561008,106.04115774741547
2022-06-20,6.716,118.25,109.56,112.72,122.84,108.46,104.75,108.13,110.64,105.38,114.67,106.82,100.41,4.660039451363579,0.11138728272194255,105.64024972635131
2022-06-21,6.688,118.51,110.49,113.34,122.84,108.46,104.75,108.13,110.64,105.38,114.67,106.82,100.41,4.663662389648023,0.11160308448627197,106.0236719696355
2022-06-22,6.6983,115.54,106.22,112.34,122.84,108.46,104.75,108.13,110.64,105.38,114.67,106.82,100.41,4.65644021300028,0.11140861558586813,105.26070872582335
2022-06-23,6.698,114.5,105.75,111.86,122.84,108.46,104.75,108.13,110.64,105.38,114.67,106.82,100.41,4.651501967648487,0.11138663467578515,104.74218686804254
2022-06-24,6.6878,117.36,109.07,112.3,122.84,108.46,104.75,108.13,110.64,105.38,114.67,106.82,100.41,4.654519534109003,0.11159026087720406,105.05873073401695
2022-06-27,6.6899,119.69,111.44,112.7,122.84,108.46,104.75,108.13,110.64,105.38,114.67,106.82,100.41,4.658533080914378,0.11170405532290452,105.4812361726453
2022-06-28,6.707,122.21,113.66,113.11,122.84,108.46,104.75,108.13,110.64,105.38,114.67,106.82,100.41,4.662817054364888,0.11177553046031209,105.93408429002022
2022-06-29,6.6997,120.8,111.65,113.02,122.84,108.46,104.75,108.13,110.64,105.38,114.67,106.82,100.41,4.662540004368657,0.11168152108879419,105.90473931756692
2022-06-30,6.6981,119.78,107.76,113.24,114.81,100.8,96.98,113.24,102.11,96.8,105.76,97.98,92.21,4.660713319160217,0.11679804928577481,105.71146127956217
2022-07-01,6.7,119.21,110.3,107.89,114.81,100.8,96.98,113.24,102.11,96.8,105.76,97.98,92.21,4.622507926956189,0.11769154930789873,101.74889119899856
2022-07-04,6.7,121.8,110.3,107.89,114.81,100.8,96.98,113.24,102.11,96.8,105.76,97.98,92.21,4.615484895169331,0.11874529295075148,101.03680891691377
2022-07-05,6.7192,110.49,101.55,100.73,114.81,100.8,96.98,113.24,102.11,96.8,105.76,97.98,92.21,4.557776171376675,0.11787558700677032,95.37115472652748
2022-07-06,6.707,108.54,100.31,98.98,114.81,100.8,96.98,113.24,102.11,96.8,105.76,97.98,92.21,4.532639091361974,0.1183318170023506,93.00368270632455
2022-07-07,6.7005,113.4,104.62,102.02,114.81,100.8,96.98,113.24,102.11,96.8,105.76,97.98,92.21,4.552551719643554,0.11953407877117704,94.87419204108654
2022-07-08,6.6945,113.95,106.78,104.22,114.81,100.8,96.98,113.24,102.11,96.8,105.76,97.98,92.21,4.573047924647709,0.11990451415258098,96.83881784045472
2022-07-11,6.7175,114.85,106.09,104.28,114.81,100.8,96.98,113.24,102.11,96.8,105.76,97.98,92.21,4.577519870691376,0.11968022632722009,97.27284555972281
2022-07-12,6.7234,106.98,97.69,99.14,114.81,100.8,96.98,113.24,102.11,96.8,105.76,97.98,92.21,4.536807907912134,0.11854851467397547,93.39220727916972
2022-07-13,6.7175,107.17,98.44,100.0,114.81,100.8,96.98,113.24,102.11,96.8,105.76,97.98,92.21,4.5358655451759295,0.11907292969283594,93.30423939851424
2022-07-14,6.7542,107.74,97.79,99.7,114.81,100.8,96.98,113.24,102.11,96.8,105.76,97.98,92.21,4.5333401256575785,0.11922934337868017,93.06890433614781
2022-07-15,6.7565,112.26,99.59,101.03,114.81,100.8,96.98,113.24,102.11,96.8,105.76,97.98,92.21,4.54422491609083,0.11964637884050162,94.08747325376704
2022-07-18,6.742,117.27,104.48,103.58,114.81,100.8,96.98,113.24,102.11,96.8,105.76,97.98,92.21,4.5670851356665905,0.12008370751062696,96.26310653278846
2022-07-19,6.743,114.96,106.12,103.78,114.81,100.8,96.98,113.24,102.11,96.8,105.76,97.98,92.21,4.572660209009428,0.11977369522114231,96.80127919401572
2022-07-20,6.754,115.86,104.45,103.54,114.81,100.8,96.98,113.24,102.11,96.8,105.76,97.98,92.21,4.571993141191474,0.11956099226923042,96.73672770843152
2022-07-21,6.7655,112.81,98.44,102.55,114.81,100.8,96.98,113.24,102.11,96.8,105.76,97.98,92.21,4.563158283094935,0.11929875521958697,95.88583673158607
2022-07-22,6.75,106.77,97.71,102.32,114.81,100.8,96.98,113.24,102.11,96.8,105.76,97.98,92.21,4.558373144460732,0.11919064125388826,95.42810573631327
2022-07-25,6.7499,108.23,99.83,102.63,114.81,100.8,96.98,113.24,102.11,96.8,105.76,97.98,92.21,4.560365905910133,0.11932188470022831,95.6184607897268
2022-07-26,6.7616,107.32,97.74,102.66,114.81,100.8,96.98,113.24,102.11,96.8,105.76,97.98,92.21,4.560510341613797,0.1193169981881479,95.63227250682276
2022-07-27,6.757,109.64,100.03,102.75,114.81,100.8,96.98,113.24,102.11,96.8,105.76,97.98,92.21,4.561990665443306,0.11937736686154309,95.77394407271107
2022-07-28,6.7465,109.68,99.11,102.8,114.81,100.8,96.98,113.24,102.11,96.8,105.76,97.98,92.21,4.562543187784804,0.11938198577136021,95.82687593821724
2022-07-29,6.7433,111.51,101.31,103.12,110.01,97.62,95.27,103.12,94.98,90.85,98.62,93.4,89.8,4.5760227271777545,0.099619331548763,97.12732311111826
2022-08-01,6.7674,106.09,96.59,97.87,110.01,97.62,95.27,103.12,94.98,90.85,98.62,93.4,89.8,4.539345293676862,0.09200678962154588,93.6294802356641
2022-08-02,6.7499,106.51,97.14,99.4,110.01,97.62,95.27,103.12,94.98,90.85,98.62,93.4,89.8,4.5454066017568575,0.09047331237515564,94.19872078912744
2022-08-03,6.7565,101.82,93.25,95.97,110.01,97.62,95.27,103.12,94.98,90.85,98.62,93.4,89.8,4.51818065291923,0.08919168508752949,91.66866904794027
2022-08-04,6.7485,97.99,91.29,94.08,110.01,97.62,95.27,103.12,94.98,90.85,98.62,93.4,89.8,4.496597191675052,0.08886080830360538,89.71134082499732
2022-08-05,6.7607,100.31,91.77,94.41,110.01,97.62,95.27,103.12,94.98,90.85,98.62,93.4,89.8,4.495770436942555,0.08927068817993075,89.63720220086374
2022-08-08,6.7505,103.46,93.52,96.04,110.01,97.62,95.27,103.12,94.98,90.85,98.62,93.4,89.8,4.509698857358622,0.08977206334382237,90.89444219623905
2022-08-09,6.7525,103.81,93.18,95.97,110.01,97.62,95.27,103.12,94.98,90.85,98.62,93.4,89.8,4.511802658643509,0.08967682894645955,91.0858673301383
2022-08-10,6.723,105.06,94.68,96.87,110.01,97.62,95.27,103.12,94.98,90.85,98.62,93.4,89.8,4.519889374454113,0.08978406251113716,91.82543917692043
2022-08-11,6.7445,107.19,97.02,98.18,110.01,97.62,95.27,103.12,94.98,90.85,98.62,93.4,89.8,4.532557176471525,0.08993163403098456,92.99606463186548
2022-08-12,6.7425,103.7,94.86,96.48,110.01,97.62,95.27,103.12,94.98,90.85,98.62,93.4,89.8,4.520483241374694,0.08938234083112775,91.87998746332369
2022-08-15,6.7715,98.25,92.24,94.97,110.01,97.62,95.27,103.12,94.98,90.85,98.62,93.4,89.8,4.504460571890136,0.08903460598687807,90.41955604103079
2022-08-16,6.7875,95.36,89.23,93.46,110.01,97.62,95.27,103.12,94.98,90.85,98.62,93.4,89.8,4.4879543618916,0.08888994866344434,88.93932199598112
2022-08-17,6.7805,97.22,90.85,94.04,110.01,97.62,95.27,103.12,94.98,90.85,98.62,93.4,89.8,4.490211346651057,0.08929344029892021,89.14028338833461
2022-08-18,6.7855,96.35,93.2,95.18,110.01,97.62,95.27,103.12,94.98,90.85,98.62,93.4,89.8,4.499974419473996,0.08954119553063307,90.01482864440547
2022-08-19,6.8164,96.45,93.55,95.39,110.01,97.62,95.27,103.12,94.98,90.85,98.62,93.4,89.8,4.503599968065058,0.08947829123949486,90.34177409975878
2022-08-22,6.8476,95.06,93.42,95.39,110.01,97.62,95.27,103.12,94.98,90.85,98.62,93.4,89.8,4.503954417236395,0.08935126590502057,90.37380134240507
2022-08-23,6.8476,99.49,96.46,96.41,110.01,97.62,95.27,103.12,94.98,90.85,98.62,93.4,89.8,4.513687850333135,0.08958847190209308,91.25774360923465
2022-08-24,6.8581,99.87,95.52,96.46,110.01,97.62,95.27,103.12,94.98,90.85,98.62,93.4,89.8,4.515914211578507,0.0895085343686772,91.46114264880052
2022-08-25,6.8477,98.81,93.33,96.23,110.01,97.62,95.27,103.12,94.98,90.85,98.62,93.4,89.8,4.513991023168583,0.08938249738803151,91.28541467246671
2022-08-26,6.8715,101.13,93.63,96.53,110.01,97.62,95.27,103.12,94.98,90.85,98.62,93.4,89.8,4.516617463537317,0.08949027542332608,91.52548549848902
2022-08-29,6.9067,101.13,97.4,96.88,110.01,97.62,95.27,103.12,94.98,90.85,98.62,93.4,89.8,4.520369963485049,0.08951976885743182,91.86958008171744
2022-08-30,6.91,99.34,92.08,96.51,110.01,97.62,95.27,103.12,94.98,90.85,98.62,93.4,89.8,4.517058236669888,0.08937060152566254,91.565836365578
2022-08-31,6.889,96.55,90.09,96.6,96.49,90.99,89.33,96.6,91.09,87.72,89.55,86.88,84.51,4.527437194550974,0.06779596339121284,92.52114329407327
2022-09-01,6.9066,92.24,87.09,92.08,96.49,90.99,89.33,96.6,91.09,87.72,89.55,86.88,84.51,4.494010497885961,0.05972905149509033,89.47958492686833
2022-09-02,6.8985,93.09,87.29,92.6,96.49,90.99,89.33,96.6,91.09,87.72,89.55,86.88,84.51,4.493229613554468,0.0578456471063825,89.4097389953564
2022-09-05,6.8985,94.22,87.29,92.6,96.49,90.99,89.33,96.6,91.09,87.72,89.55,86.88,84.51,4.4936210391431075,0.057283100888702386,89.44474310537802
2022-09-06,6.9532,91.43,87.35,93.13,96.49,90.99,89.33,96.6,91.09,87.72,89.55,86.88,84.51,4.497477753576787,0.05710135907898842,89.79037200469762
2022-09-07,6.965,86.83,82.5,89.36,96.49,90.99,89.33,96.6,91.09,87.72,89.55,86.88,84.51,4.464505919864503,0.056186844409759594,86.87809419332415
2022-09-08,6.9562,87.99,84.04,90.17,96.49,90.99,89.33,96.6,91.09,87.72,89.55,86.88,84.51,4.465729589345172,0.05667293169886288,86.98446933646177
2022-09-09,6.924,91.68,87.27,92.78,96.49,90.99,89.33,96.6,91.09,87.72,89.55,86.88,84.51,4.489307482292444,0.0573653876094464,89.05974906479848
2022-09-12,6.9265,93.45,88.18,93.36,96.49,90.99,89.33,96.6,91.09,87.72,89.55,86.88,84.51,4.4991565260972965,0.05730421961616911,89.94123621173658
2022-09-13,6.9245,92.04,87.84,92.51,96.49,90.99,89.33,96.6,91.09,87.72,89.55,86.88,84.51,4.493620394778372,0.05691531276760193,89.44468547035834
2022-09-14,6.9612,92.83,88.88,93.35,96.49,90.99,89.33,96.6,91.09,87.72,89.55,86.88,84.51,4.4999095758114676,0.057055590258453595,90.00899194247292
2022-09-15,6.9934,89.28,85.72,91.98,96.49,90.99,89.33,96.6,91.09,87.72,89.55,86.88,84.51,4.488367747822437,0.05665343486535226,88.97609586076796
2022-09-16,6.9799,89.43,85.57,92.26,96.49,90.99,89.33,96.6,91.09,87.72,89.55,86.88,84.51,4.488548382819367,0.05678999148264823,88.99216950925863
2022-09-19,7.005,89.43,86.15,92.46,96.49,90.99,89.33,96.6,91.09,87.72,89.55,86.88,84.51,4.490314038003067,0.05686308186310556,89.14943779458548
2022-09-20,7.0176,89.62,84.69,91.9,96.49,90.99,89.33,96.6,91.09,87.72,89.55,86.88,84.51,4.4858097537914965,0.056769177898738886,88.74878639074026
2022-09-21,7.0479,89.86,83.38,91.81,96.49,90.99,89.33,96.6,91.09,87.72,89.55,86.88,84.51,4.484072276020012,0.05681945533776438,88.59472122829567
2022-09-22,7.0772,90.4,84.02,92.18,96.49,90.99,89.33,96.6,91.09,87.72,89.55,86.88,84.51,4.487060375191619,0.05694603130190016,88.85984695511927
2022-09-23,7.1266,84.29,79.07,91.02,96.49,90.99,89.33,96.6,91.09,87.72,89.55,86.88,84.51,4.475498323556262,0.056557619109777586,87.83836142991959
2022-09-26,7.1384,82.55,77.17,90.5,96.49,90.99,89.33,96.6,91.09,87.72,89.55,86.88,84.51,4.4681169798249964,0.056504348179621494,87.19238331762504
2022-09-27,7.176,85.97,78.91,90.72,96.49,90.99,89.33,96.6,91.09,87.72,89.55,86.88,84.51,4.469781858893244,0.05676636570619203,87.33766899950767
2022-09-28,7.199,89.55,82.61,90.9,96.49,90.99,89.33,96.6,91.09,87.72,89.55,86.88,84.51,4.473096429283421,0.05694821029833049,87.62763614390204
2022-09-29,7.1196,89.41,81.78,90.81,96.49,90.99,89.33,96.6,91.09,87.72,89.55,86.88,84.51,4.472793524497641,0.05692965465556929,87.60109733311675
2022-09-30,7.1135,88.9,79.91,90.91,87.96,81.0,79.0,90.91,83.71,80.57,79.49,76.77,73.8,4.466787248301606,0.06921510250036278,87.07651790894388
2022-10-03,7.1103,90.68,84.05,88.03,87.96,81.0,79.0,90.91,83.71,80.57,79.49,76.77,73.8,4.440174611908775,0.07282717381624805,84.7897456806503
2022-10-04,7.1103,93.74,86.87,90.9,87.96,81.0,79.0,90.91,83.71,80.57,79.49,76.77,73.8,4.460421157224854,0.07508288645488935,86.52394160701395
2022-10-05,7.1103,94.35,88.22,92.12,87.96,81.0,79.0,90.91,83.71,80.57,79.49,76.77,73.8,4.474646175183054,0.07566671424799205,87.7635419962787
2022-10-06,7.1103,95.65,88.9,92.98,87.96,81.0,79.0,90.91,83.71,80.57,79.49,76.77,73.8,4.484897648716521,0.07577781190209079,88.66787507769436
2022-10-07,7.1103,98.88,93.07,95.8,87.96,81.0,79.0,90.91,83.71,80.57,79.49,76.77,73.8,4.511224701165793,0.07617886699258622,91.03323878199708
2022-10-10,7.1103,97.13,91.6,94.42,87.96,81.0,79.0,90.91,83.71,80.57,79.49,76.77,73.8,4.504477935797123,0.07554714113707947,90.42112609142275
2022-10-11,7.1639,95.17,89.75,92.93,87.96,81.0,79.0,90.91,83.71,80.57,79.49,76.77,73.8,4.490275359489758,0.0751627728430385,89.14598969355343
2022-10-12,7.172,93.44,87.83,91.58,87.96,81.0,79.0,90.91,83.71,80.57,79.49,76.77,73.8,4.475608364905175,0.07502260342132985,87.84802781353883
2022-10-13,7.17,95.16,89.59,92.42,87.96,81.0,79.0,90.91,83.71,80.57,79.49,76.77,73.8,4.480487228229472,0.07543716715559558,88.27767357377232
2022-10-14,7.1895,92.22,86.1,90.79,87.96,81.0,79.0,90.91,83.71,80.57,79.49,76.77,73.8,4.466450641838046,0.07512412190471258,87.047212322693
2022-10-17,7.1946,91.04,86.0,90.71,87.96,81.0,79.0,90.91,83.71,80.57,79.49,76.77,73.8,4.462778489157185,0.07523200008887898,86.72814785386385
2022-10-18,7.2001,89.46,83.29,89.92,87.96,81.0,79.0,90.91,83.71,80.57,79.49,76.77,73.8,4.454518423633275,0.07515794712588728,86.01471821396879
2022-10-19,7.228,91.34,86.0,90.53,87.96,81.0,79.0,90.91,83.71,80.57,79.49,76.77,73.8,4.4590073947504125,0.07544024451569312,86.40170373324864
2022-10-20,7.2129,91.52,86.02,90.54,87.96,81.0,79.0,90.91,83.71,80.57,79.49,76.77,73.8,4.4599723952879815,0.0754561261973344,86.4851216664999
2022-10-21,7.2399,91.82,85.47,90.95,87.96,81.0,79.0,90.91,83.71,80.57,79.49,76.77,73.8,4.463640928753491,0.07552750369214163,86.80297790624913
2022-10-24,7.2629,91.57,86.12,90.88,87.96,81.0,79.0,90.91,83.71,80.57,79.49,76.77,73.8,4.463774381966575,0.07546017943774101,86.81456281556046
2022-10-25,7.2688,91.76,86.93,90.84,87.96,81.0,79.0,90.91,83.71,80.57,79.49,76.77,73.8,4.463629795354018,0.07543101660589416,86.8020114994004
2022-10-26,7.171,92.93,89.39,91.16,87.96,81.0,79.0,90.91,83.71,80.57,79.49,76.77,73.8,4.466944757301085,0.07550517740528512,87.09023432435889
2022-10-27,7.2239,94.17,89.06,91.26,87.96,81.0,79.0,90.91,83.71,80.57,79.49,76.77,73.8,4.4686889811596755,0.07552390928909457,87.24227174401959
2022-10-28,7.2499,94.64,87.85,91.11,87.96,81.0,79.0,90.91,83.71,80.57,79.49,76.77,73.8,4.467710683441537,0.07549048181659976,87.15696456336104
2022-10-31,7.3048,93.3,86.54,91.13,94.83,87.88,86.07,91.13,84.99,81.45,86.53,82.64,79.9,4.469039397176621,0.0719000646594397,87.27284819031878
2022-11-01,7.273,95.12,88.36,91.22,94.83,87.88,86.07,91.13,84.99,81.45,86.53,82.64,79.9,4.4712530952227585,0.0707733712045469,87.46625792022611
2022-11-02,7.289,96.07,90.06,91.87,94.83,87.88,86.07,91.13,84.99,81.45,86.53,82.64,79.9,4.477770326086755,0.07050159940295174,88.0381572917692
2022-11-03,7.3,95.29,88.14,89.5,94.83,87.88,86.07,91.13,84.99,81.45,86.53,82.64,79.9,4.458475591055648,0.06985964170332835,86.35576720366005
2022-11-04,7.2996,99.53,92.58,93.63,94.83,87.88,86.07,91.13,84.99,81.45,86.53,82.64,79.9,4.491206189041631,0.07083319697390261,89.22900804716535
2022-11-07,7.2266,99.87,91.8,92.68,94.83,87.88,86.07,91.13,84.99,81.45,86.53,82.64,79.9,4.489532260405875,0.07039435096855853,89.07976999722531
2022-11-08,7.2485,96.85,88.8,90.62,94.83,87.88,86.07,91.13,84.99,81.45,86.53,82.64,79.9,4.4708261244297125,0.06984977514634377,87.42892035430945
2022-11-09,7.2401,93.05,85.79,88.8,94.83,87.88,86.07,91.13,84.99,81.45,86.53,82.64,79.9,4.450288454186476,0.06959469274409355,85.65164701534562
2022-11-10,7.184,94.25,86.52,89.36,94.83,87.88,86.07,91.13,84.99,81.45,86.53,82.64,79.9,4.451591007471809,0.07002390003610734,85.76328554133978
2022-11-11,7.184,96.37,89.14,91.11,94.83,87.88,86.07,91.13,84.99,81.45,86.53,82.64,79.9,4.467610902265249,0.07050052747719748,87.14826837278044
2022-11-14,7.071,93.59,85.85,89.5,94.83,87.88,86.07,91.13,84.99,81.45,86.53,82.64,79.9,4.4557727076235665,0.07000667212348578,86.12267278664697
2022-11-15,7.044,94.3,86.87,89.44,94.83,87.88,86.07,91.13,84.99,81.45,86.53,82.64,79.9,4.453347098949745,0.0700705994149629,85.91402603450798
2022-11-16,7.0964,92.61,85.62,88.94,94.83,87.88,86.07,91.13,84.99,81.45,86.53,82.64,79.9,4.447950611375979,0.07000141555016842,85.4516408107919
2022-11-17,7.1551,91.0,81.69,87.59,94.83,87.88,86.07,91.13,84.99,81.45,86.53,82.64,79.9,4.434154689455094,0.06980235219511885,84.2808512760494
2022-11-18,7.1192,88.93,80.07,86.86,94.83,87.88,86.07,91.13,84.99,81.45,86.53,82.64,79.9,4.424279779049326,0.06980167961535749,83.45268120323853
2022-11-21,7.164,88.44,79.74,86.62,94.83,87.88,86.07,91.13,84.99,81.45,86.53,82.64,79.9,4.420054724228854,0.06992538067467226,83.10083286290886
2022-11-22,7.1388,88.65,80.83,86.6,94.83,87.88,86.07,91.13,84.99,81.45,86.53,82.64,79.9,4.419257544023526,0.07004107543188756,83.03461292202415
2022-11-23,7.158,85.9,77.93,85.88,94.83,87.88,86.07,91.13,84.99,81.45,86.53,82.64,79.9,4.411478720602016,0.06988576536789168,82.39120704495924
2022-11-24,7.158,85.59,77.93,85.88,94.83,87.88,86.07,91.13,84.99,81.45,86.53,82.64,79.9,4.40990798077465,0.06996881216359627,82.2618934801993
2022-11-25,7.1642,83.4,76.45,85.79,94.83,87.88,86.07,91.13,84.99,81.45,86.53,82.64,79.9,4.4079487148528,0.0699432008245489,82.10087834288012
2022-11-28,7.2074,83.5,77.1,85.97,94.83,87.88,86.07,91.13,84.99,81.45,86.53,82.64,79.9,4.4093168872175825,0.07000474472370767,82.21328337294689
2022-11-29,7.1568,83.22,77.96,86.19,94.83,87.88,86.07,91.13,84.99,81.45,86.53,82.64,79.9,4.411596633642083,0.07002690168508269,82.40092261544167
2022-11-30,7.0879,85.61,80.48,86.22,85.43,86.47,85.58,86.22,79.71,78.5,80.55,80.56,79.89,4.433035914266726,0.032237755319429226,84.1866126765202
2022-12-01,7.0424,86.28,81.06,80.94,85.43,86.47,85.58,86.22,79.71,78.5,80.55,80.56,79.89,4.393956119003331,0.018599194243633644,80.96007395409343
2022-12-02,7.019,86.54,79.86,80.1,85.43,86.47,85.58,86.22,79.71,78.5,80.55,80.56,79.89,4.380116313358796,0.014745865749055835,79.84732017498675
2022-12-05,6.961,83.36,76.83,77.52,85.43,86.47,85.58,86.22,79.71,78.5,80.55,80.56,79.89,4.3513900869927795,0.013137644616925483,77.58623962093009
2022-12-06,6.9935,79.92,74.21,75.12,85.43,86.47,85.58,86.22,79.71,78.5,80.55,80.56,79.89,4.320401327217846,0.012537716045013345,75.21880959091246
2022-12-07,6.9702,77.11,71.93,73.88,85.43,86.47,85.58,86.22,79.71,78.5,80.55,80.56,79.89,4.300438140946129,0.012560121682972745,73.73209167195226
2022-12-08,6.9649,76.02,71.3,73.45,85.43,86.47,85.58,86.22,79.71,78.5,80.55,80.56,79.89,4.291628392727997,0.012805643455326282,73.08538336009539
2022-12-09,6.9559,76.37,71.05,73.71,85.43,86.47,85.58,86.22,79.71,78.5,80.55,80.56,79.89,4.292677402577092,0.013118447119520739,73.16209087349934
2022-12-12,6.9773,78.0,72.96,75.13,85.43,86.47,85.58,86.22,79.71,78.5,80.55,80.56,79.89,4.308357390795386,0.013555136732523171,74.31831267941246
2022-12-13,6.943,80.14,75.44,76.62,85.43,86.47,85.58,86.22,79.71,78.5,80.55,80.56,79.89,4.327505987697963,0.013785026133120907,75.75511657841106
2022-12-14,6.9498,83.33,77.14,77.67,85.43,86.47,85.58,86.22,79.71,78.5,80.55,80.56,79.89,4.342857192611608,0.013824731648474866,76.92702095426097
2022-12-15,6.9716,82.34,75.89,76.9,85.43,86.47,85.58,86.22,79.71,78.5,80.55,80.56,79.89,4.337671823961775,0.013367758762879725,76.5291584149274
2022-12-16,6.9708,80.2,74.19,75.89,85.43,86.47,85.58,86.22,79.71,78.5,80.55,80.56,79.89,4.325651782551287,0.013038664320000105,75.61478119686466
2022-12-19,6.9772,81.66,75.05,76.31,85.43,86.47,85.58,86.22,79.71,78.5,80.55,80.56,79.89,4.328182249875014,0.01328787241837916,75.80636422494055
2022-12-20,6.96,79.45,75.92,76.4,85.43,86.47,85.58,86.22,79.71,78.5,80.55,80.56,79.89,4.32904043534928,0.01326029399174186,75.87144806858552
2022-12-21,6.981,80.25,78.17,77.1,85.43,86.47,85.58,86.22,79.71,78.5,80.55,80.56,79.89,4.336823024887261,0.013398523842233613,76.46422809638695
2022-12-22,6.9829,79.58,77.68,76.87,85.43,86.47,85.58,86.22,79.71,78.5,80.55,80.56,79.89,4.335737788699188,0.013231016201958724,76.38129136007724
2022-12-23,6.988,82.45,79.57,77.48,85.43,86.47,85.58,86.22,79.71,78.5,80.55,80.56,79.89,4.342759732477139,0.013412759336911065,76.91952400178742
2022-12-27,6.96,82.45,79.45,77.52,85.43,86.47,85.58,86.22,79.71,78.5,80.55,80.56,79.89,4.344475382879302,0.013351050644430902,77.0516042834717
2022-12-28,6.9774,81.7,78.89,77.39,85.43,86.47,85.58,86.22,79.71,78.5,80.55,80.56,79.89,4.343224340422949,0.013249810626132483,76.95526972705751
2022-12-29,6.9625,80.96,78.43,77.24,85.43,86.47,85.58,86.22,79.71,78.5,80.55,80.56,79.89,4.341217547457954,0.013185900531036155,76.80099128736975
2022-12-30,6.8972,82.82,80.16,77.2,85.91,84.29,83.19,77.2,78.83,77.64,80.26,80.62,79.49,4.337281909902726,0.02083183815035644,76.499324436856
2023-01-03,6.9135,80.36,76.87,77.91,85.91,84.29,83.19,77.2,78.83,77.64,80.26,80.62,79.49,4.341317708684433,0.02346176055340806,76.80868415410896
2023-01-04,6.8875,75.31,72.82,74.69,85.91,84.29,83.19,77.2,78.83,77.64,80.26,80.62,79.49,4.307034637648742,0.023403039201841464,74.22007288528484
2023-01-05,6.88,76.73,73.61,75.46,85.91,84.29,83.19,77.2,78.83,77.64,80.26,80.62,79.49,4.308871960155506,0.024228430293664126,74.35656444676279
2023-01-06,6.837,76.41,73.77,75.4,85.91,84.29,83.19,77.2,78.83,77.64,80.26,80.62,79.49,4.308428680950218,0.024436884478011463,74.32361103228818
2023-01-09,6.77,77.5,74.69,76.43,85.91,84.29,83.19,77.2,78.83,77.64,80.26,80.62,79.49,4.319252812097364,0.024764898070916794,75.13246924184172
2023-01-10,6.777,78.4,75.11,77.06,85.91,84.29,83.19,77.2,78.83,77.64,80.26,80.62,79.49,4.327970727863485,0.024833259269970438,75.79033120602095
2023-01-11,6.77,81.11,77.46,78.68,85.91,84.29,83.19,77.2,78.83,77.64,80.26,80.62,79.49,4.346851317520116,0.025111055352908702,77.23489151223478
2023-01-12,6.7365,82.59,78.32,79.39,85.91,84.29,83.19,77.2,78.83,77.64,80.26,80.62,79.49,4.357952043505316,0.025043094991354892,78.09703121454774
2023-01-13,6.701,83.43,79.9,80.02,85.91,84.29,83.19,77.2,78.83,77.64,80.26,80.62,79.49,4.366680146866642,0.02496367224474591,78.7816535562889
2023-01-16,6.701,82.65,79.9,80.02,85.91,84.29,83.19,77.2,78.83,77.64,80.26,80.62,79.49,4.368162274585226,0.024750909363669065,78.89850460143649
2023-01-17,6.7723,84.38,80.25,80.66,85.91,84.29,83.19,77.2,78.83,77.64,80.26,80.62,79.49,4.375157544052606,0.024838286516205725,79.45235581242807
2023-01-18,6.7534,83.78,79.53,80.19,85.91,84.29,83.19,77.2,78.83,77.64,80.26,80.62,79.49,4.371721684368847,0.024627495446897678,79.17983710243004
2023-01-19,6.7738,85.08,80.31,80.49,85.91,84.29,83.19,77.2,78.83,77.64,80.26,80.62,79.49,4.374440382088676,0.0247214689900557,79.39539603203005
2023-01-20,6.7825,86.96,81.27,81.0,85.91,84.29,83.19,77.2,78.83,77.64,80.26,80.62,79.49,4.380476816696859,0.024859295642409088,79.87611058965373
2023-01-23,6.7899,87.54,81.62,81.07,85.91,84.29,83.19,77.2,78.83,77.64,80.26,80.62,79.49,4.382500314746537,0.02482334742287239,80.0379033821421
2023-01-24,6.7899,85.25,79.86,80.6,85.91,84.29,83.19,77.2,78.83,77.64,80.26,80.62,79.49,4.377535054687309,0.024615809573251546,79.64147936586812
2023-01-25,6.7899,85.08,79.78,80.57,85.91,84.29,83.19,77.2,78.83,77.64,80.26,80.62,79.49,4.376255825015996,0.02462895866957553,79.53966475841386
2023-01-26,6.7899,86.29,80.64,80.74,85.91,84.29,83.19,77.2,78.83,77.64,80.26,80.62,79.49,4.3780892437646575,0.02472574899531247,79.68562803606204
2023-01-27,6.7899,85.36,79.73,80.58,85.91,84.29,83.19,77.2,78.83,77.64,80.26,80.62,79.49,4.376513311514332,0.02466573046627152,79.56014778510952
2023-01-30,6.7501,84.9,77.97,80.42,85.91,84.29,83.19,77.2,78.83,77.64,80.26,80.62,79.49,4.374292485722644,0.024636965072763566,79.38365460975547
2023-01-31,6.754,83.42,78.95,80.38,84.49,84.42,83.44,80.38,80.07,78.75,78.87,79.51,78.39,4.375339172951907,0.020533132431255527,79.46678796696966
2023-02-01,6.7406,81.61,76.34,80.32,84.49,84.42,83.44,80.38,80.07,78.75,78.87,79.51,78.39,4.3746195793185505,0.019123615342779326,79.40962474189838
2023-02-02,6.7266,80.57,75.87,80.07,84.49,84.42,83.44,80.38,80.07,78.75,78.87,79.51,78.39,4.371897468774803,0.018596750154269606,79.19375690646517
2023-02-03,6.7733,78.85,73.4,78.1,84.49,84.42,83.44,80.38,80.07,78.75,78.87,79.51,78.39,4.351339881943014,0.018029233495935843,77.58234449768705
2023-02-06,6.7918,80.48,74.11,78.97,84.49,84.42,83.44,80.38,80.07,78.75,78.87,79.51,78.39,4.356568444707672,0.018455209068632482,77.98905097395121
2023-02-07,6.791,82.92,77.17,81.19,84.49,84.42,83.44,80.38,80.07,78.75,78.87,79.51,78.39,4.380075776962816,0.01900914531783843,79.84408351799982
2023-02-08,6.789,84.17,78.47,82.17,84.49,84.42,83.44,80.38,80.07,78.75,78.87,79.51,78.39,4.394353149305547,0.01898291538681633,80.99222393855958
2023-02-09,6.7782,83.46,78.04,81.86,84.49,84.42,83.44,80.38,80.07,78.75,78.87,79.51,78.39,4.393945845676995,0.018629095824176076,80.95924222910578
2023-02-10,6.8106,85.46,79.74,83.15,84.49,84.42,83.44,80.38,80.07,78.75,78.87,79.51,78.39,4.4067802729655865,0.01883030689363896,82.00500426020203
2023-02-13,6.8198,85.98,80.14,83.52,84.49,84.42,83.44,80.38,80.07,78.75,78.87,79.51,78.39,4.412863967974784,0.018745045816682283,82.50541833523889
2023-02-14,6.8255,84.96,79.08,83.05,84.49,84.42,83.44,80.38,80.07,78.75,78.87,79.51,78.39,4.40926646726374,0.018486642730790218,82.2091382874924
2023-02-15,6.851,84.11,78.57,82.95,84.49,84.42,83.44,80.38,80.07,78.75,78.87,79.51,78.39,4.407363702903893,0.018424434620957744,82.05286239435493
2023-02-16,6.859,83.84,78.45,82.83,84.49,84.42,83.44,80.38,80.07,78.75,78.87,79.51,78.39,4.405794006283833,0.018407783627330174,81.92416532768884
2023-02-17,6.8661,81.97,76.31,82.07,84.49,84.42,83.44,80.38,80.07,78.75,78.87,79.51,78.39,4.39752915437095,0.018231362769673142,81.24986456945253
2023-02-20,6.8661,82.79,76.31,82.07,84.49,84.42,83.44,80.38,80.07,78.75,78.87,79.51,78.39,4.396185249016512,0.018354216737371816,81.14074578049576
2023-02-21,6.87,82.14,76.28,82.17,84.49,84.42,83.44,80.38,80.07,78.75,78.87,79.51,78.39,4.396657181668172,0.018416609439846222,81.17904778508203
2023-02-22,6.8908,79.55,73.95,81.69,84.49,84.42,83.44,80.38,80.07,78.75,78.87,79.51,78.39,4.391104413245266,0.018257001139470992,80.72952852512607
2023-02-23,6.9075,82.08,75.26,81.98,84.49,84.42,83.44,80.38,80.07,78.75,78.87,79.51,78.39,4.393724559318975,0.018444754759536157,80.94132903529068
2023-02-24,6.9545,82.31,76.19,82.12,84.49,84.42,83.44,80.38,80.07,78.75,78.87,79.51,78.39,4.395733071197277,0.018487754184480825,81.10406402897985
2023-02-27,6.945,81.24,75.57,82.05,84.49,84.42,83.44,80.38,80.07,78.75,78.87,79.51,78.39,4.395055266192971,0.018417754887532414,81.04910991470217
2023-02-28,6.9325,83.21,76.88,82.08,83.89,81.5,80.63,82.08,80.39,79.3,77.05,76.65,75.34,4.392484206074231,0.02519063572883065,80.8409954326061
2023-03-01,6.8656,83.68,77.57,82.35,83.89,81.5,80.63,82.08,80.39,79.3,77.05,76.65,75.34,4.393821141219537,0.027498210972237362,80.94914688020803
2023-03-02,6.9122,84.15,78.05,83.06,83.89,81.5,80.63,82.08,80.39,79.3,77.05,76.65,75.34,4.400584368391582,0.028372423984565475,81.49847988797488
2023-03-03,6.9048,85.74,79.62,84.31,83.89,81.5,80.63,82.08,80.39,79.3,77.05,76.65,75.34,4.413964683786925,0.02881509307343126,82.5962833528945
2023-03-06,6.9295,85.86,80.39,84.4,83.89,81.5,80.63,82.08,80.39,79.3,77.05,76.65,75.34,4.417465957140938,0.028729188089752618,82.88598238073236
2023-03-07,6.9605,83.03,77.45,82.07,83.89,81.5,80.63,82.08,80.39,79.3,77.05,76.65,75.34,4.395347104006269,0.02810881252978619,81.07276656149354
2023-03-08,6.9496,82.1,76.56,81.97,83.89,81.5,80.63,82.08,80.39,79.3,77.05,76.65,75.34,4.3898053438992335,0.028269136626023927,80.62472335862792
2023-03-09,6.963,81.0,75.6,81.24,83.89,81.5,80.63,82.08,80.39,79.3,77.05,76.65,75.34,4.381347161813501,0.02824712472614432,79.94566063432231
2023-03-10,6.9025,82.3,76.55,82.16,83.89,81.5,80.63,82.08,80.39,79.3,77.05,76.65,75.34,4.388913615047103,0.02861605198357009,80.55286001268549
2023-03-13,6.8455,79.67,74.68,81.01,83.89,81.5,80.63,82.08,80.39,79.3,77.05,76.65,75.34,4.378407484752425,0.028289219328878387,79.71099130464088
2023-03-14,6.868,76.77,71.18,79.2,83.89,81.5,80.63,82.08,80.39,79.3,77.05,76.65,75.34,4.357558282943181,0.027929839647522464,78.0662857372111
2023-03-15,6.9005,74.3,67.38,77.25,83.89,81.5,80.63,82.08,80.39,79.3,77.05,76.65,75.34,4.332931826683723,0.027727965796184743,76.16726876788495
2023-03-16,6.8965,73.12,68.15,77.85,83.89,81.5,80.63,82.08,80.39,79.3,77.05,76.65,75.34,4.333911466731059,0.028191921242101303,76.24192183526307
2023-03-17,6.887,71.03,66.61,77.14,83.89,81.5,80.63,82.08,80.39,79.3,77.05,76.65,75.34,4.3260232727277295,0.028105438822451406,75.64287656352641
2023-03-20,6.877,72.42,67.56,77.37,83.89,81.5,80.63,82.08,80.39,79.3,77.05,76.65,75.34,4.327424037871374,0.028319033364361937,75.74890871411444
2023-03-21,6.883,74.78,69.4,77.97,83.89,81.5,80.63,82.08,80.39,79.3,77.05,76.65,75.34,4.334691841938617,0.028565172445069592,76.301442361991
2023-03-22,6.8802,76.08,70.71,78.35,83.89,81.5,80.63,82.08,80.39,79.3,77.05,76.65,75.34,4.34044017298388,0.028629670886732125,76.74131135699204
2023-03-23,6.8188,74.31,69.77,78.13,83.89,81.5,80.63,82.08,80.39,79.3,77.05,76.65,75.34,4.3386669139430465,0.02843920724007951,76.60534971605438
2023-03-24,6.8675,73.63,69.22,77.86,83.89,81.5,80.63,82.08,80.39,79.3,77.05,76.65,75.34,4.335371462160856,0.028332122572634965,76.35331599039299
2023-03-27,6.8834,76.8,72.87,78.4,83.89,81.5,80.63,82.08,80.39,79.3,77.05,76.65,75.34,4.341673606435304,0.028566507422948247,76.8360250570411
2023-03-28,6.8725,78.07,73.12,78.45,83.89,81.5,80.63,82.08,80.39,79.3,77.05,76.65,75.34,4.343779139637428,0.028580750214305856,76.99797629594215
2023-03-29,6.8862,77.51,72.95,78.41,83.89,81.5,80.63,82.08,80.39,79.3,77.05,76.65,75.34,4.343595646824649,0.028519256667470315,76.98384901685999
2023-03-30,6.87,78.45,74.32,78.47,83.89,81.5,80.63,82.08,80.39,79.3,77.05,76.65,75.34,4.344661566504273,0.028541355004705112,77.06595136602155
2023-03-31,6.8676,79.19,75.68,78.49,79.77,79.15,78.35,78.49,76.27,75.17,75.67,75.43,73.93,4.347238282136504,0.02520664217001581,77.26478446578524
2023-04-03,6.8776,85.81,80.4,84.69,79.77,79.15,78.35,78.49,76.27,75.17,75.67,75.43,73.93,4.409407015588201,0.025497824496428127,82.22069345614482
2023-04-04,6.878,85.7,80.7,84.47,79.77,79.15,78.35,78.49,76.27,75.17,75.67,75.43,73.93,4.419423081425269,0.024399206331176235,83.04835939384827
2023-04-05,6.8781,85.89,80.69,84.59,79.77,79.15,78.35,78.49,76.27,75.17,75.67,75.43,73.93,4.422660480303667,0.02388741177822279,83.3176557340352
2023-04-06,6.875,86.56,80.7,84.99,79.77,79.15,78.35,78.49,76.27,75.17,75.67,75.43,73.93,4.4271788948560955,0.023759051795881836,83.69497123416001
2023-04-07,6.875,86.56,80.7,84.99,79.77,79.15,78.35,78.49,76.27,75.17,75.67,75.43,73.93,4.428072206278244,0.023634135529867612,83.76977031240115
2023-04-10,6.8807,86.56,79.79,84.28,79.77,79.15,78.35,78.49,76.27,75.17,75.67,75.43,73.93,4.421660853522794,0.023446924421760315,83.23441078791458
2023-04-11,6.8866,87.32,81.54,85.19,79.77,79.15,78.35,78.49,76.27,75.17,75.67,75.43,73.93,4.429185725908777,0.023692743436881557,83.86310154952797
2023-04-12,6.873,88.31,83.26,86.35,79.77,79.15,78.35,78.49,76.27,75.17,75.67,75.43,73.93,4.441548290821791,0.02387398781238955,84.9062996018356
2023-04-13,6.8677,86.51,82.16,85.61,79.77,79.15,78.35,78.49,76.27,75.17,75.67,75.43,73.93,4.436643421083925,0.023514596388793073,84.49086492172788
2023-04-14,6.869,87.31,82.58,85.64,79.77,79.15,78.35,78.49,76.27,75.17,75.67,75.43,73.93,4.436288906103899,0.023517786273274888,84.46091695325312
2023-04-17,6.8786,85.63,80.93,84.95,79.77,79.15,78.35,78.49,76.27,75.17,75.67,75.43,73.93,4.429288496032575,0.023349321336995594,83.87172061373984
2023-04-18,6.8755,85.48,80.85,85.0,79.77,79.15,78.35,78.49,76.27,75.17,75.67,75.43,73.93,4.428355947016063,0.023428741040151916,83.79354258125758
2023-04-19,6.8851,85.34,79.18,84.36,79.77,79.15,78.35,78.49,76.27,75.17,75.67,75.43,73.93,4.4220517908192765,0.023353846516771398,83.26695658471073
2023-04-20,6.8725,83.29,77.27,83.55,79.77,79.15,78.35,78.49,76.27,75.17,75.67,75.43,73.93,4.412542986685473,0.023232819509745824,82.4789398894567
2023-04-21,6.892,83.36,77.86,83.71,79.77,79.15,78.35,78.49,76.27,75.17,75.67,75.43,73.93,4.412301853311733,0.023399038730156616,82.45905386210741
2023-04-24,6.8958,84.23,78.64,83.9,79.77,79.15,78.35,78.49,76.27,75.17,75.67,75.43,73.93,4.414341619739343,0.02351876222323343,82.627422730033
2023-04-25,6.932,82.13,77.05,83.62,79.77,79.15,78.35,78.49,76.27,75.17,75.67,75.43,73.93,4.4113091171019185,0.023404004871009493,82.377234392806
2023-04-26,6.9261,79.19,74.33,83.23,79.77,79.15,78.35,78.49,76.27,75.17,75.67,75.43,73.93,4.405852477118916,0.023260203977136292,81.92895564209451
2023-04-27,6.922,80.11,74.77,83.32,79.77,79.15,78.35,78.49,76.27,75.17,75.67,75.43,73.93,4.405988871243053,0.023361371320007034,81.94013103235217
2023-04-28,6.911,81.32,76.78,83.41,79.54,78.74,77.83,83.41,77.24,75.96,76.78,75.58,73.95,4.405530478550243,0.027223397421812012,81.90257888251215
2023-05-01,6.9164,81.32,75.65,79.24,79.54,78.74,77.83,83.41,77.24,75.96,76.78,75.58,73.95,4.365195208574019,0.027666503956186177,78.66475447760679
2023-05-02,6.9164,76.71,71.71,75.01,79.54,78.74,77.83,83.41,77.24,75.96,76.78,75.58,73.95,4.313023135289431,0.02753207287512148,74.66587312120356
2023-05-03,6.9164,72.91,68.62,72.28,79.54,78.74,77.83,83.41,77.24,75.96,76.78,75.58,73.95,4.272637298095747,0.02773140526145845,71.71050844013506
2023-05-04,6.9094,73.0,68.52,72.5,79.54,78.74,77.83,83.41,77.24,75.96,76.78,75.58,73.95,4.26713812912986,0.028593397171102347,71.31724254644975
2023-05-05,6.9101,75.85,71.32,74.88,79.54,78.74,77.83,83.41,77.24,75.96,76.78,75.58,73.95,4.292227062943864,0.029583444538601955,73.12915050206327
2023-05-08,6.9125,75.85,73.13,76.25,79.54,78.74,77.83,83.41,77.24,75.96,76.78,75.58,73.95,4.311226638537612,0.029723038680134227,74.53185653889078
2023-05-09,6.9201,77.76,73.68,76.55,79.54,78.74,77.83,83.41,77.24,75.96,76.78,75.58,73.95,4.318588235842434,0.029547172499116765,75.08255457469768
2023-05-10,6.9321,76.7,72.53,75.64,79.54,78.74,77.83,83.41,77.24,75.96,76.78,75.58,73.95,4.310311472012778,0.029130468042787825,74.4636786805579
2023-05-11,6.948,75.32,70.81,74.74,79.54,78.74,77.83,83.41,77.24,75.96,76.78,75.58,73.95,4.29882707607156,0.02891472317211259,73.61340012449486
2023-05-12,6.9575,74.54,70.02,74.01,79.54,78.74,77.83,83.41,77.24,75.96,76.78,75.58,73.95,4.28868758252299,0.02887445685141353,72.87076884382502
2023-05-15,6.952,75.46,71.07,74.54,79.54,78.74,77.83,83.41,77.24,75.96,76.78,75.58,73.95,4.292693363871992,0.029191222001591747,73.1632586445268
2023-05-16,6.9751,75.15,70.85,74.42,79.54,78.74,77.83,83.41,77.24,75.96,76.78,75.58,73.95,4.292050560240209,0.029183936287193082,73.1162441483203
2023-05-17,6.9981,76.98,72.78,75.18,79.54,78.74,77.83,83.41,77.24,75.96,76.78,75.58,73.95,4.300642694352717,0.029412989374087626,73.74717536513646
2023-05-18,7.0355,75.75,71.82,74.76,79.54,78.74,77.83,83.41,77.24,75.96,76.78,75.58,73.95,4.29742215919121,0.02919926547089355,73.51005203077965
2023-05-19,7.006,75.42,71.57,74.61,79.54,78.74,77.83,83.41,77.24,75.96,76.78,75.58,73.95,4.295135521743767,0.029146358238564086,73.34215322804529
2023-05-22,7.0351,75.77,71.81,74.77,79.54,78.74,77.83,83.41,77.24,75.96,76.78,75.58,73.95,4.296499394756119,0.029217318833016377,73.4422508562113
2023-05-23,7.049,76.66,72.87,74.99,79.54,78.74,77.83,83.41,77.24,75.96,76.78,75.58,73.95,4.299466448510939,0.029289143401435187,73.66048155338359
2023-05-24,7.0585,77.99,74.37,75.41,79.54,78.74,77.83,83.41,77.24,75.96,76.78,75.58,73.95,4.304982074479735,0.029387308866476416,74.06788773552601
2023-05-25,7.0775,75.66,71.68,75.0,79.54,78.74,77.83,83.41,77.24,75.96,76.78,75.58,73.95,4.300686457479697,0.02915979343637481,73.75040284275806
2023-05-26,7.063,76.33,72.35,75.14,79.54,78.74,77.83,83.41,77.24,75.96,76.78,75.58,73.95,4.301640169467736,0.029216106585178404,73.82077303718707
2023-05-30,7.0792,73.38,69.45,74.95,79.54,78.74,77.83,83.41,77.24,75.96,76.78,75.58,73.95,4.298456126976853,0.029082307791346684,73.58609836445503
2023-05-31,7.11,71.98,68.11,74.93,72.66,71.45,70.89,74.93,71.63,70.67,68.09,67.41,66.9,4.300314794368079,0.022620313658493547,73.72299763162296
2023-06-01,7.0934,74.18,70.09,72.75,72.66,71.45,70.89,74.93,71.63,70.67,68.09,67.41,66.9,4.2798509482225535,0.0200905632433583,72.22967324376131
2023-06-02,7.0827,76.0,71.76,74.41,72.66,71.45,70.89,74.93,71.63,70.67,68.09,67.41,66.9,4.2944748448874215,0.02006820470268091,73.29371376799006
2023-06-05,7.105,76.61,72.14,75.14,72.66,71.45,70.89,74.93,71.63,70.67,68.09,67.41,66.9,4.305088036805484,0.019968125388374346,74.0757365570061
2023-06-06,7.119,76.22,71.71,75.5,72.66,71.45,70.89,74.93,71.63,70.67,68.09,67.41,66.9,4.3106526036623185,0.019804784308734665,74.48908493128882
2023-06-07,7.1287,76.85,72.52,75.83,72.66,71.45,70.89,74.93,71.63,70.67,68.09,67.41,66.9,4.315441884512818,0.019737781495963228,74.8466897306926
2023-06-08,7.1109,75.88,71.28,75.2,72.66,71.45,70.89,74.93,71.63,70.67,68.09,67.41,66.9,4.309445329852214,0.019465224097814197,74.39921047236894
2023-06-09,7.1273,74.74,70.16,74.38,72.66,71.45,70.89,74.93,71.63,70.67,68.09,67.41,66.9,4.299325787425566,0.01927555724058968,73.65012111877125
2023-06-12,7.1437,71.8,67.08,72.41,72.66,71.45,70.89,74.93,71.63,70.67,68.09,67.41,66.9,4.2752243304135,0.018875721765271046,71.89626601982096
2023-06-13,7.1585,74.24,69.39,73.89,72.66,71.45,70.89,74.93,71.63,70.67,68.09,67.41,66.9,4.287391967129557,0.01959499697308938,72.77641748871204
2023-06-14,7.148,73.39,68.22,73.42,72.66,71.45,70.89,74.93,71.63,70.67,68.09,67.41,66.9,4.284259662567974,0.019475921311124775,72.54881622855844
2023-06-15,7.13,75.75,70.61,74.69,72.66,71.45,70.89,74.93,71.63,70.67,68.09,67.41,66.9,4.29804054836122,0.019844968328907156,73.55552390905184
2023-06-16,7.125,76.76,71.81,75.2,72.66,71.45,70.89,74.93,71.63,70.67,68.09,67.41,66.9,4.3064166183724595,0.01985001275500454,74.1742176207329
2023-06-19,7.125,76.09,71.81,75.2,72.66,71.45,70.89,74.93,71.63,70.67,68.09,67.41,66.9,4.307833554428845,0.019672858135058334,74.27939223939191
2023-06-20,7.1811,75.79,70.94,75.1,72.66,71.45,70.89,74.93,71.63,70.67,68.09,67.41,66.9,4.306869542014249,0.019561647468744472,74.20782048669636
2023-06-21,7.1779,76.92,72.55,75.7,72.66,71.45,70.89,74.93,71.63,70.67,68.09,67.41,66.9,4.313445834672225,0.01970357231582604,74.69744101108148
2023-06-22,7.1777,73.93,69.22,74.91,72.66,71.45,70.89,74.93,71.63,70.67,68.09,67.41,66.9,4.3051263633235255,0.01936784354724456,74.07857567646614
2023-06-23,7.1777,73.56,68.91,74.88,72.66,71.45,70.89,74.93,71.63,70.67,68.09,67.41,66.9,4.303080842361244,0.01939377526619608,73.92720126960637
2023-06-26,7.2364,73.86,69.09,74.93,72.66,71.45,70.89,74.93,71.63,70.67,68.09,67.41,66.9,4.303321825011536,0.019460912915212125,73.94501858924319
2023-06-27,7.2193,71.88,67.68,74.78,72.66,71.45,70.89,74.93,71.63,70.67,68.09,67.41,66.9,4.300932825290746,0.019378484813250958,73.76857480647202
2023-06-28,7.2436,73.64,69.54,74.94,72.66,71.45,70.89,74.93,71.63,70.67,68.09,67.41,66.9,4.303017642371973,0.019486938868404295,73.92252921891762
2023-06-29,7.2515,73.86,69.85,74.95,72.66,71.45,70.89,74.93,71.63,70.67,68.09,67.41,66.9,4.303632242417309,0.019492378200857634,73.96797597308492
2023-06-30,7.2513,74.51,70.66,74.99,74.9,74.66,74.09,74.99,74.76,74.2,70.64,70.3,69.76,4.306732977447684,0.015229632029053366,74.19768701980784
2023-07-03,7.24,74.52,69.71,74.91,74.9,74.66,74.09,74.99,74.76,74.2,70.64,70.3,69.76,4.306941792000778,0.01377922059173704,74.21318219441618
2023-07-04,7.24,76.23,69.71,74.91,74.9,74.66,74.09,74.99,74.76,74.2,70.64,70.3,69.76,4.307714264936122,0.013368271020021751,74.27053201684815
2023-07-05,7.2465,76.74,71.78,76.42,74.9,74.66,74.09,74.99,74.76,74.2,70.64,70.3,69.76,4.323809194932618,0.013548339476900146,75.47558261941377
2023-07-06,7.25,76.72,71.76,76.54,74.9,74.66,74.09,74.99,74.76,74.2,70.64,70.3,69.76,4.328103466181004,0.013334495445112827,75.80039215479138
2023-07-07,7.2205,78.77,73.91,78.24,74.9,74.66,74.09,74.99,74.76,74.2,70.64,70.3,69.76,4.34686851857841,0.01360039039925587,77.2362200455321
2023-07-10,7.2315,77.83,73.05,77.62,74.9,74.66,74.09,74.99,74.76,74.2,70.64,70.3,69.76,4.343914643576204,0.013184069770836413,77.00841053193206
2023-07-11,7.209,79.54,74.87,78.79,74.9,74.66,74.09,74.99,74.76,74.2,70.64,70.3,69.76,4.355734646304963,0.013394573397610295,77.92405093005254
2023-07-12,7.1656,80.35,75.77,79.07,74.9,74.66,74.09,74.99,74.76,74.2,70.64,70.3,69.76,4.36111017300055,0.013325350907579242,78.34406162400887
2023-07-13,7.15,81.31,76.86,79.89,74.9,74.66,74.09,74.99,74.76,74.2,70.64,70.3,69.76,4.370562880115855,0.013396846812681312,79.08813631233888
2023-07-14,7.1403,79.9,75.44,79.31,74.9,74.66,74.09,74.99,74.76,74.2,70.64,70.3,69.76,4.36613628824966,0.013087369403488437,78.73881912413552
2023-07-17,7.1711,77.8,74.17,78.83,74.9,74.66,74.09,74.99,74.76,74.2,70.64,70.3,69.76,4.359815516115308,0.012903798396814818,78.24269857455268
2023-07-18,7.1786,79.54,75.76,79.33,74.9,74.66,74.09,74.99,74.76,74.2,70.64,70.3,69.76,4.364260379393564,0.01311560950619239,78.591250731724
2023-07-19,7.226,79.38,75.4,79.3,74.9,74.66,74.09,74.99,74.76,74.2,70.64,70.3,69.76,4.364697200256009,0.013092465397931666,78.62558852883629
2023-07-20,7.1761,79.62,75.65,79.41,74.9,74.66,74.09,74.99,74.76,74.2,70.64,70.3,69.76,4.365963698930074,0.013106268262127447,78.72523081754989
2023-07-21,7.1861,81.06,77.06,79.9,74.9,74.66,74.09,74.99,74.76,74.2,70.64,70.3,69.76,4.371588778413542,0.013228808944643585,79.16931432982409
2023-07-24,7.1855,82.53,78.81,80.3,74.9,74.66,74.09,74.99,74.76,74.2,70.64,70.3,69.76,4.377199375567037,0.013286265411299346,79.61474987065516
2023-07-25,7.134,83.46,79.76,80.49,74.9,74.66,74.09,74.99,74.76,74.2,70.64,70.3,69.76,4.380505445783684,0.013265900010530879,79.87839740249356
2023-07-26,7.1503,82.98,79.11,80.29,74.9,74.66,74.09,74.99,74.76,74.2,70.64,70.3,69.76,4.378998708847908,0.01314553374006638,79.75813229744725
2023-07-27,7.173,84.28,80.17,80.42,74.9,74.66,74.09,74.99,74.76,74.2,70.64,70.3,69.76,4.38049284589928,0.013198348292995061,79.87739095026049
2023-07-28,7.1488,84.49,80.55,80.43,74.9,74.66,74.09,74.99,74.76,74.2,70.64,70.3,69.76,4.380985389231705,0.01319501823573646,79.91674371726053
2023-07-31,7.1426,85.22,81.8,80.44,85.56,83.81,83.05,80.44,84.15,82.87,81.8,80.29,78.87,4.376844236600639,0.022266656130747492,79.58648059073458
2023-08-01,7.1775,85.34,81.37,85.58,85.56,83.81,83.05,80.44,84.15,82.87,81.8,80.29,78.87,4.422510585978501,0.026282953778409116,83.30516782621122
2023-08-02,7.192,84.01,79.5,84.32,85.56,83.81,83.05,80.44,84.15,82.87,81.8,80.29,78.87,4.418727234924776,0.02647002171973147,82.99059058503506
2023-08-03,7.1651,86.19,81.56,86.18,85.56,83.81,83.05,80.44,84.15,82.87,81.8,80.29,78.87,4.435692824043632,0.027011834011966246,84.41058631794826
2023-08-04,7.1709,87.38,82.76,87.23,85.56,83.81,83.05,80.44,84.15,82.87,81.8,80.29,78.87,4.4487363033254805,0.027101419492782917,85.51880585911238
2023-08-07,7.1895,86.47,81.94,86.75,85.56,83.81,83.05,80.44,84.15,82.87,81.8,80.29,78.87,4.446634224783958,0.026776161169817084,85.33922742253412
2023-08-08,7.216,88.0,82.94,87.47,85.56,83.81,83.05,80.44,84.15,82.87,81.8,80.29,78.87,4.453198750321178,0.026886178256865078,85.90128175189288
2023-08-09,7.2085,89.31,84.35,88.18,85.56,83.81,83.05,80.44,84.15,82.87,81.8,80.29,78.87,4.4612343238517,0.026965096696322754,86.59432860305151
2023-08-10,7.2165,87.44,82.81,87.32,85.56,83.81,83.05,80.44,84.15,82.87,81.8,80.29,78.87,4.454510537277623,0.026633549285082637,86.01403987398446
2023-08-11,7.2367,87.93,83.17,87.63,85.56,83.81,83.05,80.44,84.15,82.87,81.8,80.29,78.87,4.456167791522146,0.02672077950072467,86.15670519035231
2023-08-14,7.2585,87.4,82.5,87.2,85.56,83.81,83.05,80.44,84.15,82.87,81.8,80.29,78.87,4.452447061163709,0.02662587785527818,85.83673495239124
2023-08-15,7.2817,86.28,81.06,86.39,85.56,83.81,83.05,80.44,84.15,82.87,81.8,80.29,78.87,4.444033454208684,0.026484907404785266,85.117568038481
2023-08-16,7.2985,84.49,79.4,85.68,85.56,83.81,83.05,80.44,84.15,82.87,81.8,80.29,78.87,4.4353236158562055,0.02641162905256653,84.3794269908675
2023-08-17,7.291,85.24,80.43,86.0,85.56,83.81,83.05,80.44,84.15,82.87,81.8,80.29,78.87,4.436879824967294,0.026627901066049824,84.51084125145248
2023-08-18,7.28,85.92,81.25,86.44,85.56,83.81,83.05,80.44,84.15,82.87,81.8,80.29,78.87,4.441392289314072,0.02676937123531325,84.89305512418899
2023-08-21,7.2865,85.44,80.71,86.36,85.56,83.81,83.05,80.44,84.15,82.87,81.8,80.29,78.87,4.441322969502379,0.02670415535802261,84.88717055755465
2023-08-22,7.293,84.7,80.25,86.28,85.56,83.81,83.05,80.44,84.15,82.87,81.8,80.29,78.87,4.440332338812133,0.026647449759022872,84.80312035941859
2023-08-23,7.2771,83.94,78.91,86.09,85.56,83.81,83.05,80.44,84.15,82.87,81.8,80.29,78.87,4.438037622469638,0.026593365133689602,84.60874435742365
2023-08-24,7.2786,84.07,79.52,86.18,85.56,83.81,83.05,80.44,84.15,82.87,81.8,80.29,78.87,4.43853353583115,0.026636265493922614,84.65071336988812
2023-08-25,7.289,85.42,80.47,86.4,85.56,83.81,83.05,80.44,84.15,82.87,81.8,80.29,78.87,4.441103523771276,0.026721639066553497,84.86854447413236
2023-08-28,7.29,85.42,80.65,86.39,85.56,83.81,83.05,80.44,84.15,82.87,81.8,80.29,78.87,4.441527041889158,0.026699214343729922,84.90449545276343
2023-08-29,7.2796,86.37,81.14,86.43,85.56,83.81,83.05,80.44,84.15,82.87,81.8,80.29,78.87,4.442300207638776,0.02671996903590306,84.97016608450632
2023-08-30,7.2839,86.62,81.64,86.42,85.56,83.81,83.05,80.44,84.15,82.87,81.8,80.29,78.87,4.442498606185635,0.02671626568664825,84.98702571439156
2023-08-31,7.2582,87.29,83.55,86.46,86.86,85.04,84.02,86.46,85.6,84.2,83.63,81.56,79.68,4.440905521694,0.03142581129104446,84.8517419895494
2023-09-01,7.2606,89.98,85.52,89.68,86.86,85.04,84.02,86.46,85.6,84.2,83.63,81.56,79.68,4.469123931280514,0.03364367710696294,87.28022603417004
2023-09-04,7.2606,90.42,85.52,89.68,86.86,85.04,84.02,86.46,85.6,84.2,83.63,81.56,79.68,4.474400534881472,0.03385579032809549,87.74198638092714
2023-09-05,7.3018,91.25,86.74,90.8,86.86,85.04,84.02,86.46,85.6,84.2,83.63,81.56,79.68,4.485344185437369,0.03404633355259385,88.70747738115948
2023-09-06,7.316,91.79,87.55,91.69,86.86,85.04,84.02,86.46,85.6,84.2,83.63,81.56,79.68,4.495206669458652,0.03407563068973317,89.58668190310347
2023-09-07,7.3287,91.16,86.87,90.86,86.86,85.04,84.02,86.46,85.6,84.2,83.63,81.56,79.68,4.489849632945061,0.03374124471081525,89.10804595678864
2023-09-08,7.343,91.85,87.51,91.37,86.86,85.04,84.02,86.46,85.6,84.2,83.63,81.56,79.68,4.493436556280136,0.03383957358563601,89.42824360507649
2023-09-11,7.2882,91.97,87.3,91.38,86.86,85.04,84.02,86.46,85.6,84.2,83.63,81.56,79.68,4.494204552007151,0.03381160724374908,89.49695049396117
2023-09-12,7.2911,93.58,88.87,92.34,86.86,85.04,84.02,86.46,85.6,84.2,83.63,81.56,79.68,4.503032124864019,0.03399743460195367,90.29048869997729
2023-09-13,7.27,93.04,88.59,92.18,86.86,85.04,84.02,86.46,85.6,84.2,83.63,81.56,79.68,4.50320709156028,0.033852210319086265,90.30628791061646
2023-09-14,7.277,95.2,90.13,93.45,86.86,85.04,84.02,86.46,85.6,84.2,83.63,81.56,79.68,4.514552132659049,0.03407859363251217,91.33665015799488
2023-09-15,7.2744,95.55,90.83,93.56,86.86,85.04,84.02,86.46,85.6,84.2,83.63,81.56,79.68,4.517804098327152,0.03396889763453381,91.63415728784925
2023-09-18,7.2915,95.95,91.47,93.64,86.86,85.04,84.02,86.46,85.6,84.2,83.63,81.56,79.68,4.519289541283125,0.0338960151114575,91.7703757486479
2023-09-19,7.2964,96.11,91.16,93.15,86.86,85.04,84.02,86.46,85.6,84.2,83.63,81.56,79.68,4.515541628957661,0.03376675844672421,91.42707216399623
2023-09-20,7.287,94.56,89.2,93.14,86.86,85.04,84.02,86.46,85.6,84.2,83.63,81.56,79.68,4.514111417830215,0.033755388577420366,91.29640561068994
2023-09-21,7.3066,93.7,89.56,93.04,86.86,85.04,84.02,86.46,85.6,84.2,83.63,81.56,79.68,4.512841296462855,0.0337339263681943,91.1805217040524
2023-09-22,7.298,93.99,90.0,93.05,86.86,85.04,84.02,86.46,85.6,84.2,83.63,81.56,79.68,4.5128115633608665,0.033758824218068244,91.17781066460522
2023-09-25,7.311,94.01,89.68,92.91,86.86,85.04,84.02,86.46,85.6,84.2,83.63,81.56,79.68,4.511604340841151,0.033745238147119515,91.06780517218645
2023-09-26,7.31,94.46,91.43,93.03,86.86,85.04,84.02,86.46,85.6,84.2,83.63,81.56,79.68,4.512708523940773,0.03378968321793243,91.16841623987533
2023-09-27,7.3105,97.1,93.67,93.26,86.86,85.04,84.02,86.46,85.6,84.2,83.63,81.56,79.68,4.515753283774,0.03389066003103237,91.44642519217209
2023-09-28,7.301,96.64,91.65,93.16,95.31,87.67,85.99,93.31,89.93,86.96,90.79,85.3,82.07,4.50139215824481,0.06023993522585399,90.14253666383718
2023-09-29,7.296,95.86,90.77,93.31,95.31,87.67,85.99,93.31,89.93,86.96,90.79,85.3,82.07,4.4959090744552075,0.06905214461308608,89.64963014108743
2023-10-02,7.296,91.21,88.81,91.33,95.31,87.67,85.99,93.31,89.93,86.96,90.79,85.3,82.07,4.475671447317147,0.07153563689198984,87.8535696538148
2023-10-03,7.296,94.46,89.26,91.43,95.31,87.67,85.99,93.31,89.93,86.96,90.79,85.3,82.07,4.473131382215662,0.07282661253039045,87.6306990402589
2023-10-04,7.296,89.83,84.32,86.93,95.31,87.67,85.99,93.31,89.93,86.96,90.79,85.3,82.07,4.4316992667372075,0.07236435534742526,84.07416002019282
2023-10-05,7.296,88.28,82.3,85.5,95.31,87.67,85.99,93.31,89.93,86.96,90.79,85.3,82.07,4.410251525606399,0.07267328314726862,82.29015898351007
2023-10-06,7.296,87.86,82.83,85.88,95.31,87.67,85.99,93.31,89.93,86.96,90.79,85.3,82.07,4.409435680318553,0.07322431916124168,82.22305032393142
2023-10-09,7.296,91.37,82.83,88.54,95.31,87.67,85.99,93.31,89.93,86.96,90.79,85.3,82.07,4.433635274630243,0.07401612404068592,84.23708591961696
2023-10-10,7.2948,90.7,85.89,88.22,95.31,87.67,85.99,93.31,89.93,86.96,90.79,85.3,82.07,4.435682073064671,0.0737341860179831,84.40967882638887
2023-10-11,7.2992,87.58,83.7,87.21,95.31,87.67,85.99,93.31,89.93,86.96,90.79,85.3,82.07,4.426113816095484,0.0733329768987373,83.60587695256432
2023-10-12,7.3019,88.4,82.87,87.37,95.31,87.67,85.99,93.31,89.93,86.96,90.79,85.3,82.07,4.42582830385574,0.07343845328083091,83.58200985871568
2023-10-13,7.3049,94.33,87.67,90.12,95.31,87.67,85.99,93.31,89.93,86.96,90.79,85.3,82.07,4.451839065884806,0.07413389994636674,85.78456248469789
2023-10-16,7.3105,90.99,86.65,89.61,95.31,87.67,85.99,93.31,89.93,86.96,90.79,85.3,82.07,4.451424581933634,0.0736930149842047,85.74901352803464
2023-10-17,7.3105,92.52,86.66,89.84,95.31,87.67,85.99,93.31,89.93,86.96,90.79,85.3,82.07,4.453773527854037,0.07364515031987637,85.95067007097605
2023-10-18,7.3161,91.99,88.35,90.53,95.31,87.67,85.99,93.31,89.93,86.96,90.79,85.3,82.07,4.4602279699523875,0.0736857358785613,86.50722789722184
2023-10-19,7.3126,93.12,89.35,90.83,95.31,87.67,85.99,93.31,89.93,86.96,90.79,85.3,82.07,4.464443306498037,0.0736625685499022,86.8726546336709
2023-10-20,7.3155,93.72,89.12,90.66,95.31,87.67,85.99,93.31,89.93,86.96,90.79,85.3,82.07,4.4639391522333405,0.07356610471266538,86.82886845277419
2023-10-23,7.3158,91.88,85.49,90.07,95.31,87.67,85.99,93.31,89.93,86.96,90.79,85.3,82.07,4.457863280041981,0.07340019890056824,86.3029068014624
2023-10-24,7.309,88.0,84.58,89.54,95.31,87.67,85.99,93.31,89.93,86.96,90.79,85.3,82.07,4.451020654695076,0.07324802368120079,85.71438416013447
2023-10-25,7.3165,90.14,86.07,90.02,95.31,87.67,85.99,93.31,89.93,86.96,90.79,85.3,82.07,4.4546076924247835,0.07347070245017016,86.02239698664795
2023-10-26,7.315,88.45,83.8,89.64,95.31,87.67,85.99,93.31,89.93,86.96,90.79,85.3,82.07,4.451250196707203,0.0733665147208215,85.7340614706412
2023-10-27,7.3171,90.73,86.04,89.88,95.31,87.67,85.99,93.31,89.93,86.96,90.79,85.3,82.07,4.453584771731512,0.07349816001160536,85.93444788683146
2023-10-30,7.3133,90.73,83.03,89.68,95.31,87.67,85.99,93.31,89.93,86.96,90.79,85.3,82.07,4.451879241996789,0.07347564567389933,85.78800904412091
2023-10-31,7.3166,86.82,81.64,89.76,87.41,83.79,83.06,89.76,85.88,84.31,81.02,79.79,78.39,4.464782837928573,0.04693359053836936,86.90215563834892
2023-11-01,7.3175,86.92,81.05,85.24,87.41,83.79,83.06,89.76,85.88,84.31,81.02,79.79,78.39,4.431055007244302,0.037269819300603906,84.02001188908842
2023-11-02,7.316,89.02,83.04,87.65,87.41,83.79,83.06,89.76,85.88,84.31,81.02,79.79,78.39,4.448193564294137,0.035263769489209965,85.47240405843192
2023-11-03,7.3005,87.55,81.19,85.93,87.41,83.79,83.06,89.76,85.88,84.31,81.02,79.79,78.39,4.435855595886694,0.03394196842309541,84.42432710293328
2023-11-06,7.2695,87.31,81.54,86.32,87.41,83.79,83.06,89.76,85.88,84.31,81.02,79.79,78.39,4.437124678575123,0.03380441125990037,84.53153656939182
2023-11-07,7.2788,83.43,77.96,83.58,87.41,83.79,83.06,89.76,85.88,84.31,81.02,79.79,78.39,4.410924043455122,0.033109826875488885,82.3455191974802
2023-11-08,7.28,81.46,75.85,82.2,87.41,83.79,83.06,89.76,85.88,84.31,81.02,79.79,78.39,4.392222087228511,0.03304480444476858,80.81980826109621
2023-11-09,7.2835,81.74,76.34,82.44,87.41,83.79,83.06,89.76,85.88,84.31,81.02,79.79,78.39,4.391011291382334,0.03342240387198542,80.72201119105571
2023-11-10,7.2835,83.66,76.34,83.35,87.41,83.79,83.06,89.76,85.88,84.31,81.02,79.79,78.39,4.399731773727565,0.03380771788155473,81.42902433182249
2023-11-13,7.289,84.09,78.86,83.86,87.41,83.79,83.06,89.76,85.88,84.31,81.02,79.79,78.39,4.406576603292416,0.03387151552438737,81.98830402850912
2023-11-14,7.253,84.2,78.9,83.82,87.41,83.79,83.06,89.76,85.88,84.31,81.02,79.79,78.39,4.407563083561576,0.03376177030922682,82.06922377904155
2023-11-15,7.2466,82.4,77.15,83.21,87.41,83.79,83.06,89.76,85.88,84.31,81.02,79.79,78.39,4.401365913774212,0.03353937914376168,81.56219954528123
2023-11-16,7.2416,77.73,73.5,81.51,87.41,83.79,83.06,89.76,85.88,84.31,81.02,79.79,78.39,4.382340000051677,0.033106872293480916,80.02507315854835
2023-11-17,7.212,81.22,76.47,83.08,87.41,83.79,83.06,89.76,85.88,84.31,81.02,79.79,78.39,4.3949199339637355,0.03373041696722714,81.038142100146
2023-11-20,7.168,83.25,78.1,83.78,87.41,83.79,83.06,89.76,85.88,84.31,81.02,79.79,78.39,4.404568796615105,0.03389568492014179,81.82385251289077
2023-11-21,7.1352,82.42,78.35,83.92,87.41,83.79,83.06,89.76,85.88,84.31,81.02,79.79,78.39,4.407505953065431,0.033769078998140876,82.06453525749885
2023-11-22,7.155,81.76,76.8,83.76,87.41,83.79,83.06,89.76,85.88,84.31,81.02,79.79,78.39,4.40619588095922,0.03362857124303346,81.95709519143216
2023-11-23,7.155,80.85,76.8,83.76,87.41,83.79,83.06,89.76,85.88,84.31,81.02,79.79,78.39,4.405699010922502,0.03357609804396293,81.91638328163678
2023-11-24,7.1488,79.82,74.83,83.4,87.41,83.79,83.06,89.76,85.88,84.31,81.02,79.79,78.39,4.401680622006911,0.03347346450011249,81.58787188039086
2023-11-27,7.1528,79.49,74.46,83.32,87.41,83.79,83.06,89.76,85.88,84.31,81.02,79.79,78.39,4.400020323250725,0.03348928095180812,81.45252402821491
2023-11-28,7.138,81.66,76.09,83.46,87.41,83.79,83.06,89.76,85.88,84.31,81.02,79.79,78.39,4.40187892727003,0.03361848919589647,81.60405278911807
2023-11-29,7.13,82.98,77.56,83.49,87.41,83.79,83.06,89.76,85.88,84.31,81.02,79.79,78.39,4.403101233712071,0.03366909447470593,81.70385893295908
2023-11-30,7.136,81.72,75.66,83.56,82.83,79.49,78.95,83.56,83.03,82.17,75.96,75.55,74.73,4.406314741388517,0.027898725895393002,81.9668372259103
2023-12-01,7.1386,78.72,73.7,79.44,82.83,79.49,78.95,83.56,83.03,82.17,75.96,75.55,74.73,4.367566121364283,0.025064136500004604,78.8514830212166
2023-12-04,7.1424,78.16,72.73,78.19,82.83,79.49,78.95,83.56,83.03,82.17,75.96,75.55,74.73,4.347897025096473,0.02459062508460153,77.31569886651594
2023-12-05,7.1444,77.27,71.95,77.48,82.83,79.49,78.95,83.56,83.03,82.17,75.96,75.55,74.73,4.33672223386547,0.024625782208150003,76.45652157708716
2023-12-06,7.158,74.33,68.98,75.3,82.83,79.49,78.95,83.56,83.03,82.17,75.96,75.55,74.73,4.311140892592096,0.024293725342480213,74.52546600836578
2023-12-07,7.1515,74.21,69.0,75.27,82.83,79.49,78.95,83.56,83.03,82.17,75.96,75.55,74.73,4.305887809495818,0.024646782280723367,74.13500400520492
2023-12-08,7.1645,75.94,70.87,76.51,82.83,79.49,78.95,83.56,83.03,82.17,75.96,75.55,74.73,4.318275090944968,0.025174002083838486,75.05904653674709
2023-12-11,7.1765,75.75,70.95,76.77,82.83,79.49,78.95,83.56,83.03,82.17,75.96,75.55,74.73,4.323172760822594,0.025163522633233053,75.42756266654965
2023-12-12,7.1755,74.11,68.27,74.98,82.83,79.49,78.95,83.56,83.03,82.17,75.96,75.55,74.73,4.304965696510066,0.02464524555383198,74.06667466384107
2023-12-13,7.1725,74.14,69.09,74.87,82.83,79.49,78.95,83.56,83.03,82.17,75.96,75.55,74.73,4.300528291018659,0.024785977772777457,73.73873892498493
2023-12-14,7.1088,77.05,71.21,76.3,82.83,79.49,78.95,83.56,83.03,82.17,75.96,75.55,74.73,4.3154953940152,0.02531232110301077,74.85069484696997
2023-12-15,7.1179,76.84,71.05,76.34,82.83,79.49,78.95,83.56,83.03,82.17,75.96,75.55,74.73,4.318636532164758,0.025208640988278477,75.08618087352212
2023-12-18,7.1297,78.89,72.16,76.72,82.83,79.49,78.95,83.56,83.03,82.17,75.96,75.55,74.73,4.323888536763988,0.0252639845484956,75.48157122793293
2023-12-19,7.1287,79.82,73.23,77.19,82.83,79.49,78.95,83.56,83.03,82.17,75.96,75.55,74.73,4.330056331047932,0.025309994855043618,75.94856471092919
2023-12-20,7.1355,81.1,73.87,77.36,82.83,79.49,78.95,83.56,83.03,82.17,75.96,75.55,74.73,4.33341733461336,0.025287340340580226,76.20425755929976
2023-12-21,7.1381,80.73,73.59,77.27,82.83,79.49,78.95,83.56,83.03,82.17,75.96,75.55,74.73,4.3330221303897325,0.025188101410913166,76.17414726510356
2023-12-22,7.1315,80.23,73.29,77.29,82.83,79.49,78.95,83.56,83.03,82.17,75.96,75.55,74.73,4.332964646070043,0.025151678892656626,76.16976857192442
2023-12-26,7.1432,80.23,75.84,77.59,82.83,79.49,78.95,83.56,83.03,82.17,75.96,75.55,74.73,4.336350741693557,0.025190020733028142,76.42812385292224
2023-12-27,7.1405,80.97,74.31,77.39,82.83,79.49,78.95,83.56,83.03,82.17,75.96,75.55,74.73,4.3349853898054365,0.025131892225904666,76.32384377541432
2023-12-28,7.1065,79.04,72.02,77.29,82.83,79.49,78.95,83.56,83.03,82.17,75.96,75.55,74.73,4.332795166737693,0.02506243209268086,76.1568604642612
2023-12-29,7.0999,77.69,71.89,77.33,77.04,76.46,75.89,77.33,76.92,76.37,71.65,71.86,71.38,4.3367154634768745,0.016662918037348432,76.45600393847772
2024-01-02,7.1426,76.24,70.62,75.97,77.04,76.46,75.89,77.33,76.92,76.37,71.65,71.86,71.38,4.324302498789999,0.013537977428741976,75.51282420041053
2024-01-03,7.1497,77.18,72.97,78.2,77.04,76.46,75.89,77.33,76.92,76.37,71.65,71.86,71.38,4.345307152717453,0.013239650593096848,77.11572014501925
2024-01-04,7.1589,75.79,72.38,77.14,77.04,76.46,75.89,77.33,76.92,76.37,71.65,71.86,71.38,4.338375196943743,0.012489343245115693,76.58300589249966
2024-01-05,7.145,78.31,74.0,78.29,77.04,76.46,75.89,77.33,76.92,76.37,71.65,71.86,71.38,4.349572672239624,0.01269375706848085,77.44536130034699
2024-01-08,7.154,75.47,71.06,76.16,77.04,76.46,75.89,77.33,76.92,76.37,71.65,71.86,71.38,4.329103073669646,0.012023919492246226,75.87620067750244
2024-01-09,7.1675,77.97,72.43,77.41,77.04,76.46,75.89,77.33,76.92,76.37,71.65,71.86,71.38,4.3387694129716134,0.01252862312268645,76.61320209240691
2024-01-10,7.1711,78.46,71.57,77.04,77.04,76.46,75.89,77.33,76.92,76.37,71.65,71.86,71.38,4.336884540673648,0.012459076991933157,76.46893199818936
2024-01-11,7.167,80.21,72.15,77.48,77.04,76.46,75.89,77.33,76.92,76.37,71.65,71.86,71.38,4.341532147147469,0.012620839699705089,76.82515665639272
2024-01-12,7.1665,79.89,72.94,77.88,77.04,76.46,75.89,77.33,76.92,76.37,71.65,71.86,71.38,4.346415607912008,0.012654924720274678,77.20124685810354
2024-01-15,7.1665,79.76,72.94,77.88,77.04,76.46,75.89,77.33,76.92,76.37,71.65,71.86,71.38,4.3473190653121305,0.012571406680246509,77.2710264125572
2024-01-16,7.1874,80.15,72.63,77.7,77.04,76.46,75.89,77.33,76.92,76.37,71.65,71.86,71.38,4.345785664713898,0.012505730983087758,77.15262977236864
2024-01-17,7.196,78.88,72.79,77.45,77.04,76.46,75.89,77.33,76.92,76.37,71.65,71.86,71.38,4.342664843123696,0.012415814144264533,76.91222550416808
2024-01-18,7.1961,81.04,74.32,77.99,77.04,76.46,75.89,77.33,76.92,76.37,71.65,71.86,71.38,4.348308880483707,0.012622767175444206,77.34754831184446
2024-01-19,7.1931,80.71,73.69,77.77,77.04,76.46,75.89,77.33,76.92,76.37,71.65,71.86,71.38,4.346999693756002,0.01253237896118431,77.24635218494117
2024-01-22,7.192,81.7,75.26,78.3,77.04,76.46,75.89,77.33,76.92,76.37,71.65,71.86,71.38,4.3525302626261135,0.012661991069695726,77.67475201107429
2024-01-23,7.172,82.04,74.72,78.18,77.04,76.46,75.89,77.33,76.92,76.37,71.65,71.86,71.38,4.352413672725297,0.012591706582787451,77.66569644734527
2024-01-24,7.158,82.15,75.48,78.33,77.04,76.46,75.89,77.33,76.92,76.37,71.65,71.86,71.38,4.354029928129797,0.01260168299387491,77.79132554597912
2024-01-25,7.169,82.33,77.91,78.81,77.04,76.46,75.89,77.33,76.92,76.37,71.65,71.86,71.38,4.359478615382252,0.012667102019212234,78.21634299190346
2024-01-26,7.1763,83.34,78.45,78.89,77.04,76.46,75.89,77.33,76.92,76.37,71.65,71.86,71.38,4.361675393297842,0.012635346021635317,78.38835579461399
2024-01-29,7.1798,83.99,77.25,78.78,77.04,76.46,75.89,77.33,76.92,76.37,71.65,71.86,71.38,4.361029083751931,0.012589628858058656,78.33770902048543
2024-01-30,7.1755,84.14,78.3,78.83,77.04,76.46,75.89,77.33,76.92,76.37,71.65,71.86,71.38,4.361601258202377,0.01259670636640787,78.38254468178016
2024-01-31,7.1673,82.98,76.28,78.85,81.71,79.73,78.86,78.85,80.81,79.54,75.85,75.31,74.18,4.356347894310416,0.022021589864032166,77.97185235442824
2024-02-01,7.1799,82.2,74.36,78.57,81.71,79.73,78.86,78.85,80.81,79.54,75.85,75.31,74.18,4.350763103176768,0.025099717099946645,77.53760955106905
2024-02-02,7.192,79.54,72.72,77.36,81.71,79.73,78.86,78.85,80.81,79.54,75.85,75.31,74.18,4.336255787599687,0.02586855298570303,76.42086703421342
2024-02-05,7.1982,79.3,73.21,78.08,81.71,79.73,78.86,78.85,80.81,79.54,75.85,75.31,74.18,4.340489001395008,0.026522904080270807,76.74505860477886
2024-02-06,7.1908,80.46,73.83,78.35,81.71,79.73,78.86,78.85,80.81,79.54,75.85,75.31,74.18,4.344320720072783,0.026749435273104753,77.03968818761865
2024-02-07,7.1943,81.18,74.26,78.85,81.71,79.73,78.86,78.85,80.81,79.54,75.85,75.31,74.18,4.350213749282147,0.026876788229061567,77.49502566116635
2024-02-08,7.1965,83.01,76.67,80.56,81.71,79.73,78.86,78.85,80.81,79.54,75.85,75.31,74.18,4.368779440027688,0.027203322792329343,78.94721306098131
2024-02-09,7.1929,83.58,77.26,80.66,81.71,79.73,78.86,78.85,80.81,79.54,75.85,75.31,74.18,4.373539833579105,0.027002821900294512,79.32392881114616
2024-02-12,7.1928,83.88,77.34,80.59,81.71,79.73,78.86,78.85,80.81,79.54,75.85,75.31,74.18,4.373916946941587,0.026845689036683888,79.35384856588045
2024-02-13,7.1928,84.72,78.28,81.1,81.71,79.73,78.86,78.85,80.81,79.54,75.85,75.31,74.18,4.37925181676005,0.026912071108954126,79.77832226680212
2024-02-14,7.1928,84.41,77.09,80.41,81.71,79.73,78.86,78.85,80.81,79.54,75.85,75.31,74.18,4.3734218416336,0.02669381428976131,79.31456977861667
2024-02-15,7.1928,84.33,78.47,81.02,81.71,79.73,78.86,78.85,80.81,79.54,75.85,75.31,74.18,4.378336593055086,0.026842399768132175,79.70534065746506
2024-02-16,7.1928,84.88,79.65,81.24,81.71,79.73,78.86,78.85,80.81,79.54,75.85,75.31,74.18,4.381688426033276,0.02685579896531858,79.97294788363915
2024-02-19,7.1928,85.52,79.65,81.24,81.71,79.73,78.86,78.85,80.81,79.54,75.85,75.31,74.18,4.382512209227366,0.02681920356033813,80.03885539711138
2024-02-20,7.1905,84.78,78.72,80.78,81.71,79.73,78.86,78.85,80.81,79.54,75.85,75.31,74.18,4.37795635903288,0.026681404827162438,79.67503973628122
2024-02-21,7.1891,84.77,78.89,81.02,81.71,79.73,78.86,78.85,80.81,79.54,75.85,75.31,74.18,4.379402347769545,0.02676718424599192,79.790332282106
2024-02-22,7.1944,85.84,79.64,81.19,81.71,79.73,78.86,78.85,80.81,79.54,75.85,75.31,74.18,4.381692886493427,0.026833177306836074,79.97330460058194
2024-02-23,7.197,84.18,77.6,80.71,81.71,79.73,78.86,78.85,80.81,79.54,75.85,75.31,74.18,4.37679084541912,0.02667287936911554,79.58223148793626
2024-02-26,7.1972,84.01,78.53,80.83,81.71,79.73,78.86,78.85,80.81,79.54,75.85,75.31,74.18,4.377102300053584,0.026724978399991026,79.60702160305183
2024-02-27,7.1977,83.8,79.8,80.93,81.71,79.73,78.86,78.85,80.81,79.54,75.85,75.31,74.18,4.378240256550558,0.026742879196104324,79.69766249340357
2024-02-28,7.1976,84.08,79.44,80.86,81.71,79.73,78.86,78.85,80.81,79.54,75.85,75.31,74.18,4.377815783798756,0.02672480881701566,79.66384018612456
2024-02-29,7.1977,84.57,79.22,80.88,83.62,80.02,78.79,80.88,80.1,78.28,78.26,76.29,74.35,4.371568661451787,0.03916009362521787,79.16772169977504
2024-03-01,7.196,84.82,80.9,83.07,83.62,80.02,78.79,80.88,80.1,78.28,78.26,76.29,74.35,4.389556684016374,0.043734650447112285,80.60467771673876
2024-03-04,7.1987,86.58,79.67,82.06,83.62,80.02,78.79,80.88,80.1,78.28,78.26,76.29,74.35,4.3832804627607675,0.04475234877172901,80.10036915663562
2024-03-05,7.1965,85.82,79.11,81.62,83.62,80.02,78.79,80.88,80.1,78.28,78.26,76.29,74.35,4.37748874024875,0.04508988607621269,79.63779090088055
2024-03-06,7.1977,86.59,80.08,82.42,83.62,80.02,78.79,80.88,80.1,78.28,78.26,76.29,74.35,4.384193081194866,0.04548271141247444,80.17350359694927
2024-03-07,7.1925,84.88,79.81,82.44,83.62,80.02,78.79,80.88,80.1,78.28,78.26,76.29,74.35,4.38511746316659,0.045436202685452634,80.24764880225013
2024-03-08,7.1855,84.29,78.96,81.97,83.62,80.02,78.79,80.88,80.1,78.28,78.26,76.29,74.35,4.3806048495528636,0.045297076728517426,79.88633801092806
2024-03-11,7.182,83.44,78.87,82.28,83.62,80.02,78.79,80.88,80.1,78.28,78.26,76.29,74.35,4.382408420673632,0.045368029413719854,80.03054871114406
2024-03-12,7.1804,83.66,78.51,82.14,83.62,80.02,78.79,80.88,80.1,78.28,78.26,76.29,74.35,4.38144276654277,0.04533951273522081,79.95330418293739
2024-03-13,7.1875,83.95,80.67,83.46,83.62,80.02,78.79,80.88,80.1,78.28,78.26,76.29,74.35,4.393952784263761,0.04560307969788469,80.95980397378139
2024-03-14,7.1932,86.16,82.16,83.9,83.62,80.02,78.79,80.88,80.1,78.28,78.26,76.29,74.35,4.40122048138057,0.045607381432028325,81.55033862187284
2024-03-15,7.1953,85.39,81.94,83.82,83.62,80.02,78.79,80.88,80.1,78.28,78.26,76.29,74.35,4.401650573309309,0.04543555840924468,81.58542030793426
2024-03-18,7.1981,86.47,83.68,84.47,83.62,80.02,78.79,80.88,80.1,78.28,78.26,76.29,74.35,4.408256664542828,0.045522746784002796,82.1261651762532
2024-03-19,7.1991,87.36,84.39,84.62,83.62,80.02,78.79,80.88,80.1,78.28,78.26,76.29,74.35,4.411232826115687,0.04548287918034413,82.37094999207577
2024-03-20,7.1992,85.77,82.79,84.15,83.62,80.02,78.79,80.88,80.1,78.28,78.26,76.29,74.35,4.406863627602081,0.04528202175019084,82.01184004241598
2024-03-21,7.1993,84.92,81.99,84.14,83.62,80.02,78.79,80.88,80.1,78.28,78.26,76.29,74.35,4.4056043719972795,0.0452716187535258,81.90863116999643
2024-03-22,7.2289,84.87,81.1,84.03,83.62,80.02,78.79,80.88,80.1,78.28,78.26,76.29,74.35,4.40420999773363,0.04527301068838967,81.79449947236512
2024-03-25,7.2102,86.18,82.41,84.23,83.62,80.02,78.79,80.88,80.1,78.28,78.26,76.29,74.35,4.406321435965854,0.04537373360256237,81.96738596107795
2024-03-26,7.2176,85.91,82.41,84.14,83.62,80.02,78.79,80.88,80.1,78.28,78.26,76.29,74.35,4.405818979903917,0.04534158283142495,81.92621129621693
2024-03-27,7.227,84.94,82.15,84.11,83.62,80.02,78.79,80.88,80.1,78.28,78.26,76.29,74.35,4.405147448469976,0.04530437390251986,81.87121373842905
2024-03-28,7.2262,86.17,83.96,84.15,83.62,80.02,78.79,80.88,80.1,78.28,78.26,76.29,74.35,4.405984555992264,0.045343931346509596,81.93977744090003
2024-03-29,7.2203,86.17,83.96,84.15,87.48,84.56,82.98,84.15,85.01,83.14,83.17,80.79,78.33,4.4052893131895985,0.04697800418675498,81.88282919910374
2024-04-01,7.2308,86.17,84.54,87.77,87.48,84.56,82.98,84.15,85.01,83.14,83.17,80.79,78.33,4.437480582608442,0.04819353669200629,84.56162703854157
2024-04-02,7.232,87.63,85.95,89.24,87.48,84.56,82.98,84.15,85.01,83.14,83.17,80.79,78.33,4.45694562717876,0.0483007797046965,86.22374701808758
2024-04-03,7.233,90.6,86.22,89.63,87.48,84.56,82.98,84.15,85.01,83.14,83.17,80.79,78.33,4.464883153431584,0.04813797267052199,86.91087370907604
2024-04-04,7.2339,90.32,87.37,90.53,87.48,84.56,82.98,84.15,85.01,83.14,83.17,80.79,78.33,4.4742307197304365,0.048085477671557714,87.7270877273021
2024-04-05,7.2339,92.81,87.69,90.74,87.48,84.56,82.98,84.15,85.01,83.14,83.17,80.79,78.33,4.478516478252429,0.048007418555295014,88.10387166690715
2024-04-08,7.2305,91.73,87.24,90.02,87.48,84.56,82.98,84.15,85.01,83.14,83.17,80.79,78.33,4.4728809522778645,0.04774474799445807,87.6087564374061
2024-04-09,7.2316,92.13,86.04,89.43,87.48,84.56,82.98,84.15,85.01,83.14,83.17,80.79,78.33,4.466693568872884,0.047675402574410566,87.06836101256376
2024-04-10,7.2341,91.57,86.98,90.13,87.48,84.56,82.98,84.15,85.01,83.14,83.17,80.79,78.33,4.471500775209073,0.04787101017355839,87.48792424483749
2024-04-11,7.2373,91.49,85.79,89.79,87.48,84.56,82.98,84.15,85.01,83.14,83.17,80.79,78.33,4.469307813112111,0.04778797528256608,87.2962767576684
2024-04-12,7.2374,93.12,86.46,90.22,87.48,84.56,82.98,84.15,85.01,83.14,83.17,80.79,78.33,4.473083619623045,0.047924217435820635,87.62651367083275
2024-04-15,7.2382,90.84,86.21,89.96,87.48,84.56,82.98,84.15,85.01,83.14,83.17,80.79,78.33,4.470956176919543,0.04778471295580127,87.44029144248788
2024-04-16,7.2383,91.29,86.15,89.91,87.48,84.56,82.98,84.15,85.01,83.14,83.17,80.79,78.33,4.470242154505707,0.047783794283848394,87.37787939897615
2024-04-17,7.2389,89.54,83.58,88.84,87.48,84.56,82.98,84.15,85.01,83.14,83.17,80.79,78.33,4.460061421529742,0.047562402076625425,86.4928214545866
2024-04-18,7.2382,88.34,83.5,88.81,87.48,84.56,82.98,84.15,85.01,83.14,83.17,80.79,78.33,4.457531069729033,0.04763583143903552,86.27424084761189
2024-04-19,7.2403,87.96,83.79,88.82,87.48,84.56,82.98,84.15,85.01,83.14,83.17,80.79,78.33,4.457057463089596,0.047694796035062374,86.23339046860303
2024-04-22,7.2403,87.3,83.82,88.72,87.48,84.56,82.98,84.15,85.01,83.14,83.17,80.79,78.33,4.455916794542307,0.04768351246884871,86.13508283124355
2024-04-23,7.2445,88.29,84.17,89.04,87.48,84.56,82.98,84.15,85.01,83.14,83.17,80.79,78.33,4.458786646835315,0.04778837503711514,86.3826328422958
2024-04-24,7.246,89.02,84.09,89.02,87.48,84.56,82.98,84.15,85.01,83.14,83.17,80.79,78.33,4.459336884540973,0.047789077788335355,86.43017690306759
2024-04-25,7.246,88.1,84.92,89.18,87.48,84.56,82.98,84.15,85.01,83.14,83.17,80.79,78.33,4.4607007424148195,0.04777536393436763,86.54813580167638
2024-04-26,7.2464,89.95,85.38,89.19,87.48,84.56,82.98,84.15,85.01,83.14,83.17,80.79,78.33,4.461604634024635,0.04780322687196778,86.62640130190847
2024-04-29,7.2318,88.44,84.26,89.11,87.48,84.56,82.98,84.15,85.01,83.14,83.17,80.79,78.33,4.460530638062395,0.04773921727459138,86.5334148391677
2024-04-30,7.2401,88.23,83.49,89.17,87.86,83.86,82.67,89.17,85.83,83.8,81.93,79.5,77.55,4.461321890565953,0.04652368512107153,86.60191171588951
2024-05-01,7.2405,83.55,80.7,83.46,87.86,83.86,82.67,89.17,85.83,83.8,81.93,79.5,77.55,4.408945442883129,0.044915055075148334,82.18275138543915
2024-05-02,7.2405,84.81,80.59,83.87,87.86,83.86,82.67,89.17,85.83,83.8,81.93,79.5,77.55,4.40313023868529,0.045480102444556206,81.70622878556789
2024-05-03,7.2405,83.6,79.65,83.2,87.86,83.86,82.67,89.17,85.83,83.8,81.93,79.5,77.55,4.395266131847562,0.04560636617629124,81.06620219034195
2024-05-06,7.2071,83.6,80.1,83.56,87.86,83.86,82.67,89.17,85.83,83.8,81.93,79.5,77.55,4.397120069807921,0.045859406054831124,81.21663330177172
2024-05-07,7.2185,82.69,79.97,83.57,87.86,83.86,82.67,89.17,85.83,83.8,81.93,79.5,77.55,4.397260821001462,0.04587938024228628,81.22806544436925
2024-05-08,7.2185,82.44,80.57,84.16,87.86,83.86,82.67,89.17,85.83,83.8,81.93,79.5,77.55,4.402726489605117,0.045984857439439884,81.6732466295569
2024-05-09,7.2198,83.27,80.86,84.18,87.86,83.86,82.67,89.17,85.83,83.8,81.93,79.5,77.55,4.404231740294048,0.04594853086346493,81.7962779135456
2024-05-10,7.226,83.39,79.81,83.65,87.86,83.86,82.67,89.17,85.83,83.8,81.93,79.5,77.55,4.399538138888364,0.04581666889238856,81.41325836225946
2024-05-13,7.2325,83.18,80.71,84.14,87.86,83.86,82.67,89.17,85.83,83.8,81.93,79.5,77.55,4.403223315683597,0.045942885294889255,81.71383411002112
2024-05-14,7.2335,81.0,79.62,83.56,87.86,83.86,82.67,89.17,85.83,83.8,81.93,79.5,77.55,4.397803643314116,0.04573630685445363,81.27216982004286
2024-05-15,7.219,79.98,80.23,83.67,87.86,83.86,82.67,89.17,85.83,83.8,81.93,79.5,77.55,4.397589529405669,0.045752272121845315,81.2547701809335
2024-05-16,7.2181,81.65,80.85,83.94,87.86,83.86,82.67,89.17,85.83,83.8,81.93,79.5,77.55,4.400605301924206,0.04586753737382685,81.50018595691937
2024-05-17,7.2233,82.24,81.66,84.38,87.86,83.86,82.67,89.17,85.83,83.8,81.93,79.5,77.55,4.405491282704583,0.045949356221913776,81.89936870458436
2024-05-20,7.2344,81.91,81.39,84.33,87.86,83.86,82.67,89.17,85.83,83.8,81.93,79.5,77.55,4.405836330596834,0.04586637505378175,81.92763278508286
2024-05-21,7.2376,81.22,80.66,84.13,87.86,83.86,82.67,89.17,85.83,83.8,81.93,79.5,77.55,4.403778961272432,0.045774968901154324,81.75925065807496
2024-05-22,7.2405,79.9,79.15,83.76,87.86,83.86,82.67,89.17,85.83,83.8,81.93,79.5,77.55,4.399386671770748,0.045674272327893735,81.40092786453569
2024-05-23,7.2421,79.25,77.47,83.65,87.86,83.86,82.67,89.17,85.83,83.8,81.93,79.5,77.55,4.397090329265357,0.04568704389850066,81.21421791094974
2024-05-24,7.2425,78.92,78.48,83.83,87.86,83.86,82.67,89.17,85.83,83.8,81.93,79.5,77.55,4.398356487831115,0.04575147168617947,81.31711311569504
2024-05-28,7.2451,81.34,80.9,84.15,87.86,83.86,82.67,89.17,85.83,83.8,81.93,79.5,77.55,4.402598438891159,0.04588242058044433,81.66278898158369
2024-05-29,7.2494,81.5,80.24,84.05,87.86,83.86,82.67,89.17,85.83,83.8,81.93,79.5,77.55,4.402434627601403,0.0458361606951866,81.64941279041102
2024-05-30,7.2493,81.42,78.96,84.0,87.86,83.86,82.67,89.17,85.83,83.8,81.93,79.5,77.55,4.40173674342574,0.045818054364402616,81.59245083600761
2024-05-31,7.241,79.41,77.97,84.04,81.62,80.3,79.63,84.04,81.28,79.98,76.99,76.06,74.86,4.408736116734008,0.03135919349214973,82.16555018696053
2024-06-03,7.242,76.45,75.26,79.17,81.62,80.3,79.63,84.04,81.28,79.98,76.99,76.06,74.86,4.364757698172205,0.02549400027053495,78.63034535698966
2024-06-04,7.2393,75.33,74.27,78.46,81.62,80.3,79.63,84.04,81.28,79.98,76.99,76.06,74.86,4.349596897165732,0.02422338235006039,77.44723743122636
2024-06-05,7.2475,75.41,75.08,78.87,81.62,80.3,79.63,84.04,81.28,79.98,76.99,76.06,74.86,4.351005832262285,0.02417350363259421,77.55643246847086
2024-06-06,7.2451,77.62,76.52,80.01,81.62,80.3,79.63,84.04,81.28,79.98,76.99,76.06,74.86,4.363251363113688,0.024434554638356056,78.51199087424779
2024-06-07,7.2466,78.12,76.53,79.79,81.62,80.3,79.63,84.04,81.28,79.98,76.99,76.06,74.86,4.363617756482307,0.02426699247160947,78.5407624175906
2024-06-10,7.2475,79.59,78.75,81.26,81.62,80.3,79.63,84.04,81.28,79.98,76.99,76.06,74.86,4.3785616353119705,0.024539654632113144,79.7232797456631
2024-06-11,7.2544,80.15,78.88,81.36,81.62,80.3,79.63,84.04,81.28,79.98,76.99,76.06,74.86,4.38255195103237,0.024391065996813004,80.04203634890322
2024-06-12,7.2544,80.52,79.56,81.68,81.62,80.3,79.63,84.04,81.28,79.98,76.99,76.06,74.86,4.386581661295796,0.024341818826258455,80.36523332200933
2024-06-13,7.2519,81.44,79.61,81.6,81.62,80.3,79.63,84.04,81.28,79.98,76.99,76.06,74.86,4.386887717063611,0.024267149885323674,80.38983332949435
2024-06-14,7.2557,81.49,79.41,81.53,81.62,80.3,79.63,84.04,81.28,79.98,76.99,76.06,74.86,4.386280274874054,0.024226202051548355,80.34101598147805
2024-06-17,7.2561,82.45,81.33,82.15,81.62,80.3,79.63,84.04,81.28,79.98,76.99,76.06,74.86,4.392566432890894,0.0243690712733971,80.84764300361697
2024-06-18,7.2543,84.79,82.67,82.49,81.62,80.3,79.63,84.04,81.28,79.98,76.99,76.06,74.86,4.39779883809639,0.024437220413570427,81.27177929051011
2024-06-19,7.2543,85.64,82.67,82.49,81.62,80.3,79.63,84.04,81.28,79.98,76.99,76.06,74.86,4.399037234215576,0.024390537364691073,81.37248829253058
2024-06-20,7.2604,85.92,83.34,82.57,81.62,80.3,79.63,84.04,81.28,79.98,76.99,76.06,74.86,4.4002032116433485,0.024374106728492804,81.46742211171129
2024-06-21,7.2609,86.42,81.71,82.42,81.62,80.3,79.63,84.04,81.28,79.98,76.99,76.06,74.86,4.398931399894614,0.024341771796441668,81.36387674619375
2024-06-24,7.2586,86.75,82.63,82.6,81.62,80.3,79.63,84.04,81.28,79.98,76.99,76.06,74.86,4.400593354597651,0.02439604907589877,81.49921225340005
2024-06-25,7.2629,86.81,81.97,82.42,81.62,80.3,79.63,84.04,81.28,79.98,76.99,76.06,74.86,4.399147219732544,0.02435298300731912,81.38143857991442
2024-06-26,7.2666,85.76,82.19,82.47,81.62,80.3,79.63,84.04,81.28,79.98,76.99,76.06,74.86,4.399086968321586,0.024340595055709627,81.37653538112798
2024-06-27,7.2688,87.0,83.04,82.49,81.62,80.3,79.63,84.04,81.28,79.98,76.99,76.06,74.86,4.399722522541585,0.0243775230288799,81.42827102025875
2024-06-28,7.2672,87.26,82.83,82.55,86.41,82.78,81.77,82.55,84.48,82.84,81.54,78.99,77.19,4.394644582337718,0.03553359443405575,81.01583118776327
2024-07-01,7.2683,86.57,84.7,86.5,86.41,82.78,81.77,82.55,84.48,82.84,81.54,78.99,77.19,4.428232356291323,0.03996243642604739,83.78318711653435
2024-07-02,7.2712,88.28,84.09,85.95,86.41,82.78,81.77,82.55,84.48,82.84,81.54,78.99,77.19,4.429585429610804,0.04073338604084207,83.89662864168585
2024-07-03,7.2699,88.25,85.19,87.15,86.41,82.78,81.77,82.55,84.48,82.84,81.54,78.99,77.19,4.440576149055744,0.04117484642239721,84.82379874955164
2024-07-04,7.2699,88.34,85.19,87.15,86.41,82.78,81.77,82.55,84.48,82.84,81.54,78.99,77.19,4.4426689590261725,0.04111811552925812,85.0015047288665
2024-07-05,7.268,88.66,84.44,86.48,86.41,82.78,81.77,82.55,84.48,82.84,81.54,78.99,77.19,4.437112635704018,0.0409507485244144,84.53051857312244
2024-07-08,7.2683,87.15,83.63,86.03,86.41,82.78,81.77,82.55,84.48,82.84,81.54,78.99,77.19,4.431520037907823,0.04087122328148723,84.05909285718622
2024-07-09,7.2725,86.48,82.78,85.21,86.41,82.78,81.77,82.55,84.48,82.84,81.54,78.99,77.19,4.422761927214719,0.04077738573834774,83.32610848159084
2024-07-10,7.2758,86.55,83.39,85.42,86.41,82.78,81.77,82.55,84.48,82.84,81.54,78.99,77.19,4.423081321860075,0.04094738713064137,83.35272664508142
2024-07-11,7.2573,86.49,83.92,85.55,86.41,82.78,81.77,82.55,84.48,82.84,81.54,78.99,77.19,4.424351006336218,0.04101665059635988,83.45862552300092
2024-07-12,7.2495,87.35,83.49,85.11,86.41,82.78,81.77,82.55,84.48,82.84,81.54,78.99,77.19,4.420783337545664,0.04096240871658781,83.16140329990468
2024-07-15,7.2592,86.42,83.22,85.13,86.41,82.78,81.77,82.55,84.48,82.84,81.54,78.99,77.19,4.4199912406647,0.04098588615231321,83.09555749330596
2024-07-16,7.2685,86.6,81.92,84.57,86.41,82.78,81.77,82.55,84.48,82.84,81.54,78.99,77.19,4.414608577161023,0.04091401209364693,82.64948367830104
2024-07-17,7.2607,85.76,84.16,85.21,86.41,82.78,81.77,82.55,84.48,82.84,81.54,78.99,77.19,4.419478978463902,0.041073537731675054,83.0530016809455
2024-07-18,7.26,86.26,84.17,85.06,86.41,82.78,81.77,82.55,84.48,82.84,81.54,78.99,77.19,4.419180192774704,0.041023277013934954,83.02819033941977
2024-07-19,7.2695,85.19,81.43,84.21,86.41,82.78,81.77,82.55,84.48,82.84,81.54,78.99,77.19,4.4107016094572815,0.040829346020472,82.32720479138966
2024-07-22,7.2736,83.44,81.25,84.15,86.41,82.78,81.77,82.55,84.48,82.84,81.54,78.99,77.19,4.408023038494563,0.04085457981098503,82.10698060591889
2024-07-23,7.2748,82.2,78.24,83.78,86.41,82.78,81.77,82.55,84.48,82.84,81.54,78.99,77.19,4.403304577965662,0.04081428427726865,81.72047463246555
2024-07-24,7.2622,83.01,78.78,83.93,86.41,82.78,81.77,82.55,84.48,82.84,81.54,78.99,77.19,4.4040862497165785,0.04094152933253061,81.78437819150683
2024-07-25,7.231,82.58,79.43,84.07,86.41,82.78,81.77,82.55,84.48,82.84,81.54,78.99,77.19,4.4054807400065705,0.04097753473730081,81.89850526882418
2024-07-26,7.2502,81.35,78.58,83.88,86.41,82.78,81.77,82.55,84.48,82.84,81.54,78.99,77.19,4.403522325371338,0.04088962354914223,81.73827099129248
2024-07-29,7.2597,80.94,77.27,83.75,86.41,82.78,81.77,82.55,84.48,82.84,81.54,78.99,77.19,4.4016413569295345,0.04086474309394002,81.5846683891816
2024-07-30,7.2511,79.26,76.17,83.73,86.41,82.78,81.77,82.55,84.48,82.84,81.54,78.99,77.19,4.40043437103397,0.040834748930506405,81.48625624812205
2024-07-31,7.2193,81.39,79.36,83.83,80.72,79.81,79.13,83.83,77.76,76.87,77.91,76.02,74.58,4.407383473603766,0.03103070821429367,82.05448465290766
2024-08-01,7.2441,81.37,77.74,78.63,80.72,79.81,79.13,83.83,77.76,76.87,77.91,76.02,74.58,4.360465314426213,0.0267047116744348,78.29355707001973
2024-08-02,7.16,78.35,74.99,76.3,80.72,79.81,79.13,83.83,77.76,76.87,77.91,76.02,74.58,4.327467130342203,0.02559378084083019,75.75217299208592
2024-08-05,7.13,77.51,74.46,75.28,80.72,79.81,79.13,83.83,77.76,76.87,77.91,76.02,74.58,4.310513814848072,0.025598991529491404,74.47874739690056
2024-08-06,7.1563,76.62,74.6,75.35,80.72,79.81,79.13,83.83,77.76,76.87,77.91,76.02,74.58,4.307695855696681,0.025895387099114178,74.26916476542596
2024-08-07,7.176,78.26,76.68,76.93,80.72,79.81,79.13,83.83,77.76,76.87,77.91,76.02,74.58,4.323929508857553,0.026424652338690086,75.48466392928852
2024-08-08,7.1747,80.76,77.64,77.5,80.72,79.81,79.13,83.83,77.76,76.87,77.91,76.02,74.58,4.333577940943714,0.02649789293994849,76.21649742833763
2024-08-09,7.166,81.07,78.28,77.39,80.72,79.81,79.13,83.83,77.76,76.87,77.91,76.02,74.58,4.334529780651578,0.026328450868237367,76.28907785396999
2024-08-12,7.1744,83.06,81.45,79.66,80.72,79.81,79.13,83.83,77.76,76.87,77.91,76.02,74.58,4.358064033573585,0.026771968887277623,78.1057777961611
2024-08-13,7.1558,82.51,79.81,78.42,80.72,79.81,79.13,83.83,77.76,76.87,77.91,76.02,74.58,4.350071884139587,0.026219420774746285,77.48403259808795
2024-08-14,7.1382,82.15,78.47,77.89,80.72,79.81,79.13,83.83,77.76,76.87,77.91,76.02,74.58,4.343068138123401,0.026073217395419998,76.94325007573688
2024-08-15,7.1734,83.09,79.66,78.79,80.72,79.81,79.13,83.83,77.76,76.87,77.91,76.02,74.58,4.35103297071456,0.026365125666724318,77.55853725857231
2024-08-16,7.1644,81.56,78.05,78.05,80.72,79.81,79.13,83.83,77.76,76.87,77.91,76.02,74.58,4.344583598618626,0.026117673844028674,77.05994293097368
2024-08-19,7.1393,81.09,75.82,77.24,80.72,79.81,79.13,83.83,77.76,76.87,77.91,76.02,74.58,4.334846323628316,0.025984042070043924,76.31323044823185
2024-08-20,7.132,78.85,75.27,77.21,80.72,79.81,79.13,83.83,77.76,76.87,77.91,76.02,74.58,4.331935290260876,0.026039012609989042,76.0914031180491
2024-08-21,7.1344,78.77,72.76,76.73,80.72,79.81,79.13,83.83,77.76,76.87,77.91,76.02,74.58,4.326129905731996,0.026020591366472473,75.65094302077338
2024-08-22,7.144,78.8,73.72,77.13,80.72,79.81,79.13,83.83,77.76,76.87,77.91,76.02,74.58,4.32918025364633,0.026201128359293405,75.88205702689511
2024-08-23,7.1244,80.34,75.82,77.53,80.72,79.81,79.13,83.83,77.76,76.87,77.91,76.02,74.58,4.334521028649605,0.0263294146103508,76.28841017473187
2024-08-26,7.1212,80.34,78.4,78.0,80.72,79.81,79.13,83.83,77.76,76.87,77.91,76.02,74.58,4.340594512652999,0.026356701540795637,76.75315649965881
2024-08-27,7.1244,81.51,76.5,77.61,80.72,79.81,79.13,83.83,77.76,76.87,77.91,76.02,74.58,4.337951387377264,0.0262226724840367,76.5505561587122
2024-08-28,7.1245,80.04,75.49,77.53,80.72,79.81,79.13,83.83,77.76,76.87,77.91,76.02,74.58,4.336078318410281,0.02616594811508072,76.40730588826551
2024-08-29,7.0972,81.55,76.9,77.54,80.72,79.81,79.13,83.83,77.76,76.87,77.91,76.02,74.58,4.336480276104411,0.026229010348886504,76.43802456614593
2024-08-30,7.09,80.2,74.52,77.6,78.8,75.49,74.9,77.6,77.06,76.06,73.55,71.44,70.42,4.334293166066508,0.030231725797037284,76.27102888087754
2024-09-02,7.09,77.82,74.52,77.6,78.8,75.49,74.9,77.6,77.06,76.06,73.55,71.44,70.42,4.332610778226961,0.03148575700492121,76.14281930873183
2024-09-03,7.1209,76.46,71.28,73.59,78.8,75.49,74.9,77.6,77.06,76.06,73.55,71.44,70.42,4.290267933847569,0.0310400474587149,72.98602130559374
2024-09-04,7.1119,74.67,70.11,73.07,78.8,75.49,74.9,77.6,77.06,76.06,73.55,71.44,70.42,4.275905644264022,0.03150307259057061,71.9452666321636
2024-09-05,7.0921,74.47,70.09,73.14,78.8,75.49,74.9,77.6,77.06,76.06,73.55,71.44,70.42,4.273730468187596,0.03192598685144136,71.78894308662704
2024-09-06,7.0876,72.82,68.58,72.08,78.8,75.49,74.9,77.6,77.06,76.06,73.55,71.44,70.42,4.261212619733857,0.031815052234063196,70.89590111976752
2024-09-09,7.1133,72.37,69.65,72.68,78.8,75.49,74.9,77.6,77.06,76.06,73.55,71.44,70.42,4.265231055963016,0.03211976193594617,71.18136495229447
2024-09-10,7.1205,70.34,66.73,70.89,78.8,75.49,74.9,77.6,77.06,76.06,73.55,71.44,70.42,4.245568608375336,0.031681711800844274,69.79543513204526
2024-09-11,7.1192,70.31,68.25,71.92,78.8,75.49,74.9,77.6,77.06,76.06,73.55,71.44,70.42,4.2531963385639555,0.03212390077637301,70.32985148035935
2024-09-12,7.1173,73.81,69.89,72.65,78.8,75.49,74.9,77.6,77.06,76.06,73.55,71.44,70.42,4.263819423400009,0.03241445885880968,71.0809539080725
2024-09-13,7.093,73.68,69.59,72.64,78.8,75.49,74.9,77.6,77.06,76.06,73.55,71.44,70.42,4.265639442500533,0.03230730266589586,71.21044040006969
2024-09-16,7.0958,73.96,71.1,73.11,78.8,75.49,74.9,77.6,77.06,76.06,73.55,71.44,70.42,4.271322413842926,0.03234481587159665,71.61627938555156
2024-09-17,7.0958,74.55,72.16,73.6,78.8,75.49,74.9,77.6,77.06,76.06,73.55,71.44,70.42,4.2779299067108685,0.0323757709340871,72.091050235992
2024-09-18,7.0812,74.52,71.87,73.52,78.8,75.49,74.9,77.6,77.06,76.06,73.55,71.44,70.42,4.278310457793373,0.032246946257786915,72.1184897839419
2024-09-19,7.0675,75.93,72.86,73.97,78.8,75.49,74.9,77.6,77.06,76.06,73.55,71.44,70.42,4.283707884875686,0.03234290580197029,72.5087964521869
2024-09-20,7.0505,75.96,72.72,73.71,78.8,75.49,74.9,77.6,77.06,76.06,73.55,71.44,70.42,4.282012552339971,0.0322198325636716,72.3859740722419
2024-09-23,7.0508,74.95,71.33,73.51,78.8,75.49,74.9,77.6,77.06,76.06,73.55,71.44,70.42,4.279063680572012,0.03213780461266581,72.17283153636185
2024-09-24,7.0318,75.29,72.34,73.82,78.8,75.49,74.9,77.6,77.06,76.06,73.55,71.44,70.42,4.28202063032491,0.03224030257657502,72.38655880741196
2024-09-25,7.0315,75.4,70.42,73.54,78.8,75.49,74.9,77.6,77.06,76.06,73.55,71.44,70.42,4.279364988132306,0.03217236577979014,72.19458103263086
2024-09-26,7.0106,73.06,68.28,73.34,78.8,75.49,74.9,77.6,77.06,76.06,73.55,71.44,70.42,4.27565515071428,0.03207984494483804,71.92724706392474
2024-09-27,7.0111,71.63,68.72,73.45,78.8,75.49,74.9,77.6,77.06,76.06,73.55,71.44,70.42,4.2757172014499805,0.032084948461147206,71.93171034099537
2024-09-30,7.0176,72.35,68.75,73.51,71.77,71.39,71.23,73.51,71.31,71.0,68.17,67.45,67.11,4.284723993957709,0.0165155685794343,72.58251074332647
2024-10-01,7.0175,75.3,70.41,73.2,71.77,71.39,71.23,73.51,71.31,71.0,68.17,67.45,67.11,4.286579834634808,0.011337182847754514,72.71733738889968
2024-10-02,7.0175,74.86,70.74,73.6,71.77,71.39,71.23,73.51,71.31,71.0,68.17,67.45,67.11,4.291773272271458,0.009693889685902093,73.09597270414142
2024-10-03,7.0175,77.57,74.33,76.67,71.77,71.39,71.23,73.51,71.31,71.0,68.17,67.45,67.11,4.325930932825276,0.0098009580258596,75.63589203016379
2024-10-04,7.0175,79.32,74.93,76.77,71.77,71.39,71.23,73.51,71.31,71.0,68.17,67.45,67.11,4.3341585974898065,0.009285657423960161,76.26076588763117
2024-10-07,7.0175,81.74,77.76,78.92,71.77,71.39,71.23,73.51,71.31,71.0,68.17,67.45,67.11,4.358261519032758,0.009479357145436018,78.12120407473591
2024-10-08,7.0595,78.19,74.26,76.4,71.77,71.39,71.23,73.51,71.31,71.0,68.17,67.45,67.11,4.336300768534705,0.008471370488709024,76.42430459357921
2024-10-09,7.0818,77.06,73.85,76.09,71.77,71.39,71.23,73.51,71.31,71.0,68.17,67.45,67.11,4.328642859538238,0.008446030766974363,75.84128941165822
2024-10-10,7.0794,79.45,76.46,77.96,71.77,71.39,71.23,73.51,71.31,71.0,68.17,67.45,67.11,4.347007353824904,0.009040086785666914,77.2469438995876
2024-10-11,7.0667,80.27,76.11,77.74,71.77,71.39,71.23,73.51,71.31,71.0,68.17,67.45,67.11,4.348491870674775,0.008878960393207031,77.3617034495749
2024-10-14,7.0667,78.47,76.11,76.92,71.77,71.39,71.23,73.51,71.31,71.0,68.17,67.45,67.11,4.340095373883974,0.00856625511460265,76.7148555831362
2024-10-15,7.1192,73.68,71.22,75.25,71.77,71.39,71.23,73.51,71.31,71.0,68.17,67.45,67.11,4.319325614543039,0.008118001602964718,75.13793926846533
2024-10-16,7.1192,73.65,70.97,75.16,71.77,71.39,71.23,73.51,71.31,71.0,68.17,67.45,67.11,4.314388779094616,0.00833668334393475,74.76790976528767
2024-10-17,7.1216,74.37,71.26,75.18,71.77,71.39,71.23,73.51,71.31,71.0,68.17,67.45,67.11,4.313883472235024,0.008528321442239714,74.73013857143131
2024-10-18,7.1015,72.75,69.78,74.66,71.77,71.39,71.23,73.51,71.31,71.0,68.17,67.45,67.11,4.307643129269435,0.008435249589555924,74.26524892094844
2024-10-21,7.1189,73.29,71.16,75.13,71.77,71.39,71.23,73.51,71.31,71.0,68.17,67.45,67.11,4.311690194143576,0.008633880576028251,74.5664142078941
2024-10-22,7.123,75.59,72.84,75.59,71.77,71.39,71.23,73.51,71.31,71.0,68.17,67.45,67.11,4.318153913081082,0.008798477673929293,75.04995159288656
2024-10-23,7.1252,74.68,71.37,75.27,71.77,71.39,71.23,73.51,71.31,71.0,68.17,67.45,67.11,4.315587511813159,0.00863873539302863,74.85759024574453
2024-10-24,7.119,74.27,70.58,75.23,71.77,71.39,71.23,73.51,71.31,71.0,68.17,67.45,67.11,4.314441338838458,0.00861471180966012,74.77183965074855
2024-10-25,7.1199,75.62,72.02,75.46,71.77,71.39,71.23,73.51,71.31,71.0,68.17,67.45,67.11,4.317237731459917,0.008719349951045655,74.9812236949937
2024-10-28,7.1254,71.87,67.65,74.89,71.77,71.39,71.23,73.51,71.31,71.0,68.17,67.45,67.11,4.3099849630067135,0.008462702980356267,74.43936958762889
2024-10-29,7.1301,71.09,67.48,74.87,71.77,71.39,71.23,73.51,71.31,71.0,68.17,67.45,67.11,4.308123333905219,0.008479613790789653,74.30092000178168
2024-10-30,7.1229,73.21,68.91,74.94,71.77,71.39,71.23,73.51,71.31,71.0,68.17,67.45,67.11,4.309418318202471,0.008608020269040546,74.39720085409613
2024-10-31,7.1178,73.25,69.58,74.94,73.16,73.14,72.85,74.94,70.21,69.88,69.26,69.34,68.74,4.309642598346876,0.008885869722858599,74.41388854033545
2024-11-01,7.1214,73.63,69.81,72.01,73.16,73.14,72.85,74.94,70.21,69.88,69.26,69.34,68.74,4.279062138283737,0.00834507468383214,72.17272022513585
2024-11-04,7.0995,74.89,71.83,74.06,73.16,73.14,72.85,74.94,70.21,69.88,69.26,69.34,68.74,4.295586782960502,0.009220202690532588,73.37525716604887
2024-11-05,7.1047,76.98,72.26,74.48,73.16,73.14,72.85,74.94,70.21,69.88,69.26,69.34,68.74,4.303743861683477,0.00936405998012454,73.9762326850785
2024-11-06,7.1782,76.52,71.98,73.85,73.16,73.14,72.85,74.94,70.21,69.88,69.26,69.34,68.74,4.298569576867495,0.009108844352329917,73.59444717284399
2024-11-07,7.1412,75.73,72.69,74.43,73.16,73.14,72.85,74.94,70.21,69.88,69.26,69.34,68.74,4.30350613672216,0.00921445883989585,73.95864877817466
2024-11-08,7.1785,74.04,70.69,73.05,73.16,73.14,72.85,74.94,70.21,69.88,69.26,69.34,68.74,4.289160606719603,0.008805401720419633,72.90524663448569
2024-11-11,7.1785,72.19,70.69,71.77,73.16,73.14,72.85,74.94,70.21,69.88,69.26,69.34,68.74,4.2722160949896235,0.008583446376870453,71.68031011149976
2024-11-12,7.232,72.56,68.43,71.91,73.16,73.14,72.85,74.94,70.21,69.88,69.26,69.34,68.74,4.2701998603806315,0.008881804606838866,71.53593138906888
2024-11-13,7.2245,72.86,68.76,72.19,73.16,73.14,72.85,74.94,70.21,69.88,69.26,69.34,68.74,4.272917675544878,0.009087653077306168,71.7306172684667
2024-11-14,7.2272,73.39,68.99,72.28,73.16,73.14,72.85,74.94,70.21,69.88,69.26,69.34,68.74,4.274585970193027,0.009143105196582178,71.85038494947653
2024-11-15,7.2288,73.45,67.33,71.56,73.16,73.14,72.85,74.94,70.21,69.88,69.26,69.34,68.74,4.2669141041691425,0.008981282384553958,71.30126749346194
2024-11-18,7.2364,74.35,69.46,72.53,73.16,73.14,72.85,74.94,70.21,69.88,69.26,69.34,68.74,4.276484255978011,0.009308218531858512,71.98690705185857
2024-11-19,7.2392,74.32,69.75,72.5,73.16,73.14,72.85,74.94,70.21,69.88,69.26,69.34,68.74,4.2780147219942535,0.009228380262899231,72.09716491815287
2024-11-20,7.2459,74.33,69.25,72.35,73.16,73.14,72.85,74.94,70.21,69.88,69.26,69.34,68.74,4.276643491897759,0.00914417862161425,71.99837086591404
2024-11-21,7.2368,75.09,70.39,72.83,73.16,73.14,72.85,74.94,70.21,69.88,69.26,69.34,68.74,4.281919208091649,0.009270271134255518,72.37921757324814
2024-11-22,7.2455,76.1,71.68,73.07,73.16,73.14,72.85,74.94,70.21,69.88,69.26,69.34,68.74,4.285989051704373,0.009296818658097027,72.67438991479008
2024-11-25,7.2395,74.27,69.41,72.6,73.16,73.14,72.85,74.94,70.21,69.88,69.26,69.34,68.74,4.280847024522748,0.009071542918910451,72.30165535333538
2024-11-26,7.252,74.56,69.05,72.6,73.16,73.14,72.85,74.94,70.21,69.88,69.26,69.34,68.74,4.279911336848465,0.009106145586730228,72.23403522618428
2024-11-27,7.2458,73.91,69.03,72.6,73.16,73.14,72.85,74.94,70.21,69.88,69.26,69.34,68.74,4.279516535737151,0.009110404765654237,72.20552277754581
2024-11-28,7.2458,73.92,69.03,72.6,73.16,73.14,72.85,74.94,70.21,69.88,69.26,69.34,68.74,4.279442613273446,0.009119440478394391,72.20018536468878
2024-11-29,7.2423,74.16,68.26,72.62,72.94,71.27,70.95,72.62,71.37,70.84,68.0,67.45,66.94,4.276963745594762,0.01417165952856948,72.02143230292019
2024-12-02,7.2714,72.81,68.35,71.35,72.94,71.27,70.95,72.62,71.37,70.84,68.0,67.45,66.94,4.261769988938442,0.015520338778619993,70.93542732610484
2024-12-03,7.2858,74.8,70.15,73.07,72.94,71.27,70.95,72.62,71.37,70.84,68.0,67.45,66.94,4.277943549125297,0.016684736211432693,72.09203373868455
2024-12-04,7.2632,74.68,68.81,71.96,72.94,71.27,70.95,72.62,71.37,70.84,68.0,67.45,66.94,4.268849944470358,0.016521265513609835,71.43942904680863
2024-12-05,7.2558,73.78,68.58,71.79,72.94,71.27,70.95,72.62,71.37,70.84,68.0,67.45,66.94,4.264962975873966,0.016565609632874005,71.16228520320404
2024-12-06,7.27,73.78,68.58,71.16,72.94,71.27,70.95,72.62,71.37,70.84,68.0,67.45,66.94,4.257408572083757,0.016510245816308576,70.62672204333025
2024-12-09,7.2604,73.73,68.65,71.96,72.94,71.27,70.95,72.62,71.37,70.84,68.0,67.45,66.94,4.264566914717737,0.016808668994356648,71.13410616692576
2024-12-10,7.25,73.64,68.85,71.94,72.94,71.27,70.95,72.62,71.37,70.84,68.0,67.45,66.94,4.265704497201346,0.01676444481332609,71.21507312465329
2024-12-11,7.2605,74.38,70.57,72.8,72.94,71.27,70.95,72.62,71.37,70.84,68.0,67.45,66.94,4.275619276847646,0.016938127153237094,71.92466680173851
2024-12-12,7.2685,73.52,70.25,72.79,72.94,71.27,70.95,72.62,71.37,70.84,68.0,67.45,66.94,4.277084192532841,0.016778841558826748,72.03010758636228
2024-12-13,7.2756,74.89,71.54,73.41,72.94,71.27,70.95,72.62,71.37,70.84,68.0,67.45,66.94,4.284577270876232,0.016880600970014804,72.5718619949166
2024-12-16,7.2836,74.3,71.03,73.13,72.94,71.27,70.95,72.62,71.37,70.84,68.0,67.45,66.94,4.282798958898235,0.016694881466352576,72.44292126586707
2024-12-17,7.2846,73.16,70.31,72.85,72.94,71.27,70.95,72.62,71.37,70.84,68.0,67.45,66.94,4.279039314114082,0.016566877731219943,72.17107296152378
2024-12-18,7.2864,74.57,70.8,72.94,72.94,71.27,70.95,72.62,71.37,70.84,68.0,67.45,66.94,4.279810123358251,0.016664884941241402,72.2267245373432
2024-12-19,7.2965,73.75,70.1,72.76,72.94,71.27,70.95,72.62,71.37,70.84,68.0,67.45,66.94,4.277664094888514,0.01661588375223778,72.07189012915757
2024-12-20,7.2953,73.19,69.71,72.79,72.94,71.27,70.95,72.62,71.37,70.84,68.0,67.45,66.94,4.277327911128848,0.016627143980638807,72.04766480247658
2024-12-23,7.2977,72.12,69.5,72.74,72.94,71.27,70.95,72.62,71.37,70.84,68.0,67.45,66.94,4.276350439271917,0.016586216245138216,71.97727464557782
2024-12-24,7.2946,73.5,70.87,72.95,72.94,71.27,70.95,72.62,71.37,70.84,68.0,67.45,66.94,4.279064979858412,0.016682410929606366,72.17292530960125
2024-12-26,7.2981,73.5,70.38,72.94,72.94,71.27,70.95,72.62,71.37,70.84,68.0,67.45,66.94,4.279389753314682,0.016663988876261287,72.19636896673586
2024-12-27,7.298,73.77,71.28,73.06,72.94,71.27,70.95,72.62,71.37,70.84,68.0,67.45,66.94,4.28095917613776,0.01668373267811721,72.30976455547282
2024-12-30,7.2993,74.24,71.73,73.15,72.94,71.27,70.95,72.62,71.37,70.84,68.0,67.45,66.94,4.28243319436976,0.01669618098582798,72.41642906017884
2024-12-31,7.2993,74.58,72.44,73.23,74.64,73.43,72.79,73.23,73.71,72.79,71.72,70.66,69.64,4.281539001620408,0.021011575145774355,72.35170375714034
2025-01-02,7.2994,76.14,73.79,76.14,74.64,73.43,72.79,73.23,73.71,72.79,71.72,70.66,69.64,4.311515833387964,0.02310239198565255,74.55341388497551
2025-01-03,7.3199,76.72,74.64,76.67,74.64,73.43,72.79,73.23,73.71,72.79,71.72,70.66,69.64,4.322697742005473,0.02335534217584212,75.3917416634523
2025-01-06,7.3223,77.27,74.31,76.51,74.64,73.43,72.79,73.23,73.71,72.79,71.72,70.66,69.64,4.3233341499903295,0.023219172903831096,75.43973684047621
2025-01-07,7.3264,77.84,74.99,76.99,74.64,73.43,72.79,73.23,73.71,72.79,71.72,70.66,69.64,4.328577965046461,0.023280570042058007,75.83636788941766
2025-01-08,7.3316,77.37,73.99,76.28,74.64,73.43,72.79,73.23,73.71,72.79,71.72,70.66,69.64,4.322142134006888,0.02304345729694507,75.34986504332663
2025-01-09,7.3321,78.44,73.99,76.78,74.64,73.43,72.79,73.23,73.71,72.79,71.72,70.66,69.64,4.32628634404848,0.02322823060574687,75.66277865268901
2025-01-10,7.3326,79.76,77.27,78.76,74.64,73.43,72.79,73.23,73.71,72.79,71.72,70.66,69.64,4.347597888870156,0.023649957782417273,77.29257439897734
2025-01-13,7.3319,82.69,79.57,80.07,74.64,73.43,72.79,73.23,73.71,72.79,71.72,70.66,69.64,4.3655801617700964,0.02374734147903098,78.69504255563376
2025-01-14,7.3311,82.39,78.2,79.5,74.64,73.43,72.79,73.23,73.71,72.79,71.72,70.66,69.64,4.36325262148926,0.02332926878195479,78.51208967188136
2025-01-15,7.3304,83.48,80.73,80.98,74.64,73.43,72.79,73.23,73.71,72.79,71.72,70.66,69.64,4.37776467429718,0.02355693229390909,79.65976871100546
2025-01-16,7.3316,82.39,79.35,80.74,74.64,73.43,72.79,73.23,73.71,72.79,71.72,70.66,69.64,4.377744689579508,0.023285610653218297,79.65817674892547
2025-01-17,7.3249,83.02,78.56,80.9,74.64,73.43,72.79,73.23,73.71,72.79,71.72,70.66,69.64,4.37936431340072,0.02325477562009431,79.78729756489143
2025-01-20,7.3249,81.68,78.56,80.9,74.64,73.43,72.79,73.23,73.71,72.79,71.72,70.66,69.64,4.379300952803103,0.02316972247174917,79.78224235418772
2025-01-21,7.2712,80.57,76.79,80.79,74.64,73.43,72.79,73.23,73.71,72.79,71.72,70.66,69.64,4.377660391144903,0.023092194351349425,79.65146197234859
2025-01-22,7.2728,80.0,76.12,80.61,74.64,73.43,72.79,73.23,73.71,72.79,71.72,70.66,69.64,4.375363274625468,0.023045159300425555,79.46870327263312
2025-01-23,7.288,78.62,75.03,80.58,74.64,73.43,72.79,73.23,73.71,72.79,71.72,70.66,69.64,4.37405864469244,0.023023476446152723,79.36509362442469
2025-01-24,7.244,78.71,74.97,80.65,74.64,73.43,72.79,73.23,73.71,72.79,71.72,70.66,69.64,4.374495550320617,0.023057917102918227,79.3997762564769
2025-01-27,7.2507,77.3,73.51,80.44,76.76,74.12,73.17,80.41,76.79,75.26,72.53,71.64,69.73,4.3663553938298705,0.03364385913433764,78.75607312894016
2025-01-28,7.2422,78.01,74.15,80.49,76.76,74.12,73.17,80.41,76.79,75.26,72.53,71.64,69.73,4.36411340543896,0.03725715847257233,78.5797007136034
2025-01-29,7.2422,77.02,72.94,80.54,76.76,74.12,73.17,80.41,76.79,75.26,72.53,71.64,69.73,4.363164489006971,0.03845042599401675,78.50517051143474
2025-01-30,7.2422,77.42,73.1,80.54,76.76,74.12,73.17,80.41,76.79,75.26,72.53,71.64,69.73,4.362963372682439,0.03886823926785304,78.48938342765807
2025-01-31,7.2422,77.11,72.84,80.41,76.76,74.12,73.17,80.41,76.79,75.26,72.53,71.64,69.73,4.361485084994793,0.038971672352856666,78.37343925905917
2025-02-03,7.2422,76.49,73.52,78.06,76.76,74.12,73.17,80.41,76.79,75.26,72.53,71.64,69.73,4.338239534949781,0.038530643983317445,76.57261719390839
2025-02-04,7.2422,76.58,73.04,78.34,76.76,74.12,73.17,80.41,76.79,75.26,72.53,71.64,69.73,4.336505920781474,0.03887951348928363,76.43998481973618
2025-02-05,7.272,74.71,71.39,77.16,76.76,74.12,73.17,80.41,76.79,75.26,72.53,71.64,69.73,4.323571012524617,0.03872113478888129,75.45760780412756
2025-02-06,7.2883,74.54,70.97,77.04,76.76,74.12,73.17,80.41,76.79,75.26,72.53,71.64,69.73,4.31976302077429,0.038879254787711336,75.17081226020633
2025-02-07,7.2943,74.68,71.32,77.59,76.76,74.12,73.17,80.41,76.79,75.26,72.53,71.64,69.73,4.324589705953834,0.03911817536335178,75.53451513922968
2025-02-10,7.3045,76.23,72.73,78.34,76.76,74.12,73.17,80.41,76.79,75.26,72.53,71.64,69.73,4.333621875945419,0.03931052683499621,76.21984607384294
2025-02-11,7.3072,77.65,73.67,79.0,76.76,74.12,73.17,80.41,76.79,75.26,72.53,71.64,69.73,4.342398207106062,0.039387283403427176,76.89172066843763
2025-02-12,7.3088,75.38,71.72,78.0,76.76,74.12,73.17,80.41,76.79,75.26,72.53,71.64,69.73,4.333253919596756,0.038973812244071045,76.19180565672707
2025-02-13,7.2888,75.61,71.66,77.68,76.76,74.12,73.17,80.41,76.79,75.26,72.53,71.64,69.73,4.328431233717116,0.03895123084531925,75.8252411346863
2025-02-14,7.253,75.19,71.05,77.64,76.76,74.12,73.17,80.41,76.79,75.26,72.53,71.64,69.73,4.326870720549577,0.03901236416150369,75.70700712432244
2025-02-17,7.253,75.81,71.05,77.64,76.76,74.12,73.17,80.41,76.79,75.26,72.53,71.64,69.73,4.326752394754353,0.03908376042873071,75.69804956246618
2025-02-18,7.2786,76.46,72.21,78.14,76.76,74.12,73.17,80.41,76.79,75.26,72.53,71.64,69.73,4.33206059669555,0.03922959466237722,76.10093845789038
2025-02-19,7.2833,76.34,72.58,78.39,76.76,74.12,73.17,80.41,76.79,75.26,72.53,71.64,69.73,4.335555428114602,0.039223919539752454,76.36736369310074
2025-02-20,7.2555,76.95,72.88,78.54,76.76,74.12,73.17,80.41,76.79,75.26,72.53,71.64,69.73,4.337942699729237,0.03920883995014066,76.54989111731287
2025-02-21,7.2501,74.88,70.72,77.94,76.76,74.12,73.17,80.41,76.79,75.26,72.53,71.64,69.73,4.331499313975773,0.03897265899960658,76.05823630128755
2025-02-24,7.2476,74.89,71.06,78.01,76.76,74.12,73.17,80.41,76.79,75.26,72.53,71.64,69.73,4.331035366428549,0.03902785314043999,76.02295745350959
2025-02-25,7.2512,73.11,69.15,77.75,76.76,74.12,73.17,80.41,76.79,75.26,72.53,71.64,69.73,4.327477036923458,0.038944332405535693,75.75292344086009
2025-02-26,7.2595,73.49,68.87,77.75,76.76,74.12,73.17,80.41,76.79,75.26,72.53,71.64,69.73,4.326872413836495,0.03899881912597764,75.70713531811572
2025-02-27,7.2853,75.01,70.62,77.87,76.76,74.12,73.17,80.41,76.79,75.26,72.53,71.64,69.73,4.328714237050823,0.039099646445771755,75.84670296744844
2025-02-28,7.2828,74.76,69.97,77.92,73.18,71.51,70.7,77.92,72.91,71.53,69.76,68.65,67.12,4.331405195794965,0.03518205003546694,76.05107817531157
2025-03-03,7.2843,72.85,68.63,72.32,73.18,71.51,70.7,77.92,72.91,71.53,69.76,68.65,67.12,4.274135210258572,0.03260165301483606,71.81800497301239
2025-03-04,7.2651,72.31,68.47,71.16,73.18,71.51,70.7,77.92,72.91,71.53,69.76,68.65,67.12,4.250725639666556,0.03254206254722077,70.1563020762971
2025-03-05,7.2506,70.92,66.58,70.04,73.18,71.51,70.7,77.92,72.91,71.53,69.76,68.65,67.12,4.233180380372595,0.0326566521942027,68.93612701022505
2025-03-06,7.2468,71.08,66.62,70.43,73.18,71.51,70.7,77.92,72.91,71.53,69.76,68.65,67.12,4.2341052300900275,0.03311240930718887,68.99991205905704
2025-03-07,7.234,72.49,67.29,71.09,73.18,71.51,70.7,77.92,72.91,71.53,69.76,68.65,67.12,4.241991312789309,0.0334434496186641,69.54620228559018
2025-03-10,7.2591,71.08,66.31,70.56,73.18,71.51,70.7,77.92,72.91,71.53,69.76,68.65,67.12,4.237070389331739,0.03323633645575073,69.2048114154606
2025-03-11,7.2278,71.51,66.52,70.82,73.18,71.51,70.7,77.92,72.91,71.53,69.76,68.65,67.12,4.239159703931981,0.03333448920009973,69.34955319125795
2025-03-12,7.2372,72.36,67.65,71.44,73.18,71.51,70.7,77.92,72.91,71.53,69.76,68.65,67.12,4.246747498982184,0.03349400203330646,69.8777648342445
2025-03-13,7.2439,70.82,66.82,70.96,73.18,71.51,70.7,77.92,72.91,71.53,69.76,68.65,67.12,4.242347965360598,0.03324261000855799,69.57101054115986
2025-03-14,7.2377,71.94,67.43,71.39,73.18,71.51,70.7,77.92,72.91,71.53,69.76,68.65,67.12,4.246663165852784,0.03337927956073369,69.87187207214158
2025-03-17,7.2327,71.93,67.84,71.72,73.18,71.51,70.7,77.92,72.91,71.53,69.76,68.65,67.12,4.2511044947414005,0.03341529794796956,70.18288618281487
2025-03-18,7.2273,71.93,67.49,71.57,73.18,71.51,70.7,77.92,72.91,71.53,69.76,68.65,67.12,4.250284804271412,0.03331346942098339,70.12538151108997
2025-03-19,7.23,71.94,67.4,71.72,73.18,71.51,70.7,77.92,72.91,71.53,69.76,68.65,67.12,4.2517414616321805,0.03333006170897342,70.22760459817574
2025-03-20,7.2477,72.61,68.55,72.23,73.18,71.51,70.7,77.92,72.91,71.53,69.76,68.65,67.12,4.2579020002783015,0.033441543695456724,70.66157985848183
2025-03-21,7.2486,72.64,68.52,72.26,73.18,71.51,70.7,77.92,72.91,71.53,69.76,68.65,67.12,4.259405048222714,0.03337206429081288,70.76786745850643
2025-03-24,7.2531,73.96,69.46,72.36,73.18,71.51,70.7,77.92,72.91,71.53,69.76,68.65,67.12,4.26135583362062,0.03338883145271828,70.90605512440231
2025-03-25,7.2569,73.78,69.48,72.38,73.18,71.51,70.7,77.92,72.91,71.53,69.76,68.65,67.12,4.261890889986332,0.03335585271051742,70.94400401205577
2025-03-26,7.2675,74.6,70.05,72.44,73.18,71.51,70.7,77.92,72.91,71.53,69.76,68.65,67.12,4.2629939479112435,0.03337616963072005,71.02230253386968
2025-03-27,7.2645,74.72,70.3,72.44,73.18,71.51,70.7,77.92,72.91,71.53,69.76,68.65,67.12,4.26328484108439,0.033365519977849846,71.04296544202168
2025-03-28,7.2628,74.69,69.74,72.49,73.18,71.51,70.7,77.92,72.91,71.53,69.76,68.65,67.12,4.263770309991646,0.033369712885604634,71.0774629658831
2025-03-31,7.2567,77.23,71.87,75.91,74.74,72.54,71.45,75.91,73.0,71.68,71.48,69.6,67.78,4.297826204476157,0.03940289234169816,73.53975942186038
2025-04-01,7.2697,77.78,71.61,75.91,74.74,72.54,71.45,75.91,73.0,71.68,71.48,69.6,67.78,4.303716555121743,0.04075155189996819,73.97421267609367
2025-04-02,7.2675,77.27,72.12,76.56,74.74,72.54,71.45,75.91,73.0,71.68,71.48,69.6,67.78,4.311174898412734,0.04119588027229907,74.52800035108675
2025-04-03,7.2813,72.54,67.43,72.53,74.74,72.54,71.45,75.91,73.0,71.68,71.48,69.6,67.78,4.2685938502343035,0.04018511173901313,71.42113616325369
2025-04-04,7.2803,68.36,62.42,69.02,74.74,72.54,71.45,75.91,73.0,71.68,71.48,69.6,67.78,4.219934405317194,0.03971147805736209,68.0290218009569
2025-04-07,7.3081,66.13,61.05,69.02,74.74,72.54,71.45,75.91,73.0,71.68,71.48,69.6,67.78,4.209529551954195,0.040371518112431275,67.32485951014263
2025-04-08,7.3388,64.86,60.04,66.0,74.74,72.54,71.45,75.91,73.0,71.68,71.48,69.6,67.78,4.1722779704929644,0.040012036140484854,64.86304003439264
2025-04-09,7.3499,67.3,62.63,67.83,74.74,72.54,71.45,75.91,73.0,71.68,71.48,69.6,67.78,4.187559780602872,0.04110757957305569,65.86187727745003
2025-04-10,7.314,65.37,60.57,66.47,74.74,72.54,71.45,75.91,73.0,71.68,71.48,69.6,67.78,4.173677227161305,0.040787931974019975,64.9538636036133
2025-04-11,7.2915,66.83,61.91,67.29,74.74,72.54,71.45,75.91,73.0,71.68,71.48,69.6,67.78,4.181260577904049,0.04118998861165487,65.44830392110234
2025-04-14,7.3119,67.18,61.99,67.23,74.74,72.54,71.45,75.91,73.0,71.68,71.48,69.6,67.78,4.182124709769489,0.04118018468833281,65.50488432900548
2025-04-15,7.315,66.58,61.74,67.27,74.74,72.54,71.45,75.91,73.0,71.68,71.48,69.6,67.78,4.1824937977466945,0.04114724183733387,65.52906585654056
2025-04-16,7.3053,67.94,62.88,67.9,74.74,72.54,71.45,75.91,73.0,71.68,71.48,69.6,67.78,4.190447104716198,0.0413284785023821,66.05231666167317
2025-04-17,7.299,69.33,65.07,68.77,74.74,72.54,71.45,75.91,73.0,71.68,71.48,69.6,67.78,4.202659126458212,0.04148800183050018,66.8638944052887
2025-04-18,7.2996,69.33,65.07,68.77,74.74,72.54,71.45,75.91,73.0,71.68,71.48,69.6,67.78,4.205003614904002,0.04131453862951707,67.02083993976932
2025-04-21,7.2914,69.33,63.48,68.14,74.74,72.54,71.45,75.91,73.0,71.68,71.48,69.6,67.78,4.198093578173981,0.041076890342436355,66.5593198708329
2025-04-22,7.3118,68.93,64.6,68.44,74.74,72.54,71.45,75.91,73.0,71.68,71.48,69.6,67.78,4.20024577526999,0.04117499799145792,66.70272290621642
2025-04-23,7.286,68.26,62.64,68.07,74.74,72.54,71.45,75.91,73.0,71.68,71.48,69.6,67.78,4.19587582791278,0.041064786520294765,66.4118714840875
2025-04-24,7.2879,67.5,63.55,68.1,74.74,72.54,71.45,75.91,73.0,71.68,71.48,69.6,67.78,4.195292510335423,0.04108010197655704,66.37314356854073
2025-04-25,7.2864,66.99,63.85,68.14,74.74,72.54,71.45,75.91,73.0,71.68,71.48,69.6,67.78,4.195508107563768,0.04108237824310391,66.3874549770252
2025-04-28,7.2942,66.13,63.3,67.94,74.74,72.54,71.45,75.91,73.0,71.68,71.48,69.6,67.78,4.192877991075883,0.040999400923844,66.21307765395909
2025-04-29,7.269,64.04,61.84,67.78,74.74,72.54,71.45,75.91,73.0,71.68,71.48,69.6,67.78,4.189532436227459,0.040902890184919716,65.99192831088548
2025-04-30,7.2706,63.37,59.55,67.74,63.12,60.41,60.44,67.74,61.85,61.73,58.21,56.94,56.67,4.195364017505233,0.026279071279806304,66.37788989388484
2025-05-01,7.2706,62.37,60.59,62.26,63.12,60.41,60.44,67.74,61.85,61.73,58.21,56.94,56.67,4.133312386005449,0.02002750131231073,62.38422169848264
2025-05-02,7.2706,61.57,59.67,61.37,63.12,60.41,60.44,67.74,61.85,61.73,58.21,56.94,56.67,4.110566654538703,0.018884346431828413,60.9812630905158
2025-05-05,7.2706,61.57,58.5,60.32,63.12,60.41,60.44,67.74,61.85,61.73,58.21,56.94,56.67,4.09277782326316,0.018663921730247775,59.90606926414928
2025-05-06,7.2164,62.37,60.42,61.99,63.12,60.41,60.44,67.74,61.85,61.73,58.21,56.94,56.67,4.111099817481373,0.0193821113626173,61.01378470908341
2025-05-07,7.225,60.31,59.42,61.53,63.12,60.41,60.44,67.74,61.85,61.73,58.21,56.94,56.67,4.107823978153585,0.019070667126834105,60.814240369638135
2025-05-08,7.234,62.22,61.25,62.99,63.12,60.41,60.44,67.74,61.85,61.73,58.21,56.94,56.67,4.126401597583194,0.019481353885185695,61.954583819598426
2025-05-09,7.2364,64.26,62.37,63.83,63.12,60.41,60.44,67.74,61.85,61.73,58.21,56.94,56.67,4.141128717956101,0.019567133812362376,62.87374814205101
2025-05-12,7.2018,65.28,63.32,64.39,63.12,60.41,60.44,67.74,61.85,61.73,58.21,56.94,56.67,4.151253214841184,0.01950149551782067,63.51354656260125
2025-05-13,7.2057,66.93,65.04,65.45,63.12,60.41,60.44,67.74,61.85,61.73,58.21,56.94,56.67,4.166714884537478,0.019614584468611758,64.50320319699183
2025-05-14,7.208,65.91,64.48,64.72,63.12,60.41,60.44,67.74,61.85,61.73,58.21,56.94,56.67,4.160586220999859,0.019146863042477334,64.10909368338073
2025-05-15,7.2067,64.36,63.03,63.51,63.12,60.41,60.44,67.74,61.85,61.73,58.21,56.94,56.67,4.144086117852576,0.01874808142789563,63.05996618317988
2025-05-16,7.209,65.2,63.84,64.07,63.12,60.41,60.44,67.74,61.85,61.73,58.21,56.94,56.67,4.148166856888839,0.019095035959254426,63.31782321460717
2025-05-19,7.2144,66.25,63.98,64.03,63.12,60.41,60.44,67.74,61.85,61.73,58.21,56.94,56.67,4.148828834313006,0.01916576754532302,63.35975206056623
2025-05-20,7.2194,66.93,63.97,63.96,63.12,60.41,60.44,67.74,61.85,61.73,58.21,56.94,56.67,4.148341648636876,0.019187362097332385,63.328891614913104
2025-05-21,7.2019,65.86,62.93,63.9,63.12,60.41,60.44,67.74,61.85,61.73,58.21,56.94,56.67,4.146948486705228,0.01914978612326271,63.24072564293977
2025-05-22,7.2037,64.87,62.55,63.68,63.12,60.41,60.44,67.74,61.85,61.73,58.21,56.94,56.67,4.14359805174634,0.01906821167986304,63.029196260514475
2025-05-23,7.1798,65.41,62.89,63.69,63.12,60.41,60.44,67.74,61.85,61.73,58.21,56.94,56.67,4.143339743473664,0.019127021235004264,63.01291740027289
2025-05-27,7.195,64.32,61.61,63.53,63.12,60.41,60.44,67.74,61.85,61.73,58.21,56.94,56.67,4.140704597651916,0.01907167213615644,62.847087762867446
2025-05-28,7.1941,65.72,62.54,63.65,63.12,60.41,60.44,67.74,61.85,61.73,58.21,56.94,56.67,4.142338881418951,0.019186677974680936,62.94988171256617
2025-05-29,7.1855,64.6,61.66,63.67,63.12,60.41,60.44,67.74,61.85,61.73,58.21,56.94,56.67,4.142310840473491,0.019156531489043976,62.94811656311471
2025-05-30,7.1991,64.32,61.46,63.73,63.9,61.4,61.56,63.73,61.45,61.34,60.79,58.5,58.18,4.143145165855879,0.018671625208007227,63.00065768968677
2025-06-02,7.1975,66.55,63.27,63.63,63.9,61.4,61.56,63.73,61.45,61.34,60.79,58.5,58.18,4.143306479044053,0.018557458352360518,63.010821346379664
2025-06-03,7.1872,67.48,64.1,64.89,63.9,61.4,61.56,63.73,61.45,61.34,60.79,58.5,58.18,4.158949796780553,0.01886562029511311,64.00426980136136
2025-06-04,7.1844,66.69,63.57,64.14,63.9,61.4,61.56,63.73,61.45,61.34,60.79,58.5,58.18,4.15260206043748,0.018461028188532326,63.599274333953154
2025-06-05,7.175,67.14,64.06,64.47,63.9,61.4,61.56,63.73,61.45,61.34,60.79,58.5,58.18,4.155632697035861,0.018545005455045345,63.79231298963642
2025-06-06,7.1886,68.02,65.3,65.44,63.9,61.4,61.56,63.73,61.45,61.34,60.79,58.5,58.18,4.1682536294498815,0.018784767419848723,64.60253357520301
2025-06-09,7.1802,68.73,65.99,65.88,63.9,61.4,61.56,63.73,61.45,61.34,60.79,58.5,58.18,4.176200440334785,0.018762104370388506,65.11796298972978
2025-06-10,7.187,68.41,65.66,65.87,63.9,61.4,61.56,63.73,61.45,61.34,60.79,58.5,58.18,4.17745763569225,0.018594750843301297,65.19988047283829
2025-06-11,7.1928,71.29,68.91,67.8,63.9,61.4,61.56,63.73,61.45,61.34,60.79,58.5,58.18,4.201527353387413,0.01907670988466939,66.7882624573662
2025-06-12,7.1726,70.84,68.73,67.41,63.9,61.4,61.56,63.73,61.45,61.34,60.79,58.5,58.18,4.201498473512568,0.018679984223975446,66.78633364855732
2025-06-13,7.181,76.0,73.84,69.93,63.9,61.4,61.56,63.73,61.45,61.34,60.79,58.5,58.18,4.232340064158746,0.01930861141038783,68.8782231971422
2025-06-16,7.179,75.05,72.53,69.34,63.9,61.4,61.56,63.73,61.45,61.34,60.79,58.5,58.18,4.2311909467094075,0.018779671446198905,68.79911948741805
2025-06-17,7.1845,78.7,75.62,70.85,63.9,61.4,61.56,63.73,61.45,61.34,60.79,58.5,58.18,4.2492571785841475,0.019090989927987592,70.05335588175173
2025-06-18,7.1888,78.38,75.89,70.83,63.9,61.4,61.56,63.73,61.45,61.34,60.79,58.5,58.18,4.252444293115437,0.01884157889240279,70.27698011898381
2025-06-19,7.1888,80.37,75.89,70.83,63.9,61.4,61.56,63.73,61.45,61.34,60.79,58.5,58.18,4.253684090916426,0.018771610730987952,70.36416339804686
2025-06-20,7.1785,78.73,75.72,71.19,63.9,61.4,61.56,63.73,61.45,61.34,60.79,58.5,58.18,4.2573323738131075,0.01875099930497333,70.62134061427929
2025-06-23,7.179,74.34,69.36,69.88,63.9,61.4,61.56,63.73,61.45,61.34,60.79,58.5,58.18,4.241338399645634,0.018253239696132344,69.50080947641868
2025-06-24,7.1713,69.13,65.45,69.13,63.9,61.4,61.56,63.73,61.45,61.34,60.79,58.5,58.18,4.227597346323997,0.01803404175717804,68.55232664812281
2025-06-25,7.1764,68.4,65.98,69.12,63.9,61.4,61.56,63.73,61.45,61.34,60.79,58.5,58.18,4.224700070703882,0.018181469417853542,68.35399910693148
2025-06-26,7.1675,68.57,66.44,69.14,63.9,61.4,61.56,63.73,61.45,61.34,60.79,58.5,58.18,4.2244819222962535,0.01829155744820124,68.33908941719292
2025-06-27,7.1721,69.37,66.66,69.19,63.9,61.4,61.56,63.73,61.45,61.34,60.79,58.5,58.18,4.225292895267145,0.01837381353038106,68.39453305017084
2025-06-30,7.1636,68.15,66.3,69.27,67.61,64.87,64.67,69.27,65.93,65.41,65.11,61.91,61.22,4.22206877669107,0.025619261549959388,68.17437606248845
2025-07-01,7.1647,67.63,66.64,67.9,67.61,64.87,64.67,69.27,65.93,65.41,65.11,61.91,61.22,4.204925709479583,0.027683436572830906,67.0156188561669
2025-07-02,7.1649,70.8,68.66,69.88,67.61,64.87,64.67,69.27,65.93,65.41,65.11,61.91,61.22,4.224905520578433,0.029245519810948334,68.36804387017109
2025-07-03,7.1684,70.42,68.13,69.53,67.61,64.87,64.67,69.27,65.93,65.41,65.11,61.91,61.22,4.224472787790585,0.029290893969459587,68.33846517624434
2025-07-04,7.1684,71.03,68.13,69.53,67.61,64.87,64.67,69.27,65.93,65.41,65.11,61.91,61.22,4.224584865998564,0.029337535208024478,68.34612485819099
2025-07-07,7.1744,71.95,69.16,70.33,67.61,64.87,64.67,69.27,65.93,65.41,65.11,61.91,61.22,4.233899152363087,0.02956412997516447,68.9856941790653
2025-07-08,7.1738,72.5,69.55,70.75,67.61,64.87,64.67,69.27,65.93,65.41,65.11,61.91,61.22,4.240508140809398,0.02958035828632864,69.44312976308454
2025-07-09,7.18,71.98,69.61,70.7,67.61,64.87,64.67,69.27,65.93,65.41,65.11,61.91,61.22,4.2410830967278335,0.029432096218690553,69.4830679817939
2025-07-10,7.1748,70.38,67.78,69.81,67.61,64.87,64.67,69.27,65.93,65.41,65.11,61.91,61.22,4.230605836187167,0.02911794515571351,68.75887617322651
2025-07-11,7.1681,72.06,69.63,70.78,67.61,64.87,64.67,69.27,65.93,65.41,65.11,61.91,61.22,4.240129263451493,0.029485916660246143,69.41682431713886
2025-07-14,7.167,70.96,68.19,70.06,67.61,64.87,64.67,69.27,65.93,65.41,65.11,61.91,61.22,4.233433325276304,0.029230817369242088,68.95356625772519
2025-07-15,7.1729,70.27,67.76,70.0,67.61,64.87,64.67,69.27,65.93,65.41,65.11,61.91,61.22,4.231206347491403,0.02923312643636164,68.80017905581782
2025-07-16,7.1791,69.67,67.13,69.93,67.61,64.87,64.67,69.27,65.93,65.41,65.11,61.91,61.22,4.229691341605853,0.029238635995996673,68.69602529632219
2025-07-17,7.1832,71.32,68.76,70.24,67.61,64.87,64.67,69.27,65.93,65.41,65.11,61.91,61.22,4.2336402222327685,0.029395165630783034,68.96783401664831
2025-07-18,7.1776,71.06,68.53,70.17,67.61,64.87,64.67,69.27,65.93,65.41,65.11,61.91,61.22,4.23348983022218,0.029348230005940147,68.95746258533438
2025-07-21,7.176,71.92,68.39,70.32,67.61,64.87,64.67,69.27,65.93,65.41,65.11,61.91,61.22,4.2353711071194535,0.029404240558221637,69.08731277037019
2025-07-22,7.1748,69.69,67.56,70.21,67.61,64.87,64.67,69.27,65.93,65.41,65.11,61.91,61.22,4.233637830888646,0.029279772798285114,68.96766909102097
2025-07-23,7.1599,69.17,66.05,70.26,67.61,64.87,64.67,69.27,65.93,65.41,65.11,61.91,61.22,4.233424205714766,0.029270639737168272,68.95293743430173
2025-07-24,7.1541,70.42,67.16,70.48,67.61,64.87,64.67,69.27,65.93,65.41,65.11,61.91,61.22,4.236411759408927,0.029365152932990468,69.1592460628593
2025-07-25,7.1679,69.23,66.38,70.36,67.61,64.87,64.67,69.27,65.93,65.41,65.11,61.91,61.22,4.235125860296244,0.029270489045799666,69.07037140388225
2025-07-28,7.1778,70.87,67.81,70.59,67.61,64.87,64.67,69.27,65.93,65.41,65.11,61.91,61.22,4.2382073658765,0.02937276096941956,69.28354041085393
2025-07-29,7.1769,73.21,70.27,70.83,67.61,64.87,64.67,69.27,65.93,65.41,65.11,61.91,61.22,4.242591259127328,0.029480159285680638,69.58793879355522
2025-07-30,7.1934,73.98,71.09,70.85,67.61,64.87,64.67,69.27,65.93,65.41,65.11,61.91,61.22,4.244026525520229,0.02946329663048855,69.68788773297597
2025-07-31,7.2002,73.43,70.36,70.87,72.53,69.62,69.08,70.87,72.73,71.65,69.26,66.7,65.63,4.242734430991076,0.032286681447054724,69.5979025416939
2025-08-01,7.2116,70.55,68.39,71.51,72.53,69.62,69.08,70.87,72.73,71.65,69.26,66.7,65.63,4.247750127823925,0.03326957426980362,69.9478614312265
2025-08-04,7.178,69.56,67.33,70.64,72.53,69.62,69.08,70.87,72.73,71.65,69.26,66.7,65.63,4.238633353324083,0.033266012396940436,69.31306061656521
2025-08-05,7.1835,69.14,66.2,69.56,72.53,69.62,69.08,70.87,72.73,71.65,69.26,66.7,65.63,4.224647092920742,0.03317543032893749,68.35037795951108
2025-08-06,7.1822,67.97,65.38,69.15,72.53,69.62,69.08,70.87,72.73,71.65,69.26,66.7,65.63,4.216843976900839,0.033266471564014626,67.81910750846349
2025-08-07,7.1806,66.99,64.9,69.13,72.53,69.62,69.08,70.87,72.73,71.65,69.26,66.7,65.63,4.214668411999147,0.033397692493495244,67.6717230188972
2025-08-08,7.1839,67.17,64.94,69.22,72.53,69.62,69.08,70.87,72.73,71.65,69.26,66.7,65.63,4.2153019198680575,0.033508427932864876,67.7146071702218
2025-08-11,7.1884,67.36,65.03,69.03,72.53,69.62,69.08,70.87,72.73,71.65,69.26,66.7,65.63,4.213373093701153,0.03349585982245754,67.58412334479267
2025-08-12,7.1785,66.8,64.22,68.71,72.53,69.62,69.08,70.87,72.73,71.65,69.26,66.7,65.63,4.209074665625496,0.033434408622445,67.29424131639674
2025-08-13,7.1744,66.25,63.68,68.32,72.53,69.62,69.08,70.87,72.73,71.65,69.26,66.7,65.63,4.20356801583492,0.03338268997216364,66.92469391442755
2025-08-14,7.1795,68.12,64.99,69.08,72.53,69.62,69.08,70.87,72.73,71.65,69.26,66.7,65.63,4.211930499972662,0.0337144704671765,67.48669720237686
2025-08-15,7.1817,67.3,63.78,68.61,72.53,69.62,69.08,70.87,72.73,71.65,69.26,66.7,65.63,4.207735415272328,0.03353183650305643,67.20417780220559
2025-08-18,7.1847,68.18,64.51,68.94,72.53,69.62,69.08,70.87,72.73,71.65,69.26,66.7,65.63,4.21108625722025,0.033658703458717305,67.42974609104367
2025-08-19,7.1819,66.62,63.38,68.59,72.53,69.62,69.08,70.87,72.73,71.65,69.26,66.7,65.63,4.207042048569641,0.033498846799284464,67.15759681375545
2025-08-20,7.1757,67.61,64.19,69.07,72.53,69.62,69.08,70.87,72.73,71.65,69.26,66.7,65.63,4.212152975154917,0.033669599821707905,67.50171298789463
2025-08-21,7.1793,68.41,64.56,69.35,72.53,69.62,69.08,70.87,72.73,71.65,69.26,66.7,65.63,4.216582617916349,0.03372608821939917,67.80138469150565
2025-08-22,7.1651,68.29,64.08,69.46,72.53,69.62,69.08,70.87,72.73,71.65,69.26,66.7,65.63,4.218525347664021,0.033686122373236795,67.93323248933036
2025-08-25,7.151,68.29,65.18,69.64,72.53,69.62,69.08,70.87,72.73,71.65,69.26,66.7,65.63,4.221104408744014,0.033672367439104345,68.10866257048878
2025-08-26,7.152,66.89,63.6,69.37,72.53,69.62,69.08,70.87,72.73,71.65,69.26,66.7,65.63,4.217834701040631,0.03350987571397999,67.88633082979634
2025-08-27,7.1536,67.75,64.49,69.39,72.53,69.62,69.08,70.87,72.73,71.65,69.26,66.7,65.63,4.217910070510356,0.03355229532106132,67.89144757937348
2025-08-28,7.1306,68.61,64.96,69.38,72.53,69.62,69.08,70.87,72.73,71.65,69.26,66.7,65.63,4.21818956474318,0.033594603849208815,67.91042549941606
2025-08-29,7.1304,67.83,64.36,69.39,68.12,66.2,66.05,69.39,69.15,68.76,64.01,62.71,62.34,4.223746365155693,0.02248262018856232,68.28884059469833
2025-09-01,7.1304,67.09,64.36,69.39,68.12,66.2,66.05,69.39,69.15,68.76,64.01,62.71,62.34,4.226099377101996,0.018748035979258552,68.44971424700447
2025-09-02,7.139,68.09,65.95,71.68,68.12,66.2,66.05,69.39,69.15,68.76,64.01,62.71,62.34,4.2527377140089255,0.018046846974441557,70.29760387885503
2025-09-03,7.1415,67.76,64.36,70.03,68.12,66.2,66.05,69.39,69.15,68.76,64.01,62.71,62.34,4.23964019050288,0.016950633005251695,69.38288272682007
2025-09-04,7.1414,66.41,63.81,69.51,68.12,66.2,66.05,69.39,69.15,68.76,64.01,62.71,62.34,4.230934109483899,0.01666463473208489,68.78145158143656
2025-09-05,7.1323,64.92,62.22,68.45,68.12,66.2,66.05,69.39,69.15,68.76,64.01,62.71,62.34,4.216608538465135,0.016432542296153436,67.80314216338249
2025-09-08,7.1293,65.44,62.6,69.03,68.12,66.2,66.05,69.39,69.15,68.76,64.01,62.71,62.34,4.220628406672364,0.016776650042911376,68.0762504207451
2025-09-09,7.1209,67.97,62.97,69.5,68.12,66.2,66.05,69.39,69.15,68.76,64.01,62.71,62.34,4.227550132270081,0.017026028741790048,68.54909009128244
2025-09-10,7.1207,67.62,64.01,70.41,68.12,66.2,66.05,69.39,69.15,68.76,64.01,62.71,62.34,4.238958752503632,0.017167331257676808,69.33561869961369
2025-09-11,7.1184,67.25,62.71,69.85,68.12,66.2,66.05,69.39,69.15,68.76,64.01,62.71,62.34,4.234622158984212,0.016867267833071093,69.03558932780766
2025-09-12,7.1242,67.87,63.02,70.2,68.12,66.2,66.05,69.39,69.15,68.76,64.01,62.71,62.34,4.23795001689706,0.01695376019579555,69.26571265651283
2025-09-15,7.1186,67.88,63.66,70.74,68.12,66.2,66.05,69.39,69.15,68.76,64.01,62.71,62.34,4.244613670436335,0.017039918153970067,69.72881663639552
2025-09-16,7.1142,69.69,64.89,70.97,68.12,66.2,66.05,69.39,69.15,68.76,64.01,62.71,62.34,4.249239452123944,0.017062834785988763,70.05211409473283
2025-09-17,7.1033,69.19,64.41,70.5,68.12,66.2,66.05,69.39,69.15,68.76,64.01,62.71,62.34,4.244753474786453,0.016861211157022167,69.73856570975542
2025-09-18,7.1125,67.83,63.91,70.23,68.12,66.2,66.05,69.39,69.15,68.76,64.01,62.71,62.34,4.240396063000112,0.016764854483099268,69.43534716536715
2025-09-19,7.1142,67.05,63.02,69.88,68.12,66.2,66.05,69.39,69.15,68.76,64.01,62.71,62.34,4.235275928805591,0.01670704710290908,69.08073746934942
2025-09-22,7.114,66.87,62.99,69.74,68.12,66.2,66.05,69.39,69.15,68.76,64.01,62.71,62.34,4.232677019216839,0.016743259552519287,68.90143597345251
2025-09-23,7.1116,67.96,63.76,69.81,68.12,66.2,66.05,69.39,69.15,68.76,64.01,62.71,62.34,4.23346496977808,0.016859278813462622,68.95574829349958
2025-09-24,7.1315,69.64,65.4,70.24,68.12,66.2,66.05,69.39,69.15,68.76,64.01,62.71,62.34,4.239209309152199,0.017038994224842924,69.35299337644086
2025-09-25,7.1338,70.48,65.51,70.19,68.12,66.2,66.05,69.39,69.15,68.76,64.01,62.71,62.34,4.240049725407699,0.01701256409266735,69.4113032582963
2025-09-26,7.1328,71.15,66.5,70.17,68.12,66.2,66.05,69.39,69.15,68.76,64.01,62.71,62.34,4.240396271332527,0.017004479978857782,69.43536163100217
2025-09-29,7.1194,69.0,64.27,69.95,68.12,66.2,66.05,69.39,69.15,68.76,64.01,62.71,62.34,4.236919807107108,0.016872896650655122,69.19439118557283
2025-09-30,7.119,68.52,63.17,70.01,67.02,65.28,65.18,70.01,66.18,65.82,62.37,61.54,61.42,4.237751113512476,0.01460105228139565,69.2519368419033
2025-10-01,7.12,66.67,62.59,65.83,67.02,65.28,65.18,70.01,66.18,65.82,62.37,61.54,61.42,4.190015560652053,0.012789239005384295,66.02381832608081
2025-10-02,7.12,65.44,61.28,64.04,67.02,65.28,65.18,70.01,66.18,65.82,62.37,61.54,61.42,4.159075435884839,0.012596243970977975,64.01231174567042
2025-10-03,7.12,66.13,61.65,64.74,67.02,65.28,65.18,70.01,66.18,65.82,62.37,61.54,61.42,4.161804485526574,0.013305411342565559,64.18724311172762
2025-10-06,7.12,67.09,62.49,65.59,67.02,65.28,65.18,70.01,66.18,65.82,62.37,61.54,61.42,4.172789632963191,0.013729073234269541,64.89623650965409
2025-10-07,7.12,67.1,62.52,65.67,67.02,65.28,65.18,70.01,66.18,65.82,62.37,61.54,61.42,4.175808815229549,0.013683631087073241,65.09246615354758
2025-10-08,7.12,67.42,63.37,66.03,67.02,65.28,65.18,70.01,66.18,65.82,62.37,61.54,61.42,4.180886437127993,0.013708995951920428,65.42382162208048
2025-10-09,7.1275,67.23,62.36,65.47,67.02,65.28,65.18,70.01,66.18,65.82,62.37,61.54,61.42,4.175044186689291,0.013485253843235937,65.04271361969852
2025-10-10,7.134,64.41,59.75,63.8,67.02,65.28,65.18,70.01,66.18,65.82,62.37,61.54,61.42,4.152511777354366,0.013003242064344365,63.59353265457466
2025-10-13,7.134,64.15,59.75,64.18,67.02,65.28,65.18,70.01,66.18,65.82,62.37,61.54,61.42,4.152695039754988,0.013346503662242668,63.60518802599602
2025-10-14,7.1384,63.0,59.52,63.81,67.02,65.28,65.18,70.01,66.18,65.82,62.37,61.54,61.42,4.147756182425959,0.013312860009299493,63.291825540223655
2025-10-15,7.1262,62.33,59.08,63.45,67.02,65.28,65.18,70.01,66.18,65.82,62.37,61.54,61.42,4.1421034859484624,0.013275391525101777,62.935065339465226
2025-10-16,7.123,61.08,58.29,63.08,67.02,65.28,65.18,70.01,66.18,65.82,62.37,61.54,61.42,4.135870025145577,0.013222522761352079,62.54398224344682
2025-10-17,7.1264,61.23,58.3,63.26,67.02,65.28,65.18,70.01,66.18,65.82,62.37,61.54,61.42,4.136925580722121,0.013372780942366819,62.610035748122705
2025-10-20,7.1195,60.71,58.34,63.15,67.02,65.28,65.18,70.01,66.18,65.82,62.37,61.54,61.42,4.135575924140018,0.013350149969987478,62.52559069999565
2025-10-21,7.1218,61.0,58.66,63.34,67.02,65.28,65.18,70.01,66.18,65.82,62.37,61.54,61.42,4.137810072028794,0.01342704219205066,62.665438278368676
2025-10-22,7.1257,62.28,59.3,63.86,67.02,65.28,65.18,70.01,66.18,65.82,62.37,61.54,61.42,4.145151030026387,0.01359547237588369,63.12715527774123
2025-10-23,7.1221,66.32,62.44,65.24,67.02,65.28,65.18,70.01,66.18,65.82,62.37,61.54,61.42,4.165117587882109,0.014012557957150859,64.40025468780759
2025-10-24,7.1211,65.8,62.27,65.54,67.02,65.28,65.18,70.01,66.18,65.82,62.37,61.54,61.42,4.172249196538046,0.013832376446635127,64.86117369505395
2025-10-27,7.1102,65.52,62.13,65.36,67.02,65.28,65.18,70.01,66.18,65.82,62.37,61.54,61.42,4.171409234196818,0.013587375677205386,64.80671562630755
2025-10-28,7.0988,64.03,60.97,64.94,67.02,65.28,65.18,70.01,66.18,65.82,62.37,61.54,61.42,4.16554760466392,0.013363336210974115,64.4279538331981
2025-10-29,7.098,65.01,61.26,64.86,67.02,65.28,65.18,70.01,66.18,65.82,62.37,61.54,61.42,4.163904728721638,0.013419398244265105,64.32219359709649
2025-10-30,7.1097,65.11,61.36,64.92,67.02,65.28,65.18,70.01,66.18,65.82,62.37,61.54,61.42,4.164346825753892,0.013486340997624791,64.35063653479973
2025-10-31,7.1169,65.44,61.75,65.0,65.07,63.7,63.67,65.0,65.34,65.31,60.98,59.99,59.98,4.167104878906029,0.010575741113413153,64.52836398895687
2025-11-03,7.1222,65.79,61.79,66.3,65.07,63.7,63.67,65.0,65.34,65.31,60.98,59.99,59.98,4.18343974956765,0.009913748552606755,65.59108252347804
2025-11-04,7.1295,65.04,61.38,65.54,65.07,63.7,63.67,65.0,65.34,65.31,60.98,59.99,59.98,4.1774607712838305,0.00918373165754522,65.20008491335506
2025-11-05,7.126,63.54,60.4,65.1,65.07,63.7,63.67,65.0,65.34,65.31,60.98,59.99,59.98,4.17047203017865,0.008890633375941077,64.74600696466274
2025-11-06,7.1195,63.41,60.24,64.73,65.07,63.7,63.67,65.0,65.34,65.31,60.98,59.99,59.98,4.164684673372538,0.008828378240443562,64.37238091704839
2025-11-07,7.1219,63.72,60.54,64.93,65.07,63.7,63.67,65.0,65.34,65.31,60.98,59.99,59.98,4.166123275678212,0.00897604857403307,64.46505381639791
2025-11-10,7.1193,63.01,60.94,65.37,65.07,63.7,63.67,65.0,65.34,65.31,60.98,59.99,59.98,4.171403589471328,0.009072097485607137,64.80634981122041
2025-11-11,7.1193,63.86,60.94,65.96,65.07,63.7,63.67,65.0,65.34,65.31,60.98,59.99,59.98,4.1796543788476574,0.009187231314490176,65.34326529615419
2025-11-12,7.112,61.88,59.3,64.27,65.07,63.7,63.67,65.0,65.34,65.31,60.98,59.99,59.98,4.160166004727394,0.008578960711862002,64.0821596584561
2025-11-13,7.095,62.14,59.54,64.45,65.07,63.7,63.67,65.0,65.34,65.31,60.98,59.99,59.98,4.158775659592258,0.00879610833033636,63.99312524814797
2025-11-14,7.0992,63.45,60.87,65.18,65.07,63.7,63.67,65.0,65.34,65.31,60.98,59.99,59.98,4.167910128783652,0.009122321826251887,64.58034637275739
2025-11-17,7.1075,63.16,60.66,65.0,65.07,63.7,63.67,65.0,65.34,65.31,60.98,59.99,59.98,4.167354967489662,0.009003863344510296,64.54450381421992
2025-11-18,7.1074,64.86,61.51,65.2,65.07,63.7,63.67,65.0,65.34,65.31,60.98,59.99,59.98,4.170419838282179,0.009093445366408324,64.74262783595265
2025-11-19,7.1106,63.78,60.27,64.66,65.07,63.7,63.67,65.0,65.34,65.31,60.98,59.99,59.98,4.163954748601797,0.00889368785382863,64.3254110659798
2025-11-20,7.1098,63.64,60.07,64.67,65.07,63.7,63.67,65.0,65.34,65.31,60.98,59.99,59.98,4.162757748671424,0.008945793702284514,64.24845961803955
2025-11-21,7.1066,62.78,58.86,64.39,65.07,63.7,63.67,65.0,65.34,65.31,60.98,59.99,59.98,4.1586132134532265,0.008885124728100425,63.98273065633039
2025-11-24,7.102,64.83,59.11,64.5,65.07,63.7,63.67,65.0,65.34,65.31,60.98,59.99,59.98,4.159937838416116,0.009056887728344162,64.06753993639559
2025-11-25,7.0845,63.99,58.25,64.33,65.07,63.7,63.67,65.0,65.34,65.31,60.98,59.99,59.98,4.15765669470113,0.009015172118785593,63.921559235116945
2025-11-26,7.0758,64.81,58.81,64.4,65.07,63.7,63.67,65.0,65.34,65.31,60.98,59.99,59.98,4.158470804773273,0.00909287023066953,63.97361960887933
2025-11-27,7.0758,64.18,58.81,64.4,65.07,63.7,63.67,65.0,65.34,65.31,60.98,59.99,59.98,4.15838884711551,0.009075912344143055,63.96837669570891
2025-11-28,7.0751,64.07,58.58,64.47,63.2,61.54,61.61,64.47,62.75,62.66,58.55,57.98,58.0,4.159285726286655,0.008779439550874702,64.02577433590575
2025-12-01,7.0717,64.22,59.47,63.8,63.2,61.54,61.61,64.47,62.75,62.66,58.55,57.98,58.0,4.151680587405368,0.008499949921198999,63.54069631097169
2025-12-02,7.07,63.37,58.81,63.24,63.2,61.54,61.61,64.47,62.75,62.66,58.55,57.98,58.0,4.143004171950066,0.008375405734803434,62.9917756070648
2025-12-03,7.0636,63.75,59.09,63.41,63.2,61.54,61.61,64.47,62.75,62.66,58.55,57.98,58.0,4.143606062686808,0.008552875154377481,63.02970118567588
2025-12-04,7.0714,64.15,59.82,63.89,63.2,61.54,61.61,64.47,62.75,62.66,58.55,57.98,58.0,4.1498041430436325,0.008732965553161713,63.42157752447775
2025-12-05,7.0696,64.42,60.23,64.26,63.2,61.54,61.61,64.47,62.75,62.66,58.55,57.98,58.0,4.155611492315901,0.008778750799537074,63.7909603058456
2025-12-08,7.071,63.3,59.04,63.35,63.2,61.54,61.61,64.47,62.75,62.66,58.55,57.98,58.0,4.1450876018636515,0.008416612821994563,63.123151365245
2025-12-09,7.0633,62.62,58.4,62.78,63.2,61.54,61.61,64.47,62.75,62.66,58.55,57.98,58.0,4.135747955884504,0.008322442066085643,62.536348011711816
2025-12-10,7.064,63.12,58.67,62.74,63.2,61.54,61.61,64.47,62.75,62.66,58.55,57.98,58.0,4.133700893371556,0.008474228550685652,62.40846313682514
2025-12-11,7.0579,61.87,57.76,62.1,63.2,61.54,61.61,64.47,62.75,62.66,58.55,57.98,58.0,4.124724604761881,0.00834709561696459,61.850773496197945
2025-12-12,7.0548,62.11,57.61,62.06,63.2,61.54,61.61,64.47,62.75,62.66,58.55,57.98,58.0,4.1225658765100945,0.008472805450132175,61.71739849604246
2025-12-15,7.047,61.55,56.97,61.69,63.2,61.54,61.61,64.47,62.75,62.66,58.55,57.98,58.0,4.117175453512898,0.008436532273100011,61.38561065365696
2025-12-16,7.0417,59.93,55.44,60.99,63.2,61.54,61.61,64.47,62.75,62.66,58.55,57.98,58.0,4.106390080381614,0.008277401740840405,60.72710145494607
2025-12-17,7.0431,60.61,56.07,61.31,63.2,61.54,61.61,64.47,62.75,62.66,58.55,57.98,58.0,4.108754749752175,0.008535661377699323,60.87087088831484
2025-12-18,7.0404,60.69,56.22,61.41,63.2,61.54,61.61,64.47,62.75,62.66,58.55,57.98,58.0,4.110496336293553,0.008604557593995192,60.976975145870426
2025-12-19,7.0409,61.35,56.8,61.65,63.2,61.54,61.61,64.47,62.75,62.66,58.55,57.98,58.0,4.114206608642829,0.008683473754316053,61.20363655846185
2025-12-22,7.0367,62.22,58.18,62.12,63.2,61.54,61.61,64.47,62.75,62.66,58.55,57.98,58.0,4.121384471501374,0.008792424601860103,61.644528305413644
2025-12-23,7.028,63.7,58.55,62.11,63.2,61.54,61.61,64.47,62.75,62.66,58.55,57.98,58.0,4.12326258993806,0.008755679567324084,61.76041281890193
2025-12-24,7.0142,63.7,58.72,62.07,63.2,61.54,61.61,64.47,62.75,62.66,58.55,57.98,58.0,4.123169364295624,0.008697697991304317,61.75465543311194
2025-12-26,7.0063,63.7,56.6,61.86,63.2,61.54,61.61,64.47,62.75,62.66,58.55,57.98,58.0,4.120110465601116,0.008640297796279901,61.566042818736264
2025-12-29,7.0056,63.1,57.89,62.02,63.2,61.54,61.61,64.47,62.75,62.66,58.55,57.98,58.0,4.1215624671855915,0.008684642849092082,61.65550174199084
2025-12-30,6.9961,62.3,57.79,62.02,63.2,61.54,61.61,64.47,62.75,62.66,58.55,57.98,58.0,4.1215180961359295,0.008637465555319317,61.65276608335358
2025-12-31,6.9931,61.35,57.26,62.04,60.85,60.27,60.19,62.04,60.25,60.12,57.42,57.0,57.06,4.122409044889948,0.006449014399135278,61.70772001541083
2026-01-02,6.9877,61.98,57.21,60.2,60.85,60.27,60.19,62.04,60.25,60.12,57.42,57.0,57.06,4.099903061529456,0.005268969451274549,60.334438585671776
2026-01-05,6.988,63.0,58.1,60.31,60.85,60.27,60.19,62.04,60.25,60.12,57.42,57.0,57.06,4.097677723421244,0.005370188118195358,60.20032334147775
2026-01-06,6.9834,62.1,56.97,59.16,60.85,60.27,60.19,62.04,60.25,60.12,57.42,57.0,57.06,4.081820433744959,0.005102704699773172,59.25323832197817
2026-01-07,6.9965,61.08,56.01,58.35,60.85,60.27,60.19,62.04,60.25,60.12,57.42,57.0,57.06,4.067566615987676,0.005047709974583472,58.41464424313476
2026-01-08,6.9835,63.34,57.74,60.08,60.85,60.27,60.19,62.04,60.25,60.12,57.42,57.0,57.06,4.088548812237548,0.005850725549520815,59.65326077844687
2026-01-09,6.9772,65.11,58.96,61.02,60.85,60.27,60.19,62.04,60.25,60.12,57.42,57.0,57.06,4.105366303812986,0.006041749063866078,60.66496228513631
2026-01-12,6.9731,65.4,59.39,61.17,60.85,60.27,60.19,62.04,60.25,60.12,57.42,57.0,57.06,4.110682032804651,0.005842535094392685,60.988299408817824
2026-01-13,6.9775,67.58,60.85,61.78,60.85,60.27,60.19,62.04,60.25,60.12,57.42,57.0,57.06,4.1204460135135825,0.005920938463960186,61.5867046422049
2026-01-14,6.973,68.87,61.84,62.58,60.85,60.27,60.19,62.04,60.25,60.12,57.42,57.0,57.06,4.1328805888121165,0.006019080731510962,62.35729018154016
2026-01-15,6.966,66.16,59.13,61.29,60.85,60.27,60.19,62.04,60.25,60.12,57.42,57.0,57.06,4.117746660153656,0.005393078601433954,61.420684538373585
2026-01-16,6.9681,66.97,59.4,61.66,60.85,60.27,60.19,62.04,60.25,60.12,57.42,57.0,57.06,4.119879530087039,0.0055978346203649516,61.55182667455769
2026-01-19,6.9681,66.91,59.4,61.66,60.85,60.27,60.19,62.04,60.25,60.12,57.42,57.0,57.06,4.120243580340157,0.005622385005301924,61.57423871194482
2026-01-20,6.9599,67.68,60.3,61.79,60.85,60.27,60.19,62.04,60.25,60.12,57.42,57.0,57.06,4.122380998321979,0.005683455139754926,61.70598934991691
2026-01-21,6.9637,66.72,60.38,61.85,60.85,60.27,60.19,62.04,60.25,60.12,57.42,57.0,57.06,4.123215805478503,0.005639224666243062,61.757523458955276
2026-01-22,6.97,65.46,59.24,61.41,60.85,60.27,60.19,62.04,60.25,60.12,57.42,57.0,57.06,4.117206772748856,0.005449286507148091,61.3875332341882
2026-01-23,6.9631,68.16,60.7,61.67,60.85,60.27,60.19,62.04,60.25,60.12,57.42,57.0,57.06,4.1205618957487,0.005669260750158169,61.59384186072276
2026-01-26,6.9542,67.7,60.46,61.58,60.85,60.27,60.19,62.04,60.25,60.12,57.42,57.0,57.06,4.119850093979937,0.005637972372552633,61.55001485506196
2026-01-27,6.9545,70.28,62.04,61.86,60.85,60.27,60.19,62.04,60.25,60.12,57.42,57.0,57.06,4.124396626018297,0.005807762889866199,61.83049108349887
2026-01-28,6.9462,70.9,62.75,61.88,60.85,60.27,60.19,62.04,60.25,60.12,57.42,57.0,57.06,4.125844340778201,0.00580420089591336,61.920068823915734
2026-01-29,6.948,71.0,64.77,62.01,60.85,60.27,60.19,62.04,60.25,60.12,57.42,57.0,57.06,4.128152137688482,0.005801835341913322,62.06313278522021
2026-01-30,6.951,72.25,64.5,61.97,70.69,67.68,66.81,61.97,65.65,64.33,65.21,64.21,62.99,4.117498051633822,0.02685949313208011,61.40541673083548
2026-02-02,6.9463,67.72,61.6,65.02,70.69,67.68,66.81,61.97,65.65,64.33,65.21,64.21,62.99,4.147501994392425,0.03448971647194194,63.275739560069276
2026-02-03,6.9377,70.01,62.62,66.11,70.69,67.68,66.81,61.97,65.65,64.33,65.21,64.21,62.99,4.1660543047758525,0.03676244154591917,64.4606077567917
2026-02-04,6.9415,71.15,64.56,68.1,70.69,67.68,66.81,61.97,65.65,64.33,65.21,64.21,62.99,4.192939450523965,0.03766600555188891,66.2171471982222
2026-02-05,6.9378,69.87,62.9,66.52,70.69,67.68,66.81,61.97,65.65,64.33,65.21,64.21,62.99,4.179193333917947,0.03704608738453716,65.31314605869306
2026-02-06,6.9388,70.45,63.77,67.18,70.69,67.68,66.81,61.97,65.65,64.33,65.21,64.21,62.99,4.184582984336026,0.03727471505589582,65.66611140915788
2026-02-09,6.92,71.19,64.53,67.79,70.69,67.68,66.81,61.97,65.65,64.33,65.21,64.21,62.99,4.192949703560234,0.03741895215998564,66.21782612851459
2026-02-10,6.9106,71.01,64.2,67.38,70.69,67.68,66.81,61.97,65.65,64.33,65.21,64.21,62.99,4.189754283492578,0.03720903913910424,66.00657006375751
2026-02-11,6.9125,71.52,64.8,67.68,70.69,67.68,66.81,61.97,65.65,64.33,65.21,64.21,62.99,4.192866895428762,0.037287512742073176,66.21234298109049
2026-02-12,6.901,69.8,63.08,66.82,70.69,67.68,66.81,61.97,65.65,64.33,65.21,64.21,62.99,4.182710828748355,0.03699306002851712,65.54328923874291
2026-02-13,6.908,69.96,63.05,67.05,70.69,67.68,66.81,61.97,65.65,64.33,65.21,64.21,62.99,4.183480383343751,0.03714654773403747,65.59374779098911
2026-02-16,6.908,70.81,63.05,67.05,70.69,67.68,66.81,61.97,65.65,64.33,65.21,64.21,62.99,4.183891442972496,0.03721564963799808,65.62071627505186
2026-02-17,6.9031,69.77,62.53,66.91,70.69,67.68,66.81,61.97,65.65,64.33,65.21,64.21,62.99,4.181905118198134,0.03715900313766245,65.49050158774641
2026-02-18,6.9031,71.78,65.33,68.06,70.69,67.68,66.81,61.97,65.65,64.33,65.21,64.21,62.99,4.195850740559471,0.037512810131804734,66.41020540690246
2026-02-19,6.9031,73.17,66.66,68.5,70.69,67.68,66.81,61.97,65.65,64.33,65.21,64.21,62.99,4.204160872615468,0.037519308510754794,66.9643824366431
2026-02-20,6.9031,72.75,66.69,68.5,70.69,67.68,66.81,61.97,65.65,64.33,65.21,64.21,62.99,4.205640736686148,0.03735202985706048,67.06355398233126
2026-02-23,6.9031,71.9,66.36,68.38,70.69,67.68,66.81,61.97,65.65,64.33,65.21,64.21,62.99,4.204264547991511,0.03721164809957911,66.97132535407229
2026-02-24,6.883,71.21,65.62,68.23,70.69,67.68,66.81,61.97,65.65,64.33,65.21,64.21,62.99,4.201965202185183,0.03713379085477018,66.81751202076408
2026-02-25,6.8692,70.69,65.3,68.32,70.69,67.68,66.81,61.97,65.65,64.33,65.21,64.21,62.99,4.202316771815032,0.03715360950193936,66.84100715857912
2026-02-26,6.8409,71.66,65.1,68.34,70.69,67.68,66.81,61.97,65.65,64.33,65.21,64.21,62.99,4.202890915442964,0.037197270760479594,66.87939451579754
2026-02-27,6.8579,71.32,66.96,68.4,72.48,71.1,69.78,68.4,69.73,68.06,67.02,66.37,64.68,4.203388540433813,0.03816457122192643,66.91268365594851
2026-03-02,6.8821,77.24,71.13,76.53,72.48,71.1,69.78,68.4,69.73,68.06,67.02,66.37,64.68,4.292518390442133,0.040469082257294856,73.15045813812904
2026-03-03,6.8996,83.28,74.48,80.39,72.48,71.1,69.78,68.4,69.73,68.06,67.02,66.37,64.68,4.3497174952574795,0.040553584136580036,77.45657798348675
2026-03-04,6.8969,81.56,74.58,81.11,72.48,71.1,69.78,68.4,69.73,68.06,67.02,66.37,64.68,4.367190601645787,0.039610888829517084,78.8218782934369
2026-03-05,6.8912,88.59,80.88,89.31,72.48,71.1,69.78,68.4,69.73,68.06,67.02,66.37,64.68,4.447851129112912,0.040726864038816674,85.44314031101278
2026-03-06,6.8965,95.74,90.77,99.14,72.48,71.1,69.78,68.4,69.73,68.06,67.02,66.37,64.68,4.5470140197957285,0.04144803180203147,94.35025927237956
2026-03-09,6.9066,94.35,94.65,107.55,72.48,71.1,69.78,68.4,69.73,68.06,67.02,66.37,64.68,4.629054100374575,0.04110302630665433,102.4171419421985
2026-03-10,6.8766,89.84,83.71,105.13,72.48,71.1,69.78,68.4,69.73,68.06,67.02,66.37,64.68,4.624849974032563,0.03902428770315894,101.98747116585787
2026-03-11,6.8655,90.98,86.8,113.55,72.48,71.1,69.78,68.4,69.73,68.06,67.02,66.37,64.68,4.6844429193486725,0.03968523505507425,108.24995155446328
2026-03-12,6.8689,102.38,95.61,123.06,72.48,71.1,69.78,68.4,69.73,68.06,67.02,66.37,64.68,4.761817496482165,0.040381933356906985,116.95830414851686
2026-03-13,6.8961,103.23,98.48,127.86,72.48,71.1,69.78,68.4,69.73,68.06,67.02,66.37,64.68,4.806758030031035,0.03980662245999239,122.33436957990841
2026-03-16,6.8955,101.04,93.39,129.9,72.48,71.1,69.78,68.4,69.73,68.06,67.02,66.37,64.68,4.826616695917911,0.03900617548400405,124.78804972201503
2026-03-17,6.8863,108.39,96.01,122.84,72.48,71.1,69.78,68.4,69.73,68.06,67.02,66.37,64.68,4.789469679353093,0.037668533745332224,120.23758727734996
2026-03-18,6.8726,118.09,96.12,136.42,72.48,71.1,69.78,68.4,69.73,68.06,67.02,66.37,64.68,4.865312901454909,0.03983969003526566,129.71151918568933
2026-03-19,6.8998,111.05,96.11,137.82,72.48,71.1,69.78,68.4,69.73,68.06,67.02,66.37,64.68,4.886139434740302,0.03913811362947561,132.4412875960519
2026-03-20,6.8857,118.42,98.71,134.07,72.48,71.1,69.78,68.4,69.73,68.06,67.02,66.37,64.68,4.870828490504091,0.03825242630518668,130.42893127685784
2026-03-23,6.8807,103.79,89.33,131.97,72.48,71.1,69.78,68.4,69.73,68.06,67.02,66.37,64.68,4.851537131811828,0.03766626342954035,127.93689465111862
2026-03-24,6.8918,108.42,93.18,133.6,72.48,71.1,69.78,68.4,69.73,68.06,67.02,66.37,64.68,4.858866737946766,0.03813400940100269,128.8780666956794
2026-03-25,6.9011,109.14,91.51,130.93,72.48,71.1,69.78,68.4,69.73,68.06,67.02,66.37,64.68,4.844600502226273,0.03785190082012961,127.05251465694121
2026-03-26,6.9107,113.39,96.18,129.99,72.48,71.1,69.78,68.4,69.73,68.06,67.02,66.37,64.68,4.837806228374207,0.0379950097116524,126.19221095768637
2026-03-27,6.9116,121.47,101.26,128.49,72.48,71.1,69.78,68.4,69.73,68.06,67.02,66.37,64.68,4.82974659354944,0.038151997379858575,125.17923540951513
2026-03-30,6.9119,121.88,104.69,128.51,72.48,71.1,69.78,68.4,69.73,68.06,67.02,66.37,64.68,4.8287572529131975,0.03835062047059185,125.05545174731085
2026-03-31,6.898,126.69,102.86,128.52,118.35,85.82,81.16,128.52,99.25,90.16,101.38,81.61,73.75,4.760590094360598,0.17053246057158458,116.8148373416129
2026-04-01,6.872,119.56,101.9,105.13,118.35,85.82,81.16,128.52,99.25,90.16,101.38,81.61,73.75,4.572805711684542,0.21125255902398304,96.81536506383391
2026-04-02,6.8856,127.61,113.23,117.25,118.35,85.82,81.16,128.52,99.25,90.16,101.38,81.61,73.75,4.617689758261896,0.22980448165984396,101.25982701972843
2026-04-03,6.8824,127.61,113.23,117.25,118.35,85.82,81.16,128.52,99.25,90.16,101.38,81.61,73.75,4.623827601221157,0.23499001830289745,101.88325523108051
2026-04-06,6.8778,127.61,114.01,120.43,118.35,85.82,81.16,128.52,99.25,90.16,101.38,81.61,73.75,4.64501264833288,0.23698428882344563,104.06468202183048
2026-04-07,6.8567,138.21,114.58,119.05,118.35,85.82,81.16,128.52,99.25,90.16,101.38,81.61,73.75,4.641887793032911,0.23727489368690205,103.74000250113583
2026-04-08,6.8287,122.11,96.17,104.15,118.35,85.82,81.16,128.52,99.25,90.16,101.38,81.61,73.75,4.533181431975542,0.23500450774768478,93.05413606088261
2026-04-09,6.8314,119.03,99.62,102.7,118.35,85.82,81.16,128.52,99.25,90.16,101.38,81.61,73.75,4.501440135230657,0.23596364359725502,90.14686153478917
2026-04-10,6.8278,119.07,98.34,100.75,118.35,85.82,81.16,128.52,99.25,90.16,101.38,81.61,73.75,4.4802330035814215,0.23655811136298602,88.2552340657362
2026-04-13,6.8303,123.28,100.72,105.53,118.35,85.82,81.16,128.52,99.25,90.16,101.38,81.61,73.75,4.512873635208778,0.2379728190065951,91.18347041545546
2026-04-14,6.8157,118.69,93.07,103.01,118.35,85.82,81.16,128.52,99.25,90.16,101.38,81.61,73.75,4.498544825736606,0.2373665653122283,89.88623594866029
2026-04-15,6.818,114.93,93.04,105.51,118.35,85.82,81.16,128.52,99.25,90.16,101.38,81.61,73.75,4.513579437558852,0.23772967334563144,91.24785064034702
2026-04-16,6.8208,116.63,96.46,104.93,118.35,85.82,81.16,128.52,99.25,90.16,101.38,81.61,73.75,4.512965796453709,0.23750871714463787,91.19187438486026
2026-04-17,6.817,98.63,85.91,100.45,118.35,85.82,81.16,128.52,99.25,90.16,101.38,81.61,73.75,4.473936162832402,0.23632706446669002,87.70125091386016
2026-04-20,6.8172,103.4,91.06,101.65,118.35,85.82,81.16,128.52,99.25,90.16,101.38,81.61,73.75,4.477488611933498,0.23696315981604632,88.01335918998551
2026-04-21,6.8208,106.14,93.64,102.88,118.35,85.82,81.16,128.52,99.25,90.16,101.38,81.61,73.75,4.488306095776582,0.237358761355606,88.9706104715204
2026-04-22,6.8275,113.44,94.76,105.1,118.35,85.82,81.16,128.52,99.25,90.16,101.38,81.61,73.75,4.508506291437784,0.23781022758158885,90.7861091920461
2026-04-23,6.826,113.25,99.27,106.05,118.35,85.82,81.16,128.52,99.25,90.16,101.38,81.61,73.75,4.519807709562364,0.23770604801740258,91.81794056856089
2026-04-24,6.8359,111.86,98.42,105.99,118.35,85.82,81.16,128.52,99.25,90.16,101.38,81.61,73.75,4.521184317699054,0.23742380679199257,91.94442493236934
2026-04-27,6.8228,113.89,99.89,105.97,118.35,85.82,81.16,128.52,99.25,90.16,101.38,81.61,73.75,4.521942042258563,0.23734820642276452,92.01411988270375
2026-04-28,6.8374,117.62,103.45,105.55,118.35,85.82,81.16,128.52,99.25,90.16,101.38,81.61,73.75,4.520208722522339,0.23732215404963936,91.85476813635958
2026-04-29,6.8375,124.16,110.47,105.69,118.35,85.82,81.16,128.52,99.25,90.16,101.38,81.61,73.75,4.522945679039175,0.23749215337264779,92.1065149955648
2026-04-30,6.8273,124.24,108.64,105.7,114.01,93.85,88.37,105.7,94.71,84.03,105.07,89.32,80.61,4.536098029617215,0.2130032284055111,93.32593370417695
